sequence,intended_deadline_ns,packet_stamp_ns,host_wall_ns,send_call_start_ns,send_call_end_ns,send_call_duration_us,pacing_lateness_us,status,bytes_sent,error
0,152671725755962,152671725758509,1790295773419862798,152671725790359,152671725925275,134.916,34.397,sent,1000,
1,152671730755962,152671730759807,1790295773424864196,152671730778482,152671730884423,105.941,22.52,sent,1000,
2,152671735755962,152671735758008,1790295773429861645,152671735766814,152671735825235,58.421,10.852,sent,1000,
3,152671740755962,152671740759143,1790295773434863402,152671740775083,152671740874943,99.86,19.121,sent,1000,
4,152671745755962,152671745756764,1790295773439859790,152671745760712,152671745785709,24.997,4.75,sent,1000,
5,152671750755962,152671750757841,1790295773444861409,152671750767059,152671750824919,57.86,11.097,sent,1000,
6,152671755755962,152671755758378,1790295773449862597,152671755773987,152671755877904,103.917,18.025,sent,1000,
7,152671760755962,152671760758421,1790295773454863201,152671760774742,152671760877808,103.066,18.78,sent,1000,
8,152671765755962,152671765758096,1790295773459862265,152671765775189,152671765882181,106.992,19.227,sent,1000,
9,152671770755962,152671770757811,1790295773464861649,152671770767149,152671770825760,58.611,11.187,sent,1000,
10,152671775755962,152671775757626,1790295773469861765,152671775767224,152671775827328,60.104,11.262,sent,1000,
11,152671780755962,152671780757950,1790295773474861608,152671780767658,152671780825358,57.7,11.696,sent,1000,
12,152671785755962,152671785758757,1790295773479862936,152671785774216,152671785878323,104.107,18.254,sent,1000,
13,152671790755962,152671790758822,1790295773484863071,152671790774843,152671790879561,104.718,18.881,sent,1000,
14,152671795755962,152671795757916,1790295773489861734,152671795767214,152671795825274,58.06,11.252,sent,1000,
15,152671800755962,152671800757961,1790295773494862421,152671800774974,152671800876767,101.793,19.012,sent,1000,
16,152671805755962,152671805756624,1790295773499859651,152671805760161,152671805785359,25.198,4.199,sent,1000,
17,152671810755962,152671810757451,1790295773504861770,152671810767330,152671810825671,58.341,11.368,sent,1000,
18,152671815755962,152671815758577,1790295773509862796,152671815774788,152671815878364,103.576,18.826,sent,1000,
19,152671820755962,152671820758943,1790295773514863112,152671820775695,152671820878820,103.125,19.733,sent,1000,
20,152671825755962,152671825758197,1790295773519862716,152671825774728,152671825876411,101.683,18.766,sent,1000,
21,152671830755962,152671830758651,1790295773524862890,152671830775152,152671830877827,102.675,19.19,sent,1000,
22,152671835755962,152671835758947,1790295773529863206,152671835776059,152671835879776,103.717,20.097,sent,1000,
23,152671840755962,152671840757359,1790295773534861408,152671840772768,152671840870934,98.166,16.806,sent,1000,
24,152671845755962,152671845758807,1790295773539862986,152671845774998,152671845879265,104.267,19.036,sent,1000,
25,152671850755962,152671850757890,1790295773544861768,152671850767317,152671850826269,58.952,11.355,sent,1000,
26,152671855755962,152671855811306,1790295773549915455,152671855829200,152671855934189,104.989,73.238,sent,1000,
27,152671860755962,152671860758291,1790295773554862430,152671860774672,152671860877066,102.394,18.71,sent,1000,
28,152671865755962,152671865758697,1790295773559862906,152671865774768,152671865880438,105.67,18.806,sent,1000,
29,152671870755962,152671870794460,1790295773564898017,152671870804048,152671870863771,59.723,48.086,sent,1000,
30,152671875755962,152671875757885,1790295773569861503,152671875766722,152671875825884,59.162,10.76,sent,1000,
31,152671880755962,152671880758802,1790295773574862991,152671880775343,152671880878950,103.607,19.381,sent,1000,
32,152671885755962,152671885758825,1790295773579863134,152671885776078,152671885879975,103.897,20.116,sent,1000,
33,152671890755962,152671890758230,1790295773584862408,152671890774811,152671890878357,103.546,18.849,sent,1000,
34,152671895755962,152671895758405,1790295773589862875,152671895774426,152671895878874,104.448,18.464,sent,1000,
35,152671900755962,152671900758681,1790295773594862960,152671900774401,152671900878679,104.278,18.439,sent,1000,
36,152671905755962,152671905758604,1790295773599862873,152671905775096,152671905878562,103.466,19.134,sent,1000,
37,152671910755962,152671910758870,1790295773604862989,152671910774590,152671910879288,104.698,18.628,sent,1000,
38,152671915755962,152671915758805,1790295773609863024,152671915775156,152671915879173,104.017,19.194,sent,1000,
39,152671920755962,152671920758871,1790295773614863089,152671920775212,152671920879209,103.997,19.25,sent,1000,
40,152671925755962,152671925758474,1790295773619862622,152671925773713,152671925877048,103.335,17.751,sent,1000,
41,152671930755962,152671930758209,1790295773624861696,152671930766935,152671930821859,54.924,10.973,sent,1000,
42,152671935755962,152671935756691,1790295773629859698,152671935760839,152671935785696,24.857,4.877,sent,1000,
43,152671940755962,152671940756626,1790295773634859632,152671940760002,152671940784268,24.266,4.04,sent,1000,
44,152671945755962,152671945756530,1790295773639859536,152671945759666,152671945782759,23.093,3.704,sent,1000,
45,152671950755962,152671950756735,1790295773644859742,152671950760022,152671950784268,24.246,4.06,sent,1000,
46,152671955755962,152671955756641,1790295773649859647,152671955760087,152671955783572,23.485,4.125,sent,1000,
47,152671960755962,152671960756664,1790295773654859671,152671960759850,152671960784217,24.367,3.888,sent,1000,
48,152671965755962,152671965758413,1790295773659862612,152671965774814,152671965879362,104.548,18.852,sent,1000,
49,152671970755962,152671970757947,1790295773664861966,152671970767355,152671970825646,58.291,11.393,sent,1000,
50,152671975755962,152671975757482,1790295773669862001,152671975767481,152671975827204,59.723,11.519,sent,1000,
51,152671980755962,152671980757916,1790295773674861524,152671980766853,152671980824633,57.78,10.891,sent,1000,
52,152671985755962,152671985758733,1790295773679862952,152671985775134,152671985879161,104.027,19.172,sent,1000,
53,152671990755962,152671990758688,1790295773684862937,152671990774759,152671990876642,101.883,18.797,sent,1000,
54,152671995755962,152671995756819,1790295773689860347,152671995765456,152671995821642,56.186,9.494,sent,1000,
55,152672000755962,152672000758726,1790295773694862965,152672000775137,152672000878203,103.066,19.175,sent,1000,
56,152672005755962,152672005757950,1790295773699862930,152672005775032,152672005879340,104.308,19.07,sent,1000,
57,152672010755962,152672010757885,1790295773704861493,152672010767574,152672010826556,58.982,11.612,sent,1000,
58,152672015755962,152672015758762,1790295773709862921,152672015774673,152672015883509,108.836,18.711,sent,1000,
59,152672020755962,152672020756894,1790295773714860482,152672020766402,152672020814884,48.482,10.44,sent,1000,
60,152672025755962,152672025772469,1790295773719875465,152672025775825,152672025795272,19.447,19.863,sent,1000,
61,152672030755962,152672030756374,1790295773724859300,152672030758869,152672030776502,17.633,2.907,sent,1000,
62,152672035755962,152672035758241,1790295773729862720,152672035774813,152672035876345,101.532,18.851,sent,1000,
63,152672040755962,152672040758367,1790295773734862525,152672040774577,152672040879336,104.759,18.615,sent,1000,
64,152672045755962,152672045757951,1790295773739861539,152672045766908,152672045827583,60.675,10.946,sent,1000,
65,152672050755962,152672050758507,1790295773744862705,152672050774687,152672050879897,105.21,18.725,sent,1000,
66,152672055755962,152672055758371,1790295773749862650,152672055774993,152672055880102,105.109,19.031,sent,1000,
67,152672060755962,152672060758767,1790295773754863066,152672060775028,152672060878825,103.797,19.066,sent,1000,
68,152672065755962,152672065756899,1790295773759859945,152672065761297,152672065788098,26.801,5.335,sent,1000,
69,152672070755962,152672070757875,1790295773764862484,152672070775007,152672070879746,104.739,19.045,sent,1000,
70,152672075755962,152672075758891,1790295773769863079,152672075775212,152672075880702,105.49,19.25,sent,1000,
71,152672080755962,152672080803441,1790295773774907609,152672080819441,152672080926824,107.383,63.479,sent,1000,
72,152672085755962,152672085758851,1790295773779863020,152672085775072,152672085878709,103.637,19.11,sent,1000,
73,152672090755962,152672090758025,1790295773784861553,152672090766832,152672090847635,80.803,10.87,sent,1000,
74,152672095755962,152672095759063,1790295773789863562,152672095776766,152672095881505,104.739,20.804,sent,1000,
75,152672100755962,152672100758717,1790295773794862946,152672100775409,152672100878464,103.055,19.447,sent,1000,
76,152672105755962,152672105758751,1790295773799862959,152672105775372,152672105880421,105.049,19.41,sent,1000,
77,152672110755962,152672110758996,1790295773804863175,152672110775938,152672110879004,103.066,19.976,sent,1000,
78,152672115755962,152672115758841,1790295773809863000,152672115774631,152672115879530,104.899,18.669,sent,1000,
79,152672120755962,152672120757444,1790295773814861683,152672120772933,152672120875888,102.955,16.971,sent,1000,
80,152672125755962,152672125758168,1790295773819862337,152672125774640,152672125877865,103.225,18.678,sent,1000,
81,152672130755962,152672130758323,1790295773824861861,152672130767190,152672130830871,63.681,11.228,sent,1000,
82,152672135755962,152672135758479,1790295773829862708,152672135774980,152672135879508,104.528,19.018,sent,1000,
83,152672140755962,152672140758444,1790295773834862753,152672140774174,152672140879073,104.899,18.212,sent,1000,
84,152672145755962,152672145758588,1790295773839863047,152672145774367,152672145879837,105.47,18.405,sent,1000,
85,152672150755962,152672150758863,1790295773844863092,152672150774984,152672150885884,110.9,19.022,sent,1000,
86,152672155755962,152672155758759,1790295773849863458,152672155774969,152672155885579,110.61,19.007,sent,1000,
87,152672160755962,152672160757792,1790295773854861450,152672160766789,152672160824709,57.92,10.827,sent,1000,
88,152672165755962,152672165758286,1790295773859862745,152672165774808,152672165875027,100.219,18.846,sent,1000,
89,152672170755962,152672170758051,1790295773864862580,152672170773921,152672170877367,103.446,17.959,sent,1000,
90,152672175755962,152672175758698,1790295773869862876,152672175773977,152672175870299,96.322,18.015,sent,1000,
91,152672180755962,152672180757982,1790295773874861559,152672180766558,152672180825339,58.781,10.596,sent,1000,
92,152672185755962,152672185758616,1790295773879862805,152672185774316,152672185878924,104.608,18.354,sent,1000,
93,152672190755962,152672190757828,1790295773884862087,152672190774780,152672190882825,108.045,18.818,sent,1000,
94,152672195755962,152672195757933,1790295773889862693,152672195774304,152672195874644,100.34,18.342,sent,1000,
95,152672200755962,152672200757788,1790295773894862207,152672200773869,152672200875942,102.073,17.907,sent,1000,
96,152672205755962,152672205758194,1790295773899862664,152672205775898,152672205878362,102.464,19.936,sent,1000,
97,152672210755962,152672210757819,1790295773904861988,152672210767417,152672210826219,58.802,11.455,sent,1000,
98,152672215755962,152672215758486,1790295773909862724,152672215775247,152672215879585,104.338,19.285,sent,1000,
99,152672220755962,152672220758379,1790295773914862597,152672220774379,152672220876513,102.134,18.417,sent,1000,
100,152672225755962,152672225758775,1790295773919862964,152672225775096,152672225879654,104.558,19.134,sent,1000,
101,152672230755962,152672230757618,1790295773924861496,152672230766795,152672230825767,58.972,10.833,sent,1000,
102,152672235755962,152672235758174,1790295773929862734,152672235775427,152672235881097,105.67,19.465,sent,1000,
103,152672240755962,152672240758741,1790295773934863000,152672240774711,152672240878969,104.258,18.749,sent,1000,
104,152672245755962,152672245758285,1790295773939861833,152672245767493,152672245826615,59.122,11.531,sent,1000,
105,152672250755962,152672250757910,1790295773944861498,152672250766897,152672250826239,59.342,10.935,sent,1000,
106,152672255755962,152672255758425,1790295773949861952,152672255767572,152672255826935,59.363,11.61,sent,1000,
107,152672260755962,152672260758761,1790295773954862939,152672260774651,152672260878648,103.997,18.689,sent,1000,
108,152672265755962,152672265759177,1790295773959863355,152672265775217,152672265879645,104.428,19.255,sent,1000,
109,152672270755962,152672270758912,1790295773964863140,152672270775874,152672270881083,105.209,19.912,sent,1000,
110,152672275755962,152672275758384,1790295773969862633,152672275775166,152672275879694,104.528,19.204,sent,1000,
111,152672280755962,152672280756596,1790295773974859602,152672280760093,152672280783417,23.324,4.131,sent,1000,
112,152672285755962,152672285758224,1790295773979862724,152672285775187,152672285879043,103.856,19.225,sent,1000,
113,152672290755962,152672290757879,1790295773984862058,152672290774190,152672290879459,105.269,18.228,sent,1000,
114,152672295755962,152672295758824,1790295773989863404,152672295775826,152672295879222,103.396,19.864,sent,1000,
115,152672300755962,152672300758579,1790295773994862798,152672300775882,152672300881352,105.47,19.92,sent,1000,
116,152672305755962,152672305758354,1790295773999863063,152672305774855,152672305879704,104.849,18.893,sent,1000,
117,152672310755962,152672310757897,1790295774004862186,152672310777364,152672310880189,102.825,21.402,sent,1000,
118,152672315755962,152672315758624,1790295774009863053,152672315775656,152672315880204,104.548,19.694,sent,1000,
119,152672320755962,152672320758268,1790295774014861786,152672320767155,152672320825115,57.96,11.193,sent,1000,
120,152672325755962,152672325756919,1790295774019860446,152672325765956,152672325823335,57.379,9.994,sent,1000,
121,152672330755962,152672330756973,1790295774024860501,152672330765119,152672330815094,49.975,9.157,sent,1000,
122,152672335755962,152672335758372,1790295774029861869,152672335767669,152672335826461,58.792,11.707,sent,1000,
123,152672340755962,152672340758257,1790295774034862646,152672340774648,152672340877683,103.035,18.686,sent,1000,
124,152672345755962,152672345758652,1790295774039862891,152672345774793,152672345879872,105.079,18.831,sent,1000,
125,152672350755962,152672350758195,1790295774044861733,152672350767072,152672350825202,58.13,11.11,sent,1000,
126,152672355755962,152672355758682,1790295774049862951,152672355774542,152672355874231,99.689,18.58,sent,1000,
127,152672360755962,152672360758787,1790295774054863026,152672360774507,152672360879556,105.049,18.545,sent,1000,
128,152672365755962,152672365758750,1790295774059862879,152672365774951,152672365879038,104.087,18.989,sent,1000,
129,152672370755962,152672370758776,1790295774064862944,152672370774676,152672370879334,104.658,18.714,sent,1000,
130,152672375755962,152672375758290,1790295774069862699,152672375774631,152672375875162,100.531,18.669,sent,1000,
131,152672380755962,152672380757915,1790295774074861562,152672380767232,152672380825553,58.321,11.27,sent,1000,
132,152672385755962,152672385758639,1790295774079863169,152672385774920,152672385877915,102.995,18.958,sent,1000,
133,152672390755962,152672390757762,1790295774084861360,152672390766809,152672390826512,59.703,10.847,sent,1000,
134,152672395755962,152672395757527,1790295774089862046,152672395774068,152672395872595,98.527,18.106,sent,1000,
135,152672400755962,152672400758093,1790295774094862282,152672400775526,152672400879343,103.817,19.564,sent,1000,
136,152672405755962,152672405757847,1790295774099861755,152672405767224,152672405825314,58.09,11.262,sent,1000,
137,152672410755962,152672410757972,1790295774104861520,152672410767029,152672410826442,59.413,11.067,sent,1000,
138,152672415755962,152672415758789,1790295774109863058,152672415775811,152672415878786,102.975,19.849,sent,1000,
139,152672420755962,152672420758852,1790295774114862991,152672420774753,152672420878459,103.706,18.791,sent,1000,
140,152672425755962,152672425758397,1790295774119862535,152672425774337,152672425879717,105.38,18.375,sent,1000,
141,152672430755962,152672430758963,1790295774124863152,152672430775635,152672430880624,104.989,19.673,sent,1000,
142,152672435755962,152672435758217,1790295774129861865,152672435767365,152672435825304,57.939,11.403,sent,1000,
143,152672440755962,152672440758191,1790295774134862379,152672440774852,152672440878879,104.027,18.89,sent,1000,
144,152672445755962,152672445757835,1790295774139861463,152672445767043,152672445827828,60.785,11.081,sent,1000,
145,152672450755962,152672450757560,1790295774144861318,152672450767349,152672450821912,54.563,11.387,sent,1000,
146,152672455755962,152672455758797,1790295774149863015,152672455775218,152672455879525,104.307,19.256,sent,1000,
147,152672460755962,152672460759050,1790295774154863259,152672460774680,152672460876803,102.123,18.718,sent,1000,
148,152672465755962,152672465758364,1790295774159862483,152672465775236,152672465878232,102.996,19.274,sent,1000,
149,152672470755962,152672470757979,1790295774164862909,152672470774731,152672470879920,105.189,18.769,sent,1000,
150,152672475755962,152672475759076,1790295774169863285,152672475774906,152672475877451,102.545,18.944,sent,1000,
151,152672480755962,152672480757910,1790295774174861818,152672480767879,152672480824015,56.136,11.917,sent,1000,
152,152672485755962,152672485758356,1790295774179861903,152672485767523,152672485826054,58.531,11.561,sent,1000,
153,152672490755962,152672490757710,1790295774184861227,152672490766737,152672490825689,58.952,10.775,sent,1000,
154,152672495755962,152672495758176,1790295774189862315,152672495774868,152672495873695,98.827,18.906,sent,1000,
155,152672500755962,152672500759312,1790295774194863540,152672500774991,152672500877075,102.084,19.029,sent,1000,
156,152672505755962,152672505758876,1790295774199863125,152672505774496,152672505878122,103.626,18.534,sent,1000,
157,152672510755962,152672510758801,1790295774204862960,152672510774481,152672510877136,102.655,18.519,sent,1000,
158,152672515755962,152672515757594,1790295774209862374,152672515773875,152672515872843,98.968,17.913,sent,1000,
159,152672520755962,152672520756548,1790295774214859564,152672520760365,152672520785332,24.967,4.403,sent,1000,
160,152672525755962,152672525757565,1790295774219861112,152672525766302,152672525824332,58.03,10.34,sent,1000,
161,152672530755962,152672530758731,1790295774224862940,152672530775323,152672530880572,105.249,19.361,sent,1000,
162,152672535755962,152672535758456,1790295774229861993,152672535767523,152672535826294,58.771,11.561,sent,1000,
163,152672540755962,152672540758100,1790295774234862319,152672540796092,152672540904959,108.867,40.13,sent,1000,
164,152672545755962,152672545757484,1790295774239861503,152672545766191,152672545820794,54.603,10.229,sent,1000,
165,152672550755962,152672550759432,1790295774244863681,152672550776004,152672550883898,107.894,20.042,sent,1000,
166,152672555755962,152672555758876,1790295774249863415,152672555775918,152672555882210,106.292,19.956,sent,1000,
167,152672560755962,152672560758330,1790295774254862599,152672560774872,152672560878167,103.295,18.91,sent,1000,
168,152672565755962,152672565756652,1790295774259859668,152672565760279,152672565785436,25.157,4.317,sent,1000,
169,152672570755962,152672570758850,1790295774264863119,152672570775402,152672570882725,107.323,19.44,sent,1000,
170,152672575755962,152672575758976,1790295774269863365,152672575776369,152672575880015,103.646,20.407,sent,1000,
171,152672580755962,152672580785391,1790295774274889560,152672580802113,152672580909927,107.814,46.151,sent,1000,
172,152672585755962,152672585774504,1790295774279878723,152672585792097,152672585899260,107.163,36.135,sent,1000,
173,152672590755962,152672590758559,1790295774284862738,152672590775040,152672590882033,106.993,19.078,sent,1000,
174,152672595755962,152672595757973,1790295774289862603,152672595779143,152672595879744,100.601,23.181,sent,1000,
175,152672600755962,152672600758520,1790295774294862728,152672600774981,152672600877595,102.614,19.019,sent,1000,
176,152672605755962,152672605758896,1790295774299863134,152672605774084,152672605878883,104.799,18.122,sent,1000,
177,152672610755962,152672610758518,1790295774304862947,152672610775130,152672610880760,105.63,19.168,sent,1000,
178,152672615755962,152672615758463,1790295774309862652,152672615775155,152672615877920,102.765,19.193,sent,1000,
179,152672620755962,152672620758358,1790295774314862627,152672620774229,152672620877204,102.975,18.267,sent,1000,
180,152672625755962,152672625758432,1790295774319862641,152672625776596,152672625883469,106.873,20.634,sent,1000,
181,152672630755962,152672630757866,1790295774324861534,152672630767034,152672630829782,62.748,11.072,sent,1000,
182,152672635755962,152672635758593,1790295774329862832,152672635775986,152672635880734,104.748,20.024,sent,1000,
183,152672640755962,152672640758047,1790295774334862246,152672640774959,152672640877804,102.845,18.997,sent,1000,
184,152672645755962,152672645758401,1790295774339862009,152672645768060,152672645827422,59.362,12.098,sent,1000,
185,152672650755962,152672650756543,1790295774344859550,152672650760140,152672650783574,23.434,4.178,sent,1000,
186,152672655755962,152672655757911,1790295774349861519,152672655767068,152672655826090,59.022,11.106,sent,1000,
187,152672660755962,152672660758858,1790295774354863027,152672660775951,152672660881771,105.82,19.989,sent,1000,
188,152672665755962,152672665757962,1790295774359861499,152672665766899,152672665826362,59.463,10.937,sent,1000,
189,152672670755962,152672670758779,1790295774364862978,152672670775130,152672670879117,103.987,19.168,sent,1000,
190,152672675755962,152672675758484,1790295774369862722,152672675774594,152672675877800,103.206,18.632,sent,1000,
191,152672680755962,152672680758006,1790295774374861634,152672680767684,152672680826055,58.371,11.722,sent,1000,
192,152672685755962,152672685758322,1790295774379862441,152672685775965,152672685878500,102.535,20.003,sent,1000,
193,152672690755962,152672690757656,1790295774384861194,152672690767014,152672690825956,58.942,11.052,sent,1000,
194,152672695755962,152672695758734,1790295774389862912,152672695775265,152672695879132,103.867,19.303,sent,1000,
195,152672700755962,152672700758807,1790295774394863016,152672700774827,152672700878334,103.507,18.865,sent,1000,
196,152672705755962,152672705758662,1790295774399862861,152672705774552,152672705879351,104.799,18.59,sent,1000,
197,152672710755962,152672710758978,1790295774404863137,152672710775940,152672710879216,103.276,19.978,sent,1000,
198,152672715755962,152672715758803,1790295774409863042,152672715775365,152672715879552,104.187,19.403,sent,1000,
199,152672720755962,152672720758358,1790295774414862877,152672720776101,152672720879487,103.386,20.139,sent,1000,
200,152672725755962,152672725758333,1790295774419862522,152672725774213,152672725878681,104.468,18.251,sent,1000,
201,152672730755962,152672730757998,1790295774424861655,152672730767355,152672730827029,59.674,11.393,sent,1000,
202,152672735755962,152672735758433,1790295774429862922,152672735774674,152672735878961,104.287,18.712,sent,1000,
203,152672740755962,152672740757445,1790295774434861673,152672740772954,152672740875628,102.674,16.992,sent,1000,
204,152672745755962,152672745758572,1790295774439862791,152672745775264,152672745879842,104.578,19.302,sent,1000,
205,152672750755962,152672750758167,1790295774444862636,152672750774958,152672750878274,103.316,18.996,sent,1000,
206,152672755755962,152672755758823,1790295774449863012,152672755774944,152672755877668,102.724,18.982,sent,1000,
207,152672760755962,152672760758839,1790295774454863037,152672760775160,152672760880479,105.319,19.198,sent,1000,
208,152672765755962,152672765759054,1790295774459863273,152672765774934,152672765878851,103.917,18.972,sent,1000,
209,152672770755962,152672770758406,1790295774464862615,152672770774507,152672770879686,105.179,18.545,sent,1000,
210,152672775755962,152672775758592,1790295774469862781,152672775775354,152672775879351,103.997,19.392,sent,1000,
211,152672780755962,152672780758818,1790295774474863077,152672780775429,152672780879236,103.807,19.467,sent,1000,
212,152672785755962,152672785757801,1790295774479861639,152672785767179,152672785826642,59.463,11.217,sent,1000,
213,152672790755962,152672790757534,1790295774484862003,152672790774165,152672790878433,104.268,18.203,sent,1000,
214,152672795755962,152672795758671,1790295774489862820,152672795774612,152672795880071,105.459,18.65,sent,1000,
215,152672800755962,152672800757735,1790295774494861904,152672800766962,152672800821716,54.754,11.0,sent,1000,
216,152672805755962,152672805759053,1790295774499863251,152672805774492,152672805877938,103.446,18.53,sent,1000,
217,152672810755962,152672810758896,1790295774504863044,152672810774846,152672810880146,105.3,18.884,sent,1000,
218,152672815755962,152672815758320,1790295774509862609,152672815775072,152672815878999,103.927,19.11,sent,1000,
219,152672820755962,152672820757744,1790295774514862524,152672820775167,152672820879695,104.528,19.205,sent,1000,
220,152672825755962,152672825758278,1790295774519862497,152672825774710,152672825879959,105.249,18.748,sent,1000,
221,152672830755962,152672830758735,1790295774524863214,152672830775426,152672830877900,102.474,19.464,sent,1000,
222,152672835755962,152672835758700,1790295774529862899,152672835774049,152672835872666,98.617,18.087,sent,1000,
223,152672840755962,152672840758174,1790295774534862363,152672840774495,152672840877230,102.735,18.533,sent,1000,
224,152672845755962,152672845758329,1790295774539861937,152672845767436,152672845827380,59.944,11.474,sent,1000,
225,152672850755962,152672850757933,1790295774544861841,152672850767421,152672850825982,58.561,11.459,sent,1000,
226,152672855755962,152672855757968,1790295774549861846,152672855767236,152672855825216,57.98,11.274,sent,1000,
227,152672860755962,152672860758985,1790295774554863134,152672860775116,152672860879424,104.308,19.154,sent,1000,
228,152672865755962,152672865758788,1790295774559862947,152672865774879,152672865879647,104.768,18.917,sent,1000,
229,152672870755962,152672870758651,1790295774564862830,152672870774962,152672870880151,105.189,19.0,sent,1000,
230,152672875755962,152672875757995,1790295774569862234,152672875774266,152672875878183,103.917,18.304,sent,1000,
231,152672880755962,152672880757430,1790295774574860967,152672880766827,152672880825398,58.571,10.865,sent,1000,
232,152672885755962,152672885758637,1790295774579862836,152672885775990,152672885878064,102.074,20.028,sent,1000,
233,152672890755962,152672890757360,1790295774584860898,152672890766968,152672890826682,59.714,11.006,sent,1000,
234,152672895755962,152672895757786,1790295774589861414,152672895767104,152672895826236,59.132,11.142,sent,1000,
235,152672900755962,152672900759124,1790295774594863363,152672900775014,152672900879472,104.458,19.052,sent,1000,
236,152672905755962,152672905758496,1790295774599863206,152672905773795,152672905880277,106.482,17.833,sent,1000,
237,152672910755962,152672910758161,1790295774604862881,152672910774682,152672910879281,104.599,18.72,sent,1000,
238,152672915755962,152672915758807,1790295774609862956,152672915774487,152672915879135,104.648,18.525,sent,1000,
239,152672920755962,152672920758130,1790295774614863030,152672920775052,152672920877295,102.243,19.09,sent,1000,
240,152672925755962,152672925758506,1790295774619862684,152672925774225,152672925877381,103.156,18.263,sent,1000,
241,152672930755962,152672930756337,1790295774624859293,152672930759623,152672930779561,19.938,3.661,sent,1000,
242,152672935755962,152672935758416,1790295774629862645,152672935774667,152672935880387,105.72,18.705,sent,1000,
243,152672940755962,152672940757849,1790295774634862017,152672940774200,152672940875532,101.332,18.238,sent,1000,
244,152672945755962,152672945757533,1790295774639861942,152672945767502,152672945828287,60.785,11.54,sent,1000,
245,152672950755962,152672950758611,1790295774644862128,152672950767808,152672950826850,59.042,11.846,sent,1000,
246,152672955755962,152672955758344,1790295774649862863,152672955775797,152672955879604,103.807,19.835,sent,1000,
247,152672960755962,152672960758348,1790295774654862536,152672960775841,152672960879327,103.486,19.879,sent,1000,
248,152672965755962,152672965758704,1790295774659862912,152672965774684,152672965877128,102.444,18.722,sent,1000,
249,152672970755962,152672970758178,1790295774664861796,152672970767416,152672970826437,59.021,11.454,sent,1000,
250,152672975755962,152672975758324,1790295774669862502,152672975774895,152672975878822,103.927,18.933,sent,1000,
251,152672980755962,152672980758357,1790295774674862616,152672980774267,152672980874347,100.08,18.305,sent,1000,
252,152672985755962,152672985758292,1790295774679861800,152672985767400,152672985825820,58.42,11.438,sent,1000,
253,152672990755962,152672990757897,1790295774684862076,152672990775039,152672990880810,105.771,19.077,sent,1000,
254,152672995755962,152672995758594,1790295774689862792,152672995774894,152672995875776,100.882,18.932,sent,1000,
255,152673000755962,152673000758216,1790295774694862114,152673000768045,152673000826466,58.421,12.083,sent,1000,
256,152673005755962,152673005758743,1790295774699862981,152673005775003,152673005883960,108.957,19.041,sent,1000,
257,152673010755962,152673010758876,1790295774704863105,152673010775638,152673010880487,104.849,19.676,sent,1000,
258,152673015755962,152673015901482,1790295774710005670,152673015918344,152673016077505,159.161,162.382,sent,1000,
259,152673020755962,152673020756983,1790295774714860701,152673020767433,152673020831715,64.282,11.471,sent,1000,
260,152673025755962,152673025775534,1790295774719878801,152673025781144,152673025810370,29.226,25.182,sent,1000,
261,152673030755962,152673030756251,1790295774724859268,152673030760660,152673030780157,19.497,4.698,sent,1000,
262,152673035755962,152673035756457,1790295774729859343,152673035758671,152673035776655,17.984,2.709,sent,1000,
263,152673040755962,152673040756422,1790295774734859298,152673040757824,152673040772482,14.658,1.862,sent,1000,
264,152673045755962,152673045756257,1790295774739859113,152673045757289,152673045770885,13.596,1.327,sent,1000,
265,152673050755962,152673050756201,1790295774744859087,152673050757273,152673050768965,11.692,1.311,sent,1000,
266,152673055755962,152673055756306,1790295774749859262,152673055759011,152673055776725,17.714,3.049,sent,1000,
267,152673060755962,152673060758325,1790295774754862594,152673060774616,152673060877060,102.444,18.654,sent,1000,
268,152673065755962,152673065757769,1790295774759861316,152673065767196,152673065826679,59.483,11.234,sent,1000,
269,152673070755962,152673070758875,1790295774764863815,152673070776088,152673070881748,105.66,20.126,sent,1000,
270,152673075755962,152673075758159,1790295774769862348,152673075774931,152673075883467,108.536,18.969,sent,1000,
271,152673080755962,152673080758375,1790295774774862574,152673080774796,152673080875487,100.691,18.834,sent,1000,
272,152673085755962,152673085758189,1790295774779862438,152673085773658,152673085868849,95.191,17.696,sent,1000,
273,152673090755962,152673090760989,1790295774784863995,152673090764566,152673090789483,24.917,8.604,sent,1000,
274,152673095755962,152673095758650,1790295774789862848,152673095776113,152673095885039,108.926,20.151,sent,1000,
275,152673100755962,152673100758535,1790295774794863204,152673100775016,152673100880616,105.6,19.054,sent,1000,
276,152673105755962,152673105758879,1790295774799863097,152673105775831,152673105882884,107.053,19.869,sent,1000,
277,152673110755962,152673110758433,1790295774804862612,152673110775385,152673110881216,105.831,19.423,sent,1000,
278,152673115755962,152673115758308,1790295774809862447,152673115775471,152673115881031,105.56,19.509,sent,1000,
279,152673120755962,152673120757702,1790295774814861811,152673120773813,152673120872059,98.246,17.851,sent,1000,
280,152673125755962,152673125757615,1790295774819861523,152673125767013,152673125826506,59.493,11.051,sent,1000,
281,152673130755962,152673130758821,1790295774824863170,152673130775583,152673130878959,103.376,19.621,sent,1000,
282,152673135755962,152673135757995,1790295774829861973,152673135767733,152673135843968,76.235,11.771,sent,1000,
283,152673140755962,152673140757860,1790295774834862089,152673140774762,152673140877056,102.294,18.8,sent,1000,
284,152673145755962,152673145758897,1790295774839863106,152673145774797,152673145876219,101.422,18.835,sent,1000,
285,152673150755962,152673150758331,1790295774844862710,152673150775103,152673150880172,105.069,19.141,sent,1000,
286,152673155755962,152673155758347,1790295774849863207,152673155776040,152673155879296,103.256,20.078,sent,1000,
287,152673160755962,152673160758330,1790295774854862589,152673160774651,152673160877306,102.655,18.689,sent,1000,
288,152673165755962,152673165756683,1790295774859859689,152673165760289,152673165785507,25.218,4.327,sent,1000,
289,152673170755962,152673170757870,1790295774864861468,152673170767188,152673170827121,59.933,11.226,sent,1000,
290,152673175755962,152673175758046,1790295774869862245,152673175774507,152673175879135,104.628,18.545,sent,1000,
291,152673180755962,152673180757438,1790295774874861927,152673180774090,152673180874490,100.4,18.128,sent,1000,
292,152673185755962,152673185757474,1790295774879861392,152673185766290,152673185819571,53.281,10.328,sent,1000,
293,152673190755962,152673190756768,1790295774884860495,152673190766175,152673190824837,58.662,10.213,sent,1000,
294,152673195755962,152673195759268,1790295774889863486,152673195775508,152673195878834,103.326,19.546,sent,1000,
295,152673200755962,152673200758291,1790295774894862851,152673200774312,152673200873750,99.438,18.35,sent,1000,
296,152673205755962,152673205756553,1790295774899859560,152673205759849,152673205783564,23.715,3.887,sent,1000,
297,152673210755962,152673210756529,1790295774904859535,152673210759685,152673210783279,23.594,3.723,sent,1000,
298,152673215755962,152673215757484,1790295774909861372,152673215766952,152673215825393,58.441,10.99,sent,1000,
299,152673220755962,152673220757800,1790295774914862379,152673220775173,152673220878970,103.797,19.211,sent,1000,
300,152673225755962,152673225758477,1790295774919862705,152673225774276,152673225876270,101.994,18.314,sent,1000,
301,152673230755962,152673230757941,1790295774924861548,152673230767229,152673230826651,59.422,11.267,sent,1000,
302,152673235755962,152673235757475,1790295774929862736,152673235775680,152673235881039,105.359,19.718,sent,1000,
303,152673240755962,152673240757368,1790295774934861958,152673240773349,152673240872487,99.138,17.387,sent,1000,
304,152673245755962,152673245758165,1790295774939862665,152673245774356,152673245876450,102.094,18.394,sent,1000,
305,152673250755962,152673250757999,1790295774944861517,152673250767497,152673250826830,59.333,11.535,sent,1000,
306,152673255755962,152673255759026,1790295774949863245,152673255775758,152673255882841,107.083,19.796,sent,1000,
307,152673260755962,152673260758079,1790295774954862278,152673260774200,152673260877496,103.296,18.238,sent,1000,
308,152673265755962,152673265758195,1790295774959862414,152673265774696,152673265879415,104.719,18.734,sent,1000,
309,152673270755962,152673270757608,1790295774964861496,152673270767246,152673270825998,58.752,11.284,sent,1000,
310,152673275755962,152673275758423,1790295774969862662,152673275774974,152673275881566,106.592,19.012,sent,1000,
311,152673280755962,152673280757877,1790295774974861765,152673280767325,152673280825355,58.03,11.363,sent,1000,
312,152673285755962,152673285758083,1790295774979862933,152673285774434,152673285877710,103.276,18.472,sent,1000,
313,152673290755962,152673290756896,1790295774984860484,152673290766374,152673290825737,59.363,10.412,sent,1000,
314,152673295755962,152673295758104,1790295774989862332,152673295774946,152673295877730,102.784,18.984,sent,1000,
315,152673300755962,152673300758329,1790295774994862598,152673300775041,152673300878477,103.436,19.079,sent,1000,
316,152673305755962,152673305758935,1790295774999863404,152673305776428,152673305879123,102.695,20.466,sent,1000,
317,152673310755962,152673310757517,1790295775004861054,152673310766574,152673310823813,57.239,10.612,sent,1000,
318,152673315755962,152673315758174,1790295775009862402,152673315774514,152673315876848,102.334,18.552,sent,1000,
319,152673320755962,152673320758730,1790295775014862959,152673320775522,152673320876784,101.262,19.56,sent,1000,
320,152673325755962,152673325758202,1790295775019862471,152673325774042,152673325877107,103.065,18.08,sent,1000,
321,152673330755962,152673330758678,1790295775024862847,152673330774929,152673330879297,104.368,18.967,sent,1000,
322,152673335755962,152673335757912,1790295775029861610,152673335767400,152673335825651,58.251,11.438,sent,1000,
323,152673340755962,152673340757497,1790295775034861736,152673340774259,152673340876803,102.544,18.297,sent,1000,
324,152673345755962,152673345758271,1790295775039862430,152673345774683,152673345877197,102.514,18.721,sent,1000,
325,152673350755962,152673350758087,1790295775044862295,152673350774397,152673350876200,101.803,18.435,sent,1000,
326,152673355755962,152673355758843,1790295775049863052,152673355775645,152673355878951,103.306,19.683,sent,1000,
327,152673360755962,152673360758087,1790295775054862286,152673360774438,152673360875770,101.332,18.476,sent,1000,
328,152673365755962,152673365758812,1790295775059863161,152673365775574,152673365878730,103.156,19.612,sent,1000,
329,152673370755962,152673370757936,1790295775064861594,152673370767153,152673370826205,59.052,11.191,sent,1000,
330,152673375755962,152673375758422,1790295775069862731,152673375774873,152673375877047,102.174,18.911,sent,1000,
331,152673380755962,152673380758538,1790295775074862726,152673380774328,152673380878124,103.796,18.366,sent,1000,
332,152673385755962,152673385758310,1790295775079863110,152673385776004,152673385880803,104.799,20.042,sent,1000,
333,152673390755962,152673390757492,1790295775084861661,152673390796386,152673390898289,101.903,40.424,sent,1000,
334,152673395755962,152673395758219,1790295775089862418,152673395773989,152673395879338,105.349,18.027,sent,1000,
335,152673400755962,152673400756611,1790295775094859618,152673400760328,152673400785306,24.978,4.366,sent,1000,
336,152673405755962,152673405758671,1790295775099862859,152673405775532,152673405880652,105.12,19.57,sent,1000,
337,152673410755962,152673410757594,1790295775104861131,152673410766851,152673410825422,58.571,10.889,sent,1000,
338,152673415755962,152673415758671,1790295775109862840,152673415775092,152673415879410,104.318,19.13,sent,1000,
339,152673420755962,152673420758294,1790295775114862483,152673420774465,152673420878883,104.418,18.503,sent,1000,
340,152673425755962,152673425758119,1790295775119862568,152673425775011,152673425872155,97.144,19.049,sent,1000,
341,152673430755962,152673430757563,1790295775124861441,152673430766991,152673430824360,57.369,11.029,sent,1000,
342,152673435755962,152673435758080,1790295775129863090,152673435775362,152673435879710,104.348,19.4,sent,1000,
343,152673440755962,152673440758043,1790295775134862212,152673440773883,152673440878171,104.288,17.921,sent,1000,
344,152673445755962,152673445758680,1790295775139862828,152673445774249,152673445875110,100.861,18.287,sent,1000,
345,152673450755962,152673450757763,1790295775144861291,152673450767462,152673450825702,58.24,11.5,sent,1000,
346,152673455755962,152673455758660,1790295775149862829,152673455776093,152673455880161,104.068,20.131,sent,1000,
347,152673460755962,152673460758283,1790295775154862772,152673460774694,152673460876046,101.352,18.732,sent,1000,
348,152673465755962,152673465758208,1790295775159862387,152673465773828,152673465878486,104.658,17.866,sent,1000,
349,152673470755962,152673470758643,1790295775164863333,152673470776207,152673470879693,103.486,20.245,sent,1000,
350,152673475755962,152673475757845,1790295775169862104,152673475774286,152673475877722,103.436,18.324,sent,1000,
351,152673480755962,152673480758562,1790295775174862770,152673480775494,152673480878028,102.534,19.532,sent,1000,
352,152673485755962,152673485756623,1790295775179859640,152673485760190,152673485779517,19.327,4.228,sent,1000,
353,152673490755962,152673490757681,1790295775184861238,152673490766968,152673490825820,58.852,11.006,sent,1000,
354,152673495755962,152673495758578,1790295775189862837,152673495775079,152673495877543,102.464,19.117,sent,1000,
355,152673500755962,152673500758401,1790295775194863211,152673500774592,152673500880011,105.419,18.63,sent,1000,
356,152673505755962,152673505756643,1790295775199859649,152673505760460,152673505783915,23.455,4.498,sent,1000,
357,152673510755962,152673510757560,1790295775204861087,152673510766627,152673510825068,58.441,10.665,sent,1000,
358,152673515755962,152673515757073,1790295775209861943,152673515772642,152673515853245,80.603,16.68,sent,1000,
359,152673520755962,152673520756697,1790295775214859714,152673520760064,152673520786424,26.36,4.102,sent,1000,
360,152673525755962,152673525756532,1790295775219859539,152673525759668,152673525783043,23.375,3.706,sent,1000,
361,152673530755962,152673530756607,1790295775224859633,152673530760053,152673530783908,23.855,4.091,sent,1000,
362,152673535755962,152673535756641,1790295775229859658,152673535759818,152673535784604,24.786,3.856,sent,1000,
363,152673540755962,152673540756927,1790295775234859954,152673540760244,152673540784169,23.925,4.282,sent,1000,
364,152673545755962,152673545798632,1790295775239902169,152673545808270,152673545868534,60.264,52.308,sent,1000,
365,152673550755962,152673550757548,1790295775244861466,152673550767136,152673550825116,57.98,11.174,sent,1000,
366,152673555755962,152673555758855,1790295775249863785,152673555775647,152673555882239,106.592,19.685,sent,1000,
367,152673560755962,152673560758400,1790295775254862839,152673560777907,152673560883226,105.319,21.945,sent,1000,
368,152673565755962,152673565827767,1790295775259930783,152673565831123,152673565854648,23.525,75.161,sent,1000,
369,152673570755962,152673570852217,1790295775264955163,152673570854882,152673570873417,18.535,98.92,sent,1000,
370,152673575755962,152673575756711,1790295775269859727,152673575759857,152673575784233,24.376,3.895,sent,1000,
371,152673580755962,152673580756656,1790295775274859673,152673580759852,152673580783918,24.066,3.89,sent,1000,
372,152673585755962,152673585756571,1790295775279859587,152673585759737,152673585783532,23.795,3.775,sent,1000,
373,152673590755962,152673590756595,1790295775284859602,152673590759771,152673590783957,24.186,3.809,sent,1000,
374,152673595755962,152673595758624,1790295775289862823,152673595775777,152673595878772,102.995,19.815,sent,1000,
375,152673600755962,152673600758309,1790295775294862458,152673600774860,152673600879719,104.859,18.898,sent,1000,
376,152673605755962,152673605756420,1790295775299859437,152673605760017,152673605785335,25.318,4.055,sent,1000,
377,152673610755962,152673610758248,1790295775304863128,152673610775951,152673610883004,107.053,19.989,sent,1000,
378,152673615755962,152673615758915,1790295775309863103,152673615775516,152673615882940,107.424,19.554,sent,1000,
379,152673620755962,152673620758770,1790295775314863109,152673620775020,152673620881733,106.713,19.058,sent,1000,
380,152673625755962,152673625758312,1790295775319862531,152673625775054,152673625878970,103.916,19.092,sent,1000,
381,152673630755962,152673630758816,1790295775324863035,152673630775608,152673630883262,107.654,19.646,sent,1000,
382,152673635755962,152673635758831,1790295775329863130,152673635775172,152673635884560,109.388,19.21,sent,1000,
383,152673640755962,152673640758727,1790295775334863426,152673640776250,152673640879405,103.155,20.288,sent,1000,
384,152673645755962,152673645757470,1790295775339862400,152673645774802,152673645878709,103.907,18.84,sent,1000,
385,152673650755962,152673650758457,1790295775344862676,152673650773245,152673650867163,93.918,17.283,sent,1000,
386,152673655755962,152673655759053,1790295775349863653,152673655776907,152673655884281,107.374,20.945,sent,1000,
387,152673660755962,152673660758137,1790295775354862726,152673660779046,152673660880338,101.292,23.084,sent,1000,
388,152673665755962,152673665758461,1790295775359862690,152673665774532,152673665878950,104.418,18.57,sent,1000,
389,152673670755962,152673670758497,1790295775364862365,152673670768105,152673670826055,57.95,12.143,sent,1000,
390,152673675755962,152673675758282,1790295775369862480,152673675775624,152673675879902,104.278,19.662,sent,1000,
391,152673680755962,152673680758315,1790295775374862554,152673680774836,152673680875638,100.802,18.874,sent,1000,
392,152673685755962,152673685758962,1790295775379863190,152673685775633,152673685887004,111.371,19.671,sent,1000,
393,152673690755962,152673690757715,1790295775384861473,152673690766852,152673690825854,59.002,10.89,sent,1000,
394,152673695755962,152673695757700,1790295775389861268,152673695766968,152673695826480,59.512,11.006,sent,1000,
395,152673700755962,152673700758377,1790295775394862615,152673700774066,152673700875489,101.423,18.104,sent,1000,
396,152673705755962,152673705759462,1790295775399863701,152673705776895,152673705882385,105.49,20.933,sent,1000,
397,152673710755962,152673710757734,1790295775404861302,152673710766891,152673710825993,59.102,10.929,sent,1000,
398,152673715755962,152673715758200,1790295775409862539,152673715774772,152673715880302,105.53,18.81,sent,1000,
399,152673720755962,152673720759197,1790295775414863376,152673720775959,152673720877802,101.843,19.997,sent,1000,
400,152673725755962,152673725758269,1790295775419862498,152673725775542,152673725877625,102.083,19.58,sent,1000,
401,152673730755962,152673730758352,1790295775424862581,152673730775214,152673730878841,103.627,19.252,sent,1000,
402,152673735755962,152673735758358,1790295775429861785,152673735766353,152673735820666,54.313,10.391,sent,1000,
403,152673740755962,152673740758343,1790295775434862592,152673740773983,152673740881546,107.563,18.021,sent,1000,
404,152673745755962,152673745758258,1790295775439862427,152673745774709,152673745879688,104.979,18.747,sent,1000,
405,152673750755962,152673750757902,1790295775444861380,152673750765948,152673750819930,53.982,9.986,sent,1000,
406,152673755755962,152673755758877,1790295775449863086,152673755775148,152673755881089,105.941,19.186,sent,1000,
407,152673760755962,152673760758121,1790295775454862370,152673760774823,152673760877177,102.354,18.861,sent,1000,
408,152673765755962,152673765757826,1790295775459861364,152673765766553,152673765824873,58.32,10.591,sent,1000,
409,152673770755962,152673770758413,1790295775464862030,152673770767600,152673770826031,58.431,11.638,sent,1000,
410,152673775755962,152673775758147,1790295775469862376,152673775774458,152673775882834,108.376,18.496,sent,1000,
411,152673780755962,152673780758241,1790295775474862400,152673780774111,152673780876395,102.284,18.149,sent,1000,
412,152673785755962,152673785758827,1790295775479863257,152673785775549,152673785878514,102.965,19.587,sent,1000,
413,152673790755962,152673790758151,1790295775484862871,152673790774833,152673790878660,103.827,18.871,sent,1000,
414,152673795755962,152673795757784,1790295775489862023,152673795773945,152673795877661,103.716,17.983,sent,1000,
415,152673800755962,152673800757859,1790295775494861337,152673800765965,152673800818815,52.85,10.003,sent,1000,
416,152673805755962,152673805758747,1790295775499863045,152673805775138,152673805878764,103.626,19.176,sent,1000,
417,152673810755962,152673810758121,1790295775504862309,152673810774592,152673810878970,104.378,18.63,sent,1000,
418,152673815755962,152673815758254,1790295775509862393,152673815774535,152673815880205,105.67,18.573,sent,1000,
419,152673820755962,152673820759021,1790295775514863480,152673820776244,152673820878377,102.133,20.282,sent,1000,
420,152673825755962,152673825757594,1790295775519861832,152673825773694,152673825878112,104.418,17.732,sent,1000,
421,152673830755962,152673830757898,1790295775524861476,152673830767216,152673830825266,58.05,11.254,sent,1000,
422,152673835755962,152673835757703,1790295775529862412,152673835774454,152673835872170,97.716,18.492,sent,1000,
423,152673840755962,152673840758369,1790295775534862598,152673840774520,152673840878417,103.897,18.558,sent,1000,
424,152673845755962,152673845758564,1790295775539862783,152673845775246,152673845879493,104.247,19.284,sent,1000,
425,152673850755962,152673850757467,1790295775544861305,152673850766784,152673850824654,57.87,10.822,sent,1000,
426,152673855755962,152673855758344,1790295775549862562,152673855775366,152673855876337,100.971,19.404,sent,1000,
427,152673860755962,152673860758028,1790295775554862287,152673860774550,152673860875581,101.031,18.588,sent,1000,
428,152673865755962,152673865758454,1790295775559862683,152673865775145,152673865878832,103.687,19.183,sent,1000,
429,152673870755962,152673870758318,1790295775564861956,152673870767515,152673870825796,58.281,11.553,sent,1000,
430,152673875755962,152673875757772,1790295775569861991,152673875773702,152673875876076,102.374,17.74,sent,1000,
431,152673880755962,152673880758639,1790295775574862828,152673880774810,152673880876342,101.532,18.848,sent,1000,
432,152673885755962,152673885759155,1790295775579863484,152673885775436,152673885878471,103.035,19.474,sent,1000,
433,152673890755962,152673890757837,1790295775584861514,152673890767234,152673890826377,59.143,11.272,sent,1000,
434,152673895755962,152673895757802,1790295775589862091,152673895774093,152673895879142,105.049,18.131,sent,1000,
435,152673900755962,152673900758468,1790295775594862767,152673900774138,152673900878576,104.438,18.176,sent,1000,
436,152673905755962,152673905758492,1790295775599863282,152673905775875,152673905879722,103.847,19.913,sent,1000,
437,152673910755962,152673910758317,1790295775604862475,152673910774538,152673910877954,103.416,18.576,sent,1000,
438,152673915755962,152673915758412,1790295775609862691,152673915774904,152673915879873,104.969,18.942,sent,1000,
439,152673920755962,152673920758307,1790295775614861915,152673920767475,152673920826466,58.991,11.513,sent,1000,
440,152673925755962,152673925757709,1790295775619861958,152673925774441,152673925876905,102.464,18.479,sent,1000,
441,152673930755962,152673930757855,1790295775624861242,152673930765560,152673930818370,52.81,9.598,sent,1000,
442,152673935755962,152673935756618,1790295775629859625,152673935760065,152673935783359,23.294,4.103,sent,1000,
443,152673940755962,152673940756734,1790295775634859780,152673940760070,152673940784136,24.066,4.108,sent,1000,
444,152673945755962,152673945756659,1790295775639859675,152673945760156,152673945784221,24.065,4.194,sent,1000,
445,152673950755962,152673950756604,1790295775644859611,152673950759760,152673950783245,23.485,3.798,sent,1000,
446,152673955755962,152673955756680,1790295775649859706,152673955759916,152673955784172,24.256,3.954,sent,1000,
447,152673960755962,152673960758076,1790295775654862244,152673960774617,152673960874977,100.36,18.655,sent,1000,
448,152673965755962,152673965758342,1790295775659862590,152673965775424,152673965875764,100.34,19.462,sent,1000,
449,152673970755962,152673970758367,1790295775664861925,152673970767454,152673970825985,58.531,11.492,sent,1000,
450,152673975755962,152673975757641,1790295775669861820,152673975773852,152673975877919,104.067,17.89,sent,1000,
451,152673980755962,152673980758085,1790295775674862314,152673980774506,152673980877973,103.467,18.544,sent,1000,
452,152673985755962,152673985758622,1790295775679863081,152673985775393,152673985880122,104.729,19.431,sent,1000,
453,152673990755962,152673990756553,1790295775684859570,152673990760210,152673990785127,24.917,4.248,sent,1000,
454,152673995755962,152673995756478,1790295775689859495,152673995759995,152673995785754,25.759,4.033,sent,1000,
455,152674000755962,152674000756562,1790295775694859589,152674000760139,152674000784505,24.366,4.177,sent,1000,
456,152674005755962,152674005758932,1790295775699863211,152674005776305,152674005881254,104.949,20.343,sent,1000,
457,152674010755962,152674010758326,1790295775704862545,152674010775929,152674010879516,103.587,19.967,sent,1000,
458,152674015755962,152674015758359,1790295775709862598,152674015775111,152674015880320,105.209,19.149,sent,1000,
459,152674020755962,152674020757002,1790295775714860559,152674020767211,152674020835330,68.119,11.249,sent,1000,
460,152674025755962,152674025756907,1790295775719860525,152674025764361,152674025805860,41.499,8.399,sent,1000,
461,152674030755962,152674030756852,1790295775724860370,152674030765669,152674030821435,55.766,9.707,sent,1000,
462,152674035755962,152674035757016,1790295775729860814,152674035765983,152674035816489,50.506,10.021,sent,1000,
463,152674040755962,152674040756541,1790295775734859627,152674040760609,152674040786468,25.859,4.647,sent,1000,
464,152674045755962,152674045756606,1790295775739859623,152674045759742,152674045782766,23.024,3.78,sent,1000,
465,152674050755962,152674050756712,1790295775744860119,152674050763465,152674050801036,37.571,7.503,sent,1000,
466,152674055755962,152674055756926,1790295775749860473,152674055766384,152674055821428,55.044,10.422,sent,1000,
467,152674060755962,152674060756410,1790295775754859888,152674060763303,152674060801856,38.553,7.341,sent,1000,
468,152674065755962,152674065756636,1790295775759860143,152674065763389,152674065805849,42.46,7.427,sent,1000,
469,152674070755962,152674070757422,1790295775764861390,152674070765948,152674070816514,50.566,9.986,sent,1000,
470,152674075755962,152674075756755,1790295775769859782,152674075760382,152674075785029,24.647,4.42,sent,1000,
471,152674080755962,152674080758153,1790295775774862622,152674080774845,152674080875586,100.741,18.883,sent,1000,
472,152674085755962,152674085759261,1790295775779862648,152674085766294,152674085794748,28.454,10.332,sent,1000,
473,152674090755962,152674090757782,1790295775784861420,152674090767420,152674090827554,60.134,11.458,sent,1000,
474,152674095755962,152674095757116,1790295775789860974,152674095767115,152674095816488,49.373,11.153,sent,1000,
475,152674100755962,152674100758794,1790295775794863073,152674100774875,152674100877148,102.273,18.913,sent,1000,
476,152674105755962,152674105758338,1790295775799861845,152674105767696,152674105827439,59.743,11.734,sent,1000,
477,152674110755962,152674110757270,1790295775804860798,152674110766548,152674110825439,58.891,10.586,sent,1000,
478,152674115755962,152674115758678,1790295775809863217,152674115776151,152674115880609,104.458,20.189,sent,1000,
479,152674120755962,152674120758032,1790295775814862281,152674120773942,152674120879563,105.621,17.98,sent,1000,
480,152674125755962,152674125757316,1790295775819860883,152674125766583,152674125825224,58.641,10.621,sent,1000,
481,152674130755962,152674130760807,1790295775824865075,152674130777799,152674130882287,104.488,21.837,sent,1000,
482,152674135755962,152674135774207,1790295775829878396,152674135790829,152674135899485,108.656,34.867,sent,1000,
483,152674140755962,152674140758373,1790295775834862702,152674140775104,152674140877148,102.044,19.142,sent,1000,
484,152674145755962,152674145757916,1790295775839861444,152674145767224,152674145825655,58.431,11.262,sent,1000,
485,152674150755962,152674150774973,1790295775844879142,152674150791875,152674150897435,105.56,35.913,sent,1000,
486,152674155755962,152674155758147,1790295775849863037,152674155775159,152674155876551,101.392,19.197,sent,1000,
487,152674160755962,152674160757821,1790295775854862000,152674160773942,152674160879041,105.099,17.98,sent,1000,
488,152674165755962,152674165758456,1790295775859862674,152674165774927,152674165878623,103.696,18.965,sent,1000,
489,152674170755962,152674170758181,1790295775864862650,152674170775754,152674170882376,106.622,19.792,sent,1000,
490,152674175755962,152674175757685,1790295775869861844,152674175773465,152674175878875,105.41,17.503,sent,1000,
491,152674180755962,152674180758061,1790295775874862240,152674180774662,152674180883649,108.987,18.7,sent,1000,
492,152674185755962,152674185758515,1790295775879862814,152674185774956,152674185876849,101.893,18.994,sent,1000,
493,152674190755962,152674190758350,1790295775884862489,152674190773960,152674190873929,99.969,17.998,sent,1000,
494,152674195755962,152674195757744,1790295775889861262,152674195766822,152674195826184,59.362,10.86,sent,1000,
495,152674200755962,152674200758070,1790295775894862229,152674200775032,152674200874551,99.519,19.07,sent,1000,
496,152674205755962,152674205758264,1790295775899861912,152674205767532,152674205826393,58.861,11.57,sent,1000,
497,152674210755962,152674210757428,1790295775904860976,152674210766826,152674210827150,60.324,10.864,sent,1000,
498,152674215755962,152674215758125,1790295775909862293,152674215773384,152674215881679,108.295,17.422,sent,1000,
499,152674220755962,152674220758699,1790295775914862908,152674220775351,152674220881261,105.91,19.389,sent,1000,
500,152674225755962,152674225757622,1790295775919861831,152674225773442,152674225878051,104.609,17.48,sent,1000,
501,152674230755962,152674230757608,1790295775924861045,152674230765803,152674230818413,52.61,9.841,sent,1000,
502,152674235755962,152674235758855,1790295775929863004,152674235775928,152674235882500,106.572,19.966,sent,1000,
503,152674240755962,152674240758380,1790295775934862629,152674240797233,152674240897473,100.24,41.271,sent,1000,
504,152674245755962,152674245758145,1790295775939862343,152674245774846,152674245878052,103.206,18.884,sent,1000,
505,152674250755962,152674250757709,1790295775944861227,152674250766907,152674250825057,58.15,10.945,sent,1000,
506,152674255755962,152674255756953,1790295775949860471,152674255765680,152674255820043,54.363,9.718,sent,1000,
507,152674260755962,152674260757818,1790295775954862007,152674260773869,152674260875321,101.452,17.907,sent,1000,
508,152674265755962,152674265757904,1790295775959862143,152674265774896,152674265879214,104.318,18.934,sent,1000,
509,152674270755962,152674270757839,1790295775964861697,152674270767317,152674270826519,59.202,11.355,sent,1000,
510,152674275755962,152674275757623,1790295775969861891,152674275774314,152674275879564,105.25,18.352,sent,1000,
511,152674280755962,152674280757658,1790295775974861806,152674280773217,152674280875291,102.074,17.255,sent,1000,
512,152674285755962,152674285756711,1790295775979859728,152674285760489,152674285785235,24.746,4.527,sent,1000,
513,152674290755962,152674290757799,1790295775984861607,152674290767768,152674290827441,59.673,11.806,sent,1000,
514,152674295755962,152674295757883,1790295775989862081,152674295774214,152674295876027,101.813,18.252,sent,1000,
515,152674300755962,152674300758359,1790295775994862548,152674300774700,152674300877845,103.145,18.738,sent,1000,
516,152674305755962,152674305758665,1790295775999863144,152674305775386,152674305878342,102.956,19.424,sent,1000,
517,152674310755962,152674310757448,1790295776004860905,152674310766776,152674310823984,57.208,10.814,sent,1000,
518,152674315755962,152674315757842,1790295776009862071,152674315774925,152674315877359,102.434,18.963,sent,1000,
519,152674320755962,152674320758659,1790295776014863108,152674320775882,152674320882193,106.311,19.92,sent,1000,
520,152674325755962,152674325757663,1790295776019861801,152674325774565,152674325877369,102.804,18.603,sent,1000,
521,152674330755962,152674330758418,1790295776024862607,152674330774979,152674330880179,105.2,19.017,sent,1000,
522,152674335755962,152674335758634,1790295776029863183,152674335775406,152674335878551,103.145,19.444,sent,1000,
523,152674340755962,152674340758339,1790295776034862607,152674340775561,152674340879097,103.536,19.599,sent,1000,
524,152674345755962,152674345757963,1790295776039862102,152674345774054,152674345877860,103.806,18.092,sent,1000,
525,152674350755962,152674350758217,1790295776044862426,152674350774898,152674350880609,105.711,18.936,sent,1000,
526,152674355755962,152674355758282,1790295776049862832,152674355774944,152674355877759,102.815,18.982,sent,1000,
527,152674360755962,152674360757857,1790295776054862236,152674360774579,152674360833991,59.412,18.617,sent,1000,
528,152674365755962,152674365757752,1790295776059862602,152674365775536,152674365877990,102.454,19.574,sent,1000,
529,152674370755962,152674370757876,1790295776064862205,152674370767605,152674370825224,57.619,11.643,sent,1000,
530,152674375755962,152674375757861,1790295776069862150,152674375774352,152674375876977,102.625,18.39,sent,1000,
531,152674380755962,152674380758217,1790295776074862516,152674380775270,152674380880499,105.229,19.308,sent,1000,
532,152674385755962,152674385756729,1790295776079859725,152674385760196,152674385785734,25.538,4.234,sent,1000,
533,152674390755962,152674390757475,1790295776084861403,152674390766782,152674390826145,59.363,10.82,sent,1000,
534,152674395755962,152674395757831,1790295776089862049,152674395774082,152674395876075,101.993,18.12,sent,1000,
535,152674400755962,152674400757435,1790295776094861744,152674400777403,152674400874958,97.555,21.441,sent,1000,
536,152674405755962,152674405758552,1790295776099863041,152674405776165,152674405880002,103.837,20.203,sent,1000,
537,152674410755962,152674410757334,1790295776104860882,152674410766632,152674410824842,58.21,10.67,sent,1000,
538,152674415755962,152674415758231,1790295776109862520,152674415775153,152674415877076,101.923,19.191,sent,1000,
539,152674420755962,152674420757986,1790295776114862545,152674420775048,152674420879055,104.007,19.086,sent,1000,
540,152674425755962,152674425757548,1790295776119861667,152674425773819,152674425879399,105.58,17.857,sent,1000,
541,152674430755962,152674430757554,1790295776124861081,152674430766851,152674430825082,58.231,10.889,sent,1000,
542,152674435755962,152674435758431,1790295776129862609,152674435774962,152674435881474,106.512,19.0,sent,1000,
543,152674440755962,152674440758216,1790295776134862414,152674440775198,152674440879445,104.247,19.236,sent,1000,
544,152674445755962,152674445757438,1790295776139861015,152674445766605,152674445826388,59.783,10.643,sent,1000,
545,152674450755962,152674450758054,1790295776144862664,152674450775157,152674450876479,101.322,19.195,sent,1000,
546,152674455755962,152674455757609,1790295776149861467,152674455767197,152674455825437,58.24,11.235,sent,1000,
547,152674460755962,152674460757544,1790295776154861722,152674460774175,152674460879645,105.47,18.213,sent,1000,
548,152674465755962,152674465758059,1790295776159862247,152674465774249,152674465878367,104.118,18.287,sent,1000,
549,152674470755962,152674470758265,1790295776164861782,152674470767582,152674470826193,58.611,11.62,sent,1000,
550,152674475755962,152674475757538,1790295776169861928,152674475773970,152674475878558,104.588,18.008,sent,1000,
551,152674480755962,152674480758055,1790295776174862193,152674480774075,152674480877411,103.336,18.113,sent,1000,
552,152674485755962,152674485758148,1790295776179862697,152674485775010,152674485879338,104.328,19.048,sent,1000,
553,152674490755962,152674490757442,1790295776184861030,152674490766670,152674490825211,58.541,10.708,sent,1000,
554,152674495755962,152674495757758,1790295776189861907,152674495773618,152674495877114,103.496,17.656,sent,1000,
555,152674500755962,152674500758084,1790295776194862293,152674500774986,152674500877861,102.875,19.024,sent,1000,
556,152674505755962,152674505758230,1790295776199863120,152674505774801,152674505877997,103.196,18.839,sent,1000,
557,152674510755962,152674510757664,1790295776204861873,152674510774516,152674510876950,102.434,18.554,sent,1000,
558,152674515755962,152674515757018,1790295776209860485,152674515765414,152674515817443,52.029,9.452,sent,1000,
559,152674520755962,152674520756731,1790295776214859738,152674520761059,152674520787139,26.08,5.097,sent,1000,
560,152674525755962,152674525756656,1790295776219859663,152674525759993,152674525784900,24.907,4.031,sent,1000,
561,152674530755962,152674530756622,1790295776224859628,152674530759818,152674530782861,23.043,3.856,sent,1000,
562,152674535755962,152674535756497,1790295776229859503,152674535759753,152674535784059,24.306,3.791,sent,1000,
563,152674540755962,152674540757843,1790295776234861441,152674540768012,152674540828848,60.836,12.05,sent,1000,
564,152674545755962,152674545757397,1790295776239861817,152674545773789,152674545879840,106.051,17.827,sent,1000,
565,152674550755962,152674550756722,1790295776244859718,152674550760399,152674550784885,24.486,4.437,sent,1000,
566,152674555755962,152674555758981,1790295776249863190,152674555775152,152674555880001,104.849,19.19,sent,1000,
567,152674560755962,152674560756700,1790295776254859707,152674560760408,152674560786958,26.55,4.446,sent,1000,
568,152674565755962,152674565758018,1790295776259862217,152674565774470,152674565877896,103.426,18.508,sent,1000,
569,152674570755962,152674570758234,1790295776264862723,152674570774755,152674570877019,102.264,18.793,sent,1000,
570,152674575755962,152674575758377,1790295776269862596,152674575774849,152674575881230,106.381,18.887,sent,1000,
571,152674580755962,152674580757902,1790295776274862100,152674580775034,152674580880173,105.139,19.072,sent,1000,
572,152674585755962,152674585758228,1790295776279861755,152674585767395,152674585826126,58.731,11.433,sent,1000,
573,152674590755962,152674590757542,1790295776284861059,152674590766599,152674590821002,54.403,10.637,sent,1000,
574,152674595755962,152674595757868,1790295776289862046,152674595774629,152674595877043,102.414,18.667,sent,1000,
575,152674600755962,152674600758041,1790295776294862210,152674600774543,152674600878019,103.476,18.581,sent,1000,
576,152674605755962,152674605757906,1790295776299861784,152674605767655,152674605825144,57.489,11.693,sent,1000,
577,152674610755962,152674610756870,1790295776304860748,152674610766538,152674610826221,59.683,10.576,sent,1000,
578,152674615755962,152674615757827,1790295776309862346,152674615775220,152674615882393,107.173,19.258,sent,1000,
579,152674620755962,152674620758183,1790295776314862342,152674620773793,152674620845799,72.006,17.831,sent,1000,
580,152674625755962,152674625758238,1790295776319862447,152674625774419,152674625880520,106.101,18.457,sent,1000,
581,152674630755962,152674630758131,1790295776324862360,152674630774923,152674630879992,105.069,18.961,sent,1000,
582,152674635755962,152674635758758,1790295776329863107,152674635775049,152674635883334,108.285,19.087,sent,1000,
583,152674640755962,152674640758292,1790295776334862451,152674640775004,152674640881316,106.312,19.042,sent,1000,
584,152674645755962,152674645758027,1790295776339862286,152674645774709,152674645881081,106.372,18.747,sent,1000,
585,152674650755962,152674650757902,1790295776344862061,152674650773762,152674650882889,109.127,17.8,sent,1000,
586,152674655755962,152674655758697,1790295776349862255,152674655767985,152674655827247,59.262,12.023,sent,1000,
587,152674660755962,152674660758051,1790295776354862490,152674660778350,152674660885072,106.722,22.388,sent,1000,
588,152674665755962,152674665758197,1790295776359862385,152674665775459,152674665880248,104.789,19.497,sent,1000,
589,152674670755962,152674670759132,1790295776364863350,152674670775062,152674670878368,103.306,19.1,sent,1000,
590,152674675755962,152674675758265,1790295776369862494,152674675774346,152674675878012,103.666,18.384,sent,1000,
591,152674680755962,152674680757790,1790295776374862009,152674680774501,152674680836890,62.389,18.539,sent,1000,
592,152674685755962,152674685758747,1790295776379863386,152674685777793,152674685880999,103.206,21.831,sent,1000,
593,152674690755962,152674690758239,1790295776384862438,152674690775412,152674690873948,98.536,19.45,sent,1000,
594,152674695755962,152674695756821,1790295776389860339,152674695765808,152674695828146,62.338,9.846,sent,1000,
595,152674700755962,152674700758049,1790295776394862217,152674700774270,152674700884779,110.509,18.308,sent,1000,
596,152674705755962,152674705758533,1790295776399863002,152674705775966,152674705878891,102.925,20.004,sent,1000,
597,152674710755962,152674710757927,1790295776404862116,152674710773877,152674710876732,102.855,17.915,sent,1000,
598,152674715755962,152674715757902,1790295776409862081,152674715774754,152674715881787,107.033,18.792,sent,1000,
599,152674720755962,152674720758649,1790295776414862838,152674720775441,152674720879528,104.087,19.479,sent,1000,
600,152674725755962,152674725757911,1790295776419862160,152674725774122,152674725885383,111.261,18.16,sent,1000,
601,152674730755962,152674730758267,1790295776424862376,152674730773927,152674730883675,109.748,17.965,sent,1000,
602,152674735755962,152674735758453,1790295776429862651,152674735774052,152674735879051,104.999,18.09,sent,1000,
603,152674740755962,152674740758378,1790295776434862597,152674740774999,152674740878265,103.266,19.037,sent,1000,
604,152674745755962,152674745757570,1790295776439861808,152674745773971,152674745877988,104.017,18.009,sent,1000,
605,152674750755962,152674750757926,1790295776444862184,152674750774647,152674750878534,103.887,18.685,sent,1000,
606,152674755755962,152674755756508,1790295776449859515,152674755759885,152674755783339,23.454,3.923,sent,1000,
607,152674760755962,152674760756483,1790295776454859500,152674760759709,152674760784677,24.968,3.747,sent,1000,
608,152674765755962,152674765757228,1790295776459860745,152674765766035,152674765824125,58.09,10.073,sent,1000,
609,152674770755962,152674770756552,1790295776464859559,152674770759979,152674770783684,23.705,4.017,sent,1000,
610,152674775755962,152674775758702,1790295776469862970,152674775775594,152674775878499,102.905,19.632,sent,1000,
611,152674780755962,152674780757795,1790295776474862014,152674780774968,152674780880097,105.129,19.006,sent,1000,
612,152674785755962,152674785758101,1790295776479862570,152674785775143,152674785880082,104.939,19.181,sent,1000,
613,152674790755962,152674790757515,1790295776484861674,152674790773345,152674790871281,97.936,17.383,sent,1000,
614,152674795755962,152674795757821,1790295776489861980,152674795774513,152674795879292,104.779,18.551,sent,1000,
615,152674800755962,152674800758367,1790295776494862726,152674800774949,152674800876421,101.472,18.987,sent,1000,
616,152674805755962,152674805758582,1790295776499863111,152674805775444,152674805879140,103.696,19.482,sent,1000,
617,152674810755962,152674810757034,1790295776504860632,152674810766552,152674810824522,57.97,10.59,sent,1000,
618,152674815755962,152674815757540,1790295776509861709,152674815773561,152674815876355,102.794,17.599,sent,1000,
619,152674820755962,152674820758325,1790295776514862564,152674820774626,152674820877251,102.625,18.664,sent,1000,
620,152674825755962,152674825758531,1790295776519862810,152674825775463,152674825880592,105.129,19.501,sent,1000,
621,152674830755962,152674830757474,1790295776524861052,152674830766572,152674830825413,58.841,10.61,sent,1000,
622,152674835755962,152674835757409,1790295776529861578,152674835773159,152674835875613,102.454,17.197,sent,1000,
623,152674840755962,152674840758234,1790295776534862393,152674840774124,152674840881298,107.174,18.162,sent,1000,
624,152674845755962,152674845757949,1790295776539862188,152674845774671,152674845877977,103.306,18.709,sent,1000,
625,152674850755962,152674850756993,1790295776544860470,152674850765208,152674850819201,53.993,9.246,sent,1000,
626,152674855755962,152674855757910,1790295776549861507,152674855767167,152674855825798,58.631,11.205,sent,1000,
627,152674860755962,152674860757895,1790295776554862154,152674860774006,152674860878424,104.418,18.044,sent,1000,
628,152674865755962,152674865757279,1790295776559860807,152674865766186,152674865824096,57.91,10.224,sent,1000,
629,152674870755962,152674870758848,1790295776564863016,152674870774507,152674870879145,104.638,18.545,sent,1000,
630,152674875755962,152674875758220,1790295776569862528,152674875773799,152674875877145,103.346,17.837,sent,1000,
631,152674880755962,152674880758074,1790295776574862283,152674880773784,152674880877751,103.967,17.822,sent,1000,
632,152674885755962,152674885758481,1790295776579862689,152674885775092,152674885879740,104.648,19.13,sent,1000,
633,152674890755962,152674890757624,1790295776584861192,152674890766661,152674890824180,57.519,10.699,sent,1000,
634,152674895755962,152674895757670,1790295776589861828,152674895774221,152674895878418,104.197,18.259,sent,1000,
635,152674900755962,152674900758164,1790295776594862383,152674900774535,152674900879534,104.999,18.573,sent,1000,
636,152674905755962,152674905759101,1790295776599863340,152674905775843,152674905880140,104.297,19.881,sent,1000,
637,152674910755962,152674910758185,1790295776604862413,152674910774135,152674910876799,102.664,18.173,sent,1000,
638,152674915755962,152674915757669,1790295776609861988,152674915774571,152674915877065,102.494,18.609,sent,1000,
639,152674920755962,152674920758526,1790295776614862915,152674920774386,152674920880547,106.161,18.424,sent,1000,
640,152674925755962,152674925758561,1790295776619862760,152674925775133,152674925877637,102.504,19.171,sent,1000,
641,152674930755962,152674930757092,1790295776624860920,152674930766339,152674930822566,56.227,10.377,sent,1000,
642,152674935755962,152674935756515,1790295776629859412,152674935758810,152674935775051,16.241,2.848,sent,1000,
643,152674940755962,152674940756340,1790295776634859287,152674940759086,152674940777150,18.064,3.124,sent,1000,
644,152674945755962,152674945756646,1790295776639859663,152674945759873,152674945779840,19.967,3.911,sent,1000,
645,152674950755962,152674950756560,1790295776644859577,152674950759897,152674950784583,24.686,3.935,sent,1000,
646,152674955755962,152674955756716,1790295776649859742,152674955760372,152674955784488,24.116,4.41,sent,1000,
647,152674960755962,152674960756731,1790295776654859747,152674960759967,152674960786257,26.29,4.005,sent,1000,
648,152674965755962,152674965757618,1790295776659861817,152674965773288,152674965875652,102.364,17.326,sent,1000,
649,152674970755962,152674970757943,1790295776664861580,152674970767150,152674970825571,58.421,11.188,sent,1000,
650,152674975755962,152674975758679,1790295776669862867,152674975774719,152674975878957,104.238,18.757,sent,1000,
651,152674980755962,152674980757522,1790295776674862021,152674980774464,152674980876658,102.194,18.502,sent,1000,
652,152674985755962,152674985758559,1790295776679862817,152674985775681,152674985881592,105.911,19.719,sent,1000,
653,152674990755962,152674990757631,1790295776684861569,152674990767490,152674990826762,59.272,11.528,sent,1000,
654,152674995755962,152674995757867,1790295776689862416,152674995774679,152674995877333,102.654,18.717,sent,1000,
655,152675000755962,152675000758093,1790295776694862482,152675000774865,152675000877088,102.223,18.903,sent,1000,
656,152675005755962,152675005759139,1790295776699863609,152675005775941,152675005880870,104.929,19.979,sent,1000,
657,152675010755962,152675010757881,1790295776704861399,152675010767499,152675010826060,58.561,11.537,sent,1000,
658,152675015755962,152675015757927,1790295776709862145,152675015774628,152675015879948,105.32,18.666,sent,1000,
659,152675020755962,152675020757070,1790295776714860678,152675020768272,152675020839847,71.575,12.31,sent,1000,
660,152675025755962,152675025756945,1790295776719861043,152675025764539,152675025799135,34.596,8.577,sent,1000,
661,152675030755962,152675030756648,1790295776724859975,152675030760646,152675030784501,23.855,4.684,sent,1000,
662,152675035755962,152675035757586,1790295776729861945,152675035773015,152675035877142,104.127,17.053,sent,1000,
663,152675040755962,152675040757691,1790295776734861990,152675040767520,152675040827653,60.133,11.558,sent,1000,
664,152675045755962,152675045756903,1790295776739860771,152675045766712,152675045824371,57.659,10.75,sent,1000,
665,152675050755962,152675050757600,1790295776744861127,152675050766757,152675050824046,57.289,10.795,sent,1000,
666,152675055755962,152675055758587,1790295776749863056,152675055774838,152675055879056,104.218,18.876,sent,1000,
667,152675060755962,152675060757611,1790295776754861208,152675060766748,152675060827172,60.424,10.786,sent,1000,
668,152675065755962,152675065757985,1790295776759862224,152675065774556,152675065877191,102.635,18.594,sent,1000,
669,152675070755962,152675070758882,1790295776764863101,152675070774963,152675070878469,103.506,19.001,sent,1000,
670,152675075755962,152675075758176,1790295776769862655,152675075774868,152675075877823,102.955,18.906,sent,1000,
671,152675080755962,152675080757730,1790295776774861979,152675080774843,152675080880633,105.79,18.881,sent,1000,
672,152675085755962,152675085756612,1790295776779859639,152675085759868,152675085783343,23.475,3.906,sent,1000,
673,152675090755962,152675090757910,1790295776784862119,152675090798607,152675090905249,106.642,42.645,sent,1000,
674,152675095755962,152675095757845,1790295776789862325,152675095774697,152675095884225,109.528,18.735,sent,1000,
675,152675100755962,152675100758161,1790295776794862490,152675100774392,152675100878499,104.107,18.43,sent,1000,
676,152675105755962,152675105757383,1790295776799861792,152675105766250,152675105819852,53.602,10.288,sent,1000,
677,152675110755962,152675110758621,1790295776804863070,152675110775333,152675110882736,107.403,19.371,sent,1000,
678,152675115755962,152675115758356,1790295776809862645,152675115774617,152675115882271,107.654,18.655,sent,1000,
679,152675120755962,152675120758471,1790295776814862680,152675120775634,152675120879531,103.897,19.672,sent,1000,
680,152675125755962,152675125758705,1790295776819862964,152675125774996,152675125877811,102.815,19.034,sent,1000,
681,152675130755962,152675130757077,1790295776824860615,152675130766696,152675130824836,58.14,10.734,sent,1000,
682,152675135755962,152675135758275,1790295776829862514,152675135774185,152675135881709,107.524,18.223,sent,1000,
683,152675140755962,152675140757397,1790295776834861856,152675140773958,152675140877294,103.336,17.996,sent,1000,
684,152675145755962,152675145757011,1790295776839860749,152675145766489,152675145824940,58.451,10.527,sent,1000,
685,152675150755962,152675150758539,1790295776844862808,152675150775582,152675150882845,107.263,19.62,sent,1000,
686,152675155755962,152675155758795,1790295776849863054,152675155775116,152675155885295,110.179,19.154,sent,1000,
687,152675160755962,152675160758430,1790295776854862739,152675160775262,152675160878758,103.496,19.3,sent,1000,
688,152675165755962,152675165758405,1790295776859862764,152675165775668,152675165881448,105.78,19.706,sent,1000,
689,152675170755962,152675170758821,1790295776864863080,152675170774982,152675170882716,107.734,19.02,sent,1000,
690,152675175755962,152675175758564,1790295776869863093,152675175775576,152675175880595,105.019,19.614,sent,1000,
691,152675180755962,152675180758099,1790295776874862287,152675180774760,152675180880370,105.61,18.798,sent,1000,
692,152675185755962,152675185758274,1790295776879862483,152675185774745,152675185879233,104.488,18.783,sent,1000,
693,152675190755962,152675190757498,1790295776884861917,152675190772506,152675190869370,96.864,16.544,sent,1000,
694,152675195755962,152675195757170,1790295776889860658,152675195766077,152675195824107,58.03,10.115,sent,1000,
695,152675200755962,152675200756705,1790295776894859721,152675200760282,152675200787784,27.502,4.32,sent,1000,
696,152675205755962,152675205757932,1790295776899861480,152675205767040,152675205824428,57.388,11.078,sent,1000,
697,152675210755962,152675210756555,1790295776904859582,152675210759851,152675210783556,23.705,3.889,sent,1000,
698,152675215755962,152675215757912,1790295776909862110,152675215773872,152675215882427,108.555,17.91,sent,1000,
699,152675220755962,152675220756775,1790295776914859791,152675220760682,152675220786521,25.839,4.72,sent,1000,
700,152675225755962,152675225757862,1790295776919861800,152675225767611,152675225826763,59.152,11.649,sent,1000,
701,152675230755962,152675230757425,1790295776924861744,152675230773396,152675230876862,103.466,17.434,sent,1000,
702,152675235755962,152675235758461,1790295776929862689,152675235775643,152675235879841,104.198,19.681,sent,1000,
703,152675240755962,152675240758075,1790295776934862204,152675240774857,152675240880227,105.37,18.895,sent,1000,
704,152675245755962,152675245757950,1790295776939862129,152675245773790,152675245876635,102.845,17.828,sent,1000,
705,152675250755962,152675250757815,1790295776944861994,152675250774317,152675250884826,110.509,18.355,sent,1000,
706,152675255755962,152675255758963,1790295776949863182,152675255775775,152675255885443,109.668,19.813,sent,1000,
707,152675260755962,152675260757726,1790295776954861594,152675260767324,152675260825204,57.88,11.362,sent,1000,
708,152675265755962,152675265757821,1790295776959861980,152675265774052,152675265878200,104.148,18.09,sent,1000,
709,152675270755962,152675270758676,1790295776964862845,152675270774096,152675270878914,104.818,18.134,sent,1000,
710,152675275755962,152675275758571,1790295776969862760,152675275775103,152675275880633,105.53,19.141,sent,1000,
711,152675280755962,152675280757795,1790295776974861954,152675280773926,152675280878464,104.538,17.964,sent,1000,
712,152675285755962,152675285758099,1790295776979862488,152675285775783,152675285880211,104.428,19.821,sent,1000,
713,152675290755962,152675290757383,1790295776984861552,152675290773874,152675290876128,102.254,17.912,sent,1000,
714,152675295755962,152675295757659,1790295776989861587,152675295767117,152675295825848,58.731,11.155,sent,1000,
715,152675300755962,152675300757935,1790295776994862214,152675300775017,152675300874195,99.178,19.055,sent,1000,
716,152675305755962,152675305756777,1790295776999859794,152675305760514,152675305786223,25.709,4.552,sent,1000,
717,152675310755962,152675310758164,1790295777004861702,152675310767402,152675310827215,59.813,11.44,sent,1000,
718,152675315755962,152675315757569,1790295777009861777,152675315774220,152675315876654,102.434,18.258,sent,1000,
719,152675320755962,152675320758175,1790295777014862404,152675320775227,152675320879565,104.338,19.265,sent,1000,
720,152675325755962,152675325758288,1790295777019861796,152675325767396,152675325827249,59.853,11.434,sent,1000,
721,152675330755962,152675330757643,1790295777024861791,152675330773202,152675330874274,101.072,17.24,sent,1000,
722,152675335755962,152675335758540,1790295777029862758,152675335774570,152675335877004,102.434,18.608,sent,1000,
723,152675340755962,152675340758064,1790295777034862263,152675340774365,152675340879444,105.079,18.403,sent,1000,
724,152675345755962,152675345757897,1790295777039862055,152675345774939,152675345880579,105.64,18.977,sent,1000,
725,152675350755962,152675350757439,1790295777044861648,152675350772638,152675350876455,103.817,16.676,sent,1000,
726,152675355755962,152675355758487,1790295777049862986,152675355774377,152675355879265,104.888,18.415,sent,1000,
727,152675360755962,152675360758943,1790295777054863141,152675360775554,152675360878239,102.685,19.592,sent,1000,
728,152675365755962,152675365757275,1790295777059860782,152675365766593,152675365826186,59.593,10.631,sent,1000,
729,152675370755962,152675370757992,1790295777064861549,152675370767139,152675370825229,58.09,11.177,sent,1000,
730,152675375755962,152675375758979,1790295777069863158,152675375775110,152675375877864,102.754,19.148,sent,1000,
731,152675380755962,152675380757872,1790295777074862191,152675380775135,152675380877509,102.374,19.173,sent,1000,
732,152675385755962,152675385758276,1790295777079862575,152675385774687,152675385878313,103.626,18.725,sent,1000,
733,152675390755962,152675390757798,1790295777084861917,152675390773939,152675390876874,102.935,17.977,sent,1000,
734,152675395755962,152675395757684,1790295777089861231,152675395766741,152675395825442,58.701,10.779,sent,1000,
735,152675400755962,152675400757599,1790295777094861878,152675400774611,152675400877726,103.115,18.649,sent,1000,
736,152675405755962,152675405756632,1790295777099859649,152675405760149,152675405785627,25.478,4.187,sent,1000,
737,152675410755962,152675410758020,1790295777104861858,152675410767799,152675410827241,59.442,11.837,sent,1000,
738,152675415755962,152675415757715,1790295777109861924,152675415774978,152675415879596,104.618,19.016,sent,1000,
739,152675420755962,152675420758330,1790295777114862558,152675420775212,152675420879609,104.397,19.25,sent,1000,
740,152675425755962,152675425759066,1790295777119863295,152675425775508,152675425879695,104.187,19.546,sent,1000,
741,152675430755962,152675430757178,1790295777124860706,152675430766295,152675430825417,59.122,10.333,sent,1000,
742,152675435755962,152675435758606,1790295777129862895,152675435774887,152675435878884,103.997,18.925,sent,1000,
743,152675440755962,152675440757860,1790295777134862119,152675440773770,152675440881745,107.975,17.808,sent,1000,
744,152675445755962,152675445758417,1790295777139862876,152675445775489,152675445879175,103.686,19.527,sent,1000,
745,152675450755962,152675450757961,1790295777144862090,152675450774432,152675450878209,103.777,18.47,sent,1000,
746,152675455755962,152675455757876,1790295777149861424,152675455767324,152675455824703,57.379,11.362,sent,1000,
747,152675460755962,152675460758471,1790295777154862008,152675460767718,152675460826770,59.052,11.756,sent,1000,
748,152675465755962,152675465757725,1790295777159861963,152675465774446,152675465878033,103.587,18.484,sent,1000,
749,152675470755962,152675470758532,1790295777164862730,152675470776045,152675470879230,103.185,20.083,sent,1000,
750,152675475755962,152675475758537,1790295777169862976,152675475775088,152675475877362,102.274,19.126,sent,1000,
751,152675480755962,152675480758061,1790295777174862320,152675480774943,152675480879672,104.729,18.981,sent,1000,
752,152675485755962,152675485758407,1790295777179862676,152675485774799,152675485876491,101.692,18.837,sent,1000,
753,152675490755962,152675490758182,1790295777184862391,152675490774694,152675490878801,104.107,18.732,sent,1000,
754,152675495755962,152675495758466,1790295777189861983,152675495767513,152675495825553,58.04,11.551,sent,1000,
755,152675500755962,152675500757660,1790295777194861858,152675500774832,152675500878469,103.637,18.87,sent,1000,
756,152675505755962,152675505758416,1790295777199862886,152675505775689,152675505877162,101.473,19.727,sent,1000,
757,152675510755962,152675510758322,1790295777204862811,152675510774913,152675510878509,103.596,18.951,sent,1000,
758,152675515755962,152675515756632,1790295777209860129,152675515765148,152675515818399,53.251,9.186,sent,1000,
759,152675520755962,152675520756657,1790295777214859683,152675520760835,152675520786574,25.739,4.873,sent,1000,
760,152675525755962,152675525756672,1790295777219859699,152675525760149,152675525784164,24.015,4.187,sent,1000,
761,152675530755962,152675530756447,1790295777224859464,152675530759934,152675530783298,23.364,3.972,sent,1000,
762,152675535755962,152675535756631,1790295777229859658,152675535759827,152675535785205,25.378,3.865,sent,1000,
763,152675540755962,152675540756707,1790295777234859723,152675540760013,152675540783938,23.925,4.051,sent,1000,
764,152675545755962,152675545756732,1790295777239859758,152675545760048,152675545784084,24.036,4.086,sent,1000,
765,152675550755962,152675550757528,1790295777244861045,152675550767106,152675550826639,59.533,11.144,sent,1000,
766,152675555755962,152675555758534,1790295777249862763,152675555774925,152675555880235,105.31,18.963,sent,1000,
767,152675560755962,152675560758339,1790295777254862588,152675560774831,152675560880190,105.359,18.869,sent,1000,
768,152675565755962,152675565756972,1790295777259860479,152675565766450,152675565825532,59.082,10.488,sent,1000,
769,152675570755962,152675570758018,1790295777264861536,152675570767246,152675570825476,58.23,11.284,sent,1000,
770,152675575755962,152675575758743,1790295777269862901,152675575774342,152675575879762,105.42,18.38,sent,1000,
771,152675580755962,152675580757877,1790295777274862165,152675580773897,152675580877944,104.047,17.935,sent,1000,
772,152675585755962,152675585756529,1790295777279859556,152675585759886,152675585783511,23.625,3.924,sent,1000,
773,152675590755962,152675590757477,1790295777284861044,152675590766704,152675590825245,58.541,10.742,sent,1000,
774,152675595755962,152675595757883,1790295777289861420,152675595767070,152675595824719,57.649,11.108,sent,1000,
775,152675600755962,152675600901200,1790295777295005398,152675600918172,152675601026116,107.944,162.21,sent,1000,
776,152675605755962,152675605757893,1790295777299861441,152675605766770,152675605823327,56.557,10.808,sent,1000,
777,152675610755962,152675610757898,1790295777304861726,152675610767536,152675610826768,59.232,11.574,sent,1000,
778,152675615755962,152675615756630,1790295777309859646,152675615760127,152675615785364,25.237,4.165,sent,1000,
779,152675620755962,152675620758419,1790295777314862667,152675620775281,152675620880510,105.229,19.319,sent,1000,
780,152675625755962,152675625759055,1790295777319862592,152675625767941,152675625826382,58.441,11.979,sent,1000,
781,152675630755962,152675630758287,1790295777324862476,152675630776262,152675630881060,104.798,20.3,sent,1000,
782,152675635755962,152675635757712,1790295777329861940,152675635774233,152675635877849,103.616,18.271,sent,1000,
783,152675640755962,152675640757507,1790295777334861745,152675640774168,152675640877284,103.116,18.206,sent,1000,
784,152675645755962,152675645756610,1790295777339859626,152675645759946,152675645783571,23.625,3.984,sent,1000,
785,152675650755962,152675650758057,1790295777344862255,152675650774037,152675650879938,105.901,18.075,sent,1000,
786,152675655755962,152675655758363,1790295777349862491,152675655774874,152675655876967,102.093,18.912,sent,1000,
787,152675660755962,152675660758478,1790295777354862066,152675660767746,152675660826217,58.471,11.784,sent,1000,
788,152675665755962,152675665757301,1790295777359860848,152675665766488,152675665824298,57.81,10.526,sent,1000,
789,152675670755962,152675670757606,1790295777364861143,152675670766783,152675670826346,59.563,10.821,sent,1000,
790,152675675755962,152675675757931,1790295777369862130,152675675775144,152675675881436,106.292,19.182,sent,1000,
791,152675680755962,152675680757225,1790295777374861384,152675680773967,152675680873135,99.168,18.005,sent,1000,
792,152675685755962,152675685756618,1790295777379859645,152675685760195,152675685792246,32.051,4.233,sent,1000,
793,152675690755962,152675690764308,1790295777384868707,152675690782322,152675690890557,108.235,26.36,sent,1000,
794,152675695755962,152675695757390,1790295777389861629,152675695767389,152675695826732,59.343,11.427,sent,1000,
795,152675700755962,152675700757836,1790295777394862105,152675700775239,152675700881090,105.851,19.277,sent,1000,
796,152675705755962,152675705758050,1790295777399861577,152675705767448,152675705828584,61.136,11.486,sent,1000,
797,152675710755962,152675710758394,1790295777404862603,152675710775446,152675710879543,104.097,19.484,sent,1000,
798,152675715755962,152675715757678,1790295777409861846,152675715773277,152675715877054,103.777,17.315,sent,1000,
799,152675720755962,152675720758405,1790295777414862713,152675720774856,152675720881748,106.892,18.894,sent,1000,
800,152675725755962,152675725759071,1790295777419863230,152675725775583,152675725881714,106.131,19.621,sent,1000,
801,152675730755962,152675730758385,1790295777424862754,152675730774826,152675730878753,103.927,18.864,sent,1000,
802,152675735755962,152675735757549,1790295777429861678,152675735774201,152675735878208,104.007,18.239,sent,1000,
803,152675740755962,152675740757624,1790295777434861803,152675740774637,152675740878393,103.756,18.675,sent,1000,
804,152675745755962,152675745758450,1790295777439862759,152675745774530,152675745884899,110.369,18.568,sent,1000,
805,152675750755962,152675750757944,1790295777444862163,152675750775027,152675750884103,109.076,19.065,sent,1000,
806,152675755755962,152675755758380,1790295777449862549,152675755774761,152675755877817,103.056,18.799,sent,1000,
807,152675760755962,152675760758294,1790295777454862523,152675760774174,152675760880906,106.732,18.212,sent,1000,
808,152675765755962,152675765757558,1790295777459861746,152675765774049,152675765878226,104.177,18.087,sent,1000,
809,152675770755962,152675770758224,1790295777464862533,152675770774475,152675770878522,104.047,18.513,sent,1000,
810,152675775755962,152675775758470,1790295777469863330,152675775775522,152675775879610,104.088,19.56,sent,1000,
811,152675780755962,152675780758173,1790295777474862382,152675780774815,152675780878471,103.656,18.853,sent,1000,
812,152675785755962,152675785756606,1790295777479859632,152675785759862,152675785783426,23.564,3.9,sent,1000,
813,152675790755962,152675790756901,1790295777484860499,152675790766259,152675790824750,58.491,10.297,sent,1000,
814,152675795755962,152675795757929,1790295777489861536,152675795767437,152675795826258,58.821,11.475,sent,1000,
815,152675800755962,152675800758012,1790295777494862221,152675800776598,152675800880695,104.097,20.636,sent,1000,
816,152675805755962,152675805756535,1790295777499859561,152675805759861,152675805783436,23.575,3.899,sent,1000,
817,152675810755962,152675810757482,1790295777504862052,152675810768022,152675810826603,58.581,12.06,sent,1000,
818,152675815755962,152675815757908,1790295777509862157,152675815773798,152675815881893,108.095,17.836,sent,1000,
819,152675820755962,152675820758052,1790295777514862241,152675820774253,152675820879743,105.49,18.291,sent,1000,
820,152675825755962,152675825759200,1790295777519863368,152675825775871,152675825879898,104.027,19.909,sent,1000,
821,152675830755962,152675830758243,1790295777524862372,152675830773953,152675830877649,103.696,17.991,sent,1000,
822,152675835755962,152675835757447,1790295777529861555,152675835773467,152675835872775,99.308,17.505,sent,1000,
823,152675840755962,152675840757953,1790295777534862122,152675840774244,152675840875877,101.633,18.282,sent,1000,
824,152675845755962,152675845758279,1790295777539863360,152675845774901,152675845877896,102.995,18.939,sent,1000,
825,152675850755962,152675850757593,1790295777544861832,152675850773954,152675850876358,102.404,17.992,sent,1000,
826,152675855755962,152675855758328,1790295777549862546,152675855774388,152675855876001,101.613,18.426,sent,1000,
827,152675860755962,152675860758724,1790295777554862261,152675860768612,152675860826863,58.251,12.65,sent,1000,
828,152675865755962,152675865758008,1790295777559862266,152675865774409,152675865879438,105.029,18.447,sent,1000,
829,152675870755962,152675870757532,1790295777564861070,152675870766720,152675870825020,58.3,10.758,sent,1000,
830,152675875755962,152675875759139,1790295777569863458,152675875776432,152675875881150,104.718,20.47,sent,1000,
831,152675880755962,152675880758503,1790295777574862732,152675880775515,152675880880614,105.099,19.553,sent,1000,
832,152675885755962,152675885756675,1790295777579859691,152675885760182,152675885785469,25.287,4.22,sent,1000,
833,152675890755962,152675890757671,1790295777584861228,152675890767109,152675890825900,58.791,11.147,sent,1000,
834,152675895755962,152675895758006,1790295777589862015,152675895767554,152675895826717,59.163,11.592,sent,1000,
835,152675900755962,152675900757521,1790295777594861870,152675900773681,152675900879422,105.741,17.719,sent,1000,
836,152675905755962,152675905758228,1790295777599862386,152675905774579,152675905879718,105.139,18.617,sent,1000,
837,152675910755962,152675910758452,1790295777604861990,152675910767700,152675910826411,58.711,11.738,sent,1000,
838,152675915755962,152675915757584,1790295777609861853,152675915773794,152675915879124,105.33,17.832,sent,1000,
839,152675920755962,152675920758070,1790295777614862249,152675920774431,152675920879240,104.809,18.469,sent,1000,
840,152675925755962,152675925758947,1790295777619863126,152675925775508,152675925879866,104.358,19.546,sent,1000,
841,152675930755962,152675930757510,1790295777624861358,152675930766176,152675930818535,52.359,10.214,sent,1000,
842,152675935755962,152675935756483,1790295777629859520,152675935760451,152675935785408,24.957,4.489,sent,1000,
843,152675940755962,152675940756749,1790295777634859765,152675940781165,152675940805762,24.597,25.203,sent,1000,
844,152675945755962,152675945756494,1790295777639859510,152675945759690,152675945784888,25.198,3.728,sent,1000,
845,152675950755962,152675950756638,1790295777644859665,152675950759884,152675950782878,22.994,3.922,sent,1000,
846,152675955755962,152675955756493,1790295777649859509,152675955759709,152675955784225,24.516,3.747,sent,1000,
847,152675960755962,152675960756638,1790295777654859665,152675960759945,152675960784090,24.145,3.983,sent,1000,
848,152675965755962,152675965757445,1790295777659861703,152675965773986,152675965875578,101.592,18.024,sent,1000,
849,152675970755962,152675970757509,1790295777664861057,152675970766677,152675970825678,59.001,10.715,sent,1000,
850,152675975755962,152675975758707,1790295777669862915,152675975775108,152675975878945,103.837,19.146,sent,1000,
851,152675980755962,152675980758291,1790295777674862450,152675980774843,152675980879812,104.969,18.881,sent,1000,
852,152675985755962,152675985756653,1790295777679859669,152675985760370,152675985784746,24.376,4.408,sent,1000,
853,152675990755962,152675990758010,1790295777684862529,152675990774802,152675990879540,104.738,18.84,sent,1000,
854,152675995755962,152675995757695,1790295777689861222,152675995766892,152675995821005,54.113,10.93,sent,1000,
855,152676000755962,152676000757690,1790295777694861848,152676000774321,152676000879511,105.19,18.359,sent,1000,
856,152676005755962,152676005757693,1790295777699861210,152676005766530,152676005825421,58.891,10.568,sent,1000,
857,152676010755962,152676010757637,1790295777704861545,152676010767476,152676010826167,58.691,11.514,sent,1000,
858,152676015755962,152676015757793,1790295777709862022,152676015773963,152676015876858,102.895,18.001,sent,1000,
859,152676020755962,152676020757006,1790295777714860694,152676020767957,152676020832069,64.112,11.995,sent,1000,
860,152676025755962,152676025757431,1790295777719862071,152676025770165,152676025822274,52.109,14.203,sent,1000,
861,152676030755962,152676030756605,1790295777724859611,152676030760242,152676030783616,23.374,4.28,sent,1000,
862,152676035755962,152676035757863,1790295777729862131,152676035774715,152676035878191,103.476,18.753,sent,1000,
863,152676040755962,152676040758509,1790295777734862978,152676040775181,152676040878637,103.456,19.219,sent,1000,
864,152676045755962,152676045758092,1790295777739862892,152676045775074,152676045877999,102.925,19.112,sent,1000,
865,152676050755962,152676050757266,1790295777744860823,152676050766453,152676050826798,60.345,10.491,sent,1000,
866,152676055755962,152676055758333,1790295777749862652,152676055775015,152676055877790,102.775,19.053,sent,1000,
867,152676060755962,152676060757928,1790295777754861565,152676060767135,152676060824724,57.589,11.173,sent,1000,
868,152676065755962,152676065757771,1790295777759861989,152676065774112,152676065880253,106.141,18.15,sent,1000,
869,152676070755962,152676070757976,1790295777764862145,152676070773806,152676070876892,103.086,17.844,sent,1000,
870,152676075755962,152676075759695,1790295777769864014,152676075776357,152676075879772,103.415,20.395,sent,1000,
871,152676080755962,152676080758869,1790295777774863027,152676080774909,152676080878986,104.077,18.947,sent,1000,
872,152676085755962,152676085758093,1790295777779862622,152676085775125,152676085877339,102.214,19.163,sent,1000,
873,152676090755962,152676090757497,1790295777784861786,152676090767636,152676090825646,58.01,11.674,sent,1000,
874,152676095755962,152676095757362,1790295777789861600,152676095773633,152676095871889,98.256,17.671,sent,1000,
875,152676100755962,152676100757125,1790295777794860662,152676100766422,152676100825915,59.493,10.46,sent,1000,
876,152676105755962,152676105757811,1790295777799861349,152676105766929,152676105824838,57.909,10.967,sent,1000,
877,152676110755962,152676110758388,1790295777804862596,152676110775089,152676110878956,103.867,19.127,sent,1000,
878,152676115755962,152676115758443,1790295777809862712,152676115775616,152676115879162,103.546,19.654,sent,1000,
879,152676120755962,152676120758076,1790295777814862295,152676120774798,152676120875969,101.171,18.836,sent,1000,
880,152676125755962,152676125756608,1790295777819859615,152676125760325,152676125784221,23.896,4.363,sent,1000,
881,152676130755962,152676130757986,1790295777824861524,152676130766963,152676130825474,58.511,11.001,sent,1000,
882,152676135755962,152676135756950,1790295777829860477,152676135766267,152676135824999,58.732,10.305,sent,1000,
883,152676140755962,152676140758837,1790295777834862955,152676140775989,152676140881860,105.871,20.027,sent,1000,
884,152676145755962,152676145758161,1790295777839862540,152676145774181,152676145872488,98.307,18.219,sent,1000,
885,152676150755962,152676150757475,1790295777844861634,152676150774006,152676150877813,103.807,18.044,sent,1000,
886,152676155755962,152676155758673,1790295777849862881,152676155775104,152676155879892,104.788,19.142,sent,1000,
887,152676160755962,152676160758858,1790295777854863097,152676160775770,152676160881340,105.57,19.808,sent,1000,
888,152676165755962,152676165758132,1790295777859862461,152676165776046,152676165877068,101.022,20.084,sent,1000,
889,152676170755962,152676170758558,1790295777864862767,152676170775420,152676170879207,103.787,19.458,sent,1000,
890,152676175755962,152676175759313,1790295777869863572,152676175776095,152676175882797,106.702,20.133,sent,1000,
891,152676180755962,152676180758988,1790295777874863227,152676180775459,152676180883213,107.754,19.497,sent,1000,
892,152676185755962,152676185757921,1790295777879862220,152676185774252,152676185880243,105.991,18.29,sent,1000,
893,152676190755962,152676190758808,1790295777884862987,152676190775640,152676190880959,105.319,19.678,sent,1000,
894,152676195755962,152676195758791,1790295777889863150,152676195776074,152676195880261,104.187,20.112,sent,1000,
895,152676200755962,152676200775789,1790295777894879326,152676200785357,152676200846403,61.046,29.395,sent,1000,
896,152676205755962,152676205758241,1790295777899862580,152676205774732,152676205881404,106.672,18.77,sent,1000,
897,152676210755962,152676210759628,1790295777904863897,152676210776681,152676210882842,106.161,20.719,sent,1000,
898,152676215755962,152676215758239,1790295777909862849,152676215774330,152676215879329,104.999,18.368,sent,1000,
899,152676220755962,152676220758034,1790295777914862213,152676220775267,152676220878623,103.356,19.305,sent,1000,
900,152676225755962,152676225757949,1790295777919861457,152676225767167,152676225828102,60.935,11.205,sent,1000,
901,152676230755962,152676230757563,1790295777924861691,152676230767391,152676230827145,59.754,11.429,sent,1000,
902,152676235755962,152676235756836,1790295777929860364,152676235765903,152676235825286,59.383,9.941,sent,1000,
903,152676240755962,152676240758855,1790295777934863084,152676240775707,152676240882991,107.284,19.745,sent,1000,
904,152676245755962,152676245758360,1790295777939861987,152676245768910,152676245831118,62.208,12.948,sent,1000,
905,152676250755962,152676250757242,1790295777944860769,152676250766570,152676250828527,61.957,10.608,sent,1000,
906,152676255755962,152676255757547,1790295777949861095,152676255766945,152676255826117,59.172,10.983,sent,1000,
907,152676260755962,152676260757452,1790295777954861972,152676260767411,152676260826774,59.363,11.449,sent,1000,
908,152676265755962,152676265758340,1790295777959862488,152676265775091,152676265877986,102.895,19.129,sent,1000,
909,152676270755962,152676270758475,1790295777964862744,152676270774936,152676270877981,103.045,18.974,sent,1000,
910,152676275755962,152676275758919,1790295777969863128,152676275775981,152676275884136,108.155,20.019,sent,1000,
911,152676280755962,152676280758414,1790295777974862923,152676280775516,152676280883921,108.405,19.554,sent,1000,
912,152676285755962,152676285757948,1790295777979862147,152676285775000,152676285883065,108.065,19.038,sent,1000,
913,152676290755962,152676290758292,1790295777984862771,152676290775064,152676290879321,104.257,19.102,sent,1000,
914,152676295755962,152676295758878,1790295777989863107,152676295775199,152676295880829,105.63,19.237,sent,1000,
915,152676300755962,152676300757912,1790295777994862140,152676300774523,152676300879512,104.989,18.561,sent,1000,
916,152676305755962,152676305758476,1790295777999862665,152676305775218,152676305878273,103.055,19.256,sent,1000,
917,152676310755962,152676310758241,1790295778004862720,152676310774081,152676310877647,103.566,18.119,sent,1000,
918,152676315755962,152676315758236,1790295778009862445,152676315774627,152676315877552,102.925,18.665,sent,1000,
919,152676320755962,152676320757951,1790295778014862120,152676320774683,152676320877427,102.744,18.721,sent,1000,
920,152676325755962,152676325757854,1790295778019861502,152676325767001,152676325826073,59.072,11.039,sent,1000,
921,152676330755962,152676330758320,1790295778024862910,152676330774852,152676330879069,104.217,18.89,sent,1000,
922,152676335755962,152676335758025,1790295778029862204,152676335774647,152676335878554,103.907,18.685,sent,1000,
923,152676340755962,152676340758331,1790295778034862520,152676340774261,152676340879381,105.12,18.299,sent,1000,
924,152676345755962,152676345756642,1790295778039859649,152676345760730,152676345785868,25.138,4.768,sent,1000,
925,152676350755962,152676350756998,1790295778044860515,152676350766265,152676350825738,59.473,10.303,sent,1000,
926,152676355755962,152676355757444,1790295778049861652,152676355767383,152676355826384,59.001,11.421,sent,1000,
927,152676360755962,152676360758210,1790295778054862459,152676360775363,152676360879159,103.796,19.401,sent,1000,
928,152676365755962,152676365758124,1790295778059862293,152676365774936,152676365877781,102.845,18.974,sent,1000,
929,152676370755962,152676370757208,1790295778064860755,152676370766295,152676370826138,59.843,10.333,sent,1000,
930,152676375755962,152676375758546,1790295778069862724,152676375775698,152676375879755,104.057,19.736,sent,1000,
931,152676380755962,152676380758511,1790295778074862679,152676380775453,152676380879169,103.716,19.491,sent,1000,
932,152676385755962,152676385757672,1790295778079862051,152676385774084,152676385876468,102.384,18.122,sent,1000,
933,152676390755962,152676390758299,1790295778084862768,152676390775472,152676390881543,106.071,19.51,sent,1000,
934,152676395755962,152676395758264,1790295778089862764,152676395774826,152676395878031,103.205,18.864,sent,1000,
935,152676400755962,152676400757418,1790295778094861045,152676400766876,152676400826088,59.212,10.914,sent,1000,
936,152676405755962,152676405757221,1790295778099860659,152676405765447,152676405819179,53.732,9.485,sent,1000,
937,152676410755962,152676410757858,1790295778104861455,152676410767376,152676410824715,57.339,11.414,sent,1000,
938,152676415755962,152676415758104,1790295778109861611,152676415767311,152676415826553,59.242,11.349,sent,1000,
939,152676420755962,152676420757728,1790295778114861917,152676420774279,152676420877445,103.166,18.317,sent,1000,
940,152676425755962,152676425758774,1790295778119862963,152676425774945,152676425879884,104.939,18.983,sent,1000,
941,152676430755962,152676430758218,1790295778124861766,152676430767806,152676430826969,59.163,11.844,sent,1000,
942,152676435755962,152676435757612,1790295778129861791,152676435774334,152676435877409,103.075,18.372,sent,1000,
943,152676440755962,152676440758518,1790295778134862736,152676440775159,152676440878545,103.386,19.197,sent,1000,
944,152676445755962,152676445757641,1790295778139861780,152676445774022,152676445876807,102.785,18.06,sent,1000,
945,152676450755962,152676450757597,1790295778144861124,152676450767285,152676450827379,60.094,11.323,sent,1000,
946,152676455755962,152676455757592,1790295778149861129,152676455766920,152676455826553,59.633,10.958,sent,1000,
947,152676460755962,152676460757836,1790295778154861523,152676460767304,152676460826987,59.683,11.342,sent,1000,
948,152676465755962,152676465758082,1790295778159862551,152676465775134,152676465881205,106.071,19.172,sent,1000,
949,152676470755962,152676470758107,1790295778164862326,152676470774949,152676470879737,104.788,18.987,sent,1000,
950,152676475755962,152676475758683,1790295778169863153,152676475775736,152676475880063,104.327,19.774,sent,1000,
951,152676480755962,152676480757897,1790295778174863118,152676480775090,152676480879277,104.187,19.128,sent,1000,
952,152676485755962,152676485757572,1790295778179861761,152676485773642,152676485876618,102.976,17.68,sent,1000,
953,152676490755962,152676490757798,1790295778184863199,152676490775541,152676490879138,103.597,19.579,sent,1000,
954,152676495755962,152676495758554,1790295778189862763,152676495774455,152676495876989,102.534,18.493,sent,1000,
955,152676500755962,152676500757776,1790295778194861324,152676500766994,152676500827909,60.915,11.032,sent,1000,
956,152676505755962,152676505758193,1790295778199862431,152676505774874,152676505878841,103.967,18.912,sent,1000,
957,152676510755962,152676510758829,1790295778204862998,152676510775340,152676510879928,104.588,19.378,sent,1000,
958,152676515755962,152676515757660,1790295778209861278,152676515766096,152676515820549,54.453,10.134,sent,1000,
959,152676520755962,152676520756723,1790295778214859750,152676520760441,152676520785318,24.877,4.479,sent,1000,
960,152676525755962,152676525756679,1790295778219859685,152676525760005,152676525784081,24.076,4.043,sent,1000,
961,152676530755962,152676530756684,1790295778224859691,152676530759930,152676530784236,24.306,3.968,sent,1000,
962,152676535755962,152676535756748,1790295778229859754,152676535760004,152676535785402,25.398,4.042,sent,1000,
963,152676540755962,152676540756433,1790295778234859449,152676540759609,152676540783314,23.705,3.647,sent,1000,
964,152676545755962,152676545757640,1790295778239861819,152676545773981,152676545871777,97.796,18.019,sent,1000,
965,152676550755962,152676550756684,1790295778244859710,152676550760341,152676550785769,25.428,4.379,sent,1000,
966,152676555755962,152676555758311,1790295778249862539,152676555774561,152676555878308,103.747,18.599,sent,1000,
967,152676560755962,152676560758657,1790295778254862815,152676560774697,152676560879465,104.768,18.735,sent,1000,
968,152676565755962,152676565758832,1790295778259863091,152676565774712,152676565879160,104.448,18.75,sent,1000,
969,152676570755962,152676570757555,1790295778264861714,152676570772794,152676570876210,103.416,16.832,sent,1000,
970,152676575755962,152676575758592,1790295778269862851,152676575774793,152676575878840,104.047,18.831,sent,1000,
971,152676580755962,152676580758616,1790295778274862794,152676580774275,152676580876850,102.575,18.313,sent,1000,
972,152676585755962,152676585757499,1790295778279861698,152676585774551,152676585878969,104.418,18.589,sent,1000,
973,152676590755962,152676590758677,1790295778284863066,152676590775699,152676590879606,103.907,19.737,sent,1000,
974,152676595755962,152676595758321,1790295778289862790,152676595775864,152676595879461,103.597,19.902,sent,1000,
975,152676600755962,152676600758307,1790295778294861874,152676600767684,152676600825754,58.07,11.722,sent,1000,
976,152676605755962,152676605758151,1790295778299862360,152676605774853,152676605882667,107.814,18.891,sent,1000,
977,152676610755962,152676610758385,1790295778304862864,152676610775938,152676610878783,102.845,19.976,sent,1000,
978,152676615755962,152676615757829,1790295778309862028,152676615774511,152676615874731,100.22,18.549,sent,1000,
979,152676620755962,152676620757404,1790295778314861853,152676620774576,152676620879064,104.488,18.614,sent,1000,
980,152676625755962,152676625758070,1790295778319862890,152676625775002,152676625876986,101.984,19.04,sent,1000,
981,152676630755962,152676630758414,1790295778324862613,152676630775467,152676630879814,104.347,19.505,sent,1000,
982,152676635755962,152676635757999,1790295778329862197,152676635773498,152676635878798,105.3,17.536,sent,1000,
983,152676640755962,152676640758195,1790295778334862664,152676640775517,152676640878673,103.156,19.555,sent,1000,
984,152676645755962,152676645758220,1790295778339863020,152676645775643,152676645878748,103.105,19.681,sent,1000,
985,152676650755962,152676650758303,1790295778344862482,152676650774825,152676650880445,105.62,18.863,sent,1000,
986,152676655755962,152676655758259,1790295778349862517,152676655775561,152676655883336,107.775,19.599,sent,1000,
987,152676660755962,152676660968482,1790295778355071950,152676660976838,152676661032003,55.165,220.876,sent,1000,
988,152676665755962,152676665759001,1790295778359863390,152676665776404,152676665879689,103.285,20.442,sent,1000,
989,152676670755962,152676670757814,1790295778364862072,152676670774626,152676670880376,105.75,18.664,sent,1000,
990,152676675755962,152676675758138,1790295778369862857,152676675774759,152676675878496,103.737,18.797,sent,1000,
991,152676680755962,152676680759195,1790295778374863454,152676680775907,152676680880304,104.397,19.945,sent,1000,
992,152676685755962,152676685757956,1790295778379862174,152676685774537,152676685880207,105.67,18.575,sent,1000,
993,152676690755962,152676690758071,1790295778384862450,152676690774412,152676690879982,105.57,18.45,sent,1000,
994,152676695755962,152676695758848,1790295778389863077,152676695776111,152676695882863,106.752,20.149,sent,1000,
995,152676700755962,152676700757771,1790295778394861299,152676700767119,152676700826752,59.633,11.157,sent,1000,
996,152676705755962,152676705757837,1790295778399862006,152676705774699,152676705879818,105.119,18.737,sent,1000,
997,152676710755962,152676710759273,1790295778404863502,152676710776445,152676710882206,105.761,20.483,sent,1000,
998,152676715755962,152676715759378,1790295778409863597,152676715776050,152676715881119,105.069,20.088,sent,1000,
999,152676720755962,152676720757851,1790295778414862080,152676720774042,152676720878369,104.327,18.08,sent,1000,
1000,152676725755962,152676725758886,1790295778419863105,152676725775698,152676725881218,105.52,19.736,sent,1000,
1001,152676730755962,152676730757980,1790295778424861878,152676730767558,152676730828082,60.524,11.596,sent,1000,
1002,152676735755962,152676735758045,1790295778429862414,152676735775027,152676735879345,104.318,19.065,sent,1000,
1003,152676740755962,152676740766787,1790295778434870435,152676740775894,152676740837070,61.176,19.932,sent,1000,
1004,152676745755962,152676745757294,1790295778439861513,152676745773525,152676745873545,100.02,17.563,sent,1000,
1005,152676750755962,152676750757468,1790295778444861105,152676750767026,152676750825968,58.942,11.064,sent,1000,
1006,152676755755962,152676755757112,1790295778449860649,152676755766069,152676755825311,59.242,10.107,sent,1000,
1007,152676760755962,152676760759061,1790295778454863230,152676760775041,152676760879148,104.107,19.079,sent,1000,
1008,152676765755962,152676765757521,1790295778459861369,152676765766969,152676765825610,58.641,11.007,sent,1000,
1009,152676770755962,152676770757965,1790295778464862114,152676770774637,152676770877542,102.905,18.675,sent,1000,
1010,152676775755962,152676775758692,1790295778469862871,152676775775484,152676775878619,103.135,19.522,sent,1000,
1011,152676780755962,152676780758146,1790295778474862936,152676780774577,152676780878204,103.627,18.615,sent,1000,
1012,152676785755962,152676785757901,1790295778479862070,152676785774282,152676785884211,109.929,18.32,sent,1000,
1013,152676790755962,152676790758097,1790295778484861644,152676790780369,152676790839471,59.102,24.407,sent,1000,
1014,152676795755962,152676795758203,1790295778489862932,152676795775205,152676795880685,105.48,19.243,sent,1000,
1015,152676800755962,152676800758658,1790295778494863078,152676800778666,152676800885489,106.823,22.704,sent,1000,
1016,152676805755962,152676805757920,1790295778499862129,152676805775413,152676805883969,108.556,19.451,sent,1000,
1017,152676810755962,152676810759178,1790295778504863467,152676810775389,152676810880458,105.069,19.427,sent,1000,
1018,152676815755962,152676815757841,1790295778509861809,152676815767259,152676815826150,58.891,11.297,sent,1000,
1019,152676820755962,152676820757676,1790295778514862115,152676820775009,152676820876962,101.953,19.047,sent,1000,
1020,152676825755962,152676825757992,1790295778519862441,152676825774143,152676825873351,99.208,18.181,sent,1000,
1021,152676830755962,152676830758839,1790295778524863038,152676830775981,152676830879718,103.737,20.019,sent,1000,
1022,152676835755962,152676835758133,1790295778529862412,152676835775596,152676835879252,103.656,19.634,sent,1000,
1023,152676840755962,152676840758667,1790295778534862846,152676840775008,152676840879987,104.979,19.046,sent,1000,
1024,152676845755962,152676845758412,1790295778539862510,152676845774823,152676845877177,102.354,18.861,sent,1000,
1025,152676850755962,152676850758207,1790295778544862345,152676850773646,152676850876591,102.945,17.684,sent,1000,
1026,152676855755962,152676855757601,1790295778549861790,152676855774613,152676855877428,102.815,18.651,sent,1000,
1027,152676860755962,152676860757576,1790295778554862136,152676860767505,152676860826868,59.363,11.543,sent,1000,
1028,152676865755962,152676865758153,1790295778559862021,152676865767601,152676865825891,58.29,11.639,sent,1000,
1029,152676870755962,152676870756655,1790295778564859662,152676870760372,152676870785680,25.308,4.41,sent,1000,
1030,152676875755962,152676875758013,1790295778569861681,152676875767060,152676875826193,59.133,11.098,sent,1000,
1031,152676880755962,152676880758057,1790295778574862546,152676880774859,152676880878255,103.396,18.897,sent,1000,
1032,152676885755962,152676885758202,1790295778579862351,152676885774233,152676885876617,102.384,18.271,sent,1000,
1033,152676890755962,152676890758579,1790295778584863138,152676890776132,152676890880259,104.127,20.17,sent,1000,
1034,152676895755962,152676895758654,1790295778589862833,152676895774704,152676895878060,103.356,18.742,sent,1000,
1035,152676900755962,152676900757307,1790295778594861355,152676900766093,152676900819966,53.873,10.131,sent,1000,
1036,152676905755962,152676905757953,1790295778599862122,152676905774004,152676905879714,105.71,18.042,sent,1000,
1037,152676910755962,152676910758329,1790295778604862789,152676910774801,152676910877445,102.644,18.839,sent,1000,
1038,152676915755962,152676915757481,1790295778609862742,152676915775104,152676915877629,102.525,19.142,sent,1000,
1039,152676920755962,152676920757446,1790295778614861986,152676920773437,152676920874528,101.091,17.475,sent,1000,
1040,152676925755962,152676925758363,1790295778619862863,152676925775426,152676925879052,103.626,19.464,sent,1000,
1041,152676930755962,152676930756365,1790295778624859321,152676930759902,152676930779609,19.707,3.94,sent,1000,
1042,152676935755962,152676935756930,1790295778629859936,152676935760286,152676935786095,25.809,4.324,sent,1000,
1043,152676940755962,152676940758618,1790295778634863107,152676940774989,152676940877473,102.484,19.027,sent,1000,
1044,152676945755962,152676945758653,1790295778639863123,152676945775826,152676945879222,103.396,19.864,sent,1000,
1045,152676950755962,152676950757817,1790295778644861705,152676950767566,152676950826738,59.172,11.604,sent,1000,
1046,152676955755962,152676955757541,1790295778649861709,152676955774613,152676955879612,104.999,18.651,sent,1000,
1047,152676960755962,152676960758247,1790295778654863137,152676960775450,152676960876261,100.811,19.488,sent,1000,
1048,152676965755962,152676965759144,1790295778659863363,152676965775084,152676965877719,102.635,19.122,sent,1000,
1049,152676970755962,152676970757276,1790295778664860853,152676970766564,152676970825696,59.132,10.602,sent,1000,
1050,152676975755962,152676975758352,1790295778669862941,152676975775394,152676975882096,106.702,19.432,sent,1000,
1051,152676980755962,152676980758187,1790295778674862676,152676980775179,152676980880959,105.78,19.217,sent,1000,
1052,152676985755962,152676985756649,1790295778679859656,152676985760256,152676985783931,23.675,4.294,sent,1000,
1053,152676990755962,152676990758256,1790295778684862094,152676990767845,152676990826245,58.4,11.883,sent,1000,
1054,152676995755962,152676995758141,1790295778689862610,152676995775153,152676995877918,102.765,19.191,sent,1000,
1055,152677000755962,152677000758457,1790295778694863307,152677000775660,152677000874938,99.278,19.698,sent,1000,
1056,152677005755962,152677005757320,1790295778699860847,152677005766477,152677005825770,59.293,10.515,sent,1000,
1057,152677010755962,152677010758195,1790295778704862734,152677010775448,152677010880537,105.089,19.486,sent,1000,
1058,152677015755962,152677015758982,1790295778709863140,152677015775633,152677015879590,103.957,19.671,sent,1000,
1059,152677020755962,152677020757885,1790295778714862034,152677020776811,152677020894063,117.252,20.849,sent,1000,
1060,152677025755962,152677025757169,1790295778719860967,152677025767489,152677025806803,39.314,11.527,sent,1000,
1061,152677030755962,152677030756772,1790295778724859789,152677030760269,152677030783573,23.304,4.307,sent,1000,
1062,152677035755962,152677035758170,1790295778729861687,152677035767387,152677035826840,59.453,11.425,sent,1000,
1063,152677040755962,152677040758606,1790295778734862795,152677040774857,152677040879816,104.959,18.895,sent,1000,
1064,152677045755962,152677045758591,1790295778739863101,152677045774782,152677045877116,102.334,18.82,sent,1000,
1065,152677050755962,152677050758115,1790295778744862143,152677050767643,152677050826134,58.491,11.681,sent,1000,
1066,152677055755962,152677055757749,1790295778749861978,152677055774370,152677055878868,104.498,18.408,sent,1000,
1067,152677060755962,152677060757894,1790295778754861522,152677060767242,152677060827386,60.144,11.28,sent,1000,
1068,152677065755962,152677065758290,1790295778759862198,152677065767688,152677065824936,57.248,11.726,sent,1000,
1069,152677070755962,152677070757392,1790295778764860940,152677070766890,152677070826794,59.904,10.928,sent,1000,
1070,152677075755962,152677075758881,1790295778769863139,152677075775182,152677075881583,106.401,19.22,sent,1000,
1071,152677080755962,152677080758395,1790295778774862734,152677080774716,152677080876068,101.352,18.754,sent,1000,
1072,152677085755962,152677085756546,1790295778779859573,152677085760023,152677085783658,23.635,4.061,sent,1000,
1073,152677090755962,152677090757803,1790295778784861370,152677090767131,152677090825341,58.21,11.169,sent,1000,
1074,152677095755962,152677095758159,1790295778789862658,152677095774239,152677095879359,105.12,18.277,sent,1000,
1075,152677100755962,152677100757373,1790295778794861531,152677100773043,152677100873443,100.4,17.081,sent,1000,
1076,152677105755962,152677105757387,1790295778799860945,152677105766194,152677105824695,58.501,10.232,sent,1000,
1077,152677110755962,152677110758544,1790295778804862192,152677110768162,152677110827735,59.573,12.2,sent,1000,
1078,152677115755962,152677115758810,1790295778809862968,152677115774940,152677115879859,104.919,18.978,sent,1000,
1079,152677120755962,152677120757423,1790295778814861641,152677120773533,152677120877530,103.997,17.571,sent,1000,
1080,152677125755962,152677125758388,1790295778819862025,152677125767475,152677125828300,60.825,11.513,sent,1000,
1081,152677130755962,152677130757841,1790295778824861699,152677130767569,152677130826882,59.313,11.607,sent,1000,
1082,152677135755962,152677135757886,1790295778829861364,152677135765952,152677135819283,53.331,9.99,sent,1000,
1083,152677140755962,152677140758593,1790295778834863072,152677140775535,152677140879281,103.746,19.573,sent,1000,
1084,152677145755962,152677145758756,1790295778839863266,152677145775077,152677145880207,105.13,19.115,sent,1000,
1085,152677150755962,152677150758020,1790295778844861898,152677150767909,152677150826109,58.2,11.947,sent,1000,
1086,152677155755962,152677155757705,1790295778849861924,152677155774417,152677155874987,100.57,18.455,sent,1000,
1087,152677160755962,152677160758893,1790295778854863382,152677160775594,152677160880353,104.759,19.632,sent,1000,
1088,152677165755962,152677165758555,1790295778859863075,152677165774956,152677165877591,102.635,18.994,sent,1000,
1089,152677170755962,152677170757679,1790295778864861958,152677170773799,152677170878227,104.428,17.837,sent,1000,
1090,152677175755962,152677175758506,1790295778869862925,152677175774787,152677175879195,104.408,18.825,sent,1000,
1091,152677180755962,152677180759263,1790295778874863491,152677180777096,152677180883257,106.161,21.134,sent,1000,
1092,152677185755962,152677185757753,1790295778879862523,152677185774895,152677185877380,102.485,18.933,sent,1000,
1093,152677190755962,152677190759121,1790295778884863380,152677190775672,152677190879419,103.747,19.71,sent,1000,
1094,152677195755962,152677195758806,1790295778889863054,152677195775367,152677195884354,108.987,19.405,sent,1000,
1095,152677200755962,152677200758410,1790295778894861978,152677200767447,152677200826138,58.691,11.485,sent,1000,
1096,152677205755962,152677205757081,1790295778899860619,152677205766149,152677205825010,58.861,10.187,sent,1000,
1097,152677210755962,152677210757538,1790295778904861446,152677210767356,152677210827811,60.455,11.394,sent,1000,
1098,152677215755962,152677215758575,1790295778909862784,152677215775607,152677215881528,105.921,19.645,sent,1000,
1099,152677220755962,152677220757807,1790295778914861384,152677220767175,152677220824523,57.348,11.213,sent,1000,
1100,152677225755962,152677225758373,1790295778919862602,152677225774674,152677225883480,108.806,18.712,sent,1000,
1101,152677230755962,152677230757898,1790295778924861866,152677230767947,152677230826177,58.23,11.985,sent,1000,
1102,152677235755962,152677235758705,1790295778929862823,152677235774625,152677235879864,105.239,18.663,sent,1000,
1103,152677240755962,152677240758950,1790295778934863189,152677240774991,152677240877906,102.915,19.029,sent,1000,
1104,152677245755962,152677245757633,1790295778939861581,152677245767191,152677245825853,58.662,11.229,sent,1000,
1105,152677250755962,152677250793366,1790295778944897916,152677250812032,152677250917982,105.95,56.07,sent,1000,
1106,152677255755962,152677255757884,1790295778949862073,152677255774626,152677255880416,105.79,18.664,sent,1000,
1107,152677260755962,152677260758970,1790295778954863148,152677260776112,152677260884999,108.887,20.15,sent,1000,
1108,152677265755962,152677265756881,1790295778959860489,152677265766399,152677265826193,59.794,10.437,sent,1000,
1109,152677270755962,152677270758349,1790295778964862698,152677270775422,152677270881322,105.9,19.46,sent,1000,
1110,152677275755962,152677275758044,1790295778969861612,152677275767462,152677275842264,74.802,11.5,sent,1000,
1111,152677280755962,152677280758799,1790295778974862978,152677280775982,152677280882954,106.972,20.02,sent,1000,
1112,152677285755962,152677285758414,1790295778979862763,152677285775326,152677285844176,68.85,19.364,sent,1000,
1113,152677290755962,152677290758459,1790295778984862788,152677290775171,152677290879158,103.987,19.209,sent,1000,
1114,152677295755962,152677295758665,1790295778989862813,152677295775557,152677295879614,104.057,19.595,sent,1000,
1115,152677300755962,152677300758800,1790295778994862989,152677300775803,152677300882194,106.391,19.841,sent,1000,
1116,152677305755962,152677305757864,1790295778999862093,152677305775127,152677305886818,111.691,19.165,sent,1000,
1117,152677310755962,152677310758280,1790295779004861868,152677310767377,152677310825658,58.281,11.415,sent,1000,
1118,152677315755962,152677315757963,1790295779009861851,152677315767441,152677315825321,57.88,11.479,sent,1000,
1119,152677320755962,152677320758029,1790295779014862217,152677320774169,152677320880731,106.562,18.207,sent,1000,
1120,152677325755962,152677325758194,1790295779019862984,152677325775096,152677325876458,101.362,19.134,sent,1000,
1121,152677330755962,152677330758820,1790295779024863049,152677330774891,152677330878397,103.506,18.929,sent,1000,
1122,152677335755962,152677335758303,1790295779029862752,152677335774363,152677335878160,103.797,18.401,sent,1000,
1123,152677340755962,152677340758869,1790295779034863128,152677340775501,152677340880339,104.838,19.539,sent,1000,
1124,152677345755962,152677345758614,1790295779039863083,152677345776358,152677345878922,102.564,20.396,sent,1000,
1125,152677350755962,152677350758949,1790295779044863168,152677350774519,152677350874258,99.739,18.557,sent,1000,
1126,152677355755962,152677355757491,1790295779049861038,152677355766688,152677355826241,59.553,10.726,sent,1000,
1127,152677360755962,152677360758558,1790295779054862757,152677360776001,152677360879528,103.527,20.039,sent,1000,
1128,152677365755962,152677365758604,1790295779059862812,152677365774674,152677365879072,104.398,18.712,sent,1000,
1129,152677370755962,152677370758777,1790295779064862956,152677370775619,152677370879797,104.178,19.657,sent,1000,
1130,152677375755962,152677375759063,1790295779069863402,152677375775274,152677375880553,105.279,19.312,sent,1000,
1131,152677380755962,152677380758377,1790295779074862846,152677380774788,152677380877974,103.186,18.826,sent,1000,
1132,152677385755962,152677385758934,1790295779079863142,152677385774713,152677385878821,104.108,18.751,sent,1000,
1133,152677390755962,152677390758566,1790295779084863015,152677390775799,152677390880297,104.498,19.837,sent,1000,
1134,152677395755962,152677395759263,1790295779089863482,152677395776245,152677395879921,103.676,20.283,sent,1000,
1135,152677400755962,152677400758256,1790295779094862766,152677400774778,152677400879736,104.958,18.816,sent,1000,
1136,152677405755962,152677405757580,1790295779099861107,152677405766617,152677405824727,58.11,10.655,sent,1000,
1137,152677410755962,152677410758825,1790295779104863014,152677410774946,152677410879083,104.137,18.984,sent,1000,
1138,152677415755962,152677415758129,1790295779109862698,152677415774349,152677415878557,104.208,18.387,sent,1000,
1139,152677420755962,152677420757914,1790295779114861461,152677420766219,152677420821164,54.945,10.257,sent,1000,
1140,152677425755962,152677425758560,1790295779119862739,152677425775262,152677425880672,105.41,19.3,sent,1000,
1141,152677430755962,152677430758093,1790295779124861631,152677430767210,152677430825681,58.471,11.248,sent,1000,
1142,152677435755962,152677435758599,1790295779129862948,152677435774860,152677435880160,105.3,18.898,sent,1000,
1143,152677440755962,152677440757613,1790295779134861741,152677440774054,152677440874424,100.37,18.092,sent,1000,
1144,152677445755962,152677445758861,1790295779139863079,152677445776444,152677445879199,102.755,20.482,sent,1000,
1145,152677450755962,152677450757942,1790295779144861840,152677450767240,152677450826201,58.961,11.278,sent,1000,
1146,152677455755962,152677455757466,1790295779149860973,152677455766673,152677455825916,59.243,10.711,sent,1000,
1147,152677460755962,152677460758313,1790295779154862521,152677460774343,152677460879583,105.24,18.381,sent,1000,
1148,152677465755962,152677465757997,1790295779159861916,152677465767395,152677465825836,58.441,11.433,sent,1000,
1149,152677470755962,152677470756748,1790295779164859765,152677470760425,152677470784962,24.537,4.463,sent,1000,
1150,152677475755962,152677475758717,1790295779169863036,152677475775739,152677475879405,103.666,19.777,sent,1000,
1151,152677480755962,152677480756668,1790295779174859695,152677480760505,152677480785603,25.098,4.543,sent,1000,
1152,152677485755962,152677485758737,1790295779179863026,152677485775619,152677485881269,105.65,19.657,sent,1000,
1153,152677490755962,152677490758159,1790295779184862618,152677490773949,152677490878317,104.368,17.987,sent,1000,
1154,152677495755962,152677495758505,1790295779189862934,152677495774796,152677495879955,105.159,18.834,sent,1000,
1155,152677500755962,152677500757859,1790295779194861417,152677500767157,152677500825527,58.37,11.195,sent,1000,
1156,152677505755962,152677505757724,1790295779199861242,152677505767192,152677505827036,59.844,11.23,sent,1000,
1157,152677510755962,152677510757980,1790295779204861588,152677510767658,152677510826360,58.702,11.696,sent,1000,
1158,152677515755962,152677515757254,1790295779209861603,152677515766592,152677515820263,53.671,10.63,sent,1000,
1159,152677520755962,152677520756909,1790295779214859935,152677520761057,152677520788178,27.121,5.095,sent,1000,
1160,152677525755962,152677525756442,1790295779219859459,152677525759819,152677525783223,23.404,3.857,sent,1000,
1161,152677530755962,152677530756587,1790295779224859603,152677530759903,152677530782997,23.094,3.941,sent,1000,
1162,152677535755962,152677535756693,1790295779229859719,152677535760420,152677535785357,24.937,4.458,sent,1000,
1163,152677540755962,152677540756668,1790295779234859684,152677540759964,152677540784270,24.306,4.002,sent,1000,
1164,152677545755962,152677545758376,1790295779239862905,152677545775208,152677545879385,104.177,19.246,sent,1000,
1165,152677550755962,152677550758370,1790295779244862018,152677550767467,152677550825417,57.95,11.505,sent,1000,
1166,152677555755962,152677555758075,1790295779249862253,152677555774406,152677555876870,102.464,18.444,sent,1000,
1167,152677560755962,152677560758942,1790295779254863190,152677560774732,152677560877446,102.714,18.77,sent,1000,
1168,152677565755962,152677565758936,1790295779259863084,152677565775797,152677565881748,105.951,19.835,sent,1000,
1169,152677570755962,152677570757668,1790295779264861256,152677570767026,152677570826028,59.002,11.064,sent,1000,
1170,152677575755962,152677575758616,1790295779269862824,152677575774666,152677575879745,105.079,18.704,sent,1000,
1171,152677580755962,152677580758761,1790295779274862960,152677580775112,152677580877065,101.953,19.15,sent,1000,
1172,152677585755962,152677585758534,1790295779279863304,152677585775907,152677585880495,104.588,19.945,sent,1000,
1173,152677590755962,152677590758850,1790295779284863029,152677590775041,152677590878056,103.015,19.079,sent,1000,
1174,152677595755962,152677595757863,1790295779289862643,152677595774194,152677595877550,103.356,18.232,sent,1000,
1175,152677600755962,152677600758630,1790295779294863450,152677600776294,152677600883447,107.153,20.332,sent,1000,
1176,152677605755962,152677605757694,1790295779299861211,152677605766651,152677605825783,59.132,10.689,sent,1000,
1177,152677610755962,152677610758300,1790295779304861848,152677610767688,152677610826630,58.942,11.726,sent,1000,
1178,152677615755962,152677615758075,1790295779309862594,152677615775067,152677615876971,101.904,19.105,sent,1000,
1179,152677620755962,152677620757740,1790295779314861257,152677620766536,152677620824586,58.05,10.574,sent,1000,
1180,152677625755962,152677625758815,1790295779319863014,152677625775798,152677625881869,106.071,19.836,sent,1000,
1181,152677630755962,152677630757879,1790295779324862779,152677630774731,152677630880772,106.041,18.769,sent,1000,
1182,152677635755962,152677635758716,1790295779329862955,152677635775217,152677635881208,105.991,19.255,sent,1000,
1183,152677640755962,152677640758048,1790295779334862648,152677640797022,152677640901059,104.037,41.06,sent,1000,
1184,152677645755962,152677645758645,1790295779339862903,152677645774745,152677645879664,104.919,18.783,sent,1000,
1185,152677650755962,152677650758149,1790295779344862769,152677650774300,152677650878347,104.047,18.338,sent,1000,
1186,152677655755962,152677655758164,1790295779349862343,152677655774155,152677655881959,107.804,18.193,sent,1000,
1187,152677660755962,152677660758120,1790295779354863140,152677660774952,152677660877636,102.684,18.99,sent,1000,
1188,152677665755962,152677665757915,1790295779359861863,152677665767333,152677665825282,57.949,11.371,sent,1000,
1189,152677670755962,152677670758461,1790295779364862600,152677670774501,152677670877807,103.306,18.539,sent,1000,
1190,152677675755962,152677675758707,1790295779369863226,152677675775328,152677675879055,103.727,19.366,sent,1000,
1191,152677680755962,152677680758319,1790295779374862518,152677680775763,152677680880050,104.287,19.801,sent,1000,
1192,152677685755962,152677685756622,1790295779379859638,152677685760279,152677685785316,25.037,4.317,sent,1000,
1193,152677690755962,152677690757829,1790295779384861397,152677690767237,152677690825738,58.501,11.275,sent,1000,
1194,152677695755962,152677695758967,1790295779389863596,152677695776891,152677695884014,107.123,20.929,sent,1000,
1195,152677700755962,152677700758289,1790295779394861896,152677700767737,152677700826348,58.611,11.775,sent,1000,
1196,152677705755962,152677705757893,1790295779399862172,152677705774775,152677705874524,99.749,18.813,sent,1000,
1197,152677710755962,152677710758229,1790295779404861887,152677710767737,152677710829034,61.297,11.775,sent,1000,
1198,152677715755962,152677715759137,1790295779409863475,152677715776179,152677715882039,105.86,20.217,sent,1000,
1199,152677720755962,152677720759272,1790295779414863471,152677720774982,152677720880732,105.75,19.02,sent,1000,
1200,152677725755962,152677725758777,1790295779419862995,152677725775438,152677725882180,106.742,19.476,sent,1000,
1201,152677730755962,152677730758832,1790295779424863051,152677730775253,152677730883849,108.596,19.291,sent,1000,
1202,152677735755962,152677735758845,1790295779429863074,152677735775737,152677735881708,105.971,19.775,sent,1000,
1203,152677740755962,152677740757899,1790295779434863320,152677740775392,152677740883497,108.105,19.43,sent,1000,
1204,152677745755962,152677745758816,1790295779439863055,152677745775598,152677745884163,108.565,19.636,sent,1000,
1205,152677750755962,152677750758210,1790295779444862539,152677750775032,152677750870663,95.631,19.07,sent,1000,
1206,152677755755962,152677755760758,1790295779449865347,152677755777970,152677755882438,104.468,22.008,sent,1000,
1207,152677760755962,152677760757447,1790295779454862026,152677760767856,152677760829523,61.667,11.894,sent,1000,
1208,152677765755962,152677765758624,1790295779459862843,152677765774745,152677765879113,104.368,18.783,sent,1000,
1209,152677770755962,152677770758650,1790295779464862838,152677770775862,152677770878787,102.925,19.9,sent,1000,
1210,152677775755962,152677775758052,1790295779469862611,152677775774773,152677775879151,104.378,18.811,sent,1000,
1211,152677780755962,152677780758448,1790295779474862105,152677780768607,152677780833690,65.083,12.645,sent,1000,
1212,152677785755962,152677785758804,1790295779479863193,152677785775485,152677785877809,102.324,19.523,sent,1000,
1213,152677790755962,152677790757677,1790295779484863138,152677790778777,152677790886481,107.704,22.815,sent,1000,
1214,152677795755962,152677795758852,1790295779489863061,152677795775494,152677795878159,102.665,19.532,sent,1000,
1215,152677800755962,152677800758577,1790295779494862776,152677800775048,152677800879046,103.998,19.086,sent,1000,
1216,152677805755962,152677805758262,1790295779499862421,152677805773611,152677805872599,98.988,17.649,sent,1000,
1217,152677810755962,152677810758647,1790295779504862786,152677810774918,152677810886850,111.932,18.956,sent,1000,
1218,152677815755962,152677815757789,1790295779509862378,152677815773940,152677815876875,102.935,17.978,sent,1000,
1219,152677820755962,152677820758345,1790295779514862895,152677820774987,152677820881389,106.402,19.025,sent,1000,
1220,152677825755962,152677825757680,1790295779519862449,152677825773780,152677825887475,113.695,17.818,sent,1000,
1221,152677830755962,152677830759208,1790295779524863386,152677830775499,152677830880197,104.698,19.537,sent,1000,
1222,152677835755962,152677835758870,1790295779529863099,152677835774870,152677835880030,105.16,18.908,sent,1000,
1223,152677840755962,152677840757413,1790295779534861641,152677840775086,152677840880957,105.871,19.124,sent,1000,
1224,152677845755962,152677845757759,1790295779539863310,152677845775472,152677845880110,104.638,19.51,sent,1000,
1225,152677850755962,152677850758283,1790295779544862531,152677850774674,152677850878270,103.596,18.712,sent,1000,
1226,152677855755962,152677855758256,1790295779549862495,152677855774206,152677855878534,104.328,18.244,sent,1000,
1227,152677860755962,152677860757810,1790295779554861929,152677860774783,152677860876586,101.803,18.821,sent,1000,
1228,152677865755962,152677865758297,1790295779559862385,152677865774397,152677865872423,98.026,18.435,sent,1000,
1229,152677870755962,152677870757901,1790295779564861840,152677870767399,152677870825299,57.9,11.437,sent,1000,
1230,152677875755962,152677875758458,1790295779569861985,152677875767535,152677875825405,57.87,11.573,sent,1000,
1231,152677880755962,152677880758353,1790295779574862562,152677880774944,152677880882027,107.083,18.982,sent,1000,
1232,152677885755962,152677885758709,1790295779579862958,152677885775100,152677885877985,102.885,19.138,sent,1000,
1233,152677890755962,152677890757460,1790295779584861739,152677890775704,152677890879110,103.406,19.742,sent,1000,
1234,152677895755962,152677895758958,1790295779589863127,152677895774678,152677895877623,102.945,18.716,sent,1000,
1235,152677900755962,152677900758312,1790295779594862841,152677900774833,152677900887797,112.964,18.871,sent,1000,
1236,152677905755962,152677905758347,1790295779599862907,152677905776171,152677905878746,102.575,20.209,sent,1000,
1237,152677910755962,152677910758000,1790295779604861998,152677910767638,152677910824386,56.748,11.676,sent,1000,
1238,152677915755962,152677915758506,1790295779609862965,152677915774646,152677915879816,105.17,18.684,sent,1000,
1239,152677920755962,152677920758882,1790295779614863060,152677920775724,152677920880051,104.327,19.762,sent,1000,
1240,152677925755962,152677925758624,1790295779619863214,152677925775496,152677925878942,103.446,19.534,sent,1000,
1241,152677930755962,152677930757858,1790295779624862398,152677930767717,152677930826739,59.022,11.755,sent,1000,
1242,152677935755962,152677935756511,1790295779629859407,152677935758896,152677935775357,16.461,2.934,sent,1000,
1243,152677940755962,152677940756727,1790295779634859763,152677940760404,152677940784790,24.386,4.442,sent,1000,
1244,152677945755962,152677945757834,1790295779639862423,152677945767923,152677945826985,59.062,11.961,sent,1000,
1245,152677950755962,152677950758279,1790295779644862167,152677950767637,152677950826528,58.891,11.675,sent,1000,
1246,152677955755962,152677955758805,1790295779649862994,152677955776068,152677955882880,106.812,20.106,sent,1000,
1247,152677960755962,152677960758801,1790295779654863079,152677960775071,152677960879449,104.378,19.109,sent,1000,
1248,152677965755962,152677965758565,1790295779659862773,152677965775256,152677965877901,102.645,19.294,sent,1000,
1249,152677970755962,152677970758459,1790295779664862678,152677970768488,152677970826037,57.549,12.526,sent,1000,
1250,152677975755962,152677975758765,1790295779669863003,152677975774124,152677975877810,103.686,18.162,sent,1000,
1251,152677980755962,152677980758349,1790295779674862558,152677980775031,152677980876423,101.392,19.069,sent,1000,
1252,152677985755962,152677985756530,1790295779679859547,152677985760217,152677985784393,24.176,4.255,sent,1000,
1253,152677990755962,152677990758749,1790295779684862337,152677990768477,152677990826157,57.68,12.515,sent,1000,
1254,152677995755962,152677995758544,1790295779689862783,152677995774524,152677995877029,102.505,18.562,sent,1000,
1255,152678000755962,152678000758439,1790295779694862908,152678000776223,152678000881452,105.229,20.261,sent,1000,
1256,152678005755962,152678005758442,1790295779699862771,152678005775354,152678005878890,103.536,19.392,sent,1000,
1257,152678010755962,152678010758176,1790295779704861693,152678010766422,152678010820344,53.922,10.46,sent,1000,
1258,152678015755962,152678015758462,1790295779709861999,152678015767519,152678015825339,57.82,11.557,sent,1000,
1259,152678020755962,152678020757034,1790295779714860592,152678020768807,152678020837707,68.9,12.845,sent,1000,
1260,152678025755962,152678025756457,1790295779719859744,152678025762509,152678025786674,24.165,6.547,sent,1000,
1261,152678030755962,152678030756523,1790295779724859419,152678030759128,152678030774927,15.799,3.166,sent,1000,
1262,152678035755962,152678035756408,1790295779729859284,152678035757680,152678035772989,15.309,1.718,sent,1000,
1263,152678040755962,152678040756383,1790295779734859249,152678040757855,152678040773515,15.66,1.893,sent,1000,
1264,152678045755962,152678045756206,1790295779739859062,152678045757669,152678045771285,13.616,1.707,sent,1000,
1265,152678050755962,152678050756352,1790295779744859228,152678050757434,152678050774737,17.303,1.472,sent,1000,
1266,152678055755962,152678055756928,1790295779749859955,152678055761257,152678055790973,29.716,5.295,sent,1000,
1267,152678060755962,152678060757344,1790295779754861914,152678060773094,152678060871511,98.417,17.132,sent,1000,
1268,152678065755962,152678065758310,1790295779759861868,152678065767467,152678065826509,59.042,11.505,sent,1000,
1269,152678070755962,152678070758205,1790295779764861743,152678070767543,152678070826946,59.403,11.581,sent,1000,
1270,152678075755962,152678075758161,1790295779769862660,152678075774321,152678075879480,105.159,18.359,sent,1000,
1271,152678080755962,152678080758596,1790295779774863026,152678080775619,152678080878804,103.185,19.657,sent,1000,
1272,152678085755962,152678085756667,1790295779779859683,152678085760163,152678085783508,23.345,4.201,sent,1000,
1273,152678090755962,152678090758686,1790295779784863786,152678090769687,152678090829039,59.352,13.725,sent,1000,
1274,152678095755962,152678095758311,1790295779789862569,152678095774922,152678095881935,107.013,18.96,sent,1000,
1275,152678100755962,152678100758675,1790295779794863515,152678100776499,152678100878001,101.502,20.537,sent,1000,
1276,152678105755962,152678105758660,1790295779799862208,152678105767647,152678105826158,58.511,11.685,sent,1000,
1277,152678110755962,152678110758275,1790295779804861812,152678110767252,152678110826344,59.092,11.29,sent,1000,
1278,152678115755962,152678115758521,1790295779809862699,152678115774170,152678115878698,104.528,18.208,sent,1000,
1279,152678120755962,152678120758073,1790295779814862723,152678120775276,152678120878441,103.165,19.314,sent,1000,
1280,152678125755962,152678125758109,1790295779819861656,152678125767256,152678125826138,58.882,11.294,sent,1000,
1281,152678130755962,152678130758755,1790295779824862904,152678130775046,152678130877951,102.905,19.084,sent,1000,
1282,152678135755962,152678135758751,1790295779829862989,152678135774921,152678135878928,104.007,18.959,sent,1000,
1283,152678140755962,152678140758874,1790295779834863113,152678140775926,152678140881667,105.741,19.964,sent,1000,
1284,152678145755962,152678145758839,1790295779839863068,152678145774910,152678145879127,104.217,18.948,sent,1000,
1285,152678150755962,152678150757893,1790295779844861561,152678150767241,152678150826222,58.981,11.279,sent,1000,
1286,152678155755962,152678155758439,1790295779849862949,152678155774640,152678155879569,104.929,18.678,sent,1000,
1287,152678160755962,152678160758335,1790295779854862784,152678160775357,152678160878492,103.135,19.395,sent,1000,
1288,152678165755962,152678165757859,1790295779859861627,152678165767307,152678165827421,60.114,11.345,sent,1000,
1289,152678170755962,152678170757874,1790295779864862814,152678170775698,152678170881228,105.53,19.736,sent,1000,
1290,152678175755962,152678175758591,1790295779869862820,152678175775012,152678175879019,104.007,19.05,sent,1000,
1291,152678180755962,152678180758825,1790295779874863254,152678180775677,152678180879564,103.887,19.715,sent,1000,
1292,152678185755962,152678185759091,1790295779879863229,152678185774921,152678185877074,102.153,18.959,sent,1000,
1293,152678190755962,152678190758204,1790295779884862383,152678190775237,152678190880736,105.499,19.275,sent,1000,
1294,152678195755962,152678195758731,1790295779889863230,152678195774651,152678195877355,102.704,18.689,sent,1000,
1295,152678200755962,152678200758385,1790295779894862754,152678200775358,152678200862523,87.165,19.396,sent,1000,
1296,152678205755962,152678205757910,1790295779899861688,152678205767207,152678205827261,60.054,11.245,sent,1000,
1297,152678210755962,152678210758005,1790295779904861633,152678210767994,152678210823760,55.766,12.032,sent,1000,
1298,152678215755962,152678215758771,1790295779909863029,152678215774951,152678215881734,106.783,18.989,sent,1000,
1299,152678220755962,152678220758886,1790295779914863345,152678220775377,152678220878773,103.396,19.415,sent,1000,
1300,152678225755962,152678225759012,1790295779919863210,152678225775803,152678225883568,107.765,19.841,sent,1000,
1301,152678230755962,152678230758506,1790295779924862053,152678230767983,152678230828418,60.435,12.021,sent,1000,
1302,152678235755962,152678235758869,1790295779929863098,152678235775942,152678235882033,106.091,19.98,sent,1000,
1303,152678240755962,152678240758504,1790295779934862713,152678240775086,152678240882279,107.193,19.124,sent,1000,
1304,152678245755962,152678245758820,1790295779939863059,152678245775622,152678245883025,107.403,19.66,sent,1000,
1305,152678250755962,152678250758735,1790295779944862934,152678250774846,152678250882410,107.564,18.884,sent,1000,
1306,152678255755962,152678255759320,1790295779949863548,152678255776432,152678255883545,107.113,20.47,sent,1000,
1307,152678260755962,152678260758293,1790295779954862792,152678260774724,152678260881777,107.053,18.762,sent,1000,
1308,152678265755962,152678265758348,1790295779959862567,152678265775230,152678265881702,106.472,19.268,sent,1000,
1309,152678270755962,152678270758763,1790295779964863232,152678270776136,152678270883750,107.614,20.174,sent,1000,
1310,152678275755962,152678275787252,1790295779969891782,152678275804204,152678275910636,106.432,48.242,sent,1000,
1311,152678280755962,152678280758674,1790295779974863163,152678280775265,152678280880805,105.54,19.303,sent,1000,
1312,152678285755962,152678285758779,1790295779979863539,152678285776192,152678285880209,104.017,20.23,sent,1000,
1313,152678290755962,152678290759063,1790295779984863322,152678290775514,152678290877688,102.174,19.552,sent,1000,
1314,152678295755962,152678295759429,1790295779989863908,152678295777683,152678295882121,104.438,21.721,sent,1000,
1315,152678300755962,152678300758613,1790295779994863322,152678300775094,152678300879091,103.997,19.132,sent,1000,
1316,152678305755962,152678305758808,1790295779999862987,152678305775821,152678305881892,106.071,19.859,sent,1000,
1317,152678310755962,152678310758442,1790295780004862040,152678310767499,152678310826431,58.932,11.537,sent,1000,
1318,152678315755962,152678315757836,1790295780009861423,152678315766983,152678315826055,59.072,11.021,sent,1000,
1319,152678320755962,152678320758142,1790295780014863192,152678320775565,152678320881946,106.381,19.603,sent,1000,
1320,152678325755962,152678325757866,1790295780019861464,152678325766913,152678325826887,59.974,10.951,sent,1000,
1321,152678330755962,152678330758300,1790295780024861838,152678330767698,152678330827361,59.663,11.736,sent,1000,
1322,152678335755962,152678335758744,1790295780029862943,152678335774284,152678335880565,106.281,18.322,sent,1000,
1323,152678340755962,152678340758900,1790295780034863139,152678340774730,152678340880070,105.34,18.768,sent,1000,
1324,152678345755962,152678345758014,1790295780039861551,152678345767071,152678345826754,59.683,11.109,sent,1000,
1325,152678350755962,152678350758560,1790295780044862729,152678350775212,152678350884138,108.926,19.25,sent,1000,
1326,152678355755962,152678355758606,1790295780049863205,152678355774496,152678355879545,105.049,18.534,sent,1000,
1327,152678360755962,152678360758330,1790295780054862820,152678360774742,152678360876284,101.542,18.78,sent,1000,
1328,152678365755962,152678365759036,1790295780059863245,152678365775147,152678365879505,104.358,19.185,sent,1000,
1329,152678370755962,152678370758400,1790295780064862919,152678370775392,152678370879810,104.418,19.43,sent,1000,
1330,152678375755962,152678375758465,1790295780069862794,152678375774896,152678375879234,104.338,18.934,sent,1000,
1331,152678380755962,152678380758540,1790295780074863000,152678380775052,152678380880101,105.049,19.09,sent,1000,
1332,152678385755962,152678385758274,1790295780079862612,152678385774564,152678385829458,54.894,18.602,sent,1000,
1333,152678390755962,152678390759131,1790295780084863399,152678390776754,152678390882655,105.901,20.792,sent,1000,
1334,152678395755962,152678395759146,1790295780089863325,152678395775657,152678395879003,103.346,19.695,sent,1000,
1335,152678400755962,152678400758620,1790295780094862929,152678400774831,152678400876163,101.332,18.869,sent,1000,
1336,152678405755962,152678405757884,1790295780099861611,152678405767081,152678405826664,59.583,11.119,sent,1000,
1337,152678410755962,152678410758078,1790295780104861946,152678410767546,152678410825005,57.459,11.584,sent,1000,
1338,152678415755962,152678415758585,1790295780109863084,152678415775407,152678415879474,104.067,19.445,sent,1000,
1339,152678420755962,152678420758279,1790295780114861877,152678420767186,152678420825196,58.01,11.224,sent,1000,
1340,152678425755962,152678425756681,1790295780119859687,152678425760268,152678425784123,23.855,4.306,sent,1000,
1341,152678430755962,152678430758629,1790295780124862858,152678430774820,152678430879107,104.287,18.858,sent,1000,
1342,152678435755962,152678435758103,1790295780129863114,152678435774434,152678435878612,104.178,18.472,sent,1000,
1343,152678440755962,152678440758670,1790295780134862878,152678440775321,152678440883566,108.245,19.359,sent,1000,
1344,152678445755962,152678445758012,1790295780139861890,152678445767470,152678445825530,58.06,11.508,sent,1000,
1345,152678450755962,152678450758839,1790295780144863188,152678450775761,152678450881862,106.101,19.799,sent,1000,
1346,152678455755962,152678455758263,1790295780149861850,152678455767611,152678455826492,58.881,11.649,sent,1000,
1347,152678460755962,152678460758499,1790295780154862918,152678460775150,152678460880109,104.959,19.188,sent,1000,
1348,152678465755962,152678465758803,1790295780159863011,152678465775915,152678465880183,104.268,19.953,sent,1000,
1349,152678470755962,152678470758407,1790295780164862696,152678470774407,152678470877643,103.236,18.445,sent,1000,
1350,152678475755962,152678475758493,1790295780169862802,152678475775294,152678475878821,103.527,19.332,sent,1000,
1351,152678480755962,152678480759179,1790295780174863418,152678480775109,152678480877984,102.875,19.147,sent,1000,
1352,152678485755962,152678485758211,1790295780179862670,152678485774772,152678485881454,106.682,18.81,sent,1000,
1353,152678490755962,152678490758246,1790295780184863096,152678490798192,152678490899053,100.861,42.23,sent,1000,
1354,152678495755962,152678495758271,1790295780189863522,152678495775514,152678495879441,103.927,19.552,sent,1000,
1355,152678500755962,152678500758467,1790295780194862826,152678500775179,152678500877733,102.554,19.217,sent,1000,
1356,152678505755962,152678505758591,1790295780199862118,152678505767598,152678505827031,59.433,11.636,sent,1000,
1357,152678510755962,152678510758456,1790295780204862074,152678510767503,152678510825724,58.221,11.541,sent,1000,
1358,152678515755962,152678515756868,1790295780209860456,152678515766266,152678515825759,59.493,10.304,sent,1000,
1359,152678520755962,152678520756643,1790295780214859660,152678520762184,152678520789135,26.951,6.222,sent,1000,
1360,152678525755962,152678525758000,1790295780219861527,152678525767247,152678525826179,58.932,11.285,sent,1000,
1361,152678530755962,152678530758376,1790295780224862925,152678530774436,152678530878012,103.576,18.474,sent,1000,
1362,152678535755962,152678535758521,1790295780229863020,152678535774441,152678535880182,105.741,18.479,sent,1000,
1363,152678540755962,152678540758356,1790295780234863176,152678540775549,152678540874496,98.947,19.587,sent,1000,
1364,152678545755962,152678545757939,1790295780239861467,152678545767107,152678545826459,59.352,11.145,sent,1000,
1365,152678550755962,152678550758536,1790295780244862865,152678550775297,152678550877712,102.415,19.335,sent,1000,
1366,152678555755962,152678555758010,1790295780249861638,152678555767578,152678555827031,59.453,11.616,sent,1000,
1367,152678560755962,152678560758787,1790295780254862975,152678560774877,152678560879666,104.789,18.915,sent,1000,
1368,152678565755962,152678565758149,1790295780259862398,152678565773839,152678565877104,103.265,17.877,sent,1000,
1369,152678570755962,152678570759056,1790295780264863265,152678570775968,152678570883041,107.073,20.006,sent,1000,
1370,152678575755962,152678575758159,1790295780269862398,152678575773969,152678575877245,103.276,18.007,sent,1000,
1371,152678580755962,152678580758143,1790295780274862602,152678580774414,152678580880004,105.59,18.452,sent,1000,
1372,152678585755962,152678585758228,1790295780279862387,152678585773367,152678585870291,96.924,17.405,sent,1000,
1373,152678590755962,152678590758875,1790295780284863134,152678590775737,152678590879293,103.556,19.775,sent,1000,
1374,152678595755962,152678595758860,1790295780289863069,152678595775261,152678595879048,103.787,19.299,sent,1000,
1375,152678600755962,152678600758385,1790295780294862633,152678600775357,152678600879314,103.957,19.395,sent,1000,
1376,152678605755962,152678605758941,1790295780299863160,152678605775442,152678605877776,102.334,19.48,sent,1000,
1377,152678610755962,152678610758265,1790295780304862754,152678610774756,152678610878242,103.486,18.794,sent,1000,
1378,152678615755962,152678615758541,1790295780309863120,152678615775132,152678615880392,105.26,19.17,sent,1000,
1379,152678620755962,152678620758705,1790295780314862943,152678620775016,152678620872350,97.334,19.054,sent,1000,
1380,152678625755962,152678625757868,1790295780319861406,152678625766825,152678625826368,59.543,10.863,sent,1000,
1381,152678630755962,152678630758735,1790295780324862884,152678630774205,152678630876629,102.424,18.243,sent,1000,
1382,152678635755962,152678635759142,1790295780329863390,152678635775523,152678635879600,104.077,19.561,sent,1000,
1383,152678640755962,152678640758937,1790295780334863125,152678640775348,152678640877992,102.644,19.386,sent,1000,
1384,152678645755962,152678645757569,1790295780339861608,152678645767919,152678645825809,57.89,11.957,sent,1000,
1385,152678650755962,152678650758637,1790295780344862936,152678650774807,152678650879816,105.009,18.845,sent,1000,
1386,152678655755962,152678655757819,1790295780349862980,152678655774451,152678655877706,103.255,18.489,sent,1000,
1387,152678660755962,152678660758824,1790295780354863003,152678660775456,152678660880745,105.289,19.494,sent,1000,
1388,152678665755962,152678665758629,1790295780359862147,152678665768077,152678665826077,58.0,12.115,sent,1000,
1389,152678670755962,152678670758294,1790295780364862433,152678670774144,152678670875546,101.402,18.182,sent,1000,
1390,152678675755962,152678675758219,1790295780369862458,152678675774410,152678675878367,103.957,18.448,sent,1000,
1391,152678680755962,152678680758245,1790295780374862714,152678680774956,152678680877441,102.485,18.994,sent,1000,
1392,152678685755962,152678685758250,1790295780379863070,152678685775874,152678685879089,103.215,19.912,sent,1000,
1393,152678690755962,152678690757955,1790295780384862835,152678690775067,152678690879445,104.378,19.105,sent,1000,
1394,152678695755962,152678695758672,1790295780389862840,152678695774682,152678695879701,105.019,18.72,sent,1000,
1395,152678700755962,152678700758184,1790295780394862603,152678700774926,152678700878652,103.726,18.964,sent,1000,
1396,152678705755962,152678705757829,1790295780399863019,152678705776684,152678705880211,103.527,20.722,sent,1000,
1397,152678710755962,152678710757423,1790295780404861522,152678710773684,152678710874245,100.561,17.722,sent,1000,
1398,152678715755962,152678715758459,1790295780409862688,152678715775040,152678715877104,102.064,19.078,sent,1000,
1399,152678720755962,152678720758544,1790295780414862753,152678720775506,152678720878922,103.416,19.544,sent,1000,
1400,152678725755962,152678725758630,1790295780419862869,152678725775692,152678725880381,104.689,19.73,sent,1000,
1401,152678730755962,152678730758675,1790295780424862864,152678730775687,152678730881788,106.101,19.725,sent,1000,
1402,152678735755962,152678735758759,1790295780429862947,152678735774929,152678735879077,104.148,18.967,sent,1000,
1403,152678740755962,152678740758784,1790295780434862923,152678740775135,152678740881557,106.422,19.173,sent,1000,
1404,152678745755962,152678745758789,1790295780439863008,152678745775381,152678745880199,104.818,19.419,sent,1000,
1405,152678750755962,152678750758865,1790295780444863033,152678750775336,152678750882850,107.514,19.374,sent,1000,
1406,152678755755962,152678755758559,1790295780449863048,152678755775170,152678755880570,105.4,19.208,sent,1000,
1407,152678760755962,152678760758925,1790295780454863154,152678760775757,152678760883040,107.283,19.795,sent,1000,
1408,152678765755962,152678765758559,1790295780459862738,152678765775462,152678765881422,105.96,19.5,sent,1000,
1409,152678770755962,152678770758745,1790295780464862984,152678770775236,152678770883191,107.955,19.274,sent,1000,
1410,152678775755962,152678775758618,1790295780469862877,152678775775370,152678775880489,105.119,19.408,sent,1000,
1411,152678780755962,152678780758974,1790295780474863173,152678780774824,152678780881707,106.883,18.862,sent,1000,
1412,152678785755962,152678785758388,1790295780479862918,152678785775120,152678785881682,106.562,19.158,sent,1000,
1413,152678790755962,152678790758752,1790295780484863001,152678790775173,152678790880162,104.989,19.211,sent,1000,
1414,152678795755962,152678795758817,1790295780489863056,152678795775549,152678795880588,105.039,19.587,sent,1000,
1415,152678800755962,152678800758462,1790295780494862891,152678800776005,152678800882928,106.923,20.043,sent,1000,
1416,152678805755962,152678805758938,1790295780499863177,152678805775599,152678805879847,104.248,19.637,sent,1000,
1417,152678810755962,152678810757789,1790295780504861396,152678810767066,152678810825998,58.932,11.104,sent,1000,
1418,152678815755962,152678815758315,1790295780509862443,152678815774195,152678815879204,105.009,18.233,sent,1000,
1419,152678820755962,152678820759121,1790295780514863340,152678820775923,152678820879960,104.037,19.961,sent,1000,
1420,152678825755962,152678825757975,1790295780519862454,152678825774847,152678825879064,104.217,18.885,sent,1000,
1421,152678830755962,152678830758411,1790295780524862870,152678830774822,152678830877176,102.354,18.86,sent,1000,
1422,152678835755962,152678835758003,1790295780529862783,152678835774675,152678835878011,103.336,18.713,sent,1000,
1423,152678840755962,152678840758790,1790295780534863029,152678840774961,152678840885380,110.419,18.999,sent,1000,
1424,152678845755962,152678845758795,1790295780539863004,152678845776729,152678845887620,110.891,20.767,sent,1000,
1425,152678850755962,152678850757908,1790295780544862016,152678850775121,152678850874890,99.769,19.159,sent,1000,
1426,152678855755962,152678855758783,1790295780549863002,152678855775064,152678855880574,105.51,19.102,sent,1000,
1427,152678860755962,152678860758498,1790295780554862666,152678860775169,152678860879096,103.927,19.207,sent,1000,
1428,152678865755962,152678865758894,1790295780559863173,152678865775886,152678865879122,103.236,19.924,sent,1000,
1429,152678870755962,152678870757597,1790295780564862116,152678870773477,152678870873857,100.38,17.515,sent,1000,
1430,152678875755962,152678875758654,1790295780569862843,152678875774755,152678875879042,104.287,18.793,sent,1000,
1431,152678880755962,152678880758299,1790295780574862758,152678880774299,152678880877845,103.546,18.337,sent,1000,
1432,152678885755962,152678885758324,1790295780579862823,152678885774845,152678885878251,103.406,18.883,sent,1000,
1433,152678890755962,152678890758658,1790295780584862877,152678890774618,152678890878415,103.797,18.656,sent,1000,
1434,152678895755962,152678895758513,1790295780589862672,152678895774503,152678895878410,103.907,18.541,sent,1000,
1435,152678900755962,152678900757887,1790295780594862437,152678900774449,152678900879538,105.089,18.487,sent,1000,
1436,152678905755962,152678905758704,1790295780599863153,152678905775756,152678905879904,104.148,19.794,sent,1000,
1437,152678910755962,152678910758346,1790295780604862665,152678910774918,152678910878815,103.897,18.956,sent,1000,
1438,152678915755962,152678915758461,1790295780609862700,152678915774802,152678915878749,103.947,18.84,sent,1000,
1439,152678920755962,152678920756734,1790295780614859760,152678920760360,152678920786700,26.34,4.398,sent,1000,
1440,152678925755962,152678925758061,1790295780619862299,152678925773770,152678925877247,103.477,17.808,sent,1000,
1441,152678930755962,152678930757444,1790295780624861252,152678930767693,152678930819191,51.498,11.731,sent,1000,
1442,152678935755962,152678935756748,1790295780629859764,152678935760946,152678935785873,24.927,4.984,sent,1000,
1443,152678940755962,152678940756573,1790295780634859599,152678940759919,152678940783444,23.525,3.957,sent,1000,
1444,152678945755962,152678945756617,1790295780639859644,152678945759773,152678945782927,23.154,3.811,sent,1000,
1445,152678950755962,152678950756772,1790295780644859789,152678950759988,152678950784244,24.256,4.026,sent,1000,
1446,152678955755962,152678955756347,1790295780649859293,152678955758551,152678955776044,17.493,2.589,sent,1000,
1447,152678960755962,152678960756492,1790295780654859509,152678960759718,152678960783123,23.405,3.756,sent,1000,
1448,152678965755962,152678965756507,1790295780659859523,152678965759703,152678965782727,23.024,3.741,sent,1000,
1449,152678970755962,152678970756601,1790295780664859628,152678970759828,152678970783633,23.805,3.866,sent,1000,
1450,152678975755962,152678975758110,1790295780669862318,152678975774912,152678975879199,104.287,18.95,sent,1000,
1451,152678980755962,152678980758636,1790295780674862885,152678980775227,152678980878243,103.016,19.265,sent,1000,
1452,152678985755962,152678985757819,1790295780679862018,152678985767638,152678985825628,57.99,11.676,sent,1000,
1453,152678990755962,152678990758334,1790295780684862784,152678990775317,152678990881598,106.281,19.355,sent,1000,
1454,152678995755962,152678995758079,1790295780689862819,152678995774901,152678995878287,103.386,18.939,sent,1000,
1455,152679000755962,152679000758315,1790295780694862954,152679000775377,152679000876328,100.951,19.415,sent,1000,
1456,152679005755962,152679005758088,1790295780699861726,152679005767216,152679005826047,58.831,11.254,sent,1000,
1457,152679010755962,152679010758925,1790295780704863405,152679010775647,152679010879344,103.697,19.685,sent,1000,
1458,152679015755962,152679015757989,1790295780709861536,152679015767066,152679015825116,58.05,11.104,sent,1000,
1459,152679020755962,152679020757784,1790295780714862163,152679020776479,152679020886307,109.828,20.517,sent,1000,
1460,152679025755962,152679025757347,1790295780719860844,152679025764610,152679025814695,50.085,8.648,sent,1000,
1461,152679030755962,152679030756390,1790295780724859357,152679030759336,152679030781788,22.452,3.374,sent,1000,
1462,152679035755962,152679035758850,1790295780729863119,152679035775412,152679035877806,102.394,19.45,sent,1000,
1463,152679040755962,152679040757623,1790295780734861491,152679040767281,152679040827385,60.104,11.319,sent,1000,
1464,152679045755962,152679045757587,1790295780739861465,152679045767395,152679045825906,58.511,11.433,sent,1000,
1465,152679050755962,152679050758784,1790295780744862993,152679050774444,152679050879223,104.779,18.482,sent,1000,
1466,152679055755962,152679055758149,1790295780749862978,152679055775451,152679055879909,104.458,19.489,sent,1000,
1467,152679060755962,152679060758304,1790295780754862463,152679060774465,152679060879183,104.718,18.503,sent,1000,
1468,152679065755962,152679065757917,1790295780759861454,152679065766894,152679065826036,59.142,10.932,sent,1000,
1469,152679070755962,152679070758323,1790295780764862452,152679070774404,152679070878391,103.987,18.442,sent,1000,
1470,152679075755962,152679075758198,1790295780769862427,152679075774639,152679075879368,104.729,18.677,sent,1000,
1471,152679080755962,152679080758254,1790295780774862703,152679080775516,152679080878461,102.945,19.554,sent,1000,
1472,152679085755962,152679085756644,1790295780779859651,152679085760081,152679085783746,23.665,4.119,sent,1000,
1473,152679090755962,152679090758523,1790295780784862742,152679090775165,152679090881156,105.991,19.203,sent,1000,
1474,152679095755962,152679095758769,1790295780789862978,152679095775411,152679095879358,103.947,19.449,sent,1000,
1475,152679100755962,152679100758273,1790295780794862522,152679100774885,152679100879092,104.207,18.923,sent,1000,
1476,152679105755962,152679105756624,1790295780799859641,152679105760441,152679105785679,25.238,4.479,sent,1000,
1477,152679110755962,152679110757922,1790295780804862431,152679110775275,152679110878871,103.596,19.313,sent,1000,
1478,152679115755962,152679115758018,1790295780809861585,152679115766924,152679115826858,59.934,10.962,sent,1000,
1479,152679120755962,152679120758342,1790295780814862791,152679120774552,152679120877317,102.765,18.59,sent,1000,
1480,152679125755962,152679125757465,1790295780819860963,152679125766472,152679125826246,59.774,10.51,sent,1000,
1481,152679130755962,152679130758593,1790295780824862781,152679130775154,152679130878550,103.396,19.192,sent,1000,
1482,152679135755962,152679135759179,1790295780829863338,152679135775490,152679135878816,103.326,19.528,sent,1000,
1483,152679140755962,152679140758702,1790295780834862299,152679140767869,152679140827973,60.104,11.907,sent,1000,
1484,152679145755962,152679145757735,1790295780839861333,152679145766001,152679145821356,55.355,10.039,sent,1000,
1485,152679150755962,152679150758973,1790295780844863262,152679150776366,152679150880964,104.598,20.404,sent,1000,
1486,152679155755962,152679155758788,1790295780849862986,152679155776291,152679155881651,105.36,20.329,sent,1000,
1487,152679160755962,152679160758370,1790295780854862719,152679160775533,152679160878027,102.494,19.571,sent,1000,
1488,152679165755962,152679165757504,1790295780859861082,152679165766982,152679165826325,59.343,11.02,sent,1000,
1489,152679170755962,152679170757580,1790295780864862139,152679170767779,152679170827151,59.372,11.817,sent,1000,
1490,152679175755962,152679175757795,1790295780869862014,152679175774687,152679175878965,104.278,18.725,sent,1000,
1491,152679180755962,152679180759071,1790295780874863240,152679180776224,152679180879610,103.386,20.262,sent,1000,
1492,152679185755962,152679185758556,1790295780879863085,152679185775498,152679185876068,100.57,19.536,sent,1000,
1493,152679190755962,152679190758892,1790295780884863140,152679190775052,152679190878298,103.246,19.09,sent,1000,
1494,152679195755962,152679195758426,1790295780889862675,152679195775749,152679195881098,105.349,19.787,sent,1000,
1495,152679200755962,152679200758129,1790295780894862307,152679200774920,152679200879659,104.739,18.958,sent,1000,
1496,152679205755962,152679205757453,1790295780899861591,152679205773062,152679205831022,57.96,17.1,sent,1000,
1497,152679210755962,152679210756997,1790295780904860585,152679210767367,152679210813023,45.656,11.405,sent,1000,
1498,152679215755962,152679215757352,1790295780909861260,152679215765477,152679215809621,44.144,9.515,sent,1000,
1499,152679220755962,152679220758379,1790295780914862588,152679220775281,152679220877294,102.013,19.319,sent,1000,
1500,152679225755962,152679225757543,1790295780919861060,152679225766440,152679225825942,59.502,10.478,sent,1000,
1501,152679230755962,152679230758269,1790295780924861907,152679230767477,152679230826569,59.092,11.515,sent,1000,
1502,152679235755962,152679235758303,1790295780929862512,152679235774574,152679235879483,104.909,18.612,sent,1000,
1503,152679240755962,152679240757487,1790295780934861485,152679240766855,152679240824925,58.07,10.893,sent,1000,
1504,152679245755962,152679245758184,1790295780939861962,152679245767792,152679245827064,59.272,11.83,sent,1000,
1505,152679250755962,152679250758269,1790295780944861797,152679250767356,152679250825727,58.371,11.394,sent,1000,
1506,152679255755962,152679255758063,1790295780949862542,152679255774113,152679255876497,102.384,18.151,sent,1000,
1507,152679260755962,152679260758168,1790295780954862617,152679260775190,152679260877294,102.104,19.228,sent,1000,
1508,152679265755962,152679265757853,1790295780959861460,152679265766910,152679265825551,58.641,10.948,sent,1000,
1509,152679270755962,152679270758840,1790295780964863079,152679270775492,152679270882094,106.602,19.53,sent,1000,
1510,152679275755962,152679275758293,1790295780969862561,152679275775656,152679275882588,106.932,19.694,sent,1000,
1511,152679280755962,152679280758368,1790295780974862527,152679280774609,152679280876903,102.294,18.647,sent,1000,
1512,152679285755962,152679285758834,1790295780979863364,152679285774875,152679285880014,105.139,18.913,sent,1000,
1513,152679290755962,152679290759250,1790295780984863459,152679290775832,152679290881753,105.921,19.87,sent,1000,
1514,152679295755962,152679295756749,1790295780989860197,152679295764143,152679295809419,45.276,8.181,sent,1000,
1515,152679300755962,152679300757045,1790295780994861585,152679300767044,152679300808032,40.988,11.082,sent,1000,
1516,152679305755962,152679305838826,1790295780999942363,152679305848203,152679305909700,61.497,92.241,sent,1000,
1517,152679310755962,152679310776743,1790295781004880962,152679310793956,152679310892703,98.747,37.994,sent,1000,
1518,152679315755962,152679315758462,1790295781009862661,152679315774553,152679315882638,108.085,18.591,sent,1000,
1519,152679320755962,152679320758377,1790295781014862847,152679320774769,152679320878034,103.265,18.807,sent,1000,
1520,152679325755962,152679325758223,1790295781019862652,152679325778261,152679325890293,112.032,22.299,sent,1000,
1521,152679330755962,152679330757565,1790295781024861764,152679330774067,152679330875820,101.753,18.105,sent,1000,
1522,152679335755962,152679335758913,1790295781029863202,152679335775284,152679335877017,101.733,19.322,sent,1000,
1523,152679340755962,152679340758347,1790295781034862576,152679340791951,152679340894034,102.083,35.989,sent,1000,
1524,152679345755962,152679345758132,1790295781039862381,152679345774493,152679345886455,111.962,18.531,sent,1000,
1525,152679350755962,152679350757726,1790295781044861915,152679350773546,152679350873896,100.35,17.584,sent,1000,
1526,152679355755962,152679355757960,1790295781049861598,152679355767007,152679355826810,59.803,11.045,sent,1000,
1527,152679360755962,152679360757725,1790295781054861623,152679360766912,152679360825954,59.042,10.95,sent,1000,
1528,152679365755962,152679365757590,1790295781059861117,152679365767038,152679365824948,57.91,11.076,sent,1000,
1529,152679370755962,152679370758496,1790295781064862644,152679370775027,152679370879315,104.288,19.065,sent,1000,
1530,152679375755962,152679375758470,1790295781069862659,152679375775633,152679375878708,103.075,19.671,sent,1000,
1531,152679380755962,152679380758726,1790295781074862985,152679380775478,152679380885096,109.618,19.516,sent,1000,
1532,152679385755962,152679385756908,1790295781079859975,152679385760976,152679385786023,25.047,5.014,sent,1000,
1533,152679390755962,152679390759056,1790295781084863425,152679390775237,152679390881048,105.811,19.275,sent,1000,
1534,152679395755962,152679395758310,1790295781089862599,152679395774040,152679395880111,106.071,18.078,sent,1000,
1535,152679400755962,152679400758706,1790295781094862975,152679400775037,152679400881038,106.001,19.075,sent,1000,
1536,152679405755962,152679405758321,1790295781099862639,152679405774692,152679405878679,103.987,18.73,sent,1000,
1537,152679410755962,152679410758074,1790295781104862233,152679410774345,152679410878112,103.767,18.383,sent,1000,
1538,152679415755962,152679415757618,1790295781109861326,152679415766836,152679415826529,59.693,10.874,sent,1000,
1539,152679420755962,152679420758335,1790295781114862904,152679420775257,152679420877741,102.484,19.295,sent,1000,
1540,152679425755962,152679425758040,1790295781119862208,152679425774120,152679425877556,103.436,18.158,sent,1000,
1541,152679430755962,152679430757773,1790295781124861942,152679430774725,152679430879354,104.629,18.763,sent,1000,
1542,152679435755962,152679435758860,1790295781129863059,152679435776113,152679435880230,104.117,20.151,sent,1000,
1543,152679440755962,152679440757693,1790295781134861902,152679440773964,152679440878142,104.178,18.002,sent,1000,
1544,152679445755962,152679445758520,1790295781139862699,152679445775673,152679445878838,103.165,19.711,sent,1000,
1545,152679450755962,152679450758413,1790295781144862652,152679450775425,152679450879983,104.558,19.463,sent,1000,
1546,152679455755962,152679455757636,1790295781149861514,152679455766203,152679455821397,55.194,10.241,sent,1000,
1547,152679460755962,152679460757562,1790295781154861109,152679460766859,152679460825210,58.351,10.897,sent,1000,
1548,152679465755962,152679465756885,1790295781159860442,152679465766293,152679465819854,53.561,10.331,sent,1000,
1549,152679470755962,152679470758773,1790295781164863022,152679470776046,152679470881485,105.439,20.084,sent,1000,
1550,152679475755962,152679475757346,1790295781169861224,152679475766894,152679475825805,58.911,10.932,sent,1000,
1551,152679480755962,152679480758333,1790295781174862592,152679480775125,152679480837192,62.067,19.163,sent,1000,
1552,152679485755962,152679485758297,1790295781179861835,152679485767725,152679485825765,58.04,11.763,sent,1000,
1553,152679490755962,152679490758262,1790295781184862751,152679490774763,152679490878490,103.727,18.801,sent,1000,
1554,152679495755962,152679495758447,1790295781189862626,152679495774147,152679495879367,105.22,18.185,sent,1000,
1555,152679500755962,152679500757431,1790295781194861319,152679500766007,152679500820410,54.403,10.045,sent,1000,
1556,152679505755962,152679505758839,1790295781199863017,152679505774889,152679505879277,104.388,18.927,sent,1000,
1557,152679510755962,152679510758041,1790295781204862229,152679510774802,152679510881515,106.713,18.84,sent,1000,
1558,152679515755962,152679515757785,1790295781209862485,152679515776962,152679515885257,108.295,21.0,sent,1000,
1559,152679520755962,152679520757600,1790295781214862711,152679520770224,152679520840518,70.294,14.262,sent,1000,
1560,152679525755962,152679525756623,1790295781219859670,152679525760310,152679525788133,27.823,4.348,sent,1000,
1561,152679530755962,152679530756567,1790295781224859574,152679530759834,152679530784190,24.356,3.872,sent,1000,
1562,152679535755962,152679535756523,1790295781229859549,152679535759799,152679535784796,24.997,3.837,sent,1000,
1563,152679540755962,152679540756608,1790295781234859635,152679540760516,152679540786655,26.139,4.554,sent,1000,
1564,152679545755962,152679545756543,1790295781239859559,152679545759779,152679545782923,23.144,3.817,sent,1000,
1565,152679550755962,152679550756587,1790295781244859594,152679550760184,152679550784530,24.346,4.222,sent,1000,
1566,152679555755962,152679555758596,1790295781249862825,152679555775238,152679555881239,106.001,19.276,sent,1000,
1567,152679560755962,152679560757790,1790295781254861368,152679560767268,152679560827783,60.515,11.306,sent,1000,
1568,152679565755962,152679565757785,1790295781259861282,152679565767032,152679565825313,58.281,11.07,sent,1000,
1569,152679570755962,152679570758871,1790295781264863060,152679570775322,152679570879229,103.907,19.36,sent,1000,
1570,152679575755962,152679575758215,1790295781269862414,152679575775378,152679575878353,102.975,19.416,sent,1000,
1571,152679580755962,152679580758311,1790295781274862519,152679580774812,152679580878769,103.957,18.85,sent,1000,
1572,152679585755962,152679585758496,1790295781279862966,152679585775589,152679585879656,104.067,19.627,sent,1000,
1573,152679590755962,152679590758850,1790295781284863039,152679590776233,152679590880461,104.228,20.271,sent,1000,
1574,152679595755962,152679595758565,1790295781289862774,152679595774876,152679595878222,103.346,18.914,sent,1000,
1575,152679600755962,152679600758330,1790295781294862529,152679600774931,152679600879720,104.789,18.969,sent,1000,
1576,152679605755962,152679605758974,1790295781299863253,152679605776478,152679605883581,107.103,20.516,sent,1000,
1577,152679610755962,152679610757567,1790295781304861115,152679610766875,152679610827460,60.585,10.913,sent,1000,
1578,152679615755962,152679615757502,1790295781309861360,152679615766860,152679615824279,57.419,10.898,sent,1000,
1579,152679620755962,152679620758199,1790295781314862728,152679620775442,152679620877285,101.843,19.48,sent,1000,
1580,152679625755962,152679625757172,1790295781319860720,152679625766190,152679625824841,58.651,10.228,sent,1000,
1581,152679630755962,152679630758831,1790295781324863060,152679630775793,152679630879560,103.767,19.831,sent,1000,
1582,152679635755962,152679635759027,1790295781329863225,152679635774887,152679635882080,107.193,18.925,sent,1000,
1583,152679640755962,152679640758631,1790295781334862830,152679640774792,152679640879821,105.029,18.83,sent,1000,
1584,152679645755962,152679645756591,1790295781339859598,152679645759948,152679645783382,23.434,3.986,sent,1000,
1585,152679650755962,152679650758430,1790295781344862989,152679650775382,152679650881082,105.7,19.42,sent,1000,
1586,152679655755962,152679655757624,1790295781349861492,152679655766811,152679655826314,59.503,10.849,sent,1000,
1587,152679660755962,152679660757930,1790295781354862158,152679660774401,152679660879129,104.728,18.439,sent,1000,
1588,152679665755962,152679665757503,1790295781359861030,152679665766610,152679665825201,58.591,10.648,sent,1000,
1589,152679670755962,152679670758730,1790295781364862979,152679670775582,152679670879519,103.937,19.62,sent,1000,
1590,152679675755962,152679675757213,1790295781369860730,152679675766180,152679675826063,59.883,10.218,sent,1000,
1591,152679680755962,152679680758170,1790295781374862409,152679680774250,152679680877516,103.266,18.288,sent,1000,
1592,152679685755962,152679685758874,1790295781379863083,152679685774935,152679685879663,104.728,18.973,sent,1000,
1593,152679690755962,152679690758188,1790295781384862978,152679690774970,152679690880971,106.001,19.008,sent,1000,
1594,152679695755962,152679695758424,1790295781389862653,152679695775557,152679695880185,104.628,19.595,sent,1000,
1595,152679700755962,152679700757859,1790295781394862027,152679700774440,152679700877585,103.145,18.478,sent,1000,
1596,152679705755962,152679705758896,1790295781399863105,152679705775357,152679705879765,104.408,19.395,sent,1000,
1597,152679710755962,152679710758210,1790295781404862459,152679710775423,152679710880161,104.738,19.461,sent,1000,
1598,152679715755962,152679715757484,1790295781409861342,152679715766842,152679715825112,58.27,10.88,sent,1000,
1599,152679720755962,152679720758130,1790295781414862550,152679720775573,152679720878148,102.575,19.611,sent,1000,
1600,152679725755962,152679725757643,1790295781419861851,152679725773693,152679725877490,103.797,17.731,sent,1000,
1601,152679730755962,152679730758620,1790295781424863019,152679730775372,152679730882435,107.063,19.41,sent,1000,
1602,152679735755962,152679735759016,1790295781429863225,152679735775557,152679735881538,105.981,19.595,sent,1000,
1603,152679740755962,152679740758781,1790295781434863010,152679740776304,152679740885551,109.247,20.342,sent,1000,
1604,152679745755962,152679745758185,1790295781439862394,152679745774977,152679745878994,104.017,19.015,sent,1000,
1605,152679750755962,152679750757840,1790295781444861979,152679750774021,152679750878298,104.277,18.059,sent,1000,
1606,152679755755962,152679755757624,1790295781449862173,152679755767773,152679755826154,58.381,11.811,sent,1000,
1607,152679760755962,152679760757557,1790295781454861085,152679760766284,152679760824153,57.869,10.322,sent,1000,
1608,152679765755962,152679765758234,1790295781459862402,152679765775236,152679765876949,101.713,19.274,sent,1000,
1609,152679770755962,152679770758149,1790295781464862638,152679770774149,152679770878036,103.887,18.187,sent,1000,
1610,152679775755962,152679775757854,1790295781469862042,152679775773954,152679775879284,105.33,17.992,sent,1000,
1611,152679780755962,152679780758558,1790295781474862777,152679780774979,152679780882323,107.344,19.017,sent,1000,
1612,152679785755962,152679785759245,1790295781479863484,152679785776738,152679785883821,107.083,20.776,sent,1000,
1613,152679790755962,152679790757968,1790295781484861515,152679790767115,152679790828622,61.507,11.153,sent,1000,
1614,152679795755962,152679795758144,1790295781489862292,152679795774735,152679795880375,105.64,18.773,sent,1000,
1615,152679800755962,152679800758159,1790295781494863119,152679800775682,152679800882254,106.572,19.72,sent,1000,
1616,152679805755962,152679805756712,1790295781499859728,152679805760298,152679805786218,25.92,4.336,sent,1000,
1617,152679810755962,152679810780592,1790295781504884821,152679810796913,152679810903505,106.592,40.951,sent,1000,
1618,152679815755962,152679815757995,1790295781509862203,152679815773194,152679815875297,102.103,17.232,sent,1000,
1619,152679820755962,152679820758509,1790295781514862748,152679820774490,152679820877815,103.325,18.528,sent,1000,
1620,152679825755962,152679825785886,1790295781519889454,152679825795134,152679825855659,60.525,39.172,sent,1000,
1621,152679830755962,152679830787625,1790295781524891844,152679830804547,152679830910087,105.54,48.585,sent,1000,
1622,152679835755962,152679835758846,1790295781529863045,152679835775698,152679835882921,107.223,19.736,sent,1000,
1623,152679840755962,152679840758629,1790295781534863108,152679840775150,152679840880289,105.139,19.188,sent,1000,
1624,152679845755962,152679845758264,1790295781539862763,152679845776097,152679845880074,103.977,20.135,sent,1000,
1625,152679850755962,152679850757668,1790295781544862057,152679850775772,152679850878066,102.294,19.81,sent,1000,
1626,152679855755962,152679855758923,1790295781549863272,152679855778651,152679855884712,106.061,22.689,sent,1000,
1627,152679860755962,152679860757917,1790295781554862156,152679860774118,152679860878024,103.906,18.156,sent,1000,
1628,152679865755962,152679865758483,1790295781559862762,152679865774934,152679865879753,104.819,18.972,sent,1000,
1629,152679870755962,152679870757567,1790295781564862156,152679870767606,152679870825185,57.579,11.644,sent,1000,
1630,152679875755962,152679875757911,1790295781569862180,152679875774363,152679875878350,103.987,18.401,sent,1000,
1631,152679880755962,152679880756714,1790295781574859721,152679880760822,152679880785579,24.757,4.86,sent,1000,
1632,152679885755962,152679885758643,1790295781579862812,152679885774323,152679885888069,113.746,18.361,sent,1000,
1633,152679890755962,152679890758659,1790295781584862837,152679890775681,152679890882223,106.542,19.719,sent,1000,
1634,152679895755962,152679895758281,1790295781589862480,152679895774732,152679895878689,103.957,18.77,sent,1000,
1635,152679900755962,152679900757725,1790295781594861904,152679900774016,152679900883183,109.167,18.054,sent,1000,
1636,152679905755962,152679905758893,1790295781599863082,152679905775404,152679905886575,111.171,19.442,sent,1000,
1637,152679910755962,152679910758137,1790295781604862305,152679910774237,152679910876271,102.034,18.275,sent,1000,
1638,152679915755962,152679915758050,1790295781609862249,152679915774221,152679915880362,106.141,18.259,sent,1000,
1639,152679920755962,152679920758246,1790295781614862465,152679920775068,152679920880398,105.33,19.106,sent,1000,
1640,152679925755962,152679925757099,1790295781619860627,152679925766096,152679925823996,57.9,10.134,sent,1000,
1641,152679930755962,152679930756303,1790295781624859370,152679930759720,152679930776812,17.092,3.758,sent,1000,
1642,152679935755962,152679935756878,1790295781629859884,152679935760054,152679935784510,24.456,4.092,sent,1000,
1643,152679940755962,152679940756833,1790295781634859930,152679940760540,152679940787742,27.202,4.578,sent,1000,
1644,152679945755962,152679945756638,1790295781639859644,152679945759724,152679945792867,33.143,3.762,sent,1000,
1645,152679950755962,152679950756453,1790295781644859459,152679950759609,152679950783715,24.106,3.647,sent,1000,
1646,152679955755962,152679955756617,1790295781649859624,152679955759703,152679955784911,25.208,3.741,sent,1000,
1647,152679960755962,152679960756522,1790295781654859529,152679960759658,152679960783664,24.006,3.696,sent,1000,
1648,152679965755962,152679965757630,1790295781659861147,152679965766587,152679965826170,59.583,10.625,sent,1000,
1649,152679970755962,152679970756703,1790295781664859710,152679970760571,152679970787582,27.011,4.609,sent,1000,
1650,152679975755962,152679975757208,1790295781669861457,152679975773839,152679975876053,102.214,17.877,sent,1000,
1651,152679980755962,152679980758165,1790295781674862384,152679980774807,152679980878864,104.057,18.845,sent,1000,
1652,152679985755962,152679985758541,1790295781679862730,152679985775453,152679985878909,103.456,19.491,sent,1000,
1653,152679990755962,152679990759095,1790295781684863314,152679990774855,152679990879023,104.168,18.893,sent,1000,
1654,152679995755962,152679995757888,1790295781689862057,152679995774029,152679995878657,104.628,18.067,sent,1000,
1655,152680000755962,152680000758665,1790295781694863194,152680000775096,152680000877631,102.535,19.134,sent,1000,
1656,152680005755962,152680005758510,1790295781699863030,152680005774781,152680005877977,103.196,18.819,sent,1000,
1657,152680010755962,152680010757222,1790295781704860749,152680010766480,152680010825030,58.55,10.518,sent,1000,
1658,152680015755962,152680015756966,1790295781709860464,152680015765583,152680015822491,56.908,9.621,sent,1000,
1659,152680020755962,152680020758996,1790295781714864126,152680020782059,152680020891477,109.418,26.097,sent,1000,
1660,152680025755962,152680025756837,1790295781719860374,152680025764311,152680025815047,50.736,8.349,sent,1000,
1661,152680030755962,152680030756651,1790295781724859677,152680030761029,152680030789433,28.404,5.067,sent,1000,
1662,152680035755962,152680035759120,1790295781729863329,152680035775311,152680035877494,102.183,19.349,sent,1000,
1663,152680040755962,152680040756781,1790295781734860349,152680040766119,152680040823317,57.198,10.157,sent,1000,
1664,152680045755962,152680045757618,1790295781739861175,152680045766505,152680045825186,58.681,10.543,sent,1000,
1665,152680050755962,152680050758384,1790295781744862653,152680050775075,152680050879363,104.288,19.113,sent,1000,
1666,152680055755962,152680055758388,1790295781749863198,152680055775842,152680055880199,104.357,19.88,sent,1000,
1667,152680060755962,152680060757352,1790295781754861400,152680060772941,152680060872310,99.369,16.979,sent,1000,
1668,152680065755962,152680065757868,1790295781759861386,152680065766925,152680065826338,59.413,10.963,sent,1000,
1669,152680070755962,152680070757842,1790295781764861440,152680070766970,152680070827284,60.314,11.008,sent,1000,
1670,152680075755962,152680075757927,1790295781769862196,152680075774038,152680075878015,103.977,18.076,sent,1000,
1671,152680080755962,152680080758183,1790295781774862362,152680080775806,152680080877780,101.974,19.844,sent,1000,
1672,152680085755962,152680085757647,1790295781779861606,152680085767446,152680085826919,59.473,11.484,sent,1000,
1673,152680090755962,152680090758553,1790295781784862722,152680090774994,152680090880124,105.13,19.032,sent,1000,
1674,152680095755962,152680095758287,1790295781789862536,152680095775240,152680095879657,104.417,19.278,sent,1000,
1675,152680100755962,152680100758052,1790295781794862922,152680100774313,152680100878471,104.158,18.351,sent,1000,
1676,152680105755962,152680105758268,1790295781799861766,152680105767265,152680105825776,58.511,11.303,sent,1000,
1677,152680110755962,152680110758212,1790295781804862541,152680110775184,152680110880193,105.009,19.222,sent,1000,
1678,152680115755962,152680115758216,1790295781809862434,152680115774697,152680115879475,104.778,18.735,sent,1000,
1679,152680120755962,152680120758251,1790295781814862490,152680120774462,152680120877477,103.015,18.5,sent,1000,
1680,152680125755962,152680125757325,1790295781819860842,152680125766612,152680125825694,59.082,10.65,sent,1000,
1681,152680130755962,152680130758121,1790295781824862290,152680130774492,152680130878449,103.957,18.53,sent,1000,
1682,152680135755962,152680135758708,1790295781829863327,152680135774738,152680135876922,102.184,18.776,sent,1000,
1683,152680140755962,152680140758693,1790295781834862812,152680140774303,152680140871988,97.685,18.341,sent,1000,
1684,152680145755962,152680145757997,1790295781839862176,152680145773997,152680145876902,102.905,18.035,sent,1000,
1685,152680150755962,152680150758231,1790295781844862369,152680150774862,152680150878409,103.547,18.9,sent,1000,
1686,152680155755962,152680155759188,1790295781849863447,152680155776060,152680155880257,104.197,20.098,sent,1000,
1687,152680160755962,152680160757961,1790295781854862170,152680160774011,152680160878109,104.098,18.049,sent,1000,
1688,152680165755962,152680165757445,1790295781859860962,152680165766632,152680165825684,59.052,10.67,sent,1000,
1689,152680170755962,152680170758099,1790295781864862579,152680170775212,152680170878958,103.746,19.25,sent,1000,
1690,152680175755962,152680175757654,1790295781869861782,152680175774396,152680175879114,104.718,18.434,sent,1000,
1691,152680180755962,152680180758361,1790295781874862559,152680180775212,152680180879871,104.659,19.25,sent,1000,
1692,152680185755962,152680185759127,1790295781879863316,152680185776180,152680185879315,103.135,20.218,sent,1000,
1693,152680190755962,152680190759343,1790295781884863492,152680190798447,152680190901543,103.096,42.485,sent,1000,
1694,152680195755962,152680195757946,1790295781889862134,152680195774126,152680195877613,103.487,18.164,sent,1000,
1695,152680200755962,152680200758372,1790295781894862631,152680200774062,152680200877858,103.796,18.1,sent,1000,
1696,152680205755962,152680205758988,1790295781899863448,152680205775830,152680205878174,102.344,19.868,sent,1000,
1697,152680210755962,152680210757559,1790295781904861788,152680210774150,152680210879931,105.781,18.188,sent,1000,
1698,152680215755962,152680215758085,1790295781909862274,152680215774727,152680215875919,101.192,18.765,sent,1000,
1699,152680220755962,152680220758201,1790295781914862420,152680220774201,152680220877287,103.086,18.239,sent,1000,
1700,152680225755962,152680225756843,1790295781919860420,152680225766120,152680225824762,58.642,10.158,sent,1000,
1701,152680230755962,152680230758010,1790295781924862218,152680230773759,152680230876173,102.414,17.797,sent,1000,
1702,152680235755962,152680235758145,1790295781929862955,152680235775448,152680235880868,105.42,19.486,sent,1000,
1703,152680240755962,152680240756738,1790295781934859754,152680240760765,152680240789430,28.665,4.803,sent,1000,
1704,152680245755962,152680245757985,1790295781939862123,152680245774055,152680245878183,104.128,18.093,sent,1000,
1705,152680250755962,152680250758260,1790295781944862438,152680250774801,152680250879159,104.358,18.839,sent,1000,
1706,152680255755962,152680255758365,1790295781949862864,152680255774766,152680255879896,105.13,18.804,sent,1000,
1707,152680260755962,152680260757900,1790295781954862018,152680260773539,152680260879760,106.221,17.577,sent,1000,
1708,152680265755962,152680265758073,1790295781959862232,152680265775306,152680265882840,107.534,19.344,sent,1000,
1709,152680270755962,152680270758199,1790295781964863019,152680270774670,152680270879368,104.698,18.708,sent,1000,
1710,152680275755962,152680275757934,1790295781969862743,152680275774896,152680275876478,101.582,18.934,sent,1000,
1711,152680280755962,152680280757679,1790295781974861256,152680280766676,152680280825176,58.5,10.714,sent,1000,
1712,152680285755962,152680285758786,1790295781979863195,152680285774896,152680285880757,105.861,18.934,sent,1000,
1713,152680290755962,152680290758681,1790295781984863170,152680290775283,152680290858530,83.247,19.321,sent,1000,
1714,152680295755962,152680295757935,1790295781989862204,152680295774647,152680295882792,108.145,18.685,sent,1000,
1715,152680300755962,152680300758451,1790295781994862750,152680300774892,152680300880833,105.941,18.93,sent,1000,
1716,152680305755962,152680305758835,1790295781999863104,152680305775266,152680305881388,106.122,19.304,sent,1000,
1717,152680310755962,152680310757749,1790295782004861937,152680310774540,152680310876193,101.653,18.578,sent,1000,
1718,152680315755962,152680315756562,1790295782009859568,152680315759768,152680315783262,23.494,3.806,sent,1000,
1719,152680320755962,152680320756677,1790295782014859683,152680320759983,152680320784570,24.587,4.021,sent,1000,
1720,152680325755962,152680325757001,1790295782019860539,152680325765818,152680325824790,58.972,9.856,sent,1000,
1721,152680330755962,152680330756556,1790295782024859562,152680330759852,152680330783627,23.775,3.89,sent,1000,
1722,152680335755962,152680335756611,1790295782029859638,152680335759697,152680335783172,23.475,3.735,sent,1000,
1723,152680340755962,152680340758370,1790295782034862558,152680340774631,152680340880050,105.419,18.669,sent,1000,
1724,152680345755962,152680345757672,1790295782039861210,152680345766479,152680345827555,61.076,10.517,sent,1000,
1725,152680350755962,152680350758219,1790295782044862397,152680350773808,152680350877114,103.306,17.846,sent,1000,
1726,152680355755962,152680355758895,1790295782049863144,152680355775086,152680355879294,104.208,19.124,sent,1000,
1727,152680360755962,152680360757668,1790295782054861777,152680360774059,152680360878367,104.308,18.097,sent,1000,
1728,152680365755962,152680365757571,1790295782059861089,152680365766639,152680365858533,91.894,10.677,sent,1000,
1729,152680370755962,152680370759160,1790295782064863419,152680370775852,152680370879428,103.576,19.89,sent,1000,
1730,152680375755962,152680375757833,1790295782069862001,152680375774254,152680375878491,104.237,18.292,sent,1000,
1731,152680380755962,152680380758239,1790295782074862407,152680380775251,152680380878787,103.536,19.289,sent,1000,
1732,152680385755962,152680385758585,1790295782079862834,152680385775537,152680385879294,103.757,19.575,sent,1000,
1733,152680390755962,152680390758580,1790295782084862769,152680390775402,152680390879940,104.538,19.44,sent,1000,
1734,152680395755962,152680395757964,1790295782089862123,152680395774686,152680395880406,105.72,18.724,sent,1000,
1735,152680400755962,152680400758300,1790295782094862559,152680400777366,152680400884880,107.514,21.404,sent,1000,
1736,152680405755962,152680405758704,1790295782099863093,152680405776437,152680405885444,109.007,20.475,sent,1000,
1737,152680410755962,152680410757988,1790295782104862187,152680410774138,152680410879007,104.869,18.176,sent,1000,
1738,152680415755962,152680415757973,1790295782109862182,152680415774234,152680415879704,105.47,18.272,sent,1000,
1739,152680420755962,152680420758359,1790295782114863209,152680420774750,152680420877766,103.016,18.788,sent,1000,
1740,152680425755962,152680425756571,1790295782119859578,152680425759717,152680425783582,23.865,3.755,sent,1000,
1741,152680430755962,152680430757759,1790295782124861928,152680430775472,152680430876965,101.493,19.51,sent,1000,
1742,152680435755962,152680435758846,1790295782129863085,152680435775267,152680435879695,104.428,19.305,sent,1000,
1743,152680440755962,152680440758209,1790295782134863079,152680440774690,152680440878276,103.586,18.728,sent,1000,
1744,152680445755962,152680445757272,1790295782139860800,152680445766339,152680445825401,59.062,10.377,sent,1000,
1745,152680450755962,152680450757939,1790295782144862158,152680450774681,152680450878317,103.636,18.719,sent,1000,
1746,152680455755962,152680455758425,1790295782149863045,152680455774245,152680455875737,101.492,18.283,sent,1000,
1747,152680460755962,152680460757717,1790295782154862026,152680460773547,152680460875380,101.833,17.585,sent,1000,
1748,152680465755962,152680465757332,1790295782159860970,152680465766299,152680465824479,58.18,10.337,sent,1000,
1749,152680470755962,152680470758439,1790295782164862939,152680470775251,152680470879749,104.498,19.289,sent,1000,
1750,152680475755962,152680475758475,1790295782169862673,152680475774996,152680475881278,106.282,19.034,sent,1000,
1751,152680480755962,152680480757637,1790295782174861184,152680480766954,152680480824554,57.6,10.992,sent,1000,
1752,152680485755962,152680485757893,1790295782179861560,152680485767040,152680485827334,60.294,11.078,sent,1000,
1753,152680490755962,152680490758429,1790295782184862648,152680490775181,152680490876523,101.342,19.219,sent,1000,
1754,152680495755962,152680495757533,1790295782189861701,152680495773533,152680495877851,104.318,17.571,sent,1000,
1755,152680500755962,152680500758207,1790295782194862727,152680500774298,152680500877273,102.975,18.336,sent,1000,
1756,152680505755962,152680505758453,1790295782199863313,152680505775586,152680505882438,106.852,19.624,sent,1000,
1757,152680510755962,152680510757697,1790295782204861876,152680510774238,152680510879979,105.741,18.276,sent,1000,
1758,152680515755962,152680515757933,1790295782209862242,152680515778361,152680515891967,113.606,22.399,sent,1000,
1759,152680520755962,152680520757255,1790295782214862035,152680520768566,152680520823080,54.514,12.604,sent,1000,
1760,152680525755962,152680525756619,1790295782219859636,152680525760567,152680525789221,28.654,4.605,sent,1000,
1761,152680530755962,152680530756614,1790295782224859631,152680530760061,152680530785098,25.037,4.099,sent,1000,
1762,152680535755962,152680535756670,1790295782229859676,152680535759836,152680535784322,24.486,3.874,sent,1000,
1763,152680540755962,152680540756633,1790295782234859650,152680540759910,152680540784436,24.526,3.948,sent,1000,
1764,152680545755962,152680545756519,1790295782239859525,152680545759614,152680545782568,22.954,3.652,sent,1000,
1765,152680550755962,152680550757546,1790295782244861083,152680550766393,152680550824703,58.31,10.431,sent,1000,
1766,152680555755962,152680555758814,1790295782249863072,152680555775375,152680555879382,104.007,19.413,sent,1000,
1767,152680560755962,152680560757675,1790295782254861874,152680560773245,152680560875578,102.333,17.283,sent,1000,
1768,152680565755962,152680565757270,1790295782259860707,152680565765595,152680565818856,53.261,9.633,sent,1000,
1769,152680570755962,152680570758968,1790295782264863227,152680570775740,152680570879006,103.266,19.778,sent,1000,
1770,152680575755962,152680575757731,1790295782269862000,152680575773902,152680575881596,107.694,17.94,sent,1000,
1771,152680580755962,152680580758075,1790295782274862284,152680580774546,152680580877892,103.346,18.584,sent,1000,
1772,152680585755962,152680585756698,1790295782279859704,152680585760465,152680585785222,24.757,4.503,sent,1000,
1773,152680590755962,152680590758607,1790295782284862816,152680590775880,152680590882141,106.261,19.918,sent,1000,
1774,152680595755962,152680595757490,1790295782289861679,152680595774933,152680595878830,103.897,18.971,sent,1000,
1775,152680600755962,152680600758055,1790295782294862233,152680600774796,152680600876118,101.322,18.834,sent,1000,
1776,152680605755962,152680605759232,1790295782299863501,152680605776545,152680605879590,103.045,20.583,sent,1000,
1777,152680610755962,152680610756703,1790295782304859719,152680610760650,152680610786068,25.418,4.688,sent,1000,
1778,152680615755962,152680615758260,1790295782309862488,152680615774541,152680615879810,105.269,18.579,sent,1000,
1779,152680620755962,152680620756690,1790295782314859717,152680620760938,152680620785725,24.787,4.976,sent,1000,
1780,152680625755962,152680625757908,1790295782319861435,152680625767386,152680625825686,58.3,11.424,sent,1000,
1781,152680630755962,152680630757472,1790295782324861621,152680630773182,152680630876718,103.536,17.22,sent,1000,
1782,152680635755962,152680635756725,1790295782329859731,152680635760251,152680635785189,24.938,4.289,sent,1000,
1783,152680640755962,152680640756670,1790295782334859676,152680640760197,152680640785084,24.887,4.235,sent,1000,
1784,152680645755962,152680645756625,1790295782339859632,152680645759681,152680645782875,23.194,3.719,sent,1000,
1785,152680650755962,152680650757753,1790295782344862252,152680650775085,152680650877760,102.675,19.123,sent,1000,
1786,152680655755962,152680655757526,1790295782349861394,152680655767134,152680655826236,59.102,11.172,sent,1000,
1787,152680660755962,152680660757581,1790295782354861750,152680660774283,152680660875685,101.402,18.321,sent,1000,
1788,152680665755962,152680665757597,1790295782359861174,152680665766874,152680665825846,58.972,10.912,sent,1000,
1789,152680670755962,152680670757853,1790295782364862733,152680670775065,152680670878611,103.546,19.103,sent,1000,
1790,152680675755962,152680675758598,1790295782369862827,152680675775289,152680675876702,101.413,19.327,sent,1000,
1791,152680680755962,152680680757611,1790295782374861139,152680680766578,152680680825049,58.471,10.616,sent,1000,
1792,152680685755962,152680685757647,1790295782379861505,152680685767085,152680685825265,58.18,11.123,sent,1000,
1793,152680690755962,152680690757602,1790295782384861470,152680690767030,152680690828005,60.975,11.068,sent,1000,
1794,152680695755962,152680695758237,1790295782389862526,152680695775059,152680695878034,102.975,19.097,sent,1000,
1795,152680700755962,152680700758142,1790295782394862481,152680700774894,152680700879101,104.207,18.932,sent,1000,
1796,152680705755962,152680705757897,1790295782399861755,152680705767205,152680705825435,58.23,11.243,sent,1000,
1797,152680710755962,152680710757802,1790295782404862001,152680710774153,152680710875545,101.392,18.191,sent,1000,
1798,152680715755962,152680715757765,1790295782409861864,152680715774146,152680715878694,104.548,18.184,sent,1000,
1799,152680720755962,152680720758372,1790295782414862580,152680720774763,152680720876726,101.963,18.801,sent,1000,
1800,152680725755962,152680725758818,1790295782419863057,152680725775479,152680725882382,106.903,19.517,sent,1000,
1801,152680730755962,152680730758322,1790295782424862571,152680730775445,152680730879021,103.576,19.483,sent,1000,
1802,152680735755962,152680735758568,1790295782429862737,152680735775340,152680735880860,105.52,19.378,sent,1000,
1803,152680740755962,152680740758682,1790295782434862910,152680740774982,152680740879851,104.869,19.02,sent,1000,
1804,152680745755962,152680745757715,1790295782439861904,152680745775218,152680745879736,104.518,19.256,sent,1000,
1805,152680750755962,152680750757971,1790295782444862119,152680750773931,152680750877487,103.556,17.969,sent,1000,
1806,152680755755962,152680755758756,1790295782449862875,152680755775308,152680755879695,104.387,19.346,sent,1000,
1807,152680760755962,152680760757519,1790295782454861758,152680760773890,152680760875813,101.923,17.928,sent,1000,
1808,152680765755962,152680765757304,1790295782459860832,152680765766441,152680765824982,58.541,10.479,sent,1000,
1809,152680770755962,152680770758891,1790295782464863130,152680770775793,152680770879309,103.516,19.831,sent,1000,
1810,152680775755962,152680775758534,1790295782469862773,152680775775556,152680775879153,103.597,19.594,sent,1000,
1811,152680780755962,152680780757748,1790295782474861896,152680780774419,152680780879398,104.979,18.457,sent,1000,
1812,152680785755962,152680785757913,1790295782479862403,152680785773653,152680785877680,104.027,17.691,sent,1000,
1813,152680790755962,152680790758129,1790295782484862779,152680790775172,152680790881884,106.712,19.21,sent,1000,
1814,152680795755962,152680795757644,1790295782489861913,152680795774295,152680795878302,104.007,18.333,sent,1000,
1815,152680800755962,152680800757749,1790295782494861918,152680800774341,152680800878137,103.796,18.379,sent,1000,
1816,152680805755962,152680805758506,1790295782499863246,152680805775448,152680805878263,102.815,19.486,sent,1000,
1817,152680810755962,152680810758078,1790295782504862277,152680810774650,152680810880460,105.81,18.688,sent,1000,
1818,152680815755962,152680815756691,1790295782509860158,152680815764656,152680815818188,53.532,8.694,sent,1000,
1819,152680820755962,152680820756346,1790295782514859292,152680820759372,152680820778418,19.046,3.41,sent,1000,
1820,152680825755962,152680825759637,1790295782519863195,152680825768965,152680825831323,62.358,13.003,sent,1000,
1821,152680830755962,152680830758199,1790295782524862378,152680830774871,152680830880020,105.149,18.909,sent,1000,
1822,152680835755962,152680835758284,1790295782529862683,152680835774925,152680835882750,107.825,18.963,sent,1000,
1823,152680840755962,152680840757398,1790295782534861316,152680840766334,152680840821689,55.355,10.372,sent,1000,
1824,152680845755962,152680845756571,1790295782539859568,152680845759868,152680845783723,23.855,3.906,sent,1000,
1825,152680850755962,152680850782354,1790295782544886573,152680850798565,152680850902682,104.117,42.603,sent,1000,
1826,152680855755962,152680855758314,1790295782549862823,152680855775105,152680855879694,104.589,19.143,sent,1000,
1827,152680860755962,152680860758239,1790295782554862708,152680860776974,152680860881202,104.228,21.012,sent,1000,
1828,152680865755962,152680865757964,1790295782559862182,152680865774926,152680865880305,105.379,18.964,sent,1000,
1829,152680870755962,152680870758849,1790295782564863048,152680870774900,152680870877785,102.885,18.938,sent,1000,
1830,152680875755962,152680875806845,1790295782569911044,152680875824027,152680875930830,106.803,68.065,sent,1000,
1831,152680880755962,152680880757216,1790295782574860754,152680880766604,152680880825876,59.272,10.642,sent,1000,
1832,152680885755962,152680885758404,1790295782579862552,152680885774685,152680885887719,113.034,18.723,sent,1000,
1833,152680890755962,152680890758710,1790295782584863169,152680890775812,152680890879198,103.386,19.85,sent,1000,
1834,152680895755962,152680895757823,1790295782589861982,152680895774365,152680895877550,103.185,18.403,sent,1000,
1835,152680900755962,152680900758009,1790295782594862198,152680900774711,152680900877876,103.165,18.749,sent,1000,
1836,152680905755962,152680905757934,1790295782599863385,152680905775858,152680905879875,104.017,19.896,sent,1000,
1837,152680910755962,152680910757508,1790295782604861045,152680910767076,152680910828342,61.266,11.114,sent,1000,
1838,152680915755962,152680915757942,1790295782609862130,152680915774984,152680915877198,102.214,19.022,sent,1000,
1839,152680920755962,152680920758438,1790295782614862617,152680920775160,152680920875650,100.49,19.198,sent,1000,
1840,152680925755962,152680925759155,1790295782619863383,152680925776187,152680925882468,106.281,20.225,sent,1000,
1841,152680930755962,152680930756605,1790295782624860063,152680930765642,152680930816429,50.787,9.68,sent,1000,
1842,152680935755962,152680935756571,1790295782629859577,152680935760568,152680935786758,26.19,4.606,sent,1000,
1843,152680940755962,152680940756706,1790295782634859703,152680940760093,152680940784659,24.566,4.131,sent,1000,
1844,152680945755962,152680945756901,1790295782639859958,152680945760638,152680945785726,25.088,4.676,sent,1000,
1845,152680950755962,152680950756615,1790295782644859631,152680950759721,152680950783636,23.915,3.759,sent,1000,
1846,152680955755962,152680955756600,1790295782649859617,152680955759666,152680955785495,25.829,3.704,sent,1000,
1847,152680960755962,152680960758329,1790295782654862608,152680960774890,152680960880030,105.14,18.928,sent,1000,
1848,152680965755962,152680965757642,1790295782659861841,152680965774665,152680965877630,102.965,18.703,sent,1000,
1849,152680970755962,152680970758778,1790295782664862966,152680970775049,152680970878905,103.856,19.087,sent,1000,
1850,152680975755962,152680975759024,1790295782669863232,152680975776056,152680975879933,103.877,20.094,sent,1000,
1851,152680980755962,152680980757817,1790295782674862015,152680980774558,152680980879477,104.919,18.596,sent,1000,
1852,152680985755962,152680985758473,1790295782679862652,152680985775395,152680985878931,103.536,19.433,sent,1000,
1853,152680990755962,152680990758208,1790295782684862597,152680990774589,152680990876943,102.354,18.627,sent,1000,
1854,152680995755962,152680995758183,1790295782689862492,152680995775156,152680995880104,104.948,19.194,sent,1000,
1855,152681000755962,152681000758349,1790295782694862658,152681000775131,152681000880150,105.019,19.169,sent,1000,
1856,152681005755962,152681005759116,1790295782699863324,152681005775667,152681005880776,105.109,19.705,sent,1000,
1857,152681010755962,152681010758267,1790295782704862546,152681010774799,152681010881421,106.622,18.837,sent,1000,
1858,152681015755962,152681015758483,1790295782709862782,152681015775586,152681015879412,103.826,19.624,sent,1000,
1859,152681020755962,152681020758168,1790295782714863399,152681020780320,152681020893705,113.385,24.358,sent,1000,
1860,152681025755962,152681025757121,1790295782719861690,152681025766238,152681025818206,51.968,10.276,sent,1000,
1861,152681030755962,152681030756383,1790295782724859330,152681030758938,152681030779517,20.579,2.976,sent,1000,
1862,152681035755962,152681035757962,1790295782729862311,152681035774052,152681035874923,100.871,18.09,sent,1000,
1863,152681040755962,152681040758428,1790295782734862677,152681040796721,152681040897622,100.901,40.759,sent,1000,
1864,152681045755962,152681045757020,1790295782739860507,152681045764945,152681045818827,53.882,8.983,sent,1000,
1865,152681050755962,152681050758397,1790295782744862596,152681050775008,152681050882071,107.063,19.046,sent,1000,
1866,152681055755962,152681055758472,1790295782749863242,152681055775875,152681055880003,104.128,19.913,sent,1000,
1867,152681060755962,152681060758277,1790295782754862446,152681060775420,152681060877213,101.793,19.458,sent,1000,
1868,152681065755962,152681065757741,1790295782759861910,152681065774282,152681065879692,105.41,18.32,sent,1000,
1869,152681070755962,152681070758216,1790295782764862435,152681070774597,152681070877723,103.126,18.635,sent,1000,
1870,152681075755962,152681075758793,1790295782769862961,152681075776426,152681075883168,106.742,20.464,sent,1000,
1871,152681080755962,152681080756624,1790295782774860081,152681080764389,152681080797281,32.892,8.427,sent,1000,
1872,152681085755962,152681085758252,1790295782779862460,152681085774372,152681085878409,104.037,18.41,sent,1000,
1873,152681090755962,152681090758857,1790295782784863066,152681090774878,152681090879566,104.688,18.916,sent,1000,
1874,152681095755962,152681095757771,1790295782789861899,152681095773821,152681095878650,104.829,17.859,sent,1000,
1875,152681100755962,152681100757646,1790295782794861834,152681100773395,152681100878064,104.669,17.433,sent,1000,
1876,152681105755962,152681105758141,1790295782799862831,152681105775254,152681105878940,103.686,19.292,sent,1000,
1877,152681110755962,152681110758536,1790295782804862835,152681110774967,152681110877081,102.114,19.005,sent,1000,
1878,152681115755962,152681115758101,1790295782809862370,152681115775093,152681115879120,104.027,19.131,sent,1000,
1879,152681120755962,152681120757816,1790295782814861944,152681120773956,152681120876961,103.005,17.994,sent,1000,
1880,152681125755962,152681125757779,1790295782819861497,152681125767247,152681125826269,59.022,11.285,sent,1000,
1881,152681130755962,152681130756893,1790295782824860420,152681130766131,152681130824962,58.831,10.169,sent,1000,
1882,152681135755962,152681135758171,1790295782829862470,152681135775163,152681135879030,103.867,19.201,sent,1000,
1883,152681140755962,152681140758356,1790295782834863156,152681140775188,152681140878153,102.965,19.226,sent,1000,
1884,152681145755962,152681145757919,1790295782839862087,152681145774069,152681145877215,103.146,18.107,sent,1000,
1885,152681150755962,152681150757593,1790295782844861762,152681150774606,152681150878222,103.616,18.644,sent,1000,
1886,152681155755962,152681155759082,1790295782849863270,152681155776084,152681155879881,103.797,20.122,sent,1000,
1887,152681160755962,152681160758295,1790295782854862564,152681160775729,152681160878563,102.834,19.767,sent,1000,
1888,152681165755962,152681165757249,1790295782859860756,152681165766587,152681165827442,60.855,10.625,sent,1000,
1889,152681170755962,152681170758296,1790295782864862525,152681170774637,152681170879326,104.689,18.675,sent,1000,
1890,152681175755962,152681175757951,1790295782869862971,152681175775564,152681175877638,102.074,19.602,sent,1000,
1891,152681180755962,152681180757856,1790295782874862065,152681180774688,152681180878915,104.227,18.726,sent,1000,
1892,152681185755962,152681185758240,1790295782879862479,152681185774811,152681185878959,104.148,18.849,sent,1000,
1893,152681190755962,152681190758907,1790295782884863105,152681190774907,152681190879295,104.388,18.945,sent,1000,
1894,152681195755962,152681195758141,1790295782889862279,152681195775373,152681195882286,106.913,19.411,sent,1000,
1895,152681200755962,152681200757956,1790295782894862375,152681200774417,152681200880297,105.88,18.455,sent,1000,
1896,152681205755962,152681205758642,1790295782899862841,152681205775564,152681205881856,106.292,19.602,sent,1000,
1897,152681210755962,152681210758006,1790295782904862175,152681210775009,152681210876972,101.963,19.047,sent,1000,
1898,152681215755962,152681215757841,1790295782909862010,152681215774453,152681215876727,102.274,18.491,sent,1000,
1899,152681220755962,152681220757436,1790295782914861544,152681220773677,152681220872103,98.426,17.715,sent,1000,
1900,152681225755962,152681225757780,1790295782919861678,152681225767709,152681225826280,58.571,11.747,sent,1000,
1901,152681230755962,152681230757415,1790295782924861584,152681230773856,152681230870369,96.513,17.894,sent,1000,
1902,152681235755962,152681235758212,1790295782929862591,152681235774162,152681235876486,102.324,18.2,sent,1000,
1903,152681240755962,152681240758077,1790295782934862896,152681240775359,152681240877934,102.575,19.397,sent,1000,
1904,152681245755962,152681245756538,1790295782939859544,152681245760094,152681245783729,23.635,4.132,sent,1000,
1905,152681250755962,152681250757795,1790295782944862124,152681250774307,152681250878684,104.377,18.345,sent,1000,
1906,152681255755962,152681255758893,1790295782949863142,152681255775384,152681255879101,103.717,19.422,sent,1000,
1907,152681260755962,152681260758347,1790295782954862926,152681260774608,152681260876601,101.993,18.646,sent,1000,
1908,152681265755962,152681265757279,1790295782959860826,152681265766396,152681265826250,59.854,10.434,sent,1000,
1909,152681270755962,152681270758607,1790295782964862845,152681270774206,152681270878654,104.448,18.244,sent,1000,
1910,152681275755962,152681275758602,1790295782969863151,152681275776085,152681275881395,105.31,20.123,sent,1000,
1911,152681280755962,152681280757004,1790295782974860542,152681280766572,152681280827097,60.525,10.61,sent,1000,
1912,152681285755962,152681285758160,1790295782979862439,152681285774501,152681285878758,104.257,18.539,sent,1000,
1913,152681290755962,152681290758536,1790295782984863015,152681290776300,152681290880046,103.746,20.338,sent,1000,
1914,152681295755962,152681295757840,1790295782989862038,152681295774752,152681295878939,104.187,18.79,sent,1000,
1915,152681300755962,152681300757673,1790295782994861811,152681300774004,152681300876969,102.965,18.042,sent,1000,
1916,152681305755962,152681305758029,1790295782999862588,152681305775432,152681305879729,104.297,19.47,sent,1000,
1917,152681310755962,152681310758255,1790295783004862764,152681310775457,152681310881839,106.382,19.495,sent,1000,
1918,152681315755962,152681315757589,1790295783009861928,152681315774831,152681315883387,108.556,18.869,sent,1000,
1919,152681320755962,152681320757392,1790295783014861510,152681320776438,152681320873291,96.853,20.476,sent,1000,
1920,152681325755962,152681325756756,1790295783019859762,152681325760343,152681325783958,23.615,4.381,sent,1000,
1921,152681330755962,152681330757403,1790295783024861952,152681330774244,152681330878592,104.348,18.282,sent,1000,
1922,152681335755962,152681335758480,1790295783029862659,152681335775572,152681335880241,104.669,19.61,sent,1000,
1923,152681340755962,152681340758273,1790295783034862442,152681340773973,152681340883861,109.888,18.011,sent,1000,
1924,152681345755962,152681345758228,1790295783039862477,152681345774780,152681345880320,105.54,18.818,sent,1000,
1925,152681350755962,152681350757863,1790295783044862062,152681350774625,152681350883241,108.616,18.663,sent,1000,
1926,152681355755962,152681355758319,1790295783049862528,152681355774560,152681355875601,101.041,18.598,sent,1000,
1927,152681360755962,152681360758362,1790295783054863142,152681360775384,152681360881656,106.272,19.422,sent,1000,
1928,152681365755962,152681365757746,1790295783059861985,152681365774218,152681365881471,107.253,18.256,sent,1000,
1929,152681370755962,152681370758403,1790295783064862632,152681370774233,152681370881015,106.782,18.271,sent,1000,
1930,152681375755962,152681375758358,1790295783069863228,152681375775380,152681375883465,108.085,19.418,sent,1000,
1931,152681380755962,152681380757843,1790295783074862141,152681380774143,152681380883421,109.278,18.181,sent,1000,
1932,152681385755962,152681385758159,1790295783079862347,152681385774399,152681385883045,108.646,18.437,sent,1000,
1933,152681390755962,152681390758475,1790295783084863324,152681390775487,152681390877961,102.474,19.525,sent,1000,
1934,152681395755962,152681395758350,1790295783089862498,152681395775151,152681395879058,103.907,19.189,sent,1000,
1935,152681400755962,152681400757662,1790295783094861951,152681400774193,152681400833325,59.132,18.231,sent,1000,
1936,152681405755962,152681405758779,1790295783099862958,152681405774689,152681405878847,104.158,18.727,sent,1000,
1937,152681410755962,152681410758544,1790295783104862993,152681410775166,152681410877900,102.734,19.204,sent,1000,
1938,152681415755962,152681415758219,1790295783109862848,152681415778678,152681415882935,104.257,22.716,sent,1000,
1939,152681420755962,152681420757621,1790295783114861159,152681420767159,152681420826151,58.992,11.197,sent,1000,
1940,152681425755962,152681425757587,1790295783119861465,152681425766934,152681425826036,59.102,10.972,sent,1000,
1941,152681430755962,152681430757422,1790295783124861600,152681430773252,152681430873572,100.32,17.29,sent,1000,
1942,152681435755962,152681435757457,1790295783129861646,152681435773798,152681435875681,101.883,17.836,sent,1000,
1943,152681440755962,152681440758232,1790295783134863062,152681440775675,152681440879161,103.486,19.713,sent,1000,
1944,152681445755962,152681445757606,1790295783139861404,152681445767054,152681445826336,59.282,11.092,sent,1000,
1945,152681450755962,152681450757161,1790295783144860698,152681450766378,152681450826232,59.854,10.416,sent,1000,
1946,152681455755962,152681455758398,1790295783149862637,152681455773667,152681455877103,103.436,17.705,sent,1000,
1947,152681460755962,152681460756949,1790295783154859955,152681460761187,152681460785523,24.336,5.225,sent,1000,
1948,152681465755962,152681465757656,1790295783159861854,152681465774678,152681465879056,104.378,18.716,sent,1000,
1949,152681470755962,152681470756689,1790295783164859696,152681470760667,152681470785353,24.686,4.705,sent,1000,
1950,152681475755962,152681475758568,1790295783169862797,152681475775380,152681475880088,104.708,19.418,sent,1000,
1951,152681480755962,152681480756718,1790295783174859745,152681480760185,152681480785443,25.258,4.223,sent,1000,
1952,152681485755962,152681485757565,1790295783179861103,152681485766562,152681485825253,58.691,10.6,sent,1000,
1953,152681490755962,152681490757801,1790295783184862711,152681490775064,152681490879041,103.977,19.102,sent,1000,
1954,152681495755962,152681495758518,1790295783189862766,152681495775269,152681495878495,103.226,19.307,sent,1000,
1955,152681500755962,152681500757208,1790295783194861357,152681500774441,152681500877727,103.286,18.479,sent,1000,
1956,152681505755962,152681505758767,1790295783199862935,152681505775639,152681505880347,104.708,19.677,sent,1000,
1957,152681510755962,152681510758972,1790295783204863191,152681510775574,152681510879701,104.127,19.612,sent,1000,
1958,152681515755962,152681515757755,1790295783209861904,152681515774617,152681515878404,103.787,18.655,sent,1000,
1959,152681520755962,152681520756667,1790295783214860735,152681520772767,152681520866475,93.708,16.805,sent,1000,
1960,152681525755962,152681525756382,1790295783219859318,152681525759247,152681525777251,18.004,3.285,sent,1000,
1961,152681530755962,152681530757319,1790295783224860856,152681530766396,152681530824326,57.93,10.434,sent,1000,
1962,152681535755962,152681535758034,1790295783229862263,152681535774565,152681535879384,104.819,18.603,sent,1000,
1963,152681540755962,152681540758280,1790295783234862829,152681540776093,152681540879800,103.707,20.131,sent,1000,
1964,152681545755962,152681545757734,1790295783239862293,152681545774646,152681545879284,104.638,18.684,sent,1000,
1965,152681550755962,152681550757649,1790295783244861868,152681550774391,152681550880131,105.74,18.429,sent,1000,
1966,152681555755962,152681555758766,1790295783249863005,152681555775869,152681555882280,106.411,19.907,sent,1000,
1967,152681560755962,152681560758399,1790295783254862698,152681560775411,152681560880631,105.22,19.449,sent,1000,
1968,152681565755962,152681565757312,1790295783259861441,152681565773102,152681565872561,99.459,17.14,sent,1000,
1969,152681570755962,152681570758259,1790295783264862468,152681570774711,152681570879299,104.588,18.749,sent,1000,
1970,152681575755962,152681575758794,1790295783269863273,152681575775575,152681575881456,105.881,19.613,sent,1000,
1971,152681580755962,152681580757947,1790295783274862046,152681580774288,152681580878586,104.298,18.326,sent,1000,
1972,152681585755962,152681585758193,1790295783279862452,152681585775195,152681585879884,104.689,19.233,sent,1000,
1973,152681590755962,152681590758579,1790295783284862858,152681590775471,152681590879037,103.566,19.509,sent,1000,
1974,152681595755962,152681595758953,1790295783289863192,152681595776146,152681595878960,102.814,20.184,sent,1000,
1975,152681600755962,152681600757776,1790295783294862005,152681600774939,152681600879226,104.287,18.977,sent,1000,
1976,152681605755962,152681605758493,1790295783299862712,152681605775405,152681605878029,102.624,19.443,sent,1000,
1977,152681610755962,152681610758909,1790295783304863087,152681610775260,152681610879287,104.027,19.298,sent,1000,
1978,152681615755962,152681615757610,1790295783309861768,152681615774291,152681615879431,105.14,18.329,sent,1000,
1979,152681620755962,152681620757585,1790295783314861132,152681620766612,152681620824732,58.12,10.65,sent,1000,
1980,152681625755962,152681625757630,1790295783319861889,152681625767379,152681625826561,59.182,11.417,sent,1000,
1981,152681630755962,152681630758237,1790295783324862406,152681630774758,152681630877994,103.236,18.796,sent,1000,
1982,152681635755962,152681635757399,1790295783329861558,152681635773560,152681635877587,104.027,17.598,sent,1000,
1983,152681640755962,152681640758266,1790295783334862465,152681640774677,152681640877031,102.354,18.715,sent,1000,
1984,152681645755962,152681645757530,1790295783339861458,152681645766767,152681645824687,57.92,10.805,sent,1000,
1985,152681650755962,152681650757776,1790295783344861934,152681650774487,152681650878094,103.607,18.525,sent,1000,
1986,152681655755962,152681655757861,1790295783349861398,152681655766808,152681655825669,58.861,10.846,sent,1000,
1987,152681660755962,152681660758335,1790295783354862564,152681660774105,152681660879565,105.46,18.143,sent,1000,
1988,152681665755962,152681665809567,1790295783359913526,152681665819606,152681665880532,60.926,63.644,sent,1000,
1989,152681670755962,152681670758516,1790295783364862725,152681670775468,152681670881579,106.111,19.506,sent,1000,
1990,152681675755962,152681675759072,1790295783369863351,152681675775594,152681675879821,104.227,19.632,sent,1000,
1991,152681680755962,152681680757743,1790295783374861852,152681680773343,152681680874284,100.941,17.381,sent,1000,
1992,152681685755962,152681685756526,1790295783379859543,152681685759783,152681685783688,23.905,3.821,sent,1000,
1993,152681690755962,152681690757914,1790295783384861782,152681690767212,152681690825883,58.671,11.25,sent,1000,
1994,152681695755962,152681695758299,1790295783389863059,152681695775031,152681695879869,104.838,19.069,sent,1000,
1995,152681700755962,152681700757703,1790295783394861892,152681700774014,152681700877119,103.105,18.052,sent,1000,
1996,152681705755962,152681705758340,1790295783399862588,152681705775372,152681705883366,107.994,19.41,sent,1000,
1997,152681710755962,152681710758956,1790295783404863595,152681710776339,152681710881879,105.54,20.377,sent,1000,
1998,152681715755962,152681715757877,1790295783409862006,152681715773757,152681715877965,104.208,17.795,sent,1000,
1999,152681720755962,152681720758363,1790295783414862542,152681720774264,152681720878701,104.437,18.302,sent,1000,
2000,152681725755962,152681725758319,1790295783419861966,152681725768057,152681725826468,58.411,12.095,sent,1000,
2001,152681730755962,152681730758054,1790295783424862252,152681730774835,152681730878983,104.148,18.873,sent,1000,
2002,152681735755962,152681735757899,1790295783429862117,152681735774199,152681735879078,104.879,18.237,sent,1000,
2003,152681740755962,152681740758453,1790295783434861900,152681740767039,152681740822364,55.325,11.077,sent,1000,
2004,152681745755962,152681745758318,1790295783439862607,152681745775451,152681745879528,104.077,19.489,sent,1000,
2005,152681750755962,152681750757902,1790295783444862251,152681750774764,152681750876167,101.403,18.802,sent,1000,
2006,152681755755962,152681755757555,1790295783449861022,152681755765680,152681755818901,53.221,9.718,sent,1000,
2007,152681760755962,152681760758252,1790295783454862500,152681760774482,152681760876526,102.044,18.52,sent,1000,
2008,152681765755962,152681765757165,1790295783459860682,152681765766362,152681765825344,58.982,10.4,sent,1000,
2009,152681770755962,152681770758483,1790295783464863052,152681770775585,152681770879091,103.506,19.623,sent,1000,
2010,152681775755962,152681775758266,1790295783469863046,152681775774757,152681775877302,102.545,18.795,sent,1000,
2011,152681780755962,152681780758331,1790295783474862530,152681780774612,152681780878740,104.128,18.65,sent,1000,
2012,152681785755962,152681785756624,1790295783479859630,152681785760110,152681785783655,23.545,4.148,sent,1000,
2013,152681790755962,152681790758411,1790295783484862590,152681790775283,152681790880573,105.29,19.321,sent,1000,
2014,152681795755962,152681795757604,1790295783489862805,152681795775138,152681795879916,104.778,19.176,sent,1000,
2015,152681800755962,152681800757479,1790295783494861999,152681800774802,152681800879270,104.468,18.84,sent,1000,
2016,152681805755962,152681805758386,1790295783499862515,152681805775178,152681805877753,102.575,19.216,sent,1000,
2017,152681810755962,152681810758871,1790295783504863300,152681810776143,152681810879279,103.136,20.181,sent,1000,
2018,152681815755962,152681815757824,1790295783509862013,152681815774826,152681815880807,105.981,18.864,sent,1000,
2019,152681820755962,152681820757829,1790295783514862108,152681820776926,152681820887605,110.679,20.964,sent,1000,
2020,152681825755962,152681825756342,1790295783519859288,152681825758817,152681825776941,18.124,2.855,sent,1000,
2021,152681830755962,152681830758801,1790295783524863100,152681830775482,152681830882044,106.562,19.52,sent,1000,
2022,152681835755962,152681835757533,1790295783529861992,152681835774796,152681835874655,99.859,18.834,sent,1000,
2023,152681840755962,152681840758110,1790295783534862679,152681840774270,152681840872446,98.176,18.308,sent,1000,
2024,152681845755962,152681845758195,1790295783539862945,152681845775468,152681845878753,103.285,19.506,sent,1000,
2025,152681850755962,152681850756665,1790295783544859672,152681850760342,152681850785360,25.018,4.38,sent,1000,
2026,152681855755962,152681855757502,1790295783549861049,152681855766969,152681855827194,60.225,11.007,sent,1000,
2027,152681860755962,152681860759080,1790295783554863359,152681860775371,152681860885520,110.149,19.409,sent,1000,
2028,152681865755962,152681865757913,1790295783559862071,152681865774174,152681865877980,103.806,18.212,sent,1000,
2029,152681870755962,152681870758267,1790295783564862916,152681870775740,152681870883634,107.894,19.778,sent,1000,
2030,152681875755962,152681875758320,1790295783569863140,152681875775402,152681875880912,105.51,19.44,sent,1000,
2031,152681880755962,152681880757404,1790295783574861562,152681880773163,152681880871279,98.116,17.201,sent,1000,
2032,152681885755962,152681885781695,1790295783579886124,152681885797775,152681885904658,106.883,41.813,sent,1000,
2033,152681890755962,152681890758867,1790295783584863086,152681890798272,152681890904213,105.941,42.31,sent,1000,
2034,152681895755962,152681895758622,1790295783589863211,152681895775845,152681895882697,106.852,19.883,sent,1000,
2035,152681900755962,152681900757786,1790295783594862155,152681900774027,152681900885137,111.11,18.065,sent,1000,
2036,152681905755962,152681905756609,1790295783599859615,152681905760717,152681905786345,25.628,4.755,sent,1000,
2037,152681910755962,152681910793523,1790295783604897692,152681910810796,152681910916266,105.47,54.834,sent,1000,
2038,152681915755962,152681915757969,1790295783609862288,152681915775071,152681915882044,106.973,19.109,sent,1000,
2039,152681920755962,152681920758105,1790295783614862313,152681920774185,152681920876258,102.073,18.223,sent,1000,
2040,152681925755962,152681925756817,1790295783619859834,152681925760484,152681925785592,25.108,4.522,sent,1000,
2041,152681930755962,152681930756632,1790295783624859629,152681930759989,152681930784716,24.727,4.027,sent,1000,
2042,152681935755962,152681935756668,1790295783629859684,152681935759884,152681935784130,24.246,3.922,sent,1000,
2043,152681940755962,152681940756563,1790295783634859569,152681940759889,152681940785057,25.168,3.927,sent,1000,
2044,152681945755962,152681945756629,1790295783639859625,152681945759744,152681945784652,24.908,3.782,sent,1000,
2045,152681950755962,152681950756713,1790295783644859729,152681950759889,152681950783824,23.935,3.927,sent,1000,
2046,152681955755962,152681955756728,1790295783649859734,152681955759844,152681955783909,24.065,3.882,sent,1000,
2047,152681960755962,152681960756673,1790295783654859679,152681960759839,152681960784606,24.767,3.877,sent,1000,
2048,152681965755962,152681965757259,1790295783659861408,152681965773420,152681965874331,100.911,17.458,sent,1000,
2049,152681970755962,152681970757454,1790295783664860991,152681970766772,152681970824661,57.889,10.81,sent,1000,
2050,152681975755962,152681975758190,1790295783669862669,152681975774992,152681975881574,106.582,19.03,sent,1000,
2051,152681980755962,152681980758376,1790295783674862865,152681980775989,152681980877782,101.793,20.027,sent,1000,
2052,152681985755962,152681985757710,1790295783679861858,152681985774381,152681985879260,104.879,18.419,sent,1000,
2053,152681990755962,152681990757954,1790295783684862773,152681990775507,152681990877811,102.304,19.545,sent,1000,
2054,152681995755962,152681995758740,1790295783689862929,152681995775262,152681995879209,103.947,19.3,sent,1000,
2055,152682000755962,152682000757443,1790295783694861872,152682000773804,152682000878062,104.258,17.842,sent,1000,
2056,152682005755962,152682005758020,1790295783699862188,152682005775192,152682005879460,104.268,19.23,sent,1000,
2057,152682010755962,152682010758233,1790295783704862733,152682010775266,152682010878251,102.985,19.304,sent,1000,
2058,152682015755962,152682015757978,1790295783709862117,152682015774760,152682015879248,104.488,18.798,sent,1000,
2059,152682020755962,152682020757713,1790295783714861922,152682020777721,152682020886327,108.606,21.759,sent,1000,
2060,152682025755962,152682025758139,1790295783719861827,152682025767577,152682025825377,57.8,11.615,sent,1000,
2061,152682030755962,152682030756741,1790295783724859737,152682030760348,152682030785255,24.907,4.386,sent,1000,
2062,152682035755962,152682035756665,1790295783729859672,152682035759902,152682035785330,25.428,3.94,sent,1000,
2063,152682040755962,152682040757663,1790295783734862172,152682040767692,152682040824730,57.038,11.73,sent,1000,
2064,152682045755962,152682045756596,1790295783739859602,152682045759802,152682045786523,26.721,3.84,sent,1000,
2065,152682050755962,152682050756660,1790295783744859667,152682050759967,152682050784503,24.536,4.005,sent,1000,
2066,152682055755962,152682055758348,1790295783749862537,152682055774419,152682055877564,103.145,18.457,sent,1000,
2067,152682060755962,152682060757232,1790295783754861410,152682060773072,152682060874404,101.332,17.11,sent,1000,
2068,152682065755962,152682065757608,1790295783759861816,152682065773748,152682065872515,98.767,17.786,sent,1000,
2069,152682070755962,152682070757981,1790295783764862180,152682070774372,152682070879432,105.06,18.41,sent,1000,
2070,152682075755962,152682075758918,1790295783769863147,152682075775900,152682075880238,104.338,19.938,sent,1000,
2071,152682080755962,152682080758763,1790295783774862902,152682080775425,152682080880674,105.249,19.463,sent,1000,
2072,152682085755962,152682085757676,1790295783779861844,152682085773516,152682085875940,102.424,17.554,sent,1000,
2073,152682090755962,152682090758851,1790295783784863360,152682090775743,152682090879309,103.566,19.781,sent,1000,
2074,152682095755962,152682095758646,1790295783789862895,152682095775578,152682095879275,103.697,19.616,sent,1000,
2075,152682100755962,152682100757459,1790295783794861768,152682100774241,152682100876044,101.803,18.279,sent,1000,
2076,152682105755962,152682105758286,1790295783799862455,152682105774337,152682105880568,106.231,18.375,sent,1000,
2077,152682110755962,152682110759043,1790295783804863262,152682110776236,152682110879812,103.576,20.274,sent,1000,
2078,152682115755962,152682115757816,1790295783809861965,152682115773816,152682115876711,102.895,17.854,sent,1000,
2079,152682120755962,152682120757501,1790295783814861028,152682120766939,152682120825049,58.11,10.977,sent,1000,
2080,152682125755962,152682125756714,1790295783819860181,152682125764679,152682125812880,48.201,8.717,sent,1000,
2081,152682130755962,152682130757810,1790295783824861418,152682130767378,152682130826070,58.692,11.416,sent,1000,
2082,152682135755962,152682135757655,1790295783829861824,152682135774447,152682135879426,104.979,18.485,sent,1000,
2083,152682140755962,152682140758903,1790295783834863092,152682140775595,152682140885052,109.457,19.633,sent,1000,
2084,152682145755962,152682145757406,1790295783839861885,152682145773025,152682145875289,102.264,17.063,sent,1000,
2085,152682150755962,152682150756657,1790295783844859664,152682150760094,152682150784700,24.606,4.132,sent,1000,
2086,152682155755962,152682155758395,1790295783849862544,152682155775007,152682155878363,103.356,19.045,sent,1000,
2087,152682160755962,152682160758711,1790295783854863000,152682160774862,152682160879520,104.658,18.9,sent,1000,
2088,152682165755962,152682165757884,1790295783859861382,152682165766731,152682165826434,59.703,10.769,sent,1000,
2089,152682170755962,152682170757077,1790295783864860544,152682170765192,152682170818453,53.261,9.23,sent,1000,
2090,152682175755962,152682175758665,1790295783869862934,152682175774586,152682175878983,104.397,18.624,sent,1000,
2091,152682180755962,152682180758591,1790295783874862779,152682180775392,152682180881053,105.661,19.43,sent,1000,
2092,152682185755962,152682185756872,1790295783879860369,152682185766320,152682185824610,58.29,10.358,sent,1000,
2093,152682190755962,152682190757638,1790295783884862197,152682190767787,152682190825366,57.579,11.825,sent,1000,
2094,152682195755962,152682195758695,1790295783889862894,152682195775096,152682195878272,103.176,19.134,sent,1000,
2095,152682200755962,152682200757568,1790295783894862158,152682200774561,152682200879329,104.768,18.599,sent,1000,
2096,152682205755962,152682205757383,1790295783899860890,152682205766350,152682205820783,54.433,10.388,sent,1000,
2097,152682210755962,152682210758730,1790295783904862938,152682210774580,152682210879579,104.999,18.618,sent,1000,
2098,152682215755962,152682215758094,1790295783909862272,152682215775416,152682215881808,106.392,19.454,sent,1000,
2099,152682220755962,152682220757648,1790295783914861827,152682220775883,152682220877105,101.222,19.921,sent,1000,
2100,152682225755962,152682225757763,1790295783919861701,152682225766500,152682225821504,55.004,10.538,sent,1000,
2101,152682230755962,152682230757397,1790295783924861515,152682230773517,152682230870852,97.335,17.555,sent,1000,
2102,152682235755962,152682235757633,1790295783929861811,152682235773212,152682235876989,103.777,17.25,sent,1000,
2103,152682240755962,152682240757828,1790295783934861476,152682240767156,152682240825386,58.23,11.194,sent,1000,
2104,152682245755962,152682245757843,1790295783939861391,152682245766049,152682245821123,55.074,10.087,sent,1000,
2105,152682250755962,152682250757657,1790295783944861836,152682250775180,152682250879067,103.887,19.218,sent,1000,
2106,152682255755962,152682255758003,1790295783949862272,152682255774404,152682255877249,102.845,18.442,sent,1000,
2107,152682260755962,152682260757878,1790295783954861887,152682260767326,152682260827410,60.084,11.364,sent,1000,
2108,152682265755962,152682265756530,1790295783959859537,152682265759766,152682265778943,19.177,3.804,sent,1000,
2109,152682270755962,152682270757927,1790295783964862176,152682270774108,152682270879438,105.33,18.146,sent,1000,
2110,152682275755962,152682275758173,1790295783969862733,152682275775005,152682275881868,106.863,19.043,sent,1000,
2111,152682280755962,152682280758770,1790295783974863058,152682280775131,152682280879689,104.558,19.169,sent,1000,
2112,152682285755962,152682285757482,1790295783979861691,152682285774264,152682285878461,104.197,18.302,sent,1000,
2113,152682290755962,152682290758718,1790295783984862906,152682290776000,152682290878845,102.845,20.038,sent,1000,
2114,152682295755962,152682295758793,1790295783989863052,152682295775084,152682295880894,105.81,19.122,sent,1000,
2115,152682300755962,152682300757756,1790295783994861965,152682300774699,152682300877914,103.215,18.737,sent,1000,
2116,152682305755962,152682305757932,1790295783999862131,152682305774243,152682305876627,102.384,18.281,sent,1000,
2117,152682310755962,152682310758959,1790295784004863178,152682310775831,152682310880119,104.288,19.869,sent,1000,
2118,152682315755962,152682315757512,1790295784009861050,152682315766780,152682315825110,58.33,10.818,sent,1000,
2119,152682320755962,152682320909475,1790295784015013854,152682320926828,152682321033390,106.562,170.866,sent,1000,
2120,152682325755962,152682325757471,1790295784019861058,152682325766688,152682325826802,60.114,10.726,sent,1000,
2121,152682330755962,152682330758736,1790295784024862885,152682330774897,152682330877571,102.674,18.935,sent,1000,
2122,152682335755962,152682335757199,1790295784029861387,152682335773480,152682335878539,105.059,17.518,sent,1000,
2123,152682340755962,152682340758166,1790295784034862605,152682340774216,152682340877282,103.066,18.254,sent,1000,
2124,152682345755962,152682345758903,1790295784039863091,152682345775404,152682345877788,102.384,19.442,sent,1000,
2125,152682350755962,152682350758367,1790295784044862536,152682350774748,152682350876341,101.593,18.786,sent,1000,
2126,152682355755962,152682355757581,1790295784049861890,152682355776928,152682355878029,101.101,20.966,sent,1000,
2127,152682360755962,152682360758688,1790295784054862867,152682360775430,152682360878505,103.075,19.468,sent,1000,
2128,152682365755962,152682365758191,1790295784059862690,152682365774872,152682365882586,107.714,18.91,sent,1000,
2129,152682370755962,152682370757595,1790295784064862405,152682370774637,152682370876771,102.134,18.675,sent,1000,
2130,152682375755962,152682375758512,1790295784069863061,152682375775394,152682375883970,108.576,19.432,sent,1000,
2131,152682380755962,152682380758848,1790295784074863157,152682380775079,152682380882833,107.754,19.117,sent,1000,
2132,152682385755962,152682385757982,1790295784079862250,152682385775395,152682385880754,105.359,19.433,sent,1000,
2133,152682390755962,152682390758889,1790295784084863208,152682390775620,152682390881511,105.891,19.658,sent,1000,
2134,152682395755962,152682395758764,1790295784089862962,152682395775896,152682395884282,108.386,19.934,sent,1000,
2135,152682400755962,152682400757507,1790295784094862226,152682400777244,152682400885439,108.195,21.282,sent,1000,
2136,152682405755962,152682405758231,1790295784099862440,152682405774692,152682405880483,105.791,18.73,sent,1000,
2137,152682410755962,152682410758858,1790295784104863117,152682410774918,152682410882763,107.845,18.956,sent,1000,
2138,152682415755962,152682415758432,1790295784109862641,152682415774553,152682415880534,105.981,18.591,sent,1000,
2139,152682420755962,152682420757766,1790295784114861915,152682420774488,152682420877223,102.735,18.526,sent,1000,
2140,152682425755962,152682425757810,1790295784119861418,152682425766928,152682425826841,59.913,10.966,sent,1000,
2141,152682430755962,152682430757265,1790295784124861433,152682430774698,152682430878715,104.017,18.736,sent,1000,
2142,152682435755962,152682435756869,1790295784129860407,152682435766327,152682435857751,91.424,10.365,sent,1000,
2143,152682440755962,152682440758227,1790295784134863117,152682440774728,152682440873085,98.357,18.766,sent,1000,
2144,152682445755962,152682445758561,1790295784139863051,152682445775073,152682445886173,111.1,19.111,sent,1000,
2145,152682450755962,152682450757575,1790295784144861082,152682450766722,152682450824592,57.87,10.76,sent,1000,
2146,152682455755962,152682455757971,1790295784149862100,152682455773911,152682455875985,102.074,17.949,sent,1000,
2147,152682460755962,152682460758357,1790295784154862576,152682460774267,152682460876691,102.424,18.305,sent,1000,
2148,152682465755962,152682465757479,1790295784159861968,152682465773900,152682465877096,103.196,17.938,sent,1000,
2149,152682470755962,152682470757244,1790295784164860771,152682470766101,152682470828429,62.328,10.139,sent,1000,
2150,152682475755962,152682475758822,1790295784169863011,152682475774823,152682475886474,111.651,18.861,sent,1000,
2151,152682480755962,152682480758377,1790295784174862575,152682480774066,152682480882652,108.586,18.104,sent,1000,
2152,152682485755962,152682485756607,1790295784179859614,152682485760144,152682485785191,25.047,4.182,sent,1000,
2153,152682490755962,152682490758286,1790295784184862454,152682490774557,152682490877923,103.366,18.595,sent,1000,
2154,152682495755962,152682495758622,1790295784189863181,152682495775995,152682495880012,104.017,20.033,sent,1000,
2155,152682500755962,152682500758016,1790295784194862175,152682500774878,152682500883584,108.706,18.916,sent,1000,
2156,152682505755962,152682505758430,1790295784199862709,152682505774901,152682505877916,103.015,18.939,sent,1000,
2157,152682510755962,152682510758105,1790295784204862915,152682510775377,152682510879555,104.178,19.415,sent,1000,
2158,152682515755962,152682515758140,1790295784209863000,152682515775403,152682515880492,105.089,19.441,sent,1000,
2159,152682520755962,152682520757314,1790295784214861142,152682520769437,152682520840391,70.954,13.475,sent,1000,
2160,152682525755962,152682525757630,1790295784219861237,152682525765635,152682525809628,43.993,9.673,sent,1000,
2161,152682530755962,152682530756643,1790295784224859650,152682530760841,152682530786811,25.97,4.879,sent,1000,
2162,152682535755962,152682535756428,1790295784229859435,152682535759554,152682535782748,23.194,3.592,sent,1000,
2163,152682540755962,152682540756694,1790295784234859700,152682540760251,152682540784587,24.336,4.289,sent,1000,
2164,152682545755962,152682545756457,1790295784239859464,152682545759593,152682545782447,22.854,3.631,sent,1000,
2165,152682550755962,152682550757184,1790295784244861072,152682550767053,152682550825704,58.651,11.091,sent,1000,
2166,152682555755962,152682555757801,1790295784249861989,152682555774402,152682555881846,107.444,18.44,sent,1000,
2167,152682560755962,152682560758277,1790295784254862435,152682560774698,152682560876190,101.492,18.736,sent,1000,
2168,152682565755962,152682565758020,1790295784259861668,152682565767258,152682565826370,59.112,11.296,sent,1000,
2169,152682570755962,152682570757384,1790295784264861473,152682570774086,152682570874997,100.911,18.124,sent,1000,
2170,152682575755962,152682575759053,1790295784269863322,152682575775314,152682575880212,104.898,19.352,sent,1000,
2171,152682580755962,152682580758747,1790295784274863387,152682580775920,152682580877723,101.803,19.958,sent,1000,
2172,152682585755962,152682585757519,1790295784279861657,152682585773479,152682585879270,105.791,17.517,sent,1000,
2173,152682590755962,152682590757574,1790295784284861462,152682590767233,152682590826515,59.282,11.271,sent,1000,
2174,152682595755962,152682595758211,1790295784289862670,152682595774792,152682595878138,103.346,18.83,sent,1000,
2175,152682600755962,152682600758226,1790295784294862605,152682600775218,152682600878103,102.885,19.256,sent,1000,
2176,152682605755962,152682605758050,1790295784299862248,152682605774641,152682605878608,103.967,18.679,sent,1000,
2177,152682610755962,152682610758516,1790295784304863105,152682610774977,152682610879716,104.739,19.015,sent,1000,
2178,152682615755962,152682615757840,1790295784309861458,152682615767017,152682615826520,59.503,11.055,sent,1000,
2179,152682620755962,152682620757595,1790295784314861753,152682620774577,152682620876069,101.492,18.615,sent,1000,
2180,152682625755962,152682625757208,1790295784319860765,152682625766606,152682625821810,55.204,10.644,sent,1000,
2181,152682630755962,152682630758125,1790295784324862614,152682630775428,152682630878754,103.326,19.466,sent,1000,
2182,152682635755962,152682635757800,1790295784329861988,152682635774501,152682635879771,105.27,18.539,sent,1000,
2183,152682640755962,152682640758135,1790295784334862384,152682640773444,152682640870829,97.385,17.482,sent,1000,
2184,152682645755962,152682645758660,1790295784339863029,152682645775512,152682645877695,102.183,19.55,sent,1000,
2185,152682650755962,152682650758224,1790295784344862403,152682650775136,152682650879153,104.017,19.174,sent,1000,
2186,152682655755962,152682655758029,1790295784349862508,152682655774300,152682655881353,107.053,18.338,sent,1000,
2187,152682660755962,152682660759107,1790295784354863295,152682660775137,152682660879885,104.748,19.175,sent,1000,
2188,152682665755962,152682665758801,1790295784359862970,152682665776074,152682665878298,102.224,20.112,sent,1000,
2189,152682670755962,152682670756683,1790295784364859689,152682670760720,152682670785838,25.118,4.758,sent,1000,
2190,152682675755962,152682675758081,1790295784369862510,152682675774812,152682675880593,105.781,18.85,sent,1000,
2191,152682680755962,152682680756693,1790295784374859700,152682680761272,152682680786279,25.007,5.31,sent,1000,
2192,152682685755962,152682685758240,1790295784379862409,152682685774541,152682685876895,102.354,18.579,sent,1000,
2193,152682690755962,152682690757524,1790295784384861883,152682690767413,152682690825673,58.26,11.451,sent,1000,
2194,152682695755962,152682695758431,1790295784389862920,152682695775734,152682695880542,104.808,19.772,sent,1000,
2195,152682700755962,152682700758386,1790295784394862565,152682700775348,152682700877462,102.114,19.386,sent,1000,
2196,152682705755962,152682705757478,1790295784399861676,152682705773719,152682705877405,103.686,17.757,sent,1000,
2197,152682710755962,152682710758585,1790295784404862954,152682710775387,152682710878032,102.645,19.425,sent,1000,
2198,152682715755962,152682715758450,1790295784409863000,152682715775022,152682715877987,102.965,19.06,sent,1000,
2199,152682720755962,152682720757764,1790295784414861963,152682720774406,152682720877241,102.835,18.444,sent,1000,
2200,152682725755962,152682725757449,1790295784419861037,152682725766406,152682725821340,54.934,10.444,sent,1000,
2201,152682730755962,152682730758997,1790295784424863156,152682730776461,152682730881991,105.53,20.499,sent,1000,
2202,152682735755962,152682735757660,1790295784429861859,152682735774512,152682735877758,103.246,18.55,sent,1000,
2203,152682740755962,152682740757685,1790295784434862215,152682740778054,152682740830233,52.179,22.092,sent,1000,
2204,152682745755962,152682745758320,1790295784439862168,152682745767608,152682745826600,58.992,11.646,sent,1000,
2205,152682750755962,152682750758977,1790295784444863146,152682750775178,152682750879786,104.608,19.216,sent,1000,
2206,152682755755962,152682755758041,1790295784449862249,152682755774362,152682755877838,103.476,18.4,sent,1000,
2207,152682760755962,152682760758296,1790295784454862425,152682760774978,152682760878033,103.055,19.016,sent,1000,
2208,152682765755962,152682765757960,1790295784459861637,152682765767037,152682765824967,57.93,11.075,sent,1000,
2209,152682770755962,152682770757554,1790295784464861673,152682770773775,152682770871700,97.925,17.813,sent,1000,
2210,152682775755962,152682775758672,1790295784469862900,152682775775113,152682775879461,104.348,19.151,sent,1000,
2211,152682780755962,152682780758346,1790295784474862575,152682780774136,152682780876550,102.414,18.174,sent,1000,
2212,152682785755962,152682785756627,1790295784479859633,152682785759813,152682785783347,23.534,3.851,sent,1000,
2213,152682790755962,152682790758786,1790295784484862975,152682790775358,152682790877752,102.394,19.396,sent,1000,
2214,152682795755962,152682795757829,1790295784489861396,152682795767146,152682795826429,59.283,11.184,sent,1000,
2215,152682800755962,152682800757972,1790295784494863023,152682800775235,152682800878621,103.386,19.273,sent,1000,
2216,152682805755962,152682805758048,1790295784499862236,152682805774058,152682805877123,103.065,18.096,sent,1000,
2217,152682810755962,152682810758584,1790295784504863093,152682810775536,152682810878411,102.875,19.574,sent,1000,
2218,152682815755962,152682815758700,1790295784509862888,152682815775461,152682815882634,107.173,19.499,sent,1000,
2219,152682820755962,152682820757791,1790295784514861950,152682820774343,152682820877658,103.315,18.381,sent,1000,
2220,152682825755962,152682825759239,1790295784519863378,152682825775871,152682825881010,105.139,19.909,sent,1000,
2221,152682830755962,152682830758583,1790295784524863073,152682830775375,152682830880535,105.16,19.413,sent,1000,
2222,152682835755962,152682835757837,1790295784529862016,152682835774549,152682835879297,104.748,18.587,sent,1000,
2223,152682840755962,152682840758211,1790295784534862430,152682840773490,152682840870274,96.784,17.528,sent,1000,
2224,152682845755962,152682845756904,1790295784539860422,152682845765521,152682845821577,56.056,9.559,sent,1000,
2225,152682850755962,152682850756900,1790295784544860467,152682850763903,152682850805031,41.128,7.941,sent,1000,
2226,152682855755962,152682855757737,1790295784549861945,152682855773777,152682855877343,103.566,17.815,sent,1000,
2227,152682860755962,152682860758702,1790295784554863171,152682860775614,152682860880332,104.718,19.652,sent,1000,
2228,152682865755962,152682865758807,1790295784559862996,152682865775168,152682865883664,108.496,19.206,sent,1000,
2229,152682870755962,152682870758432,1790295784564862741,152682870775484,152682870882267,106.783,19.522,sent,1000,
2230,152682875755962,152682875758638,1790295784569863147,152682875775470,152682875882863,107.393,19.508,sent,1000,
2231,152682880755962,152682880757910,1790295784574861437,152682880767358,152682880827812,60.454,11.396,sent,1000,
2232,152682885755962,152682885757554,1790295784579861733,152682885773705,152682885876901,103.196,17.743,sent,1000,
2233,152682890755962,152682890758762,1790295784584862991,152682890775303,152682890882196,106.893,19.341,sent,1000,
2234,152682895755962,152682895758788,1790295784589862976,152682895775419,152682895880037,104.618,19.457,sent,1000,
2235,152682900755962,152682900758763,1790295784594863262,152682900776476,152682900881185,104.709,20.514,sent,1000,
2236,152682905755962,152682905757877,1790295784599862065,152682905774278,152682905880078,105.8,18.316,sent,1000,
2237,152682910755962,152682910758573,1790295784604863082,152682910775585,152682910882969,107.384,19.623,sent,1000,
2238,152682915755962,152682915758769,1790295784609862968,152682915775901,152682915882523,106.622,19.939,sent,1000,
2239,152682920755962,152682920757830,1790295784614862019,152682920774061,152682920880793,106.732,18.099,sent,1000,
2240,152682925755962,152682925758747,1790295784619862986,152682925775148,152682925881470,106.322,19.186,sent,1000,
2241,152682930755962,152682930756749,1790295784624860377,152682930766177,152682930826261,60.084,10.215,sent,1000,
2242,152682935755962,152682935756694,1790295784629859701,152682935760642,152682935785228,24.586,4.68,sent,1000,
2243,152682940755962,152682940756720,1790295784634859726,152682940760106,152682940785083,24.977,4.144,sent,1000,
2244,152682945755962,152682945756725,1790295784639859731,152682945760422,152682945784327,23.905,4.46,sent,1000,
2245,152682950755962,152682950756700,1790295784644859717,152682950759876,152682950785154,25.278,3.914,sent,1000,
2246,152682955755962,152682955756636,1790295784649859652,152682955759772,152682955783697,23.925,3.81,sent,1000,
2247,152682960755962,152682960756449,1790295784654859455,152682960759615,152682960784282,24.667,3.653,sent,1000,
2248,152682965755962,152682965758388,1790295784659862516,152682965775029,152682965879167,104.138,19.067,sent,1000,
2249,152682970755962,152682970757251,1790295784664860758,152682970766338,152682970824639,58.301,10.376,sent,1000,
2250,152682975755962,152682975758068,1790295784669862587,152682975777535,152682975886381,108.846,21.573,sent,1000,
2251,152682980755962,152682980758552,1790295784674863292,152682980776316,152682980882417,106.101,20.354,sent,1000,
2252,152682985755962,152682985758498,1790295784679862646,152682985774818,152682985881881,107.063,18.856,sent,1000,
2253,152682990755962,152682990759044,1790295784684863263,152682990775235,152682990879853,104.618,19.273,sent,1000,
2254,152682995755962,152682995758989,1790295784689863208,152682995774929,152682995880329,105.4,18.967,sent,1000,
2255,152683000755962,152683000758221,1790295784694862931,152683000774923,152683000879701,104.778,18.961,sent,1000,
2256,152683005755962,152683005757615,1790295784699861854,152683005774657,152683005883874,109.217,18.695,sent,1000,
2257,152683010755962,152683010758192,1790295784704863092,152683010775554,152683010877848,102.294,19.592,sent,1000,
2258,152683015755962,152683015758307,1790295784709862766,152683015775500,152683015878936,103.436,19.538,sent,1000,
2259,152683020755962,152683020757749,1790295784714862158,152683020775663,152683020892765,117.102,19.701,sent,1000,
2260,152683025755962,152683025757845,1790295784719862224,152683025772653,152683025867984,95.331,16.691,sent,1000,
2261,152683030755962,152683030756468,1790295784724859504,152683030762719,152683030787997,25.278,6.757,sent,1000,
2262,152683035755962,152683035756683,1790295784729859690,152683035760591,152683035787602,27.011,4.629,sent,1000,
2263,152683040755962,152683040756627,1790295784734859633,152683040759833,152683040785872,26.039,3.871,sent,1000,
2264,152683045755962,152683045756883,1790295784739859889,152683045760179,152683045791338,31.159,4.217,sent,1000,
2265,152683050755962,152683050756557,1790295784744859564,152683050759773,152683050783529,23.756,3.811,sent,1000,
2266,152683055755962,152683055757695,1790295784749861894,152683055773896,152683055877803,103.907,17.934,sent,1000,
2267,152683060755962,152683060758380,1790295784754862588,152683060774961,152683060879800,104.839,18.999,sent,1000,
2268,152683065755962,152683065758315,1790295784759862804,152683065775407,152683065879655,104.248,19.445,sent,1000,
2269,152683070755962,152683070758080,1790295784764862339,152683070774792,152683070879059,104.267,18.83,sent,1000,
2270,152683075755962,152683075757785,1790295784769862584,152683075775568,152683075880327,104.759,19.606,sent,1000,
2271,152683080755962,152683080758349,1790295784774862558,152683080774430,152683080877976,103.546,18.468,sent,1000,
2272,152683085755962,152683085758535,1790295784779863024,152683085775878,152683085880055,104.177,19.916,sent,1000,
2273,152683090755962,152683090758360,1790295784784863060,152683090775202,152683090876494,101.292,19.24,sent,1000,
2274,152683095755962,152683095758035,1790295784789862805,152683095774967,152683095879505,104.538,19.005,sent,1000,
2275,152683100755962,152683100758489,1790295784794862688,152683100775391,152683100877034,101.643,19.429,sent,1000,
2276,152683105755962,152683105757623,1790295784799861872,152683105774956,152683105876618,101.662,18.994,sent,1000,
2277,152683110755962,152683110758199,1790295784804861727,152683110767327,152683110825948,58.621,11.365,sent,1000,
2278,152683115755962,152683115758806,1790295784809863024,152683115774986,152683115881288,106.302,19.024,sent,1000,
2279,152683120755962,152683120758068,1790295784814862316,152683120774319,152683120876131,101.812,18.357,sent,1000,
2280,152683125755962,152683125756921,1790295784819860078,152683125761059,152683125787659,26.6,5.097,sent,1000,
2281,152683130755962,152683130758229,1790295784824862718,152683130775381,152683130878276,102.895,19.419,sent,1000,
2282,152683135755962,152683135758364,1790295784829862642,152683135775075,152683135878491,103.416,19.113,sent,1000,
2283,152683140755962,152683140758377,1790295784834862566,152683140774468,152683140877212,102.744,18.506,sent,1000,
2284,152683145755962,152683145758402,1790295784839862892,152683145775254,152683145878019,102.765,19.292,sent,1000,
2285,152683150755962,152683150758077,1790295784844861585,152683150767084,152683150825545,58.461,11.122,sent,1000,
2286,152683155755962,152683155757622,1790295784849861750,152683155773802,152683155877419,103.617,17.84,sent,1000,
2287,152683160755962,152683160758867,1790295784854863036,152683160775789,152683160879656,103.867,19.827,sent,1000,
2288,152683165755962,152683165758863,1790295784859863041,152683165775294,152683165877828,102.534,19.332,sent,1000,
2289,152683170755962,152683170757856,1790295784864862195,152683170775379,152683170879036,103.657,19.417,sent,1000,
2290,152683175755962,152683175758843,1790295784869863462,152683175774793,152683175879461,104.668,18.831,sent,1000,
2291,152683180755962,152683180758836,1790295784874863015,152683180774576,152683180879565,104.989,18.614,sent,1000,
2292,152683185755962,152683185758681,1790295784879862890,152683185775122,152683185879250,104.128,19.16,sent,1000,
2293,152683190755962,152683190758686,1790295784884862915,152683190774957,152683190877201,102.244,18.995,sent,1000,
2294,152683195755962,152683195758742,1790295784889862940,152683195775253,152683195879461,104.208,19.291,sent,1000,
2295,152683200755962,152683200758124,1790295784894862613,152683200774735,152683200878272,103.537,18.773,sent,1000,
2296,152683205755962,152683205757578,1790295784899862228,152683205774140,152683205877455,103.315,18.178,sent,1000,
2297,152683210755962,152683210759006,1790295784904863185,152683210774405,152683210879294,104.889,18.443,sent,1000,
2298,152683215755962,152683215758491,1790295784909862689,152683215774711,152683215880151,105.44,18.749,sent,1000,
2299,152683220755962,152683220758634,1790295784914862863,152683220775506,152683220880345,104.839,19.544,sent,1000,
2300,152683225755962,152683225758359,1790295784919861837,152683225766725,152683225819615,52.89,10.763,sent,1000,
2301,152683230755962,152683230758144,1790295784924862724,152683230774916,152683230886527,111.611,18.954,sent,1000,
2302,152683235755962,152683235759091,1790295784929863350,152683235775793,152683235880582,104.789,19.831,sent,1000,
2303,152683240755962,152683240758323,1790295784934862812,152683240775736,152683240879593,103.857,19.774,sent,1000,
2304,152683245755962,152683245757858,1790295784939861565,152683245767416,152683245825496,58.08,11.454,sent,1000,
2305,152683250755962,152683250757112,1790295784944860609,152683250766369,152683250824319,57.95,10.407,sent,1000,
2306,152683255755962,152683255757758,1790295784949861957,152683255774520,152683255878126,103.606,18.558,sent,1000,
2307,152683260755962,152683260758843,1790295784954862952,152683260775204,152683260878651,103.447,19.242,sent,1000,
2308,152683265755962,152683265758037,1790295784959862877,152683265774218,152683265878245,104.027,18.256,sent,1000,
2309,152683270755962,152683270757632,1790295784964862863,152683270775706,152683270879122,103.416,19.744,sent,1000,
2310,152683275755962,152683275759068,1790295784969863297,152683275775680,152683275880318,104.638,19.718,sent,1000,
2311,152683280755962,152683280758533,1790295784974863002,152683280775304,152683280879742,104.438,19.342,sent,1000,
2312,152683285755962,152683285758638,1790295784979863218,152683285775310,152683285880770,105.46,19.348,sent,1000,
2313,152683290755962,152683290758252,1790295784984862431,152683290774102,152683290874282,100.18,18.14,sent,1000,
2314,152683295755962,152683295757885,1790295784989862084,152683295767583,152683295825273,57.69,11.621,sent,1000,
2315,152683300755962,152683300758181,1790295784994862620,152683300774862,152683300879661,104.799,18.9,sent,1000,
2316,152683305755962,152683305757565,1790295784999861713,152683305774798,152683305876691,101.893,18.836,sent,1000,
2317,152683310755962,152683310758782,1790295785004863151,152683310775474,152683310879521,104.047,19.512,sent,1000,
2318,152683315755962,152683315757744,1790295785009861622,152683315767302,152683315825823,58.521,11.34,sent,1000,
2319,152683320755962,152683320757548,1790295785014861787,152683320775202,152683320879640,104.438,19.24,sent,1000,
2320,152683325755962,152683325756572,1790295785019859578,152683325760129,152683325784034,23.905,4.167,sent,1000,
2321,152683330755962,152683330758241,1790295785024862700,152683330775012,152683330878158,103.146,19.05,sent,1000,
2322,152683335755962,152683335758735,1790295785029863244,152683335776008,152683335879524,103.516,20.046,sent,1000,
2323,152683340755962,152683340758300,1790295785034862749,152683340775382,152683340878457,103.075,19.42,sent,1000,
2324,152683345755962,152683345758285,1790295785039862754,152683345775638,152683345879785,104.147,19.676,sent,1000,
2325,152683350755962,152683350758130,1790295785044862940,152683350775473,152683350880041,104.568,19.511,sent,1000,
2326,152683355755962,152683355757762,1790295785049861921,152683355773602,152683355876878,103.276,17.64,sent,1000,
2327,152683360755962,152683360758319,1790295785054862788,152683360774960,152683360877154,102.194,18.998,sent,1000,
2328,152683365755962,152683365756701,1790295785059859708,152683365760278,152683365785015,24.737,4.316,sent,1000,
2329,152683370755962,152683370758009,1790295785064862218,152683370774420,152683370878788,104.368,18.458,sent,1000,
2330,152683375755962,152683375757412,1790295785069861570,152683375773362,152683375875856,102.494,17.4,sent,1000,
2331,152683380755962,152683380758890,1790295785074863720,152683380779168,152683380880109,100.941,23.206,sent,1000,
2332,152683385755962,152683385758354,1790295785079862963,152683385774986,152683385877901,102.915,19.024,sent,1000,
2333,152683390755962,152683390758430,1790295785084862618,152683390774881,152683390882344,107.463,18.919,sent,1000,
2334,152683395755962,152683395758545,1790295785089863044,152683395775026,152683395880195,105.169,19.064,sent,1000,
2335,152683400755962,152683400758879,1790295785094863128,152683400775871,152683400880870,104.999,19.909,sent,1000,
2336,152683405755962,152683405758463,1790295785099862692,152683405775456,152683405880515,105.059,19.494,sent,1000,
2337,152683410755962,152683410759290,1790295785104863489,152683410775611,152683410881101,105.49,19.649,sent,1000,
2338,152683415755962,152683415759023,1790295785109863252,152683415776276,152683415882828,106.552,20.314,sent,1000,
2339,152683420755962,152683420758497,1790295785114862696,152683420775249,152683420880428,105.179,19.287,sent,1000,
2340,152683425755962,152683425756880,1790295785119860417,152683425766798,152683425826221,59.423,10.836,sent,1000,
2341,152683430755962,152683430760762,1790295785124865001,152683430777684,152683430884036,106.352,21.722,sent,1000,
2342,152683435755962,152683435758883,1790295785129863101,152683435775444,152683435883419,107.975,19.482,sent,1000,
2343,152683440755962,152683440758818,1790295785134863057,152683440775419,152683440881691,106.272,19.457,sent,1000,
2344,152683445755962,152683445757471,1790295785139862030,152683445767750,152683445828435,60.685,11.788,sent,1000,
2345,152683450755962,152683450783595,1790295785144888445,152683450801379,152683450907791,106.412,45.417,sent,1000,
2346,152683455755962,152683455758221,1790295785149862470,152683455774272,152683455877998,103.726,18.31,sent,1000,
2347,152683460755962,152683460758417,1790295785154863227,152683460775459,152683460878064,102.605,19.497,sent,1000,
2348,152683465755962,152683465758362,1790295785159862621,152683465774763,152683465866166,91.403,18.801,sent,1000,
2349,152683470755962,152683470756684,1790295785164859701,152683470760722,152683470785839,25.117,4.76,sent,1000,
2350,152683475755962,152683475757220,1790295785169861379,152683475773752,152683475876567,102.815,17.79,sent,1000,
2351,152683480755962,152683480758216,1790295785174862695,152683480776891,152683480885817,108.926,20.929,sent,1000,
2352,152683485755962,152683485758451,1790295785179862640,152683485774622,152683485879210,104.588,18.66,sent,1000,
2353,152683490755962,152683490758306,1790295785184862555,152683490774968,152683490878524,103.556,19.006,sent,1000,
2354,152683495755962,152683495757528,1790295785189861436,152683495766926,152683495826228,59.302,10.964,sent,1000,
2355,152683500755962,152683500758275,1790295785194862323,152683500778192,152683500881258,103.066,22.23,sent,1000,
2356,152683505755962,152683505758160,1790295785199862358,152683505773970,152683505877506,103.536,18.008,sent,1000,
2357,152683510755962,152683510758165,1790295785204861682,152683510767523,152683510826465,58.942,11.561,sent,1000,
2358,152683515755962,152683515758119,1790295785209862568,152683515774430,152683515879859,105.429,18.468,sent,1000,
2359,152683520755962,152683520758144,1790295785214861481,152683520766270,152683520818759,52.489,10.308,sent,1000,
2360,152683525755962,152683525756256,1790295785219859142,152683525758089,152683525780321,22.232,2.127,sent,1000,
2361,152683530755962,152683530756682,1790295785224859698,152683530760710,152683530785727,25.017,4.748,sent,1000,
2362,152683535755962,152683535758359,1790295785229863039,152683535774790,152683535878707,103.917,18.828,sent,1000,
2363,152683540755962,152683540758144,1790295785234862974,152683540775867,152683540877410,101.543,19.905,sent,1000,
2364,152683545755962,152683545758400,1790295785239862739,152683545774530,152683545877065,102.535,18.568,sent,1000,
2365,152683550755962,152683550757843,1790295785244861421,152683550767271,152683550826774,59.503,11.309,sent,1000,
2366,152683555755962,152683555758017,1790295785249862276,152683555774809,152683555878194,103.385,18.847,sent,1000,
2367,152683560755962,152683560758313,1790295785254862521,152683560774724,152683560879001,104.277,18.762,sent,1000,
2368,152683565755962,152683565758548,1790295785259862767,152683565774769,152683565877193,102.424,18.807,sent,1000,
2369,152683570755962,152683570758774,1790295785264863003,152683570774594,152683570876758,102.164,18.632,sent,1000,
2370,152683575755962,152683575758699,1790295785269863048,152683575775962,152683575882504,106.542,20.0,sent,1000,
2371,152683580755962,152683580758302,1790295785274862431,152683580774613,152683580880574,105.961,18.651,sent,1000,
2372,152683585755962,152683585758798,1790295785279862947,152683585775590,152683585880319,104.729,19.628,sent,1000,
2373,152683590755962,152683590758663,1790295785284862842,152683590797036,152683590898498,101.462,41.074,sent,1000,
2374,152683595755962,152683595759147,1790295785289863336,152683595775428,152683595880728,105.3,19.466,sent,1000,
2375,152683600755962,152683600758960,1790295785294863139,152683600775973,152683600880100,104.127,20.011,sent,1000,
2376,152683605755962,152683605758154,1790295785299862353,152683605775437,152683605877691,102.254,19.475,sent,1000,
2377,152683610755962,152683610758811,1790295785304863040,152683610774981,152683610879970,104.989,19.019,sent,1000,
2378,152683615755962,152683615758375,1790295785309862664,152683615774135,152683615879585,105.45,18.173,sent,1000,
2379,152683620755962,152683620758080,1790295785314862840,152683620775303,152683620880412,105.109,19.341,sent,1000,
2380,152683625755962,152683625758496,1790295785319862885,152683625774887,152683625880357,105.47,18.925,sent,1000,
2381,152683630755962,152683630757480,1790295785324862149,152683630767879,152683630827472,59.593,11.917,sent,1000,
2382,152683635755962,152683635758125,1790295785329862634,152683635775017,152683635879304,104.287,19.055,sent,1000,
2383,152683640755962,152683640758451,1790295785334862669,152683640775032,152683640873258,98.226,19.07,sent,1000,
2384,152683645755962,152683645758386,1790295785339862805,152683645774396,152683645872342,97.946,18.434,sent,1000,
2385,152683650755962,152683650756658,1790295785344859664,152683650760946,152683650786204,25.258,4.984,sent,1000,
2386,152683655755962,152683655756682,1790295785349859688,152683655760028,152683655784625,24.597,4.066,sent,1000,
2387,152683660755962,152683660758861,1790295785354863080,152683660775653,152683660879349,103.696,19.691,sent,1000,
2388,152683665755962,152683665758716,1790295785359862945,152683665775197,152683665881078,105.881,19.235,sent,1000,
2389,152683670755962,152683670758651,1790295785364862890,152683670775373,152683670878198,102.825,19.411,sent,1000,
2390,152683675755962,152683675758194,1790295785369862803,152683675775747,152683675882229,106.482,19.785,sent,1000,
2391,152683680755962,152683680758359,1790295785374862889,152683680775181,152683680881683,106.502,19.219,sent,1000,
2392,152683685755962,152683685758475,1790295785379862603,152683685775277,152683685879755,104.478,19.315,sent,1000,
2393,152683690755962,152683690757468,1790295785384861606,152683690773719,152683690874009,100.29,17.757,sent,1000,
2394,152683695755962,152683695758745,1790295785389862893,152683695774835,152683695878872,104.037,18.873,sent,1000,
2395,152683700755962,152683700758449,1790295785394862648,152683700774961,152683700882825,107.864,18.999,sent,1000,
2396,152683705755962,152683705758866,1790295785399863134,152683705776088,152683705880015,103.927,20.126,sent,1000,
2397,152683710755962,152683710758851,1790295785404863100,152683710775673,152683710877947,102.274,19.711,sent,1000,
2398,152683715755962,152683715758485,1790295785409862734,152683715775197,152683715878793,103.596,19.235,sent,1000,
2399,152683720755962,152683720758128,1790295785414862537,152683720774269,152683720877795,103.526,18.307,sent,1000,
2400,152683725755962,152683725758825,1790295785419863023,152683725774855,152683725879073,104.218,18.893,sent,1000,
2401,152683730755962,152683730757878,1790295785424861476,152683730767096,152683730826338,59.242,11.134,sent,1000,
2402,152683735755962,152683735759076,1790295785429863325,152683735775647,152683735879524,103.877,19.685,sent,1000,
2403,152683740755962,152683740763648,1790295785434867115,152683740772014,152683740828260,56.246,16.052,sent,1000,
2404,152683745755962,152683745757852,1790295785439861881,152683745766188,152683745823036,56.848,10.226,sent,1000,
2405,152683750755962,152683750758128,1790295785444862547,152683750775150,152683750878326,103.176,19.188,sent,1000,
2406,152683755755962,152683755757630,1790295785449861859,152683755774382,152683755876896,102.514,18.42,sent,1000,
2407,152683760755962,152683760758265,1790295785454863145,152683760776499,152683760880537,104.038,20.537,sent,1000,
2408,152683765755962,152683765758591,1790295785459862800,152683765774511,152683765878488,103.977,18.549,sent,1000,
2409,152683770755962,152683770759127,1790295785464863446,152683770776160,152683770881008,104.848,20.198,sent,1000,
2410,152683775755962,152683775758121,1790295785469862600,152683775774993,152683775877226,102.233,19.031,sent,1000,
2411,152683780755962,152683780759108,1790295785474863347,152683780775339,152683780881951,106.612,19.377,sent,1000,
2412,152683785755962,152683785757420,1790295785479862009,152683785766738,152683785820119,53.381,10.776,sent,1000,
2413,152683790755962,152683790758197,1790295785484862676,152683790775610,152683790878775,103.165,19.648,sent,1000,
2414,152683795755962,152683795758360,1790295785489862499,152683795774110,152683795877506,103.396,18.148,sent,1000,
2415,152683800755962,152683800758336,1790295785494862484,152683800774647,152683800875428,100.781,18.685,sent,1000,
2416,152683805755962,152683805758722,1790295785499862961,152683805775193,152683805882386,107.193,19.231,sent,1000,
2417,152683810755962,152683810758275,1790295785504861813,152683810768054,152683810828438,60.384,12.092,sent,1000,
2418,152683815755962,152683815758589,1790295785509862778,152683815776042,152683815878497,102.455,20.08,sent,1000,
2419,152683820755962,152683820758384,1790295785514862823,152683820775206,152683820882249,107.043,19.244,sent,1000,
2420,152683825755962,152683825758390,1790295785519862488,152683825773619,152683825865893,92.274,17.657,sent,1000,
2421,152683830755962,152683830757794,1790295785524861963,152683830767703,152683830826083,58.38,11.741,sent,1000,
2422,152683835755962,152683835756746,1790295785529859752,152683835760353,152683835785490,25.137,4.391,sent,1000,
2423,152683840755962,152683840758314,1790295785534862513,152683840774014,152683840876929,102.915,18.052,sent,1000,
2424,152683845755962,152683845762988,1790295785539866546,152683845772606,152683845834033,61.427,16.644,sent,1000,
2425,152683850755962,152683850757944,1790295785544862774,152683850775577,152683850879935,104.358,19.615,sent,1000,
2426,152683855755962,152683855758127,1790295785549862586,152683855775109,152683855878686,103.577,19.147,sent,1000,
2427,152683860755962,152683860758113,1790295785554862912,152683860775125,152683860879262,104.137,19.163,sent,1000,
2428,152683865755962,152683865758148,1790295785559862697,152683865775491,152683865881462,105.971,19.529,sent,1000,
2429,152683870755962,152683870758674,1790295785564863183,152683870775676,152683870878992,103.316,19.714,sent,1000,
2430,152683875755962,152683875758367,1790295785569862876,152683875774818,152683875880058,105.24,18.856,sent,1000,
2431,152683880755962,152683880758773,1790295785574862932,152683880775284,152683880880404,105.12,19.322,sent,1000,
2432,152683885755962,152683885758798,1790295785579862977,152683885775410,152683885880539,105.129,19.448,sent,1000,
2433,152683890755962,152683890758483,1790295785584862932,152683890776357,152683890879723,103.366,20.395,sent,1000,
2434,152683895755962,152683895758698,1790295785589862235,152683895767995,152683895827087,59.092,12.033,sent,1000,
2435,152683900755962,152683900758803,1790295785594863032,152683900775104,152683900880213,105.109,19.142,sent,1000,
2436,152683905755962,152683905758228,1790295785599862486,152683905774428,152683905879347,104.919,18.466,sent,1000,
2437,152683910755962,152683910758664,1790295785604862842,152683910774794,152683910879272,104.478,18.832,sent,1000,
2438,152683915755962,152683915758627,1790295785609862815,152683915775869,152683915878975,103.106,19.907,sent,1000,
2439,152683920755962,152683920759141,1790295785614863430,152683920775763,152683920881212,105.449,19.801,sent,1000,
2440,152683925755962,152683925758205,1790295785619863355,152683925775377,152683925883262,107.885,19.415,sent,1000,
2441,152683930755962,152683930756727,1790295785624860114,152683930765333,152683930819977,54.644,9.371,sent,1000,
2442,152683935755962,152683935756552,1790295785629859488,152683935759979,152683935778824,18.845,4.017,sent,1000,
2443,152683940755962,152683940756648,1790295785634859654,152683940760215,152683940787526,27.311,4.253,sent,1000,
2444,152683945755962,152683945756673,1790295785639859680,152683945760030,152683945784476,24.446,4.068,sent,1000,
2445,152683950755962,152683950756679,1790295785644859685,152683950759845,152683950784161,24.316,3.883,sent,1000,
2446,152683955755962,152683955756702,1790295785649859719,152683955760169,152683955784034,23.865,4.207,sent,1000,
2447,152683960755962,152683960756437,1790295785654859453,152683960759944,152683960784640,24.696,3.982,sent,1000,
2448,152683965755962,152683965758486,1790295785659862735,152683965775569,152683965881269,105.7,19.607,sent,1000,
2449,152683970755962,152683970759073,1790295785664863311,152683970775113,152683970878248,103.135,19.151,sent,1000,
2450,152683975755962,152683975758535,1790295785669863054,152683975776038,152683975879163,103.125,20.076,sent,1000,
2451,152683980755962,152683980758610,1790295785674863099,152683980779029,152683980888176,109.147,23.067,sent,1000,
2452,152683985755962,152683985758555,1790295785679863005,152683985775528,152683985882090,106.562,19.566,sent,1000,
2453,152683990755962,152683990757839,1790295785684862639,152683990775272,152683990879219,103.947,19.31,sent,1000,
2454,152683995755962,152683995758324,1790295785689862863,152683995775386,152683995879593,104.207,19.424,sent,1000,
2455,152684000755962,152684000758900,1790295785694863329,152684000776113,152684000879729,103.616,20.151,sent,1000,
2456,152684005755962,152684005758775,1790295785699862964,152684005775096,152684005888291,113.195,19.134,sent,1000,
2457,152684010755962,152684010757598,1790295785704862158,152684010767557,152684010827250,59.693,11.595,sent,1000,
2458,152684015755962,152684015757923,1790295785709862763,152684015774945,152684015878962,104.017,18.983,sent,1000,
2459,152684020755962,152684020757427,1790295785714861716,152684020773868,152684020877545,103.677,17.906,sent,1000,
2460,152684025755962,152684025757362,1790295785719861320,152684025765578,152684025812256,46.678,9.616,sent,1000,
2461,152684030755962,152684030756616,1790295785724859623,152684030759982,152684030783397,23.415,4.02,sent,1000,
2462,152684035755962,152684035756740,1790295785729859746,152684035760327,152684035784613,24.286,4.365,sent,1000,
2463,152684040755962,152684040756705,1790295785734859722,152684040760062,152684040784368,24.306,4.1,sent,1000,
2464,152684045755962,152684045756640,1790295785739859647,152684045759716,152684045783111,23.395,3.754,sent,1000,
2465,152684050755962,152684050756496,1790295785744859502,152684050759732,152684050784358,24.626,3.77,sent,1000,
2466,152684055755962,152684055758142,1790295785749862632,152684055774433,152684055878030,103.597,18.471,sent,1000,
2467,152684060755962,152684060758298,1790295785754862587,152684060774338,152684060880870,106.532,18.376,sent,1000,
2468,152684065755962,152684065758744,1790295785759863324,152684065774985,152684065878631,103.646,19.023,sent,1000,
2469,152684070755962,152684070757878,1790295785764861475,152684070767085,152684070825556,58.471,11.123,sent,1000,
2470,152684075755962,152684075757902,1790295785769862471,152684075774884,152684075880885,106.001,18.922,sent,1000,
2471,152684080755962,152684080758308,1790295785774863017,152684080774869,152684080877614,102.745,18.907,sent,1000,
2472,152684085755962,152684085757502,1790295785779861380,152684085767080,152684085826482,59.402,11.118,sent,1000,
2473,152684090755962,152684090757577,1790295785784862146,152684090768257,152684090827229,58.972,12.295,sent,1000,
2474,152684095755962,152684095758503,1790295785789862912,152684095775866,152684095879282,103.416,19.904,sent,1000,
2475,152684100755962,152684100758627,1790295785794862845,152684100774938,152684100881369,106.431,18.976,sent,1000,
2476,152684105755962,152684105758312,1790295785799862931,152684105775264,152684105879321,104.057,19.302,sent,1000,
2477,152684110755962,152684110758718,1790295785804862916,152684110774618,152684110877412,102.794,18.656,sent,1000,
2478,152684115755962,152684115758901,1790295785809863370,152684115775974,152684115876985,101.011,20.012,sent,1000,
2479,152684120755962,152684120758866,1790295785814863035,152684120775809,152684120880196,104.387,19.847,sent,1000,
2480,152684125755962,152684125758732,1790295785819862910,152684125775243,152684125878008,102.765,19.281,sent,1000,
2481,152684130755962,152684130757565,1790295785824861413,152684130767033,152684130825804,58.771,11.071,sent,1000,
2482,152684135755962,152684135759001,1790295785829863220,152684135775382,152684135879690,104.308,19.42,sent,1000,
2483,152684140755962,152684140758816,1790295785834862965,152684140774476,152684140876850,102.374,18.514,sent,1000,
2484,152684145755962,152684145758841,1790295785839863080,152684145775182,152684145880642,105.46,19.22,sent,1000,
2485,152684150755962,152684150758346,1790295785844861863,152684150767413,152684150827196,59.783,11.451,sent,1000,
2486,152684155755962,152684155758921,1790295785849863159,152684155775602,152684155880852,105.25,19.64,sent,1000,
2487,152684160755962,152684160758285,1790295785854861832,152684160767652,152684160825913,58.261,11.69,sent,1000,
2488,152684165755962,152684165758761,1790295785859862990,152684165774441,152684165879400,104.959,18.479,sent,1000,
2489,152684170755962,152684170758476,1790295785864862654,152684170775207,152684170878513,103.306,19.245,sent,1000,
2490,152684175755962,152684175758589,1790295785869862818,152684175774960,152684175878056,103.096,18.998,sent,1000,
2491,152684180755962,152684180758554,1790295785874862803,152684180773904,152684180872551,98.647,17.942,sent,1000,
2492,152684185755962,152684185756706,1790295785879859713,152684185760333,152684185785581,25.248,4.371,sent,1000,
2493,152684190755962,152684190758806,1790295785884863054,152684190775187,152684190880216,105.029,19.225,sent,1000,
2494,152684195755962,152684195758711,1790295785889863090,152684195775262,152684195879189,103.927,19.3,sent,1000,
2495,152684200755962,152684200759145,1790295785894863384,152684200776628,152684200881978,105.35,20.666,sent,1000,
2496,152684205755962,152684205758509,1790295785899862698,152684205775311,152684205880640,105.329,19.349,sent,1000,
2497,152684210755962,152684210758804,1790295785904862993,152684210775386,152684210878711,103.325,19.424,sent,1000,
2498,152684215755962,152684215758296,1790295785909862735,152684215774317,152684215879947,105.63,18.355,sent,1000,
2499,152684220755962,152684220756709,1790295785914859725,152684220760456,152684220785463,25.007,4.494,sent,1000,
2500,152684225755962,152684225756744,1790295785919859740,152684225760150,152684225784296,24.146,4.188,sent,1000,
2501,152684230755962,152684230756499,1790295785924859435,152684230759074,152684230778170,19.096,3.112,sent,1000,
2502,152684235755962,152684235758657,1790295785929862845,152684235776060,152684235882030,105.97,20.098,sent,1000,
2503,152684240755962,152684240758261,1790295785934862510,152684240774722,152684240876686,101.964,18.76,sent,1000,
2504,152684245755962,152684245758056,1790295785939861574,152684245767113,152684245826706,59.593,11.151,sent,1000,
2505,152684250755962,152684250757621,1790295785944861479,152684250767159,152684250827152,59.993,11.197,sent,1000,
2506,152684255755962,152684255758847,1790295785949863025,152684255775128,152684255880858,105.73,19.166,sent,1000,
2507,152684260755962,152684260759181,1790295785954863459,152684260775862,152684260879218,103.356,19.9,sent,1000,
2508,152684265755962,152684265758895,1790295785959863044,152684265775677,152684265879704,104.027,19.715,sent,1000,
2509,152684270755962,152684270758310,1790295785964862468,152684270775152,152684270878858,103.706,19.19,sent,1000,
2510,152684275755962,152684275758525,1790295785969862714,152684275775508,152684275879966,104.458,19.546,sent,1000,
2511,152684280755962,152684280758912,1790295785974863100,152684280776074,152684280879570,103.496,20.112,sent,1000,
2512,152684285755962,152684285758606,1790295785979863126,152684285775228,152684285879776,104.548,19.266,sent,1000,
2513,152684290755962,152684290758101,1790295785984862630,152684290774963,152684290878078,103.115,19.001,sent,1000,
2514,152684295755962,152684295759046,1790295785989863486,152684295776359,152684295880356,103.997,20.397,sent,1000,
2515,152684300755962,152684300758461,1790295785994862719,152684300774741,152684300879911,105.17,18.779,sent,1000,
2516,152684305755962,152684305758907,1790295785999863556,152684305774827,152684305878233,103.406,18.865,sent,1000,
2517,152684310755962,152684310758802,1790295786004863021,152684310775854,152684310879992,104.138,19.892,sent,1000,
2518,152684315755962,152684315757963,1790295786009861862,152684315767592,152684315825652,58.06,11.63,sent,1000,
2519,152684320755962,152684320758730,1790295786014863009,152684320775732,152684320879820,104.088,19.77,sent,1000,
2520,152684325755962,152684325757944,1790295786019861441,152684325766891,152684325826093,59.202,10.929,sent,1000,
2521,152684330755962,152684330757809,1790295786024861988,152684330773579,152684330876865,103.286,17.617,sent,1000,
2522,152684335755962,152684335757753,1790295786029863174,152684335775346,152684335879604,104.258,19.384,sent,1000,
2523,152684340755962,152684340758199,1790295786034862418,152684340774720,152684340878457,103.737,18.758,sent,1000,
2524,152684345755962,152684345757453,1790295786039862002,152684345767602,152684345826674,59.072,11.64,sent,1000,
2525,152684350755962,152684350758751,1790295786044862999,152684350775412,152684350880311,104.899,19.45,sent,1000,
2526,152684355755962,152684355756951,1790295786049860538,152684355766369,152684355823517,57.148,10.407,sent,1000,
2527,152684360755962,152684360756535,1790295786054859542,152684360759862,152684360784108,24.246,3.9,sent,1000,
2528,152684365755962,152684365756551,1790295786059859567,152684365759707,152684365783752,24.045,3.745,sent,1000,
2529,152684370755962,152684370758279,1790295786064862408,152684370775983,152684370823323,47.34,20.021,sent,1000,
2530,152684375755962,152684375756700,1790295786069859707,152684375760347,152684375785174,24.827,4.385,sent,1000,
2531,152684380755962,152684380757837,1790295786074861495,152684380766925,152684380804035,37.11,10.963,sent,1000,
2532,152684385755962,152684385757472,1790295786079861380,152684385767030,152684385827244,60.214,11.068,sent,1000,
2533,152684390755962,152684390758029,1790295786084861536,152684390767346,152684390825396,58.05,11.384,sent,1000,
2534,152684395755962,152684395758573,1790295786089862772,152684395774954,152684395879783,104.829,18.992,sent,1000,
2535,152684400755962,152684400759009,1790295786094863198,152684400775350,152684400879648,104.298,19.388,sent,1000,
2536,152684405755962,152684405758794,1790295786099862983,152684405775356,152684405878301,102.945,19.394,sent,1000,
2537,152684410755962,152684410757868,1790295786104861546,152684410767616,152684410828231,60.615,11.654,sent,1000,
2538,152684415755962,152684415758072,1790295786109862601,152684415775255,152684415876136,100.881,19.293,sent,1000,
2539,152684420755962,152684420758358,1790295786114862567,152684420774939,152684420878896,103.957,18.977,sent,1000,
2540,152684425755962,152684425756700,1790295786119859707,152684425760357,152684425791316,30.959,4.395,sent,1000,
2541,152684430755962,152684430757597,1790295786124862237,152684430775431,152684430879338,103.907,19.469,sent,1000,
2542,152684435755962,152684435758132,1790295786129862942,152684435775004,152684435878550,103.546,19.042,sent,1000,
2543,152684440755962,152684440758328,1790295786134862606,152684440797502,152684440899696,102.194,41.54,sent,1000,
2544,152684445755962,152684445757992,1790295786139861620,152684445767360,152684445828065,60.705,11.398,sent,1000,
2545,152684450755962,152684450757978,1790295786144861505,152684450767776,152684450827369,59.593,11.814,sent,1000,
2546,152684455755962,152684455758482,1790295786149862060,152684455768371,152684455827944,59.573,12.409,sent,1000,
2547,152684460755962,152684460758097,1790295786154862827,152684460773907,152684460876381,102.474,17.945,sent,1000,
2548,152684465755962,152684465759435,1790295786159863694,152684465776467,152684465884432,107.965,20.505,sent,1000,
2549,152684470755962,152684470761905,1790295786164866104,152684470778156,152684470881081,102.925,22.194,sent,1000,
2550,152684475755962,152684475757762,1790295786169861289,152684475766649,152684475817124,50.475,10.687,sent,1000,
2551,152684480755962,152684480758316,1790295786174862746,152684480774237,152684480877502,103.265,18.275,sent,1000,
2552,152684485755962,152684485758011,1790295786179862821,152684485774713,152684485879000,104.287,18.751,sent,1000,
2553,152684490755962,152684490758928,1790295786184863137,152684490776692,152684490881771,105.079,20.73,sent,1000,
2554,152684495755962,152684495758141,1790295786189862691,152684495775554,152684495879271,103.717,19.592,sent,1000,
2555,152684500755962,152684500758996,1790295786194863205,152684500775538,152684500877351,101.813,19.576,sent,1000,
2556,152684505755962,152684505758872,1790295786199863100,152684505775333,152684505881985,106.652,19.371,sent,1000,
2557,152684510755962,152684510759268,1790295786204863717,152684510779726,152684510884505,104.779,23.764,sent,1000,
2558,152684515755962,152684515758399,1790295786209862628,152684515774920,152684515878537,103.617,18.958,sent,1000,
2559,152684520755962,152684520757353,1790295786214861742,152684520765738,152684520818038,52.3,9.776,sent,1000,
2560,152684525755962,152684525756576,1790295786219859583,152684525760123,152684525783808,23.685,4.161,sent,1000,
2561,152684530755962,152684530756692,1790295786224859698,152684530760169,152684530784234,24.065,4.207,sent,1000,
2562,152684535755962,152684535756657,1790295786229859674,152684535759793,152684535786303,26.51,3.831,sent,1000,
2563,152684540755962,152684540756761,1790295786234859768,152684540760027,152684540786457,26.43,4.065,sent,1000,
2564,152684545755962,152684545756676,1790295786239859683,152684545760283,152684545784058,23.775,4.321,sent,1000,
2565,152684550755962,152684550756712,1790295786244859718,152684550759888,152684550783923,24.035,3.926,sent,1000,
2566,152684555755962,152684555757559,1790295786249861487,152684555766916,152684555826429,59.513,10.954,sent,1000,
2567,152684560755962,152684560758334,1790295786254862562,152684560775186,152684560880756,105.57,19.224,sent,1000,
2568,152684565755962,152684565758259,1790295786259862438,152684565775061,152684565880921,105.86,19.099,sent,1000,
2569,152684570755962,152684570757523,1790295786264862032,152684570767832,152684570827225,59.393,11.87,sent,1000,
2570,152684575755962,152684575758209,1790295786269862418,152684575775452,152684575879299,103.847,19.49,sent,1000,
2571,152684580755962,152684580758303,1790295786274862452,152684580775726,152684580876377,100.651,19.764,sent,1000,
2572,152684585755962,152684585758168,1790295786279862677,152684585774950,152684585879428,104.478,18.988,sent,1000,
2573,152684590755962,152684590758123,1790295786284862943,152684590776278,152684590880726,104.448,20.316,sent,1000,
2574,152684595755962,152684595758570,1790295786289862748,152684595774520,152684595878186,103.666,18.558,sent,1000,
2575,152684600755962,152684600758884,1790295786294863112,152684600775916,152684600837993,62.077,19.954,sent,1000,
2576,152684605755962,152684605758168,1790295786299863368,152684605776302,152684605880830,104.528,20.34,sent,1000,
2577,152684610755962,152684610758113,1790295786304862682,152684610775205,152684610879373,104.168,19.243,sent,1000,
2578,152684615755962,152684615757918,1790295786309862116,152684615775271,152684615880109,104.838,19.309,sent,1000,
2579,152684620755962,152684620758352,1790295786314862561,152684620775044,152684620879512,104.468,19.082,sent,1000,
2580,152684625755962,152684625756624,1790295786319859641,152684625760572,152684625784808,24.236,4.61,sent,1000,
2581,152684630755962,152684630758213,1790295786324862762,152684630774554,152684630880134,105.58,18.592,sent,1000,
2582,152684635755962,152684635758438,1790295786329862958,152684635775511,152684635879708,104.197,19.549,sent,1000,
2583,152684640755962,152684640758252,1790295786334862691,152684640775354,152684640879652,104.298,19.392,sent,1000,
2584,152684645755962,152684645758547,1790295786339863007,152684645774858,152684645878865,104.007,18.896,sent,1000,
2585,152684650755962,152684650758813,1790295786344862982,152684650775174,152684650878059,102.885,19.212,sent,1000,
2586,152684655755962,152684655757636,1790295786349861825,152684655774338,152684655877013,102.675,18.376,sent,1000,
2587,152684660755962,152684660758441,1790295786354862610,152684660775343,152684660880232,104.889,19.381,sent,1000,
2588,152684665755962,152684665758637,1790295786359862856,152684665774547,152684665878554,104.007,18.585,sent,1000,
2589,152684670755962,152684670759204,1790295786364863382,152684670776586,152684670879902,103.316,20.624,sent,1000,
2590,152684675755962,152684675758488,1790295786369862686,152684675775770,152684675879968,104.198,19.808,sent,1000,
2591,152684680755962,152684680758641,1790295786374862830,152684680775593,152684680878709,103.116,19.631,sent,1000,
2592,152684685755962,152684685758466,1790295786379862905,152684685774487,152684685877342,102.855,18.525,sent,1000,
2593,152684690755962,152684690758331,1790295786384862811,152684690774442,152684690874041,99.599,18.48,sent,1000,
2594,152684695755962,152684695758357,1790295786389862606,152684695775449,152684695874707,99.258,19.487,sent,1000,
2595,152684700755962,152684700758260,1790295786394862629,152684700774611,152684700879710,105.099,18.649,sent,1000,
2596,152684705755962,152684705758065,1790295786399862584,152684705775227,152684705879575,104.348,19.265,sent,1000,
2597,152684710755962,152684710758451,1790295786404862670,152684710774912,152684710873048,98.136,18.95,sent,1000,
2598,152684715755962,152684715758086,1790295786409862344,152684715775038,152684715877622,102.584,19.076,sent,1000,
2599,152684720755962,152684720759241,1790295786414863440,152684720775702,152684720879699,103.997,19.74,sent,1000,
2600,152684725755962,152684725758425,1790295786419862604,152684725775197,152684725877961,102.764,19.235,sent,1000,
2601,152684730755962,152684730758661,1790295786424862859,152684730775272,152684730879660,104.388,19.31,sent,1000,
2602,152684735755962,152684735758746,1790295786429862995,152684735775398,152684735879325,103.927,19.436,sent,1000,
2603,152684740755962,152684740758369,1790295786434862868,152684740775562,152684740877825,102.263,19.6,sent,1000,
2604,152684745755962,152684745756711,1790295786439859718,152684745760549,152684745785225,24.676,4.587,sent,1000,
2605,152684750755962,152684750757849,1790295786444861436,152684750767597,152684750825587,57.99,11.635,sent,1000,
2606,152684755755962,152684755757423,1790295786449861983,152684755773724,152684755872862,99.138,17.762,sent,1000,
2607,152684760755962,152684760758348,1790295786454862527,152684760775060,152684760877825,102.765,19.098,sent,1000,
2608,152684765755962,152684765758193,1790295786459862412,152684765775035,152684765878201,103.166,19.073,sent,1000,
2609,152684770755962,152684770758890,1790295786464863069,152684770774710,152684770879639,104.929,18.748,sent,1000,
2610,152684775755962,152684775758565,1790295786469862753,152684775774535,152684775879544,105.009,18.573,sent,1000,
2611,152684780755962,152684780757576,1790295786474861705,152684780774418,152684780876111,101.693,18.456,sent,1000,
2612,152684785755962,152684785758042,1790295786479861650,152684785767200,152684785826111,58.911,11.238,sent,1000,
2613,152684790755962,152684790758649,1790295786484862868,152684790775461,152684790880029,104.568,19.499,sent,1000,
2614,152684795755962,152684795758714,1790295786489862903,152684795775045,152684795880154,105.109,19.083,sent,1000,
2615,152684800755962,152684800758427,1790295786494862716,152684800775069,152684800877483,102.414,19.107,sent,1000,
2616,152684805755962,152684805758693,1790295786499863122,152684805775825,152684805880273,104.448,19.863,sent,1000,
2617,152684810755962,152684810758147,1790295786504862326,152684810774268,152684810879657,105.389,18.306,sent,1000,
2618,152684815755962,152684815758082,1790295786509862301,152684815774964,152684815879242,104.278,19.002,sent,1000,
2619,152684820755962,152684820758526,1790295786514863006,152684820775428,152684820880077,104.649,19.466,sent,1000,
2620,152684825755962,152684825758291,1790295786519862480,152684825774442,152684825877487,103.045,18.48,sent,1000,
2621,152684830755962,152684830758637,1790295786524863077,152684830775219,152684830878625,103.406,19.257,sent,1000,
2622,152684835755962,152684835758452,1790295786529862681,152684835774853,152684835877298,102.445,18.891,sent,1000,
2623,152684840755962,152684840758235,1790295786534863226,152684840775949,152684840877882,101.933,19.987,sent,1000,
2624,152684845755962,152684845757119,1790295786539861387,152684845767408,152684845825669,58.261,11.446,sent,1000,
2625,152684850755962,152684850757645,1790295786544861493,152684850767213,152684850826556,59.343,11.251,sent,1000,
2626,152684855755962,152684855758632,1790295786549862851,152684855774753,152684855879571,104.818,18.791,sent,1000,
2627,152684860755962,152684860758305,1790295786554862534,152684860774075,152684860877351,103.276,18.113,sent,1000,
2628,152684865755962,152684865757860,1790295786559861387,152684865767328,152684865825378,58.05,11.366,sent,1000,
2629,152684870755962,152684870757635,1790295786564861633,152684870767042,152684870825794,58.752,11.08,sent,1000,
2630,152684875755962,152684875757549,1790295786569861347,152684875766977,152684875825377,58.4,11.015,sent,1000,
2631,152684880755962,152684880758213,1790295786574862763,152684880774955,152684880878481,103.526,18.993,sent,1000,
2632,152684885755962,152684885758219,1790295786579862908,152684885775041,152684885879759,104.718,19.079,sent,1000,
2633,152684890755962,152684890758324,1790295786584862894,152684890775717,152684890882279,106.562,19.755,sent,1000,
2634,152684895755962,152684895758189,1790295786589862368,152684895774640,152684895875441,100.801,18.678,sent,1000,
2635,152684900755962,152684900756840,1790295786594860598,152684900765967,152684900824819,58.852,10.005,sent,1000,
2636,152684905755962,152684905756876,1790295786599860403,152684905765812,152684905823001,57.189,9.85,sent,1000,
2637,152684910755962,152684910757001,1790295786604860498,152684910765357,152684910819049,53.692,9.395,sent,1000,
2638,152684915755962,152684915758309,1790295786609862448,152684915774299,152684915878707,104.408,18.337,sent,1000,
2639,152684920755962,152684920758423,1790295786614862942,152684920774573,152684920835489,60.916,18.611,sent,1000,
2640,152684925755962,152684925758228,1790295786619862416,152684925774929,152684925880560,105.631,18.967,sent,1000,
2641,152684930755962,152684930757181,1790295786624860678,152684930765567,152684930820120,54.553,9.605,sent,1000,
2642,152684935755962,152684935756215,1790295786629859111,152684935759020,152684935768798,9.778,3.058,sent,1000,
2643,152684940755962,152684940756709,1790295786634859716,152684940760406,152684940785353,24.947,4.444,sent,1000,
2644,152684945755962,152684945756604,1790295786639859611,152684945759750,152684945783024,23.274,3.788,sent,1000,
2645,152684950755962,152684950756469,1790295786644859406,152684950758704,152684950777008,18.304,2.742,sent,1000,
2646,152684955755962,152684955756685,1790295786649859692,152684955760001,152684955784558,24.557,4.039,sent,1000,
2647,152684960755962,152684960758452,1790295786654862681,152684960775083,152684960884982,109.899,19.121,sent,1000,
2648,152684965755962,152684965758517,1790295786659862756,152684965775479,152684965884055,108.576,19.517,sent,1000,
2649,152684970755962,152684970758813,1790295786664863032,152684970775124,152684970882618,107.494,19.162,sent,1000,
2650,152684975755962,152684975758358,1790295786669862596,152684975775220,152684975881952,106.732,19.258,sent,1000,
2651,152684980755962,152684980758812,1790295786674863061,152684980775924,152684980880062,104.138,19.962,sent,1000,
2652,152684985755962,152684985758847,1790295786679863146,152684985776190,152684985883824,107.634,20.228,sent,1000,
2653,152684990755962,152684990774863,1790295786684879482,152684990791314,152684990899639,108.325,35.352,sent,1000,
2654,152684995755962,152684995759148,1790295786689863377,152684995776481,152684995882312,105.831,20.519,sent,1000,
2655,152685000755962,152685000758430,1790295786694862879,152685000775443,152685000883036,107.593,19.481,sent,1000,
2656,152685005755962,152685005812989,1790295786699917168,152685005829771,152685005935641,105.87,73.809,sent,1000,
2657,152685010755962,152685010758742,1790295786704862950,152685010775273,152685010878278,103.005,19.311,sent,1000,
2658,152685015755962,152685015758186,1790295786709862605,152685015776430,152685015880618,104.188,20.468,sent,1000,
2659,152685020755962,152685020758690,1790295786714862899,152685020775913,152685020882194,106.281,19.951,sent,1000,
2660,152685025755962,152685025757283,1790295786719860810,152685025765959,152685025820302,54.343,9.997,sent,1000,
2661,152685030755962,152685030756487,1790295786724859493,152685030760494,152685030784650,24.156,4.532,sent,1000,
2662,152685035755962,152685035756552,1790295786729859579,152685035759838,152685035783002,23.164,3.876,sent,1000,
2663,152685040755962,152685040756596,1790295786734859602,152685040759762,152685040783517,23.755,3.8,sent,1000,
2664,152685045755962,152685045756631,1790295786739859638,152685045759897,152685045784033,24.136,3.935,sent,1000,
2665,152685050755962,152685050756647,1790295786744859653,152685050759803,152685050783878,24.075,3.841,sent,1000,
2666,152685055755962,152685055756722,1790295786749860019,152685055760509,152685055786869,26.36,4.547,sent,1000,
2667,152685060755962,152685060758359,1790295786754862547,152685060774299,152685060877244,102.945,18.337,sent,1000,
2668,152685065755962,152685065758695,1790295786759862883,152685065775196,152685065879373,104.177,19.234,sent,1000,
2669,152685070755962,152685070758239,1790295786764861737,152685070767286,152685070826639,59.353,11.324,sent,1000,
2670,152685075755962,152685075758455,1790295786769862744,152685075775016,152685075879895,104.879,19.054,sent,1000,
2671,152685080755962,152685080758338,1790295786774862797,152685080774910,152685080875951,101.041,18.948,sent,1000,
2672,152685085755962,152685085756550,1790295786779859567,152685085760488,152685085784143,23.655,4.526,sent,1000,
2673,152685090755962,152685090757888,1790295786784861486,152685090767366,152685090826699,59.333,11.404,sent,1000,
2674,152685095755962,152685095758284,1790295786789862844,152685095774695,152685095880696,106.001,18.733,sent,1000,
2675,152685100755962,152685100758428,1790295786794862627,152685100775330,152685100880008,104.678,19.368,sent,1000,
2676,152685105755962,152685105758864,1790295786799863043,152685105775596,152685105881607,106.011,19.634,sent,1000,
2677,152685110755962,152685110758198,1790295786804862397,152685110775090,152685110880189,105.099,19.128,sent,1000,
2678,152685115755962,152685115758163,1790295786809862452,152685115775186,152685115879303,104.117,19.224,sent,1000,
2679,152685120755962,152685120758918,1790295786814863067,152685120775189,152685120878495,103.306,19.227,sent,1000,
2680,152685125755962,152685125757811,1790295786819862030,152685125773421,152685125874182,100.761,17.459,sent,1000,
2681,152685130755962,152685130758869,1790295786824863117,152685130775681,152685130879477,103.796,19.719,sent,1000,
2682,152685135755962,152685135758342,1790295786829862511,152685135774292,152685135878660,104.368,18.33,sent,1000,
2683,152685140755962,152685140758766,1790295786834862955,152685140775879,152685140883072,107.193,19.917,sent,1000,
2684,152685145755962,152685145758531,1790295786839862710,152685145774752,152685145879310,104.558,18.79,sent,1000,
2685,152685150755962,152685150758627,1790295786844862895,152685150775438,152685150880487,105.049,19.476,sent,1000,
2686,152685155755962,152685155757850,1790295786849861789,152685155767529,152685155826250,58.721,11.567,sent,1000,
2687,152685160755962,152685160758285,1790295786854862453,152685160775527,152685160879374,103.847,19.565,sent,1000,
2688,152685165755962,152685165758110,1790295786859862288,152685165775232,152685165880592,105.36,19.27,sent,1000,
2689,152685170755962,152685170759217,1790295786864863396,152685170776199,152685170881910,105.711,20.237,sent,1000,
2690,152685175755962,152685175757930,1790295786869862079,152685175774431,152685175879440,105.009,18.469,sent,1000,
2691,152685180755962,152685180758156,1790295786874862605,152685180775038,152685180880718,105.68,19.076,sent,1000,
2692,152685185755962,152685185758390,1790295786879862919,152685185773919,152685185871815,97.896,17.957,sent,1000,
2693,152685190755962,152685190758135,1790295786884862584,152685190775197,152685190879244,104.047,19.235,sent,1000,
2694,152685195755962,152685195758120,1790295786889862299,152685195774181,152685195877016,102.835,18.219,sent,1000,
2695,152685200755962,152685200758386,1790295786894862605,152685200775418,152685200880347,104.929,19.456,sent,1000,
2696,152685205755962,152685205759151,1790295786899863379,152685205775732,152685205880731,104.999,19.77,sent,1000,
2697,152685210755962,152685210758264,1790295786904862493,152685210774195,152685210879935,105.74,18.233,sent,1000,
2698,152685215755962,152685215758119,1790295786909862398,152685215775162,152685215877987,102.825,19.2,sent,1000,
2699,152685220755962,152685220758365,1790295786914862674,152685220775438,152685220877792,102.354,19.476,sent,1000,
2700,152685225755962,152685225757810,1790295786919862018,152685225774171,152685225878799,104.628,18.209,sent,1000,
2701,152685230755962,152685230757524,1790295786924861392,152685230766992,152685230825283,58.291,11.03,sent,1000,
2702,152685235755962,152685235758582,1790295786929862730,152685235774562,152685235879391,104.829,18.6,sent,1000,
2703,152685240755962,152685240758126,1790295786934862645,152685240775028,152685240876671,101.643,19.066,sent,1000,
2704,152685245755962,152685245758130,1790295786939862329,152685245775042,152685245878157,103.115,19.08,sent,1000,
2705,152685250755962,152685250758837,1790295786944863025,152685250775148,152685250881649,106.501,19.186,sent,1000,
2706,152685255755962,152685255758612,1790295786949862840,152685255775534,152685255879441,103.907,19.572,sent,1000,
2707,152685260755962,152685260758226,1790295786954862445,152685260774787,152685260879245,104.458,18.825,sent,1000,
2708,152685265755962,152685265756637,1790295786959859643,152685265760685,152685265785482,24.797,4.723,sent,1000,
2709,152685270755962,152685270757995,1790295786964861612,152685270767643,152685270827176,59.533,11.681,sent,1000,
2710,152685275755962,152685275757840,1790295786969862039,152685275774682,152685275878699,104.017,18.72,sent,1000,
2711,152685280755962,152685280758917,1790295786974863106,152685280775659,152685280882602,106.943,19.697,sent,1000,
2712,152685285755962,152685285758821,1790295786979863090,152685285775372,152685285879199,103.827,19.41,sent,1000,
2713,152685290755962,152685290758936,1790295786984863135,152685290798341,152685290901867,103.526,42.379,sent,1000,
2714,152685295755962,152685295757459,1790295786989861598,152685295773680,152685295871405,97.725,17.718,sent,1000,
2715,152685300755962,152685300758296,1790295786994862464,152685300775028,152685300877402,102.374,19.066,sent,1000,
2716,152685305755962,152685305758580,1790295786999863079,152685305775321,152685305880130,104.809,19.359,sent,1000,
2717,152685310755962,152685310758234,1790295787004862383,152685310774756,152685310878813,104.057,18.794,sent,1000,
2718,152685315755962,152685315757769,1790295787009861286,152685315767006,152685315826319,59.313,11.044,sent,1000,
2719,152685320755962,152685320758155,1790295787014862594,152685320775237,152685320878393,103.156,19.275,sent,1000,
2720,152685325755962,152685325757609,1790295787019861137,152685325766717,152685325824105,57.388,10.755,sent,1000,
2721,152685330755962,152685330757965,1790295787024861553,152685330767263,152685330826886,59.623,11.301,sent,1000,
2722,152685335755962,152685335757891,1790295787029861498,152685335767168,152685335827012,59.844,11.206,sent,1000,
2723,152685340755962,152685340758076,1790295787034862665,152685340774798,152685340878935,104.137,18.836,sent,1000,
2724,152685345755962,152685345757980,1790295787039861517,152685345767187,152685345826289,59.102,11.225,sent,1000,
2725,152685350755962,152685350757845,1790295787044861382,152685350766882,152685350826184,59.302,10.92,sent,1000,
2726,152685355755962,152685355758131,1790295787049862620,152685355774782,152685355878980,104.198,18.82,sent,1000,
2727,152685360755962,152685360758146,1790295787054862475,152685360775048,152685360878103,103.055,19.086,sent,1000,
2728,152685365755962,152685365757929,1790295787059861447,152685365767327,152685365826449,59.122,11.365,sent,1000,
2729,152685370755962,152685370758095,1790295787064862614,152685370774606,152685370878794,104.188,18.644,sent,1000,
2730,152685375755962,152685375758211,1790295787069862479,152685375774501,152685375879921,105.42,18.539,sent,1000,
2731,152685380755962,152685380758326,1790295787074862535,152685380774627,152685380880387,105.76,18.665,sent,1000,
2732,152685385755962,152685385756547,1790295787079859553,152685385760053,152685385783798,23.745,4.091,sent,1000,
2733,152685390755962,152685390758976,1790295787084863516,152685390775868,152685390878493,102.625,19.906,sent,1000,
2734,152685395755962,152685395758431,1790295787089862619,152685395775152,152685395879019,103.867,19.19,sent,1000,
2735,152685400755962,152685400758226,1790295787094862494,152685400774496,152685400878684,104.188,18.534,sent,1000,
2736,152685405755962,152685405757929,1790295787099861647,152685405767277,152685405825457,58.18,11.315,sent,1000,
2737,152685410755962,152685410758245,1790295787104862484,152685410775247,152685410883402,108.155,19.285,sent,1000,
2738,152685415755962,152685415758300,1790295787109862499,152685415774761,152685415877286,102.525,18.799,sent,1000,
2739,152685420755962,152685420758396,1790295787114862845,152685420774576,152685420879495,104.919,18.614,sent,1000,
2740,152685425755962,152685425757247,1790295787119861035,152685425766705,152685425825807,59.102,10.743,sent,1000,
2741,152685430755962,152685430758525,1790295787124862724,152685430774515,152685430881097,106.582,18.553,sent,1000,
2742,152685435755962,152685435756807,1790295787129860715,152685435766476,152685435822221,55.745,10.514,sent,1000,
2743,152685440755962,152685440758375,1790295787134862574,152685440774446,152685440884103,109.657,18.484,sent,1000,
2744,152685445755962,152685445758359,1790295787139861866,152685445767897,152685445828823,60.926,11.935,sent,1000,
2745,152685450755962,152685450757874,1790295787144861431,152685450767382,152685450827606,60.224,11.42,sent,1000,
2746,152685455755962,152685455758320,1790295787149862809,152685455775192,152685455879129,103.937,19.23,sent,1000,
2747,152685460755962,152685460758044,1790295787154862253,152685460774165,152685460878102,103.937,18.203,sent,1000,
2748,152685465755962,152685465758198,1790295787159861736,152685465767606,152685465829433,61.827,11.644,sent,1000,
2749,152685470755962,152685470757933,1790295787164861491,152685470767582,152685470827706,60.124,11.62,sent,1000,
2750,152685475755962,152685475758380,1790295787169862578,152685475775131,152685475882675,107.544,19.169,sent,1000,
2751,152685480755962,152685480758094,1790295787174862834,152685480775217,152685480879294,104.077,19.255,sent,1000,
2752,152685485755962,152685485756766,1790295787179859782,152685485760493,152685485781372,20.879,4.531,sent,1000,
2753,152685490755962,152685490758444,1790295787184862603,152685490775056,152685490882780,107.724,19.094,sent,1000,
2754,152685495755962,152685495758429,1790295787189862718,152685495774279,152685495880210,105.931,18.317,sent,1000,
2755,152685500755962,152685500758765,1790295787194862954,152685500775196,152685500883672,108.476,19.234,sent,1000,
2756,152685505755962,152685505757938,1790295787199861896,152685505768377,152685505828141,59.764,12.415,sent,1000,
2757,152685510755962,152685510758214,1790295787204862392,152685510775256,152685510882128,106.872,19.294,sent,1000,
2758,152685515755962,152685515758439,1790295787209862658,152685515775532,152685515883466,107.934,19.57,sent,1000,
2759,152685520755962,152685520757642,1790295787214861370,152685520766018,152685520819529,53.511,10.056,sent,1000,
2760,152685525755962,152685525756584,1790295787219859600,152685525759900,152685525783575,23.675,3.938,sent,1000,
2761,152685530755962,152685530756659,1790295787224859676,152685530759835,152685530784512,24.677,3.873,sent,1000,
2762,152685535755962,152685535756524,1790295787229859531,152685535759650,152685535782574,22.924,3.688,sent,1000,
2763,152685540755962,152685540756730,1790295787234859737,152685540759896,152685540784583,24.687,3.934,sent,1000,
2764,152685545755962,152685545758558,1790295787239862727,152685545774438,152685545878045,103.607,18.476,sent,1000,
2765,152685550755962,152685550758412,1790295787244862831,152685550775044,152685550879622,104.578,19.082,sent,1000,
2766,152685555755962,152685555758869,1790295787249863268,152685555774759,152685555878876,104.117,18.797,sent,1000,
2767,152685560755962,152685560758233,1790295787254862351,152685560774323,152685560875164,100.841,18.361,sent,1000,
2768,152685565755962,152685565758097,1790295787259862576,152685565775039,152685565879267,104.228,19.077,sent,1000,
2769,152685570755962,152685570757540,1790295787264861378,152685570767008,152685570827924,60.916,11.046,sent,1000,
2770,152685575755962,152685575757656,1790295787269861804,152685575773706,152685575885348,111.642,17.744,sent,1000,
2771,152685580755962,152685580758202,1790295787274862391,152685580775545,152685580877148,101.603,19.583,sent,1000,
2772,152685585755962,152685585758408,1790295787279862937,152685585774899,152685585879136,104.237,18.937,sent,1000,
2773,152685590755962,152685590758311,1790295787284861988,152685590767458,152685590825157,57.699,11.496,sent,1000,
2774,152685595755962,152685595758305,1790295787289862484,152685595775218,152685595879836,104.618,19.256,sent,1000,
2775,152685600755962,152685600757840,1790295787294861347,152685600767087,152685600825919,58.832,11.125,sent,1000,
2776,152685605755962,152685605758857,1790295787299863026,152685605775639,152685605878905,103.266,19.677,sent,1000,
2777,152685610755962,152685610758229,1790295787304862438,152685610774781,152685610881693,106.912,18.819,sent,1000,
2778,152685615755962,152685615757844,1790295787309861371,152685615766841,152685615826013,59.172,10.879,sent,1000,
2779,152685620755962,152685620758821,1790295787314862960,152685620774611,152685620879490,104.879,18.649,sent,1000,
2780,152685625755962,152685625758014,1790295787319862233,152685625774616,152685625879354,104.738,18.654,sent,1000,
2781,152685630755962,152685630757848,1790295787324861386,152685630767206,152685630823583,56.377,11.244,sent,1000,
2782,152685635755962,152685635758194,1790295787329862653,152685635774796,152685635882049,107.253,18.834,sent,1000,
2783,152685640755962,152685640758310,1790295787334862508,152685640775262,152685640878828,103.566,19.3,sent,1000,
2784,152685645755962,152685645758154,1790295787339862363,152685645774124,152685645876108,101.984,18.162,sent,1000,
2785,152685650755962,152685650757617,1790295787344861155,152685650766815,152685650824684,57.869,10.853,sent,1000,
2786,152685655755962,152685655758635,1790295787349862823,152685655775186,152685655879373,104.187,19.224,sent,1000,
2787,152685660755962,152685660758219,1790295787354862518,152685660774650,152685660877615,102.965,18.688,sent,1000,
2788,152685665755962,152685665756631,1790295787359859637,152685665759837,152685665783111,23.274,3.875,sent,1000,
2789,152685670755962,152685670757527,1790295787364862016,152685670774389,152685670878376,103.987,18.427,sent,1000,
2790,152685675755962,152685675757803,1790295787369861961,152685675774625,152685675878922,104.297,18.663,sent,1000,
2791,152685680755962,152685680758289,1790295787374862498,152685680775131,152685680878136,103.005,19.169,sent,1000,
2792,152685685755962,152685685758976,1790295787379863214,152685685775417,152685685879163,103.746,19.455,sent,1000,
2793,152685690755962,152685690758408,1790295787384862897,152685690775019,152685690880650,105.631,19.057,sent,1000,
2794,152685695755962,152685695758674,1790295787389862933,152685695775516,152685695881757,106.241,19.554,sent,1000,
2795,152685700755962,152685700758188,1790295787394862397,152685700774810,152685700879148,104.338,18.848,sent,1000,
2796,152685705755962,152685705757642,1790295787399862181,152685705767791,152685705826302,58.511,11.829,sent,1000,
2797,152685710755962,152685710757996,1790295787404862174,152685710774287,152685710878765,104.478,18.325,sent,1000,
2798,152685715755962,152685715758422,1790295787409862631,152685715775204,152685715877788,102.584,19.242,sent,1000,
2799,152685720755962,152685720758347,1790295787414862836,152685720774448,152685720879286,104.838,18.486,sent,1000,
2800,152685725755962,152685725757651,1790295787419861790,152685725773932,152685725879432,105.5,17.97,sent,1000,
2801,152685730755962,152685730757677,1790295787424862096,152685730774238,152685730877093,102.855,18.276,sent,1000,
2802,152685735755962,152685735758624,1790295787429863123,152685735775706,152685735880415,104.709,19.744,sent,1000,
2803,152685740755962,152685740757738,1790295787434862157,152685740776112,152685740882324,106.212,20.15,sent,1000,
2804,152685745755962,152685745758183,1790295787439862342,152685745775305,152685745877649,102.344,19.343,sent,1000,
2805,152685750755962,152685750757807,1790295787444861334,152685750767094,152685750825395,58.301,11.132,sent,1000,
2806,152685755755962,152685755758563,1790295787449862722,152685755774614,152685755880825,106.211,18.652,sent,1000,
2807,152685760755962,152685760758108,1790295787454862437,152685760775331,152685760881271,105.94,19.369,sent,1000,
2808,152685765755962,152685765758133,1790295787459862332,152685765773963,152685765877850,103.887,18.001,sent,1000,
2809,152685770755962,152685770758808,1790295787464863006,152685770775039,152685770882542,107.503,19.077,sent,1000,
2810,152685775755962,152685775757941,1790295787469862190,152685775775395,152685775880133,104.738,19.433,sent,1000,
2811,152685780755962,152685780758318,1790295787474862526,152685780774669,152685780880549,105.88,18.707,sent,1000,
2812,152685785755962,152685785757380,1790295787479861479,152685785773471,152685785876376,102.905,17.509,sent,1000,
2813,152685790755962,152685790758777,1790295787484862936,152685790775950,152685790881340,105.39,19.988,sent,1000,
2814,152685795755962,152685795758292,1790295787489862470,152685795775234,152685795879992,104.758,19.272,sent,1000,
2815,152685800755962,152685800758047,1790295787494862175,152685800774608,152685800877934,103.326,18.646,sent,1000,
2816,152685805755962,152685805757471,1790295787499863022,152685805774934,152685805880294,105.36,18.972,sent,1000,
2817,152685810755962,152685810758476,1790295787504862685,152685810774987,152685810878884,103.897,19.025,sent,1000,
2818,152685815755962,152685815756618,1790295787509859634,152685815760385,152685815785292,24.907,4.423,sent,1000,
2819,152685820755962,152685820758817,1790295787514863026,152685820775679,152685820879306,103.627,19.717,sent,1000,
2820,152685825755962,152685825757640,1790295787519861799,152685825773380,152685825876936,103.556,17.418,sent,1000,
2821,152685830755962,152685830757664,1790295787524861552,152685830767342,152685830826564,59.222,11.38,sent,1000,
2822,152685835755962,152685835757668,1790295787529861867,152685835773879,152685835875171,101.292,17.917,sent,1000,
2823,152685840755962,152685840758235,1790295787534862774,152685840774826,152685840880346,105.52,18.864,sent,1000,
2824,152685845755962,152685845757459,1790295787539860986,152685845766366,152685845826099,59.733,10.404,sent,1000,
2825,152685850755962,152685850757864,1790295787544861401,152685850766881,152685850826103,59.222,10.919,sent,1000,
2826,152685855755962,152685855759291,1790295787549863550,152685855776153,152685855880741,104.588,20.191,sent,1000,
2827,152685860755962,152685860758034,1790295787554862202,152685860774685,152685860881458,106.773,18.723,sent,1000,
2828,152685865755962,152685865758360,1790295787559862548,152685865775152,152685865880551,105.399,19.19,sent,1000,
2829,152685870755962,152685870758393,1790295787564862582,152685870774193,152685870878280,104.087,18.231,sent,1000,
2830,152685875755962,152685875757948,1790295787569862176,152685875774229,152685875879789,105.56,18.267,sent,1000,
2831,152685880755962,152685880756731,1790295787574859747,152685880760598,152685880785565,24.967,4.636,sent,1000,
2832,152685885755962,152685885758640,1790295787579862848,152685885775622,152685885880320,104.698,19.66,sent,1000,
2833,152685890755962,152685890758535,1790295787584862733,152685890775497,152685890879043,103.546,19.535,sent,1000,
2834,152685895755962,152685895758398,1790295787589862626,152685895774388,152685895877574,103.186,18.426,sent,1000,
2835,152685900755962,152685900758343,1790295787594862922,152685900775365,152685900881827,106.462,19.403,sent,1000,
2836,152685905755962,152685905757617,1790295787599861475,152685905766985,152685905825986,59.001,11.023,sent,1000,
2837,152685910755962,152685910757720,1790295787604862159,152685910774382,152685910877868,103.486,18.42,sent,1000,
2838,152685915755962,152685915758136,1790295787609862355,152685915774377,152685915879496,105.119,18.415,sent,1000,
2839,152685920755962,152685920758983,1790295787614863152,152685920775274,152685920878259,102.985,19.312,sent,1000,
2840,152685925755962,152685925757867,1790295787619862075,152685925774278,152685925877203,102.925,18.316,sent,1000,
2841,152685930755962,152685930757229,1790295787624861347,152685930773890,152685930876866,102.976,17.928,sent,1000,
2842,152685935755962,152685935756623,1790295787629859619,152685935760540,152685935787902,27.362,4.578,sent,1000,
2843,152685940755962,152685940756608,1790295787634859605,152685940760305,152685940784902,24.597,4.343,sent,1000,
2844,152685945755962,152685945756554,1790295787639859560,152685945759650,152685945782984,23.334,3.688,sent,1000,
2845,152685950755962,152685950756488,1790295787644859494,152685950759674,152685950784280,24.606,3.712,sent,1000,
2846,152685955755962,152685955756703,1790295787649859709,152685955759819,152685955784455,24.636,3.857,sent,1000,
2847,152685960755962,152685960756488,1790295787654859494,152685960759674,152685960783870,24.196,3.712,sent,1000,
2848,152685965755962,152685965757976,1790295787659862155,152685965774367,152685965877623,103.256,18.405,sent,1000,
2849,152685970755962,152685970758170,1790295787664862989,152685970774981,152685970879850,104.869,19.019,sent,1000,
2850,152685975755962,152685975757704,1790295787669861973,152685975774015,152685975878172,104.157,18.053,sent,1000,
2851,152685980755962,152685980758270,1790295787674862509,152685980774712,152685980882155,107.443,18.75,sent,1000,
2852,152685985755962,152685985757665,1790295787679861823,152685985774076,152685985877081,103.005,18.114,sent,1000,
2853,152685990755962,152685990759201,1790295787684863419,152685990776624,152685990883456,106.832,20.662,sent,1000,
2854,152685995755962,152685995758174,1790295787689862373,152685995775407,152685995881829,106.422,19.445,sent,1000,
2855,152686000755962,152686000758530,1790295787694862959,152686000776304,152686000882846,106.542,20.342,sent,1000,
2856,152686005755962,152686005758916,1790295787699863095,152686005775227,152686005883743,108.516,19.265,sent,1000,
2857,152686010755962,152686010758318,1790295787704862617,152686010774840,152686010883466,108.626,18.878,sent,1000,
2858,152686015755962,152686015758434,1790295787709862623,152686015775106,152686015881367,106.261,19.144,sent,1000,
2859,152686020755962,152686020758379,1790295787714863249,152686020775832,152686020882645,106.813,19.87,sent,1000,
2860,152686025755962,152686025756942,1790295787719860409,152686025765097,152686025817537,52.44,9.135,sent,1000,
2861,152686030755962,152686030756545,1790295787724859542,152686030760192,152686030783827,23.635,4.23,sent,1000,
2862,152686035755962,152686035779433,1790295787729883682,152686035796205,152686035901044,104.839,40.243,sent,1000,
2863,152686040755962,152686040757958,1790295787734861646,152686040767546,152686040826768,59.222,11.584,sent,1000,
2864,152686045755962,152686045757943,1790295787739862192,152686045773994,152686045885766,111.772,18.032,sent,1000,
2865,152686050755962,152686050757537,1790295787744861064,152686050767436,152686050853108,85.672,11.474,sent,1000,
2866,152686055755962,152686055758313,1790295787749862762,152686055774764,152686055876126,101.362,18.802,sent,1000,
2867,152686060755962,152686060757687,1790295787754861876,152686060774239,152686060877655,103.416,18.277,sent,1000,
2868,152686065755962,152686065757733,1790295787759861891,152686065773012,152686065884313,111.301,17.05,sent,1000,
2869,152686070755962,152686070758017,1790295787764861896,152686070767435,152686070846445,79.01,11.473,sent,1000,
2870,152686075755962,152686075757722,1790295787769861960,152686075774894,152686075880124,105.23,18.932,sent,1000,
2871,152686080755962,152686080758188,1790295787774862417,152686080774859,152686080879628,104.769,18.897,sent,1000,
2872,152686085755962,152686085756730,1790295787779859747,152686085760397,152686085785004,24.607,4.435,sent,1000,
2873,152686090755962,152686090757947,1790295787784861875,152686090767635,152686090826316,58.681,11.673,sent,1000,
2874,152686095755962,152686095758022,1790295787789862251,152686095774223,152686095876807,102.584,18.261,sent,1000,
2875,152686100755962,152686100757967,1790295787794862086,152686100774478,152686100880149,105.671,18.516,sent,1000,
2876,152686105755962,152686105758133,1790295787799863313,152686105774925,152686105874383,99.458,18.963,sent,1000,
2877,152686110755962,152686110757817,1790295787804862016,152686110775281,152686110880129,104.848,19.319,sent,1000,
2878,152686115755962,152686115758222,1790295787809862420,152686115775013,152686115879632,104.619,19.051,sent,1000,
2879,152686120755962,152686120758367,1790295787814862816,152686120775790,152686120879897,104.107,19.828,sent,1000,
2880,152686125755962,152686125757571,1790295787819861870,152686125772790,152686125871537,98.747,16.828,sent,1000,
2881,152686130755962,152686130758238,1790295787824862436,152686130774468,152686130878205,103.737,18.506,sent,1000,
2882,152686135755962,152686135758742,1790295787829862910,152686135774993,152686135878529,103.536,19.031,sent,1000,
2883,152686140755962,152686140757485,1790295787834861413,152686140779526,152686140838037,58.511,23.564,sent,1000,
2884,152686145755962,152686145758262,1790295787839862410,152686145774472,152686145878069,103.597,18.51,sent,1000,
2885,152686150755962,152686150758507,1790295787844862686,152686150775119,152686150877773,102.654,19.157,sent,1000,
2886,152686155755962,152686155758320,1790295787849863070,152686155777066,152686155883287,106.221,21.104,sent,1000,
2887,152686160755962,152686160757634,1790295787854861783,152686160773464,152686160877251,103.787,17.502,sent,1000,
2888,152686165755962,152686165757940,1790295787859862159,152686165773429,152686165877637,104.208,17.467,sent,1000,
2889,152686170755962,152686170757875,1790295787864861763,152686170767624,152686170825563,57.939,11.662,sent,1000,
2890,152686175755962,152686175757510,1790295787869861668,152686175774422,152686175880884,106.462,18.46,sent,1000,
2891,152686180755962,152686180758134,1790295787874862293,152686180774034,152686180879735,105.701,18.072,sent,1000,
2892,152686185755962,152686185758110,1790295787879863010,152686185775472,152686185879770,104.298,19.51,sent,1000,
2893,152686190755962,152686190758275,1790295787884862463,152686190773814,152686190872942,99.128,17.852,sent,1000,
2894,152686195755962,152686195758198,1790295787889862416,152686195774990,152686195880840,105.85,19.028,sent,1000,
2895,152686200755962,152686200758073,1790295787894862271,152686200774344,152686200833846,59.502,18.382,sent,1000,
2896,152686205755962,152686205758629,1790295787899863118,152686205775211,152686205879148,103.937,19.249,sent,1000,
2897,152686210755962,152686210756651,1790295787904859647,152686210760268,152686210785496,25.228,4.306,sent,1000,
2898,152686215755962,152686215758057,1790295787909862246,152686215774368,152686215878736,104.368,18.406,sent,1000,
2899,152686220755962,152686220756700,1790295787914859726,152686220760537,152686220787749,27.212,4.575,sent,1000,
2900,152686225755962,152686225757747,1790295787919861926,152686225775321,152686225880430,105.109,19.359,sent,1000,
2901,152686230755962,152686230757652,1790295787924861460,152686230767381,152686230827134,59.753,11.419,sent,1000,
2902,152686235755962,152686235758828,1790295787929863007,152686235774348,152686235879226,104.878,18.386,sent,1000,
2903,152686240755962,152686240756900,1790295787934860427,152686240765496,152686240819819,54.323,9.534,sent,1000,
2904,152686245755962,152686245757597,1790295787939861104,152686245766894,152686245825896,59.002,10.932,sent,1000,
2905,152686250755962,152686250758043,1790295787944862272,152686250775015,152686250879152,104.137,19.053,sent,1000,
2906,152686255755962,152686255757856,1790295787949861955,152686255774838,152686255877353,102.515,18.876,sent,1000,
2907,152686260755962,152686260757741,1790295787954861940,152686260774533,152686260877749,103.216,18.571,sent,1000,
2908,152686265755962,152686265757456,1790295787959860974,152686265766413,152686265824914,58.501,10.451,sent,1000,
2909,152686270755962,152686270757542,1790295787964861430,152686270767290,152686270826382,59.092,11.328,sent,1000,
2910,152686275755962,152686275757878,1790295787969862076,152686275774459,152686275879278,104.819,18.497,sent,1000,
2911,152686280755962,152686280758212,1790295787974862440,152686280774773,152686280878610,103.837,18.811,sent,1000,
2912,152686285755962,152686285756704,1790295787979859721,152686285760802,152686285786420,25.618,4.84,sent,1000,
2913,152686290755962,152686290757551,1790295787984861680,152686290767490,152686290826061,58.571,11.528,sent,1000,
2914,152686295755962,152686295757915,1790295787989862064,152686295774497,152686295879055,104.558,18.535,sent,1000,
2915,152686300755962,152686300757490,1790295787994861057,152686300766687,152686300825930,59.243,10.725,sent,1000,
2916,152686305755962,152686305756584,1790295787999859590,152686305760000,152686305783525,23.525,4.038,sent,1000,
2917,152686310755962,152686310756950,1790295788004860467,152686310766227,152686310825570,59.343,10.265,sent,1000,
2918,152686315755962,152686315757675,1790295788009861593,152686315767283,152686315824531,57.248,11.321,sent,1000,
2919,152686320755962,152686320758532,1790295788014862690,152686320774131,152686320877287,103.156,18.169,sent,1000,
2920,152686325755962,152686325757645,1790295788019861213,152686325767304,152686325826886,59.582,11.342,sent,1000,
2921,152686330755962,152686330758202,1790295788024862520,152686330774853,152686330877508,102.655,18.891,sent,1000,
2922,152686335755962,152686335758225,1790295788029862674,152686335775097,152686335879074,103.977,19.135,sent,1000,
2923,152686340755962,152686340757910,1790295788034861557,152686340767127,152686340826940,59.813,11.165,sent,1000,
2924,152686345755962,152686345757234,1790295788039860751,152686345766551,152686345828539,61.988,10.589,sent,1000,
2925,152686350755962,152686350756618,1790295788044859624,152686350760105,152686350784441,24.336,4.143,sent,1000,
2926,152686355755962,152686355758445,1790295788049862624,152686355775648,152686355880196,104.548,19.686,sent,1000,
2927,152686360755962,152686360757869,1790295788054862198,152686360774751,152686360875823,101.072,18.789,sent,1000,
2928,152686365755962,152686365757614,1790295788059861132,152686365767012,152686365826565,59.553,11.05,sent,1000,
2929,152686370755962,152686370757900,1790295788064861758,152686370767318,152686370826320,59.002,11.356,sent,1000,
2930,152686375755962,152686375757964,1790295788069862203,152686375774365,152686375878052,103.687,18.403,sent,1000,
2931,152686380755962,152686380758079,1790295788074862288,152686380774410,152686380876063,101.653,18.448,sent,1000,
2932,152686385755962,152686385756502,1790295788079859508,152686385760019,152686385783844,23.825,4.057,sent,1000,
2933,152686390755962,152686390759713,1790295788084863892,152686390776675,152686390884780,108.105,20.713,sent,1000,
2934,152686395755962,152686395757875,1790295788089862134,152686395773966,152686395877211,103.245,18.004,sent,1000,
2935,152686400755962,152686400758089,1790295788094862338,152686400774330,152686400877205,102.875,18.368,sent,1000,
2936,152686405755962,152686405758285,1790295788099861802,152686405767683,152686405827085,59.402,11.721,sent,1000,
2937,152686410755962,152686410757719,1790295788104861898,152686410773349,152686410878217,104.868,17.387,sent,1000,
2938,152686415755962,152686415757774,1790295788109861923,152686415774075,152686415878122,104.047,18.113,sent,1000,
2939,152686420755962,152686420758128,1790295788114862918,152686420774910,152686420880460,105.55,18.948,sent,1000,
2940,152686425755962,152686425758494,1790295788119862793,152686425774996,152686425881307,106.311,19.034,sent,1000,
2941,152686430755962,152686430757788,1790295788124861927,152686430773308,152686430838962,65.654,17.346,sent,1000,
2942,152686435755962,152686435758345,1790295788129862564,152686435774485,152686435878162,103.677,18.523,sent,1000,
2943,152686440755962,152686440757817,1790295788134861475,152686440766855,152686440826397,59.542,10.893,sent,1000,
2944,152686445755962,152686445757632,1790295788139861180,152686445766850,152686445827274,60.424,10.888,sent,1000,
2945,152686450755962,152686450757467,1790295788144861666,152686450767006,152686450826208,59.202,11.044,sent,1000,
2946,152686455755962,152686455911074,1790295788150015934,152686455928477,152686456054375,125.898,172.515,sent,1000,
2947,152686460755962,152686460761394,1790295788154865562,152686460777755,152686460885399,107.644,21.793,sent,1000,
2948,152686465755962,152686465758003,1790295788159862151,152686465774905,152686465879353,104.448,18.943,sent,1000,
2949,152686470755962,152686470757317,1790295788164861425,152686470772966,152686470869590,96.624,17.004,sent,1000,
2950,152686475755962,152686475758033,1790295788169862182,152686475773783,152686475879323,105.54,17.821,sent,1000,
2951,152686480755962,152686480758239,1790295788174862408,152686480775131,152686480878888,103.757,19.169,sent,1000,
2952,152686485755962,152686485758132,1790295788179862641,152686485774834,152686485878871,104.037,18.872,sent,1000,
2953,152686490755962,152686490758989,1790295788184863278,152686490775300,152686490879347,104.047,19.338,sent,1000,
2954,152686495755962,152686495757612,1790295788189861771,152686495773332,152686495876698,103.366,17.37,sent,1000,
2955,152686500755962,152686500758118,1790295788194862507,152686500774018,152686500879989,105.971,18.056,sent,1000,
2956,152686505755962,152686505757713,1790295788199861581,152686505767231,152686505827154,59.923,11.269,sent,1000,
2957,152686510755962,152686510757878,1790295788204862037,152686510774720,152686510883366,108.646,18.758,sent,1000,
2958,152686515755962,152686515757734,1790295788209861972,152686515774976,152686515882189,107.213,19.014,sent,1000,
2959,152686520755962,152686520757707,1790295788214861695,152686520767015,152686520821418,54.403,11.053,sent,1000,
2960,152686525755962,152686525756430,1790295788219859346,152686525758624,152686525771108,12.484,2.662,sent,1000,
2961,152686530755962,152686530756656,1790295788224859682,152686530760252,152686530785190,24.938,4.29,sent,1000,
2962,152686535755962,152686535758985,1790295788229863224,152686535775928,152686535882590,106.662,19.966,sent,1000,
2963,152686540755962,152686540756635,1790295788234859641,152686540760442,152686540784968,24.526,4.48,sent,1000,
2964,152686545755962,152686545757562,1790295788239861730,152686545774644,152686545878942,104.298,18.682,sent,1000,
2965,152686550755962,152686550757788,1790295788244861976,152686550774539,152686550880881,106.342,18.577,sent,1000,
2966,152686555755962,152686555757552,1790295788249861420,152686555766800,152686555857993,91.193,10.838,sent,1000,
2967,152686560755962,152686560757826,1790295788254862015,152686560774558,152686560878295,103.737,18.596,sent,1000,
2968,152686565755962,152686565758062,1790295788259862211,152686565774944,152686565879743,104.799,18.982,sent,1000,
2969,152686570755962,152686570758568,1790295788264863078,152686570775130,152686570880009,104.879,19.168,sent,1000,
2970,152686575755962,152686575757862,1790295788269862041,152686575774474,152686575878541,104.067,18.512,sent,1000,
2971,152686580755962,152686580757716,1790295788274862145,152686580774978,152686580879817,104.839,19.016,sent,1000,
2972,152686585755962,152686585757881,1790295788279862661,152686585775184,152686585878600,103.416,19.222,sent,1000,
2973,152686590755962,152686590757546,1790295788284861454,152686590766733,152686590854600,87.867,10.771,sent,1000,
2974,152686595755962,152686595757651,1790295788289861850,152686595774423,152686595878210,103.787,18.461,sent,1000,
2975,152686600755962,152686600758027,1790295788294862236,152686600773797,152686600879197,105.4,17.835,sent,1000,
2976,152686605755962,152686605758302,1790295788299863152,152686605775014,152686605878269,103.255,19.052,sent,1000,
2977,152686610755962,152686610757977,1790295788304862175,152686610774378,152686610878445,104.067,18.416,sent,1000,
2978,152686615755962,152686615757591,1790295788309861109,152686615766789,152686615824789,58.0,10.827,sent,1000,
2979,152686620755962,152686620758117,1790295788314862577,152686620774398,152686620878506,104.108,18.436,sent,1000,
2980,152686625755962,152686625757580,1790295788319862159,152686625774732,152686625878739,104.007,18.77,sent,1000,
2981,152686630755962,152686630757956,1790295788324862074,152686630774597,152686630872313,97.716,18.635,sent,1000,
2982,152686635755962,152686635758332,1790295788329862681,152686635774773,152686635880624,105.851,18.811,sent,1000,
2983,152686640755962,152686640758027,1790295788334863117,152686640774298,152686640871311,97.013,18.336,sent,1000,
2984,152686645755962,152686645756840,1790295788339860407,152686645765907,152686645823947,58.04,9.945,sent,1000,
2985,152686650755962,152686650756815,1790295788344859822,152686650760051,152686650783987,23.936,4.089,sent,1000,
2986,152686655755962,152686655757562,1790295788349861420,152686655767010,152686655825972,58.962,11.048,sent,1000,
2987,152686660755962,152686660757817,1790295788354862026,152686660774629,152686660878676,104.047,18.667,sent,1000,
2988,152686665755962,152686665757911,1790295788359862351,152686665774924,152686665878771,103.847,18.962,sent,1000,
2989,152686670755962,152686670757827,1790295788364861474,152686670766994,152686670826577,59.583,11.032,sent,1000,
2990,152686675755962,152686675758363,1790295788369862472,152686675775035,152686675879513,104.478,19.073,sent,1000,
2991,152686680755962,152686680757707,1790295788374861896,152686680774088,152686680878456,104.368,18.126,sent,1000,
2992,152686685755962,152686685756619,1790295788379859625,152686685760286,152686685785103,24.817,4.324,sent,1000,
2993,152686690755962,152686690757927,1790295788384861544,152686690767565,152686690826296,58.731,11.603,sent,1000,
2994,152686695755962,152686695757882,1790295788389862111,152686695774574,152686695878230,103.656,18.612,sent,1000,
2995,152686700755962,152686700757817,1790295788394862036,152686700773948,152686700878355,104.407,17.986,sent,1000,
2996,152686705755962,152686705758602,1790295788399862730,152686705775303,152686705881204,105.901,19.341,sent,1000,
2997,152686710755962,152686710757736,1790295788404861914,152686710774066,152686710878254,104.188,18.104,sent,1000,
2998,152686715755962,152686715757721,1790295788409861889,152686715774262,152686715878400,104.138,18.3,sent,1000,
2999,152686720755962,152686720758367,1790295788414862566,152686720774728,152686720876782,102.054,18.766,sent,1000,
3000,152686725755962,152686725758513,1790295788419862642,152686725774323,152686725877108,102.785,18.361,sent,1000,
3001,152686730755962,152686730758108,1790295788424862346,152686730774338,152686730879568,105.23,18.376,sent,1000,
3002,152686735755962,152686735758614,1790295788429862823,152686735775516,152686735878571,103.055,19.554,sent,1000,
3003,152686740755962,152686740758910,1790295788434863058,152686740775411,152686740882544,107.133,19.449,sent,1000,
3004,152686745755962,152686745757030,1790295788439860558,152686745766087,152686745824468,58.381,10.125,sent,1000,
3005,152686750755962,152686750757506,1790295788444861014,152686750766554,152686750824914,58.36,10.592,sent,1000,
3006,152686755755962,152686755757772,1790295788449863173,152686755776598,152686755880304,103.706,20.636,sent,1000,
3007,152686760755962,152686760758308,1790295788454862487,152686760774950,152686760878346,103.396,18.988,sent,1000,
3008,152686765755962,152686765757871,1790295788459862049,152686765774352,152686765878149,103.797,18.39,sent,1000,
3009,152686770755962,152686770756714,1790295788464859730,152686770760722,152686770785509,24.787,4.76,sent,1000,
3010,152686775755962,152686775758312,1790295788469862731,152686775774864,152686775878250,103.386,18.902,sent,1000,
3011,152686780755962,152686780756635,1790295788474859661,152686780760822,152686780785930,25.108,4.86,sent,1000,
3012,152686785755962,152686785758614,1790295788479862762,152686785775516,152686785880745,105.229,19.554,sent,1000,
3013,152686790755962,152686790757787,1790295788484861926,152686790774699,152686790876001,101.302,18.737,sent,1000,
3014,152686795755962,152686795757693,1790295788489861881,152686795773633,152686795877129,103.496,17.671,sent,1000,
3015,152686800755962,152686800757999,1790295788494862107,152686800773488,152686800872235,98.747,17.526,sent,1000,
3016,152686805755962,152686805758825,1790295788499863054,152686805775477,152686805879805,104.328,19.515,sent,1000,
3017,152686810755962,152686810758338,1790295788504862486,152686810774889,152686810879197,104.308,18.927,sent,1000,
3018,152686815755962,152686815757760,1790295788509861898,152686815773740,152686815876144,102.404,17.778,sent,1000,
3019,152686820755962,152686820758917,1790295788514863026,152686820775729,152686820883133,107.404,19.767,sent,1000,
3020,152686825755962,152686825758562,1790295788519862731,152686825774703,152686825877297,102.594,18.741,sent,1000,
3021,152686830755962,152686830757976,1790295788524862115,152686830774778,152686830877793,103.015,18.816,sent,1000,
3022,152686835755962,152686835758332,1790295788529862551,152686835775345,152686835881496,106.151,19.383,sent,1000,
3023,152686840755962,152686840758288,1790295788534862416,152686840773897,152686840874989,101.092,17.935,sent,1000,
3024,152686845755962,152686845757210,1790295788539860708,152686845766388,152686845825189,58.801,10.426,sent,1000,
3025,152686850755962,152686850756994,1790295788544860852,152686850766382,152686850826676,60.294,10.42,sent,1000,
3026,152686855755962,152686855758292,1790295788549862892,152686855776056,152686855879552,103.496,20.094,sent,1000,
3027,152686860755962,152686860758398,1790295788554862626,152686860775189,152686860878726,103.537,19.227,sent,1000,
3028,152686865755962,152686865758002,1790295788559862211,152686865774093,152686865877919,103.826,18.131,sent,1000,
3029,152686870755962,152686870758947,1790295788564863166,152686870775428,152686870877602,102.174,19.466,sent,1000,
3030,152686875755962,152686875758231,1790295788569862931,152686875774753,152686875879200,104.447,18.791,sent,1000,
3031,152686880755962,152686880757726,1790295788574861934,152686880774307,152686880879025,104.718,18.345,sent,1000,
3032,152686885755962,152686885757801,1790295788579862020,152686885773711,152686885878149,104.438,17.749,sent,1000,
3033,152686890755962,152686890758315,1790295788584862814,152686890775077,152686890880767,105.69,19.115,sent,1000,
3034,152686895755962,152686895757870,1790295788589862048,152686895774241,152686895876805,102.564,18.279,sent,1000,
3035,152686900755962,152686900758005,1790295788594862344,152686900775038,152686900879876,104.838,19.076,sent,1000,
3036,152686905755962,152686905757499,1790295788599861658,152686905767368,152686905825919,58.551,11.406,sent,1000,
3037,152686910755962,152686910757943,1790295788604862142,152686910774505,152686910879604,105.099,18.543,sent,1000,
3038,152686915755962,152686915757989,1790295788609862127,152686915774891,152686915879389,104.498,18.929,sent,1000,
3039,152686920755962,152686920758886,1790295788614863084,152686920776299,152686920881528,105.229,20.337,sent,1000,
3040,152686925755962,152686925758711,1790295788619863030,152686925775382,152686925882325,106.943,19.42,sent,1000,
3041,152686930755962,152686930758225,1790295788624862574,152686930776460,152686930878714,102.254,20.498,sent,1000,
3042,152686935755962,152686935756628,1790295788629859634,152686935762228,152686935793548,31.32,6.266,sent,1000,
3043,152686940755962,152686940756643,1790295788634859649,152686940759909,152686940785718,25.809,3.947,sent,1000,
3044,152686945755962,152686945756587,1790295788639859594,152686945759693,152686945778509,18.816,3.731,sent,1000,
3045,152686950755962,152686950756722,1790295788644859739,152686950759978,152686950784555,24.577,4.016,sent,1000,
3046,152686955755962,152686955758841,1790295788649863070,152686955775323,152686955881714,106.391,19.361,sent,1000,
3047,152686960755962,152686960757905,1790295788654862424,152686960775098,152686960876650,101.552,19.136,sent,1000,
3048,152686965755962,152686965757549,1790295788659861046,152686965766686,152686965826810,60.124,10.724,sent,1000,
3049,152686970755962,152686970758485,1790295788664862674,152686970775227,152686970882470,107.243,19.265,sent,1000,
3050,152686975755962,152686975758390,1790295788669862930,152686975775202,152686975878087,102.885,19.24,sent,1000,
3051,152686980755962,152686980757554,1790295788674861713,152686980775268,152686980878022,102.754,19.306,sent,1000,
3052,152686985755962,152686985758521,1790295788679862670,152686985774752,152686985880182,105.43,18.79,sent,1000,
3053,152686990755962,152686990758895,1790295788684863154,152686990797508,152686990901365,103.857,41.546,sent,1000,
3054,152686995755962,152686995757707,1790295788689861906,152686995774690,152686995880170,105.48,18.728,sent,1000,
3055,152687000755962,152687000757793,1790295788694862012,152687000774885,152687000877901,103.016,18.923,sent,1000,
3056,152687005755962,152687005757959,1790295788699861536,152687005767146,152687005826829,59.683,11.184,sent,1000,
3057,152687010755962,152687010758214,1790295788704862453,152687010774315,152687010876428,102.113,18.353,sent,1000,
3058,152687015755962,152687015758558,1790295788709862827,152687015775490,152687015882193,106.703,19.528,sent,1000,
3059,152687020755962,152687020758804,1790295788714863043,152687020775957,152687020885013,109.056,19.995,sent,1000,
3060,152687025755962,152687025756796,1790295788719860333,152687025766594,152687025818222,51.628,10.632,sent,1000,
3061,152687030755962,152687030812776,1790295788724915802,152687030816493,152687030841270,24.777,60.531,sent,1000,
3062,152687035755962,152687035756694,1790295788729859701,152687035760041,152687035784958,24.917,4.079,sent,1000,
3063,152687040755962,152687040756680,1790295788734859686,152687040759996,152687040784102,24.106,4.034,sent,1000,
3064,152687045755962,152687045756855,1790295788739860383,152687045766133,152687045827489,61.356,10.171,sent,1000,
3065,152687050755962,152687050757250,1790295788744861489,152687050773621,152687050880564,106.943,17.659,sent,1000,
3066,152687055755962,152687055758327,1790295788749863077,152687055774969,152687055879487,104.518,19.007,sent,1000,
3067,152687060755962,152687060758493,1790295788754862682,152687060774573,152687060878771,104.198,18.611,sent,1000,
3068,152687065755962,152687065757777,1790295788759862236,152687065773797,152687065879608,105.811,17.835,sent,1000,
3069,152687070755962,152687070780975,1790295788764885224,152687070797657,152687070905210,107.553,41.695,sent,1000,
3070,152687075755962,152687075758948,1790295788769863197,152687075775309,152687075881059,105.75,19.347,sent,1000,
3071,152687080755962,152687080757561,1790295788774861749,152687080773872,152687080878740,104.868,17.91,sent,1000,
3072,152687085755962,152687085758137,1790295788779862336,152687085774488,152687085878405,103.917,18.526,sent,1000,
3073,152687090755962,152687090758862,1790295788784863090,152687090775473,152687090881494,106.021,19.511,sent,1000,
3074,152687095755962,152687095757805,1790295788789861994,152687095775228,152687095881399,106.171,19.266,sent,1000,
3075,152687100755962,152687100757891,1790295788794862049,152687100774212,152687100878259,104.047,18.25,sent,1000,
3076,152687105755962,152687105758877,1790295788799863186,152687105775479,152687105879225,103.746,19.517,sent,1000,
3077,152687110755962,152687110757779,1790295788804862007,152687110774470,152687110875492,101.022,18.508,sent,1000,
3078,152687115755962,152687115757924,1790295788809862143,152687115774015,152687115880046,106.031,18.053,sent,1000,
3079,152687120755962,152687120758551,1790295788814862719,152687120775232,152687120878648,103.416,19.27,sent,1000,
3080,152687125755962,152687125758336,1790295788819862615,152687125773815,152687125870849,97.034,17.853,sent,1000,
3081,152687130755962,152687130756917,1790295788824860475,152687130766075,152687130825187,59.112,10.113,sent,1000,
3082,152687135755962,152687135756662,1790295788829859668,152687135760338,152687135785817,25.479,4.376,sent,1000,
3083,152687140755962,152687140758530,1790295788834862699,152687140775412,152687140880792,105.38,19.45,sent,1000,
3084,152687145755962,152687145758215,1790295788839862354,152687145775127,152687145878944,103.817,19.165,sent,1000,
3085,152687150755962,152687150757848,1790295788844862036,152687150774389,152687150878075,103.686,18.427,sent,1000,
3086,152687155755962,152687155757933,1790295788849862753,152687155774985,152687155879173,104.188,19.023,sent,1000,
3087,152687160755962,152687160757508,1790295788854861726,152687160767186,152687160827170,59.984,11.224,sent,1000,
3088,152687165755962,152687165757864,1790295788859862072,152687165774225,152687165877240,103.015,18.263,sent,1000,
3089,152687170755962,152687170758540,1790295788864862679,152687170774781,152687170878548,103.767,18.819,sent,1000,
3090,152687175755962,152687175758734,1790295788869862953,152687175775997,152687175882368,106.371,20.035,sent,1000,
3091,152687180755962,152687180757727,1790295788874861886,152687180774599,152687180880801,106.202,18.637,sent,1000,
3092,152687185755962,152687185758194,1790295788879862372,152687185774695,152687185877850,103.155,18.733,sent,1000,
3093,152687190755962,152687190758670,1790295788884862878,152687190774951,152687190879118,104.167,18.989,sent,1000,
3094,152687195755962,152687195757992,1790295788889862121,152687195775115,152687195875505,100.39,19.153,sent,1000,
3095,152687200755962,152687200757998,1790295788894862186,152687200774519,152687200878767,104.248,18.557,sent,1000,
3096,152687205755962,152687205757923,1790295788899862663,152687205774715,152687205877930,103.215,18.753,sent,1000,
3097,152687210755962,152687210758309,1790295788904862788,152687210774950,152687210877906,102.956,18.988,sent,1000,
3098,152687215755962,152687215757822,1790295788909862031,152687215774885,152687215878651,103.766,18.923,sent,1000,
3099,152687220755962,152687220758499,1790295788914862728,152687220775812,152687220879158,103.346,19.85,sent,1000,
3100,152687225755962,152687225757853,1790295788919861851,152687225767381,152687225825391,58.01,11.419,sent,1000,
3101,152687230755962,152687230757748,1790295788924862047,152687230774820,152687230878858,104.038,18.858,sent,1000,
3102,152687235755962,152687235758372,1790295788929862581,152687235773952,152687235877518,103.566,17.99,sent,1000,
3103,152687240755962,152687240758348,1790295788934862546,152687240774879,152687240878756,103.877,18.917,sent,1000,
3104,152687245755962,152687245757461,1790295788939861339,152687245766869,152687245818948,52.079,10.907,sent,1000,
3105,152687250755962,152687250757697,1790295788944861936,152687250774629,152687250877073,102.444,18.667,sent,1000,
3106,152687255755962,152687255758372,1790295788949862581,152687255774833,152687255877257,102.424,18.871,sent,1000,
3107,152687260755962,152687260758397,1790295788954862626,152687260773626,152687260875740,102.114,17.664,sent,1000,
3108,152687265755962,152687265758042,1790295788959862331,152687265774724,152687265879683,104.959,18.762,sent,1000,
3109,152687270755962,152687270758288,1790295788964862487,152687270774609,152687270879648,105.039,18.647,sent,1000,
3110,152687275755962,152687275758882,1790295788969863141,152687275776325,152687275882436,106.111,20.363,sent,1000,
3111,152687280755962,152687280757815,1790295788974862064,152687280774557,152687280879817,105.26,18.595,sent,1000,
3112,152687285755962,152687285757981,1790295788979862160,152687285774623,152687285878740,104.117,18.661,sent,1000,
3113,152687290755962,152687290758898,1790295788984863107,152687290775640,152687290881651,106.011,19.678,sent,1000,
3114,152687295755962,152687295758140,1790295788989862379,152687295774781,152687295879340,104.559,18.819,sent,1000,
3115,152687300755962,152687300757785,1790295788994862083,152687300773745,152687300879094,105.349,17.783,sent,1000,
3116,152687305755962,152687305758361,1790295788999862820,152687305774672,152687305875112,100.44,18.71,sent,1000,
3117,152687310755962,152687310758176,1790295789004862956,152687310775429,152687310880318,104.889,19.467,sent,1000,
3118,152687315755962,152687315757208,1790295789009861958,152687315772186,152687315868719,96.533,16.224,sent,1000,
3119,152687320755962,152687320758355,1790295789014862614,152687320774406,152687320876038,101.632,18.444,sent,1000,
3120,152687325755962,152687325757980,1790295789019861578,152687325767338,152687325826720,59.382,11.376,sent,1000,
3121,152687330755962,152687330757274,1790295789024860802,152687330766542,152687330827908,61.366,10.58,sent,1000,
3122,152687335755962,152687335758240,1790295789029862459,152687335775432,152687335879510,104.078,19.47,sent,1000,
3123,152687340755962,152687340758646,1790295789034862845,152687340775277,152687340879214,103.937,19.315,sent,1000,
3124,152687345755962,152687345758671,1790295789039862930,152687345776044,152687345881664,105.62,20.082,sent,1000,
3125,152687350755962,152687350757655,1790295789044861904,152687350773815,152687350876991,103.176,17.853,sent,1000,
3126,152687355755962,152687355758472,1790295789049862690,152687355775173,152687355877557,102.384,19.211,sent,1000,
3127,152687360755962,152687360758585,1790295789054862784,152687360774936,152687360877450,102.514,18.974,sent,1000,
3128,152687365755962,152687365757478,1790295789059861617,152687365774380,152687365876845,102.465,18.418,sent,1000,
3129,152687370755962,152687370758365,1790295789064862584,152687370774366,152687370878844,104.478,18.404,sent,1000,
3130,152687375755962,152687375758922,1790295789069863080,152687375774682,152687375876524,101.842,18.72,sent,1000,
3131,152687380755962,152687380757983,1790295789074862222,152687380774825,152687380877109,102.284,18.863,sent,1000,
3132,152687385755962,152687385757888,1790295789079862077,152687385774500,152687385877585,103.085,18.538,sent,1000,
3133,152687390755962,152687390758535,1790295789084862714,152687390774976,152687390878592,103.616,19.014,sent,1000,
3134,152687395755962,152687395758400,1790295789089862999,152687395774280,152687395873057,98.777,18.318,sent,1000,
3135,152687400755962,152687400757922,1790295789094862131,152687400774704,152687400878761,104.057,18.742,sent,1000,
3136,152687405755962,152687405758849,1790295789099863118,152687405775280,152687405880049,104.769,19.318,sent,1000,
3137,152687410755962,152687410758484,1790295789104862773,152687410774464,152687410879243,104.779,18.502,sent,1000,
3138,152687415755962,152687415757828,1790295789109862066,152687415774179,152687415877074,102.895,18.217,sent,1000,
3139,152687420755962,152687420758162,1790295789114862370,152687420774603,152687420879512,104.909,18.641,sent,1000,
3140,152687425755962,152687425758678,1790295789119862997,152687425775430,152687425881280,105.85,19.468,sent,1000,
3141,152687430755962,152687430757912,1790295789124862141,152687430774934,152687430879132,104.198,18.972,sent,1000,
3142,152687435755962,152687435757506,1790295789129861385,152687435767495,152687435826006,58.511,11.533,sent,1000,
3143,152687440755962,152687440757981,1790295789134862921,152687440774903,152687440879962,105.059,18.941,sent,1000,
3144,152687445755962,152687445757886,1790295789139861423,152687445767104,152687445826456,59.352,11.142,sent,1000,
3145,152687450755962,152687450757180,1790295789144860768,152687450766668,152687450825620,58.952,10.706,sent,1000,
3146,152687455755962,152687455758117,1790295789149862326,152687455774128,152687455879137,105.009,18.166,sent,1000,
3147,152687460755962,152687460757980,1790295789154861859,152687460767368,152687460826330,58.962,11.406,sent,1000,
3148,152687465755962,152687465757785,1790295789159862004,152687465774006,152687465877522,103.516,18.044,sent,1000,
3149,152687470755962,152687470758162,1790295789164862380,152687470774493,152687470878550,104.057,18.531,sent,1000,
3150,152687475755962,152687475757806,1790295789169862646,152687475775029,152687475879547,104.518,19.067,sent,1000,
3151,152687480755962,152687480757910,1790295789174862088,152687480774421,152687480878438,104.017,18.459,sent,1000,
3152,152687485755962,152687485757825,1790295789179861974,152687485774637,152687485877662,103.025,18.675,sent,1000,
3153,152687490755962,152687490758802,1790295789184862931,152687490775233,152687490879822,104.589,19.271,sent,1000,
3154,152687495755962,152687495757465,1790295789189861704,152687495773415,152687495877432,104.017,17.453,sent,1000,
3155,152687500755962,152687500757781,1790295789194861940,152687500773701,152687500877658,103.957,17.739,sent,1000,
3156,152687505755962,152687505758245,1790295789199862494,152687505775528,152687505878453,102.925,19.566,sent,1000,
3157,152687510755962,152687510758621,1790295789204862820,152687510775002,152687510880743,105.741,19.04,sent,1000,
3158,152687515755962,152687515757975,1790295789209862254,152687515775298,152687515878654,103.356,19.336,sent,1000,
3159,152687520755962,152687520756899,1790295789214860446,152687520766206,152687520823906,57.7,10.244,sent,1000,
3160,152687525755962,152687525756934,1790295789219861022,152687525763677,152687525800296,36.619,7.715,sent,1000,
3161,152687530755962,152687530756699,1790295789224859705,152687530760336,152687530784932,24.596,4.374,sent,1000,
3162,152687535755962,152687535756514,1790295789229859510,152687535759630,152687535783195,23.565,3.668,sent,1000,
3163,152687540755962,152687540756649,1790295789234859666,152687540759805,152687540787037,27.232,3.843,sent,1000,
3164,152687545755962,152687545756493,1790295789239859499,152687545759599,152687545783925,24.326,3.637,sent,1000,
3165,152687550755962,152687550756669,1790295789244859675,152687550759805,152687550784091,24.286,3.843,sent,1000,
3166,152687555755962,152687555758517,1790295789249862696,152687555774738,152687555882122,107.384,18.776,sent,1000,
3167,152687560755962,152687560758252,1790295789254863182,152687560775124,152687560879291,104.167,19.162,sent,1000,
3168,152687565755962,152687565757875,1790295789259862083,152687565775067,152687565882120,107.053,19.105,sent,1000,
3169,152687570755962,152687570758180,1790295789264862399,152687570774872,152687570883578,108.706,18.91,sent,1000,
3170,152687575755962,152687575758847,1790295789269862986,152687575775679,152687575884044,108.365,19.717,sent,1000,
3171,152687580755962,152687580758231,1790295789274862600,152687580774903,152687580881174,106.271,18.941,sent,1000,
3172,152687585755962,152687585758367,1790295789279862556,152687585774828,152687585879947,105.119,18.866,sent,1000,
3173,152687590755962,152687590758623,1790295789284863092,152687590776006,152687590878630,102.624,20.044,sent,1000,
3174,152687595755962,152687595758448,1790295789289862656,152687595774648,152687595879778,105.13,18.686,sent,1000,
3175,152687600755962,152687600757842,1790295789294862161,152687600773822,152687600879402,105.58,17.86,sent,1000,
3176,152687605755962,152687605758437,1790295789299862896,152687605777713,152687605883634,105.921,21.751,sent,1000,
3177,152687610755962,152687610757841,1790295789304861880,152687610769503,152687610830028,60.525,13.541,sent,1000,
3178,152687615755962,152687615756875,1790295789309860422,152687615766132,152687615847496,81.364,10.17,sent,1000,
3179,152687620755962,152687620758543,1790295789314862782,152687620775034,152687620878420,103.386,19.072,sent,1000,
3180,152687625755962,152687625758576,1790295789319863046,152687625775178,152687625877923,102.745,19.216,sent,1000,
3181,152687630755962,152687630758391,1790295789324862730,152687630775624,152687630875824,100.2,19.662,sent,1000,
3182,152687635755962,152687635757716,1790295789329861353,152687635766753,152687635824753,58.0,10.791,sent,1000,
3183,152687640755962,152687640757801,1790295789334862511,152687640776787,152687640842482,65.695,20.825,sent,1000,
3184,152687645755962,152687645756314,1790295789339859240,152687645758287,152687645772384,14.097,2.325,sent,1000,
3185,152687650755962,152687650756289,1790295789344859235,152687650759164,152687650777940,18.776,3.202,sent,1000,
3186,152687655755962,152687655758248,1790295789349862487,152687655775030,152687655880961,105.931,19.068,sent,1000,
3187,152687660755962,152687660756560,1790295789354859567,152687660760558,152687660785695,25.137,4.596,sent,1000,
3188,152687665755962,152687665756645,1790295789359859671,152687665759961,152687665787103,27.142,3.999,sent,1000,
3189,152687670755962,152687670757591,1790295789364861128,152687670766959,152687670826432,59.473,10.997,sent,1000,
3190,152687675755962,152687675758298,1790295789369862747,152687675774959,152687675879527,104.568,18.997,sent,1000,
3191,152687680755962,152687680757572,1790295789374861099,152687680766569,152687680826322,59.753,10.607,sent,1000,
3192,152687685755962,152687685758308,1790295789379862557,152687685775621,152687685878526,102.905,19.659,sent,1000,
3193,152687690755962,152687690757370,1790295789384861589,152687690767229,152687690826241,59.012,11.267,sent,1000,
3194,152687695755962,152687695758959,1790295789389863227,152687695775700,152687695878465,102.765,19.738,sent,1000,
3195,152687700755962,152687700757371,1790295789394861780,152687700773892,152687700878831,104.939,17.93,sent,1000,
3196,152687705755962,152687705758378,1790295789399862697,152687705775771,152687705880299,104.528,19.809,sent,1000,
3197,152687710755962,152687710758090,1790295789404862550,152687710775103,152687710880021,104.918,19.141,sent,1000,
3198,152687715755962,152687715757715,1790295789409861884,152687715775268,152687715879656,104.388,19.306,sent,1000,
3199,152687720755962,152687720758221,1790295789414862430,152687720775254,152687720877147,101.893,19.292,sent,1000,
3200,152687725755962,152687725758307,1790295789419863247,152687725775650,152687725879737,104.087,19.688,sent,1000,
3201,152687730755962,152687730758503,1790295789424862671,152687730774984,152687730877899,102.915,19.022,sent,1000,
3202,152687735755962,152687735757887,1790295789429862055,152687735774378,152687735878776,104.398,18.416,sent,1000,
3203,152687740755962,152687740758744,1790295789434862892,152687740775115,152687740882849,107.734,19.153,sent,1000,
3204,152687745755962,152687745758368,1790295789439862817,152687745775170,152687745878837,103.667,19.208,sent,1000,
3205,152687750755962,152687750757610,1790295789444862300,152687750774041,152687750878639,104.598,18.079,sent,1000,
3206,152687755755962,152687755758497,1790295789449862966,152687755775129,152687755877623,102.494,19.167,sent,1000,
3207,152687760755962,152687760757841,1790295789454862150,152687760775164,152687760885062,109.898,19.202,sent,1000,
3208,152687765755962,152687765757887,1790295789459862065,152687765773827,152687765876000,102.173,17.865,sent,1000,
3209,152687770755962,152687770757960,1790295789464862119,152687770774612,152687770879901,105.289,18.65,sent,1000,
3210,152687775755962,152687775758506,1790295789469862996,152687775775949,152687775879586,103.637,19.987,sent,1000,
3211,152687780755962,152687780757810,1790295789474862400,152687780774793,152687780877287,102.494,18.831,sent,1000,
3212,152687785755962,152687785757926,1790295789479862075,152687785774698,152687785879837,105.139,18.736,sent,1000,
3213,152687790755962,152687790758831,1790295789484863100,152687790776324,152687790879480,103.156,20.362,sent,1000,
3214,152687795755962,152687795757614,1790295789489861873,152687795774115,152687795877722,103.607,18.153,sent,1000,
3215,152687800755962,152687800757459,1790295789494861768,152687800774231,152687800879390,105.159,18.269,sent,1000,
3216,152687805755962,152687805758186,1790295789499862374,152687805774066,152687805879115,105.049,18.104,sent,1000,
3217,152687810755962,152687810758271,1790295789504862720,152687810775905,152687810879701,103.796,19.943,sent,1000,
3218,152687815755962,152687815757783,1790295789509861942,152687815774245,152687815879524,105.279,18.283,sent,1000,
3219,152687820755962,152687820757939,1790295789514862198,152687820774190,152687820878898,104.708,18.228,sent,1000,
3220,152687825755962,152687825758535,1790295789519862754,152687825775538,152687825881408,105.87,19.576,sent,1000,
3221,152687830755962,152687830758398,1790295789524862597,152687830775200,152687830879358,104.158,19.238,sent,1000,
3222,152687835755962,152687835758213,1790295789529862462,152687835775276,152687835878962,103.686,19.314,sent,1000,
3223,152687840755962,152687840758048,1790295789534862077,152687840797293,152687840898394,101.101,41.331,sent,1000,
3224,152687845755962,152687845758445,1790295789539862924,152687845775016,152687845878252,103.236,19.054,sent,1000,
3225,152687850755962,152687850757617,1790295789544861856,152687850773958,152687850878827,104.869,17.996,sent,1000,
3226,152687855755962,152687855757882,1790295789549861410,152687855767040,152687855825641,58.601,11.078,sent,1000,
3227,152687860755962,152687860757607,1790295789554861956,152687860776363,152687860879568,103.205,20.401,sent,1000,
3228,152687865755962,152687865757683,1790295789559861210,152687865766810,152687865825842,59.032,10.848,sent,1000,
3229,152687870755962,152687870757487,1790295789564861345,152687870766884,152687870827670,60.786,10.922,sent,1000,
3230,152687875755962,152687875758964,1790295789569863173,152687875775576,152687875879733,104.157,19.614,sent,1000,
3231,152687880755962,152687880758378,1790295789574862517,152687880775050,152687880879398,104.348,19.088,sent,1000,
3232,152687885755962,152687885756630,1790295789579859637,152687885760117,152687885784634,24.517,4.155,sent,1000,
3233,152687890755962,152687890757817,1790295789584861454,152687890767024,152687890826226,59.202,11.062,sent,1000,
3234,152687895755962,152687895758974,1790295789589863163,152687895774804,152687895878480,103.676,18.842,sent,1000,
3235,152687900755962,152687900757817,1790295789594862076,152687900774138,152687900873045,98.907,18.176,sent,1000,
3236,152687905755962,152687905758253,1790295789599862472,152687905775075,152687905877589,102.514,19.113,sent,1000,
3237,152687910755962,152687910758879,1790295789604863107,152687910775310,152687910879828,104.518,19.348,sent,1000,
3238,152687915755962,152687915758453,1790295789609862701,152687915775325,152687915878681,103.356,19.363,sent,1000,
3239,152687920755962,152687920757937,1790295789614862146,152687920774348,152687920877303,102.955,18.386,sent,1000,
3240,152687925755962,152687925758654,1790295789619862852,152687925775466,152687925880946,105.48,19.504,sent,1000,
3241,152687930755962,152687930757798,1790295789624862146,152687930777375,152687930887193,109.818,21.413,sent,1000,
3242,152687935755962,152687935756348,1790295789629859305,152687935760186,152687935781937,21.751,4.224,sent,1000,
3243,152687940755962,152687940756724,1790295789634859721,152687940760211,152687940787062,26.851,4.249,sent,1000,
3244,152687945755962,152687945756840,1790295789639859836,152687945760257,152687945783641,23.384,4.295,sent,1000,
3245,152687950755962,152687950756665,1790295789644859671,152687950759821,152687950785780,25.959,3.859,sent,1000,
3246,152687955755962,152687955756508,1790295789649859515,152687955759594,152687955783580,23.986,3.632,sent,1000,
3247,152687960755962,152687960756614,1790295789654859620,152687960759770,152687960783936,24.166,3.808,sent,1000,
3248,152687965755962,152687965757481,1790295789659861018,152687965766708,152687965824758,58.05,10.746,sent,1000,
3249,152687970755962,152687970758147,1790295789664862336,152687970774879,152687970880489,105.61,18.917,sent,1000,
3250,152687975755962,152687975758972,1790295789669863171,152687975775183,152687975877356,102.173,19.221,sent,1000,
3251,152687980755962,152687980758537,1790295789674862835,152687980774527,152687980879265,104.738,18.565,sent,1000,
3252,152687985755962,152687985757821,1790295789679862039,152687985774793,152687985876475,101.682,18.831,sent,1000,
3253,152687990755962,152687990758838,1790295789684863237,152687990775149,152687990879116,103.967,19.187,sent,1000,
3254,152687995755962,152687995758761,1790295789689862990,152687995775823,152687995879149,103.326,19.861,sent,1000,
3255,152688000755962,152688000757413,1790295789694861813,152688000773985,152688000877341,103.356,18.023,sent,1000,
3256,152688005755962,152688005757770,1790295789699861307,152688005767227,152688005828443,61.216,11.265,sent,1000,
3257,152688010755962,152688010758496,1790295789704863376,152688010775809,152688010883383,107.574,19.847,sent,1000,
3258,152688015755962,152688015758230,1790295789709862508,152688015776013,152688015879950,103.937,20.051,sent,1000,
3259,152688020755962,152688020757844,1790295789714862063,152688020775277,152688020878332,103.055,19.315,sent,1000,
3260,152688025755962,152688025757549,1790295789719861768,152688025767157,152688025824456,57.299,11.195,sent,1000,
3261,152688030755962,152688030756643,1790295789724859649,152688030760580,152688030785527,24.947,4.618,sent,1000,
3262,152688035755962,152688035756536,1790295789729859532,152688035759772,152688035783257,23.485,3.81,sent,1000,
3263,152688040755962,152688040756621,1790295789734859638,152688040759777,152688040785166,25.389,3.815,sent,1000,
3264,152688045755962,152688045757128,1790295789739860685,152688045766706,152688045821329,54.623,10.744,sent,1000,
3265,152688050755962,152688050757464,1790295789744861662,152688050774095,152688050876499,102.404,18.133,sent,1000,
3266,152688055755962,152688055758409,1790295789749862758,152688055776133,152688055881933,105.8,20.171,sent,1000,
3267,152688060755962,152688060758324,1790295789754862593,152688060774886,152688060879935,105.049,18.924,sent,1000,
3268,152688065755962,152688065757358,1790295789759860925,152688065766876,152688065828403,61.527,10.914,sent,1000,
3269,152688070755962,152688070758355,1790295789764862604,152688070775037,152688070882521,107.484,19.075,sent,1000,
3270,152688075755962,152688075758521,1790295789769862980,152688075775233,152688075881253,106.02,19.271,sent,1000,
3271,152688080755962,152688080758394,1790295789774863504,152688080775817,152688080883140,107.323,19.855,sent,1000,
3272,152688085755962,152688085757347,1790295789779861456,152688085772977,152688085869310,96.333,17.015,sent,1000,
3273,152688090755962,152688090769095,1790295789784873294,152688090785747,152688090894974,109.227,29.785,sent,1000,
3274,152688095755962,152688095758841,1790295789789863100,152688095776224,152688095883287,107.063,20.262,sent,1000,
3275,152688100755962,152688100756510,1790295789794859537,152688100759826,152688100783561,23.735,3.864,sent,1000,
3276,152688105755962,152688105756556,1790295789799859572,152688105759671,152688105782966,23.295,3.709,sent,1000,
3277,152688110755962,152688110756561,1790295789804859567,152688110759727,152688110783171,23.444,3.765,sent,1000,
3278,152688115755962,152688115757969,1790295789809862138,152688115774711,152688115879279,104.568,18.749,sent,1000,
3279,152688120755962,152688120757872,1790295789814862211,152688120774874,152688120877940,103.066,18.912,sent,1000,
3280,152688125755962,152688125758078,1790295789819862767,152688125774509,152688125887653,113.144,18.547,sent,1000,
3281,152688130755962,152688130758694,1790295789824862903,152688130775286,152688130879083,103.797,19.324,sent,1000,
3282,152688135755962,152688135757497,1790295789829861977,152688135774199,152688135876543,102.344,18.237,sent,1000,
3283,152688140755962,152688140758683,1790295789834862862,152688140774884,152688140878340,103.456,18.922,sent,1000,
3284,152688145755962,152688145758588,1790295789839863087,152688145774929,152688145878836,103.907,18.967,sent,1000,
3285,152688150755962,152688150757541,1790295789844861680,152688150774484,152688150876797,102.313,18.522,sent,1000,
3286,152688155755962,152688155758288,1790295789849862497,152688155775331,152688155879929,104.598,19.369,sent,1000,
3287,152688160755962,152688160758522,1790295789854862971,152688160775084,152688160878109,103.025,19.122,sent,1000,
3288,152688165755962,152688165757876,1790295789859861414,152688165766773,152688165825224,58.451,10.811,sent,1000,
3289,152688170755962,152688170757301,1790295789864860818,152688170766318,152688170825259,58.941,10.356,sent,1000,
3290,152688175755962,152688175759069,1790295789869863268,152688175774689,152688175879507,104.818,18.727,sent,1000,
3291,152688180755962,152688180758712,1790295789874863081,152688180775263,152688180884079,108.816,19.301,sent,1000,
3292,152688185755962,152688185758056,1790295789879862245,152688185774337,152688185871511,97.174,18.375,sent,1000,
3293,152688190755962,152688190758672,1790295789884863102,152688190775444,152688190878620,103.176,19.482,sent,1000,
3294,152688195755962,152688195758477,1790295789889862706,152688195775970,152688195880338,104.368,20.008,sent,1000,
3295,152688200755962,152688200757288,1790295789894861437,152688200773008,152688200873308,100.3,17.046,sent,1000,
3296,152688205755962,152688205756653,1790295789899859659,152688205760199,152688205785097,24.898,4.237,sent,1000,
3297,152688210755962,152688210757560,1790295789904861418,152688210766857,152688210826540,59.683,10.895,sent,1000,
3298,152688215755962,152688215758367,1790295789909862475,152688215774537,152688215879115,104.578,18.575,sent,1000,
3299,152688220755962,152688220757791,1790295789914862009,152688220774312,152688220877868,103.556,18.35,sent,1000,
3300,152688225755962,152688225758316,1790295789919862554,152688225774126,152688225872793,98.667,18.164,sent,1000,
3301,152688230755962,152688230757610,1790295789924862189,152688230767849,152688230826991,59.142,11.887,sent,1000,
3302,152688235755962,152688235757575,1790295789929861784,152688235773114,152688235873214,100.1,17.152,sent,1000,
3303,152688240755962,152688240758321,1790295789934862500,152688240774953,152688240876515,101.562,18.991,sent,1000,
3304,152688245755962,152688245759097,1790295789939863285,152688245776049,152688245882060,106.011,20.087,sent,1000,
3305,152688250755962,152688250757589,1790295789944861097,152688250766947,152688250825999,59.052,10.985,sent,1000,
3306,152688255755962,152688255758056,1790295789949862294,152688255774487,152688255879035,104.548,18.525,sent,1000,
3307,152688260755962,152688260758612,1790295789954863111,152688260775634,152688260882627,106.993,19.672,sent,1000,
3308,152688265755962,152688265757974,1790295789959861491,152688265766670,152688265825332,58.662,10.708,sent,1000,
3309,152688270755962,152688270757789,1790295789964861978,152688270774471,152688270877586,103.115,18.509,sent,1000,
3310,152688275755962,152688275758205,1790295789969862684,152688275774736,152688275880136,105.4,18.774,sent,1000,
3311,152688280755962,152688280758772,1790295789974862960,152688280775423,152688280880142,104.719,19.461,sent,1000,
3312,152688285755962,152688285757755,1790295789979861934,152688285774186,152688285879005,104.819,18.224,sent,1000,
3313,152688290755962,152688290758301,1790295789984862771,152688290775173,152688290879932,104.759,19.211,sent,1000,
3314,152688295755962,152688295758317,1790295789989862766,152688295775459,152688295879617,104.158,19.497,sent,1000,
3315,152688300755962,152688300756639,1790295789994859645,152688300760827,152688300787978,27.151,4.865,sent,1000,
3316,152688305755962,152688305757865,1790295789999862064,152688305773505,152688305876239,102.734,17.543,sent,1000,
3317,152688310755962,152688310758632,1790295790004863381,152688310775574,152688310880272,104.698,19.612,sent,1000,
3318,152688315755962,152688315758026,1790295790009862184,152688315772724,152688315866702,93.978,16.762,sent,1000,
3319,152688320755962,152688320757710,1790295790014861899,152688320773270,152688320877187,103.917,17.308,sent,1000,
3320,152688325755962,152688325756863,1790295790019860741,152688325766241,152688325824451,58.21,10.279,sent,1000,
3321,152688330755962,152688330756537,1790295790024859554,152688330759934,152688330784150,24.216,3.972,sent,1000,
3322,152688335755962,152688335756603,1790295790029859609,152688335759759,152688335783774,24.015,3.797,sent,1000,
3323,152688340755962,152688340758231,1790295790034862681,152688340774562,152688340878439,103.877,18.6,sent,1000,
3324,152688345755962,152688345757965,1790295790039861493,152688345767373,152688345826435,59.062,11.411,sent,1000,
3325,152688350755962,152688350757429,1790295790044861006,152688350766777,152688350824877,58.1,10.815,sent,1000,
3326,152688355755962,152688355757955,1790295790049862164,152688355774967,152688355881850,106.883,19.005,sent,1000,
3327,152688360755962,152688360757880,1790295790054861899,152688360767148,152688360826240,59.092,11.186,sent,1000,
3328,152688365755962,152688365757855,1790295790059861563,152688365767062,152688365824712,57.65,11.1,sent,1000,
3329,152688370755962,152688370757318,1790295790064860896,152688370766416,152688370824987,58.571,10.454,sent,1000,
3330,152688375755962,152688375757845,1790295790069862705,152688375775107,152688375879365,104.258,19.145,sent,1000,
3331,152688380755962,152688380758331,1790295790074862460,152688380774912,152688380878028,103.116,18.95,sent,1000,
3332,152688385755962,152688385756693,1790295790079860150,152688385764878,152688385796378,31.5,8.916,sent,1000,
3333,152688390755962,152688390758559,1790295790084863109,152688390775912,152688390881002,105.09,19.95,sent,1000,
3334,152688395755962,152688395756681,1790295790089859688,152688395760799,152688395787780,26.981,4.837,sent,1000,
3335,152688400755962,152688400757709,1790295790094862017,152688400775673,152688400869310,93.637,19.711,sent,1000,
3336,152688405755962,152688405756582,1790295790099859588,152688405760329,152688405784685,24.356,4.367,sent,1000,
3337,152688410755962,152688410757759,1790295790104861407,152688410766296,152688410819306,53.01,10.334,sent,1000,
3338,152688415755962,152688415756583,1790295790109859589,152688415760239,152688415785257,25.018,4.277,sent,1000,
3339,152688420755962,152688420757710,1790295790114861839,152688420773871,152688420879010,105.139,17.909,sent,1000,
3340,152688425755962,152688425757815,1790295790119861432,152688425767092,152688425826765,59.673,11.13,sent,1000,
3341,152688430755962,152688430757789,1790295790124861387,152688430766766,152688430825608,58.842,10.804,sent,1000,
3342,152688435755962,152688435757784,1790295790129861933,152688435773835,152688435877481,103.646,17.873,sent,1000,
3343,152688440755962,152688440759122,1790295790134863321,152688440776095,152688440879180,103.085,20.133,sent,1000,
3344,152688445755962,152688445757564,1790295790139861432,152688445767593,152688445826865,59.272,11.631,sent,1000,
3345,152688450755962,152688450758450,1790295790144862649,152688450774220,152688450874670,100.45,18.258,sent,1000,
3346,152688455755962,152688455758065,1790295790149862253,152688455773985,152688455878483,104.498,18.023,sent,1000,
3347,152688460755962,152688460757970,1790295790154861948,152688460767568,152688460826119,58.551,11.606,sent,1000,
3348,152688465755962,152688465757444,1790295790159861493,152688465767062,152688465826194,59.132,11.1,sent,1000,
3349,152688470755962,152688470756867,1790295790164860405,152688470765814,152688470825067,59.253,9.852,sent,1000,
3350,152688475755962,152688475758525,1790295790169862724,152688475775047,152688475880997,105.95,19.085,sent,1000,
3351,152688480755962,152688480758841,1790295790174863361,152688480775042,152688480879159,104.117,19.08,sent,1000,
3352,152688485755962,152688485757474,1790295790179861051,152688485766722,152688485825222,58.5,10.76,sent,1000,
3353,152688490755962,152688490758220,1790295790184862739,152688490775102,152688490879990,104.888,19.14,sent,1000,
3354,152688495755962,152688495758996,1790295790189863255,152688495776108,152688495879274,103.166,20.146,sent,1000,
3355,152688500755962,152688500758150,1790295790194862408,152688500774100,152688500878618,104.518,18.138,sent,1000,
3356,152688505755962,152688505757614,1790295790199861161,152688505766801,152688505825342,58.541,10.839,sent,1000,
3357,152688510755962,152688510757849,1790295790204861566,152688510767296,152688510826338,59.042,11.334,sent,1000,
3358,152688515755962,152688515758144,1790295790209863264,152688515774335,152688515876458,102.123,18.373,sent,1000,
3359,152688520755962,152688520757558,1790295790214861927,152688520776694,152688520882565,105.871,20.732,sent,1000,
3360,152688525755962,152688525757063,1790295790219860700,152688525764877,152688525806717,41.84,8.915,sent,1000,
3361,152688530755962,152688530756736,1790295790224859763,152688530761595,152688530793646,32.051,5.633,sent,1000,
3362,152688535755962,152688535756611,1790295790229859617,152688535760157,152688535785656,25.499,4.195,sent,1000,
3363,152688540755962,152688540758209,1790295790234862408,152688540774590,152688540879288,104.698,18.628,sent,1000,
3364,152688545755962,152688545758435,1790295790239862002,152688545767652,152688545828197,60.545,11.69,sent,1000,
3365,152688550755962,152688550757577,1790295790244861776,152688550774339,152688550875781,101.442,18.377,sent,1000,
3366,152688555755962,152688555757813,1790295790249862121,152688555773613,152688555877379,103.766,17.651,sent,1000,
3367,152688560755962,152688560758349,1790295790254862948,152688560774610,152688560878677,104.067,18.648,sent,1000,
3368,152688565755962,152688565758314,1790295790259861892,152688565768143,152688565826934,58.791,12.181,sent,1000,
3369,152688570755962,152688570757628,1790295790264861837,152688570773969,152688570880401,106.432,18.007,sent,1000,
3370,152688575755962,152688575759287,1790295790269863565,152688575776880,152688575880717,103.837,20.918,sent,1000,
3371,152688580755962,152688580759119,1790295790274863418,152688580775941,152688580882694,106.753,19.979,sent,1000,
3372,152688585755962,152688585758353,1790295790279862752,152688585774935,152688585880876,105.941,18.973,sent,1000,
3373,152688590755962,152688590758880,1790295790284863128,152688590775321,152688590884698,109.377,19.359,sent,1000,
3374,152688595755962,152688595758773,1790295790289862981,152688595775264,152688595883018,107.754,19.302,sent,1000,
3375,152688600755962,152688600757526,1790295790294861574,152688600773576,152688600870079,96.503,17.614,sent,1000,
3376,152688605755962,152688605757441,1790295790299861589,152688605775004,152688605885724,110.72,19.042,sent,1000,
3377,152688610755962,152688610771433,1790295790304875822,152688610788285,152688610895378,107.093,32.323,sent,1000,
3378,152688615755962,152688615790022,1790295790309894250,152688615806673,152688615911191,104.518,50.711,sent,1000,
3379,152688620755962,152688620757806,1790295790314862005,152688620774127,152688620878264,104.137,18.165,sent,1000,
3380,152688625755962,152688625756649,1790295790319859656,152688625760607,152688625785704,25.097,4.645,sent,1000,
3381,152688630755962,152688630757927,1790295790324861815,152688630767365,152688630883846,116.481,11.403,sent,1000,
3382,152688635755962,152688635758432,1790295790329862610,152688635774422,152688635877517,103.095,18.46,sent,1000,
3383,152688640755962,152688640758216,1790295790334863106,152688640774988,152688640879887,104.899,19.026,sent,1000,
3384,152688645755962,152688645756659,1790295790339859665,152688645760486,152688645785173,24.687,4.524,sent,1000,
3385,152688650755962,152688650757876,1790295790344861735,152688650767505,152688650827108,59.603,11.543,sent,1000,
3386,152688655755962,152688655757259,1790295790349860776,152688655766076,152688655823585,57.509,10.114,sent,1000,
3387,152688660755962,152688660758076,1790295790354862605,152688660774838,152688660885868,111.03,18.876,sent,1000,
3388,152688665755962,152688665758823,1790295790359863071,152688665774853,152688665877137,102.284,18.891,sent,1000,
3389,152688670755962,152688670756904,1790295790364860762,152688670766242,152688670827298,61.056,10.28,sent,1000,
3390,152688675755962,152688675758271,1790295790369862209,152688675767649,152688675826039,58.39,11.687,sent,1000,
3391,152688680755962,152688680758266,1790295790374862585,152688680774687,152688680880237,105.55,18.725,sent,1000,
3392,152688685755962,152688685758241,1790295790379862630,152688685774512,152688685879110,104.598,18.55,sent,1000,
3393,152688690755962,152688690758016,1790295790384862215,152688690796429,152688690898853,102.424,40.467,sent,1000,
3394,152688695755962,152688695758292,1790295790389862841,152688695774954,152688695877338,102.384,18.992,sent,1000,
3395,152688700755962,152688700758316,1790295790394862604,152688700774606,152688700879014,104.408,18.644,sent,1000,
3396,152688705755962,152688705757660,1790295790399861868,152688705773991,152688705878248,104.257,18.029,sent,1000,
3397,152688710755962,152688710756693,1790295790404859700,152688710760601,152688710785959,25.358,4.639,sent,1000,
3398,152688715755962,152688715757881,1790295790409862811,152688715775514,152688715880914,105.4,19.552,sent,1000,
3399,152688720755962,152688720757363,1790295790414861592,152688720775708,152688720875828,100.12,19.746,sent,1000,
3400,152688725755962,152688725756697,1790295790419859704,152688725760955,152688725786564,25.609,4.993,sent,1000,
3401,152688730755962,152688730758827,1790295790424863015,152688730774907,152688730878594,103.687,18.945,sent,1000,
3402,152688735755962,152688735758552,1790295790429862861,152688735776496,152688735881685,105.189,20.534,sent,1000,
3403,152688740755962,152688740758637,1790295790434863096,152688740775419,152688740880087,104.668,19.457,sent,1000,
3404,152688745755962,152688745758170,1790295790439863030,152688745774701,152688745873879,99.178,18.739,sent,1000,
3405,152688750755962,152688750758546,1790295790444862925,152688750775729,152688750880477,104.748,19.767,sent,1000,
3406,152688755755962,152688755757198,1790295790449860735,152688755766846,152688755826018,59.172,10.884,sent,1000,
3407,152688760755962,152688760757592,1790295790454861480,152688760767390,152688760826763,59.373,11.428,sent,1000,
3408,152688765755962,152688765758108,1790295790459861586,152688765766354,152688765819975,53.621,10.392,sent,1000,
3409,152688770755962,152688770757152,1790295790464860679,152688770766449,152688770824650,58.201,10.487,sent,1000,
3410,152688775755962,152688775758520,1790295790469862708,152688775774881,152688775879298,104.417,18.919,sent,1000,
3411,152688780755962,152688780758543,1790295790474863032,152688780775946,152688780882348,106.402,19.984,sent,1000,
3412,152688785755962,152688785758087,1790295790479862216,152688785775120,152688785879077,103.957,19.158,sent,1000,
3413,152688790755962,152688790758283,1790295790484862792,152688790775576,152688790878140,102.564,19.614,sent,1000,
3414,152688795755962,152688795758860,1790295790489863028,152688795775291,152688795882434,107.143,19.329,sent,1000,
3415,152688800755962,152688800758714,1790295790494862963,152688800775015,152688800880235,105.22,19.053,sent,1000,
3416,152688805755962,152688805757756,1790295790499861914,152688805774237,152688805877683,103.446,18.275,sent,1000,
3417,152688810755962,152688810758853,1790295790504863042,152688810775745,152688810879883,104.138,19.783,sent,1000,
3418,152688815755962,152688815758829,1790295790509863037,152688815775430,152688815878786,103.356,19.468,sent,1000,
3419,152688820755962,152688820757802,1790295790514861971,152688820774644,152688820878260,103.616,18.682,sent,1000,
3420,152688825755962,152688825758108,1790295790519863258,152688825775521,152688825880410,104.889,19.559,sent,1000,
3421,152688830755962,152688830758564,1790295790524863073,152688830776318,152688830881387,105.069,20.356,sent,1000,
3422,152688835755962,152688835758590,1790295790529862848,152688835774900,152688835878908,104.008,18.938,sent,1000,
3423,152688840755962,152688840758454,1790295790534862643,152688840775106,152688840878772,103.666,19.144,sent,1000,
3424,152688845755962,152688845756585,1790295790539859601,152688845760111,152688845783806,23.695,4.149,sent,1000,
3425,152688850755962,152688850758824,1790295790544863063,152688850774985,152688850879223,104.238,19.023,sent,1000,
3426,152688855755962,152688855756856,1790295790549860373,152688855766174,152688855824334,58.16,10.212,sent,1000,
3427,152688860755962,152688860758865,1790295790554863044,152688860775356,152688860878512,103.156,19.394,sent,1000,
3428,152688865755962,152688865757817,1790295790559861364,152688865766043,152688865821247,55.204,10.081,sent,1000,
3429,152688870755962,152688870756680,1790295790564860198,152688870764846,152688870818026,53.18,8.884,sent,1000,
3430,152688875755962,152688875757537,1790295790569861395,152688875766885,152688875827249,60.364,10.923,sent,1000,
3431,152688880755962,152688880756701,1790295790574859717,152688880760428,152688880785656,25.228,4.466,sent,1000,
3432,152688885755962,152688885758327,1790295790579862626,152688885774969,152688885877463,102.494,19.007,sent,1000,
3433,152688890755962,152688890757811,1790295790584861479,152688890767059,152688890826942,59.883,11.097,sent,1000,
3434,152688895755962,152688895758588,1790295790589862827,152688895774348,152688895877754,103.406,18.386,sent,1000,
3435,152688900755962,152688900758433,1790295790594862652,152688900775015,152688900877779,102.764,19.053,sent,1000,
3436,152688905755962,152688905757757,1790295790599862207,152688905774800,152688905879368,104.568,18.838,sent,1000,
3437,152688910755962,152688910757783,1790295790604861651,152688910767030,152688910824790,57.76,11.068,sent,1000,
3438,152688915755962,152688915757608,1790295790609861786,152688915775201,152688915872726,97.525,19.239,sent,1000,
3439,152688920755962,152688920757784,1790295790614861972,152688920774275,152688920876148,101.873,18.313,sent,1000,
3440,152688925755962,152688925757488,1790295790619861706,152688925767396,152688925825887,58.491,11.434,sent,1000,
3441,152688930755962,152688930757382,1790295790624860889,152688930766629,152688930825441,58.812,10.667,sent,1000,
3442,152688935755962,152688935756746,1790295790629859762,152688935762306,152688935794027,31.721,6.344,sent,1000,
3443,152688940755962,152688940756671,1790295790634859688,152688940760037,152688940785526,25.489,4.075,sent,1000,
3444,152688945755962,152688945756565,1790295790639859572,152688945760082,152688945783206,23.124,4.12,sent,1000,
3445,152688950755962,152688950756680,1790295790644859686,152688950760237,152688950786296,26.059,4.275,sent,1000,
3446,152688955755962,152688955756685,1790295790649859692,152688955759831,152688955783496,23.665,3.869,sent,1000,
3447,152688960755962,152688960756480,1790295790654859497,152688960759807,152688960784664,24.857,3.845,sent,1000,
3448,152688965755962,152688965758288,1790295790659861946,152688965767466,152688965827039,59.573,11.504,sent,1000,
3449,152688970755962,152688970756650,1790295790664859656,152688970760196,152688970785144,24.948,4.234,sent,1000,
3450,152688975755962,152688975758468,1790295790669862697,152688975775150,152688975879117,103.967,19.188,sent,1000,
3451,152688980755962,152688980756701,1790295790674859717,152688980760828,152688980786377,25.549,4.866,sent,1000,
3452,152688985755962,152688985758328,1790295790679862597,152688985774539,152688985878596,104.057,18.577,sent,1000,
3453,152688990755962,152688990758592,1790295790684862811,152688990774823,152688990881204,106.381,18.861,sent,1000,
3454,152688995755962,152688995757545,1790295790689862706,152688995775369,152688995877893,102.524,19.407,sent,1000,
3455,152689000755962,152689000757390,1790295790694861709,152689000773842,152689000875745,101.903,17.88,sent,1000,
3456,152689005755962,152689005757656,1790295790699861865,152689005774919,152689005879076,104.157,18.957,sent,1000,
3457,152689010755962,152689010758513,1790295790704863012,152689010775796,152689010880635,104.839,19.834,sent,1000,
3458,152689015755962,152689015758398,1790295790709862928,152689015775190,152689015877304,102.114,19.228,sent,1000,
3459,152689020755962,152689020758133,1790295790714862352,152689020774695,152689020876137,101.442,18.733,sent,1000,
3460,152689025755962,152689025756696,1790295790719860995,152689025766054,152689025817100,51.046,10.092,sent,1000,
3461,152689030755962,152689030756600,1790295790724859616,152689030760437,152689030785825,25.388,4.475,sent,1000,
3462,152689035755962,152689035811709,1790295790729914726,152689035815226,152689035841566,26.34,59.264,sent,1000,
3463,152689040755962,152689040756861,1790295790734859867,152689040760227,152689040784803,24.576,4.265,sent,1000,
3464,152689045755962,152689045756886,1790295790739859892,152689045760332,152689045784849,24.517,4.37,sent,1000,
3465,152689050755962,152689050757762,1790295790744861439,152689050766969,152689050826362,59.393,11.007,sent,1000,
3466,152689055755962,152689055757907,1790295790749862186,152689055773937,152689055878916,104.979,17.975,sent,1000,
3467,152689060755962,152689060758143,1790295790754863033,152689060774844,152689060872269,97.425,18.882,sent,1000,
3468,152689065755962,152689065758168,1790295790759863058,152689065775000,152689065873877,98.877,19.038,sent,1000,
3469,152689070755962,152689070758403,1790295790764862631,152689070774523,152689070883399,108.876,18.561,sent,1000,
3470,152689075755962,152689075757506,1790295790769861544,152689075767174,152689075828089,60.915,11.212,sent,1000,
3471,152689080755962,152689080758202,1790295790774862652,152689080774463,152689080873110,98.647,18.501,sent,1000,
3472,152689085755962,152689085757567,1790295790779861495,152689085767365,152689085828381,61.016,11.403,sent,1000,
3473,152689090755962,152689090758894,1790295790784863093,152689090775646,152689090882999,107.353,19.684,sent,1000,
3474,152689095755962,152689095758787,1790295790789863006,152689095776040,152689095881269,105.229,20.078,sent,1000,
3475,152689100755962,152689100757560,1790295790794861959,152689100774001,152689100875804,101.803,18.039,sent,1000,
3476,152689105755962,152689105756664,1790295790799859670,152689105760391,152689105785298,24.907,4.429,sent,1000,
3477,152689110755962,152689110761136,1790295790804865405,152689110777277,152689110883679,106.402,21.315,sent,1000,
3478,152689115755962,152689115757905,1790295790809862224,152689115774927,152689115880197,105.27,18.965,sent,1000,
3479,152689120755962,152689120757780,1790295790814861949,152689120774131,152689120852439,78.308,18.169,sent,1000,
3480,152689125755962,152689125758457,1790295790819862886,152689125774928,152689125885838,110.91,18.966,sent,1000,
3481,152689130755962,152689130758873,1790295790824863162,152689130775184,152689130883048,107.864,19.222,sent,1000,
3482,152689135755962,152689135758397,1790295790829862686,152689135775660,152689135881070,105.41,19.698,sent,1000,
3483,152689140755962,152689140758603,1790295790834863082,152689140775615,152689140879732,104.117,19.653,sent,1000,
3484,152689145755962,152689145758588,1790295790839862747,152689145774899,152689145877484,102.585,18.937,sent,1000,
3485,152689150755962,152689150758553,1790295790844863023,152689150774934,152689150878220,103.286,18.972,sent,1000,
3486,152689155755962,152689155758116,1790295790849862535,152689155774818,152689155877542,102.724,18.856,sent,1000,
3487,152689160755962,152689160758322,1790295790854862500,152689160774492,152689160878209,103.717,18.53,sent,1000,
3488,152689165755962,152689165758618,1790295790859862957,152689165778555,152689165883865,105.31,22.593,sent,1000,
3489,152689170755962,152689170758973,1790295790864863192,152689170775896,152689170881075,105.179,19.934,sent,1000,
3490,152689175755962,152689175758857,1790295790869863246,152689175775708,152689175879585,103.877,19.746,sent,1000,
3491,152689180755962,152689180759052,1790295790874863231,152689180775994,152689180880472,104.478,20.032,sent,1000,
3492,152689185755962,152689185757936,1790295790879862735,152689185775729,152689185879065,103.336,19.767,sent,1000,
3493,152689190755962,152689190759093,1790295790884863332,152689190775795,152689190887887,112.092,19.833,sent,1000,
3494,152689195755962,152689195758876,1790295790889863044,152689195775157,152689195883773,108.616,19.195,sent,1000,
3495,152689200755962,152689200758370,1790295790894862839,152689200775783,152689200877105,101.322,19.821,sent,1000,
3496,152689205755962,152689205757915,1790295790899862093,152689205774907,152689205878804,103.897,18.945,sent,1000,
3497,152689210755962,152689210757920,1790295790904861518,152689210767047,152689210826720,59.673,11.085,sent,1000,
3498,152689215755962,152689215758906,1790295790909863305,152689215775678,152689215882209,106.531,19.716,sent,1000,
3499,152689220755962,152689220758410,1790295790914862949,152689220775062,152689220877606,102.544,19.1,sent,1000,
3500,152689225755962,152689225758275,1790295790919862454,152689225775177,152689225878693,103.516,19.215,sent,1000,
3501,152689230755962,152689230757870,1790295790924861818,152689230767528,152689230825508,57.98,11.566,sent,1000,
3502,152689235755962,152689235758064,1790295790929861652,152689235767362,152689235825853,58.491,11.4,sent,1000,
3503,152689240755962,152689240757939,1790295790934861557,152689240767277,152689240825447,58.17,11.315,sent,1000,
3504,152689245755962,152689245757053,1790295790939860069,152689245760690,152689245787280,26.59,4.728,sent,1000,
3505,152689250755962,152689250757569,1790295790944861437,152689250767207,152689250826359,59.152,11.245,sent,1000,
3506,152689255755962,152689255758015,1790295790949862234,152689255774767,152689255877532,102.765,18.805,sent,1000,
3507,152689260755962,152689260758620,1790295790954863069,152689260775412,152689260879329,103.917,19.45,sent,1000,
3508,152689265755962,152689265757914,1790295790959862754,152689265775457,152689265879745,104.288,19.495,sent,1000,
3509,152689270755962,152689270757879,1790295790964861767,152689270767508,152689270824986,57.478,11.546,sent,1000,
3510,152689275755962,152689275758125,1790295790969862654,152689275774967,152689275879044,104.077,19.005,sent,1000,
3511,152689280755962,152689280757908,1790295790974861596,152689280767306,152689280826628,59.322,11.344,sent,1000,
3512,152689285755962,152689285758805,1790295790979863104,152689285775767,152689285880065,104.298,19.805,sent,1000,
3513,152689290755962,152689290758650,1790295790984862789,152689290774901,152689290879099,104.198,18.939,sent,1000,
3514,152689295755962,152689295758555,1790295790989862734,152689295775337,152689295878813,103.476,19.375,sent,1000,
3515,152689300755962,152689300758719,1790295790994862928,152689300775421,152689300879468,104.047,19.459,sent,1000,
3516,152689305755962,152689305757282,1790295790999860829,152689305766489,152689305825300,58.811,10.527,sent,1000,
3517,152689310755962,152689310758730,1790295791004862888,152689310776123,152689310882895,106.772,20.161,sent,1000,
3518,152689315755962,152689315758293,1790295791009862462,152689315774273,152689315876687,102.414,18.311,sent,1000,
3519,152689320755962,152689320758216,1790295791014862485,152689320774637,152689320878214,103.577,18.675,sent,1000,
3520,152689325755962,152689325757861,1790295791019862050,152689325774001,152689325871927,97.926,18.039,sent,1000,
3521,152689330755962,152689330759008,1790295791024863427,152689330774999,152689330877413,102.414,19.037,sent,1000,
3522,152689335755962,152689335758392,1790295791029862862,152689335775695,152689335879602,103.907,19.733,sent,1000,
3523,152689340755962,152689340758566,1790295791034862715,152689340775148,152689340879084,103.936,19.186,sent,1000,
3524,152689345755962,152689345758962,1790295791039863161,152689345775163,152689345878088,102.925,19.201,sent,1000,
3525,152689350755962,152689350758376,1790295791044862515,152689350774938,152689350878805,103.867,18.976,sent,1000,
3526,152689355755962,152689355758081,1790295791049862280,152689355775124,152689355877508,102.384,19.162,sent,1000,
3527,152689360755962,152689360758327,1790295791054862856,152689360774888,152689360878214,103.326,18.926,sent,1000,
3528,152689365755962,152689365757629,1790295791059861497,152689365766967,152689365825538,58.571,11.005,sent,1000,
3529,152689370755962,152689370757464,1790295791064861352,152689370766972,152689370825313,58.341,11.01,sent,1000,
3530,152689375755962,152689375758492,1790295791069862680,152689375774933,152689375879120,104.187,18.971,sent,1000,
3531,152689380755962,152689380758617,1790295791074862796,152689380774698,152689380879486,104.788,18.736,sent,1000,
3532,152689385755962,152689385756657,1790295791079859664,152689385760545,152689385786243,25.698,4.583,sent,1000,
3533,152689390755962,152689390757865,1790295791084861412,152689390767132,152689390826745,59.613,11.17,sent,1000,
3534,152689395755962,152689395758331,1790295791089862830,152689395774492,152689395877928,103.436,18.53,sent,1000,
3535,152689400755962,152689400758767,1790295791094862976,152689400775449,152689400880187,104.738,19.487,sent,1000,
3536,152689405755962,152689405757489,1790295791099861046,152689405766646,152689405826009,59.363,10.684,sent,1000,
3537,152689410755962,152689410757845,1790295791104861813,152689410767503,152689410825663,58.16,11.541,sent,1000,
3538,152689415755962,152689415758201,1790295791109862670,152689415774722,152689415877998,103.276,18.76,sent,1000,
3539,152689420755962,152689420758326,1790295791114862525,152689420775579,152689420877392,101.813,19.617,sent,1000,
3540,152689425755962,152689425757909,1790295791119861457,152689425766856,152689425824976,58.12,10.894,sent,1000,
3541,152689430755962,152689430757804,1790295791124861412,152689430767142,152689430827817,60.675,11.18,sent,1000,
3542,152689435755962,152689435759072,1790295791129863301,152689435775453,152689435880863,105.41,19.491,sent,1000,
3543,152689440755962,152689440757855,1790295791134861473,152689440766912,152689440826054,59.142,10.95,sent,1000,
3544,152689445755962,152689445758330,1790295791139862208,152689445767848,152689445826118,58.27,11.886,sent,1000,
3545,152689450755962,152689450756682,1790295791144859729,152689450761621,152689450789765,28.144,5.659,sent,1000,
3546,152689455755962,152689455758180,1790295791149862419,152689455774882,152689455880432,105.55,18.92,sent,1000,
3547,152689460755962,152689460758316,1790295791154861883,152689460767343,152689460825714,58.371,11.381,sent,1000,
3548,152689465755962,152689465757830,1790295791159861417,152689465767167,152689465834916,67.749,11.205,sent,1000,
3549,152689470755962,152689470757904,1790295791164861612,152689470767452,152689470826745,59.293,11.49,sent,1000,
3550,152689475755962,152689475757910,1790295791169862218,152689475777507,152689475841608,64.101,21.545,sent,1000,
3551,152689480755962,152689480758015,1790295791174863095,152689480775358,152689480877161,101.803,19.396,sent,1000,
3552,152689485755962,152689485756928,1790295791179860435,152689485766486,152689485818384,51.898,10.524,sent,1000,
3553,152689490755962,152689490757964,1790295791184861962,152689490767622,152689490826764,59.142,11.66,sent,1000,
3554,152689495755962,152689495757969,1790295791189861567,152689495767167,152689495826730,59.563,11.205,sent,1000,
3555,152689500755962,152689500758385,1790295791194862905,152689500774867,152689500876680,101.813,18.905,sent,1000,
3556,152689505755962,152689505756597,1790295791199859613,152689505760043,152689505783267,23.224,4.081,sent,1000,
3557,152689510755962,152689510757903,1790295791204862443,152689510768524,152689510806786,38.262,12.562,sent,1000,
3558,152689515755962,152689515758129,1790295791209861677,152689515767487,152689515827651,60.164,11.525,sent,1000,
3559,152689520755962,152689520757473,1790295791214861612,152689520773043,152689520870608,97.565,17.081,sent,1000,
3560,152689525755962,152689525756717,1790295791219859893,152689525763079,152689525806651,43.572,7.117,sent,1000,
3561,152689530755962,152689530756591,1790295791224859607,152689530761089,152689530789723,28.634,5.127,sent,1000,
3562,152689535755962,152689535756626,1790295791229859643,152689535759912,152689535784118,24.206,3.95,sent,1000,
3563,152689540755962,152689540756682,1790295791234859688,152689540765849,152689540790816,24.967,9.887,sent,1000,
3564,152689545755962,152689545756446,1790295791239859452,152689545759572,152689545782595,23.023,3.61,sent,1000,
3565,152689550755962,152689550756650,1790295791244859667,152689550759967,152689550785645,25.678,4.005,sent,1000,
3566,152689555755962,152689555758259,1790295791249862708,152689555774530,152689555878547,104.017,18.568,sent,1000,
3567,152689560755962,152689560757463,1790295791254862002,152689560766640,152689560821735,55.095,10.678,sent,1000,
3568,152689565755962,152689565757909,1790295791259861466,152689565767758,152689565829234,61.476,11.796,sent,1000,
3569,152689570755962,152689570759125,1790295791264863304,152689570775797,152689570884533,108.736,19.835,sent,1000,
3570,152689575755962,152689575758800,1790295791269862998,152689575775601,152689575879298,103.697,19.639,sent,1000,
3571,152689580755962,152689580757903,1790295791274862162,152689580767692,152689580843856,76.164,11.73,sent,1000,
3572,152689585755962,152689585759161,1790295791279863370,152689585776093,152689585880010,103.917,20.131,sent,1000,
3573,152689590755962,152689590756649,1790295791284859686,152689590760637,152689590786055,25.418,4.675,sent,1000,
3574,152689595755962,152689595757876,1790295791289861564,152689595767324,152689595827488,60.164,11.362,sent,1000,
3575,152689600755962,152689600758904,1790295791294863102,152689600775144,152689600881246,106.102,19.182,sent,1000,
3576,152689605755962,152689605757476,1790295791299861104,152689605766964,152689605827038,60.074,11.002,sent,1000,
3577,152689610755962,152689610759265,1790295791304863554,152689610775907,152689610881366,105.459,19.945,sent,1000,
3578,152689615755962,152689615758557,1790295791309862786,152689615775249,152689615880418,105.169,19.287,sent,1000,
3579,152689620755962,152689620758642,1790295791314863122,152689620775825,152689620882497,106.672,19.863,sent,1000,
3580,152689625755962,152689625757796,1790295791319861995,152689625767715,152689625826426,58.711,11.753,sent,1000,
3581,152689630755962,152689630758843,1790295791324863152,152689630775345,152689630883259,107.914,19.383,sent,1000,
3582,152689635755962,152689635759237,1790295791329863456,152689635776159,152689635882992,106.833,20.197,sent,1000,
3583,152689640755962,152689640758141,1790295791334862670,152689640776065,152689640880603,104.538,20.103,sent,1000,
3584,152689645755962,152689645756613,1790295791339859630,152689645760541,152689645785077,24.536,4.579,sent,1000,
3585,152689650755962,152689650757791,1790295791344861478,152689650767148,152689650826140,58.992,11.186,sent,1000,
3586,152689655755962,152689655758636,1790295791349862835,152689655775428,152689655878774,103.346,19.466,sent,1000,
3587,152689660755962,152689660757820,1790295791354862479,152689660774902,152689660879200,104.298,18.94,sent,1000,
3588,152689665755962,152689665758146,1790295791359862364,152689665774677,152689665877752,103.075,18.715,sent,1000,
3589,152689670755962,152689670757850,1790295791364861458,152689670767278,152689670857449,90.171,11.316,sent,1000,
3590,152689675755962,152689675758295,1790295791369862463,152689675774776,152689675875637,100.861,18.814,sent,1000,
3591,152689680755962,152689680757839,1790295791374861727,152689680767538,152689680826309,58.771,11.576,sent,1000,
3592,152689685755962,152689685758286,1790295791379862745,152689685775699,152689685881098,105.399,19.737,sent,1000,
3593,152689690755962,152689690756928,1790295791384860816,152689690766286,152689690825959,59.673,10.324,sent,1000,
3594,152689695755962,152689695758326,1790295791389862795,152689695775008,152689695879275,104.267,19.046,sent,1000,
3595,152689700755962,152689700758279,1790295791394862799,152689700775442,152689700880080,104.638,19.48,sent,1000,
3596,152689705755962,152689705758535,1790295791399862724,152689705775027,152689705882961,107.934,19.065,sent,1000,
3597,152689710755962,152689710758210,1790295791404862699,152689710775122,152689710877135,102.013,19.16,sent,1000,
3598,152689715755962,152689715758204,1790295791409862342,152689715773743,152689715884413,110.67,17.781,sent,1000,
3599,152689720755962,152689720758590,1790295791414862759,152689720775262,152689720879820,104.558,19.3,sent,1000,
3600,152689725755962,152689725758365,1790295791419862824,152689725775177,152689725878162,102.985,19.215,sent,1000,
3601,152689730755962,152689730757969,1790295791424862889,152689730775623,152689730882325,106.702,19.661,sent,1000,
3602,152689735755962,152689735758514,1790295791429862823,152689735775967,152689735880886,104.919,20.005,sent,1000,
3603,152689740755962,152689740758729,1790295791434862918,152689740775131,152689740881492,106.361,19.169,sent,1000,
3604,152689745755962,152689745757863,1790295791439861511,152689745767301,152689745826002,58.701,11.339,sent,1000,
3605,152689750755962,152689750757979,1790295791444861867,152689750767377,152689750825066,57.689,11.415,sent,1000,
3606,152689755755962,152689755758806,1790295791449863044,152689755775597,152689755878863,103.266,19.635,sent,1000,
3607,152689760755962,152689760756545,1790295791454859551,152689760760222,152689760783586,23.364,4.26,sent,1000,
3608,152689765755962,152689765758564,1790295791459862843,152689765775616,152689765878581,102.965,19.654,sent,1000,
3609,152689770755962,152689770757838,1790295791464861876,152689770767586,152689770826859,59.273,11.624,sent,1000,
3610,152689775755962,152689775758595,1790295791469862783,152689775775627,152689775880766,105.139,19.665,sent,1000,
3611,152689780755962,152689780758418,1790295791474861955,152689780767345,152689780826006,58.661,11.383,sent,1000,
3612,152689785755962,152689785758123,1790295791479862662,152689785775005,152689785879242,104.237,19.043,sent,1000,
3613,152689790755962,152689790758008,1790295791484861535,152689790767285,152689790827610,60.325,11.323,sent,1000,
3614,152689795755962,152689795758584,1790295791489862813,152689795774895,152689795879062,104.167,18.933,sent,1000,
3615,152689800755962,152689800757876,1790295791494862405,152689800774628,152689800879046,104.418,18.666,sent,1000,
3616,152689805755962,152689805757240,1790295791499861018,152689805765746,152689805819789,54.043,9.784,sent,1000,
3617,152689810755962,152689810758889,1790295791504863077,152689810774278,152689810877123,102.845,18.316,sent,1000,
3618,152689815755962,152689815758894,1790295791509863082,152689815775095,152689815877378,102.283,19.133,sent,1000,
3619,152689820755962,152689820758276,1790295791514862455,152689820774898,152689820879556,104.658,18.936,sent,1000,
3620,152689825755962,152689825758923,1790295791519863121,152689825775704,152689825880253,104.549,19.742,sent,1000,
3621,152689830755962,152689830756313,1790295791524859259,152689830759078,152689830777383,18.305,3.116,sent,1000,
3622,152689835755962,152689835756529,1790295791529859535,152689835759875,152689835784231,24.356,3.913,sent,1000,
3623,152689840755962,152689840756484,1790295791534859430,152689840758989,152689840778706,19.717,3.027,sent,1000,
3624,152689845755962,152689845756578,1790295791539860035,152689845761808,152689845787146,25.338,5.846,sent,1000,
3625,152689850755962,152689850756673,1790295791544859670,152689850759980,152689850784065,24.085,4.018,sent,1000,
3626,152689855755962,152689855756599,1790295791549859605,152689855759715,152689855782718,23.003,3.753,sent,1000,
3627,152689860755962,152689860757936,1790295791554861574,152689860767524,152689860826206,58.682,11.562,sent,1000,
3628,152689865755962,152689865757409,1790295791559861297,152689865767098,152689865825047,57.949,11.136,sent,1000,
3629,152689870755962,152689870758206,1790295791564862795,152689870774637,152689870878173,103.536,18.675,sent,1000,
3630,152689875755962,152689875758241,1790295791569862400,152689875774312,152689875876816,102.504,18.35,sent,1000,
3631,152689880755962,152689880758267,1790295791574862555,152689880775419,152689880877503,102.084,19.457,sent,1000,
3632,152689885755962,152689885757499,1790295791579862369,152689885767799,152689885826820,59.021,11.837,sent,1000,
3633,152689890755962,152689890758617,1790295791584862976,152689890773976,152689890876811,102.835,18.014,sent,1000,
3634,152689895755962,152689895757951,1790295791589863001,152689895775845,152689895877387,101.542,19.883,sent,1000,
3635,152689900755962,152689900758096,1790295791594862315,152689900774307,152689900878584,104.277,18.345,sent,1000,
3636,152689905755962,152689905759081,1790295791599863380,152689905775783,152689905879179,103.396,19.821,sent,1000,
3637,152689910755962,152689910757554,1790295791604861712,152689910774235,152689910883192,108.957,18.273,sent,1000,
3638,152689915755962,152689915758802,1790295791609863010,152689915775453,152689915879921,104.468,19.491,sent,1000,
3639,152689920755962,152689920757484,1790295791614861753,152689920773865,152689920874616,100.751,17.903,sent,1000,
3640,152689925755962,152689925758502,1790295791619863001,152689925774692,152689925877427,102.735,18.73,sent,1000,
3641,152689930755962,152689930758377,1790295791624861914,152689930767614,152689930827077,59.463,11.652,sent,1000,
3642,152689935755962,152689935756669,1790295791629859685,152689935761558,152689935792407,30.849,5.596,sent,1000,
3643,152689940755962,152689940756795,1790295791634859811,152689940760321,152689940785038,24.717,4.359,sent,1000,
3644,152689945755962,152689945757521,1790295791639861479,152689945767099,152689945827293,60.194,11.137,sent,1000,
3645,152689950755962,152689950758546,1790295791644862744,152689950775788,152689950878603,102.815,19.826,sent,1000,
3646,152689955755962,152689955758711,1790295791649862990,152689955776034,152689955879080,103.046,20.072,sent,1000,
3647,152689960755962,152689960758066,1790295791654863006,152689960774787,152689960876069,101.282,18.825,sent,1000,
3648,152689965755962,152689965758311,1790295791659863091,152689965775985,152689965878900,102.915,20.023,sent,1000,
3649,152689970755962,152689970758167,1790295791664862686,152689970773486,152689970873124,99.638,17.524,sent,1000,
3650,152689975755962,152689975758543,1790295791669862751,152689975775575,152689975878690,103.115,19.613,sent,1000,
3651,152689980755962,152689980756674,1790295791674859701,152689980760432,152689980785559,25.127,4.47,sent,1000,
3652,152689985755962,152689985758563,1790295791679862771,152689985775415,152689985880754,105.339,19.453,sent,1000,
3653,152689990755962,152689990758215,1790295791684862704,152689990775278,152689990879425,104.147,19.316,sent,1000,
3654,152689995755962,152689995758601,1790295791689862800,152689995774762,152689995878058,103.296,18.8,sent,1000,
3655,152690000755962,152690000758176,1790295791694862665,152690000776130,152690000881580,105.45,20.168,sent,1000,
3656,152690005755962,152690005758251,1790295791699862550,152690005773721,152690005870755,97.034,17.759,sent,1000,
3657,152690010755962,152690010758597,1790295791704863047,152690010775529,152690010880609,105.08,19.567,sent,1000,
3658,152690015755962,152690015758833,1790295791709863052,152690015775625,152690015879722,104.097,19.663,sent,1000,
3659,152690020755962,152690020758237,1790295791714862466,152690020774809,152690020880389,105.58,18.847,sent,1000,
3660,152690025755962,152690025757792,1790295791719861430,152690025766088,152690025817154,51.066,10.126,sent,1000,
3661,152690030755962,152690030756714,1790295791724859720,152690030760211,152690030786981,26.77,4.249,sent,1000,
3662,152690035755962,152690035757560,1790295791729861439,152690035767028,152690035825900,58.872,11.066,sent,1000,
3663,152690040755962,152690040759710,1790295791734863858,152690040777363,152690040841224,63.861,21.401,sent,1000,
3664,152690045755962,152690045756569,1790295791739859576,152690045760266,152690045783781,23.515,4.304,sent,1000,
3665,152690050755962,152690050758738,1790295791744862916,152690050774507,152690050878214,103.707,18.545,sent,1000,
3666,152690055755962,152690055759003,1790295791749863372,152690055775685,152690055878740,103.055,19.723,sent,1000,
3667,152690060755962,152690060758187,1790295791754863087,152690060774528,152690060876521,101.993,18.566,sent,1000,
3668,152690065755962,152690065758292,1790295791759862561,152690065774533,152690065880213,105.68,18.571,sent,1000,
3669,152690070755962,152690070766792,1790295791764870950,152690070783253,152690070886970,103.717,27.291,sent,1000,
3670,152690075755962,152690075758531,1790295791769862750,152690075775564,152690075879481,103.917,19.602,sent,1000,
3671,152690080755962,152690080758447,1790295791774862906,152690080775800,152690080879356,103.556,19.838,sent,1000,
3672,152690085755962,152690085759133,1790295791779863402,152690085776176,152690085882777,106.601,20.214,sent,1000,
3673,152690090755962,152690090759016,1790295791784863285,152690090775898,152690090884564,108.666,19.936,sent,1000,
3674,152690095755962,152690095758569,1790295791789863048,152690095775962,152690095879979,104.017,20.0,sent,1000,
3675,152690100755962,152690100758624,1790295791794862793,152690100775165,152690100878301,103.136,19.203,sent,1000,
3676,152690105755962,152690105757507,1790295791799861646,152690105773037,152690105873537,100.5,17.075,sent,1000,
3677,152690110755962,152690110759166,1790295791804863354,152690110776068,152690110885064,108.996,20.106,sent,1000,
3678,152690115755962,152690115758760,1790295791809863019,152690115775492,152690115881703,106.211,19.53,sent,1000,
3679,152690120755962,152690120758295,1790295791814862754,152690120774476,152690120878873,104.397,18.514,sent,1000,
3680,152690125755962,152690125757389,1790295791819861617,152690125767508,152690125826530,59.022,11.546,sent,1000,
3681,152690130755962,152690130758877,1790295791824863256,152690130776059,152690130884164,108.105,20.097,sent,1000,
3682,152690135755962,152690135758790,1790295791829862928,152690135775772,152690135880791,105.019,19.81,sent,1000,
3683,152690140755962,152690140758875,1790295791834863094,152690140775867,152690140883852,107.985,19.905,sent,1000,
3684,152690145755962,152690145759231,1790295791839863480,152690145775963,152690145883527,107.564,20.001,sent,1000,
3685,152690150755962,152690150758766,1790295791844862994,152690150775638,152690150882690,107.052,19.676,sent,1000,
3686,152690155755962,152690155758879,1790295791849863118,152690155775831,152690155884978,109.147,19.869,sent,1000,
3687,152690160755962,152690160758333,1790295791854863023,152690160774604,152690160877810,103.206,18.642,sent,1000,
3688,152690165755962,152690165789237,1790295791859892775,152690165798455,152690165859100,60.645,42.493,sent,1000,
3689,152690170755962,152690170781638,1790295791864885837,152690170798761,152690170905633,106.872,42.799,sent,1000,
3690,152690175755962,152690175758658,1790295791869862887,152690175775280,152690175881431,106.151,19.318,sent,1000,
3691,152690180755962,152690180759014,1790295791874863253,152690180775926,152690180880865,104.939,19.964,sent,1000,
3692,152690185755962,152690185758880,1790295791879863138,152690185775511,152690185879268,103.757,19.549,sent,1000,
3693,152690190755962,152690190758534,1790295791884862713,152690190774945,152690190878872,103.927,18.983,sent,1000,
3694,152690195755962,152690195758838,1790295791889863227,152690195778535,152690195885969,107.434,22.573,sent,1000,
3695,152690200755962,152690200758102,1790295791894862942,152690200776006,152690200884211,108.205,20.044,sent,1000,
3696,152690205755962,152690205759189,1790295791899863438,152690205775781,152690205880119,104.338,19.819,sent,1000,
3697,152690210755962,152690210758984,1790295791904863213,152690210775987,152690210881156,105.169,20.025,sent,1000,
3698,152690215755962,152690215758729,1790295791909863088,152690215775300,152690215877374,102.074,19.338,sent,1000,
3699,152690220755962,152690220757881,1790295791914861518,152690220767289,152690220827603,60.314,11.327,sent,1000,
3700,152690225755962,152690225758567,1790295791919863017,152690225773716,152690225882392,108.676,17.754,sent,1000,
3701,152690230755962,152690230756519,1790295791924859525,152690230760276,152690230783781,23.505,4.314,sent,1000,
3702,152690235755962,152690235758077,1790295791929861615,152690235767275,152690235827138,59.863,11.313,sent,1000,
3703,152690240755962,152690240757580,1790295791934861828,152690240773790,152690240873048,99.258,17.828,sent,1000,
3704,152690245755962,152690245759238,1790295791939863457,152690245776270,152690245880738,104.468,20.308,sent,1000,
3705,152690250755962,152690250758652,1790295791944862991,152690250775274,152690250877648,102.374,19.312,sent,1000,
3706,152690255755962,152690255757906,1790295791949861865,152690255767555,152690255826035,58.48,11.593,sent,1000,
3707,152690260755962,152690260758811,1790295791954863050,152690260775263,152690260878849,103.586,19.301,sent,1000,
3708,152690265755962,152690265757795,1790295791959862324,152690265775539,152690265877852,102.313,19.577,sent,1000,
3709,152690270755962,152690270757961,1790295791964862079,152690270774241,152690270877728,103.487,18.279,sent,1000,
3710,152690275755962,152690275757575,1790295791969861774,152690275773616,152690275875128,101.512,17.654,sent,1000,
3711,152690280755962,152690280756457,1790295791974859463,152690280760514,152690280785341,24.827,4.552,sent,1000,
3712,152690285755962,152690285758736,1790295791979863015,152690285775218,152690285880587,105.369,19.256,sent,1000,
3713,152690290755962,152690290758341,1790295791984862900,152690290774762,152690290880462,105.7,18.8,sent,1000,
3714,152690295755962,152690295757474,1790295791989861342,152690295767122,152690295826114,58.992,11.16,sent,1000,
3715,152690300755962,152690300758279,1790295791994862778,152690300775141,152690300878567,103.426,19.179,sent,1000,
3716,152690305755962,152690305758996,1790295791999863274,152690305775246,152690305879584,104.338,19.284,sent,1000,
3717,152690310755962,152690310758009,1790295792004861526,152690310767126,152690310826579,59.453,11.164,sent,1000,
3718,152690315755962,152690315757874,1790295792009862053,152690315773985,152690315876218,102.233,18.023,sent,1000,
3719,152690320755962,152690320759082,1790295792014863280,152690320775663,152690320881975,106.312,19.701,sent,1000,
3720,152690325755962,152690325757563,1790295792019861671,152690325773413,152690325871469,98.056,17.451,sent,1000,
3721,152690330755962,152690330757598,1790295792024861476,152690330767006,152690330826709,59.703,11.044,sent,1000,
3722,152690335755962,152690335758595,1790295792029862774,152690335775447,152690335879264,103.817,19.485,sent,1000,
3723,152690340755962,152690340758891,1790295792034863100,152690340775783,152690340879720,103.937,19.821,sent,1000,
3724,152690345755962,152690345758805,1790295792039863304,152690345775396,152690345879403,104.007,19.434,sent,1000,
3725,152690350755962,152690350757758,1790295792044862458,152690350775221,152690350878497,103.276,19.259,sent,1000,
3726,152690355755962,152690355758144,1790295792049862684,152690355774576,152690355878292,103.716,18.614,sent,1000,
3727,152690360755962,152690360758179,1790295792054862368,152690360773959,152690360870262,96.303,17.997,sent,1000,
3728,152690365755962,152690365757912,1790295792059861430,152690365767100,152690365826492,59.392,11.138,sent,1000,
3729,152690370755962,152690370756625,1790295792064859642,152690370760663,152690370786111,25.448,4.701,sent,1000,
3730,152690375755962,152690375757923,1790295792069861460,152690375766830,152690375825952,59.122,10.868,sent,1000,
3731,152690380755962,152690380758269,1790295792074862718,152690380774380,152690380877194,102.814,18.418,sent,1000,
3732,152690385755962,152690385758775,1790295792079862954,152690385774806,152690385877601,102.795,18.844,sent,1000,
3733,152690390755962,152690390758350,1790295792084863090,152690390798105,152690390902673,104.568,42.143,sent,1000,
3734,152690395755962,152690395758335,1790295792089862764,152690395775157,152690395879735,104.578,19.195,sent,1000,
3735,152690400755962,152690400758571,1790295792094862850,152690400774812,152690400879681,104.869,18.85,sent,1000,
3736,152690405755962,152690405758857,1790295792099863066,152690405775769,152690405880728,104.959,19.807,sent,1000,
3737,152690410755962,152690410758620,1790295792104862818,152690410775041,152690410879599,104.558,19.079,sent,1000,
3738,152690415755962,152690415758282,1790295792109862531,152690415774834,152690415878099,103.265,18.872,sent,1000,
3739,152690420755962,152690420759560,1790295792114863779,152690420776582,152690420880148,103.566,20.62,sent,1000,
3740,152690425755962,152690425758143,1790295792119862391,152690425774884,152690425878360,103.476,18.922,sent,1000,
3741,152690430755962,152690430758729,1790295792124862918,152690430775811,152690430880390,104.579,19.849,sent,1000,
3742,152690435755962,152690435758815,1790295792129863113,152690435775837,152690435881878,106.041,19.875,sent,1000,
3743,152690440755962,152690440759000,1790295792134863870,152690440777606,152690440880891,103.285,21.644,sent,1000,
3744,152690445755962,152690445758585,1790295792139863094,152690445775256,152690445878973,103.717,19.294,sent,1000,
3745,152690450755962,152690450758748,1790295792144862937,152690450775039,152690450879507,104.468,19.077,sent,1000,
3746,152690455755962,152690455758273,1790295792149862792,152690455775596,152690455879803,104.207,19.634,sent,1000,
3747,152690460755962,152690460758078,1790295792154862567,152690460774148,152690460872765,98.617,18.186,sent,1000,
3748,152690465755962,152690465757853,1790295792159861380,152690465767040,152690465826212,59.172,11.078,sent,1000,
3749,152690470755962,152690470757425,1790295792164861574,152690470775048,152690470875609,100.561,19.086,sent,1000,
3750,152690475755962,152690475756990,1790295792169860507,152690475766057,152690475824437,58.38,10.095,sent,1000,
3751,152690480755962,152690480758768,1790295792174862947,152690480774989,152690480879056,104.067,19.027,sent,1000,
3752,152690485755962,152690485758203,1790295792179862411,152690485775335,152690485880845,105.51,19.373,sent,1000,
3753,152690490755962,152690490757665,1790295792184861513,152690490766942,152690490826124,59.182,10.98,sent,1000,
3754,152690495755962,152690495758530,1790295792189862728,152690495774430,152690495878587,104.157,18.468,sent,1000,
3755,152690500755962,152690500758395,1790295792194862664,152690500775066,152690500879715,104.649,19.104,sent,1000,
3756,152690505755962,152690505758570,1790295792199863060,152690505774521,152690505879289,104.768,18.559,sent,1000,
3757,152690510755962,152690510758295,1790295792204862494,152690510774476,152690510877341,102.865,18.514,sent,1000,
3758,152690515755962,152690515758882,1790295792209863181,152690515775133,152690515881704,106.571,19.171,sent,1000,
3759,152690520755962,152690520757745,1790295792214862074,152690520776470,152690520892220,115.75,20.508,sent,1000,
3760,152690525755962,152690525757069,1790295792219860947,152690525766457,152690525822062,55.605,10.495,sent,1000,
3761,152690530755962,152690530756722,1790295792224859729,152690530760720,152690530786138,25.418,4.758,sent,1000,
3762,152690535755962,152690535756757,1790295792229859764,152690535760114,152690535786013,25.899,4.152,sent,1000,
3763,152690540755962,152690540756542,1790295792234859549,152690540759698,152690540783884,24.186,3.736,sent,1000,
3764,152690545755962,152690545759062,1790295792239863301,152690545776025,152690545879771,103.746,20.063,sent,1000,
3765,152690550755962,152690550757895,1790295792244862425,152690550774317,152690550878694,104.377,18.355,sent,1000,
3766,152690555755962,152690555758029,1790295792249862558,152690555774961,152690555878587,103.626,18.999,sent,1000,
3767,152690560755962,152690560758655,1790295792254862844,152690560774555,152690560877991,103.436,18.593,sent,1000,
3768,152690565755962,152690565758380,1790295792259862579,152690565774501,152690565877616,103.115,18.539,sent,1000,
3769,152690570755962,152690570758866,1790295792264862995,152690570776349,152690570879986,103.637,20.387,sent,1000,
3770,152690575755962,152690575757958,1790295792269862157,152690575774119,152690575877976,103.857,18.157,sent,1000,
3771,152690580755962,152690580758354,1790295792274862843,152690580775046,152690580877911,102.865,19.084,sent,1000,
3772,152690585755962,152690585758189,1790295792279862739,152690585775382,152690585879890,104.508,19.42,sent,1000,
3773,152690590755962,152690590758836,1790295792284863004,152690590774776,152690590879725,104.949,18.814,sent,1000,
3774,152690595755962,152690595758098,1790295792289862577,152690595774809,152690595876853,102.044,18.847,sent,1000,
3775,152690600755962,152690600758975,1790295792294863253,152690600775967,152690600879723,103.756,20.005,sent,1000,
3776,152690605755962,152690605758669,1790295792299862858,152690605775521,152690605879128,103.607,19.559,sent,1000,
3777,152690610755962,152690610758704,1790295792304862913,152690610775235,152690610881527,106.292,19.273,sent,1000,
3778,152690615755962,152690615758567,1790295792309862806,152690615775279,152690615878484,103.205,19.317,sent,1000,
3779,152690620755962,152690620758362,1790295792314862831,152690620775504,152690620881455,105.951,19.542,sent,1000,
3780,152690625755962,152690625758467,1790295792319862706,152690625775680,152690625882182,106.502,19.718,sent,1000,
3781,152690630755962,152690630758803,1790295792324863082,152690630776016,152690630882518,106.502,20.054,sent,1000,
3782,152690635755962,152690635758628,1790295792329863178,152690635774699,152690635880850,106.151,18.737,sent,1000,
3783,152690640755962,152690640759125,1790295792334863373,152690640775826,152690640883971,108.145,19.864,sent,1000,
3784,152690645755962,152690645758748,1790295792339862966,152690645776371,152690645883274,106.903,20.409,sent,1000,
3785,152690650755962,152690650758533,1790295792344862822,152690650775044,152690650879903,104.859,19.082,sent,1000,
3786,152690655755962,152690655758226,1790295792349862555,152690655775248,152690655882221,106.973,19.286,sent,1000,
3787,152690660755962,152690660758741,1790295792354862960,152690660775092,152690660881404,106.312,19.13,sent,1000,
3788,152690665755962,152690665757164,1790295792359861002,152690665766832,152690665827677,60.845,10.87,sent,1000,
3789,152690670755962,152690670758983,1790295792364863442,152690670776175,152690670881835,105.66,20.213,sent,1000,
3790,152690675755962,152690675757756,1790295792369861884,152690675774868,152690675877472,102.604,18.906,sent,1000,
3791,152690680755962,152690680758420,1790295792374863260,152690680775903,152690680880842,104.939,19.941,sent,1000,
3792,152690685755962,152690685758225,1790295792379862795,152690685775538,152690685877271,101.733,19.576,sent,1000,
3793,152690690755962,152690690758110,1790295792384862900,152690690775433,152690690878919,103.486,19.471,sent,1000,
3794,152690695755962,152690695758837,1790295792389862996,152690695775358,152690695879426,104.068,19.396,sent,1000,
3795,152690700755962,152690700758239,1790295792394862749,152690700775011,152690700878738,103.727,19.049,sent,1000,
3796,152690705755962,152690705758846,1790295792399863035,152690705775528,152690705880567,105.039,19.566,sent,1000,
3797,152690710755962,152690710758771,1790295792404863150,152690710776535,152690710882005,105.47,20.573,sent,1000,
3798,152690715755962,152690715758376,1790295792409862695,152690715775789,152690715881740,105.951,19.827,sent,1000,
3799,152690720755962,152690720758311,1790295792414862610,152690720774892,152690720880222,105.33,18.93,sent,1000,
3800,152690725755962,152690725758114,1790295792419862323,152690725774606,152690725878162,103.556,18.644,sent,1000,
3801,152690730755962,152690730757579,1790295792424861437,152690730767107,152690730826068,58.961,11.145,sent,1000,
3802,152690735755962,152690735758636,1790295792429862835,152690735774276,152690735879034,104.758,18.314,sent,1000,
3803,152690740755962,152690740758741,1790295792434862970,152690740774972,152690740877697,102.725,19.01,sent,1000,
3804,152690745755962,152690745757834,1790295792439861451,152690745766991,152690745826063,59.072,11.029,sent,1000,
3805,152690750755962,152690750758019,1790295792444862168,152690750775372,152690750881764,106.392,19.41,sent,1000,
3806,152690755755962,152690755759357,1790295792449863566,152690755775438,152690755887841,112.403,19.476,sent,1000,
3807,152690760755962,152690760758421,1790295792454862579,152690760774201,152690760872697,98.496,18.239,sent,1000,
3808,152690765755962,152690765758074,1790295792459862553,152690765773904,152690765876508,102.604,17.942,sent,1000,
3809,152690770755962,152690770758710,1790295792464862889,152690770774941,152690770879299,104.358,18.979,sent,1000,
3810,152690775755962,152690775758165,1790295792469862363,152690775774255,152690775881328,107.073,18.293,sent,1000,
3811,152690780755962,152690780759082,1790295792474863290,152690780775833,152690780879730,103.897,19.871,sent,1000,
3812,152690785755962,152690785757572,1790295792479861470,152690785766880,152690785826352,59.472,10.918,sent,1000,
3813,152690790755962,152690790759100,1790295792484863289,152690790776042,152690790882033,105.991,20.08,sent,1000,
3814,152690795755962,152690795758955,1790295792489863164,152690795775707,152690795879764,104.057,19.745,sent,1000,
3815,152690800755962,152690800758279,1790295792494862468,152690800775612,152690800881844,106.232,19.65,sent,1000,
3816,152690805755962,152690805758645,1790295792499862894,152690805775237,152690805879725,104.488,19.275,sent,1000,
3817,152690810755962,152690810758651,1790295792504862819,152690810774691,152690810872216,97.525,18.729,sent,1000,
3818,152690815755962,152690815758336,1790295792509862504,152690815775117,152690815880016,104.899,19.155,sent,1000,
3819,152690820755962,152690820758231,1790295792514862680,152690820775153,152690820879050,103.897,19.191,sent,1000,
3820,152690825755962,152690825758096,1790295792519862304,152690825774607,152690825879406,104.799,18.645,sent,1000,
3821,152690830755962,152690830759101,1790295792524863320,152690830775783,152690830878898,103.115,19.821,sent,1000,
3822,152690835755962,152690835758315,1790295792529862854,152690835775167,152690835879074,103.907,19.205,sent,1000,
3823,152690840755962,152690840758160,1790295792534863040,152690840775503,152690840880381,104.878,19.541,sent,1000,
3824,152690845755962,152690845756391,1790295792539859337,152690845759617,152690845779936,20.319,3.655,sent,1000,
3825,152690850755962,152690850757908,1790295792544861446,152690850766895,152690850826268,59.373,10.933,sent,1000,
3826,152690855755962,152690855757523,1790295792549861381,152690855766921,152690855826704,59.783,10.959,sent,1000,
3827,152690860755962,152690860758630,1790295792554862789,152690860775573,152690860881323,105.75,19.611,sent,1000,
3828,152690865755962,152690865757964,1790295792559862022,152690865774034,152690865871469,97.435,18.072,sent,1000,
3829,152690870755962,152690870758658,1790295792564862857,152690870774779,152690870878806,104.027,18.817,sent,1000,
3830,152690875755962,152690875758193,1790295792569862412,152690875774374,152690875881456,107.082,18.412,sent,1000,
3831,152690880755962,152690880758349,1790295792574862557,152690880774419,152690880877164,102.745,18.457,sent,1000,
3832,152690885755962,152690885758865,1790295792579863074,152690885775196,152690885880065,104.869,19.234,sent,1000,
3833,152690890755962,152690890757598,1790295792584861456,152690890767036,152690890825987,58.951,11.074,sent,1000,
3834,152690895755962,152690895758836,1790295792589862994,152690895774966,152690895878963,103.997,19.004,sent,1000,
3835,152690900755962,152690900758701,1790295792594862879,152690900775603,152690900881784,106.181,19.641,sent,1000,
3836,152690905755962,152690905758766,1790295792599863005,152690905775478,152690905878844,103.366,19.516,sent,1000,
3837,152690910755962,152690910758510,1790295792604862719,152690910775222,152690910878377,103.155,19.26,sent,1000,
3838,152690915755962,152690915758263,1790295792609862462,152690915774464,152690915875726,101.262,18.502,sent,1000,
3839,152690920755962,152690920758158,1790295792614861685,152690920766835,152690920825436,58.601,10.873,sent,1000,
3840,152690925755962,152690925757572,1790295792619861110,152690925767060,152690925826994,59.934,11.098,sent,1000,
3841,152690930755962,152690930757937,1790295792624861525,152690930767125,152690930826607,59.482,11.163,sent,1000,
3842,152690935755962,152690935756559,1790295792629859566,152690935760487,152690935786957,26.47,4.525,sent,1000,
3843,152690940755962,152690940756715,1790295792634859721,152690940759951,152690940784558,24.607,3.989,sent,1000,
3844,152690945755962,152690945756590,1790295792639859587,152690945759726,152690945782980,23.254,3.764,sent,1000,
3845,152690950755962,152690950756624,1790295792644859631,152690950759780,152690950783966,24.186,3.818,sent,1000,
3846,152690955755962,152690955756459,1790295792649859455,152690955759545,152690955783390,23.845,3.583,sent,1000,
3847,152690960755962,152690960756675,1790295792654859691,152690960759841,152690960784417,24.576,3.879,sent,1000,
3848,152690965755962,152690965758483,1790295792659862792,152690965775155,152690965880956,105.801,19.193,sent,1000,
3849,152690970755962,152690970757667,1790295792664861535,152690970768187,152690970826979,58.792,12.225,sent,1000,
3850,152690975755962,152690975758264,1790295792669862532,152690975774605,152690975878892,104.287,18.643,sent,1000,
3851,152690980755962,152690980758127,1790295792674863367,152690980775119,152690980877814,102.695,19.157,sent,1000,
3852,152690985755962,152690985756689,1790295792679859716,152690985760206,152690985785103,24.897,4.244,sent,1000,
3853,152690990755962,152690990757887,1790295792684861485,152690990766894,152690990825195,58.301,10.932,sent,1000,
3854,152690995755962,152690995758562,1790295792689862981,152690995775023,152690995881575,106.552,19.061,sent,1000,
3855,152691000755962,152691000758387,1790295792694862525,152691000775660,152691000877022,101.362,19.698,sent,1000,
3856,152691005755962,152691005756519,1790295792699859525,152691005760045,152691005784101,24.056,4.083,sent,1000,
3857,152691010755962,152691010757967,1790295792704861514,152691010767124,152691010827469,60.345,11.162,sent,1000,
3858,152691015755962,152691015758341,1790295792709862610,152691015774322,152691015880503,106.181,18.36,sent,1000,
3859,152691020755962,152691020758667,1790295792714863066,152691020776130,152691020878965,102.835,20.168,sent,1000,
3860,152691025755962,152691025757611,1790295792719861108,152691025765676,152691025817474,51.798,9.714,sent,1000,
3861,152691030755962,152691030756714,1790295792724859721,152691030760341,152691030787963,27.622,4.379,sent,1000,
3862,152691035755962,152691035757519,1790295792729861408,152691035766977,152691035825769,58.792,11.015,sent,1000,
3863,152691040755962,152691040758557,1790295792734862816,152691040774868,152691040879857,104.989,18.906,sent,1000,
3864,152691045755962,152691045758332,1790295792739861829,152691045767760,152691045826751,58.991,11.798,sent,1000,
3865,152691050755962,152691050757966,1790295792744861524,152691050767344,152691050826506,59.162,11.382,sent,1000,
3866,152691055755962,152691055758222,1790295792749862461,152691055774774,152691055878220,103.446,18.812,sent,1000,
3867,152691060755962,152691060758436,1790295792754862605,152691060774907,152691060878534,103.627,18.945,sent,1000,
3868,152691065755962,152691065757620,1790295792759861157,152691065766567,152691065826030,59.463,10.605,sent,1000,
3869,152691070755962,152691070758196,1790295792764862114,152691070767704,152691070824372,56.668,11.742,sent,1000,
3870,152691075755962,152691075757490,1790295792769861679,152691075767479,152691075826591,59.112,11.517,sent,1000,
3871,152691080755962,152691080758315,1790295792774862514,152691080775348,152691080879535,104.187,19.386,sent,1000,
3872,152691085755962,152691085757870,1790295792779862089,152691085767829,152691085826600,58.771,11.867,sent,1000,
3873,152691090755962,152691090758316,1790295792784862815,152691090775088,152691090881940,106.852,19.126,sent,1000,
3874,152691095755962,152691095758342,1790295792789862540,152691095775604,152691095883058,107.454,19.642,sent,1000,
3875,152691100755962,152691100758846,1790295792794863636,152691100775928,152691100881268,105.34,19.966,sent,1000,
3876,152691105755962,152691105756707,1790295792799859714,152691105760444,152691105785392,24.948,4.482,sent,1000,
3877,152691110755962,152691110757494,1790295792804861683,152691110774256,152691110877872,103.616,18.294,sent,1000,
3878,152691115755962,152691115758281,1790295792809862440,152691115775043,152691115880823,105.78,19.081,sent,1000,
3879,152691120755962,152691120758106,1790295792814863256,152691120776731,152691120878143,101.412,20.769,sent,1000,
3880,152691125755962,152691125756747,1790295792819859754,152691125760374,152691125785452,25.078,4.412,sent,1000,
3881,152691130755962,152691130756622,1790295792824859629,152691130759798,152691130783293,23.495,3.836,sent,1000,
3882,152691135755962,152691135756728,1790295792829859734,152691135759874,152691135785643,25.769,3.912,sent,1000,
3883,152691140755962,152691140758857,1790295792834863046,152691140775178,152691140878083,102.905,19.216,sent,1000,
3884,152691145755962,152691145758600,1790295792839862758,152691145775081,152691145879950,104.869,19.119,sent,1000,
3885,152691150755962,152691150758746,1790295792844863074,152691150775337,152691150881568,106.231,19.375,sent,1000,
3886,152691155755962,152691155758861,1790295792849863110,152691155775523,152691155883076,107.553,19.561,sent,1000,
3887,152691160755962,152691160758245,1790295792854862424,152691160774596,152691160881248,106.652,18.634,sent,1000,
3888,152691165755962,152691165758511,1790295792859862740,152691165775413,152691165881174,105.761,19.451,sent,1000,
3889,152691170755962,152691170758787,1790295792864863056,152691170775759,152691170883413,107.654,19.797,sent,1000,
3890,152691175755962,152691175758412,1790295792869862680,152691175775183,152691175881665,106.482,19.221,sent,1000,
3891,152691180755962,152691180758116,1790295792874862365,152691180774297,152691180882452,108.155,18.335,sent,1000,
3892,152691185755962,152691185759412,1790295792879863621,152691185775362,152691185881143,105.781,19.4,sent,1000,
3893,152691190755962,152691190758646,1790295792884863185,152691190775758,152691190882370,106.612,19.796,sent,1000,
3894,152691195755962,152691195758451,1790295792889862640,152691195775824,152691195882596,106.772,19.862,sent,1000,
3895,152691200755962,152691200758797,1790295792894863036,152691200776020,152691200881369,105.349,20.058,sent,1000,
3896,152691205755962,152691205758572,1790295792899863041,152691205774652,152691205879591,104.939,18.69,sent,1000,
3897,152691210755962,152691210758167,1790295792904862666,152691210774367,152691210879867,105.5,18.405,sent,1000,
3898,152691215755962,152691215756489,1790295792909859505,152691215759895,152691215785093,25.198,3.933,sent,1000,
3899,152691220755962,152691220758358,1790295792914862797,152691220774989,152691220879036,104.047,19.027,sent,1000,
3900,152691225755962,152691225758242,1790295792919862491,152691225774142,152691225877338,103.196,18.18,sent,1000,
3901,152691230755962,152691230757926,1790295792924861483,152691230767023,152691230826065,59.042,11.061,sent,1000,
3902,152691235755962,152691235757871,1790295792929861589,152691235766948,152691235836270,69.322,10.986,sent,1000,
3903,152691240755962,152691240758578,1790295792934863027,152691240797111,152691240901068,103.957,41.149,sent,1000,
3904,152691245755962,152691245757571,1790295792939861078,152691245766387,152691245825750,59.363,10.425,sent,1000,
3905,152691250755962,152691250757665,1790295792944861212,152691250766702,152691250825303,58.601,10.74,sent,1000,
3906,152691255755962,152691255757490,1790295792949861649,152691255773901,152691255877287,103.386,17.939,sent,1000,
3907,152691260755962,152691260758197,1790295792954862405,152691260774918,152691260883745,108.827,18.956,sent,1000,
3908,152691265755962,152691265758242,1790295792959862361,152691265774823,152691265877177,102.354,18.861,sent,1000,
3909,152691270755962,152691270758486,1790295792964862976,152691270775859,152691270882371,106.512,19.897,sent,1000,
3910,152691275755962,152691275757480,1790295792969861007,152691275766537,152691275825118,58.581,10.575,sent,1000,
3911,152691280755962,152691280757626,1790295792974861864,152691280767484,152691280825865,58.381,11.522,sent,1000,
3912,152691285755962,152691285758603,1790295792979862831,152691285775284,152691285878750,103.466,19.322,sent,1000,
3913,152691290755962,152691290757884,1790295792984861452,152691290767082,152691290825362,58.28,11.12,sent,1000,
3914,152691295755962,152691295758529,1790295792989862667,152691295775371,152691295877044,101.673,19.409,sent,1000,
3915,152691300755962,152691300758304,1790295792994862573,152691300774785,152691300876087,101.302,18.823,sent,1000,
3916,152691305755962,152691305758630,1790295792999863019,152691305775021,152691305878968,103.947,19.059,sent,1000,
3917,152691310755962,152691310757663,1790295793004861171,152691310766941,152691310826654,59.713,10.979,sent,1000,
3918,152691315755962,152691315758550,1790295793009862759,152691315775753,152691315881083,105.33,19.791,sent,1000,
3919,152691320755962,152691320758375,1790295793014862574,152691320774195,152691320834931,60.736,18.233,sent,1000,
3920,152691325755962,152691325756678,1790295793019859694,152691325760174,152691325785061,24.887,4.212,sent,1000,
3921,152691330755962,152691330757433,1790295793024861021,152691330767582,152691330824570,56.988,11.62,sent,1000,
3922,152691335755962,152691335757097,1790295793029860264,152691335763990,152691335812452,48.462,8.028,sent,1000,
3923,152691340755962,152691340758385,1790295793034862814,152691340774526,152691340878703,104.177,18.564,sent,1000,
3924,152691345755962,152691345758280,1790295793039862459,152691345774872,152691345878638,103.766,18.91,sent,1000,
3925,152691350755962,152691350757533,1790295793044861391,152691350766730,152691350824921,58.191,10.768,sent,1000,
3926,152691355755962,152691355758809,1790295793049863017,152691355775080,152691355880890,105.81,19.118,sent,1000,
3927,152691360755962,152691360758013,1790295793054862632,152691360773903,152691360874123,100.22,17.941,sent,1000,
3928,152691365755962,152691365758359,1790295793059862577,152691365774559,152691365876973,102.414,18.597,sent,1000,
3929,152691370755962,152691370758234,1790295793064862803,152691370774284,152691370871979,97.695,18.322,sent,1000,
3930,152691375755962,152691375758069,1790295793069862237,152691375774600,152691375879449,104.849,18.638,sent,1000,
3931,152691380755962,152691380757914,1790295793074861521,152691380767272,152691380826774,59.502,11.31,sent,1000,
3932,152691385755962,152691385756637,1790295793079859643,152691385760524,152691385785511,24.987,4.562,sent,1000,
3933,152691390755962,152691390757895,1790295793084861702,152691390768034,152691390827036,59.002,12.072,sent,1000,
3934,152691395755962,152691395758549,1790295793089862738,152691395774740,152691395878336,103.596,18.778,sent,1000,
3935,152691400755962,152691400758725,1790295793094863164,152691400776168,152691400879614,103.446,20.206,sent,1000,
3936,152691405755962,152691405758811,1790295793099862989,152691405775853,152691405882625,106.772,19.891,sent,1000,
3937,152691410755962,152691410757343,1790295793104861442,152691410773524,152691410875677,102.153,17.562,sent,1000,
3938,152691415755962,152691415758298,1790295793109862417,152691415774318,152691415880319,106.001,18.356,sent,1000,
3939,152691420755962,152691420758524,1790295793114863013,152691420775586,152691420879633,104.047,19.624,sent,1000,
3940,152691425755962,152691425757678,1790295793119861846,152691425774019,152691425872786,98.767,18.057,sent,1000,
3941,152691430755962,152691430757603,1790295793124861461,152691430766991,152691430825992,59.001,11.029,sent,1000,
3942,152691435755962,152691435757929,1790295793129862799,152691435774771,152691435878437,103.666,18.809,sent,1000,
3943,152691440755962,152691440758703,1790295793134862912,152691440775115,152691440879252,104.137,19.153,sent,1000,
3944,152691445755962,152691445758258,1790295793139862437,152691445774439,152691445877975,103.536,18.477,sent,1000,
3945,152691450755962,152691450758313,1790295793144862502,152691450774674,152691450878531,103.857,18.712,sent,1000,
3946,152691455755962,152691455758399,1790295793149862938,152691455775081,152691455878697,103.616,19.119,sent,1000,
3947,152691460755962,152691460757962,1790295793154862180,152691460773692,152691460870705,97.013,17.73,sent,1000,
3948,152691465755962,152691465758588,1790295793159862787,152691465775771,152691465881621,105.85,19.809,sent,1000,
3949,152691470755962,152691470758363,1790295793164862642,152691470774874,152691470878451,103.577,18.912,sent,1000,
3950,152691475755962,152691475757938,1790295793169862156,152691475774499,152691475880861,106.362,18.537,sent,1000,
3951,152691480755962,152691480758292,1790295793174862601,152691480774322,152691480877989,103.667,18.36,sent,1000,
3952,152691485755962,152691485757927,1790295793179861444,152691485767495,152691485825785,58.29,11.533,sent,1000,
3953,152691490755962,152691490757942,1790295793184861490,152691490767320,152691490826502,59.182,11.358,sent,1000,
3954,152691495755962,152691495758318,1790295793189862487,152691495775060,152691495876933,101.873,19.098,sent,1000,
3955,152691500755962,152691500758303,1790295793194862572,152691500774414,152691500879703,105.289,18.452,sent,1000,
3956,152691505755962,152691505757636,1790295793199861514,152691505767124,152691505826767,59.643,11.162,sent,1000,
3957,152691510755962,152691510758192,1790295793204862391,152691510775215,152691510879602,104.387,19.253,sent,1000,
3958,152691515755962,152691515758699,1790295793209862927,152691515775510,152691515880499,104.989,19.548,sent,1000,
3959,152691520755962,152691520758123,1790295793214862993,152691520774273,152691520880044,105.771,18.311,sent,1000,
3960,152691525755962,152691525757004,1790295793219860542,152691525765651,152691525819262,53.611,9.689,sent,1000,
3961,152691530755962,152691530756539,1790295793224859545,152691530760757,152691530786365,25.608,4.795,sent,1000,
3962,152691535755962,152691535758839,1790295793229863097,152691535774719,152691535877764,103.045,18.757,sent,1000,
3963,152691540755962,152691540758373,1790295793234862942,152691540774664,152691540877719,103.055,18.702,sent,1000,
3964,152691545755962,152691545757485,1790295793239861012,152691545766693,152691545825835,59.142,10.731,sent,1000,
3965,152691550755962,152691550757841,1790295793244861389,152691550767219,152691550825509,58.29,11.257,sent,1000,
3966,152691555755962,152691555758808,1790295793249863027,152691555775179,152691555880038,104.859,19.217,sent,1000,
3967,152691560755962,152691560758423,1790295793254862652,152691560775505,152691560881967,106.462,19.543,sent,1000,
3968,152691565755962,152691565758256,1790295793259862414,152691565774877,152691565879826,104.949,18.915,sent,1000,
3969,152691570755962,152691570757780,1790295793264862921,152691570774873,152691570877477,102.604,18.911,sent,1000,
3970,152691575755962,152691575757555,1790295793269861764,152691575775289,152691575878575,103.286,19.327,sent,1000,
3971,152691580755962,152691580758292,1790295793274862420,152691580774453,152691580874492,100.039,18.491,sent,1000,
3972,152691585755962,152691585758087,1790295793279862616,152691585774718,152691585878856,104.138,18.756,sent,1000,
3973,152691590755962,152691590759084,1790295793284863253,152691590776237,152691590880394,104.157,20.275,sent,1000,
3974,152691595755962,152691595758328,1790295793289862477,152691595774789,152691595880840,106.051,18.827,sent,1000,
3975,152691600755962,152691600758183,1790295793294862412,152691600775346,152691600878271,102.925,19.384,sent,1000,
3976,152691605755962,152691605758780,1790295793299862988,152691605775641,152691605882033,106.392,19.679,sent,1000,
3977,152691610755962,152691610758071,1790295793304862290,152691610774713,152691610878920,104.207,18.751,sent,1000,
3978,152691615755962,152691615757545,1790295793309861083,152691615766983,152691615827888,60.905,11.021,sent,1000,
3979,152691620755962,152691620758352,1790295793314862821,152691620775815,152691620879051,103.236,19.853,sent,1000,
3980,152691625755962,152691625758037,1790295793319862245,152691625774818,152691625879126,104.308,18.856,sent,1000,
3981,152691630755962,152691630758511,1790295793324862780,152691630775263,152691630878699,103.436,19.301,sent,1000,
3982,152691635755962,152691635758606,1790295793329862815,152691635775088,152691635878043,102.955,19.126,sent,1000,
3983,152691640755962,152691640758652,1790295793334862710,152691640775203,152691640839735,64.532,19.241,sent,1000,
3984,152691645755962,152691645757525,1790295793339861062,152691645766853,152691645825083,58.23,10.891,sent,1000,
3985,152691650755962,152691650758451,1790295793344862690,152691650775393,152691650881514,106.121,19.431,sent,1000,
3986,152691655755962,152691655758135,1790295793349862965,152691655775338,152691655879405,104.067,19.376,sent,1000,
3987,152691660755962,152691660758191,1790295793354862389,152691660773910,152691660878529,104.619,17.948,sent,1000,
3988,152691665755962,152691665757545,1790295793359861092,152691665766762,152691665827127,60.365,10.8,sent,1000,
3989,152691670755962,152691670757620,1790295793364862089,152691670774051,152691670879331,105.28,18.089,sent,1000,
3990,152691675755962,152691675757503,1790295793369862013,152691675773444,152691675874155,100.711,17.482,sent,1000,
3991,152691680755962,152691680756637,1790295793374859644,152691680760224,152691680784921,24.697,4.262,sent,1000,
3992,152691685755962,152691685758867,1790295793379863126,152691685775428,152691685882601,107.173,19.466,sent,1000,
3993,152691690755962,152691690758551,1790295793384863121,152691690775604,152691690882967,107.363,19.642,sent,1000,
3994,152691695755962,152691695758424,1790295793389862613,152691695775266,152691695881447,106.181,19.304,sent,1000,
3995,152691700755962,152691700758380,1790295793394862708,152691700775592,152691700881994,106.402,19.63,sent,1000,
3996,152691705755962,152691705758295,1790295793399863014,152691705776159,152691705881037,104.878,20.197,sent,1000,
3997,152691710755962,152691710758190,1790295793404862358,152691710774761,152691710880351,105.59,18.799,sent,1000,
3998,152691715755962,152691715758474,1790295793409862752,152691715775386,152691715880966,105.58,19.424,sent,1000,
3999,152691720755962,152691720758950,1790295793414863078,152691720775782,152691720879578,103.796,19.82,sent,1000,
