sequence,intended_deadline_ns,packet_stamp_ns,host_wall_ns,send_call_start_ns,send_call_end_ns,send_call_duration_us,pacing_lateness_us,status,bytes_sent,error
0,152925880167575,152925880169338,1790296027574273566,152925880206187,152925880337787,131.6,38.612,sent,1000,
1,152925885167575,152925885171497,1790296027579275696,152925885189992,152925885291795,101.803,22.417,sent,1000,
2,152925890167575,152925890168136,1790296027584271162,152925890171392,152925890194366,22.974,3.817,sent,1000,
3,152925895167575,152925895168031,1790296027589271048,152925895171498,152925895195293,23.795,3.923,sent,1000,
4,152925900167575,152925900169119,1790296027594273237,152925900179077,152925900238360,59.283,11.502,sent,1000,
5,152925905167575,152925905168332,1790296027599271349,152925905172240,152925905196917,24.677,4.665,sent,1000,
6,152925910167575,152925910168869,1790296027604272406,152925910177876,152925910236587,58.711,10.301,sent,1000,
7,152925915167575,152925915170437,1790296027609274756,152925915187189,152925915291707,104.518,19.614,sent,1000,
8,152925920167575,152925920169190,1790296027614273339,152925920179079,152925920239353,60.274,11.504,sent,1000,
9,152925925167575,152925925169256,1790296027619273424,152925925184855,152925925287319,102.464,17.28,sent,1000,
10,152925930167575,152925930169602,1790296027624273470,152925930178839,152925930239294,60.455,11.264,sent,1000,
11,152925935167575,152925935227797,1790296027629331946,152925935244639,152925935302108,57.469,77.064,sent,1000,
12,152925940167575,152925940169292,1790296027634273450,152925940184851,152925940291153,106.302,17.276,sent,1000,
13,152925945167575,152925945169508,1790296027639273195,152925945177342,152925945207980,30.638,9.767,sent,1000,
14,152925950167575,152925950168190,1790296027644271207,152925950171607,152925950194470,22.863,4.032,sent,1000,
15,152925955167575,152925955168306,1790296027649271322,152925955171492,152925955194305,22.813,3.917,sent,1000,
16,152925960167575,152925960168271,1790296027654271298,152925960171497,152925960193990,22.493,3.922,sent,1000,
17,152925965167575,152925965168347,1790296027659271353,152925965171503,152925965194346,22.843,3.928,sent,1000,
18,152925970167575,152925970168082,1790296027664271098,152925970171198,152925970193630,22.432,3.623,sent,1000,
19,152925975167575,152925975169379,1790296027669273638,152925975185560,152925975290359,104.799,17.985,sent,1000,
20,152925980167575,152925980169695,1790296027674273203,152925980178632,152925980239638,61.006,11.057,sent,1000,
21,152925985167575,152925985170452,1790296027679274661,152925985186212,152925985290470,104.258,18.637,sent,1000,
22,152925990167575,152925990169366,1790296027684273224,152925990178723,152925990240971,62.248,11.148,sent,1000,
23,152925995167575,152925995170303,1790296027689274832,152925995186874,152925995294728,107.854,19.299,sent,1000,
24,152926000167575,152926000169917,1790296027694274897,152926000187611,152926000296688,109.077,20.036,sent,1000,
25,152926005167575,152926005170153,1790296027699274692,152926005186905,152926005289499,102.594,19.33,sent,1000,
26,152926010167575,152926010168656,1790296027704272534,152926010178414,152926010239350,60.936,10.839,sent,1000,
27,152926015167575,152926015168662,1790296027709272180,152926015177199,152926015233575,56.376,9.624,sent,1000,
28,152926020167575,152926020167897,1790296027714270803,152926020169680,152926020182073,12.393,2.105,sent,1000,
29,152926025167575,152926025168503,1790296027719271520,152926025171859,152926025196045,24.186,4.284,sent,1000,
30,152926030167575,152926030168198,1790296027724271224,152926030171424,152926030194207,22.783,3.849,sent,1000,
31,152926035167575,152926035168053,1790296027729270949,152926035170297,152926035186708,16.411,2.722,sent,1000,
32,152926040167575,152926040168309,1790296027734271325,152926040171495,152926040194118,22.623,3.92,sent,1000,
33,152926045167575,152926045168334,1790296027739271351,152926045171510,152926045194293,22.783,3.935,sent,1000,
34,152926050167575,152926050168560,1790296027744271576,152926050177277,152926050199859,22.582,9.702,sent,1000,
35,152926055167575,152926055169688,1790296027749274297,152926055186840,152926055291398,104.558,19.265,sent,1000,
36,152926060167575,152926060169563,1790296027754274062,152926060188358,152926060293898,105.54,20.783,sent,1000,
37,152926065167575,152926065170089,1790296027759274318,152926065186010,152926065287181,101.171,18.435,sent,1000,
38,152926070167575,152926070170236,1790296027764274746,152926070185746,152926070294392,108.646,18.171,sent,1000,
39,152926075167575,152926075168909,1790296027769272787,152926075178227,152926075247678,69.451,10.652,sent,1000,
40,152926080167575,152926080169826,1790296027774274516,152926080186808,152926080297448,110.64,19.233,sent,1000,
41,152926085167575,152926085170102,1790296027779274631,152926085185632,152926085285781,100.149,18.057,sent,1000,
42,152926090167575,152926090168695,1790296027784272453,152926090176560,152926090229620,53.06,8.985,sent,1000,
43,152926095167575,152926095168319,1790296027789271346,152926095171566,152926095195381,23.815,3.991,sent,1000,
44,152926100167575,152926100168255,1790296027794271281,152926100171591,152926100198753,27.162,4.016,sent,1000,
45,152926105167575,152926105168390,1790296027799271407,152926105171616,152926105194981,23.365,4.041,sent,1000,
46,152926110167575,152926110168095,1790296027804271112,152926110171221,152926110194355,23.134,3.646,sent,1000,
47,152926115167575,152926115169424,1790296027809273312,152926115178411,152926115237013,58.602,10.836,sent,1000,
48,152926120167575,152926120170041,1790296027814273579,152926120179449,152926120238130,58.681,11.874,sent,1000,
49,152926125167575,152926125168243,1790296027819271270,152926125171790,152926125195515,23.725,4.215,sent,1000,
50,152926130167575,152926130168269,1790296027824271285,152926130171465,152926130194709,23.244,3.89,sent,1000,
51,152926135167575,152926135169296,1790296027829273384,152926135179095,152926135237856,58.761,11.52,sent,1000,
52,152926140167575,152926140169121,1790296027834272899,152926140177387,152926140231900,54.513,9.812,sent,1000,
53,152926145167575,152926145168215,1790296027839271502,152926145171962,152926145195196,23.234,4.387,sent,1000,
54,152926150167575,152926150168350,1790296027844271367,152926150171927,152926150195151,23.224,4.352,sent,1000,
55,152926155167575,152926155168145,1790296027849271162,152926155171552,152926155195116,23.564,3.977,sent,1000,
56,152926160167575,152926160168231,1790296027854271247,152926160171387,152926160193980,22.593,3.812,sent,1000,
57,152926165167575,152926165168287,1790296027859271313,152926165171773,152926165194687,22.914,4.198,sent,1000,
58,152926170167575,152926170168053,1790296027864270999,152926170170427,152926170187630,17.203,2.852,sent,1000,
59,152926175167575,152926175167908,1790296027869270854,152926175170232,152926175187375,17.143,2.657,sent,1000,
60,152926180167575,152926180168044,1790296027874271060,152926180171230,152926180193822,22.592,3.655,sent,1000,
61,152926185167575,152926185170213,1790296027879274362,152926185186253,152926185290241,103.988,18.678,sent,1000,
62,152926190167575,152926190168275,1790296027884271291,152926190171731,152926190194605,22.874,4.156,sent,1000,
63,152926195167575,152926195168330,1790296027889271357,152926195171657,152926195195271,23.614,4.082,sent,1000,
64,152926200167575,152926200168175,1790296027894271192,152926200171512,152926200186019,14.507,3.937,sent,1000,
65,152926205167575,152926205168151,1790296027899271167,152926205171517,152926205194030,22.513,3.942,sent,1000,
66,152926210167575,152926210168627,1790296027904272154,152926210177564,152926210236966,59.402,9.989,sent,1000,
67,152926215167575,152926215169664,1790296027909273232,152926215179302,152926215238024,58.722,11.727,sent,1000,
68,152926220167575,152926220169651,1790296027914273179,152926220178789,152926220239414,60.625,11.214,sent,1000,
69,152926225167575,152926225169266,1790296027919273725,152926225184745,152926225282370,97.625,17.17,sent,1000,
70,152926230167575,152926230169301,1790296027924273390,152926230179010,152926230238753,59.743,11.435,sent,1000,
71,152926235167575,152926235169186,1790296027929273946,152926235179446,152926235237506,58.06,11.871,sent,1000,
72,152926240167575,152926240169102,1790296027934272980,152926240178269,152926240229216,50.947,10.694,sent,1000,
73,152926245167575,152926245168286,1790296027939271312,152926245171592,152926245195667,24.075,4.017,sent,1000,
74,152926250167575,152926250168151,1790296027944271177,152926250171387,152926250194130,22.743,3.812,sent,1000,
75,152926255167575,152926255168356,1790296027949271363,152926255171753,152926255194897,23.144,4.178,sent,1000,
76,152926260167575,152926260169304,1790296027954273552,152926260186326,152926260290643,104.317,18.751,sent,1000,
77,152926265167575,152926265168277,1790296027959271294,152926265173658,152926265198765,25.107,6.083,sent,1000,
78,152926270167575,152926270169577,1790296027964273264,152926270178704,152926270238257,59.553,11.129,sent,1000,
79,152926275167575,152926275169502,1790296027969273049,152926275178960,152926275239655,60.695,11.385,sent,1000,
80,152926280167575,152926280169697,1790296027974274457,152926280186529,152926280290346,103.817,18.954,sent,1000,
81,152926285167575,152926285169993,1790296027979273531,152926285179391,152926285239305,59.914,11.816,sent,1000,
82,152926290167575,152926290169418,1790296027984272935,152926290178024,152926290236956,58.932,10.449,sent,1000,
83,152926295167575,152926295168231,1790296027989271247,152926295171958,152926295195603,23.645,4.383,sent,1000,
84,152926300167575,152926300170520,1790296027994274749,152926300186581,152926300293433,106.852,19.006,sent,1000,
85,152926305167575,152926305168161,1790296027999271188,152926305171758,152926305194852,23.094,4.183,sent,1000,
86,152926310167575,152926310168888,1790296028004272426,152926310178106,152926310237398,59.292,10.531,sent,1000,
87,152926315167575,152926315170176,1790296028009274675,152926315186487,152926315291917,105.43,18.912,sent,1000,
88,152926320167575,152926320170794,1790296028014275033,152926320186855,152926320292715,105.86,19.28,sent,1000,
89,152926325167575,152926325169347,1790296028019272874,152926325178113,152926325236023,57.91,10.538,sent,1000,
90,152926330167575,152926330169913,1790296028024273421,152926330178810,152926330237902,59.092,11.235,sent,1000,
91,152926335167575,152926335169949,1790296028029273466,152926335178966,152926335236705,57.739,11.391,sent,1000,
92,152926340167575,152926340170205,1790296028034274363,152926340187217,152926340292376,105.159,19.642,sent,1000,
93,152926345167575,152926345169619,1790296028039273266,152926345178966,152926345239421,60.455,11.391,sent,1000,
94,152926350167575,152926350169935,1790296028044273462,152926350179182,152926350238394,59.212,11.607,sent,1000,
95,152926355167575,152926355170040,1790296028049273568,152926355178987,152926355238019,59.032,11.412,sent,1000,
96,152926360167575,152926360169725,1790296028054273884,152926360186026,152926360242874,56.848,18.451,sent,1000,
97,152926365167575,152926365169009,1790296028059273589,152926365178137,152926365231899,53.762,10.562,sent,1000,
98,152926370167575,152926370169908,1790296028064273425,152926370179316,152926370230543,51.227,11.741,sent,1000,
99,152926375167575,152926375169793,1790296028069274152,152926375187777,152926375292546,104.769,20.202,sent,1000,
100,152926380167575,152926380169878,1790296028074274368,152926380186280,152926380288453,102.173,18.705,sent,1000,
101,152926385167575,152926385170004,1790296028079273692,152926385179282,152926385237181,57.899,11.707,sent,1000,
102,152926390167575,152926390169549,1790296028084273316,152926390179397,152926390240443,61.046,11.822,sent,1000,
103,152926395167575,152926395170506,1790296028089275035,152926395187558,152926395293890,106.332,19.983,sent,1000,
104,152926400167575,152926400170661,1790296028094274840,152926400186481,152926400291681,105.2,18.906,sent,1000,
105,152926405167575,152926405170186,1790296028099274565,152926405186326,152926405283591,97.265,18.751,sent,1000,
106,152926410167575,152926410168478,1790296028104272356,152926410178216,152926410237278,59.062,10.641,sent,1000,
107,152926415167575,152926415170317,1790296028109274686,152926415187119,152926415292068,104.949,19.544,sent,1000,
108,152926420167575,152926420170194,1790296028114274653,152926420187366,152926420291273,103.907,19.791,sent,1000,
109,152926425167575,152926425169778,1790296028119274007,152926425185989,152926425288453,102.464,18.414,sent,1000,
110,152926430167575,152926430169182,1790296028124273181,152926430179151,152926430237201,58.05,11.576,sent,1000,
111,152926435167575,152926435169468,1790296028129273767,152926435179016,152926435236746,57.73,11.441,sent,1000,
112,152926440167575,152926440170065,1790296028134274274,152926440186416,152926440289802,103.386,18.841,sent,1000,
113,152926445167575,152926445168237,1790296028139271253,152926445171804,152926445196961,25.157,4.229,sent,1000,
114,152926450167575,152926450168202,1790296028144271218,152926450171528,152926450194552,23.024,3.953,sent,1000,
115,152926455167575,152926455168308,1790296028149271314,152926455171574,152926455194407,22.833,3.999,sent,1000,
116,152926460167575,152926460168223,1790296028154271249,152926460171579,152926460194302,22.723,4.004,sent,1000,
117,152926465167575,152926465168269,1790296028159271285,152926465171525,152926465194368,22.843,3.95,sent,1000,
118,152926470167575,152926470168025,1790296028164271041,152926470171491,152926470194104,22.613,3.916,sent,1000,
119,152926475167575,152926475169964,1790296028169274153,152926475208657,152926475312624,103.967,41.082,sent,1000,
120,152926480167575,152926480170631,1790296028174274839,152926480188234,152926480292702,104.468,20.659,sent,1000,
121,152926485167575,152926485170095,1790296028179274274,152926485186626,152926485289772,103.146,19.051,sent,1000,
122,152926490167575,152926490169249,1790296028184273467,152926490178777,152926490237528,58.751,11.202,sent,1000,
123,152926495167575,152926495168272,1790296028189271289,152926495172240,152926495196045,23.805,4.665,sent,1000,
124,152926500167575,152926500168097,1790296028194271114,152926500171654,152926500194998,23.344,4.079,sent,1000,
125,152926505167575,152926505168093,1790296028199271119,152926505171379,152926505193861,22.482,3.804,sent,1000,
126,152926510167575,152926510168248,1790296028204271265,152926510171504,152926510194348,22.844,3.929,sent,1000,
127,152926515167575,152926515170207,1790296028209274727,152926515186859,152926515292649,105.79,19.284,sent,1000,
128,152926520167575,152926520170244,1790296028214274704,152926520187147,152926520295432,108.285,19.572,sent,1000,
129,152926525167575,152926525169719,1790296028219273286,152926525178636,152926525237557,58.921,11.061,sent,1000,
130,152926530167575,152926530169674,1790296028224274153,152926530189051,152926530246369,57.318,21.476,sent,1000,
131,152926535167575,152926535169189,1790296028229273347,152926535185399,152926535292763,107.364,17.824,sent,1000,
132,152926540167575,152926540170126,1790296028234274775,152926540187559,152926540293219,105.66,19.984,sent,1000,
133,152926545167575,152926545170562,1790296028239274761,152926545186502,152926545289858,103.356,18.927,sent,1000,
134,152926550167575,152926550169986,1790296028244274505,152926550187049,152926550295975,108.926,19.474,sent,1000,
135,152926555167575,152926555170022,1790296028249274511,152926555186853,152926555294798,107.945,19.278,sent,1000,
136,152926560167575,152926560169286,1790296028254273474,152926560185857,152926560292088,106.231,18.282,sent,1000,
137,152926565167575,152926565169472,1790296028259274873,152926565186955,152926565290140,103.185,19.38,sent,1000,
138,152926570167575,152926570170931,1790296028264275160,152926570187923,152926570292071,104.148,20.348,sent,1000,
139,152926575167575,152926575169594,1790296028269273131,152926575178531,152926575238384,59.853,10.956,sent,1000,
140,152926580167575,152926580169920,1790296028274274559,152926580186922,152926580294847,107.925,19.347,sent,1000,
141,152926585167575,152926585169715,1790296028279273333,152926585179043,152926585239487,60.444,11.468,sent,1000,
142,152926590167575,152926590169259,1790296028284273528,152926590186823,152926590293174,106.351,19.248,sent,1000,
143,152926595167575,152926595169345,1790296028289273624,152926595179254,152926595260658,81.404,11.679,sent,1000,
144,152926600167575,152926600170573,1790296028294274841,152926600186723,152926600291702,104.979,19.148,sent,1000,
145,152926605167575,152926605169416,1790296028299273564,152926605185546,152926605289083,103.537,17.971,sent,1000,
146,152926610167575,152926610169151,1790296028304272668,152926610177967,152926610236258,58.291,10.392,sent,1000,
147,152926615167575,152926615169897,1790296028309273605,152926615178905,152926615239429,60.524,11.33,sent,1000,
148,152926620167575,152926620169434,1790296028314274594,152926620186706,152926620275715,89.009,19.131,sent,1000,
149,152926625167575,152926625168257,1790296028319271283,152926625172314,152926625195889,23.575,4.739,sent,1000,
150,152926630167575,152926630168272,1790296028324271299,152926630171789,152926630195343,23.554,4.214,sent,1000,
151,152926635167575,152926635169259,1790296028329273208,152926635178577,152926635238871,60.294,11.002,sent,1000,
152,152926640167575,152926640170116,1790296028334274305,152926640187359,152926640291777,104.418,19.784,sent,1000,
153,152926645167575,152926645168930,1790296028339273008,152926645184750,152926645281473,96.723,17.175,sent,1000,
154,152926650167575,152926650168063,1790296028344271080,152926650172522,152926650195786,23.264,4.947,sent,1000,
155,152926655167575,152926655168039,1790296028349271015,152926655170684,152926655188357,17.673,3.109,sent,1000,
156,152926660167575,152926660168234,1790296028354271251,152926660171480,152926660194584,23.104,3.905,sent,1000,
157,152926665167575,152926665168280,1790296028359271297,152926665172097,152926665195011,22.914,4.522,sent,1000,
158,152926670167575,152926670168066,1790296028364271073,152926670171212,152926670193805,22.593,3.637,sent,1000,
159,152926675167575,152926675168432,1790296028369271449,152926675171709,152926675194612,22.903,4.134,sent,1000,
160,152926680167575,152926680169560,1790296028374273408,152926680178908,152926680218242,39.334,11.333,sent,1000,
161,152926685167575,152926685168333,1790296028379271349,152926685172481,152926685196015,23.534,4.906,sent,1000,
162,152926690167575,152926690168218,1790296028384271245,152926690171544,152926690194748,23.204,3.969,sent,1000,
163,152926695167575,152926695169937,1790296028389273464,152926695179134,152926695238677,59.543,11.559,sent,1000,
164,152926700167575,152926700168950,1790296028394273089,152926700185712,152926700286413,100.701,18.137,sent,1000,
165,152926705167575,152926705169887,1790296028399274387,152926705186539,152926705291378,104.839,18.964,sent,1000,
166,152926710167575,152926710169732,1790296028404273911,152926710186975,152926710291774,104.799,19.4,sent,1000,
167,152926715167575,152926715169948,1790296028409273796,152926715179416,152926715237566,58.15,11.841,sent,1000,
168,152926720167575,152926720169945,1790296028414274405,152926720187198,152926720292989,105.791,19.623,sent,1000,
169,152926725167575,152926725169199,1790296028419272827,152926725178537,152926725237308,58.771,10.962,sent,1000,
170,152926730167575,152926730169595,1790296028424274345,152926730186768,152926730293681,106.913,19.193,sent,1000,
171,152926735167575,152926735169461,1790296028429273449,152926735179269,152926735238081,58.812,11.694,sent,1000,
172,152926740167575,152926740169887,1790296028434274466,152926740187280,152926740292609,105.329,19.705,sent,1000,
173,152926745167575,152926745170203,1790296028439274692,152926745186604,152926745245696,59.092,19.029,sent,1000,
174,152926750167575,152926750169857,1790296028444274617,152926750187521,152926750291808,104.287,19.946,sent,1000,
175,152926755167575,152926755169322,1790296028449273270,152926755179030,152926755240487,61.457,11.455,sent,1000,
176,152926760167575,152926760169748,1790296028454273927,152926760187171,152926760293352,106.181,19.596,sent,1000,
177,152926765167575,152926765169994,1790296028459274243,152926765186065,152926765289340,103.275,18.49,sent,1000,
178,152926770167575,152926770169259,1790296028464273558,152926770179048,152926770237779,58.731,11.473,sent,1000,
179,152926775167575,152926775169505,1790296028469273203,152926775178743,152926775237845,59.102,11.168,sent,1000,
180,152926780167575,152926780169440,1790296028474274260,152926780186663,152926780290921,104.258,19.088,sent,1000,
181,152926785167575,152926785169646,1790296028479274666,152926785186498,152926785289453,102.955,18.923,sent,1000,
182,152926790167575,152926790170152,1790296028484274782,152926790186824,152926790291943,105.119,19.249,sent,1000,
183,152926795167575,152926795169126,1790296028489273335,152926795179035,152926795237996,58.961,11.46,sent,1000,
184,152926800167575,152926800170043,1790296028494274693,152926800186494,152926800290191,103.697,18.919,sent,1000,
185,152926805167575,152926805168145,1790296028499271161,152926805171621,152926805194956,23.335,4.046,sent,1000,
186,152926810167575,152926810168070,1790296028504271086,152926810171346,152926810194290,22.944,3.771,sent,1000,
187,152926815167575,152926815168226,1790296028509271242,152926815171722,152926815195147,23.425,4.147,sent,1000,
188,152926820167575,152926820168213,1790296028514271229,152926820171409,152926820194052,22.643,3.834,sent,1000,
189,152926825167575,152926825168068,1790296028519271084,152926825171334,152926825194017,22.683,3.759,sent,1000,
190,152926830167575,152926830168063,1790296028524271080,152926830171219,152926830193782,22.563,3.644,sent,1000,
191,152926835167575,152926835169792,1790296028529274562,152926835186974,152926835291512,104.538,19.399,sent,1000,
192,152926840167575,152926840170378,1790296028534274587,152926840187160,152926840292079,104.919,19.585,sent,1000,
193,152926845167575,152926845169332,1790296028539273190,152926845178078,152926845232662,54.584,10.503,sent,1000,
194,152926850167575,152926850169557,1790296028544274107,152926850179596,152926850237656,58.06,12.021,sent,1000,
195,152926855167575,152926855170214,1790296028549274693,152926855186325,152926855291324,104.999,18.75,sent,1000,
196,152926860167575,152926860170029,1790296028554274328,152926860186681,152926860291910,105.229,19.106,sent,1000,
197,152926865167575,152926865169624,1790296028559273151,152926865178471,152926865238615,60.144,10.896,sent,1000,
198,152926870167575,152926870169410,1790296028564273639,152926870179119,152926870238682,59.563,11.544,sent,1000,
199,152926875167575,152926875169987,1790296028569274526,152926875187450,152926875293270,105.82,19.875,sent,1000,
200,152926880167575,152926880170072,1790296028574274622,152926880188207,152926880291663,103.456,20.632,sent,1000,
201,152926885167575,152926885169406,1790296028579273024,152926885177682,152926885232366,54.684,10.107,sent,1000,
202,152926890167575,152926890169482,1790296028584273270,152926890178960,152926890237861,58.901,11.385,sent,1000,
203,152926895167575,152926895170529,1790296028589275099,152926895187932,152926895293222,105.29,20.357,sent,1000,
204,152926900167575,152926900170224,1790296028594274733,152926900209298,152926900312814,103.516,41.723,sent,1000,
205,152926905167575,152926905169468,1790296028599273546,152926905179537,152926905239340,59.803,11.962,sent,1000,
206,152926910167575,152926910169674,1790296028604273191,152926910178651,152926910237813,59.162,11.076,sent,1000,
207,152926915167575,152926915170410,1790296028609274699,152926915187753,152926915294586,106.833,20.178,sent,1000,
208,152926920167575,152926920169927,1790296028614274666,152926920186678,152926920289263,102.585,19.103,sent,1000,
209,152926925167575,152926925169261,1790296028619273209,152926925178909,152926925238191,59.282,11.334,sent,1000,
210,152926930167575,152926930168434,1790296028624271952,152926930177802,152926930235171,57.369,10.227,sent,1000,
211,152926935167575,152926935169933,1790296028629274212,152926935186514,152926935290822,104.308,18.939,sent,1000,
212,152926940167575,152926940169848,1790296028634274457,152926940186700,152926940295596,108.896,19.125,sent,1000,
213,152926945167575,152926945169573,1790296028639273471,152926945177898,152926945230859,52.961,10.323,sent,1000,
214,152926950167575,152926950169528,1790296028644273346,152926950179136,152926950238599,59.463,11.561,sent,1000,
215,152926955167575,152926955170405,1790296028649274634,152926955187327,152926955291124,103.797,19.752,sent,1000,
216,152926960167575,152926960170200,1790296028654274449,152926960187032,152926960294205,107.173,19.457,sent,1000,
217,152926965167575,152926965169214,1790296028659273122,152926965178371,152926965238535,60.164,10.796,sent,1000,
218,152926970167575,152926970167958,1790296028664270914,152926970170593,152926970188537,17.944,3.018,sent,1000,
219,152926975167575,152926975168044,1790296028669271060,152926975171681,152926975192891,21.21,4.106,sent,1000,
220,152926980167575,152926980168029,1790296028674271055,152926980171556,152926980194128,22.572,3.981,sent,1000,
221,152926985167575,152926985168325,1790296028679271341,152926985171551,152926985194434,22.883,3.976,sent,1000,
222,152926990167575,152926990168110,1790296028684271126,152926990171556,152926990194169,22.613,3.981,sent,1000,
223,152926995167575,152926995170279,1790296028689274769,152926995186510,152926995292862,106.352,18.935,sent,1000,
224,152927000167575,152927000169603,1790296028694274413,152927000187067,152927000289360,102.293,19.492,sent,1000,
225,152927005167575,152927005169418,1790296028699272956,152927005178636,152927005236646,58.01,11.061,sent,1000,
226,152927010167575,152927010169654,1790296028704273192,152927010179142,152927010238885,59.743,11.567,sent,1000,
227,152927015167575,152927015168798,1790296028709272255,152927015177134,152927015227599,50.465,9.559,sent,1000,
228,152927020167575,152927020168024,1790296028714271040,152927020172362,152927020197660,25.298,4.787,sent,1000,
229,152927025167575,152927025168630,1790296028719271647,152927025172157,152927025195501,23.344,4.582,sent,1000,
230,152927030167575,152927030168636,1790296028724271652,152927030171791,152927030194695,22.904,4.216,sent,1000,
231,152927035167575,152927035168340,1790296028729271357,152927035171596,152927035195201,23.605,4.021,sent,1000,
232,152927040167575,152927040168326,1790296028734271342,152927040171752,152927040195637,23.885,4.177,sent,1000,
233,152927045167575,152927045168221,1790296028739271247,152927045171467,152927045194280,22.813,3.892,sent,1000,
234,152927050167575,152927050168066,1790296028744271092,152927050171222,152927050193755,22.533,3.647,sent,1000,
235,152927055167575,152927055170366,1790296028749274624,152927055187578,152927055294381,106.803,20.003,sent,1000,
236,152927060167575,152927060187894,1790296028754292213,152927060205217,152927060312120,106.903,37.642,sent,1000,
237,152927065167575,152927065169655,1790296028759274826,152927065186497,152927065289132,102.635,18.922,sent,1000,
238,152927070167575,152927070198727,1790296028764302275,152927070208045,152927070269151,61.106,40.47,sent,1000,
239,152927075167575,152927075169918,1790296028769273616,152927075179787,152927075241504,61.717,12.212,sent,1000,
240,152927080167575,152927080169533,1790296028774274372,152927080186595,152927080290331,103.736,19.02,sent,1000,
241,152927085167575,152927085169648,1790296028779274127,152927085186861,152927085289145,102.284,19.286,sent,1000,
242,152927090167575,152927090169884,1790296028784273361,152927090178069,152927090231691,53.622,10.494,sent,1000,
243,152927095167575,152927095168076,1790296028789270982,152927095171292,152927095187042,15.75,3.717,sent,1000,
244,152927100167575,152927100168081,1790296028794271118,152927100171728,152927100194772,23.044,4.153,sent,1000,
245,152927105167575,152927105167946,1790296028799270903,152927105170511,152927105188335,17.824,2.936,sent,1000,
246,152927110167575,152927110168232,1790296028804271249,152927110171659,152927110194422,22.763,4.084,sent,1000,
247,152927115167575,152927115168129,1790296028809271145,152927115179019,152927115203145,24.126,11.444,sent,1000,
248,152927120167575,152927120169737,1790296028814274567,152927120185948,152927120238107,52.159,18.373,sent,1000,
249,152927125167575,152927125168320,1790296028819271347,152927125172087,152927125195672,23.585,4.512,sent,1000,
250,152927130167575,152927130168205,1790296028824271232,152927130173115,152927130200677,27.562,5.54,sent,1000,
251,152927135167575,152927135169964,1790296028829273481,152927135179773,152927135240077,60.304,12.198,sent,1000,
252,152927140167575,152927140169949,1790296028834273467,152927140178455,152927140212380,33.925,10.88,sent,1000,
253,152927145167575,152927145168251,1790296028839271258,152927145172359,152927145195914,23.555,4.784,sent,1000,
254,152927150167575,152927150168117,1790296028844271133,152927150171393,152927150194106,22.713,3.818,sent,1000,
255,152927155167575,152927155168132,1790296028849271078,152927155170496,152927155187929,17.433,2.921,sent,1000,
256,152927160167575,152927160168017,1790296028854271033,152927160171484,152927160189818,18.334,3.909,sent,1000,
257,152927165167575,152927165168053,1790296028859271089,152927165171610,152927165193992,22.382,4.035,sent,1000,
258,152927170167575,152927170168150,1790296028864271166,152927170171576,152927170194189,22.613,4.001,sent,1000,
259,152927175167575,152927175169438,1790296028869273306,152927175178875,152927175238448,59.573,11.3,sent,1000,
260,152927180167575,152927180169042,1790296028874273231,152927180178831,152927180238374,59.543,11.256,sent,1000,
261,152927185167575,152927185169939,1790296028879274499,152927185187102,152927185291950,104.848,19.527,sent,1000,
262,152927190167575,152927190169634,1790296028884273552,152927190178942,152927190237142,58.2,11.367,sent,1000,
263,152927195167575,152927195168177,1790296028889271193,152927195171703,152927195194837,23.134,4.128,sent,1000,
264,152927200167575,152927200167921,1790296028894270868,152927200170166,152927200187388,17.222,2.591,sent,1000,
265,152927205167575,152927205168328,1790296028899271344,152927205171514,152927205194267,22.753,3.939,sent,1000,
266,152927210167575,152927210167932,1790296028904270879,152927210170156,152927210187319,17.163,2.581,sent,1000,
267,152927215167575,152927215169221,1790296028909273350,152927215179040,152927215237751,58.711,11.465,sent,1000,
268,152927220167575,152927220170519,1790296028914274708,152927220187191,152927220290647,103.456,19.616,sent,1000,
269,152927225167575,152927225169994,1790296028919274473,152927225187096,152927225291995,104.899,19.521,sent,1000,
270,152927230167575,152927230170460,1790296028924274669,152927230187092,152927230293624,106.532,19.517,sent,1000,
271,152927235167575,152927235168472,1790296028929271999,152927235177569,152927235237953,60.384,9.994,sent,1000,
272,152927240167575,152927240167946,1790296028934270892,152927240170501,152927240187934,17.433,2.926,sent,1000,
273,152927245167575,152927245168112,1790296028939271128,152927245171338,152927245194722,23.384,3.763,sent,1000,
274,152927250167575,152927250168227,1790296028944271254,152927250171393,152927250195830,24.437,3.818,sent,1000,
275,152927255167575,152927255169245,1790296028949273734,152927255179524,152927255238937,59.413,11.949,sent,1000,
276,152927260167575,152927260169220,1790296028954273429,152927260179459,152927260234554,55.095,11.884,sent,1000,
277,152927265167575,152927265168154,1790296028959271170,152927265172302,152927265195536,23.234,4.727,sent,1000,
278,152927270167575,152927270169523,1790296028964273361,152927270179131,152927270237672,58.541,11.556,sent,1000,
279,152927275167575,152927275169659,1790296028969273637,152927275179307,152927275237287,57.98,11.732,sent,1000,
280,152927280167575,152927280169584,1790296028974274233,152927280186606,152927280291675,105.069,19.031,sent,1000,
281,152927285167575,152927285168257,1790296028979271283,152927285172294,152927285195578,23.284,4.719,sent,1000,
282,152927290167575,152927290169084,1790296028984273533,152927290179834,152927290239237,59.403,12.259,sent,1000,
283,152927295167575,152927295169119,1790296028989273628,152927295178938,152927295237749,58.811,11.363,sent,1000,
284,152927300167575,152927300170627,1790296028994274816,152927300187890,152927300291075,103.185,20.315,sent,1000,
285,152927305167575,152927305169751,1790296028999273920,152927305185922,152927305285881,99.959,18.347,sent,1000,
286,152927310167575,152927310169907,1790296029004273464,152927310179254,152927310238637,59.383,11.679,sent,1000,
287,152927315167575,152927315169643,1790296029009273551,152927315179331,152927315238223,58.892,11.756,sent,1000,
288,152927320167575,152927320169057,1790296029014273356,152927320185909,152927320288474,102.565,18.334,sent,1000,
289,152927325167575,152927325168913,1790296029019273051,152927325204530,152927325299430,94.9,36.955,sent,1000,
290,152927330167575,152927330169619,1790296029024273477,152927330179528,152927330239111,59.583,11.953,sent,1000,
291,152927335167575,152927335170025,1790296029029274404,152927335186436,152927335289492,103.056,18.861,sent,1000,
292,152927340167575,152927340170181,1790296029034274790,152927340188165,152927340291972,103.807,20.59,sent,1000,
293,152927345167575,152927345169245,1790296029039273113,152927345178693,152927345237274,58.581,11.118,sent,1000,
294,152927350167575,152927350169881,1790296029044273389,152927350178898,152927350238682,59.784,11.323,sent,1000,
295,152927355167575,152927355170037,1790296029049274276,152927355186809,152927355294934,108.125,19.234,sent,1000,
296,152927360167575,152927360170503,1790296029054274712,152927360187024,152927360293887,106.863,19.449,sent,1000,
297,152927365167575,152927365168976,1790296029059273575,152927365178003,152927365232296,54.293,10.428,sent,1000,
298,152927370167575,152927370169454,1790296029064273332,152927370179483,152927370239787,60.304,11.908,sent,1000,
299,152927375167575,152927375168908,1790296029069273077,152927375185209,152927375289426,104.217,17.634,sent,1000,
300,152927380167575,152927380168262,1790296029074271719,152927380176898,152927380230460,53.562,9.323,sent,1000,
301,152927385167575,152927385168297,1790296029079271795,152927385176243,152927385213112,36.869,8.668,sent,1000,
302,152927390167575,152927390168173,1790296029084271650,152927390174845,152927390205243,30.398,7.27,sent,1000,
303,152927395167575,152927395167897,1790296029089270844,152927395170703,152927395188306,17.603,3.128,sent,1000,
304,152927400167575,152927400168043,1790296029094271059,152927400171680,152927400194403,22.723,4.105,sent,1000,
305,152927405167575,152927405168399,1790296029099271426,152927405171956,152927405194959,23.003,4.381,sent,1000,
306,152927410167575,152927410168254,1790296029104271271,152927410171450,152927410194153,22.703,3.875,sent,1000,
307,152927415167575,152927415168341,1790296029109271358,152927415171567,152927415194941,23.374,3.992,sent,1000,
308,152927420167575,152927420170150,1790296029114274409,152927420187273,152927420292723,105.45,19.698,sent,1000,
309,152927425167575,152927425168222,1790296029119271238,152927425172019,152927425195944,23.925,4.444,sent,1000,
310,152927430167575,152927430169259,1790296029124273528,152927430179439,152927430238010,58.571,11.864,sent,1000,
311,152927435167575,152927435169495,1790296029129273433,152927435179224,152927435270857,91.633,11.649,sent,1000,
312,152927440167575,152927440170352,1790296029134274911,152927440187935,152927440293495,105.56,20.36,sent,1000,
313,152927445167575,152927445169185,1790296029139273043,152927445178393,152927445238477,60.084,10.818,sent,1000,
314,152927450167575,152927450169812,1790296029144273509,152927450179630,152927450238081,58.451,12.055,sent,1000,
315,152927455167575,152927455169927,1790296029149274106,152927455187911,152927455291257,103.346,20.336,sent,1000,
316,152927460167575,152927460170364,1790296029154274913,152927460188598,152927460291653,103.055,21.023,sent,1000,
317,152927465167575,152927465168978,1790296029159272696,152927465177374,152927465230635,53.261,9.799,sent,1000,
318,152927470167575,152927470169605,1790296029164273553,152927470179533,152927470241250,61.717,11.958,sent,1000,
319,152927475167575,152927475170642,1790296029169274821,152927475186783,152927475290068,103.285,19.208,sent,1000,
320,152927480167575,152927480170667,1790296029174274866,152927480187620,152927480292819,105.199,20.045,sent,1000,
321,152927485167575,152927485168539,1790296029179271565,152927485172126,152927485195770,23.644,4.551,sent,1000,
322,152927490167575,152927490167993,1790296029184270939,152927490170277,152927490188442,18.165,2.702,sent,1000,
323,152927495167575,152927495168139,1790296029189271155,152927495171325,152927495194358,23.033,3.75,sent,1000,
324,152927500167575,152927500168134,1790296029194271150,152927500171420,152927500194163,22.743,3.845,sent,1000,
325,152927505167575,152927505167959,1790296029199270905,152927505170173,152927505187366,17.193,2.598,sent,1000,
326,152927510167575,152927510168195,1790296029204271221,152927510171431,152927510193874,22.443,3.856,sent,1000,
327,152927515167575,152927515169354,1790296029209274244,152927515186386,152927515290363,103.977,18.811,sent,1000,
328,152927520167575,152927520170472,1790296029214274650,152927520187103,152927520295849,108.746,19.528,sent,1000,
329,152927525167575,152927525169155,1790296029219273023,152927525178592,152927525237845,59.253,11.017,sent,1000,
330,152927530167575,152927530169310,1790296029224273198,152927530178407,152927530237379,58.972,10.832,sent,1000,
331,152927535167575,152927535170277,1790296029229274897,152927535187340,152927535295214,107.874,19.765,sent,1000,
332,152927540167575,152927540170543,1790296029234275113,152927540187796,152927540293977,106.181,20.221,sent,1000,
333,152927545167575,152927545176861,1790296029239280488,152927545185046,152927545239169,54.123,17.471,sent,1000,
334,152927550167575,152927550169171,1790296029244273390,152927550179551,152927550240967,61.416,11.976,sent,1000,
335,152927555167575,152927555169557,1790296029249273796,152927555186449,152927555294013,107.564,18.874,sent,1000,
336,152927560167575,152927560170304,1790296029254274874,152927560187737,152927560296814,109.077,20.162,sent,1000,
337,152927565167575,152927565169139,1790296029259272677,152927565177635,152927565238581,60.946,10.06,sent,1000,
338,152927570167575,152927570176228,1790296029264279765,152927570186067,152927570247523,61.456,18.492,sent,1000,
339,152927575167575,152927575170022,1790296029269273579,152927575179319,152927575238381,59.062,11.744,sent,1000,
340,152927580167575,152927580169656,1790296029274273204,152927580178914,152927580239849,60.935,11.339,sent,1000,
341,152927585167575,152927585168660,1790296029279272197,152927585177426,152927585230447,53.021,9.851,sent,1000,
342,152927590167575,152927590201718,1790296029284305245,152927590211667,152927590272833,61.166,44.092,sent,1000,
343,152927595167575,152927595169632,1790296029289273290,152927595178710,152927595267909,89.199,11.135,sent,1000,
344,152927600167575,152927600170109,1790296029294274618,152927600186319,152927600290417,104.098,18.744,sent,1000,
345,152927605167575,152927605169743,1790296029299274212,152927605187066,152927605274412,87.346,19.491,sent,1000,
346,152927610167575,152927610170100,1790296029304273968,152927610179929,152927610241776,61.847,12.354,sent,1000,
347,152927615167575,152927615169285,1790296029309273153,152927615178743,152927615238526,59.783,11.168,sent,1000,
348,152927620167575,152927620170793,1790296029314275272,152927620191392,152927620296862,105.47,23.817,sent,1000,
349,152927625167575,152927625170217,1790296029319274406,152927625186458,152927625277861,91.403,18.883,sent,1000,
350,152927630167575,152927630169582,1790296029324273119,152927630179130,152927630237941,58.811,11.555,sent,1000,
351,152927635167575,152927635169316,1790296029329273806,152927635179436,152927635237726,58.29,11.861,sent,1000,
352,152927640167575,152927640169963,1790296029334274452,152927640187486,152927640243703,56.217,19.911,sent,1000,
353,152927645167575,152927645169047,1790296029339273165,152927645186550,152927645288473,101.923,18.975,sent,1000,
354,152927650167575,152927650168020,1790296029344270936,152927650170715,152927650185754,15.039,3.14,sent,1000,
355,152927655167575,152927655168266,1790296029349271302,152927655172093,152927655195698,23.605,4.518,sent,1000,
356,152927660167575,152927660168251,1790296029354271268,152927660171628,152927660194441,22.813,4.053,sent,1000,
357,152927665167575,152927665168288,1790296029359271305,152927665171535,152927665195760,24.225,3.96,sent,1000,
358,152927670167575,152927670168224,1790296029364271240,152927670171450,152927670193932,22.482,3.875,sent,1000,
359,152927675167575,152927675168219,1790296029369271245,152927675171375,152927675195220,23.845,3.8,sent,1000,
360,152927680167575,152927680168014,1790296029374271030,152927680171200,152927680193893,22.693,3.625,sent,1000,
361,152927685167575,152927685168079,1790296029379271096,152927685171245,152927685194029,22.784,3.67,sent,1000,
362,152927690167575,152927690168205,1790296029384271221,152927690171391,152927690194154,22.763,3.816,sent,1000,
363,152927695167575,152927695168301,1790296029389271317,152927695171477,152927695194340,22.863,3.902,sent,1000,
364,152927700167575,152927700168076,1790296029394271092,152927700171292,152927700193884,22.592,3.717,sent,1000,
365,152927705167575,152927705168071,1790296029399271097,152927705171247,152927705194261,23.014,3.672,sent,1000,
366,152927710167575,152927710168117,1790296029404271144,152927710171564,152927710192504,20.94,3.989,sent,1000,
367,152927715167575,152927715168304,1790296029409271320,152927715171550,152927715196748,25.198,3.975,sent,1000,
368,152927720167575,152927720169952,1790296029414274452,152927720186694,152927720293096,106.402,19.119,sent,1000,
369,152927725167575,152927725169647,1790296029419274697,152927725187150,152927725289464,102.314,19.575,sent,1000,
370,152927730167575,152927730169412,1790296029424272919,152927730178660,152927730238633,59.973,11.085,sent,1000,
371,152927735167575,152927735169247,1790296029429273576,152927735179326,152927735237857,58.531,11.751,sent,1000,
372,152927740167575,152927740170264,1790296029434274433,152927740187397,152927740291043,103.646,19.822,sent,1000,
373,152927745167575,152927745169729,1790296029439274248,152927745186611,152927745290207,103.596,19.036,sent,1000,
374,152927750167575,152927750169834,1790296029444274584,152927750209549,152927750312254,102.705,41.974,sent,1000,
375,152927755167575,152927755169289,1790296029449273497,152927755179438,152927755239211,59.773,11.863,sent,1000,
376,152927760167575,152927760169356,1790296029454274236,152927760187160,152927760293351,106.191,19.585,sent,1000,
377,152927765167575,152927765169632,1790296029459274121,152927765186303,152927765290521,104.218,18.728,sent,1000,
378,152927770167575,152927770169627,1790296029464273265,152927770179295,152927770238077,58.782,11.72,sent,1000,
379,152927775167575,152927775169242,1790296029469273190,152927775178629,152927775229065,50.436,11.054,sent,1000,
380,152927780167575,152927780169277,1790296029474272794,152927780179496,152927780238458,58.962,11.921,sent,1000,
381,152927785167575,152927785169914,1790296029479274733,152927785187246,152927785291544,104.298,19.671,sent,1000,
382,152927790167575,152927790169608,1790296029484273146,152927790179187,152927790238228,59.041,11.612,sent,1000,
383,152927795167575,152927795169233,1790296029489273843,152927795179332,152927795238174,58.842,11.757,sent,1000,
384,152927800167575,152927800169619,1790296029494274179,152927800187062,152927800289737,102.675,19.487,sent,1000,
385,152927805167575,152927805170045,1790296029499274394,152927805186476,152927805291375,104.899,18.901,sent,1000,
386,152927810167575,152927810169461,1790296029504273058,152927810178778,152927810239664,60.886,11.203,sent,1000,
387,152927815167575,152927815169136,1790296029509273174,152927815179015,152927815237776,58.761,11.44,sent,1000,
388,152927820167575,152927820169863,1790296029514273470,152927820179541,152927820238393,58.852,11.966,sent,1000,
389,152927825167575,152927825169748,1790296029519274037,152927825186349,152927825290747,104.398,18.774,sent,1000,
390,152927830167575,152927830169523,1790296029524273030,152927830178881,152927830238193,59.312,11.306,sent,1000,
391,152927835167575,152927835169999,1790296029529273657,152927835179327,152927835240212,60.885,11.752,sent,1000,
392,152927840167575,152927840170455,1790296029534274624,152927840187989,152927840293629,105.64,20.414,sent,1000,
393,152927845167575,152927845170481,1790296029539274679,152927845186471,152927845286330,99.859,18.896,sent,1000,
394,152927850167575,152927850169615,1790296029544273473,152927850179203,152927850238525,59.322,11.628,sent,1000,
395,152927855167575,152927855169630,1790296029549274380,152927855186312,152927855290098,103.786,18.737,sent,1000,
396,152927860167575,152927860169477,1790296029554274287,152927860188042,152927860295055,107.013,20.467,sent,1000,
397,152927865167575,152927865169372,1790296029559273040,152927865177648,152927865231530,53.882,10.073,sent,1000,
398,152927870167575,152927870169447,1790296029564273305,152927870179667,152927870238909,59.242,12.092,sent,1000,
399,152927875167575,152927875168872,1790296029569273000,152927875185734,152927875282196,96.462,18.159,sent,1000,
400,152927880167575,152927880169198,1790296029574272815,152927880178656,152927880237577,58.921,11.081,sent,1000,
401,152927885167575,152927885169253,1790296029579273883,152927885179382,152927885238715,59.333,11.807,sent,1000,
402,152927890167575,152927890169569,1790296029584273096,152927890178756,152927890238189,59.433,11.181,sent,1000,
403,152927895167575,152927895169655,1790296029589274134,152927895186266,152927895292738,106.472,18.691,sent,1000,
404,152927900167575,152927900170642,1790296029594274851,152927900187794,152927900293825,106.031,20.219,sent,1000,
405,152927905167575,152927905169125,1790296029599272993,152927905177841,152927905230972,53.131,10.266,sent,1000,
406,152927910167575,152927910169783,1790296029604273310,152927910179311,152927910239144,59.833,11.736,sent,1000,
407,152927915167575,152927915169447,1790296029609274227,152927915186941,152927915291148,104.207,19.366,sent,1000,
408,152927920167575,152927920170364,1790296029614274553,152927920187337,152927920293067,105.73,19.762,sent,1000,
409,152927925167575,152927925169358,1790296029619272986,152927925177844,152927925232548,54.704,10.269,sent,1000,
410,152927930167575,152927930169213,1790296029624272730,152927930179202,152927930237943,58.741,11.627,sent,1000,
411,152927935167575,152927935169319,1790296029629273237,152927935178907,152927935237878,58.971,11.332,sent,1000,
412,152927940167575,152927940170176,1790296029634274955,152927940188430,152927940292938,104.508,20.855,sent,1000,
413,152927945167575,152927945169870,1790296029639273518,152927945178306,152927945232359,54.053,10.731,sent,1000,
414,152927950167575,152927950169014,1790296029644273223,152927950179193,152927950237995,58.802,11.618,sent,1000,
415,152927955167575,152927955170653,1790296029649274971,152927955187595,152927955294167,106.572,20.02,sent,1000,
416,152927960167575,152927960169988,1790296029654274568,152927960188003,152927960293282,105.279,20.428,sent,1000,
417,152927965167575,152927965169052,1790296029659272629,152927965188599,152927965241850,53.251,21.024,sent,1000,
418,152927970167575,152927970169117,1790296029664273126,152927970179427,152927970238619,59.192,11.852,sent,1000,
419,152927975167575,152927975170175,1790296029669274343,152927975187107,152927975292326,105.219,19.532,sent,1000,
420,152927980167575,152927980169228,1790296029674272756,152927980179217,152927980237247,58.03,11.642,sent,1000,
421,152927985167575,152927985169093,1790296029679273252,152927985178842,152927985239777,60.935,11.267,sent,1000,
422,152927990167575,152927990169560,1790296029684273378,152927990179669,152927990239222,59.553,12.094,sent,1000,
423,152927995167575,152927995170046,1790296029689274215,152927995186848,152927995292538,105.69,19.273,sent,1000,
424,152928000167575,152928000169280,1790296029694273519,152928000179038,152928000238361,59.323,11.463,sent,1000,
425,152928005167575,152928005169456,1790296029699272913,152928005177571,152928005231363,53.792,9.996,sent,1000,
426,152928010167575,152928010167980,1790296029704270936,152928010170475,152928010187868,17.393,2.9,sent,1000,
427,152928015167575,152928015168266,1790296029709271733,152928015176882,152928015230504,53.622,9.307,sent,1000,
428,152928020167575,152928020168241,1790296029714272279,152928020175054,152928020203788,28.734,7.479,sent,1000,
429,152928025167575,152928025168307,1790296029719271313,152928025171553,152928025194857,23.304,3.978,sent,1000,
430,152928030167575,152928030168192,1790296029724271218,152928030171468,152928030194331,22.863,3.893,sent,1000,
431,152928035167575,152928035168057,1790296029729271093,152928035171664,152928035195068,23.404,4.089,sent,1000,
432,152928040167575,152928040168283,1790296029734271309,152928040171549,152928040190064,18.515,3.974,sent,1000,
433,152928045167575,152928045168318,1790296029739271334,152928045171654,152928045194417,22.763,4.079,sent,1000,
434,152928050167575,152928050169446,1790296029744273334,152928050179384,152928050239508,60.124,11.809,sent,1000,
435,152928055167575,152928055170134,1790296029749274392,152928055186545,152928055290752,104.207,18.97,sent,1000,
436,152928060167575,152928060170480,1790296029754274749,152928060187492,152928060295838,108.346,19.917,sent,1000,
437,152928065167575,152928065169574,1790296029759273482,152928065179052,152928065239286,60.234,11.477,sent,1000,
438,152928070167575,152928070169950,1790296029764273497,152928070179227,152928070240063,60.836,11.652,sent,1000,
439,152928075167575,152928075169274,1790296029769273202,152928075178411,152928075238605,60.194,10.836,sent,1000,
440,152928080167575,152928080169620,1790296029774273798,152928080186482,152928080296290,109.808,18.907,sent,1000,
441,152928085167575,152928085171128,1790296029779274675,152928085180616,152928085241662,61.046,13.041,sent,1000,
442,152928090167575,152928090169540,1790296029784273709,152928090178678,152928090232660,53.982,11.103,sent,1000,
443,152928095167575,152928095168223,1790296029789271260,152928095172241,152928095196036,23.795,4.666,sent,1000,
444,152928100167575,152928100168199,1790296029794271225,152928100171845,152928100194859,23.014,4.27,sent,1000,
445,152928105167575,152928105168254,1790296029799271271,152928105171501,152928105194805,23.304,3.926,sent,1000,
446,152928110167575,152928110168171,1790296029804271187,152928110171437,152928110194691,23.254,3.862,sent,1000,
447,152928115167575,152928115168246,1790296029809271273,152928115171443,152928115194827,23.384,3.868,sent,1000,
448,152928120167575,152928120168232,1790296029814271258,152928120171628,152928120191716,20.088,4.053,sent,1000,
449,152928125167575,152928125168187,1790296029819271203,152928125171403,152928125194016,22.613,3.828,sent,1000,
450,152928130167575,152928130168333,1790296029824271359,152928130171529,152928130194282,22.753,3.954,sent,1000,
451,152928135167575,152928135169971,1790296029829274130,152928135187003,152928135292053,105.05,19.428,sent,1000,
452,152928140167575,152928140169015,1790296029834273023,152928140178372,152928140234779,56.407,10.797,sent,1000,
453,152928145167575,152928145168269,1790296029839271295,152928145172847,152928145196743,23.896,5.272,sent,1000,
454,152928150167575,152928150168094,1790296029844271120,152928150171420,152928150194123,22.703,3.845,sent,1000,
455,152928155167575,152928155168000,1790296029849270896,152928155170234,152928155185033,14.799,2.659,sent,1000,
456,152928160167575,152928160168347,1790296029854271363,152928160171633,152928160194496,22.863,4.058,sent,1000,
457,152928165167575,152928165168302,1790296029859271308,152928165171478,152928165194001,22.523,3.903,sent,1000,
458,152928170167575,152928170168287,1790296029864271304,152928170171614,152928170195048,23.434,4.039,sent,1000,
459,152928175167575,152928175170637,1790296029869274806,152928175210312,152928175312877,102.565,42.737,sent,1000,
460,152928180167575,152928180169701,1790296029874273889,152928180186212,152928180290920,104.708,18.637,sent,1000,
461,152928185167575,152928185169606,1790296029879274315,152928185187259,152928185286167,98.908,19.684,sent,1000,
462,152928190167575,152928190169220,1790296029884273129,152928190179199,152928190239113,59.914,11.624,sent,1000,
463,152928195167575,152928195169236,1790296029889273124,152928195178994,152928195240270,61.276,11.419,sent,1000,
464,152928200167575,152928200170023,1790296029894274492,152928200187115,152928200291323,104.208,19.54,sent,1000,
465,152928205167575,152928205169970,1790296029899274249,152928205186371,152928205290208,103.837,18.796,sent,1000,
466,152928210167575,152928210170596,1790296029904274795,152928210187208,152928210299641,112.433,19.633,sent,1000,
467,152928215167575,152928215169570,1790296029909273097,152928215179038,152928215238310,59.272,11.463,sent,1000,
468,152928220167575,152928220170066,1790296029914274215,152928220186698,152928220292849,106.151,19.123,sent,1000,
469,152928225167575,152928225169591,1790296029919274150,152928225186442,152928225289969,103.527,18.867,sent,1000,
470,152928230167575,152928230169736,1790296029924273935,152928230185897,152928230290605,104.708,18.322,sent,1000,
471,152928235167575,152928235169100,1790296029929273119,152928235178729,152928235238402,59.673,11.154,sent,1000,
472,152928240167575,152928240168054,1790296029934271000,152928240171150,152928240189424,18.274,3.575,sent,1000,
473,152928245167575,152928245168219,1790296029939271236,152928245171856,152928245195461,23.605,4.281,sent,1000,
474,152928250167575,152928250168125,1790296029944271141,152928250171401,152928250194034,22.633,3.826,sent,1000,
475,152928255167575,152928255168071,1790296029949271098,152928255171658,152928255188330,16.672,4.083,sent,1000,
476,152928260167575,152928260170552,1790296029954274720,152928260187253,152928260292092,104.839,19.678,sent,1000,
477,152928265167575,152928265168343,1790296029959271369,152928265172010,152928265195324,23.314,4.435,sent,1000,
478,152928270167575,152928270169040,1790296029964273178,152928270179369,152928270238231,58.862,11.794,sent,1000,
479,152928275167575,152928275170057,1790296029969273734,152928275179795,152928275239599,59.804,12.22,sent,1000,
480,152928280167575,152928280169211,1790296029974272718,152928280178117,152928280213394,35.277,10.542,sent,1000,
481,152928285167575,152928285169647,1790296029979274116,152928285186699,152928285290065,103.366,19.124,sent,1000,
482,152928290167575,152928290168881,1790296029984272448,152928290178369,152928290233333,54.964,10.794,sent,1000,
483,152928295167575,152928295170028,1790296029989273566,152928295179556,152928295239109,59.553,11.981,sent,1000,
484,152928300167575,152928300170374,1790296029994274803,152928300187907,152928300290803,102.896,20.332,sent,1000,
485,152928305167575,152928305169079,1790296029999273278,152928305185290,152928305281252,95.962,17.715,sent,1000,
486,152928310167575,152928310170096,1790296030004274415,152928310186668,152928310293079,106.411,19.093,sent,1000,
487,152928315167575,152928315169591,1790296030009273098,152928315179059,152928315240826,61.767,11.484,sent,1000,
488,152928320167575,152928320169846,1790296030014274416,152928320186708,152928320298931,112.223,19.133,sent,1000,
489,152928325167575,152928325168920,1790296030019273069,152928325184580,152928325283367,98.787,17.005,sent,1000,
490,152928330167575,152928330169517,1790296030024273695,152928330186238,152928330291257,105.019,18.663,sent,1000,
491,152928335167575,152928335169211,1790296030029272829,152928335178469,152928335236379,57.91,10.894,sent,1000,
492,152928340167575,152928340170068,1790296030034274277,152928340186720,152928340289795,103.075,19.145,sent,1000,
493,152928345167575,152928345170094,1790296030039274523,152928345184411,152928345277978,93.567,16.836,sent,1000,
494,152928350167575,152928350170681,1790296030044275000,152928350187172,152928350291210,104.038,19.597,sent,1000,
495,152928355167575,152928355170367,1790296030049274676,152928355187409,152928355292478,105.069,19.834,sent,1000,
496,152928360167575,152928360170132,1790296030054274631,152928360187635,152928360291432,103.797,20.06,sent,1000,
497,152928365167575,152928365170047,1790296030059274205,152928365186037,152928365287740,101.703,18.462,sent,1000,
498,152928370167575,152928370169671,1790296030064273540,152928370179220,152928370238241,59.021,11.645,sent,1000,
499,152928375167575,152928375169446,1790296030069274126,152928375186559,152928375289053,102.494,18.984,sent,1000,
500,152928380167575,152928380168520,1790296030074272027,152928380178228,152928380234615,56.387,10.653,sent,1000,
501,152928385167575,152928385169788,1790296030079273996,152928385186189,152928385288723,102.534,18.614,sent,1000,
502,152928390167575,152928390169162,1790296030084273010,152928390179461,152928390239044,59.583,11.886,sent,1000,
503,152928395167575,152928395169578,1790296030089273516,152928395179417,152928395239941,60.524,11.842,sent,1000,
504,152928400167575,152928400169806,1790296030094274044,152928400186247,152928400288671,102.424,18.672,sent,1000,
505,152928405167575,152928405169500,1790296030099273348,152928405177456,152928405231087,53.631,9.881,sent,1000,
506,152928410167575,152928410169576,1790296030104273524,152928410179675,152928410239018,59.343,12.1,sent,1000,
507,152928415167575,152928415169211,1790296030109272728,152928415178618,152928415237590,58.972,11.043,sent,1000,
508,152928420167575,152928420170248,1790296030114274447,152928420186679,152928420290235,103.556,19.104,sent,1000,
509,152928425167575,152928425168540,1790296030119272057,152928425178339,152928425238012,59.673,10.764,sent,1000,
510,152928430167575,152928430169357,1790296030124272914,152928430178524,152928430237777,59.253,10.949,sent,1000,
511,152928435167575,152928435169022,1790296030129273321,152928435186785,152928435289019,102.234,19.21,sent,1000,
512,152928440167575,152928440170580,1790296030134274719,152928440187282,152928440290197,102.915,19.707,sent,1000,
513,152928445167575,152928445170024,1790296030139273612,152928445179312,152928445239957,60.645,11.737,sent,1000,
514,152928450167575,152928450169970,1790296030144274148,152928450186601,152928450290498,103.897,19.026,sent,1000,
515,152928455167575,152928455170737,1790296030149275016,152928455187429,152928455293350,105.921,19.854,sent,1000,
516,152928460167575,152928460170602,1790296030154274811,152928460187304,152928460290580,103.276,19.729,sent,1000,
517,152928465167575,152928465169927,1790296030159274095,152928465186187,152928465290705,104.518,18.612,sent,1000,
518,152928470167575,152928470170663,1790296030164274872,152928470186954,152928470291713,104.759,19.379,sent,1000,
519,152928475167575,152928475170629,1790296030169274847,152928475188272,152928475291898,103.626,20.697,sent,1000,
520,152928480167575,152928480168660,1790296030174273220,152928480185462,152928480289900,104.438,17.887,sent,1000,
521,152928485167575,152928485170269,1790296030179274608,152928485187752,152928485294564,106.812,20.177,sent,1000,
522,152928490167575,152928490169192,1790296030184273280,152928490185363,152928490287035,101.672,17.788,sent,1000,
523,152928495167575,152928495171001,1790296030189275159,152928495187402,152928495293553,106.151,19.827,sent,1000,
524,152928500167575,152928500169926,1790296030194274105,152928500186878,152928500291236,104.358,19.303,sent,1000,
525,152928505167575,152928505170543,1790296030199274721,152928505188076,152928505292033,103.957,20.501,sent,1000,
526,152928510167575,152928510170959,1790296030204275148,152928510187410,152928510293050,105.64,19.835,sent,1000,
527,152928515167575,152928515170143,1790296030209274381,152928515187365,152928515293316,105.951,19.79,sent,1000,
528,152928520167575,152928520169637,1790296030214274086,152928520186830,152928520291067,104.237,19.255,sent,1000,
529,152928525167575,152928525171005,1790296030219275254,152928525187817,152928525294108,106.291,20.242,sent,1000,
530,152928530167575,152928530168967,1790296030224272484,152928530177934,152928530237637,59.703,10.359,sent,1000,
531,152928535167575,152928535169693,1790296030229274153,152928535186395,152928535294871,108.476,18.82,sent,1000,
532,152928540167575,152928540169508,1790296030234273146,152928540179227,152928540238289,59.062,11.652,sent,1000,
533,152928545167575,152928545169254,1790296030239273382,152928545179092,152928545239076,59.984,11.517,sent,1000,
534,152928550167575,152928550169531,1790296030244273068,152928550178608,152928550238291,59.683,11.033,sent,1000,
535,152928555167575,152928555170097,1790296030249274246,152928555186969,152928555298350,111.381,19.394,sent,1000,
536,152928560167575,152928560170614,1790296030254274752,152928560187125,152928560294609,107.484,19.55,sent,1000,
537,152928565167575,152928565169226,1790296030259272754,152928565178183,152928565238447,60.264,10.608,sent,1000,
538,152928570167575,152928570169843,1790296030264274302,152928570186124,152928570293207,107.083,18.549,sent,1000,
539,152928575167575,152928575168916,1790296030269273285,152928575185708,152928575284425,98.717,18.133,sent,1000,
540,152928580167575,152928580170415,1790296030274275174,152928580189481,152928580288358,98.877,21.906,sent,1000,
541,152928585167575,152928585170210,1790296030279274609,152928585187122,152928585295387,108.265,19.547,sent,1000,
542,152928590167575,152928590169594,1790296030284273802,152928590186295,152928590295072,108.777,18.72,sent,1000,
543,152928595167575,152928595170210,1790296030289274539,152928595187443,152928595295879,108.436,19.868,sent,1000,
544,152928600167575,152928600170088,1790296030294274246,152928600210955,152928600316796,105.841,43.38,sent,1000,
545,152928605167575,152928605170003,1790296030299274262,152928605186835,152928605295791,108.956,19.26,sent,1000,
546,152928610167575,152928610222478,1790296030304325995,152928610231765,152928610292711,60.946,64.19,sent,1000,
547,152928615167575,152928615169252,1790296030309272800,152928615178890,152928615240908,62.018,11.315,sent,1000,
548,152928620167575,152928620169979,1790296030314274468,152928620187983,152928620291960,103.977,20.408,sent,1000,
549,152928625167575,152928625170635,1790296030319274824,152928625187988,152928625294190,106.202,20.413,sent,1000,
550,152928630167575,152928630168968,1790296030324272796,152928630178225,152928630268076,89.851,10.65,sent,1000,
551,152928635167575,152928635214860,1790296030329319019,152928635233014,152928635342552,109.538,65.439,sent,1000,
552,152928640167575,152928640169890,1790296030334274660,152928640187363,152928640290349,102.986,19.788,sent,1000,
553,152928645167575,152928645169136,1790296030339273505,152928645188673,152928645265689,77.016,21.098,sent,1000,
554,152928650167575,152928650167809,1790296030344270725,152928650170374,152928650183609,13.235,2.799,sent,1000,
555,152928655167575,152928655167984,1790296030349270861,152928655170660,152928655187932,17.272,3.085,sent,1000,
556,152928660167575,152928660167960,1790296030354270826,152928660169513,152928660184611,15.098,1.938,sent,1000,
557,152928665167575,152928665167965,1790296030359270841,152928665169368,152928665185508,16.14,1.793,sent,1000,
558,152928670167575,152928670167961,1790296030364270837,152928670169173,152928670184001,14.828,1.598,sent,1000,
559,152928675167575,152928675167976,1790296030369270842,152928675169078,152928675184257,15.179,1.503,sent,1000,
560,152928680167575,152928680167861,1790296030374270717,152928680168602,152928680179513,10.911,1.027,sent,1000,
561,152928685167575,152928685167776,1790296030379270632,152928685168608,152928685179939,11.331,1.033,sent,1000,
562,152928690167575,152928690168222,1790296030384271239,152928690171779,152928690195133,23.354,4.204,sent,1000,
563,152928695167575,152928695169782,1790296030389274331,152928695188027,152928695291613,103.586,20.452,sent,1000,
564,152928700167575,152928700169708,1790296030394273926,152928700185418,152928700289294,103.876,17.843,sent,1000,
565,152928705167575,152928705170254,1790296030399274383,152928705187016,152928705292215,105.199,19.441,sent,1000,
566,152928710167575,152928710170189,1790296030404274799,152928710187352,152928710291680,104.328,19.777,sent,1000,
567,152928715167575,152928715168632,1790296030409272169,152928715177669,152928715216482,38.813,10.094,sent,1000,
568,152928720167575,152928720170370,1790296030414274619,152928720186391,152928720289196,102.805,18.816,sent,1000,
569,152928725167575,152928725170366,1790296030419274735,152928725187378,152928725293529,106.151,19.803,sent,1000,
570,152928730167575,152928730169119,1790296030424273338,152928730185921,152928730289737,103.816,18.346,sent,1000,
571,152928735167575,152928735170226,1790296030429274475,152928735187419,152928735290574,103.155,19.844,sent,1000,
572,152928740167575,152928740170052,1790296030434274371,152928740185982,152928740291241,105.259,18.407,sent,1000,
573,152928745167575,152928745168205,1790296030439271232,152928745172063,152928745196469,24.406,4.488,sent,1000,
574,152928750167575,152928750169523,1790296030444273040,152928750178771,152928750238754,59.983,11.196,sent,1000,
575,152928755167575,152928755170009,1790296030449274258,152928755186891,152928755291870,104.979,19.316,sent,1000,
576,152928760167575,152928760170496,1790296030454274594,152928760187037,152928760288720,101.683,19.462,sent,1000,
577,152928765167575,152928765170000,1790296030459274209,152928765187253,152928765290569,103.316,19.678,sent,1000,
578,152928770167575,152928770170607,1790296030464274775,152928770187529,152928770291556,104.027,19.954,sent,1000,
579,152928775167575,152928775170953,1790296030469275071,152928775187564,152928775291571,104.007,19.989,sent,1000,
580,152928780167575,152928780168854,1790296030474272421,152928780178292,152928780237534,59.242,10.717,sent,1000,
581,152928785167575,152928785169621,1790296030479273759,152928785186212,152928785289758,103.546,18.637,sent,1000,
582,152928790167575,152928790168465,1790296030484272002,152928790178133,152928790235702,57.569,10.558,sent,1000,
583,152928795167575,152928795168100,1790296030489271127,152928795171577,152928795195933,24.356,4.002,sent,1000,
584,152928800167575,152928800168206,1790296030494271222,152928800171452,152928800194415,22.963,3.877,sent,1000,
585,152928805167575,152928805168311,1790296030499271328,152928805171648,152928805195082,23.434,4.073,sent,1000,
586,152928810167575,152928810169469,1790296030504273447,152928810178155,152928810231967,53.812,10.58,sent,1000,
587,152928815167575,152928815169264,1790296030509272791,152928815192107,152928815250738,58.631,24.532,sent,1000,
588,152928820167575,152928820169610,1790296030514273137,152928820178988,152928820238510,59.522,11.413,sent,1000,
589,152928825167575,152928825169826,1790296030519274114,152928825185886,152928825291246,105.36,18.311,sent,1000,
590,152928830167575,152928830169661,1790296030524273859,152928830186653,152928830288646,101.993,19.078,sent,1000,
591,152928835167575,152928835169135,1790296030529272682,152928835178923,152928835239739,60.816,11.348,sent,1000,
592,152928840167575,152928840170505,1790296030534274743,152928840187236,152928840295051,107.815,19.661,sent,1000,
593,152928845167575,152928845170370,1790296030539274949,152928845188093,152928845292742,104.649,20.518,sent,1000,
594,152928850167575,152928850170115,1790296030544274243,152928850186496,152928850290863,104.367,18.921,sent,1000,
595,152928855167575,152928855170120,1790296030549274289,152928855187122,152928855290739,103.617,19.547,sent,1000,
596,152928860167575,152928860170246,1790296030554274434,152928860186607,152928860287778,101.171,19.032,sent,1000,
597,152928865167575,152928865170081,1790296030559274239,152928865186892,152928865292382,105.49,19.317,sent,1000,
598,152928870167575,152928870170657,1790296030564274776,152928870187238,152928870290254,103.016,19.663,sent,1000,
599,152928875167575,152928875170612,1790296030569274791,152928875187264,152928875292874,105.61,19.689,sent,1000,
600,152928880167575,152928880168824,1790296030574272342,152928880177821,152928880234709,56.888,10.246,sent,1000,
601,152928885167575,152928885170092,1790296030579274231,152928885186854,152928885288096,101.242,19.279,sent,1000,
602,152928890167575,152928890169879,1790296030584273386,152928890179116,152928890239390,60.274,11.541,sent,1000,
603,152928895167575,152928895170696,1790296030589275125,152928895188119,152928895292176,104.057,20.544,sent,1000,
604,152928900167575,152928900169789,1790296030594274018,152928900186381,152928900289947,103.566,18.806,sent,1000,
605,152928905167575,152928905169835,1790296030599273993,152928905186687,152928905289521,102.834,19.112,sent,1000,
606,152928910167575,152928910170942,1790296030604275051,152928910187203,152928910291821,104.618,19.628,sent,1000,
607,152928915167575,152928915169415,1790296030609273553,152928915186687,152928915294061,107.374,19.112,sent,1000,
608,152928920167575,152928920170732,1790296030614274921,152928920187905,152928920293255,105.35,20.33,sent,1000,
609,152928925167575,152928925170067,1790296030619274606,152928925187379,152928925289803,102.424,19.804,sent,1000,
610,152928930167575,152928930169300,1790296030624273469,152928930185291,152928930289198,103.907,17.716,sent,1000,
611,152928935167575,152928935169707,1790296030629274276,152928935186759,152928935291457,104.698,19.184,sent,1000,
612,152928940167575,152928940170635,1790296030634274854,152928940186586,152928940291915,105.329,19.011,sent,1000,
613,152928945167575,152928945170450,1790296030639274699,152928945187383,152928945289486,102.103,19.808,sent,1000,
614,152928950167575,152928950168212,1790296030644271238,152928950172139,152928950196555,24.416,4.564,sent,1000,
615,152928955167575,152928955170501,1790296030649274720,152928955188545,152928955293625,105.08,20.97,sent,1000,
616,152928960167575,152928960170086,1790296030654274625,152928960186477,152928960289332,102.855,18.902,sent,1000,
617,152928965167575,152928965169741,1790296030659273949,152928965186222,152928965294958,108.736,18.647,sent,1000,
618,152928970167575,152928970170768,1790296030664274876,152928970187249,152928970291417,104.168,19.674,sent,1000,
619,152928975167575,152928975170493,1790296030669274772,152928975187665,152928975294327,106.662,20.09,sent,1000,
620,152928980167575,152928980169226,1790296030674273404,152928980184885,152928980288722,103.837,17.31,sent,1000,
621,152928985167575,152928985170203,1790296030679274412,152928985186574,152928985290231,103.657,18.999,sent,1000,
622,152928990167575,152928990169689,1790296030684273216,152928990180109,152928990241535,61.426,12.534,sent,1000,
623,152928995167575,152928995170686,1790296030689274915,152928995187799,152928995290483,102.684,20.224,sent,1000,
624,152929000167575,152929000169740,1790296030694274149,152929000187373,152929000290318,102.945,19.798,sent,1000,
625,152929005167575,152929005169916,1790296030699274064,152929005185575,152929005289412,103.837,18.0,sent,1000,
626,152929010167575,152929010170041,1790296030704274450,152929010185581,152929010282835,97.254,18.006,sent,1000,
627,152929015167575,152929015168594,1790296030709272191,152929015178583,152929015228377,49.794,11.008,sent,1000,
628,152929020167575,152929020170673,1790296030714274832,152929020187435,152929020292183,104.748,19.86,sent,1000,
629,152929025167575,152929025168194,1790296030719271210,152929025184404,152929025207719,23.315,16.829,sent,1000,
630,152929030167575,152929030169131,1790296030724273279,152929030185843,152929030291833,105.99,18.268,sent,1000,
631,152929035167575,152929035170260,1790296030729274489,152929035187523,152929035295998,108.475,19.948,sent,1000,
632,152929040167575,152929040169254,1790296030734274013,152929040186817,152929040292116,105.299,19.242,sent,1000,
633,152929045167575,152929045170581,1790296030739274770,152929045186953,152929045290569,103.616,19.378,sent,1000,
634,152929050167575,152929050169795,1790296030744273974,152929050186066,152929050293009,106.943,18.491,sent,1000,
635,152929055167575,152929055170151,1790296030749274360,152929055187364,152929055291792,104.428,19.789,sent,1000,
636,152929060167575,152929060169836,1790296030754274586,152929060186698,152929060289793,103.095,19.123,sent,1000,
637,152929065167575,152929065169561,1790296030759273690,152929065184549,152929065282445,97.896,16.974,sent,1000,
638,152929070167575,152929070169947,1790296030764274176,152929070186749,152929070291287,104.538,19.174,sent,1000,
639,152929075167575,152929075170233,1790296030769274352,152929075187085,152929075292395,105.31,19.51,sent,1000,
640,152929080167575,152929080169206,1790296030774273405,152929080186068,152929080289505,103.437,18.493,sent,1000,
641,152929085167575,152929085170306,1790296030779274514,152929085187628,152929085293940,106.312,20.053,sent,1000,
642,152929090167575,152929090168578,1790296030784272756,152929090177475,152929090231136,53.661,9.9,sent,1000,
643,152929095167575,152929095168293,1790296030789271309,152929095172330,152929095198009,25.679,4.755,sent,1000,
644,152929100167575,152929100168308,1790296030794271334,152929100171694,152929100196020,24.326,4.119,sent,1000,
645,152929105167575,152929105168253,1790296030799271270,152929105171860,152929105195505,23.645,4.285,sent,1000,
646,152929110167575,152929110170393,1790296030804274621,152929110186353,152929110297223,110.87,18.778,sent,1000,
647,152929115167575,152929115169356,1790296030809273535,152929115186448,152929115292780,106.332,18.873,sent,1000,
648,152929120167575,152929120169822,1790296030814274081,152929120186885,152929120292074,105.189,19.31,sent,1000,
649,152929125167575,152929125170158,1790296030819274657,152929125187030,152929125288933,101.903,19.455,sent,1000,
650,152929130167575,152929130169774,1790296030824273992,152929130186395,152929130295131,108.736,18.82,sent,1000,
651,152929135167575,152929135170782,1790296030829275161,152929135189207,152929135292492,103.285,21.632,sent,1000,
652,152929140167575,152929140168583,1790296030834272130,152929140177590,152929140233366,55.776,10.015,sent,1000,
653,152929145167575,152929145169400,1790296030839273949,152929145190179,152929145229033,38.854,22.604,sent,1000,
654,152929150167575,152929150168243,1790296030844271270,152929150171780,152929150195705,23.925,4.205,sent,1000,
655,152929155167575,152929155168329,1790296030849271345,152929155171775,152929155195320,23.545,4.2,sent,1000,
656,152929160167575,152929160168314,1790296030854271340,152929160171550,152929160194484,22.934,3.975,sent,1000,
657,152929165167575,152929165168359,1790296030859271386,152929165171666,152929165194589,22.923,4.091,sent,1000,
658,152929170167575,152929170168144,1790296030864271171,152929170171771,152929170194384,22.613,4.196,sent,1000,
659,152929175167575,152929175168120,1790296030869271156,152929175171827,152929175194419,22.592,4.252,sent,1000,
660,152929180167575,152929180168215,1790296030874271242,152929180171542,152929180194565,23.023,3.967,sent,1000,
661,152929185167575,152929185168302,1790296030879271319,152929185171639,152929185194522,22.883,4.064,sent,1000,
662,152929190167575,152929190168127,1790296030884271154,152929190171384,152929190194037,22.653,3.809,sent,1000,
663,152929195167575,152929195168253,1790296030889271270,152929195171549,152929195194353,22.804,3.974,sent,1000,
664,152929200167575,152929200168930,1790296030894272487,152929200178107,152929200237630,59.523,10.532,sent,1000,
665,152929205167575,152929205168294,1790296030899271310,152929205171770,152929205195756,23.986,4.195,sent,1000,
666,152929210167575,152929210170253,1790296030904274722,152929210187866,152929210298596,110.73,20.291,sent,1000,
667,152929215167575,152929215169377,1790296030909273615,152929215185878,152929215288883,103.005,18.303,sent,1000,
668,152929220167575,152929220170093,1790296030914274352,152929220186775,152929220297455,110.68,19.2,sent,1000,
669,152929225167575,152929225169698,1790296030919274237,152929225186139,152929225295206,109.067,18.564,sent,1000,
670,152929230167575,152929230169704,1790296030924273893,152929230187077,152929230291876,104.799,19.502,sent,1000,
671,152929235167575,152929235169069,1790296030929272607,152929235179229,152929235237589,58.36,11.654,sent,1000,
672,152929240167575,152929240170157,1790296030934274355,152929240187940,152929240247453,59.513,20.365,sent,1000,
673,152929245167575,152929245170543,1790296030939274772,152929245187455,152929245343160,155.705,19.88,sent,1000,
674,152929250167575,152929250169446,1790296030944273665,152929250185857,152929250292600,106.743,18.282,sent,1000,
675,152929255167575,152929255170113,1790296030949274362,152929255186814,152929255291994,105.18,19.239,sent,1000,
676,152929260167575,152929260170890,1790296030954275128,152929260188283,152929260290106,101.823,20.708,sent,1000,
677,152929265167575,152929265169332,1790296030959273791,152929265185633,152929265289259,103.626,18.058,sent,1000,
678,152929270167575,152929270169969,1790296030964274197,152929270185889,152929270289245,103.356,18.314,sent,1000,
679,152929275167575,152929275170976,1790296030969275255,152929275187587,152929275293568,105.981,20.012,sent,1000,
680,152929280167575,152929280169119,1790296030974273268,152929280185080,152929280273317,88.237,17.505,sent,1000,
681,152929285167575,152929285169175,1790296030979272692,152929285178342,152929285238166,59.824,10.767,sent,1000,
682,152929290167575,152929290168439,1790296030984271956,152929290177596,152929290232250,54.654,10.021,sent,1000,
683,152929295167575,152929295168274,1790296030989271300,152929295172081,152929295195245,23.164,4.506,sent,1000,
684,152929300167575,152929300169442,1790296030994273610,152929300186714,152929300290361,103.647,19.139,sent,1000,
685,152929305167575,152929305168235,1790296030999271261,152929305171601,152929305194755,23.154,4.026,sent,1000,
686,152929310167575,152929310168210,1790296031004271226,152929310171626,152929310214668,43.042,4.051,sent,1000,
687,152929315167575,152929315168275,1790296031009271292,152929315171512,152929315194695,23.183,3.937,sent,1000,
688,152929320167575,152929320168281,1790296031014271297,152929320171747,152929320194450,22.703,4.172,sent,1000,
689,152929325167575,152929325168357,1790296031019271373,152929325171673,152929325194607,22.934,4.098,sent,1000,
690,152929330167575,152929330168133,1790296031024271159,152929330171299,152929330193671,22.372,3.724,sent,1000,
691,152929335167575,152929335169280,1790296031029272808,152929335178177,152929335237490,59.313,10.602,sent,1000,
692,152929340167575,152929340169657,1790296031034273855,152929340186559,152929340292630,106.071,18.984,sent,1000,
693,152929345167575,152929345170263,1790296031039274652,152929345186163,152929345284880,98.717,18.588,sent,1000,
694,152929350167575,152929350169006,1790296031044272523,152929350178244,152929350237195,58.951,10.669,sent,1000,
695,152929355167575,152929355169943,1790296031049274162,152929355187106,152929355292105,104.999,19.531,sent,1000,
696,152929360167575,152929360170540,1790296031054274808,152929360187091,152929360294144,107.053,19.516,sent,1000,
697,152929365167575,152929365169333,1790296031059273541,152929365186766,152929365289320,102.554,19.191,sent,1000,
698,152929370167575,152929370169208,1790296031064273136,152929370178676,152929370237076,58.4,11.101,sent,1000,
699,152929375167575,152929375170517,1790296031069275036,152929375188401,152929375291006,102.605,20.826,sent,1000,
700,152929380167575,152929380169361,1790296031074273629,152929380185672,152929380290971,105.299,18.097,sent,1000,
701,152929385167575,152929385169817,1790296031079274016,152929385185897,152929385289293,103.396,18.322,sent,1000,
702,152929390167575,152929390169492,1790296031084273039,152929390178990,152929390239945,60.955,11.415,sent,1000,
703,152929395167575,152929395169717,1790296031089274197,152929395186840,152929395291468,104.628,19.265,sent,1000,
704,152929400167575,152929400169903,1790296031094274102,152929400186925,152929400292095,105.17,19.35,sent,1000,
705,152929405167575,152929405169448,1790296031099273556,152929405184386,152929405279376,94.99,16.811,sent,1000,
706,152929410167575,152929410168641,1790296031104273321,152929410179181,152929410237993,58.812,11.606,sent,1000,
707,152929415167575,152929415169268,1790296031109273437,152929415186010,152929415293223,107.213,18.435,sent,1000,
708,152929420167575,152929420170145,1790296031114274354,152929420187398,152929420293820,106.422,19.823,sent,1000,
709,152929425167575,152929425169461,1790296031119274181,152929425186473,152929425285962,99.489,18.898,sent,1000,
710,152929430167575,152929430168865,1790296031124272393,152929430178303,152929430238367,60.064,10.728,sent,1000,
711,152929435167575,152929435207634,1790296031129311843,152929435224666,152929435330527,105.861,57.091,sent,1000,
712,152929440167575,152929440170900,1790296031134275098,152929440187371,152929440292360,104.989,19.796,sent,1000,
713,152929445167575,152929445169603,1790296031139274092,152929445186685,152929445291494,104.809,19.11,sent,1000,
714,152929450167575,152929450169167,1790296031144272695,152929450192041,152929450250251,58.21,24.466,sent,1000,
715,152929455167575,152929455169663,1790296031149273892,152929455186696,152929455292556,105.86,19.121,sent,1000,
716,152929460167575,152929460170230,1790296031154274749,152929460186411,152929460290488,104.077,18.836,sent,1000,
717,152929465167575,152929465168482,1790296031159272009,152929465177760,152929465238314,60.554,10.185,sent,1000,
718,152929470167575,152929470169761,1790296031164273939,152929470186502,152929470291411,104.909,18.927,sent,1000,
719,152929475167575,152929475170288,1790296031169274777,152929475188112,152929475291177,103.065,20.537,sent,1000,
720,152929480167575,152929480169542,1790296031174273680,152929480185763,152929480295901,110.138,18.188,sent,1000,
721,152929485167575,152929485169287,1790296031179273085,152929485178825,152929485237977,59.152,11.25,sent,1000,
722,152929490167575,152929490169202,1790296031184273010,152929490178830,152929490238814,59.984,11.255,sent,1000,
723,152929495167575,152929495169668,1790296031189274167,152929495187031,152929495290748,103.717,19.456,sent,1000,
724,152929500167575,152929500169834,1790296031194274002,152929500186345,152929500292416,106.071,18.77,sent,1000,
725,152929505167575,152929505169278,1790296031199272806,152929505177854,152929505236285,58.431,10.279,sent,1000,
726,152929510167575,152929510169604,1790296031204273392,152929510178872,152929510238394,59.522,11.297,sent,1000,
727,152929515167575,152929515168868,1790296031209273037,152929515186762,152929515290058,103.296,19.187,sent,1000,
728,152929520167575,152929520169577,1790296031214273845,152929520186088,152929520290556,104.468,18.513,sent,1000,
729,152929525167575,152929525169151,1790296031219273199,152929525178869,152929525239214,60.345,11.294,sent,1000,
730,152929530167575,152929530169357,1790296031224273485,152929530184936,152929530282762,97.826,17.361,sent,1000,
731,152929535167575,152929535169282,1790296031229272809,152929535178610,152929535237411,58.801,11.035,sent,1000,
732,152929540167575,152929540168987,1790296031234273105,152929540185408,152929540287642,102.234,17.833,sent,1000,
733,152929545167575,152929545169303,1790296031239273602,152929545178911,152929545238804,59.893,11.336,sent,1000,
734,152929550167575,152929550168937,1790296031244272485,152929550178766,152929550238680,59.914,11.191,sent,1000,
735,152929555167575,152929555169774,1790296031249273943,152929555186296,152929555291826,105.53,18.721,sent,1000,
736,152929560167575,152929560169980,1790296031254274540,152929560186271,152929560295789,109.518,18.696,sent,1000,
737,152929565167575,152929565169384,1790296031259273623,152929565186066,152929565290183,104.117,18.491,sent,1000,
738,152929570167575,152929570170042,1790296031264274391,152929570186653,152929570295700,109.047,19.078,sent,1000,
739,152929575167575,152929575169327,1790296031269274738,152929575188383,152929575291699,103.316,20.808,sent,1000,
740,152929580167575,152929580170023,1790296031274274272,152929580186595,152929580288187,101.592,19.02,sent,1000,
741,152929585167575,152929585168235,1790296031279271252,152929585171722,152929585194786,23.064,4.147,sent,1000,
742,152929590167575,152929590168161,1790296031284271177,152929590171447,152929590194470,23.023,3.872,sent,1000,
743,152929595167575,152929595168266,1790296031289271283,152929595171783,152929595194957,23.174,4.208,sent,1000,
744,152929600167575,152929600169584,1790296031294273803,152929600185935,152929600294591,108.656,18.36,sent,1000,
745,152929605167575,152929605168267,1790296031299271293,152929605171884,152929605195639,23.755,4.309,sent,1000,
746,152929610167575,152929610169284,1790296031304274034,152929610186347,152929610290073,103.726,18.772,sent,1000,
747,152929615167575,152929615169470,1790296031309273639,152929615186783,152929615295368,108.585,19.208,sent,1000,
748,152929620167575,152929620169838,1790296031314274267,152929620186549,152929620293372,106.823,18.974,sent,1000,
749,152929625167575,152929625170043,1790296031319274773,152929625186956,152929625292105,105.149,19.381,sent,1000,
750,152929630167575,152929630169217,1790296031324273817,152929630187171,152929630295046,107.875,19.596,sent,1000,
751,152929635167575,152929635169453,1790296031329273902,152929635186976,152929635294971,107.995,19.401,sent,1000,
752,152929640167575,152929640170200,1790296031334274409,152929640186781,152929640292973,106.192,19.206,sent,1000,
753,152929645167575,152929645169504,1790296031339273823,152929645189211,152929645294912,105.701,21.636,sent,1000,
754,152929650167575,152929650168187,1790296031344271193,152929650171323,152929650189076,17.753,3.748,sent,1000,
755,152929655167575,152929655168262,1790296031349271289,152929655172130,152929655195724,23.594,4.555,sent,1000,
756,152929660167575,152929660168298,1790296031354271314,152929660171624,152929660194447,22.823,4.049,sent,1000,
757,152929665167575,152929665168344,1790296031359271370,152929665192560,152929665215313,22.753,24.985,sent,1000,
758,152929670167575,152929670168280,1790296031364271297,152929670171606,152929670194129,22.523,4.031,sent,1000,
759,152929675167575,152929675168306,1790296031369271322,152929675171552,152929675194726,23.174,3.977,sent,1000,
760,152929680167575,152929680168070,1790296031374271117,152929680171487,152929680189822,18.335,3.912,sent,1000,
761,152929685167575,152929685168086,1790296031379271112,152929685171613,152929685194205,22.592,4.038,sent,1000,
762,152929690167575,152929690169534,1790296031384273061,152929690179232,152929690292627,113.395,11.657,sent,1000,
763,152929695167575,152929695170100,1790296031389274590,152929695189918,152929695298033,108.115,22.343,sent,1000,
764,152929700167575,152929700169485,1790296031394273683,152929700187178,152929700296355,109.177,19.603,sent,1000,
765,152929705167575,152929705169720,1790296031399274129,152929705185991,152929705289838,103.847,18.416,sent,1000,
766,152929710167575,152929710169986,1790296031404273554,152929710179164,152929710239017,59.853,11.589,sent,1000,
767,152929715167575,152929715169342,1790296031409273550,152929715185923,152929715292265,106.342,18.348,sent,1000,
768,152929720167575,152929720169818,1790296031414273967,152929720186650,152929720245893,59.243,19.075,sent,1000,
769,152929725167575,152929725170064,1790296031419274433,152929725186696,152929725290883,104.187,19.121,sent,1000,
770,152929730167575,152929730169348,1790296031424272866,152929730178856,152929730238620,59.764,11.281,sent,1000,
771,152929735167575,152929735168923,1790296031429273322,152929735185805,152929735281707,95.902,18.23,sent,1000,
772,152929740167575,152929740170321,1790296031434274479,152929740187083,152929740292893,105.81,19.508,sent,1000,
773,152929745167575,152929745169775,1790296031439274575,152929745187068,152929745288220,101.152,19.493,sent,1000,
774,152929750167575,152929750169500,1790296031444273689,152929750186071,152929750290940,104.869,18.496,sent,1000,
775,152929755167575,152929755169766,1790296031449273965,152929755186337,152929755290945,104.608,18.762,sent,1000,
776,152929760167575,152929760169912,1790296031454274411,152929760186343,152929760277235,90.892,18.768,sent,1000,
777,152929765167575,152929765168245,1790296031459271262,152929765171882,152929765195697,23.815,4.307,sent,1000,
778,152929770167575,152929770168301,1790296031464271317,152929770171677,152929770195132,23.455,4.102,sent,1000,
779,152929775167575,152929775170040,1790296031469274218,152929775187763,152929775292241,104.478,20.188,sent,1000,
780,152929780167575,152929780169344,1790296031474272921,152929780178270,152929780238705,60.435,10.695,sent,1000,
781,152929785167575,152929785169830,1790296031479274019,152929785185910,152929785287954,102.044,18.335,sent,1000,
782,152929790167575,152929790170567,1790296031484274765,152929790187148,152929790291887,104.739,19.573,sent,1000,
783,152929795167575,152929795169981,1790296031489273659,152929795179289,152929795239162,59.873,11.714,sent,1000,
784,152929800167575,152929800169816,1790296031494273975,152929800185967,152929800291216,105.249,18.392,sent,1000,
785,152929805167575,152929805169901,1790296031499274200,152929805186944,152929805291382,104.438,19.369,sent,1000,
786,152929810167575,152929810169968,1790296031504273505,152929810179516,152929810238087,58.571,11.941,sent,1000,
787,152929815167575,152929815169673,1790296031509273852,152929815186666,152929815294099,107.433,19.091,sent,1000,
788,152929820167575,152929820169198,1790296031514272705,152929820178486,152929820237858,59.372,10.911,sent,1000,
789,152929825167575,152929825168322,1790296031519271348,152929825172870,152929825196886,24.016,5.295,sent,1000,
790,152929830167575,152929830169289,1790296031524272946,152929830179097,152929830239532,60.435,11.522,sent,1000,
791,152929835167575,152929835169885,1790296031529274094,152929835186857,152929835292668,105.811,19.282,sent,1000,
792,152929840167575,152929840169841,1790296031534274009,152929840186382,152929840292122,105.74,18.807,sent,1000,
793,152929845167575,152929845169956,1790296031539274145,152929845186798,152929845291116,104.318,19.223,sent,1000,
794,152929850167575,152929850169441,1790296031544273619,152929850186152,152929850290881,104.729,18.577,sent,1000,
795,152929855167575,152929855169606,1790296031549273805,152929855186508,152929855290305,103.797,18.933,sent,1000,
796,152929860167575,152929860170295,1790296031554274724,152929860187437,152929860291534,104.097,19.862,sent,1000,
797,152929865167575,152929865169579,1790296031559273817,152929865185779,152929865287202,101.423,18.204,sent,1000,
798,152929870167575,152929870169263,1790296031564272791,152929870179343,152929870236982,57.639,11.768,sent,1000,
799,152929875167575,152929875170671,1790296031569274880,152929875209635,152929875313642,104.007,42.06,sent,1000,
800,152929880167575,152929880169154,1790296031574273603,152929880186557,152929880290905,104.348,18.982,sent,1000,
801,152929885167575,152929885168648,1790296031579272126,152929885177134,152929885231087,53.953,9.559,sent,1000,
802,152929890167575,152929890169125,1790296031584272662,152929890178643,152929890237695,59.052,11.068,sent,1000,
803,152929895167575,152929895169851,1790296031589274581,152929895188056,152929895292654,104.598,20.481,sent,1000,
804,152929900167575,152929900169446,1790296031594273605,152929900186037,152929900291137,105.1,18.462,sent,1000,
805,152929905167575,152929905169402,1790296031599273520,152929905185222,152929905285612,100.39,17.647,sent,1000,
806,152929910167575,152929910169529,1790296031604273366,152929910179387,152929910238599,59.212,11.812,sent,1000,
807,152929915167575,152929915169915,1790296031609274233,152929915187318,152929915292898,105.58,19.743,sent,1000,
808,152929920167575,152929920169639,1790296031614273828,152929920186612,152929920292252,105.64,19.037,sent,1000,
809,152929925167575,152929925169835,1790296031619274124,152929925185555,152929925284923,99.368,17.98,sent,1000,
810,152929930167575,152929930169600,1790296031624273188,152929930179218,152929930238571,59.353,11.643,sent,1000,
811,152929935167575,152929935168994,1790296031629273113,152929935184965,152929935280956,95.991,17.39,sent,1000,
812,152929940167575,152929940170032,1790296031634274280,152929940186823,152929940292183,105.36,19.248,sent,1000,
813,152929945167575,152929945169025,1790296031639273104,152929945184935,152929945282280,97.345,17.36,sent,1000,
814,152929950167575,152929950168760,1790296031644272287,152929950178368,152929950238362,59.994,10.793,sent,1000,
815,152929955167575,152929955169658,1790296031649273807,152929955186681,152929955291279,104.598,19.106,sent,1000,
816,152929960167575,152929960170456,1790296031654274634,152929960186586,152929960296685,110.099,19.011,sent,1000,
817,152929965167575,152929965170231,1790296031659274429,152929965187443,152929965291009,103.566,19.868,sent,1000,
818,152929970167575,152929970169194,1790296031664272711,152929970178462,152929970237363,58.901,10.887,sent,1000,
819,152929975167575,152929975169650,1790296031669274129,152929975187123,152929975292623,105.5,19.548,sent,1000,
820,152929980167575,152929980169145,1790296031674274185,152929980187089,152929980292148,105.059,19.514,sent,1000,
821,152929985167575,152929985168839,1790296031679272357,152929985178107,152929985239012,60.905,10.532,sent,1000,
822,152929990167575,152929990169686,1790296031684273945,152929990186298,152929990291978,105.68,18.723,sent,1000,
823,152929995167575,152929995170864,1790296031689275113,152929995187495,152929995293146,105.651,19.92,sent,1000,
824,152930000167575,152930000169827,1790296031694274256,152930000186749,152930000292009,105.26,19.174,sent,1000,
825,152930005167575,152930005168843,1790296031699272300,152930005177048,152930005231010,53.962,9.473,sent,1000,
826,152930010167575,152930010170130,1790296031704273678,152930010179468,152930010238771,59.303,11.893,sent,1000,
827,152930015167575,152930015168453,1790296031709271840,152930015177440,152930015233035,55.595,9.865,sent,1000,
828,152930020167575,152930020168027,1790296031714271104,152930020171814,152930020189448,17.634,4.239,sent,1000,
829,152930025167575,152930025167952,1790296031719270979,152930025170798,152930025190175,19.377,3.223,sent,1000,
830,152930030167575,152930030168318,1790296031724271335,152930030171625,152930030195159,23.534,4.05,sent,1000,
831,152930035167575,152930035168334,1790296031729271360,152930035171800,152930035195044,23.244,4.225,sent,1000,
832,152930040167575,152930040168369,1790296031734271396,152930040171866,152930040190581,18.715,4.291,sent,1000,
833,152930045167575,152930045168194,1790296031739271211,152930045171450,152930045194274,22.824,3.875,sent,1000,
834,152930050167575,152930050168060,1790296031744271007,152930050170345,152930050187668,17.323,2.77,sent,1000,
835,152930055167575,152930055168187,1790296031749271203,152930055171483,152930055195118,23.635,3.908,sent,1000,
836,152930060167575,152930060168282,1790296031754271309,152930060171438,152930060194021,22.583,3.863,sent,1000,
837,152930065167575,152930065168318,1790296031759271344,152930065171634,152930065194367,22.733,4.059,sent,1000,
838,152930070167575,152930070168083,1790296031764271109,152930070171279,152930070193882,22.603,3.704,sent,1000,
839,152930075167575,152930075168088,1790296031769271104,152930075171424,152930075194157,22.733,3.849,sent,1000,
840,152930080167575,152930080168123,1790296031774271150,152930080171350,152930080195726,24.376,3.775,sent,1000,
841,152930085167575,152930085168540,1790296031779271997,152930085176865,152930085229205,52.34,9.29,sent,1000,
842,152930090167575,152930090168976,1790296031784272844,152930090178073,152930090228679,50.606,10.498,sent,1000,
843,152930095167575,152930095168320,1790296031789271336,152930095172237,152930095196173,23.936,4.662,sent,1000,
844,152930100167575,152930100168317,1790296031794271333,152930100171733,152930100194547,22.814,4.158,sent,1000,
845,152930105167575,152930105168072,1790296031799271098,152930105171338,152930105194522,23.184,3.763,sent,1000,
846,152930110167575,152930110168187,1790296031804271204,152930110171414,152930110193926,22.512,3.839,sent,1000,
847,152930115167575,152930115168463,1790296031809271490,152930115171780,152930115194893,23.113,4.205,sent,1000,
848,152930120167575,152930120169881,1790296031814274120,152930120187114,152930120290009,102.895,19.539,sent,1000,
849,152930125167575,152930125168184,1790296031819271200,152930125171810,152930125194944,23.134,4.235,sent,1000,
850,152930130167575,152930130170644,1790296031824274892,152930130187616,152930130295139,107.523,20.041,sent,1000,
851,152930135167575,152930135169427,1790296031829273635,152930135185617,152930135292800,107.183,18.042,sent,1000,
852,152930140167575,152930140169262,1790296031834272809,152930140178830,152930140237251,58.421,11.255,sent,1000,
853,152930145167575,152930145169548,1790296031839273426,152930145178525,152930145236405,57.88,10.95,sent,1000,
854,152930150167575,152930150169485,1790296031844273683,152930150185745,152930150294922,109.177,18.17,sent,1000,
855,152930155167575,152930155169410,1790296031849273879,152930155186592,152930155295529,108.937,19.017,sent,1000,
856,152930160167575,152930160169916,1790296031854274455,152930160186558,152930160293080,106.522,18.983,sent,1000,
857,152930165167575,152930165169701,1790296031859273880,152930165186313,152930165289638,103.325,18.738,sent,1000,
858,152930170167575,152930170170087,1790296031864274366,152930170186879,152930170294773,107.894,19.304,sent,1000,
859,152930175167575,152930175169792,1790296031869273920,152930175185993,152930175272156,86.163,18.418,sent,1000,
860,152930180167575,152930180168254,1790296031874271271,152930180171861,152930180194514,22.653,4.286,sent,1000,
861,152930185167575,152930185274591,1790296031879377608,152930185278058,152930185297535,19.477,110.483,sent,1000,
862,152930190167575,152930190169417,1790296031884273406,152930190193703,152930190253687,59.984,26.128,sent,1000,
863,152930195167575,152930195170115,1790296031889274274,152930195187017,152930195290474,103.457,19.442,sent,1000,
864,152930200167575,152930200169460,1790296031894273628,152930200186512,152930200297322,110.81,18.937,sent,1000,
865,152930205167575,152930205169706,1790296031899273924,152930205186157,152930205291416,105.259,18.582,sent,1000,
866,152930210167575,152930210170713,1790296031904274942,152930210187104,152930210290260,103.156,19.529,sent,1000,
867,152930215167575,152930215170257,1790296031909274536,152930215186468,152930215290796,104.328,18.893,sent,1000,
868,152930220167575,152930220169642,1790296031914273820,152930220186844,152930220295821,108.977,19.269,sent,1000,
869,152930225167575,152930225170068,1790296031919274236,152930225186940,152930225290155,103.215,19.365,sent,1000,
870,152930230167575,152930230169692,1790296031924273591,152930230179551,152930230238904,59.353,11.976,sent,1000,
871,152930235167575,152930235169177,1790296031929273466,152930235185628,152930235295306,109.678,18.053,sent,1000,
872,152930240167575,152930240169834,1790296031934274032,152930240186726,152930240291695,104.969,19.151,sent,1000,
873,152930245167575,152930245170241,1790296031939274380,152930245186061,152930245286542,100.481,18.486,sent,1000,
874,152930250167575,152930250168594,1790296031944272141,152930250178302,152930250237554,59.252,10.727,sent,1000,
875,152930255167575,152930255169511,1790296031949273669,152930255187545,152930255293776,106.231,19.97,sent,1000,
876,152930260167575,152930260170227,1790296031954274446,152930260187099,152930260294914,107.815,19.524,sent,1000,
877,152930265167575,152930265170103,1790296031959274281,152930265186303,152930265247519,61.216,18.728,sent,1000,
878,152930270167575,152930270169567,1790296031964274036,152930270185387,152930270291538,106.151,17.812,sent,1000,
879,152930275167575,152930275170304,1790296031969274522,152930275187687,152930275292676,104.989,20.112,sent,1000,
880,152930280167575,152930280170419,1790296031974274688,152930280187912,152930280294564,106.652,20.337,sent,1000,
881,152930285167575,152930285169423,1790296031979273691,152930285186545,152930285292005,105.46,18.97,sent,1000,
882,152930290167575,152930290169138,1790296031984272655,152930290178886,152930290237387,58.501,11.311,sent,1000,
883,152930295167575,152930295170296,1790296031989274505,152930295187479,152930295290374,102.895,19.904,sent,1000,
884,152930300167575,152930300169811,1790296031994273990,152930300208505,152930300310127,101.622,40.93,sent,1000,
885,152930305167575,152930305169226,1790296031999273494,152930305185536,152930305289964,104.428,17.961,sent,1000,
886,152930310167575,152930310169101,1790296032004273309,152930310178819,152930310237981,59.162,11.244,sent,1000,
887,152930315167575,152930315170388,1790296032009274727,152930315187681,152930315290476,102.795,20.106,sent,1000,
888,152930320167575,152930320169252,1790296032014273410,152930320186705,152930320293267,106.562,19.13,sent,1000,
889,152930325167575,152930325170018,1790296032019274207,152930325187041,152930325291659,104.618,19.466,sent,1000,
890,152930330167575,152930330168341,1790296032024271357,152930330171807,152930330195422,23.615,4.232,sent,1000,
891,152930335167575,152930335168356,1790296032029271393,152930335171783,152930335194636,22.853,4.208,sent,1000,
892,152930340167575,152930340169233,1790296032034272761,152930340178761,152930340237973,59.212,11.186,sent,1000,
893,152930345167575,152930345170553,1790296032039274721,152930345186844,152930345286011,99.167,19.269,sent,1000,
894,152930350167575,152930350169195,1790296032044272723,152930350178653,152930350237906,59.253,11.078,sent,1000,
895,152930355167575,152930355169461,1790296032049273640,152930355186794,152930355293015,106.221,19.219,sent,1000,
896,152930360167575,152930360170068,1790296032054274407,152930360186729,152930360288041,101.312,19.154,sent,1000,
897,152930365167575,152930365169963,1790296032059274663,152930365187095,152930365290011,102.916,19.52,sent,1000,
898,152930370167575,152930370169007,1790296032064272554,152930370178605,152930370238679,60.074,11.03,sent,1000,
899,152930375167575,152930375170164,1790296032069274403,152930375187146,152930375294229,107.083,19.571,sent,1000,
900,152930380167575,152930380170210,1790296032074274739,152930380186691,152930380291349,104.658,19.116,sent,1000,
901,152930385167575,152930385169043,1790296032079273562,152930385186045,152930385287267,101.222,18.47,sent,1000,
902,152930390167575,152930390169330,1790296032084272868,152930390178708,152930390238602,59.894,11.133,sent,1000,
903,152930395167575,152930395170177,1790296032089274326,152930395187039,152930395293571,106.532,19.464,sent,1000,
904,152930400167575,152930400169992,1790296032094274141,152930400186584,152930400291923,105.339,19.009,sent,1000,
905,152930405167575,152930405169296,1790296032099273525,152930405185627,152930405285887,100.26,18.052,sent,1000,
906,152930410167575,152930410169171,1790296032104272979,152930410179491,152930410237832,58.341,11.916,sent,1000,
907,152930415167575,152930415170710,1790296032109274908,152930415187231,152930415293112,105.881,19.656,sent,1000,
908,152930420167575,152930420169853,1790296032114274102,152930420186365,152930420289240,102.875,18.79,sent,1000,
909,152930425167575,152930425170039,1790296032119274198,152930425186320,152930425290297,103.977,18.745,sent,1000,
910,152930430167575,152930430169223,1790296032124273121,152930430179402,152930430238454,59.052,11.827,sent,1000,
911,152930435167575,152930435169240,1790296032129273428,152930435186032,152930435290339,104.307,18.457,sent,1000,
912,152930440167575,152930440169777,1790296032134273955,152930440186168,152930440293100,106.932,18.593,sent,1000,
913,152930445167575,152930445169531,1790296032139274281,152930445186153,152930445284299,98.146,18.578,sent,1000,
914,152930450167575,152930450168815,1790296032144272343,152930450178484,152930450239189,60.705,10.909,sent,1000,
915,152930455167575,152930455169021,1790296032149272559,152930455178038,152930455237050,59.012,10.463,sent,1000,
916,152930460167575,152930460169698,1790296032154274478,152930460186069,152930460290096,104.027,18.494,sent,1000,
917,152930465167575,152930465170154,1790296032159274313,152930465187006,152930465290582,103.576,19.431,sent,1000,
918,152930470167575,152930470168957,1790296032164272454,152930470178225,152930470237978,59.753,10.65,sent,1000,
919,152930475167575,152930475169634,1790296032169274063,152930475186245,152930475292216,105.971,18.67,sent,1000,
920,152930480167575,152930480170371,1790296032174274940,152930480187483,152930480291520,104.037,19.908,sent,1000,
921,152930485167575,152930485168985,1790296032179272523,152930485177662,152930485237735,60.073,10.087,sent,1000,
922,152930490167575,152930490169321,1790296032184272848,152930490179070,152930490238262,59.192,11.495,sent,1000,
923,152930495167575,152930495169938,1790296032189274477,152930495186759,152930495291137,104.378,19.184,sent,1000,
924,152930500167575,152930500169713,1790296032194273881,152930500187075,152930500293738,106.663,19.5,sent,1000,
925,152930505167575,152930505168656,1790296032199272133,152930505177072,152930505230734,53.662,9.497,sent,1000,
926,152930510167575,152930510169302,1790296032204273171,152930510179572,152930510238393,58.821,11.997,sent,1000,
927,152930515167575,152930515170420,1790296032209274579,152930515211087,152930515313501,102.414,43.512,sent,1000,
928,152930520167575,152930520169283,1790296032214273462,152930520184833,152930520288148,103.315,17.258,sent,1000,
929,152930525167575,152930525169198,1790296032219272866,152930525178215,152930525237798,59.583,10.64,sent,1000,
930,152930530167575,152930530169736,1790296032224273303,152930530179554,152930530238987,59.433,11.979,sent,1000,
931,152930535167575,152930535169411,1790296032229273600,152930535186283,152930535289950,103.667,18.708,sent,1000,
932,152930540167575,152930540168775,1790296032234272313,152930540177612,152930540236614,59.002,10.037,sent,1000,
933,152930545167575,152930545168360,1790296032239271316,152930545171155,152930545189600,18.445,3.58,sent,1000,
934,152930550167575,152930550168355,1790296032244271372,152930550171652,152930550194836,23.184,4.077,sent,1000,
935,152930555167575,152930555169613,1790296032249274072,152930555186776,152930555293217,106.441,19.201,sent,1000,
936,152930560167575,152930560169478,1790296032254273757,152930560187883,152930560294746,106.863,20.308,sent,1000,
937,152930565167575,152930565170876,1790296032259275095,152930565187558,152930565290663,103.105,19.983,sent,1000,
938,152930570167575,152930570168557,1790296032264272425,152930570178185,152930570237177,58.992,10.61,sent,1000,
939,152930575167575,152930575169805,1790296032269273963,152930575186857,152930575293109,106.252,19.282,sent,1000,
940,152930580167575,152930580169572,1790296032274273730,152930580186754,152930580299648,112.894,19.179,sent,1000,
941,152930585167575,152930585168846,1790296032279272363,152930585177913,152930585236724,58.811,10.338,sent,1000,
942,152930590167575,152930590168981,1790296032284272509,152930590178098,152930590237561,59.463,10.523,sent,1000,
943,152930595167575,152930595169998,1790296032289274498,152930595187101,152930595292100,104.999,19.526,sent,1000,
944,152930600167575,152930600169383,1790296032294274012,152930600185874,152930600288428,102.554,18.299,sent,1000,
945,152930605167575,152930605169278,1790296032299273747,152930605184998,152930605251003,66.005,17.423,sent,1000,
946,152930610167575,152930610170235,1790296032304274504,152930610187828,152930610294881,107.053,20.253,sent,1000,
947,152930615167575,152930615169980,1790296032309274820,152930615187794,152930615296770,108.976,20.219,sent,1000,
948,152930620167575,152930620168663,1790296032314272240,152930620178281,152930620239828,61.547,10.706,sent,1000,
949,152930625167575,152930625169731,1790296032319273879,152930625186162,152930625288035,101.873,18.587,sent,1000,
950,152930630167575,152930630169276,1790296032324273776,152930630179766,152930630238147,58.381,12.191,sent,1000,
951,152930635167575,152930635168981,1790296032329272499,152930635178870,152930635240857,61.987,11.295,sent,1000,
952,152930640167575,152930640169387,1790296032334273636,152930640186650,152930640291489,104.839,19.075,sent,1000,
953,152930645167575,152930645168661,1790296032339272279,152930645179592,152930645237472,57.88,12.017,sent,1000,
954,152930650167575,152930650168035,1790296032344271062,152930650172364,152930650192822,20.458,4.789,sent,1000,
955,152930655167575,152930655168251,1790296032349271278,152930655171758,152930655195272,23.514,4.183,sent,1000,
956,152930660167575,152930660168317,1790296032354271343,152930660171873,152930660194787,22.914,4.298,sent,1000,
957,152930665167575,152930665168152,1790296032359271168,152930665171729,152930665194482,22.753,4.154,sent,1000,
958,152930670167575,152930670168237,1790296032364271254,152930670171463,152930670194317,22.854,3.888,sent,1000,
959,152930675167575,152930675168354,1790296032369271371,152930675171691,152930675195075,23.384,4.116,sent,1000,
960,152930680167575,152930680170574,1790296032374274793,152930680187356,152930680297014,109.658,19.781,sent,1000,
961,152930685167575,152930685169908,1790296032379274147,152930685187211,152930685256552,69.341,19.636,sent,1000,
962,152930690167575,152930690177368,1790296032384281617,152930690194380,152930690302475,108.095,26.805,sent,1000,
963,152930695167575,152930695170600,1790296032389275039,152930695188214,152930695294174,105.96,20.639,sent,1000,
964,152930700167575,152930700170275,1790296032394274424,152930700186927,152930700292016,105.089,19.352,sent,1000,
965,152930705167575,152930705169349,1790296032399273517,152930705186050,152930705289576,103.526,18.475,sent,1000,
966,152930710167575,152930710169745,1790296032404274234,152930710186486,152930710290193,103.707,18.911,sent,1000,
967,152930715167575,152930715170882,1790296032409275402,152930715190900,152930715298163,107.263,23.325,sent,1000,
968,152930720167575,152930720169475,1790296032414273664,152930720186006,152930720288661,102.655,18.431,sent,1000,
969,152930725167575,152930725169733,1790296032419273871,152930725208346,152930725312413,104.067,40.771,sent,1000,
970,152930730167575,152930730169387,1790296032424273576,152930730186690,152930730291469,104.779,19.115,sent,1000,
971,152930735167575,152930735169934,1790296032429274152,152930735187898,152930735298016,110.118,20.323,sent,1000,
972,152930740167575,152930740169388,1790296032434273807,152930740186380,152930740289305,102.925,18.805,sent,1000,
973,152930745167575,152930745168051,1790296032439270997,152930745171317,152930745190163,18.846,3.742,sent,1000,
974,152930750167575,152930750168237,1790296032444271253,152930750171553,152930750194366,22.813,3.978,sent,1000,
975,152930755167575,152930755168292,1790296032449271309,152930755171608,152930755194612,23.004,4.033,sent,1000,
976,152930760167575,152930760168277,1790296032454271294,152930760171564,152930760194166,22.602,3.989,sent,1000,
977,152930765167575,152930765168293,1790296032459271319,152930765171619,152930765194382,22.763,4.044,sent,1000,
978,152930770167575,152930770168159,1790296032464271175,152930770171415,152930770194158,22.743,3.84,sent,1000,
979,152930775167575,152930775168185,1790296032469271202,152930775171521,152930775194355,22.834,3.946,sent,1000,
980,152930780167575,152930780168160,1790296032474271187,152930780171336,152930780194049,22.713,3.761,sent,1000,
981,152930785167575,152930785168116,1790296032479271132,152930785171442,152930785194135,22.693,3.867,sent,1000,
982,152930790167575,152930790169424,1790296032484273642,152930790186406,152930790291335,104.929,18.831,sent,1000,
983,152930795167575,152930795170220,1790296032489274660,152930795187132,152930795293915,106.783,19.557,sent,1000,
984,152930800167575,152930800169905,1790296032494274164,152930800186416,152930800293630,107.214,18.841,sent,1000,
985,152930805167575,152930805169019,1790296032499273278,152930805186282,152930805293324,107.042,18.707,sent,1000,
986,152930810167575,152930810169886,1790296032504274165,152930810186567,152930810293530,106.963,18.992,sent,1000,
987,152930815167575,152930815169601,1790296032509274410,152930815186262,152930815291422,105.16,18.687,sent,1000,
988,152930820167575,152930820169437,1790296032514273706,152930820186500,152930820292150,105.65,18.925,sent,1000,
989,152930825167575,152930825169643,1790296032519273892,152930825186856,152930825289751,102.895,19.281,sent,1000,
990,152930830167575,152930830169148,1790296032524273286,152930830187142,152930830290227,103.085,19.567,sent,1000,
991,152930835167575,152930835169794,1790296032529273913,152930835186877,152930835293769,106.892,19.302,sent,1000,
992,152930840167575,152930840168978,1790296032534273137,152930840186141,152930840237418,51.277,18.566,sent,1000,
993,152930845167575,152930845168252,1790296032539271268,152930845172129,152930845195814,23.685,4.554,sent,1000,
994,152930850167575,152930850168297,1790296032544271324,152930850171694,152930850194998,23.304,4.119,sent,1000,
995,152930855167575,152930855169144,1790296032549273353,152930855187108,152930855292037,104.929,19.533,sent,1000,
996,152930860167575,152930860169210,1790296032554272747,152930860178397,152930860238141,59.744,10.822,sent,1000,
997,152930865167575,152930865168214,1790296032559271240,152930865171901,152930865195977,24.076,4.326,sent,1000,
998,152930870167575,152930870168140,1790296032564271157,152930870171336,152930870194170,22.834,3.761,sent,1000,
999,152930875167575,152930875169458,1790296032569273647,152930875186681,152930875290528,103.847,19.106,sent,1000,
1000,152930880167575,152930880169233,1790296032574273522,152930880179232,152930880238054,58.822,11.657,sent,1000,
1001,152930885167575,152930885169719,1790296032579274098,152930885186561,152930885288875,102.314,18.986,sent,1000,
1002,152930890167575,152930890169194,1790296032584272721,152930890178291,152930890237804,59.513,10.716,sent,1000,
1003,152930895167575,152930895170361,1790296032589274620,152930895187303,152930895291461,104.158,19.728,sent,1000,
1004,152930900167575,152930900170317,1790296032594274756,152930900186868,152930900292839,105.971,19.293,sent,1000,
1005,152930905167575,152930905169200,1790296032599273489,152930905185952,152930905289678,103.726,18.377,sent,1000,
1006,152930910167575,152930910169506,1790296032604273624,152930910186137,152930910288271,102.134,18.562,sent,1000,
1007,152930915167575,152930915169172,1790296032609273110,152930915178840,152930915238754,59.914,11.265,sent,1000,
1008,152930920167575,152930920169228,1790296032614273366,152930920186260,152930920290688,104.428,18.685,sent,1000,
1009,152930925167575,152930925169704,1790296032619273863,152930925185785,152930925290864,105.079,18.21,sent,1000,
1010,152930930167575,152930930170090,1790296032624273678,152930930179508,152930930238650,59.142,11.933,sent,1000,
1011,152930935167575,152930935170376,1790296032629274545,152930935186517,152930935292648,106.131,18.942,sent,1000,
1012,152930940167575,152930940169019,1790296032634273248,152930940185891,152930940289096,103.205,18.316,sent,1000,
1013,152930945167575,152930945169716,1790296032639274445,152930945187319,152930945293210,105.891,19.744,sent,1000,
1014,152930950167575,152930950170152,1790296032644273699,152930950179519,152930950238491,58.972,11.944,sent,1000,
1015,152930955167575,152930955169456,1790296032649273664,152930955187239,152930955292359,105.12,19.664,sent,1000,
1016,152930960167575,152930960169662,1790296032654273870,152930960186684,152930960291753,105.069,19.109,sent,1000,
1017,152930965167575,152930965169819,1790296032659274569,152930965185960,152930965284697,98.737,18.385,sent,1000,
1018,152930970167575,152930970169023,1790296032664272550,152930970178651,152930970237803,59.152,11.076,sent,1000,
1019,152930975167575,152930975169960,1790296032669274169,152930975187032,152930975293514,106.482,19.457,sent,1000,
1020,152930980167575,152930980169635,1790296032674274094,152930980186176,152930980294201,108.025,18.601,sent,1000,
1021,152930985167575,152930985169500,1790296032679273989,152930985185701,152930985284929,99.228,18.126,sent,1000,
1022,152930990167575,152930990168764,1790296032684272291,152930990178212,152930990236662,58.45,10.637,sent,1000,
1023,152930995167575,152930995169511,1790296032689274070,152930995187214,152930995293215,106.001,19.639,sent,1000,
1024,152931000167575,152931000170508,1790296032694274817,152931000187330,152931000293671,106.341,19.755,sent,1000,
1025,152931005167575,152931005169111,1790296032699273580,152931005184880,152931005285962,101.082,17.305,sent,1000,
1026,152931010167575,152931010169257,1790296032704272774,152931010177903,152931010236144,58.241,10.328,sent,1000,
1027,152931015167575,152931015168482,1790296032709272049,152931015177659,152931015233305,55.646,10.084,sent,1000,
1028,152931020167575,152931020168297,1790296032714271654,152931020173507,152931020201399,27.892,5.932,sent,1000,
1029,152931025167575,152931025168102,1790296032719271118,152931025171438,152931025194311,22.873,3.863,sent,1000,
1030,152931030167575,152931030168287,1790296032724271314,152931030171473,152931030194417,22.944,3.898,sent,1000,
1031,152931035167575,152931035168203,1790296032729271229,152931035171489,152931035194583,23.094,3.914,sent,1000,
1032,152931040167575,152931040168248,1790296032734271265,152931040171414,152931040198175,26.761,3.839,sent,1000,
1033,152931045167575,152931045168173,1790296032739271190,152931045171419,152931045194102,22.683,3.844,sent,1000,
1034,152931050167575,152931050168229,1790296032744271245,152931050171555,152931050194398,22.843,3.98,sent,1000,
1035,152931055167575,152931055169136,1790296032749273314,152931055186539,152931055292219,105.68,18.964,sent,1000,
1036,152931060167575,152931060169784,1790296032754273953,152931060186556,152931060290733,104.177,18.981,sent,1000,
1037,152931065167575,152931065169439,1790296032759273277,152931065178045,152931065213122,35.077,10.47,sent,1000,
1038,152931070167575,152931070169094,1790296032764272631,152931070178011,152931070236812,58.801,10.436,sent,1000,
1039,152931075167575,152931075169680,1790296032769273929,152931075186953,152931075291481,104.528,19.378,sent,1000,
1040,152931080167575,152931080169515,1790296032774273604,152931080179634,152931080238225,58.591,12.059,sent,1000,
1041,152931085167575,152931085169180,1790296032779273379,152931085178888,152931085238862,59.974,11.313,sent,1000,
1042,152931090167575,152931090168594,1790296032784272071,152931090176409,152931090221865,45.456,8.834,sent,1000,
1043,152931095167575,152931095168329,1790296032789271345,152931095172717,152931095203786,31.069,5.142,sent,1000,
1044,152931100167575,152931100168294,1790296032794271321,152931100171891,152931100194784,22.893,4.316,sent,1000,
1045,152931105167575,152931105168270,1790296032799271287,152931105171677,152931105194620,22.943,4.102,sent,1000,
1046,152931110167575,152931110168227,1790296032804271243,152931110171453,152931110195198,23.745,3.878,sent,1000,
1047,152931115167575,152931115168312,1790296032809271329,152931115171618,152931115195654,24.036,4.043,sent,1000,
1048,152931120167575,152931120169860,1790296032814274029,152931120186732,152931120292683,105.951,19.157,sent,1000,
1049,152931125167575,152931125169655,1790296032819273834,152931125186467,152931125292047,105.58,18.892,sent,1000,
1050,152931130167575,152931130169310,1790296032824273198,152931130179660,152931130238551,58.891,12.085,sent,1000,
1051,152931135167575,152931135170327,1790296032829274887,152931135187801,152931135297919,110.118,20.226,sent,1000,
1052,152931140167575,152931140169571,1790296032834273770,152931140186303,152931140290450,104.147,18.728,sent,1000,
1053,152931145167575,152931145169937,1790296032839273645,152931145179445,152931145238557,59.112,11.87,sent,1000,
1054,152931150167575,152931150171026,1790296032844275355,152931150210791,152931150313446,102.655,43.216,sent,1000,
1055,152931155167575,152931155169499,1790296032849273748,152931155186612,152931155290258,103.646,19.037,sent,1000,
1056,152931160167575,152931160169705,1790296032854273944,152931160186887,152931160295012,108.125,19.312,sent,1000,
1057,152931165167575,152931165169981,1790296032859273528,152931165178848,152931165238941,60.093,11.273,sent,1000,
1058,152931170167575,152931170169655,1790296032864273814,152931170185976,152931170294943,108.967,18.401,sent,1000,
1059,152931175167575,152931175169871,1790296032869274070,152931175186984,152931175298485,111.501,19.409,sent,1000,
1060,152931180167575,152931180170478,1790296032874274777,152931180186308,152931180286518,100.21,18.733,sent,1000,
1061,152931185167575,152931185169762,1790296032879273900,152931185186834,152931185287976,101.142,19.259,sent,1000,
1062,152931190167575,152931190168815,1790296032884272323,152931190177913,152931190232376,54.463,10.338,sent,1000,
1063,152931195167575,152931195168370,1790296032889271386,152931195172428,152931195198958,26.53,4.853,sent,1000,
1064,152931200167575,152931200168267,1790296032894271293,152931200171884,152931200194917,23.033,4.309,sent,1000,
1065,152931205167575,152931205168352,1790296032899271369,152931205171749,152931205194562,22.813,4.174,sent,1000,
1066,152931210167575,152931210168288,1790296032904271304,152931210171534,152931210194056,22.522,3.959,sent,1000,
1067,152931215167575,152931215169245,1790296032909273223,152931215179224,152931215238346,59.122,11.649,sent,1000,
1068,152931220167575,152931220170122,1790296032914274310,152931220185942,152931220290740,104.798,18.367,sent,1000,
1069,152931225167575,152931225169316,1790296032919272913,152931225179996,152931225239639,59.643,12.421,sent,1000,
1070,152931230167575,152931230169171,1790296032924273269,152931230178889,152931230279991,101.102,11.314,sent,1000,
1071,152931235167575,152931235169597,1790296032929273425,152931235178904,152931235241583,62.679,11.329,sent,1000,
1072,152931240167575,152931240169522,1790296032934273721,152931240187115,152931240291163,104.048,19.54,sent,1000,
1073,152931245167575,152931245170089,1790296032939274638,152931245191479,152931245295507,104.028,23.904,sent,1000,
1074,152931250167575,152931250169254,1790296032944273192,152931250179012,152931250242433,63.421,11.437,sent,1000,
1075,152931255167575,152931255169279,1790296032949273498,152931255188476,152931255294958,106.482,20.901,sent,1000,
1076,152931260167575,152931260169465,1790296032954273694,152931260186247,152931260295774,109.527,18.672,sent,1000,
1077,152931265167575,152931265169601,1790296032959274350,152931265186813,152931265290139,103.326,19.238,sent,1000,
1078,152931270167575,152931270169806,1790296032964274055,152931270186458,152931270292619,106.161,18.883,sent,1000,
1079,152931275167575,152931275169732,1790296032969273970,152931275186804,152931275291533,104.729,19.229,sent,1000,
1080,152931280167575,152931280170298,1790296032974274817,152931280187100,152931280294714,107.614,19.525,sent,1000,
1081,152931285167575,152931285169472,1790296032979274542,152931285187466,152931285295080,107.614,19.891,sent,1000,
1082,152931290167575,152931290169638,1790296032984273776,152931290185969,152931290289415,103.446,18.394,sent,1000,
1083,152931295167575,152931295169434,1790296032989273172,152931295178661,152931295238435,59.774,11.086,sent,1000,
1084,152931300167575,152931300170552,1790296032994274730,152931300186813,152931300292252,105.439,19.238,sent,1000,
1085,152931305167575,152931305169275,1790296032999273473,152931305186718,152931305290895,104.177,19.143,sent,1000,
1086,152931310167575,152931310169591,1790296033004273880,152931310186312,152931310290911,104.599,18.737,sent,1000,
1087,152931315167575,152931315169847,1790296033009274416,152931315187510,152931315291597,104.087,19.935,sent,1000,
1088,152931320167575,152931320169642,1790296033014273860,152931320186894,152931320244503,57.609,19.319,sent,1000,
1089,152931325167575,152931325169707,1790296033019273866,152931325186248,152931325291378,105.13,18.673,sent,1000,
1090,152931330167575,152931330169382,1790296033024273360,152931330179361,152931330239344,59.983,11.786,sent,1000,
1091,152931335167575,152931335169337,1790296033029274367,152931335188183,152931335291689,103.506,20.608,sent,1000,
1092,152931340167575,152931340169363,1790296033034273561,152931340185754,152931340290442,104.688,18.179,sent,1000,
1093,152931345167575,152931345169841,1790296033039274290,152931345187083,152931345290639,103.556,19.508,sent,1000,
1094,152931350167575,152931350169205,1790296033044273353,152931350179244,152931350238686,59.442,11.669,sent,1000,
1095,152931355167575,152931355169531,1790296033049273689,152931355187044,152931355293856,106.812,19.469,sent,1000,
1096,152931360167575,152931360169286,1790296033054272803,152931360178363,152931360237605,59.242,10.788,sent,1000,
1097,152931365167575,152931365170393,1790296033059274892,152931365208565,152931365312182,103.617,40.99,sent,1000,
1098,152931370167575,152931370170108,1790296033064274417,152931370187240,152931370293131,105.891,19.665,sent,1000,
1099,152931375167575,152931375169081,1790296033069273270,152931375186645,152931375291814,105.169,19.07,sent,1000,
1100,152931380167575,152931380169998,1790296033074274448,152931380186690,152931380290757,104.067,19.115,sent,1000,
1101,152931385167575,152931385170475,1790296033079274763,152931385187517,152931385289069,101.552,19.942,sent,1000,
1102,152931390167575,152931390169389,1790296033084273608,152931390185890,152931390291761,105.871,18.315,sent,1000,
1103,152931395167575,152931395170086,1790296033089274666,152931395187800,152931395293851,106.051,20.225,sent,1000,
1104,152931400167575,152931400170643,1790296033094274831,152931400187154,152931400294497,107.343,19.579,sent,1000,
1105,152931405167575,152931405169376,1790296033099273825,152931405186268,152931405289854,103.586,18.693,sent,1000,
1106,152931410167575,152931410169151,1790296033104272678,152931410178428,152931410236849,58.421,10.853,sent,1000,
1107,152931415167575,152931415169857,1790296033109273405,152931415179696,152931415239519,59.823,12.121,sent,1000,
1108,152931420167575,152931420170023,1790296033114274212,152931420186264,152931420289560,103.296,18.689,sent,1000,
1109,152931425167575,152931425168996,1790296033119272514,152931425178224,152931425237867,59.643,10.649,sent,1000,
1110,152931430167575,152931430169483,1790296033124273341,152931430179562,152931430239305,59.743,11.987,sent,1000,
1111,152931435167575,152931435170049,1790296033129274398,152931435187162,152931435291299,104.137,19.587,sent,1000,
1112,152931440167575,152931440168954,1790296033134273153,152931440185395,152931440291216,105.821,17.82,sent,1000,
1113,152931445167575,152931445170543,1790296033139274831,152931445187394,152931445291612,104.218,19.819,sent,1000,
1114,152931450167575,152931450169265,1790296033144273574,152931450179164,152931450238216,59.052,11.589,sent,1000,
1115,152931455167575,152931455169922,1790296033149274161,152931455187225,152931455295911,108.686,19.65,sent,1000,
1116,152931460167575,152931460169817,1790296033154274116,152931460186990,152931460292730,105.74,19.415,sent,1000,
1117,152931465167575,152931465169833,1790296033159274031,152931465185442,152931465285061,99.619,17.867,sent,1000,
1118,152931470167575,152931470170119,1790296033164274548,152931470187051,152931470293282,106.231,19.476,sent,1000,
1119,152931475167575,152931475169573,1790296033169273731,152931475185814,152931475290342,104.528,18.239,sent,1000,
1120,152931480167575,152931480170169,1790296033174274348,152931480187142,152931480243729,56.587,19.567,sent,1000,
1121,152931485167575,152931485169043,1790296033179273522,152931485177810,152931485226121,48.311,10.235,sent,1000,
1122,152931490167575,152931490168659,1790296033184272206,152931490178317,152931490238672,60.355,10.742,sent,1000,
1123,152931495167575,152931495169636,1790296033189274236,152931495186729,152931495294353,107.624,19.154,sent,1000,
1124,152931500167575,152931500170573,1790296033194274762,152931500186804,152931500291422,104.618,19.229,sent,1000,
1125,152931505167575,152931505169827,1790296033199273976,152931505185467,152931505282791,97.324,17.892,sent,1000,
1126,152931510167575,152931510169292,1790296033204272839,152931510178509,152931510238603,60.094,10.934,sent,1000,
1127,152931515167575,152931515170189,1790296033209274357,152931515186800,152931515291579,104.779,19.225,sent,1000,
1128,152931520167575,152931520170284,1790296033214274493,152931520187186,152931520294930,107.744,19.611,sent,1000,
1129,152931525167575,152931525168797,1790296033219272945,152931525185027,152931525283234,98.207,17.452,sent,1000,
1130,152931530167575,152931530169344,1790296033224273262,152931530178782,152931530237934,59.152,11.207,sent,1000,
1131,152931535167575,152931535169931,1790296033229274461,152931535187024,152931535293145,106.121,19.449,sent,1000,
1132,152931540167575,152931540169406,1790296033234273644,152931540186057,152931540289664,103.607,18.482,sent,1000,
1133,152931545167575,152931545169972,1790296033239273470,152931545179240,152931545236478,57.238,11.665,sent,1000,
1134,152931550167575,152931550169016,1790296033244273184,152931550178884,152931550238778,59.894,11.309,sent,1000,
1135,152931555167575,152931555169943,1790296033249274131,152931555187516,152931555296763,109.247,19.941,sent,1000,
1136,152931560167575,152931560169828,1790296033254274087,152931560187281,152931560293893,106.612,19.706,sent,1000,
1137,152931565167575,152931565169913,1790296033259273441,152931565179091,152931565239165,60.074,11.516,sent,1000,
1138,152931570167575,152931570170280,1790296033264274448,152931570186921,152931570293423,106.502,19.346,sent,1000,
1139,152931575167575,152931575169413,1790296033269273672,152931575207826,152931575312344,104.518,40.251,sent,1000,
1140,152931580167575,152931580169661,1790296033274274160,152931580185421,152931580287143,101.722,17.846,sent,1000,
1141,152931585167575,152931585169115,1790296033279273604,152931585178333,152931585232285,53.952,10.758,sent,1000,
1142,152931590167575,152931590168890,1790296033284272438,152931590178138,152931590237911,59.773,10.563,sent,1000,
1143,152931595167575,152931595170048,1790296033289274517,152931595187992,152931595291498,103.506,20.417,sent,1000,
1144,152931600167575,152931600170263,1790296033294274452,152931600187226,152931600291694,104.468,19.651,sent,1000,
1145,152931605167575,152931605169197,1790296033299272734,152931605178304,152931605238288,59.984,10.729,sent,1000,
1146,152931610167575,152931610169893,1790296033304274082,152931610185994,152931610290963,104.969,18.419,sent,1000,
1147,152931615167575,152931615168376,1790296033309271873,152931615177573,152931615235383,57.81,9.998,sent,1000,
1148,152931620167575,152931620168942,1790296033314272450,152931620178000,152931620237382,59.382,10.425,sent,1000,
1149,152931625167575,152931625168097,1790296033319271614,152931625174539,152931625212972,38.433,6.964,sent,1000,
1150,152931630167575,152931630168103,1790296033324271130,152931630171420,152931630193942,22.522,3.845,sent,1000,
1151,152931635167575,152931635170022,1790296033329274892,152931635187846,152931635294248,106.402,20.271,sent,1000,
1152,152931640167575,152931640169386,1790296033334273655,152931640186128,152931640291678,105.55,18.553,sent,1000,
1153,152931645167575,152931645172588,1790296033339276085,152931645181525,152931645241508,59.983,13.95,sent,1000,
1154,152931650167575,152931650168315,1790296033344271362,152931650172253,152931650192661,20.408,4.678,sent,1000,
1155,152931655167575,152931655168310,1790296033349271337,152931655171817,152931655196003,24.186,4.242,sent,1000,
1156,152931660167575,152931660168316,1790296033354271342,152931660171983,152931660194696,22.713,4.408,sent,1000,
1157,152931665167575,152931665168492,1790296033359271518,152931665172018,152931665194811,22.793,4.443,sent,1000,
1158,152931670167575,152931670168226,1790296033364271243,152931670171623,152931670194266,22.643,4.048,sent,1000,
1159,152931675167575,152931675168023,1790296033369271049,152931675171399,152931675194273,22.874,3.824,sent,1000,
1160,152931680167575,152931680170313,1790296033374274512,152931680187145,152931680295700,108.555,19.57,sent,1000,
1161,152931685167575,152931685169657,1790296033379274377,152931685187210,152931685292339,105.129,19.635,sent,1000,
1162,152931690167575,152931690169672,1790296033384273921,152931690186113,152931690294258,108.145,18.538,sent,1000,
1163,152931695167575,152931695169567,1790296033389274598,152931695187892,152931695295466,107.574,20.317,sent,1000,
1164,152931700167575,152931700170845,1790296033394275144,152931700187327,152931700294870,107.543,19.752,sent,1000,
1165,152931705167575,152931705169648,1790296033399273156,152931705178766,152931705237016,58.25,11.191,sent,1000,
1166,152931710167575,152931710169373,1790296033404273842,152931710185975,152931710294410,108.435,18.4,sent,1000,
1167,152931715167575,152931715170250,1790296033409274529,152931715187483,152931715298533,111.05,19.908,sent,1000,
1168,152931720167575,152931720169414,1790296033414273603,152931720186046,152931720294561,108.515,18.471,sent,1000,
1169,152931725167575,152931725169582,1790296033419273761,152931725186304,152931725294108,107.804,18.729,sent,1000,
1170,152931730167575,152931730169497,1790296033424274337,152931730185958,152931730290957,104.999,18.383,sent,1000,
1171,152931735167575,152931735169963,1790296033429274483,152931735187016,152931735293317,106.301,19.441,sent,1000,
1172,152931740167575,152931740169097,1790296033434273306,152931740185278,152931740275489,90.211,17.703,sent,1000,
1173,152931745167575,152931745169864,1790296033439274453,152931745187347,152931745292025,104.678,19.772,sent,1000,
1174,152931750167575,152931750168196,1790296033444271212,152931750172224,152931750198113,25.889,4.649,sent,1000,
1175,152931755167575,152931755169183,1790296033449272901,152931755178601,152931755237483,58.882,11.026,sent,1000,
1176,152931760167575,152931760169309,1790296033454273488,152931760185950,152931760293645,107.695,18.375,sent,1000,
1177,152931765167575,152931765169796,1790296033459274074,152931765186076,152931765289863,103.787,18.501,sent,1000,
1178,152931770167575,152931770170413,1790296033464274943,152931770187726,152931770292374,104.648,20.151,sent,1000,
1179,152931775167575,152931775168866,1790296033469273064,152931775186219,152931775275618,89.399,18.644,sent,1000,
1180,152931780167575,152931780168400,1790296033474271467,152931780172458,152931780197315,24.857,4.883,sent,1000,
1181,152931785167575,152931785168225,1790296033479271242,152931785171852,152931785196168,24.316,4.277,sent,1000,
1182,152931790167575,152931790168481,1790296033484271508,152931790171657,152931790194420,22.763,4.082,sent,1000,
1183,152931795167575,152931795168256,1790296033489271273,152931795171582,152931795194406,22.824,4.007,sent,1000,
1184,152931800167575,152931800167881,1790296033494270827,152931800170095,152931800184783,14.688,2.52,sent,1000,
1185,152931805167575,152931805168187,1790296033499271203,152931805171483,152931805194236,22.753,3.908,sent,1000,
1186,152931810167575,152931810168122,1790296033504271138,152931810171298,152931810193991,22.693,3.723,sent,1000,
1187,152931815167575,152931815169161,1790296033509273229,152931815179260,152931815238312,59.052,11.685,sent,1000,
1188,152931820167575,152931820170258,1790296033514274487,152931820186409,152931820291067,104.658,18.834,sent,1000,
1189,152931825167575,152931825169092,1790296033519272619,152931825178229,152931825237962,59.733,10.654,sent,1000,
1190,152931830167575,152931830169508,1790296033524273366,152931830179116,152931830238739,59.623,11.541,sent,1000,
1191,152931835167575,152931835169894,1790296033529274183,152931835187617,152931835293939,106.322,20.042,sent,1000,
1192,152931840167575,152931840169549,1790296033534273767,152931840186220,152931840290227,104.007,18.645,sent,1000,
1193,152931845167575,152931845168993,1790296033539273452,152931845184542,152931845285233,100.691,16.967,sent,1000,
1194,152931850167575,152931850170381,1790296033544274780,152931850187363,152931850292793,105.43,19.788,sent,1000,
1195,152931855167575,152931855169304,1790296033549274525,152931855187439,152931855291135,103.696,19.864,sent,1000,
1196,152931860167575,152931860169169,1790296033554273348,152931860186212,152931860289287,103.075,18.637,sent,1000,
1197,152931865167575,152931865169738,1790296033559274587,152931865186970,152931865247946,60.976,19.395,sent,1000,
1198,152931870167575,152931870170124,1790296033564273661,152931870179301,152931870240287,60.986,11.726,sent,1000,
1199,152931875167575,152931875169257,1790296033569273496,152931875185889,152931875291479,105.59,18.314,sent,1000,
1200,152931880167575,152931880170966,1790296033574275235,152931880187788,152931880292476,104.688,20.213,sent,1000,
1201,152931885167575,152931885169819,1790296033579274829,152931885187302,152931885289506,102.204,19.727,sent,1000,
1202,152931890167575,152931890169724,1790296033584273983,152931890185985,152931890288189,102.204,18.41,sent,1000,
1203,152931895167575,152931895169670,1790296033589273287,152931895179598,152931895237699,58.101,12.023,sent,1000,
1204,152931900167575,152931900170396,1790296033594274755,152931900187068,152931900290925,103.857,19.493,sent,1000,
1205,152931905167575,152931905170342,1790296033599274550,152931905186933,152931905290409,103.476,19.358,sent,1000,
1206,152931910167575,152931910169186,1790296033604273444,152931910185657,152931910288762,103.105,18.082,sent,1000,
1207,152931915167575,152931915169963,1790296033609274262,152931915186485,152931915288107,101.622,18.91,sent,1000,
1208,152931920167575,152931920170329,1790296033614274538,152931920186941,152931920291539,104.598,19.366,sent,1000,
1209,152931925167575,152931925168281,1790296033619271297,152931925172098,152931925195382,23.284,4.523,sent,1000,
1210,152931930167575,152931930168266,1790296033624271283,152931930171723,152931930195678,23.955,4.148,sent,1000,
1211,152931935167575,152931935170105,1790296033629274314,152931935186987,152931935291585,104.598,19.412,sent,1000,
1212,152931940167575,152931940169639,1790296033634273978,152931940186421,152931940291370,104.949,18.846,sent,1000,
1213,152931945167575,152931945170196,1790296033639274415,152931945187118,152931945290414,103.296,19.543,sent,1000,
1214,152931950167575,152931950169189,1790296033644273298,152931950178727,152931950237429,58.702,11.152,sent,1000,
1215,152931955167575,152931955170026,1790296033649274265,152931955186868,152931955291707,104.839,19.293,sent,1000,
1216,152931960167575,152931960169332,1790296033654273581,152931960185954,152931960293487,107.533,18.379,sent,1000,
1217,152931965167575,152931965170059,1790296033659274518,152931965186690,152931965287521,100.831,19.115,sent,1000,
1218,152931970167575,152931970168742,1790296033664273401,152931970179472,152931970237572,58.1,11.897,sent,1000,
1219,152931975167575,152931975169168,1790296033669273387,152931975185920,152931975290388,104.468,18.345,sent,1000,
1220,152931980167575,152931980170135,1790296033674275035,152931980187438,152931980295433,107.995,19.863,sent,1000,
1221,152931985167575,152931985169990,1790296033679274409,152931985186712,152931985289637,102.925,19.137,sent,1000,
1222,152931990167575,152931990168693,1790296033684272220,152931990178111,152931990234007,55.896,10.536,sent,1000,
1223,152931995167575,152931995170251,1790296033689274470,152931995186662,152931995292683,106.021,19.087,sent,1000,
1224,152932000167575,152932000170507,1790296033694274946,152932000210152,152932000314029,103.877,42.577,sent,1000,
1225,152932005167575,152932005170513,1790296033699274702,152932005186263,152932005283467,97.204,18.688,sent,1000,
1226,152932010167575,152932010168957,1790296033704272484,152932010178445,152932010237256,58.811,10.87,sent,1000,
1227,152932015167575,152932015168311,1790296033709271788,152932015177268,152932015234136,56.868,9.693,sent,1000,
1228,152932020167575,152932020168096,1790296033714271874,152932020176592,152932020214634,38.042,9.017,sent,1000,
1229,152932025167575,152932025168191,1790296033719271378,152932025172970,152932025199461,26.491,5.395,sent,1000,
1230,152932030167575,152932030168197,1790296033724271223,152932030171393,152932030194186,22.793,3.818,sent,1000,
1231,152932035167575,152932035168232,1790296033729271259,152932035171478,152932035194141,22.663,3.903,sent,1000,
1232,152932040167575,152932040168248,1790296033734271284,152932040171514,152932040193986,22.472,3.939,sent,1000,
1233,152932045167575,152932045168163,1790296033739271179,152932045171409,152932045194072,22.663,3.834,sent,1000,
1234,152932050167575,152932050168029,1790296033744271055,152932050171896,152932050194279,22.383,4.321,sent,1000,
1235,152932055167575,152932055168336,1790296033749271352,152932055171682,152932055194475,22.793,4.107,sent,1000,
1236,152932060167575,152932060168050,1790296033754271077,152932060171287,152932060193829,22.542,3.712,sent,1000,
1237,152932065167575,152932065168226,1790296033759271243,152932065171572,152932065194416,22.844,3.997,sent,1000,
1238,152932070167575,152932070168071,1790296033764271098,152932070171187,152932070193960,22.773,3.612,sent,1000,
1239,152932075167575,152932075169379,1790296033769273698,152932075186301,152932075290679,104.378,18.726,sent,1000,
1240,152932080167575,152932080169214,1790296033774273513,152932080188390,152932080299481,111.091,20.815,sent,1000,
1241,152932085167575,152932085169420,1790296033779273458,152932085178497,152932085232850,54.353,10.922,sent,1000,
1242,152932090167575,152932090169245,1790296033784272802,152932090177701,152932090227615,49.914,10.126,sent,1000,
1243,152932095167575,152932095168128,1790296033789271144,152932095171575,152932095194809,23.234,4.0,sent,1000,
1244,152932100167575,152932100170289,1790296033794274498,152932100186911,152932100291980,105.069,19.336,sent,1000,
1245,152932105167575,152932105168221,1790296033799271247,152932105171948,152932105195172,23.224,4.373,sent,1000,
1246,152932110167575,152932110169108,1790296033804273306,152932110185529,152932110291209,105.68,17.954,sent,1000,
1247,152932115167575,152932115169594,1790296033809274073,152932115186436,152932115291926,105.49,18.861,sent,1000,
1248,152932120167575,152932120169920,1790296033814274479,152932120187844,152932120291460,103.616,20.269,sent,1000,
1249,152932125167575,152932125169104,1790296033819272651,152932125178051,152932125238014,59.963,10.476,sent,1000,
1250,152932130167575,152932130168268,1790296033824271284,152932130172145,152932130197503,25.358,4.57,sent,1000,
1251,152932135167575,152932135170086,1790296033829274506,152932135187620,152932135293961,106.341,20.045,sent,1000,
1252,152932140167575,152932140170052,1790296033834274310,152932140186914,152932140288466,101.552,19.339,sent,1000,
1253,152932145167575,152932145169677,1790296033839273335,152932145178073,152932145232035,53.962,10.498,sent,1000,
1254,152932150167575,152932150168842,1790296033844272930,152932150177358,152932150230910,53.552,9.783,sent,1000,
1255,152932155167575,152932155168296,1790296033849271313,152932155172444,152932155195989,23.545,4.869,sent,1000,
1256,152932160167575,152932160168001,1790296033854271017,152932160171448,152932160194281,22.833,3.873,sent,1000,
1257,152932165167575,152932165168137,1790296033859271153,152932165171633,152932165194106,22.473,4.058,sent,1000,
1258,152932170167575,152932170168062,1790296033864271078,152932170171288,152932170194061,22.773,3.713,sent,1000,
1259,152932175167575,152932175168258,1790296033869271274,152932175171494,152932175194377,22.883,3.919,sent,1000,
1260,152932180167575,152932180168313,1790296033874271329,152932180171639,152932180194402,22.763,4.064,sent,1000,
1261,152932185167575,152932185168328,1790296033879271345,152932185171605,152932185194217,22.612,4.03,sent,1000,
1262,152932190167575,152932190167973,1790296033884270919,152932190170298,152932190187560,17.262,2.723,sent,1000,
1263,152932195167575,152932195168120,1790296033889271137,152932195171507,152932195194320,22.813,3.932,sent,1000,
1264,152932200167575,152932200168096,1790296033894271112,152932200171442,152932200189647,18.205,3.867,sent,1000,
1265,152932205167575,152932205168011,1790296033899271027,152932205171307,152932205194020,22.713,3.732,sent,1000,
1266,152932210167575,152932210169038,1790296033904273237,152932210185379,152932210293685,108.306,17.804,sent,1000,
1267,152932215167575,152932215170486,1790296033909274705,152932215211013,152932215316864,105.851,43.438,sent,1000,
1268,152932220167575,152932220172816,1790296033914277305,152932220190179,152932220299797,109.618,22.604,sent,1000,
1269,152932225167575,152932225169906,1790296033919274035,152932225186377,152932225273492,87.115,18.802,sent,1000,
1270,152932230167575,152932230179900,1790296033924283448,152932230189889,152932230250494,60.605,22.314,sent,1000,
1271,152932235167575,152932235170538,1790296033929274727,152932235187620,152932235295896,108.276,20.045,sent,1000,
1272,152932240167575,152932240169501,1790296033934273720,152932240185842,152932240293196,107.354,18.267,sent,1000,
1273,152932245167575,152932245169589,1790296033939274699,152932245187453,152932245290157,102.704,19.878,sent,1000,
1274,152932250167575,152932250168873,1790296033944272961,152932250185554,152932250213377,27.823,17.979,sent,1000,
1275,152932255167575,152932255168217,1790296033949271233,152932255172044,152932255195589,23.545,4.469,sent,1000,
1276,152932260167575,152932260168873,1790296033954273012,152932260185505,152932260289572,104.067,17.93,sent,1000,
1277,152932265167575,152932265169710,1790296033959274170,152932265186562,152932265234814,48.252,18.987,sent,1000,
1278,152932270167575,152932270168003,1790296033964270949,152932270171349,152932270189964,18.615,3.774,sent,1000,
1279,152932275167575,152932275169210,1790296033969272778,152932275178177,152932275237419,59.242,10.602,sent,1000,
1280,152932280167575,152932280169817,1790296033974274266,152932280187140,152932280277360,90.22,19.565,sent,1000,
1281,152932285167575,152932285169372,1790296033979274682,152932285186554,152932285291223,104.669,18.979,sent,1000,
1282,152932290167575,152932290169519,1790296033984273847,152932290189256,152932290298242,108.986,21.681,sent,1000,
1283,152932295167575,152932295169664,1790296033989273542,152932295180184,152932295239376,59.192,12.609,sent,1000,
1284,152932300167575,152932300170291,1790296033994274439,152932300186782,152932300290949,104.167,19.207,sent,1000,
1285,152932305167575,152932305169735,1790296033999274705,152932305187298,152932305292177,104.879,19.723,sent,1000,
1286,152932310167575,152932310168708,1790296034004272246,152932310177996,152932310237980,59.984,10.421,sent,1000,
1287,152932315167575,152932315169074,1790296034009273003,152932315178893,152932315239698,60.805,11.318,sent,1000,
1288,152932320167575,152932320170182,1790296034014274471,152932320186313,152932320295840,109.527,18.738,sent,1000,
1289,152932325167575,152932325169426,1790296034019274376,152932325186578,152932325290726,104.148,19.003,sent,1000,
1290,152932330167575,152932330171084,1790296034024275243,152932330187215,152932330294618,107.403,19.64,sent,1000,
1291,152932335167575,152932335169827,1790296034029274287,152932335187000,152932335289885,102.885,19.425,sent,1000,
1292,152932340167575,152932340170156,1790296034034274955,152932340186807,152932340290975,104.168,19.232,sent,1000,
1293,152932345167575,152932345169490,1790296034039273338,152932345179378,152932345239382,60.004,11.803,sent,1000,
1294,152932350167575,152932350169956,1790296034044273513,152932350179133,152932350238786,59.653,11.558,sent,1000,
1295,152932355167575,152932355170142,1790296034049274501,152932355187354,152932355292203,104.849,19.779,sent,1000,
1296,152932360167575,152932360169486,1790296034054273775,152932360186017,152932360290545,104.528,18.442,sent,1000,
1297,152932365167575,152932365170613,1790296034059274802,152932365188207,152932365291452,103.245,20.632,sent,1000,
1298,152932370167575,152932370170739,1790296034064274907,152932370186920,152932370291708,104.788,19.345,sent,1000,
1299,152932375167575,152932375170363,1790296034069274512,152932375186915,152932375291663,104.748,19.34,sent,1000,
1300,152932380167575,152932380169918,1790296034074274467,152932380186810,152932380289124,102.314,19.235,sent,1000,
1301,152932385167575,152932385170877,1790296034079275076,152932385187729,152932385293710,105.981,20.154,sent,1000,
1302,152932390167575,152932390170151,1790296034084274350,152932390186943,152932390294717,107.774,19.368,sent,1000,
1303,152932395167575,152932395169916,1790296034089273504,152932395179274,152932395238326,59.052,11.699,sent,1000,
1304,152932400167575,152932400170643,1790296034094274832,152932400187645,152932400293756,106.111,20.07,sent,1000,
1305,152932405167575,152932405170037,1790296034099274236,152932405187180,152932405291988,104.808,19.605,sent,1000,
1306,152932410167575,152932410169241,1790296034104273390,152932410185211,152932410289840,104.629,17.636,sent,1000,
1307,152932415167575,152932415170399,1790296034109274517,152932415187020,152932415291177,104.157,19.445,sent,1000,
1308,152932420167575,152932420169913,1790296034114274683,152932420186935,152932420290472,103.537,19.36,sent,1000,
1309,152932425167575,152932425169698,1790296034119274378,152932425207740,152932425309262,101.522,40.165,sent,1000,
1310,152932430167575,152932430170956,1790296034124275104,152932430187597,152932430293899,106.302,20.022,sent,1000,
1311,152932435167575,152932435170202,1790296034129274541,152932435187404,152932435288987,101.583,19.829,sent,1000,
1312,152932440167575,152932440170688,1790296034134274937,152932440187079,152932440290285,103.206,19.504,sent,1000,
1313,152932445167575,152932445170573,1790296034139274772,152932445186794,152932445290851,104.057,19.219,sent,1000,
1314,152932450167575,152932450170468,1790296034144274757,152932450187340,152932450292730,105.39,19.765,sent,1000,
1315,152932455167575,152932455170554,1790296034149274683,152932455187686,152932455290311,102.625,20.111,sent,1000,
1316,152932460167575,152932460169257,1790296034154273516,152932460185608,152932460290427,104.819,18.033,sent,1000,
1317,152932465167575,152932465170965,1790296034159275224,152932465188429,152932465293488,105.059,20.854,sent,1000,
1318,152932470167575,152932470170400,1790296034164274689,152932470187162,152932470292281,105.119,19.587,sent,1000,
1319,152932475167575,152932475170485,1790296034169274624,152932475187648,152932475290833,103.185,20.073,sent,1000,
1320,152932480167575,152932480169609,1790296034174274409,152932480187192,152932480291480,104.288,19.617,sent,1000,
1321,152932485167575,152932485170576,1790296034179274735,152932485187188,152932485289882,102.694,19.613,sent,1000,
1322,152932490167575,152932490170041,1790296034184274269,152932490185931,152932490290098,104.167,18.356,sent,1000,
1323,152932495167575,152932495170567,1790296034189274806,152932495187108,152932495291456,104.348,19.533,sent,1000,
1324,152932500167575,152932500170302,1790296034194274981,152932500187194,152932500290890,103.696,19.619,sent,1000,
1325,152932505167575,152932505170187,1790296034199274275,152932505187149,152932505242013,54.864,19.574,sent,1000,
1326,152932510167575,152932510169391,1790296034204273569,152932510185692,152932510274029,88.337,18.117,sent,1000,
1327,152932515167575,152932515168234,1790296034209271250,152932515172081,152932515196387,24.306,4.506,sent,1000,
1328,152932520167575,152932520170053,1790296034214274292,152932520186173,152932520290872,104.699,18.598,sent,1000,
1329,152932525167575,152932525170241,1790296034219274379,152932525187804,152932525291941,104.137,20.229,sent,1000,
1330,152932530167575,152932530171168,1790296034224275346,152932530187789,152932530292277,104.488,20.214,sent,1000,
1331,152932535167575,152932535170352,1790296034229274821,152932535187153,152932535293274,106.121,19.578,sent,1000,
1332,152932540167575,152932540169936,1790296034234274165,152932540186538,152932540289563,103.025,18.963,sent,1000,
1333,152932545167575,152932545169420,1790296034239273208,152932545177856,152932545234424,56.568,10.281,sent,1000,
1334,152932550167575,152932550168334,1790296034244271350,152932550172011,152932550196237,24.226,4.436,sent,1000,
1335,152932555167575,152932555170313,1790296034249274792,152932555188628,152932555293486,104.858,21.053,sent,1000,
1336,152932560167575,152932560169156,1790296034254273375,152932560185387,152932560289133,103.746,17.812,sent,1000,
1337,152932565167575,152932565170364,1790296034259274673,152932565188097,152932565292415,104.318,20.522,sent,1000,
1338,152932570167575,152932570170560,1790296034264274818,152932570187071,152932570291549,104.478,19.496,sent,1000,
1339,152932575167575,152932575170787,1790296034269275046,152932575187509,152932575291747,104.238,19.934,sent,1000,
1340,152932580167575,152932580170632,1790296034274274911,152932580187504,152932580289097,101.593,19.929,sent,1000,
1341,152932585167575,152932585168925,1790296034279272943,152932585184654,152932585282540,97.886,17.079,sent,1000,
1342,152932590167575,152932590169922,1790296034284273559,152932590179280,152932590238792,59.512,11.705,sent,1000,
1343,152932595167575,152932595169506,1790296034289273354,152932595179275,152932595238587,59.312,11.7,sent,1000,
1344,152932600167575,152932600169923,1790296034294274382,152932600187316,152932600289599,102.283,19.741,sent,1000,
1345,152932605167575,152932605170158,1790296034299274618,152932605187111,152932605289905,102.794,19.536,sent,1000,
1346,152932610167575,152932610169052,1790296034304272579,152932610178990,152932610239124,60.134,11.415,sent,1000,
1347,152932615167575,152932615170640,1790296034309274879,152932615186360,152932615291008,104.648,18.785,sent,1000,
1348,152932620167575,152932620169944,1790296034314273502,152932620179172,152932620238494,59.322,11.597,sent,1000,
1349,152932625167575,152932625170310,1790296034319274459,152932625186861,152932625291520,104.659,19.286,sent,1000,
1350,152932630167575,152932630169484,1790296034324273542,152932630179753,152932630239917,60.164,12.178,sent,1000,
1351,152932635167575,152932635169720,1790296034329274179,152932635186952,152932635292673,105.721,19.377,sent,1000,
1352,152932640167575,152932640169455,1790296034334274545,152932640187278,152932640291185,103.907,19.703,sent,1000,
1353,152932645167575,152932645169069,1790296034339273258,152932645177655,152932645232119,54.464,10.08,sent,1000,
1354,152932650167575,152932650168303,1790296034344271320,152932650172291,152932650193521,21.23,4.716,sent,1000,
1355,152932655167575,152932655168298,1790296034349271315,152932655172096,152932655195931,23.835,4.521,sent,1000,
1356,152932660167575,152932660168314,1790296034354271330,152932660171590,152932660195175,23.585,4.015,sent,1000,
1357,152932665167575,152932665168261,1790296034359271277,152932665171667,152932665197406,25.739,4.092,sent,1000,
1358,152932670167575,152932670168106,1790296034364271122,152932670171352,152932670194105,22.753,3.777,sent,1000,
1359,152932675167575,152932675168222,1790296034369271238,152932675171768,152932675195303,23.535,4.193,sent,1000,
1360,152932680167575,152932680168107,1790296034374271123,152932680171724,152932680194777,23.053,4.149,sent,1000,
1361,152932685167575,152932685168152,1790296034379271169,152932685171378,152932685194803,23.425,3.803,sent,1000,
1362,152932690167575,152932690170051,1790296034384274220,152932690186572,152932690294016,107.444,18.997,sent,1000,
1363,152932695167575,152932695169235,1790296034389273534,152932695190625,152932695295023,104.398,23.05,sent,1000,
1364,152932700167575,152932700169912,1790296034394274681,152932700186483,152932700287655,101.172,18.908,sent,1000,
1365,152932705167575,152932705169717,1790296034399273585,152932705179575,152932705240280,60.705,12.0,sent,1000,
1366,152932710167575,152932710169252,1790296034404273170,152932710178920,152932710238463,59.543,11.345,sent,1000,
1367,152932715167575,152932715169478,1790296034409273216,152932715179367,152932715237477,58.11,11.792,sent,1000,
1368,152932720167575,152932720170626,1790296034414274835,152932720187458,152932720296344,108.886,19.883,sent,1000,
1369,152932725167575,152932725170521,1790296034419274990,152932725187223,152932725257025,69.802,19.648,sent,1000,
1370,152932730167575,152932730169955,1790296034424274204,152932730186437,152932730293449,107.012,18.862,sent,1000,
1371,152932735167575,152932735169851,1790296034429274801,152932735187244,152932735294687,107.443,19.669,sent,1000,
1372,152932740167575,152932740169395,1790296034434273654,152932740185686,152932740284213,98.527,18.111,sent,1000,
1373,152932745167575,152932745169821,1790296034439274180,152932745186202,152932745289718,103.516,18.627,sent,1000,
1374,152932750167575,152932750182080,1790296034444285617,152932750192590,152932750254978,62.388,25.015,sent,1000,
1375,152932755167575,152932755196344,1790296034449300893,152932755214057,152932755320329,106.272,46.482,sent,1000,
1376,152932760167575,152932760169038,1790296034454272926,152932760178896,152932760220746,41.85,11.321,sent,1000,
1377,152932765167575,152932765170646,1790296034459274754,152932765188189,152932765293709,105.52,20.614,sent,1000,
1378,152932770167575,152932770170782,1790296034464275141,152932770187533,152932770293434,105.901,19.958,sent,1000,
1379,152932775167575,152932775170166,1790296034469274695,152932775187198,152932775292668,105.47,19.623,sent,1000,
1380,152932780167575,152932780170121,1790296034474274741,152932780187785,152932780291922,104.137,20.21,sent,1000,
1381,152932785167575,152932785170317,1790296034479274586,152932785187559,152932785299041,111.482,19.984,sent,1000,
1382,152932790167575,152932790169821,1790296034484274561,152932790187184,152932790291081,103.897,19.609,sent,1000,
1383,152932795167575,152932795170047,1790296034489274586,152932795187179,152932795291357,104.178,19.604,sent,1000,
1384,152932800167575,152932800170303,1790296034494274431,152932800186443,152932800300740,114.297,18.868,sent,1000,
1385,152932805167575,152932805171152,1790296034499275350,152932805188114,152932805292201,104.087,20.539,sent,1000,
1386,152932810167575,152932810169955,1790296034504274083,152932810186596,152932810292277,105.681,19.021,sent,1000,
1387,152932815167575,152932815170882,1790296034509275050,152932815188615,152932815294236,105.621,21.04,sent,1000,
1388,152932820167575,152932820169825,1790296034514274705,152932820187258,152932820293239,105.981,19.683,sent,1000,
1389,152932825167575,152932825170652,1790296034519274891,152932825187294,152932825248139,60.845,19.719,sent,1000,
1390,152932830167575,152932830169415,1790296034524273313,152932830178993,152932830231653,52.66,11.418,sent,1000,
1391,152932835167575,152932835168238,1790296034529271255,152932835172025,152932835196281,24.256,4.45,sent,1000,
1392,152932840167575,152932840169596,1790296034534274406,152932840186578,152932840290335,103.757,19.003,sent,1000,
1393,152932845167575,152932845170884,1790296034539275123,152932845187676,152932845292955,105.279,20.101,sent,1000,
1394,152932850167575,152932850171060,1790296034544275218,152932850209994,152932850312438,102.444,42.419,sent,1000,
1395,152932855167575,152932855170105,1790296034549274334,152932855187829,152932855292878,105.049,20.254,sent,1000,
1396,152932860167575,152932860169820,1790296034554274229,152932860187093,152932860291581,104.488,19.518,sent,1000,
1397,152932865167575,152932865170146,1790296034559274726,152932865186718,152932865292147,105.429,19.143,sent,1000,
1398,152932870167575,152932870170753,1790296034564274951,152932870187174,152932870294227,107.053,19.599,sent,1000,
1399,152932875167575,152932875170838,1790296034569275007,152932875186207,152932875291176,104.969,18.632,sent,1000,
1400,152932880167575,152932880170733,1790296034574274892,152932880187425,152932880291853,104.428,19.85,sent,1000,
1401,152932885167575,152932885170258,1790296034579274717,152932885187721,152932885290937,103.216,20.146,sent,1000,
1402,152932890167575,152932890170103,1790296034584274262,152932890186584,152932890292866,106.282,19.009,sent,1000,
1403,152932895167575,152932895170178,1790296034589274728,152932895187291,152932895291739,104.448,19.716,sent,1000,
1404,152932900167575,152932900170114,1790296034594274783,152932900186104,152932900289680,103.576,18.529,sent,1000,
1405,152932905167575,152932905170219,1790296034599274468,152932905186721,152932905292872,106.151,19.146,sent,1000,
1406,152932910167575,152932910169563,1790296034604274103,152932910186596,152932910289591,102.995,19.021,sent,1000,
1407,152932915167575,152932915170711,1790296034609274880,152932915187413,152932915289536,102.123,19.838,sent,1000,
1408,152932920167575,152932920168913,1790296034614273392,152932920178441,152932920232904,54.463,10.866,sent,1000,
1409,152932925167575,152932925169860,1790296034619274329,152932925187704,152932925293845,106.141,20.129,sent,1000,
1410,152932930167575,152932930170757,1790296034624274966,152932930187268,152932930291796,104.528,19.693,sent,1000,
1411,152932935167575,152932935171113,1790296034629275342,152932935187294,152932935292413,105.119,19.719,sent,1000,
1412,152932940167575,152932940170006,1790296034634274476,152932940187169,152932940293360,106.191,19.594,sent,1000,
1413,152932945167575,152932945169793,1790296034639274022,152932945186254,152932945285833,99.579,18.679,sent,1000,
1414,152932950167575,152932950169839,1790296034644274628,152932950187192,152932950292130,104.938,19.617,sent,1000,
1415,152932955167575,152932955170395,1790296034649274584,152932955187558,152932955290883,103.325,19.983,sent,1000,
1416,152932960167575,152932960169709,1790296034654274278,152932960186842,152932960292231,105.389,19.267,sent,1000,
1417,152932965167575,152932965170957,1790296034659275135,152932965187097,152932965290944,103.847,19.522,sent,1000,
1418,152932970167575,152932970170291,1790296034664274800,152932970187443,152932970291641,104.198,19.868,sent,1000,
1419,152932975167575,152932975170026,1790296034669274605,152932975187709,152932975293790,106.081,20.134,sent,1000,
1420,152932980167575,152932980169861,1790296034674274450,152932980186833,152932980290179,103.346,19.258,sent,1000,
1421,152932985167575,152932985169956,1790296034679274436,152932985186367,152932985292559,106.192,18.792,sent,1000,
1422,152932990167575,152932990170563,1790296034684274672,152932990186864,152932990291833,104.969,19.289,sent,1000,
1423,152932995167575,152932995170700,1790296034689274879,152932995187111,152932995291489,104.378,19.536,sent,1000,
1424,152933000167575,152933000170004,1790296034694274954,152933000187417,152933000291565,104.148,19.842,sent,1000,
1425,152933005167575,152933005169088,1790296034699272946,152933005178756,152933005239030,60.274,11.181,sent,1000,
1426,152933010167575,152933010169594,1790296034704273452,152933010179142,152933010239296,60.154,11.567,sent,1000,
1427,152933015167575,152933015169740,1790296034709273678,152933015185199,152933015270841,85.642,17.624,sent,1000,
1428,152933020167575,152933020168683,1790296034714272852,152933020181938,152933020261830,79.892,14.363,sent,1000,
1429,152933025167575,152933025168528,1790296034719272116,152933025179269,152933025254160,74.891,11.694,sent,1000,
1430,152933030167575,152933030168614,1790296034724272883,152933030177100,152933030225802,48.702,9.525,sent,1000,
1431,152933035167575,152933035168270,1790296034729271296,152933035173480,152933035202124,28.644,5.905,sent,1000,
1432,152933040167575,152933040168276,1790296034734271292,152933040171612,152933040194776,23.164,4.037,sent,1000,
1433,152933045167575,152933045168191,1790296034739271197,152933045171417,152933045194030,22.613,3.842,sent,1000,
1434,152933050167575,152933050168166,1790296034744271182,152933050171402,152933050194316,22.914,3.827,sent,1000,
1435,152933055167575,152933055168081,1790296034749271108,152933055171448,152933055194511,23.063,3.873,sent,1000,
1436,152933060167575,152933060168588,1790296034754271604,152933060172074,152933060194657,22.583,4.499,sent,1000,
1437,152933065167575,152933065168122,1790296034759271138,152933065176939,152933065199461,22.522,9.364,sent,1000,
1438,152933070167575,152933070168328,1790296034764271344,152933070171524,152933070194447,22.923,3.949,sent,1000,
1439,152933075167575,152933075168293,1790296034769271320,152933075171780,152933075194322,22.542,4.205,sent,1000,
1440,152933080167575,152933080168138,1790296034774271165,152933080171244,152933080193767,22.523,3.669,sent,1000,
1441,152933085167575,152933085169979,1790296034779274168,152933085186370,152933085291689,105.319,18.795,sent,1000,
1442,152933090167575,152933090168411,1790296034784272440,152933090178480,152933090228956,50.476,10.905,sent,1000,
1443,152933095167575,152933095168326,1790296034789271343,152933095172104,152933095195768,23.664,4.529,sent,1000,
1444,152933100167575,152933100168552,1790296034794272080,152933100178281,152933100237994,59.713,10.706,sent,1000,
1445,152933105167575,152933105168127,1790296034799271143,152933105171613,152933105194547,22.934,4.038,sent,1000,
1446,152933110167575,152933110169665,1790296034804273533,152933110179333,152933110238876,59.543,11.758,sent,1000,
1447,152933115167575,152933115169831,1790296034809273589,152933115179649,152933115239954,60.305,12.074,sent,1000,
1448,152933120167575,152933120169135,1790296034814273013,152933120178823,152933120238887,60.064,11.248,sent,1000,
1449,152933125167575,152933125169902,1790296034819274090,152933125186443,152933125292273,105.83,18.868,sent,1000,
1450,152933130167575,152933130168986,1790296034824273185,152933130179195,152933130239470,60.275,11.62,sent,1000,
1451,152933135167575,152933135169574,1790296034829273712,152933135179543,152933135238825,59.282,11.968,sent,1000,
1452,152933140167575,152933140169168,1790296034834273988,152933140186351,152933140291791,105.44,18.776,sent,1000,
1453,152933145167575,152933145170186,1790296034839274294,152933145186316,152933145291405,105.089,18.741,sent,1000,
1454,152933150167575,152933150168568,1790296034844272065,152933150177294,152933150233190,55.896,9.719,sent,1000,
1455,152933155167575,152933155168593,1790296034849272481,152933155177951,152933155235711,57.76,10.376,sent,1000,
1456,152933160167575,152933160168368,1790296034854271886,152933160177265,152933160233321,56.056,9.69,sent,1000,
1457,152933165167575,152933165168183,1790296034859271220,152933165171640,152933165196387,24.747,4.065,sent,1000,
1458,152933170167575,152933170169221,1790296034864273209,152933170179600,152933170239424,59.824,12.025,sent,1000,
1459,152933175167575,152933175169937,1790296034869274186,152933175186519,152933175290035,103.516,18.944,sent,1000,
1460,152933180167575,152933180170365,1790296034874274854,152933180185985,152933180290142,104.157,18.41,sent,1000,
1461,152933185167575,152933185169619,1790296034879273387,152933185179007,152933185239201,60.194,11.432,sent,1000,
1462,152933190167575,152933190168593,1790296034884272160,152933190178030,152933190232935,54.905,10.455,sent,1000,
1463,152933195167575,152933195169850,1790296034889274931,152933195186983,152933195295258,108.275,19.408,sent,1000,
1464,152933200167575,152933200169615,1790296034894273493,152933200179274,152933200240299,61.025,11.699,sent,1000,
1465,152933205167575,152933205169290,1790296034899272908,152933205178037,152933205232420,54.383,10.462,sent,1000,
1466,152933210167575,152933210170979,1790296034904275217,152933210187640,152933210296547,108.907,20.065,sent,1000,
1467,152933215167575,152933215170202,1790296034909274712,152933215187135,152933215297414,110.279,19.56,sent,1000,
1468,152933220167575,152933220168525,1790296034914272363,152933220177902,152933220236944,59.042,10.327,sent,1000,
1469,152933225167575,152933225168111,1790296034919271147,152933225172780,152933225196956,24.176,5.205,sent,1000,
1470,152933230167575,152933230168457,1790296034924271473,152933230171863,152933230194977,23.114,4.288,sent,1000,
1471,152933235167575,152933235169504,1790296034929273453,152933235179543,152933235241491,61.948,11.968,sent,1000,
1472,152933240167575,152933240169820,1790296034934274009,152933240187414,152933240245935,58.521,19.839,sent,1000,
1473,152933245167575,152933245169956,1790296034939273824,152933245179274,152933245238856,59.582,11.699,sent,1000,
1474,152933250167575,152933250169591,1790296034944274641,152933250186994,152933250276032,89.038,19.419,sent,1000,
1475,152933255167575,152933255169686,1790296034949274266,152933255187249,152933255293982,106.733,19.674,sent,1000,
1476,152933260167575,152933260168529,1790296034954272127,152933260177637,152933260237490,59.853,10.062,sent,1000,
1477,152933265167575,152933265168495,1790296034959273254,152933265177452,152933265218860,41.408,9.877,sent,1000,
1478,152933270167575,152933270168311,1790296034964271327,152933270172208,152933270195262,23.054,4.633,sent,1000,
1479,152933275167575,152933275168237,1790296034969271253,152933275189206,152933275212571,23.365,21.631,sent,1000,
1480,152933280167575,152933280169444,1790296034974274414,152933280186697,152933280288971,102.274,19.122,sent,1000,
1481,152933285167575,152933285168257,1790296034979271274,152933285172255,152933285197934,25.679,4.68,sent,1000,
1482,152933290167575,152933290170126,1790296034984274615,152933290187108,152933290293740,106.632,19.533,sent,1000,
1483,152933295167575,152933295169891,1790296034989274410,152933295187154,152933295289247,102.093,19.579,sent,1000,
1484,152933300167575,152933300169416,1790296034994273304,152933300178242,152933300241292,63.05,10.667,sent,1000,
1485,152933305167575,152933305169541,1790296034999273770,152933305186113,152933305278327,92.214,18.538,sent,1000,
1486,152933310167575,152933310169196,1790296035004273114,152933310178794,152933310238327,59.533,11.219,sent,1000,
1487,152933315167575,152933315170173,1790296035009274372,152933315186234,152933315285582,99.348,18.659,sent,1000,
1488,152933320167575,152933320169759,1790296035014274349,152933320187864,152933320292011,104.147,20.289,sent,1000,
1489,152933325167575,152933325168262,1790296035019271639,152933325175446,152933325213087,37.641,7.871,sent,1000,
1490,152933330167575,152933330168077,1790296035024272696,152933330175671,152933330206259,30.588,8.096,sent,1000,
1491,152933335167575,152933335168333,1790296035029271349,152933335172160,152933335199041,26.881,4.585,sent,1000,
1492,152933340167575,152933340168298,1790296035034271325,152933340171775,152933340194738,22.963,4.2,sent,1000,
1493,152933345167575,152933345168303,1790296035039271330,152933345171530,152933345194373,22.843,3.955,sent,1000,
1494,152933350167575,152933350169531,1790296035044273299,152933350179751,152933350238291,58.54,12.176,sent,1000,
1495,152933355167575,152933355169617,1790296035049274166,152933355187631,152933355292339,104.708,20.056,sent,1000,
1496,152933360167575,152933360169161,1790296035054274212,152933360186715,152933360289580,102.865,19.14,sent,1000,
1497,152933365167575,152933365170631,1790296035059274860,152933365188325,152933365292111,103.786,20.75,sent,1000,
1498,152933370167575,152933370169725,1790296035064274535,152933370186376,152933370290544,104.168,18.801,sent,1000,
1499,152933375167575,152933375169981,1790296035069274149,152933375189478,152933375272495,83.017,21.903,sent,1000,
1500,152933380167575,152933380169746,1790296035074274235,152933380186547,152933380291877,105.33,18.972,sent,1000,
1501,152933385167575,152933385169631,1790296035079274441,152933385186463,152933385288426,101.963,18.888,sent,1000,
1502,152933390167575,152933390170888,1790296035084275077,152933390187370,152933390292689,105.319,19.795,sent,1000,
1503,152933395167575,152933395169822,1790296035089274321,152933395186363,152933395292805,106.442,18.788,sent,1000,
1504,152933400167575,152933404010776,1790296035098114263,152933404019272,152933404050321,31.049,3851.697,sent,1000,
1505,152933405167575,152933405168209,1790296035099271236,152933405171786,152933405196874,25.088,4.211,sent,1000,
1506,152933410167575,152933410169507,1790296035104274287,152933410186029,152933410292430,106.401,18.454,sent,1000,
1507,152933415167575,152933415168321,1790296035109271338,152933415172599,152933415197116,24.517,5.024,sent,1000,
1508,152933420167575,152933420169779,1790296035114274299,152933420187102,152933420290799,103.697,19.527,sent,1000,
1509,152933425167575,152933425170256,1790296035119274444,152933425186406,152933425289792,103.386,18.831,sent,1000,
1510,152933430167575,152933430169600,1790296035124273057,152933430177635,152933430233260,55.625,10.06,sent,1000,
1511,152933435167575,152933435169595,1790296035129274064,152933435186487,152933435290114,103.627,18.912,sent,1000,
1512,152933440167575,152933440169651,1790296035134274290,152933440186022,152933440292904,106.882,18.447,sent,1000,
1513,152933445167575,152933445169616,1790296035139274075,152933445186849,152933445291317,104.468,19.274,sent,1000,
1514,152933450167575,152933450170733,1790296035144275002,152933450187455,152933450293466,106.011,19.88,sent,1000,
1515,152933455167575,152933455170500,1790296035149275079,152933455187612,152933455291629,104.017,20.037,sent,1000,
1516,152933460167575,152933460169914,1790296035154274424,152933460186516,152933460290904,104.388,18.941,sent,1000,
1517,152933465167575,152933465169769,1790296035159273988,152933465185950,152933465290648,104.698,18.375,sent,1000,
1518,152933470167575,152933470169785,1790296035164274815,152933470187468,152933470289662,102.194,19.893,sent,1000,
1519,152933475167575,152933475170512,1790296035169275001,152933475187654,152933475296651,108.997,20.079,sent,1000,
1520,152933480167575,152933480170357,1790296035174274545,152933480186708,152933480289392,102.684,19.133,sent,1000,
1521,152933485167575,152933485170222,1790296035179274390,152933485187304,152933485294167,106.863,19.729,sent,1000,
1522,152933490167575,152933490170157,1790296035184274516,152933490186808,152933490291276,104.468,19.233,sent,1000,
1523,152933495167575,152933495170753,1790296035189274962,152933495187225,152933495291552,104.327,19.65,sent,1000,
1524,152933500167575,152933500169306,1790296035194273485,152933500185256,152933500289544,104.288,17.681,sent,1000,
1525,152933505167575,152933505169714,1790296035199274183,152933505186015,152933505283620,97.605,18.44,sent,1000,
1526,152933510167575,152933510169850,1790296035204274128,152933510186842,152933510292322,105.48,19.267,sent,1000,
1527,152933515167575,152933515170526,1790296035209274995,152933515187448,152933515291365,103.917,19.873,sent,1000,
1528,152933520167575,152933520169770,1790296035214274540,152933520186973,152933520291601,104.628,19.398,sent,1000,
1529,152933525167575,152933525170186,1790296035219274706,152933525187840,152933525293680,105.84,20.265,sent,1000,
1530,152933530167575,152933530170272,1790296035224274541,152933530186693,152933530284558,97.865,19.118,sent,1000,
1531,152933535167575,152933535169826,1790296035229273364,152933535179114,152933535238206,59.092,11.539,sent,1000,
1532,152933540167575,152933540168219,1790296035234271245,152933540172066,152933540196282,24.216,4.491,sent,1000,
1533,152933545167575,152933545168054,1790296035239271071,152933545171711,152933545196889,25.178,4.136,sent,1000,
1534,152933550167575,152933550169744,1790296035244273422,152933550179463,152933550238114,58.651,11.888,sent,1000,
1535,152933555167575,152933555169369,1790296035249274179,152933555187573,152933555293003,105.43,19.998,sent,1000,
1536,152933560167575,152933560170917,1790296035254275066,152933560187168,152933560291335,104.167,19.593,sent,1000,
1537,152933565167575,152933565170131,1790296035259274640,152933565187414,152933565292633,105.219,19.839,sent,1000,
1538,152933570167575,152933570169225,1790296035264273173,152933570179704,152933570239317,59.613,12.129,sent,1000,
1539,152933575167575,152933575169190,1790296035269274300,152933575186483,152933575293215,106.732,18.908,sent,1000,
1540,152933580167575,152933580170438,1790296035274274716,152933580186598,152933580291206,104.608,19.023,sent,1000,
1541,152933585167575,152933585224014,1790296035279328213,152933585240666,152933585348921,108.255,73.091,sent,1000,
1542,152933590167575,152933590169627,1790296035284273856,152933590185156,152933590292440,107.284,17.581,sent,1000,
1543,152933595167575,152933595170235,1790296035289274423,152933595187157,152933595292066,104.909,19.582,sent,1000,
1544,152933600167575,152933600170882,1790296035294275090,152933600187774,152933600291901,104.127,20.199,sent,1000,
1545,152933605167575,152933605170456,1790296035299274955,152933605187789,152933605288069,100.28,20.214,sent,1000,
1546,152933610167575,152933610170201,1790296035304274550,152933610187183,152933610293084,105.901,19.608,sent,1000,
1547,152933615167575,152933615170136,1790296035309274385,152933615187179,152933615292017,104.838,19.604,sent,1000,
1548,152933620167575,152933620170402,1790296035314274551,152933620186713,152933620292654,105.941,19.138,sent,1000,
1549,152933625167575,152933625169636,1790296035319274596,152933625186478,152933625291377,104.899,18.903,sent,1000,
1550,152933630167575,152933630169591,1790296035324273139,152933630178799,152933630238231,59.432,11.224,sent,1000,
1551,152933635167575,152933635169977,1790296035329274156,152933635187120,152933635294293,107.173,19.545,sent,1000,
1552,152933640167575,152933640169893,1790296035334274332,152933640186644,152933640293938,107.294,19.069,sent,1000,
1553,152933645167575,152933645170110,1790296035339274579,152933645187082,152933645292763,105.681,19.507,sent,1000,
1554,152933650167575,152933650168192,1790296035344271218,152933650171999,152933650197497,25.498,4.424,sent,1000,
1555,152933655167575,152933655169670,1790296035349274500,152933655187334,152933655291401,104.067,19.759,sent,1000,
1556,152933660167575,152933660171108,1790296035354275287,152933660188100,152933660293510,105.41,20.525,sent,1000,
1557,152933665167575,152933665169671,1790296035359274330,152933665186964,152933665290500,103.536,19.389,sent,1000,
1558,152933670167575,152933670169636,1790296035364273524,152933670179204,152933670238066,58.862,11.629,sent,1000,
1559,152933675167575,152933675170583,1790296035369274742,152933675186684,152933675290080,103.396,19.109,sent,1000,
1560,152933680167575,152933680169647,1790296035374273906,152933680186529,152933680293441,106.912,18.954,sent,1000,
1561,152933685167575,152933685169452,1790296035379273050,152933685178740,152933685238163,59.423,11.165,sent,1000,
1562,152933690167575,152933690169088,1790296035384273187,152933690179047,152933690238610,59.563,11.472,sent,1000,
1563,152933695167575,152933695169364,1790296035389274535,152933695188330,152933695291726,103.396,20.755,sent,1000,
1564,152933700167575,152933700169880,1790296035394273759,152933700191622,152933700249902,58.28,24.047,sent,1000,
1565,152933705167575,152933705169104,1790296035399273393,152933705179093,152933705239568,60.475,11.518,sent,1000,
1566,152933710167575,152933710170042,1790296035404274551,152933710187545,152933710297172,109.627,19.97,sent,1000,
1567,152933715167575,152933715169416,1790296035409273604,152933715186799,152933715296527,109.728,19.224,sent,1000,
1568,152933720167575,152933720169441,1790296035414274562,152933720186874,152933720291412,104.538,19.299,sent,1000,
1569,152933725167575,152933725170488,1790296035419274647,152933725187821,152933725291878,104.057,20.246,sent,1000,
1570,152933730167575,152933730169963,1790296035424274081,152933730186133,152933730291152,105.019,18.558,sent,1000,
1571,152933735167575,152933735170601,1790296035429274819,152933735188435,152933735293714,105.279,20.86,sent,1000,
1572,152933740167575,152933740170326,1790296035434274535,152933740186957,152933740294622,107.665,19.382,sent,1000,
1573,152933745167575,152933745170612,1790296035439274791,152933745187674,152933745295148,107.474,20.099,sent,1000,
1574,152933750167575,152933750171008,1790296035444275247,152933750187770,152933750298169,110.399,20.195,sent,1000,
1575,152933755167575,152933755170052,1790296035449274270,152933755187194,152933755299116,111.922,19.619,sent,1000,
1576,152933760167575,152933760170378,1790296035454274686,152933760187179,152933760297158,109.979,19.604,sent,1000,
1577,152933765167575,152933765170263,1790296035459274441,152933765186884,152933765295971,109.087,19.309,sent,1000,
1578,152933770167575,152933770170478,1790296035464274717,152933770187190,152933770296778,109.588,19.615,sent,1000,
1579,152933775167575,152933775170424,1790296035469274753,152933775187085,152933775295831,108.746,19.51,sent,1000,
1580,152933780167575,152933780169209,1790296035474272997,152933780178697,152933780237719,59.022,11.122,sent,1000,
1581,152933785167575,152933785169906,1790296035479274395,152933785187319,152933785242323,55.004,19.744,sent,1000,
1582,152933790167575,152933790182114,1790296035484286303,152933790198425,152933790304266,105.841,30.85,sent,1000,
1583,152933795167575,152933795169976,1790296035489274155,152933795186558,152933795296576,110.018,18.983,sent,1000,
1584,152933800167575,152933800168870,1790296035494273299,152933800184329,152933800279028,94.699,16.754,sent,1000,
1585,152933805167575,152933805169136,1790296035499273114,152933805186669,152933805284634,97.965,19.094,sent,1000,
1586,152933810167575,152933810169291,1790296035504273249,152933810178879,152933810238372,59.493,11.304,sent,1000,
1587,152933815167575,152933815169717,1790296035509274247,152933815187341,152933815290967,103.626,19.766,sent,1000,
1588,152933820167575,152933820169793,1790296035514273992,152933820185823,152933820295311,109.488,18.248,sent,1000,
1589,152933825167575,152933825169809,1790296035519274919,152933825185899,152933825285969,100.07,18.324,sent,1000,
1590,152933830167575,152933830169465,1790296035524273002,152933830179163,152933830288270,109.107,11.588,sent,1000,
1591,152933835167575,152933835169761,1790296035529274651,152933835186833,152933835292483,105.65,19.258,sent,1000,
1592,152933840167575,152933840170547,1790296035534275167,152933840187409,152933840290875,103.466,19.834,sent,1000,
1593,152933845167575,152933845170533,1790296035539274792,152933845187254,152933845289989,102.735,19.679,sent,1000,
1594,152933850167575,152933850169857,1790296035544274627,152933850186999,152933850290516,103.517,19.424,sent,1000,
1595,152933855167575,152933855169702,1790296035549273961,152933855186804,152933855282115,95.311,19.229,sent,1000,
1596,152933860167575,152933860171010,1790296035554275289,152933860186870,152933860292139,105.269,19.295,sent,1000,
1597,152933865167575,152933865168260,1790296035559271286,152933865172608,152933865195782,23.174,5.033,sent,1000,
1598,152933870167575,152933870169659,1790296035564274138,152933870187182,152933870294325,107.143,19.607,sent,1000,
1599,152933875167575,152933875170447,1790296035569275046,152933875186968,152933875292257,105.289,19.393,sent,1000,
1600,152933880167575,152933880169420,1790296035574273589,152933880184749,152933880288856,104.107,17.174,sent,1000,
1601,152933885167575,152933885169676,1790296035579274185,152933885186989,152933885289242,102.253,19.414,sent,1000,
1602,152933890167575,152933890170082,1790296035584274301,152933890186964,152933890293746,106.782,19.389,sent,1000,
1603,152933895167575,152933895169837,1790296035589274316,152933895186999,152933895292419,105.42,19.424,sent,1000,
1604,152933900167575,152933900170273,1790296035594274692,152933900186965,152933900289800,102.835,19.39,sent,1000,
1605,152933905167575,152933905168325,1790296035599271351,152933905172563,152933905197029,24.466,4.988,sent,1000,
1606,152933910167575,152933910170003,1790296035604274322,152933910186955,152933910292165,105.21,19.38,sent,1000,
1607,152933915167575,152933915170269,1790296035609274548,152933915209714,152933915313721,104.007,42.139,sent,1000,
1608,152933920167575,152933920169725,1790296035614274505,152933920186858,152933920290654,103.796,19.283,sent,1000,
1609,152933925167575,152933925169450,1790296035619274651,152933925187975,152933925291652,103.677,20.4,sent,1000,
1610,152933930167575,152933930169536,1790296035624273684,152933930186838,152933930291246,104.408,19.263,sent,1000,
1611,152933935167575,152933935170453,1790296035629274661,152933935187315,152933935290450,103.135,19.74,sent,1000,
1612,152933940167575,152933940170147,1790296035634274607,152933940186739,152933940290766,104.027,19.164,sent,1000,
1613,152933945167575,152933945170083,1790296035639274482,152933945186404,152933945291012,104.608,18.829,sent,1000,
1614,152933950167575,152933950169276,1790296035644273495,152933950179165,152933950238949,59.784,11.59,sent,1000,
1615,152933955167575,152933955170023,1790296035649274242,152933955187687,152933955292696,105.009,20.112,sent,1000,
1616,152933960167575,152933960170199,1790296035654274688,152933960187041,152933960289385,102.344,19.466,sent,1000,
1617,152933965167575,152933965170135,1790296035659274323,152933965186385,152933965289030,102.645,18.81,sent,1000,
1618,152933970167575,152933970170131,1790296035664274290,152933970187123,152933970291311,104.188,19.548,sent,1000,
1619,152933975167575,152933975169766,1790296035669274375,152933975186728,152933975293701,106.973,19.153,sent,1000,
1620,152933980167575,152933980169611,1790296035674273770,152933980186222,152933980288857,102.635,18.647,sent,1000,
1621,152933985167575,152933985169406,1790296035679274266,152933985186178,152933985289544,103.366,18.603,sent,1000,
1622,152933990167575,152933990169792,1790296035684274311,152933990186924,152933990293927,107.003,19.349,sent,1000,
1623,152933995167575,152933995170699,1790296035689274898,152933995187681,152933995292279,104.598,20.106,sent,1000,
1624,152934000167575,152934000169542,1790296035694273521,152934000179661,152934000239144,59.483,12.086,sent,1000,
1625,152934005167575,152934005168305,1790296035699271322,152934005172193,152934005195757,23.564,4.618,sent,1000,
1626,152934010167575,152934010168292,1790296035704271308,152934010171428,152934010194561,23.133,3.853,sent,1000,
1627,152934015167575,152934015169019,1790296035709273679,152934015191061,152934015300378,109.317,23.486,sent,1000,
1628,152934020167575,152934020170617,1790296035714274175,152934020181127,152934020237685,56.558,13.552,sent,1000,
1629,152934025167575,152934025168349,1790296035719271385,152934025174079,152934025208124,34.045,6.504,sent,1000,
1630,152934030167575,152934030168134,1790296035724271150,152934030171510,152934030194774,23.264,3.935,sent,1000,
1631,152934035167575,152934035168149,1790296035729271165,152934035171405,152934035195030,23.625,3.83,sent,1000,
1632,152934040167575,152934040168295,1790296035734271311,152934040171420,152934040194063,22.643,3.845,sent,1000,
1633,152934045167575,152934045168270,1790296035739271286,152934045171476,152934045194480,23.004,3.901,sent,1000,
1634,152934050167575,152934050168195,1790296035744271232,152934050171662,152934050193994,22.332,4.087,sent,1000,
1635,152934055167575,152934055168190,1790296035749271207,152934055171386,152934055194550,23.164,3.811,sent,1000,
1636,152934060167575,152934060170261,1790296035754274480,152934060187103,152934060293214,106.111,19.528,sent,1000,
1637,152934065167575,152934065168213,1790296035759271239,152934065171770,152934065195515,23.745,4.195,sent,1000,
1638,152934070167575,152934070170112,1790296035764274291,152934070185942,152934070292844,106.902,18.367,sent,1000,
1639,152934075167575,152934075169727,1790296035769274366,152934075186208,152934075291036,104.828,18.633,sent,1000,
1640,152934080167575,152934080169762,1790296035774274031,152934080186985,152934080292394,105.409,19.41,sent,1000,
1641,152934085167575,152934085169276,1790296035779273144,152934085179175,152934085238838,59.663,11.6,sent,1000,
1642,152934090167575,152934090168811,1790296035784272689,152934090180974,152934090244655,63.681,13.399,sent,1000,
1643,152934095167575,152934095168145,1790296035789271262,152934095173205,152934095193824,20.619,5.63,sent,1000,
1644,152934100167575,152934100168190,1790296035794271217,152934100173050,152934100197336,24.286,5.475,sent,1000,
1645,152934105167575,152934105167957,1790296035799270913,152934105170672,152934105188055,17.383,3.097,sent,1000,
1646,152934110167575,152934110168223,1790296035804271249,152934110171369,152934110195184,23.815,3.794,sent,1000,
1647,152934115167575,152934115168218,1790296035809271235,152934115171815,152934115194839,23.024,4.24,sent,1000,
1648,152934120167575,152934120168324,1790296035814271340,152934120171640,152934120194554,22.914,4.065,sent,1000,
1649,152934125167575,152934125168219,1790296035819271235,152934125181134,152934125203776,22.642,13.559,sent,1000,
1650,152934130167575,152934130167994,1790296035824271010,152934130171150,152934130194775,23.625,3.575,sent,1000,
1651,152934135167575,152934135168610,1790296035829271627,152934135171837,152934135194399,22.562,4.262,sent,1000,
1652,152934140167575,152934140168255,1790296035834271282,152934140171411,152934140194234,22.823,3.836,sent,1000,
1653,152934145167575,152934145168010,1790296035839271027,152934145171236,152934145194100,22.864,3.661,sent,1000,
1654,152934150167575,152934150169429,1790296035844272936,152934150178446,152934150233911,55.465,10.871,sent,1000,
1655,152934155167575,152934155169515,1790296035849273924,152934155186007,152934155288922,102.915,18.432,sent,1000,
1656,152934160167575,152934160176244,1790296035854279901,152934160185621,152934160243040,57.419,18.046,sent,1000,
1657,152934165167575,152934165169656,1790296035859273945,152934165185817,152934165288492,102.675,18.242,sent,1000,
1658,152934170167575,152934170169972,1790296035864273520,152934170178689,152934170236208,57.519,11.114,sent,1000,
1659,152934175167575,152934175168274,1790296035869271301,152934175172503,152934175196017,23.514,4.928,sent,1000,
1660,152934180167575,152934180168340,1790296035874271356,152934180171626,152934180190562,18.936,4.051,sent,1000,
1661,152934185167575,152934185168205,1790296035879271222,152934185171471,152934185193904,22.433,3.896,sent,1000,
1662,152934190167575,152934190168080,1790296035884271097,152934190171186,152934190193849,22.663,3.611,sent,1000,
1663,152934195167575,152934195170191,1790296035889274340,152934195187604,152934195291932,104.328,20.029,sent,1000,
1664,152934200167575,152934200169075,1790296035894273153,152934200185345,152934200281528,96.183,17.77,sent,1000,
1665,152934205167575,152934205169932,1790296035899274180,152934205186783,152934205290270,103.487,19.208,sent,1000,
1666,152934210167575,152934210169877,1790296035904273434,152934210178864,152934210238998,60.134,11.289,sent,1000,
1667,152934215167575,152934215169421,1790296035909273640,152934215185412,152934215290180,104.768,17.837,sent,1000,
1668,152934220167575,152934220170889,1790296035914275128,152934220187501,152934220290666,103.165,19.926,sent,1000,
1669,152934225167575,152934225169252,1790296035919273541,152934225179341,152934225239645,60.304,11.766,sent,1000,
1670,152934230167575,152934230169988,1790296035924274177,152934230186460,152934230295877,109.417,18.885,sent,1000,
1671,152934235167575,152934235169493,1790296035929273221,152934235178831,152934235237552,58.721,11.256,sent,1000,
1672,152934240167575,152934240170029,1790296035934274549,152934240187623,152934240293073,105.45,20.048,sent,1000,
1673,152934245167575,152934245169946,1790296035939273504,152934245179875,152934245238687,58.812,12.3,sent,1000,
1674,152934250167575,152934250170403,1790296035944274701,152934250186744,152934250295199,108.455,19.169,sent,1000,
1675,152934255167575,152934255169987,1790296035949274166,152934255186518,152934255295735,109.217,18.943,sent,1000,
1676,152934260167575,152934260170073,1790296035954274592,152934260186554,152934260293336,106.782,18.979,sent,1000,
1677,152934265167575,152934265169677,1790296035959273876,152934265187130,152934265287370,100.24,19.555,sent,1000,
1678,152934270167575,152934270168340,1790296035964271357,152934270171957,152934270195812,23.855,4.382,sent,1000,
1679,152934275167575,152934275168175,1790296035969271121,152934275171181,152934275187001,15.82,3.606,sent,1000,
1680,152934280167575,152934280168231,1790296035974271247,152934280171417,152934280194440,23.023,3.842,sent,1000,
1681,152934285167575,152934285168086,1790296035979271102,152934285171672,152934285194736,23.064,4.097,sent,1000,
1682,152934290167575,152934290170116,1790296035984274294,152934290186797,152934290295754,108.957,19.222,sent,1000,
1683,152934295167575,152934295170332,1790296035989274872,152934295187645,152934295296331,108.686,20.07,sent,1000,
1684,152934300167575,152934300170388,1790296035994274647,152934300186989,152934300293702,106.713,19.414,sent,1000,
1685,152934305167575,152934305169231,1790296035999273069,152934305178699,152934305239474,60.775,11.124,sent,1000,
1686,152934310167575,152934310189104,1790296036004293343,152934310206247,152934310312127,105.88,38.672,sent,1000,
1687,152934315167575,152934315169943,1790296036009274212,152934315186915,152934315291824,104.909,19.34,sent,1000,
1688,152934320167575,152934320171001,1790296036014275189,152934320187382,152934320292581,105.199,19.807,sent,1000,
1689,152934325167575,152934325170174,1790296036019274323,152934325187086,152934325293218,106.132,19.511,sent,1000,
1690,152934330167575,152934330169458,1790296036024272986,152934330178746,152934330274207,95.461,11.171,sent,1000,
1691,152934335167575,152934335170347,1790296036029274445,152934335186517,152934335244107,57.59,18.942,sent,1000,
1692,152934340167575,152934340169681,1790296036034273930,152934340185982,152934340291021,105.039,18.407,sent,1000,
1693,152934345167575,152934345169977,1790296036039274286,152934345186088,152934345292219,106.131,18.513,sent,1000,
1694,152934350167575,152934350170063,1790296036044274281,152934350188948,152934350300309,111.361,21.373,sent,1000,
1695,152934355167575,152934355169146,1790296036049273465,152934355188363,152934355291608,103.245,20.788,sent,1000,
1696,152934360167575,152934360170664,1790296036054274823,152934360187136,152934360243723,56.587,19.561,sent,1000,
1697,152934365167575,152934365169678,1790296036059273897,152934365185358,152934365339099,153.741,17.783,sent,1000,
1698,152934370167575,152934370168221,1790296036064271237,152934370171747,152934370195763,24.016,4.172,sent,1000,
1699,152934375167575,152934375168186,1790296036069271202,152934375171522,152934375194826,23.304,3.947,sent,1000,
1700,152934380167575,152934380169926,1790296036074274145,152934380186778,152934380293250,106.472,19.203,sent,1000,
1701,152934385167575,152934385168208,1790296036079271225,152934385171835,152934385195991,24.156,4.26,sent,1000,
1702,152934390167575,152934390170127,1790296036084274276,152934390187280,152934390293060,105.78,19.705,sent,1000,
1703,152934395167575,152934395169682,1790296036089274532,152934395187846,152934395294508,106.662,20.271,sent,1000,
1704,152934400167575,152934400169988,1790296036094274197,152934400186920,152934400288763,101.843,19.345,sent,1000,
1705,152934405167575,152934405169402,1790296036099273060,152934405178630,152934405236609,57.979,11.055,sent,1000,
1706,152934410167575,152934410169518,1790296036104273235,152934410178665,152934410238979,60.314,11.09,sent,1000,
1707,152934415167575,152934415169433,1790296036109273612,152934415186405,152934415293738,107.333,18.83,sent,1000,
1708,152934420167575,152934420169468,1790296036114274268,152934420186741,152934420290668,103.927,19.166,sent,1000,
1709,152934425167575,152934425170296,1790296036119275035,152934425187087,152934425247211,60.124,19.512,sent,1000,
1710,152934430167575,152934430167998,1790296036124270944,152934430170402,152934430187936,17.534,2.827,sent,1000,
1711,152934435167575,152934435168254,1790296036129271270,152934435171810,152934435195215,23.405,4.235,sent,1000,
1712,152934440167575,152934440168249,1790296036134271266,152934440171625,152934440194308,22.683,4.05,sent,1000,
1713,152934445167575,152934445168254,1790296036139271271,152934445171561,152934445195466,23.905,3.986,sent,1000,
1714,152934450167575,152934450168100,1790296036144271116,152934450171215,152934450193628,22.413,3.64,sent,1000,
1715,152934455167575,152934455168095,1790296036149271111,152934455171341,152934455194154,22.813,3.766,sent,1000,
1716,152934460167575,152934460169152,1790296036154273040,152934460178981,152934460238965,59.984,11.406,sent,1000,
1717,152934465167575,152934465168316,1790296036159271342,152934465172253,152934465195918,23.665,4.678,sent,1000,
1718,152934470167575,152934470170196,1790296036164274344,152934470185896,152934470293610,107.714,18.321,sent,1000,
1719,152934475167575,152934475170112,1790296036169274411,152934475186212,152934475290891,104.679,18.637,sent,1000,
1720,152934480167575,152934480170067,1790296036174274306,152934480186809,152934480295094,108.285,19.234,sent,1000,
1721,152934485167575,152934485169822,1790296036179274331,152934485186694,152934485287154,100.46,19.119,sent,1000,
1722,152934490167575,152934490170018,1790296036184274437,152934490187070,152934490291979,104.909,19.495,sent,1000,
1723,152934495167575,152934495170153,1790296036189274432,152934495186825,152934495293327,106.502,19.25,sent,1000,
1724,152934500167575,152934500169608,1790296036194273766,152934500186520,152934500293202,106.682,18.945,sent,1000,
1725,152934505167575,152934505170054,1790296036199274323,152934505186265,152934505290332,104.067,18.69,sent,1000,
1726,152934510167575,152934510169649,1790296036204274378,152934510186921,152934510291980,105.059,19.346,sent,1000,
1727,152934515167575,152934515170105,1790296036209274303,152934515187107,152934515292597,105.49,19.532,sent,1000,
1728,152934520167575,152934520169621,1790296036214274411,152934520186383,152934520291552,105.169,18.808,sent,1000,
1729,152934525167575,152934525169636,1790296036219274316,152934525186568,152934525290786,104.218,18.993,sent,1000,
1730,152934530167575,152934530168850,1790296036224272688,152934530178519,152934530235466,56.947,10.944,sent,1000,
1731,152934535167575,152934535170409,1790296036229274597,152934535187421,152934535293542,106.121,19.846,sent,1000,
1732,152934540167575,152934540170334,1790296036234274532,152934540187386,152934540291594,104.208,19.811,sent,1000,
1733,152934545167575,152934545169978,1790296036239274077,152934545186059,152934545284526,98.467,18.484,sent,1000,
1734,152934550167575,152934550169673,1790296036244273842,152934550208216,152934550310410,102.194,40.641,sent,1000,
1735,152934555167575,152934555170640,1790296036249274859,152934555187793,152934555293974,106.181,20.218,sent,1000,
1736,152934560167575,152934560169985,1790296036254274784,152934560188099,152934560291635,103.536,20.524,sent,1000,
1737,152934565167575,152934565169511,1790296036259273699,152934565185972,152934565283296,97.324,18.397,sent,1000,
1738,152934570167575,152934570170528,1790296036264274777,152934570187400,152934570293471,106.071,19.825,sent,1000,
1739,152934575167575,152934575170233,1790296036269274582,152934575187065,152934575292565,105.5,19.49,sent,1000,
1740,152934580167575,152934580169858,1790296036274274056,152934580187000,152934580292089,105.089,19.425,sent,1000,
1741,152934585167575,152934585168971,1790296036279272789,152934585177117,152934585229636,52.519,9.542,sent,1000,
1742,152934590167575,152934590169438,1790296036284272945,152934590178986,152934590240342,61.356,11.411,sent,1000,
1743,152934595167575,152934595170515,1790296036289274684,152934595186886,152934595292897,106.011,19.311,sent,1000,
1744,152934600167575,152934600169949,1790296036294274138,152934600186040,152934600290878,104.838,18.465,sent,1000,
1745,152934605167575,152934605169674,1790296036299273933,152934605185454,152934605288459,103.005,17.879,sent,1000,
1746,152934610167575,152934610169821,1790296036304273438,152934610178006,152934610232499,54.493,10.431,sent,1000,
1747,152934615167575,152934615169496,1790296036309273665,152934615186408,152934615291447,105.039,18.833,sent,1000,
1748,152934620167575,152934620169832,1790296036314274382,152934620186935,152934620292274,105.339,19.36,sent,1000,
1749,152934625167575,152934625169687,1790296036319274136,152934625185487,152934625284324,98.837,17.912,sent,1000,
1750,152934630167575,152934630169292,1790296036324272799,152934630178700,152934630236599,57.899,11.125,sent,1000,
1751,152934635167575,152934635169197,1790296036329273045,152934635178735,152934635236905,58.17,11.16,sent,1000,
1752,152934640167575,152934640169914,1790296036334274082,152934640186535,152934640293187,106.652,18.96,sent,1000,
1753,152934645167575,152934645168246,1790296036339271262,152934645171572,152934645194345,22.773,3.997,sent,1000,
1754,152934650167575,152934650168231,1790296036344271248,152934650171608,152934650194551,22.943,4.033,sent,1000,
1755,152934655167575,152934655168268,1790296036349271295,152934655171494,152934655194578,23.084,3.919,sent,1000,
1756,152934660167575,152934660169436,1790296036354274216,152934660186739,152934660290125,103.386,19.164,sent,1000,
1757,152934665167575,152934665168139,1790296036359271155,152934665171606,152934665194529,22.923,4.031,sent,1000,
1758,152934670167575,152934670168305,1790296036364271321,152934670172042,152934670195787,23.745,4.467,sent,1000,
1759,152934675167575,152934675168100,1790296036369271116,152934675171396,152934675194991,23.595,3.821,sent,1000,
1760,152934680167575,152934680168205,1790296036374271232,152934680171371,152934680193854,22.483,3.796,sent,1000,
1761,152934685167575,152934685170304,1790296036379274473,152934685186405,152934685290933,104.528,18.83,sent,1000,
1762,152934690167575,152934690170530,1790296036384274569,152934690186611,152934690241174,54.563,19.036,sent,1000,
1763,152934695167575,152934695169824,1790296036389274344,152934695186857,152934695293719,106.862,19.282,sent,1000,
1764,152934700167575,152934700169740,1790296036394273898,152934700185870,152934700291691,105.821,18.295,sent,1000,
1765,152934705167575,152934705169626,1790296036399273134,152934705178323,152934705235692,57.369,10.748,sent,1000,
1766,152934710167575,152934710169892,1790296036404273430,152934710178899,152934710239083,60.184,11.324,sent,1000,
1767,152934715167575,152934715169677,1790296036409274046,152934715186740,152934715291017,104.277,19.165,sent,1000,
1768,152934720167575,152934720169182,1790296036414273160,152934720178670,152934720238713,60.043,11.095,sent,1000,
1769,152934725167575,152934725168185,1790296036419271212,152934725171521,152934725194475,22.954,3.946,sent,1000,
1770,152934730167575,152934730168251,1790296036424271277,152934730171407,152934730194651,23.244,3.832,sent,1000,
1771,152934735167575,152934735169649,1790296036429274008,152934735186711,152934735289917,103.206,19.136,sent,1000,
1772,152934740167575,152934740170075,1790296036434274304,152934740187037,152934740290954,103.917,19.462,sent,1000,
1773,152934745167575,152934745169950,1790296036439273788,152934745179448,152934745237609,58.161,11.873,sent,1000,
1774,152934750167575,152934750169696,1790296036444273915,152934750185777,152934750295034,109.257,18.202,sent,1000,
1775,152934755167575,152934755169882,1790296036449274051,152934755187065,152934755295440,108.375,19.49,sent,1000,
1776,152934760167575,152934760170108,1790296036454274888,152934760187741,152934760294844,107.103,20.166,sent,1000,
1777,152934765167575,152934765168871,1790296036459272408,152934765191674,152934765251938,60.264,24.099,sent,1000,
1778,152934770167575,152934770169437,1790296036464274237,152934770186570,152934770295837,109.267,18.995,sent,1000,
1779,152934775167575,152934775170896,1790296036469275265,152934775188098,152934775298668,110.57,20.523,sent,1000,
1780,152934780167575,152934780169448,1790296036474273577,152934780185388,152934780287782,102.394,17.813,sent,1000,
1781,152934785167575,152934785169504,1790296036479273061,152934785178370,152934785239256,60.886,10.795,sent,1000,
1782,152934790167575,152934790169359,1790296036484273257,152934790179117,152934790239532,60.415,11.542,sent,1000,
1783,152934795167575,152934795169896,1790296036489274255,152934795186528,152934795293761,107.233,18.953,sent,1000,
1784,152934800167575,152934800169782,1790296036494273961,152934800186233,152934800293446,107.213,18.658,sent,1000,
1785,152934805167575,152934805169657,1790296036499274497,152934805187591,152934805268414,80.823,20.016,sent,1000,
1786,152934810167575,152934810169182,1790296036504273370,152934810178269,152934810231219,52.95,10.694,sent,1000,
1787,152934815167575,152934815168225,1790296036509271252,152934815171832,152934815196258,24.426,4.257,sent,1000,
1788,152934820167575,152934820168271,1790296036514271327,152934820172008,152934820191955,19.947,4.433,sent,1000,
1789,152934825167575,152934825168236,1790296036519271262,152934825172043,152934825194556,22.513,4.468,sent,1000,
1790,152934830167575,152934830167991,1790296036524271017,152934830171507,152934830198569,27.062,3.932,sent,1000,
1791,152934835167575,152934835169188,1790296036529273357,152934835186261,152934835287913,101.652,18.686,sent,1000,
1792,152934840167575,152934840170047,1790296036534274276,152934840186558,152934840250239,63.681,18.983,sent,1000,
1793,152934845167575,152934845170483,1790296036539274722,152934845186764,152934845292364,105.6,19.189,sent,1000,
1794,152934850167575,152934850168244,1790296036544271261,152934850171561,152934850194654,23.093,3.986,sent,1000,
1795,152934855167575,152934855169833,1790296036549274352,152934855187857,152934855294689,106.832,20.282,sent,1000,
1796,152934860167575,152934860169608,1790296036554273887,152934860187311,152934860291198,103.887,19.736,sent,1000,
1797,152934865167575,152934865169783,1790296036559273962,152934865186205,152934865288629,102.424,18.63,sent,1000,
1798,152934870167575,152934870170630,1790296036564274809,152934870187773,152934870293153,105.38,20.198,sent,1000,
1799,152934875167575,152934875170145,1790296036569274644,152934875186826,152934875291986,105.16,19.251,sent,1000,
1800,152934880167575,152934880169309,1790296036574272846,152934880179217,152934880239672,60.455,11.642,sent,1000,
1801,152934885167575,152934885170047,1790296036579274266,152934885185476,152934885286819,101.343,17.901,sent,1000,
1802,152934890167575,152934890169872,1790296036584273410,152934890178859,152934890239975,61.116,11.284,sent,1000,
1803,152934895167575,152934895170799,1790296036589274988,152934895187331,152934895371329,183.998,19.756,sent,1000,
1804,152934900167575,152934900169873,1790296036594274182,152934900187166,152934900289039,101.873,19.591,sent,1000,
1805,152934905167575,152934905170459,1790296036599274588,152934905186450,152934905286620,100.17,18.875,sent,1000,
1806,152934910167575,152934910170054,1790296036604274623,152934910187187,152934910290873,103.686,19.612,sent,1000,
1807,152934915167575,152934915169368,1790296036609273787,152934915185629,152934915290948,105.319,18.054,sent,1000,
1808,152934920167575,152934920169544,1790296036614273722,152934920185955,152934920289551,103.596,18.38,sent,1000,
1809,152934925167575,152934925169810,1790296036619274279,152934925185960,152934925289837,103.877,18.385,sent,1000,
1810,152934930167575,152934930168914,1790296036624272442,152934930178803,152934930237394,58.591,11.228,sent,1000,
1811,152934935167575,152934935169972,1790296036629274191,152934935186604,152934935292865,106.261,19.029,sent,1000,
1812,152934940167575,152934940170298,1790296036634274557,152934940187321,152934940292340,105.019,19.746,sent,1000,
1813,152934945167575,152934945170314,1790296036639274883,152934945186705,152934945289920,103.215,19.13,sent,1000,
1814,152934950167575,152934950169197,1790296036644272714,152934950178394,152934950238318,59.924,10.819,sent,1000,
1815,152934955167575,152934955169693,1790296036649274153,152934955186886,152934955291133,104.247,19.311,sent,1000,
1816,152934960167575,152934960170500,1790296036654274689,152934960187442,152934960291459,104.017,19.867,sent,1000,
1817,152934965167575,152934965169073,1790296036659273472,152934965186265,152934965289651,103.386,18.69,sent,1000,
1818,152934970167575,152934970170200,1790296036664274469,152934970186812,152934970290328,103.516,19.237,sent,1000,
1819,152934975167575,152934975170438,1790296036669274957,152934975210373,152934975313930,103.557,42.798,sent,1000,
1820,152934980167575,152934980169461,1790296036674273670,152934980186153,152934980289920,103.767,18.578,sent,1000,
1821,152934985167575,152934985169737,1790296036679273906,152934985186058,152934985287300,101.242,18.483,sent,1000,
1822,152934990167575,152934990170063,1790296036684274222,152934990186855,152934990291934,105.079,19.28,sent,1000,
1823,152934995167575,152934995170309,1790296036689274949,152934995187622,152934995292100,104.478,20.047,sent,1000,
1824,152935000167575,152935000169202,1790296036694273581,152935000186996,152935000290502,103.506,19.421,sent,1000,
1825,152935005167575,152935005169709,1790296036699273236,152935005178435,152935005237127,58.692,10.86,sent,1000,
1826,152935010167575,152935010169634,1790296036704273522,152935010179473,152935010237903,58.43,11.898,sent,1000,
1827,152935015167575,152935015168287,1790296036709271313,152935015173887,152935015208032,34.145,6.312,sent,1000,
1828,152935020167575,152935020168282,1790296036714271309,152935020171709,152935020194502,22.793,4.134,sent,1000,
1829,152935025167575,152935025168319,1790296036719271336,152935025172026,152935025195000,22.974,4.451,sent,1000,
1830,152935030167575,152935030168625,1790296036724272052,152935030177472,152935030226836,49.364,9.897,sent,1000,
1831,152935035167575,152935035168330,1790296036729271346,152935035172047,152935035195582,23.535,4.472,sent,1000,
1832,152935040167575,152935040168225,1790296036734271242,152935040171521,152935040194675,23.154,3.946,sent,1000,
1833,152935045167575,152935045168321,1790296036739271337,152935045171677,152935045194450,22.773,4.102,sent,1000,
1834,152935050167575,152935050168106,1790296036744271122,152935050171252,152935050194055,22.803,3.677,sent,1000,
1835,152935055167575,152935055168231,1790296036749271248,152935055171467,152935055194952,23.485,3.892,sent,1000,
1836,152935060167575,152935060168036,1790296036754271053,152935060171623,152935060194126,22.503,4.048,sent,1000,
1837,152935065167575,152935065168333,1790296036759271349,152935065171489,152935065194282,22.793,3.914,sent,1000,
1838,152935070167575,152935070168099,1790296036764271115,152935070171285,152935070194679,23.394,3.71,sent,1000,
1839,152935075167575,152935075170839,1790296036769275088,152935075188162,152935075295225,107.063,20.587,sent,1000,
1840,152935080167575,152935080169322,1790296036774273461,152935080186745,152935080294149,107.404,19.17,sent,1000,
1841,152935085167575,152935085169508,1790296036779273997,152935085184496,152935085281069,96.573,16.921,sent,1000,
1842,152935090167575,152935090169192,1790296036784273571,152935090188599,152935090303457,114.858,21.024,sent,1000,
1843,152935095167575,152935095168276,1790296036789271994,152935095179056,152935095240222,61.166,11.481,sent,1000,
1844,152935100167575,152935100168201,1790296036794271218,152935100172269,152935100198378,26.109,4.694,sent,1000,
1845,152935105167575,152935105168207,1790296036799271233,152935105172074,152935105195649,23.575,4.499,sent,1000,
1846,152935110167575,152935110168182,1790296036804271198,152935110171488,152935110194532,23.044,3.913,sent,1000,
1847,152935115167575,152935115168339,1790296036809271365,152935115171575,152935115194719,23.144,4.0,sent,1000,
1848,152935120167575,152935120168245,1790296036814271271,152935120171401,152935120193933,22.532,3.826,sent,1000,
1849,152935125167575,152935125168200,1790296036819271216,152935125171386,152935125194119,22.733,3.811,sent,1000,
1850,152935130167575,152935130168736,1790296036824272274,152935130177914,152935130236895,58.981,10.339,sent,1000,
1851,152935135167575,152935135170044,1790296036829274273,152935135186405,152935135290102,103.697,18.83,sent,1000,
1852,152935140167575,152935140169839,1790296036834274018,152935140186961,152935140291349,104.388,19.386,sent,1000,
1853,152935145167575,152935145170315,1790296036839274484,152935145186175,152935145285924,99.749,18.6,sent,1000,
1854,152935150167575,152935150169249,1790296036844272766,152935150177865,152935150234312,56.447,10.29,sent,1000,
1855,152935155167575,152935155169555,1790296036849273082,152935155179213,152935155238265,59.052,11.638,sent,1000,
1856,152935160167575,152935160170514,1790296036854274712,152935160187516,152935160243622,56.106,19.941,sent,1000,
1857,152935165167575,152935165167994,1790296036859271011,152935165171280,152935165193893,22.613,3.705,sent,1000,
1858,152935170167575,152935170168300,1790296036864271326,152935170171446,152935170195231,23.785,3.871,sent,1000,
1859,152935175167575,152935175170329,1790296036869274578,152935175186841,152935175292811,105.97,19.266,sent,1000,
1860,152935180167575,152935180169463,1790296036874273591,152935180186215,152935180286535,100.32,18.64,sent,1000,
1861,152935185167575,152935185169599,1790296036879273697,152935185184958,152935185283885,98.927,17.383,sent,1000,
1862,152935190167575,152935190169203,1790296036884272721,152935190178571,152935190238945,60.374,10.996,sent,1000,
1863,152935195167575,152935195169940,1790296036889274419,152935195186291,152935195294246,107.955,18.716,sent,1000,
1864,152935200167575,152935200170076,1790296036894274364,152935200187699,152935200291726,104.027,20.124,sent,1000,
1865,152935205167575,152935205168939,1790296036899272978,152935205183767,152935205281663,97.896,16.192,sent,1000,
1866,152935210167575,152935210169427,1790296036904273615,152935210179145,152935210238608,59.463,11.57,sent,1000,
1867,152935215167575,152935215168901,1790296036909272418,152935215178169,152935215237281,59.112,10.594,sent,1000,
1868,152935220167575,152935220169938,1790296036914274137,152935220187031,152935220290577,103.546,19.456,sent,1000,
1869,152935225167575,152935225169192,1790296036919273702,152935225178460,152935225232813,54.353,10.885,sent,1000,
1870,152935230167575,152935230168476,1790296036924272004,152935230178225,152935230237477,59.252,10.65,sent,1000,
1871,152935235167575,152935235169664,1790296036929273883,152935235186837,152935235290884,104.047,19.262,sent,1000,
1872,152935240167575,152935240168778,1790296036934272295,152935240177534,152935240234342,56.808,9.959,sent,1000,
1873,152935245167575,152935245168182,1790296036939271198,152935245171558,152935245194291,22.733,3.983,sent,1000,
1874,152935250167575,152935250168208,1790296036944271215,152935250171545,152935250194518,22.973,3.97,sent,1000,
1875,152935255167575,152935255170368,1790296036949274547,152935255187000,152935255292400,105.4,19.425,sent,1000,
1876,152935260167575,152935260169642,1790296036954274132,152935260186735,152935260292956,106.221,19.16,sent,1000,
1877,152935265167575,152935265168496,1790296036959272013,152935265177423,152935265238659,61.236,9.848,sent,1000,
1878,152935270167575,152935270169162,1790296036964272690,152935270178951,152935270238223,59.272,11.376,sent,1000,
1879,152935275167575,152935275170009,1790296036969274629,152935275186330,152935275290718,104.388,18.755,sent,1000,
1880,152935280167575,152935280169554,1790296036974273732,152935280186716,152935280291405,104.689,19.141,sent,1000,
1881,152935285167575,152935285169329,1790296036979272856,152935285178015,152935285238840,60.825,10.44,sent,1000,
1882,152935290167575,152935290169575,1790296036984273172,152935290179163,152935290238836,59.673,11.588,sent,1000,
1883,152935295167575,152935295169690,1790296036989273408,152935295179108,152935295241005,61.897,11.533,sent,1000,
1884,152935300167575,152935300169837,1790296036994274227,152935300186890,152935300296708,109.818,19.315,sent,1000,
1885,152935305167575,152935305169172,1790296036999272749,152935305178319,152935305238693,60.374,10.744,sent,1000,
1886,152935310167575,152935310168806,1790296037004272344,152935310178485,152935310238037,59.552,10.91,sent,1000,
1887,152935315167575,152935315168070,1790296037009270966,152935315170665,152935315185914,15.249,3.09,sent,1000,
1888,152935320167575,152935320168266,1790296037014271292,152935320171672,152935320194626,22.954,4.097,sent,1000,
1889,152935325167575,152935325167971,1790296037019270917,152935325170235,152935325187558,17.323,2.66,sent,1000,
1890,152935330167575,152935330174428,1790296037024277455,152935330177594,152935330200448,22.854,10.019,sent,1000,
1891,152935335167575,152935335172490,1790296037029276809,152935335189983,152935335296595,106.612,22.408,sent,1000,
1892,152935340167575,152935340219224,1790296037034323443,152935340235906,152935340344932,109.026,68.331,sent,1000,
1893,152935345167575,152935345170609,1790296037039274838,152935345186720,152935345291889,105.169,19.145,sent,1000,
1894,152935350167575,152935350169602,1790296037044273180,152935350178980,152935350239465,60.485,11.405,sent,1000,
1895,152935355167575,152935355169868,1790296037049274037,152935355187542,152935355296709,109.167,19.967,sent,1000,
1896,152935360167575,152935360170465,1790296037054275014,152935360189882,152935360299730,109.848,22.307,sent,1000,
1897,152935365167575,152935365168817,1790296037059273316,152935365192983,152935365253427,60.444,25.408,sent,1000,
1898,152935370167575,152935370169484,1790296037064273021,152935370178881,152935370247261,68.38,11.306,sent,1000,
1899,152935375167575,152935375169219,1790296037069273087,152935375178516,152935375252045,73.529,10.941,sent,1000,
1900,152935380167575,152935380169484,1790296037074273613,152935380187078,152935380295483,108.405,19.503,sent,1000,
1901,152935385167575,152935385169701,1790296037079273959,152935385186983,152935385247358,60.375,19.408,sent,1000,
1902,152935390167575,152935390170008,1790296037084274257,152935390187371,152935390294213,106.842,19.796,sent,1000,
1903,152935395167575,152935395169953,1790296037089274512,152935395187396,152935395294359,106.963,19.821,sent,1000,
1904,152935400167575,152935400169508,1790296037094273696,152935400207940,152935400312168,104.228,40.365,sent,1000,
1905,152935405167575,152935405169673,1790296037099273872,152935405185654,152935405290132,104.478,18.079,sent,1000,
1906,152935410167575,152935410168286,1790296037104271383,152935410171702,152935410195077,23.375,4.127,sent,1000,
1907,152935415167575,152935415168872,1790296037109272410,152935415177709,152935415233505,55.796,10.134,sent,1000,
1908,152935420167575,152935420168718,1790296037114272686,152935420178175,152935420214424,36.249,10.6,sent,1000,
1909,152935425167575,152935425167951,1790296037119270898,152935425170286,152935425188520,18.234,2.711,sent,1000,
1910,152935430167575,152935430168107,1790296037124271053,152935430170301,152935430188596,18.295,2.726,sent,1000,
1911,152935435167575,152935435168224,1790296037129271241,152935435171410,152935435194464,23.054,3.835,sent,1000,
1912,152935440167575,152935440168280,1790296037134271296,152935440171416,152935440194119,22.703,3.841,sent,1000,
1913,152935445167575,152935445168255,1790296037139271232,152935445171121,152935445187271,16.15,3.546,sent,1000,
1914,152935450167575,152935450168261,1790296037144271277,152935450171437,152935450194190,22.753,3.862,sent,1000,
1915,152935455167575,152935455169318,1790296037149272825,152935455178686,152935455228941,50.255,11.111,sent,1000,
1916,152935460167575,152935460169253,1790296037154273863,152935460179623,152935460239376,59.753,12.048,sent,1000,
1917,152935465167575,152935465168277,1790296037159271303,152935465171864,152935465194907,23.043,4.289,sent,1000,
1918,152935470167575,152935470168352,1790296037164271369,152935470171729,152935470195103,23.374,4.154,sent,1000,
1919,152935475167575,152935475170622,1790296037169274911,152935475187434,152935475292924,105.49,19.859,sent,1000,
1920,152935480167575,152935480169878,1790296037174274046,152935480185637,152935480288552,102.915,18.062,sent,1000,
1921,152935485167575,152935485169112,1790296037179273250,152935485185953,152935485290722,104.769,18.378,sent,1000,
1922,152935490167575,152935490170149,1790296037184274317,152935490187211,152935490291629,104.418,19.636,sent,1000,
1923,152935495167575,152935495170024,1790296037189274704,152935495187617,152935495291584,103.967,20.042,sent,1000,
1924,152935500167575,152935500169478,1790296037194273647,152935500185879,152935500290598,104.719,18.304,sent,1000,
1925,152935505167575,152935505169834,1790296037199274023,152935505185424,152935505290573,105.149,17.849,sent,1000,
1926,152935510167575,152935510169319,1790296037204273177,152935510179498,152935510238380,58.882,11.923,sent,1000,
1927,152935515167575,152935515169444,1790296037209273723,152935515186316,152935515291626,105.31,18.741,sent,1000,
1928,152935520167575,152935520169500,1790296037214274029,152935520185420,152935520289107,103.687,17.845,sent,1000,
1929,152935525167575,152935525168224,1790296037219271261,152935525171671,152935525194564,22.893,4.096,sent,1000,
1930,152935530167575,152935530168190,1790296037224271206,152935530171416,152935530189951,18.535,3.841,sent,1000,
1931,152935535167575,152935535168245,1790296037229271272,152935535171461,152935535194796,23.335,3.886,sent,1000,
1932,152935540167575,152935540168251,1790296037234271267,152935540171547,152935540194430,22.883,3.972,sent,1000,
1933,152935545167575,152935545168286,1790296037239271302,152935545171482,152935545194325,22.843,3.907,sent,1000,
1934,152935550167575,152935550168241,1790296037244271258,152935550171477,152935550196134,24.657,3.902,sent,1000,
1935,152935555167575,152935555170110,1790296037249274329,152935555186441,152935555292512,106.071,18.866,sent,1000,
1936,152935560167575,152935560168933,1790296037254273212,152935560185735,152935560289191,103.456,18.16,sent,1000,
1937,152935565167575,152935565169460,1790296037259273608,152935565185670,152935565290379,104.709,18.095,sent,1000,
1938,152935570167575,152935570169616,1790296037264273805,152935570185997,152935570291678,105.681,18.422,sent,1000,
1939,152935575167575,152935575170043,1790296037269274552,152935575187106,152935575292265,105.159,19.531,sent,1000,
1940,152935580167575,152935580169748,1790296037274273887,152935580187041,152935580294414,107.373,19.466,sent,1000,
1941,152935585167575,152935585169002,1790296037279273161,152935585184682,152935585276776,92.094,17.107,sent,1000,
1942,152935590167575,152935590170029,1790296037284274218,152935590187482,152935590292000,104.518,19.907,sent,1000,
1943,152935595167575,152935595170365,1790296037289274554,152935595186386,152935595293739,107.353,18.811,sent,1000,
1944,152935600167575,152935600169629,1790296037294273928,152935600187213,152935600292151,104.938,19.638,sent,1000,
1945,152935605167575,152935605169695,1790296037299273843,152935605185344,152935605284993,99.649,17.769,sent,1000,
1946,152935610167575,152935610170071,1790296037304273728,152935610180020,152935610239342,59.322,12.445,sent,1000,
1947,152935615167575,152935615168605,1790296037309272132,152935615190156,152935615249208,59.052,22.581,sent,1000,
1948,152935620167575,152935620169582,1790296037314273801,152935620185953,152935620289900,103.947,18.378,sent,1000,
1949,152935625167575,152935625168285,1790296037319271312,152935625171862,152935625194695,22.833,4.287,sent,1000,
1950,152935630167575,152935630169473,1790296037324273020,152935630179211,152935630234155,54.944,11.636,sent,1000,
1951,152935635167575,152935635169949,1790296037329274138,152935635186831,152935635294004,107.173,19.256,sent,1000,
1952,152935640167575,152935640170045,1790296037334274213,152935640186776,152935640290122,103.346,19.201,sent,1000,
1953,152935645167575,152935645168327,1790296037339271353,152935645171924,152935645195789,23.865,4.349,sent,1000,
1954,152935650167575,152935650168242,1790296037344271268,152935650171478,152935650194512,23.034,3.903,sent,1000,
1955,152935655167575,152935655168338,1790296037349271364,152935655171584,152935655194768,23.184,4.009,sent,1000,
1956,152935660167575,152935660168154,1790296037354271181,152935660171461,152935660194134,22.673,3.886,sent,1000,
1957,152935665167575,152935665168120,1790296037359271136,152935665171376,152935665193768,22.392,3.801,sent,1000,
1958,152935670167575,152935670169277,1790296037364272835,152935670178144,152935670237967,59.823,10.569,sent,1000,
1959,152935675167575,152935675170174,1790296037369274714,152935675187377,152935675293418,106.041,19.802,sent,1000,
1960,152935680167575,152935680170310,1790296037374274719,152935680187492,152935680292211,104.719,19.917,sent,1000,
1961,152935685167575,152935685169003,1790296037379272490,152935685176667,152935685230599,53.932,9.092,sent,1000,
1962,152935690167575,152935690169229,1790296037384272786,152935690178636,152935690238570,59.934,11.061,sent,1000,
1963,152935695167575,152935695170276,1790296037389274455,152935695186687,152935695290614,103.927,19.112,sent,1000,
1964,152935700167575,152935700169620,1790296037394273809,152935700186843,152935700294086,107.243,19.268,sent,1000,
1965,152935705167575,152935705169486,1790296037399273634,152935705185065,152935705283171,98.106,17.49,sent,1000,
1966,152935710167575,152935710169983,1790296037404273621,152935710179772,152935710239144,59.372,12.197,sent,1000,
1967,152935715167575,152935715169437,1790296037409273636,152935715187341,152935715292511,105.17,19.766,sent,1000,
1968,152935720167575,152935720169162,1790296037414272710,152935720178510,152935720237923,59.413,10.935,sent,1000,
1969,152935725167575,152935725168106,1790296037419271132,152935725171642,152935725195177,23.535,4.067,sent,1000,
1970,152935730167575,152935730168291,1790296037424271318,152935730171758,152935730194892,23.134,4.183,sent,1000,
1971,152935735167575,152935735169409,1790296037429273597,152935735186000,152935735292242,106.242,18.425,sent,1000,
1972,152935740167575,152935740169735,1790296037434274064,152935740186166,152935740285164,98.998,18.591,sent,1000,
1973,152935745167575,152935745169610,1790296037439274159,152935745186462,152935745291982,105.52,18.887,sent,1000,
1974,152935750167575,152935750168634,1790296037444272142,152935750178062,152935750238537,60.475,10.487,sent,1000,
1975,152935755167575,152935755169963,1790296037449274152,152935755186845,152935755291343,104.498,19.27,sent,1000,
1976,152935760167575,152935760169708,1790296037454274197,152935760187091,152935760293833,106.742,19.516,sent,1000,
1977,152935765167575,152935765169132,1790296037459273291,152935765185764,152935765286855,101.091,18.189,sent,1000,
1978,152935770167575,152935770169258,1790296037464272805,152935770178375,152935770237577,59.202,10.8,sent,1000,
1979,152935775167575,152935775169794,1790296037469274203,152935775186145,152935775290583,104.438,18.57,sent,1000,
1980,152935780167575,152935780170050,1790296037474274249,152935780187273,152935780292071,104.798,19.698,sent,1000,
1981,152935785167575,152935785168943,1790296037479272821,152935785178642,152935785238625,59.983,11.067,sent,1000,
1982,152935790167575,152935790169770,1790296037484273969,152935790188315,152935790298143,109.828,20.74,sent,1000,
1983,152935795167575,152935795170799,1790296037489275268,152935795188392,152935795297299,108.907,20.817,sent,1000,
1984,152935800167575,152935800169502,1790296037494273691,152935800186604,152935800291824,105.22,19.029,sent,1000,
1985,152935805167575,152935805169177,1790296037499272714,152935805178464,152935805238869,60.405,10.889,sent,1000,
1986,152935810167575,152935810169322,1790296037504273210,152935810179462,152935810239034,59.572,11.887,sent,1000,
1987,152935815167575,152935815168887,1790296037509272525,152935815177914,152935815238709,60.795,10.339,sent,1000,
1988,152935820167575,152935820168231,1790296037514271268,152935820172189,152935820195182,22.993,4.614,sent,1000,
1989,152935825167575,152935825168196,1790296037519271223,152935825192983,152935825216207,23.224,25.408,sent,1000,
1990,152935830167575,152935830168312,1790296037524271338,152935830171548,152935830194822,23.274,3.973,sent,1000,
1991,152935835167575,152935835168197,1790296037529271224,152935835171383,152935835194647,23.264,3.808,sent,1000,
1992,152935840167575,152935840168263,1790296037534271279,152935840171429,152935840194182,22.753,3.854,sent,1000,
1993,152935845167575,152935845168280,1790296037539271296,152935845171506,152935845194059,22.553,3.931,sent,1000,
1994,152935850167575,152935850168125,1790296037544271151,152935850171331,152935850193924,22.593,3.756,sent,1000,
1995,152935855167575,152935855168290,1790296037549271307,152935855171957,152935855195472,23.515,4.382,sent,1000,
1996,152935860167575,152935860170249,1790296037554274398,152935860187212,152935860294134,106.922,19.637,sent,1000,
1997,152935865167575,152935865169904,1790296037559274083,152935865186686,152935865245648,58.962,19.111,sent,1000,
1998,152935870167575,152935870169228,1790296037564272766,152935870178526,152935870228461,49.935,10.951,sent,1000,
1999,152935875167575,152935875170135,1790296037569274645,152935875186897,152935875291906,105.009,19.322,sent,1000,
2000,152935880167575,152935880169610,1790296037574274359,152935880186822,152935880290168,103.346,19.247,sent,1000,
2001,152935885167575,152935885169245,1790296037579273714,152935885186467,152935885293991,107.524,18.892,sent,1000,
2002,152935890167575,152935890169292,1790296037584272899,152935890179802,152935890241128,61.326,12.227,sent,1000,
2003,152935895167575,152935895169958,1790296037589274407,152935895186610,152935895293262,106.652,19.035,sent,1000,
2004,152935900167575,152935900169763,1790296037594274092,152935900187146,152935900293207,106.061,19.571,sent,1000,
2005,152935905167575,152935905169218,1790296037599272765,152935905178766,152935905240713,61.947,11.191,sent,1000,
2006,152935910167575,152935910170185,1790296037604273772,152935910180715,152935910242572,61.857,13.14,sent,1000,
2007,152935915167575,152935915169890,1790296037609274108,152935915186511,152935915291750,105.239,18.936,sent,1000,
2008,152935920167575,152935920169675,1790296037614273853,152935920186546,152935920295613,109.067,18.971,sent,1000,
2009,152935925167575,152935925170531,1790296037619274760,152935925186752,152935925291441,104.689,19.177,sent,1000,
2010,152935930167575,152935930169125,1790296037624273133,152935930178904,152935930238306,59.402,11.329,sent,1000,
2011,152935935167575,152935935169702,1790296037629273861,152935935185913,152935935291343,105.43,18.338,sent,1000,
2012,152935940167575,152935940169387,1790296037634273646,152935940186560,152935940290256,103.696,18.985,sent,1000,
2013,152935945167575,152935945170224,1790296037639274623,152935945184822,152935945278820,93.998,17.247,sent,1000,
2014,152935950167575,152935950168586,1790296037644272114,152935950177393,152935950238569,61.176,9.818,sent,1000,
2015,152935955167575,152935955169804,1790296037649274013,152935955187157,152935955291314,104.157,19.582,sent,1000,
2016,152935960167575,152935960169278,1790296037654274068,152935960187252,152935960243399,56.147,19.677,sent,1000,
2017,152935965167575,152935965169715,1790296037659273883,152935965186847,152935965289762,102.915,19.272,sent,1000,
2018,152935970167575,152935970169449,1790296037664273648,152935970186752,152935970291320,104.568,19.177,sent,1000,
2019,152935975167575,152935975169545,1790296037669274335,152935975187018,152935975288460,101.442,19.443,sent,1000,
2020,152935980167575,152935980170344,1790296037674274743,152935980187426,152935980291012,103.586,19.851,sent,1000,
2021,152935985167575,152935985169127,1790296037679273315,152935985185287,152935985289224,103.937,17.712,sent,1000,
2022,152935990167575,152935990169202,1790296037684272740,152935990178199,152935990237932,59.733,10.624,sent,1000,
2023,152935995167575,152935995170310,1790296037689274508,152935995187432,152935995292411,104.979,19.857,sent,1000,
2024,152936000167575,152936000169513,1790296037694273963,152936000185223,152936000288449,103.226,17.648,sent,1000,
2025,152936005167575,152936005169298,1790296037699273487,152936005185770,152936005283926,98.156,18.195,sent,1000,
2026,152936010167575,152936010169574,1790296037704273362,152936010179373,152936010237764,58.391,11.798,sent,1000,
2027,152936015167575,152936015169189,1790296037709273618,152936015186271,152936015290078,103.807,18.696,sent,1000,
2028,152936020167575,152936020169315,1790296037714272822,152936020178422,152936020228006,49.584,10.847,sent,1000,
2029,152936025167575,152936025168109,1790296037719271136,152936025172007,152936025196052,24.045,4.432,sent,1000,
2030,152936030167575,152936030168165,1790296037724271191,152936030171601,152936030195807,24.206,4.026,sent,1000,
2031,152936035167575,152936035168190,1790296037729271207,152936035171637,152936035196083,24.446,4.062,sent,1000,
2032,152936040167575,152936040168306,1790296037734271322,152936040171742,152936040194325,22.583,4.167,sent,1000,
2033,152936045167575,152936045168321,1790296037739271338,152936045171688,152936045194501,22.813,4.113,sent,1000,
2034,152936050167575,152936050168106,1790296037744271123,152936050171362,152936050193805,22.443,3.787,sent,1000,
2035,152936055167575,152936055169584,1790296037749273803,152936055187378,152936055291716,104.338,19.803,sent,1000,
2036,152936060167575,152936060169920,1790296037754274520,152936060187444,152936060292212,104.768,19.869,sent,1000,
2037,152936065167575,152936065170287,1790296037759274506,152936065187139,152936065291907,104.768,19.564,sent,1000,
2038,152936070167575,152936070170203,1790296037764274382,152936070186494,152936070291874,105.38,18.919,sent,1000,
2039,152936075167575,152936075169537,1790296037769274287,152936075187091,152936075291739,104.648,19.516,sent,1000,
2040,152936080167575,152936080170254,1790296037774274473,152936080187387,152936080293888,106.501,19.812,sent,1000,
2041,152936085167575,152936085168797,1790296037779273356,152936085184537,152936085283985,99.448,16.962,sent,1000,
2042,152936090167575,152936090168191,1790296037784271748,152936090178200,152936090245157,66.957,10.625,sent,1000,
2043,152936095167575,152936095170601,1790296037789274910,152936095187192,152936095287793,100.601,19.617,sent,1000,
2044,152936100167575,152936100168312,1790296037794271328,152936100171899,152936100195313,23.414,4.324,sent,1000,
2045,152936105167575,152936105168277,1790296037799271304,152936105171894,152936105195338,23.444,4.319,sent,1000,
2046,152936110167575,152936110168222,1790296037804271249,152936110171388,152936110194322,22.934,3.813,sent,1000,
2047,152936115167575,152936115168189,1790296037809271216,152936115171495,152936115195671,24.176,3.92,sent,1000,
2048,152936120167575,152936120171982,1790296037814275009,152936120175268,152936120194665,19.397,7.693,sent,1000,
2049,152936125167575,152936125169914,1790296037819274072,152936125186355,152936125289771,103.416,18.78,sent,1000,
2050,152936130167575,152936130169608,1790296037824273426,152936130179136,152936130238218,59.082,11.561,sent,1000,
2051,152936135167575,152936135169343,1790296037829273512,152936135185794,152936135289892,104.098,18.219,sent,1000,
2052,152936140167575,152936140169439,1790296037834273647,152936140186210,152936140290358,104.148,18.635,sent,1000,
2053,152936145167575,152936145170416,1790296037839274544,152936145186156,152936145285584,99.428,18.581,sent,1000,
2054,152936150167575,152936150168668,1790296037844272135,152936150176523,152936150228662,52.139,8.948,sent,1000,
2055,152936155167575,152936155169435,1790296037849273613,152936155185926,152936155291055,105.129,18.351,sent,1000,
2056,152936160167575,152936160170544,1790296037854274753,152936160187125,152936160291203,104.078,19.55,sent,1000,
2057,152936165167575,152936165170149,1790296037859274257,152936165185708,152936165284736,99.028,18.133,sent,1000,
2058,152936170167575,152936170168892,1790296037864272409,152936170178079,152936170238423,60.344,10.504,sent,1000,
2059,152936175167575,152936175169708,1790296037869273877,152936175186921,152936175292782,105.861,19.346,sent,1000,
2060,152936180167575,152936180170265,1790296037874274514,152936180186716,152936180289421,102.705,19.141,sent,1000,
2061,152936185167575,152936185169328,1790296037879273447,152936185184858,152936185238199,53.341,17.283,sent,1000,
2062,152936190167575,152936190169204,1790296037884272731,152936190179022,152936190239256,60.234,11.447,sent,1000,
2063,152936195167575,152936195170431,1790296037889275031,152936195187764,152936195293695,105.931,20.189,sent,1000,
2064,152936200167575,152936200169555,1790296037894273814,152936200186096,152936200290775,104.679,18.521,sent,1000,
2065,152936205167575,152936205168901,1790296037899273050,152936205185172,152936205284630,99.458,17.597,sent,1000,
2066,152936210167575,152936210170089,1790296037904273626,152936210179136,152936210238769,59.633,11.561,sent,1000,
2067,152936215167575,152936215170264,1790296037909274513,152936215186745,152936215290342,103.597,19.17,sent,1000,
2068,152936220167575,152936220168546,1790296037914272404,152936220178245,152936220237527,59.282,10.67,sent,1000,
2069,152936225167575,152936225170004,1790296037919274153,152936225187037,152936225291304,104.267,19.462,sent,1000,
2070,152936230167575,152936230168697,1790296037924273257,152936230178927,152936230239131,60.204,11.352,sent,1000,
2071,152936235167575,152936235169354,1790296037929274404,152936235187278,152936235291175,103.897,19.703,sent,1000,
2072,152936240167575,152936240168618,1790296037934272075,152936240176884,152936240209035,32.151,9.309,sent,1000,
2073,152936245167575,152936245168042,1790296037939270948,152936245170387,152936245185125,14.738,2.812,sent,1000,
2074,152936250167575,152936250167978,1790296037944270925,152936250174741,152936250192675,17.934,7.166,sent,1000,
2075,152936255167575,152936255168335,1790296037949271352,152936255171672,152936255194705,23.033,4.097,sent,1000,
2076,152936260167575,152936260170024,1790296037954274533,152936260187076,152936260298086,111.01,19.501,sent,1000,
2077,152936265167575,152936265168256,1790296037959271272,152936265171712,152936265194896,23.184,4.137,sent,1000,
2078,152936270167575,152936270168952,1790296037964272470,152936270178491,152936270238805,60.314,10.916,sent,1000,
2079,152936275167575,152936275169960,1790296037969274309,152936275186892,152936275292752,105.86,19.317,sent,1000,
2080,152936280167575,152936280170055,1790296037974274605,152936280187478,152936280291936,104.458,19.903,sent,1000,
2081,152936285167575,152936285169249,1790296037979273458,152936285186452,152936285288355,101.903,18.877,sent,1000,
2082,152936290167575,152936290168824,1790296037984272361,152936290177961,152936290239167,61.206,10.386,sent,1000,
2083,152936295167575,152936295170463,1790296037989274732,152936295187486,152936295295480,107.994,19.911,sent,1000,
2084,152936300167575,152936300169678,1790296037994273836,152936300186830,152936300291228,104.398,19.255,sent,1000,
2085,152936305167575,152936305169362,1790296037999273471,152936305185573,152936305287597,102.024,17.998,sent,1000,
2086,152936310167575,152936310169418,1790296038004273947,152936310185518,152936310286850,101.332,17.943,sent,1000,
2087,152936315167575,152936315170215,1790296038009274604,152936315187377,152936315296464,109.087,19.802,sent,1000,
2088,152936320167575,152936320168787,1790296038014272635,152936320178716,152936320240503,61.787,11.141,sent,1000,
2089,152936325167575,152936325169164,1790296038019272681,152936325178000,152936325236852,58.852,10.425,sent,1000,
2090,152936330167575,152936330169530,1790296038024273388,152936330179098,152936330238280,59.182,11.523,sent,1000,
2091,152936335167575,152936335169024,1790296038029273253,152936335186197,152936335292688,106.491,18.622,sent,1000,
2092,152936340167575,152936340169712,1790296038034273891,152936340186975,152936340295611,108.636,19.4,sent,1000,
2093,152936345167575,152936345170820,1790296038039275049,152936345187061,152936345286930,99.869,19.486,sent,1000,
2094,152936350167575,152936350169252,1790296038044272780,152936350178680,152936350238253,59.573,11.105,sent,1000,
2095,152936355167575,152936355192912,1790296038049297121,152936355210265,152936355318781,108.516,42.69,sent,1000,
2096,152936360167575,152936360170105,1790296038054274293,152936360186916,152936360294210,107.294,19.341,sent,1000,
2097,152936365167575,152936365170290,1790296038059274459,152936365186120,152936365288945,102.825,18.545,sent,1000,
2098,152936370167575,152936370168993,1790296038064272531,152936370178872,152936370240138,61.266,11.297,sent,1000,
2099,152936375167575,152936375170091,1790296038069274299,152936375187524,152936375295148,107.624,19.949,sent,1000,
2100,152936380167575,152936380169655,1790296038074273934,152936380185976,152936380292999,107.023,18.401,sent,1000,
2101,152936385167575,152936385169793,1790296038079273952,152936385186314,152936385291413,105.099,18.739,sent,1000,
2102,152936390167575,152936390169588,1790296038084273777,152936390185819,152936390291399,105.58,18.244,sent,1000,
2103,152936395167575,152936395168862,1790296038089273191,152936395185704,152936395258572,72.868,18.129,sent,1000,
2104,152936400167575,152936400168046,1790296038094272505,152936400179006,152936400224703,45.697,11.431,sent,1000,
2105,152936405167575,152936405168312,1790296038099271328,152936405172019,152936405195503,23.484,4.444,sent,1000,
2106,152936410167575,152936410168026,1790296038104270973,152936410170401,152936410188305,17.904,2.826,sent,1000,
2107,152936415167575,152936415167932,1790296038109270878,152936415170506,152936415187940,17.434,2.931,sent,1000,
2108,152936420167575,152936420168197,1790296038114271214,152936420171363,152936420194006,22.643,3.788,sent,1000,
2109,152936425167575,152936425169766,1790296038119273293,152936425178853,152936425237284,58.431,11.278,sent,1000,
2110,152936430167575,152936430168159,1790296038124271196,152936430171946,152936430205740,33.794,4.371,sent,1000,
2111,152936435167575,152936435169518,1790296038129273716,152936435187121,152936435296869,109.748,19.546,sent,1000,
2112,152936440167575,152936440182438,1790296038134286857,152936440197556,152936440252430,54.874,29.981,sent,1000,
2113,152936445167575,152936445170470,1790296038139274809,152936445187984,152936445291740,103.756,20.409,sent,1000,
2114,152936450167575,152936450170055,1790296038144274163,152936450186536,152936450285914,99.378,18.961,sent,1000,
2115,152936455167575,152936455169660,1790296038149273928,152936455187032,152936455291330,104.298,19.457,sent,1000,
2116,152936460167575,152936460169124,1790296038154272912,152936460179013,152936460237033,58.02,11.438,sent,1000,
2117,152936465167575,152936465170011,1790296038159274771,152936465208424,152936465310748,102.324,40.849,sent,1000,
2118,152936470167575,152936470168543,1790296038164272081,152936470178272,152936470237654,59.382,10.697,sent,1000,
2119,152936475167575,152936475169712,1790296038169273891,152936475185933,152936475290401,104.468,18.358,sent,1000,
2120,152936480167575,152936480169227,1790296038174273296,152936480178775,152936480238819,60.044,11.2,sent,1000,
2121,152936485167575,152936485169082,1790296038179273261,152936485186495,152936485289100,102.605,18.92,sent,1000,
2122,152936490167575,152936490168937,1790296038184272475,152936490178085,152936490237387,59.302,10.51,sent,1000,
2123,152936495167575,152936495170636,1790296038189274855,152936495188019,152936495292226,104.207,20.444,sent,1000,
2124,152936500167575,152936500170110,1790296038194274329,152936500187032,152936500289777,102.745,19.457,sent,1000,
2125,152936505167575,152936505169925,1790296038199274084,152936505186587,152936505287849,101.262,19.012,sent,1000,
2126,152936510167575,152936510170201,1790296038204274360,152936510186342,152936510294146,107.804,18.767,sent,1000,
2127,152936515167575,152936515170277,1790296038209274846,152936515187499,152936515291326,103.827,19.924,sent,1000,
2128,152936520167575,152936520169232,1790296038214273461,152936520185903,152936520288528,102.625,18.328,sent,1000,
2129,152936525167575,152936525169368,1790296038219272875,152936525178375,152936525238178,59.803,10.8,sent,1000,
2130,152936530167575,152936530169914,1790296038224273471,152936530179201,152936530237793,58.592,11.626,sent,1000,
2131,152936535167575,152936535169118,1790296038229272675,152936535178325,152936535237618,59.293,10.75,sent,1000,
2132,152936540167575,152936540169444,1790296038234273672,152936540186095,152936540289962,103.867,18.52,sent,1000,
2133,152936545167575,152936545169800,1790296038239274640,152936545187213,152936545290098,102.885,19.638,sent,1000,
2134,152936550167575,152936550169495,1790296038244273894,152936550186066,152936550291275,105.209,18.491,sent,1000,
2135,152936555167575,152936555169450,1790296038249273699,152936555186282,152936555290289,104.007,18.707,sent,1000,
2136,152936560167575,152936560169686,1790296038254273834,152936560186498,152936560292068,105.57,18.923,sent,1000,
2137,152936565167575,152936565169643,1790296038259274142,152936565186284,152936565288197,101.913,18.709,sent,1000,
2138,152936570167575,152936570169578,1790296038264273737,152936570185989,152936570289074,103.085,18.414,sent,1000,
2139,152936575167575,152936575169664,1790296038269273902,152936575186836,152936575293669,106.833,19.261,sent,1000,
2140,152936580167575,152936580171011,1790296038274275270,152936580187262,152936580293944,106.682,19.687,sent,1000,
2141,152936585167575,152936585169534,1790296038279273693,152936585185284,152936585279903,94.619,17.709,sent,1000,
2142,152936590167575,152936590169099,1790296038284272626,152936590178657,152936590237648,58.991,11.082,sent,1000,
2143,152936595167575,152936595170667,1790296038289274886,152936595187429,152936595291135,103.706,19.854,sent,1000,
2144,152936600167575,152936600169851,1790296038294274260,152936600186632,152936600243811,57.179,19.057,sent,1000,
2145,152936605167575,152936605169295,1790296038299273534,152936605185576,152936605285555,99.979,18.001,sent,1000,
2146,152936610167575,152936610169211,1790296038304272809,152936610178449,152936610230768,52.319,10.874,sent,1000,
2147,152936615167575,152936615167955,1790296038309270911,152936615170680,152936615188434,17.754,3.105,sent,1000,
2148,152936620167575,152936620168221,1790296038314271237,152936620171387,152936620194240,22.853,3.812,sent,1000,
2149,152936625167575,152936625169579,1790296038319273717,152936625186220,152936625288785,102.565,18.645,sent,1000,
2150,152936630167575,152936630169133,1790296038324273222,152936630178641,152936630239557,60.916,11.066,sent,1000,
2151,152936635167575,152936635169880,1790296038329274089,152936635185670,152936635290068,104.398,18.095,sent,1000,
2152,152936640167575,152936640169445,1790296038334273603,152936640186617,152936640290634,104.017,19.042,sent,1000,
2153,152936645167575,152936645170402,1790296038339274590,152936645185981,152936645284378,98.397,18.406,sent,1000,
2154,152936650167575,152936650167802,1790296038344270748,152936650170026,152936650184053,14.027,2.451,sent,1000,
2155,152936655167575,152936655168029,1790296038349270936,152936655169502,152936655184210,14.708,1.927,sent,1000,
2156,152936660167575,152936660167965,1790296038354270861,152936660169438,152936660183474,14.036,1.863,sent,1000,
2157,152936665167575,152936665168050,1790296038359270927,152936665169493,152936665183169,13.676,1.918,sent,1000,
2158,152936670167575,152936670168186,1790296038364271203,152936670171422,152936670194235,22.813,3.847,sent,1000,
2159,152936675167575,152936675168282,1790296038369271298,152936675191325,152936675214259,22.934,23.75,sent,1000,
2160,152936680167575,152936680168247,1790296038374271273,152936680171703,152936680194396,22.693,4.128,sent,1000,
2161,152936685167575,152936685168092,1790296038379271118,152936685171368,152936685193971,22.603,3.793,sent,1000,
2162,152936690167575,152936690168648,1790296038384272216,152936690178046,152936690237539,59.493,10.471,sent,1000,
2163,152936695167575,152936695170658,1790296038389274846,152936695187570,152936695292949,105.379,19.995,sent,1000,
2164,152936700167575,152936700170023,1790296038394274493,152936700187507,152936700291924,104.417,19.932,sent,1000,
2165,152936705167575,152936705169628,1790296038399273907,152936705186209,152936705291128,104.919,18.634,sent,1000,
2166,152936710167575,152936710169293,1790296038404272820,152936710178470,152936710237692,59.222,10.895,sent,1000,
2167,152936715167575,152936715170060,1790296038409274368,152936715186892,152936715290708,103.816,19.317,sent,1000,
2168,152936720167575,152936720169374,1790296038414273532,152936720186586,152936720290243,103.657,19.011,sent,1000,
2169,152936725167575,152936725169700,1790296038419273868,152936725186111,152936725287813,101.702,18.536,sent,1000,
2170,152936730167575,152936730168252,1790296038424271279,152936730171629,152936730194452,22.823,4.054,sent,1000,
2171,152936735167575,152936735168518,1790296038429271535,152936735171955,152936735195920,23.965,4.38,sent,1000,
2172,152936740167575,152936740168353,1790296038434271380,152936740171619,152936740194363,22.744,4.044,sent,1000,
2173,152936745167575,152936745168230,1790296038439271247,152936745171466,152936745194209,22.743,3.891,sent,1000,
2174,152936750167575,152936750168386,1790296038444271402,152936750171522,152936750195427,23.905,3.947,sent,1000,
2175,152936755167575,152936755169163,1790296038449273501,152936755187287,152936755291064,103.777,19.712,sent,1000,
2176,152936760167575,152936760170130,1790296038454274248,152936760185278,152936760289316,104.038,17.703,sent,1000,
2177,152936765167575,152936765169153,1790296038459273372,152936765185254,152936765284702,99.448,17.679,sent,1000,
2178,152936770167575,152936770168988,1790296038464272576,152936770178546,152936770238791,60.245,10.971,sent,1000,
2179,152936775167575,152936775169966,1790296038469274224,152936775186837,152936775290634,103.797,19.262,sent,1000,
2180,152936780167575,152936780170412,1790296038474274640,152936780186663,152936780291110,104.447,19.088,sent,1000,
2181,152936785167575,152936785169997,1790296038479274225,152936785187059,152936785290475,103.416,19.484,sent,1000,
2182,152936790167575,152936790168992,1790296038484272529,152936790178139,152936790238052,59.913,10.564,sent,1000,
2183,152936795167575,152936795170410,1790296038489274989,152936795188213,152936795295356,107.143,20.638,sent,1000,
2184,152936800167575,152936800169684,1790296038494274193,152936800186676,152936800290302,103.626,19.101,sent,1000,
2185,152936805167575,152936805168907,1790296038499273236,152936805188545,152936805291640,103.095,20.97,sent,1000,
2186,152936810167575,152936810168813,1790296038504272340,152936810178150,152936810232543,54.393,10.575,sent,1000,
2187,152936815167575,152936815170010,1790296038509273648,152936815179679,152936815241886,62.207,12.104,sent,1000,
2188,152936820167575,152936820168533,1790296038514272010,152936820176578,152936820229328,52.75,9.003,sent,1000,
2189,152936825167575,152936825169260,1790296038519273108,152936825179238,152936825239192,59.954,11.663,sent,1000,
2190,152936830167575,152936830168313,1790296038524271340,152936830171800,152936830195254,23.454,4.225,sent,1000,
2191,152936835167575,152936835170123,1790296038529274302,152936835186554,152936835292375,105.821,18.979,sent,1000,
2192,152936840167575,152936840169848,1790296038534274157,152936840187101,152936840295577,108.476,19.526,sent,1000,
2193,152936845167575,152936845169964,1790296038539274143,152936845190643,152936845250346,59.703,23.068,sent,1000,
2194,152936850167575,152936850170110,1790296038544273637,152936850179868,152936850238539,58.671,12.293,sent,1000,
2195,152936855167575,152936855169243,1790296038549273432,152936855187057,152936855291615,104.558,19.482,sent,1000,
2196,152936860167575,152936860169760,1790296038554273928,152936860186181,152936860274779,88.598,18.606,sent,1000,
2197,152936865167575,152936865168493,1790296038559271549,152936865172540,152936865198239,25.699,4.965,sent,1000,
2198,152936870167575,152936870169159,1790296038564272677,152936870178798,152936870241226,62.428,11.223,sent,1000,
2199,152936875167575,152936875169676,1790296038569273894,152936875186628,152936875294983,108.355,19.053,sent,1000,
2200,152936880167575,152936880170645,1790296038574274954,152936880187707,152936880297255,109.548,20.132,sent,1000,
2201,152936885167575,152936885169999,1790296038579274127,152936885185478,152936885254940,69.462,17.903,sent,1000,
2202,152936890167575,152936890168892,1790296038584272419,152936890178029,152936890237101,59.072,10.454,sent,1000,
2203,152936895167575,152936895168296,1790296038589271323,152936895172114,152936895196850,24.736,4.539,sent,1000,
2204,152936900167575,152936900230550,1790296038594334778,152936900247341,152936900355777,108.436,79.766,sent,1000,
2205,152936905167575,152936905169559,1790296038599273748,152936905186101,152936905273076,86.975,18.526,sent,1000,
2206,152936910167575,152936910169174,1790296038604272711,152936910178191,152936910237554,59.363,10.616,sent,1000,
2207,152936915167575,152936915170362,1790296038609274911,152936915187895,152936915294487,106.592,20.32,sent,1000,
2208,152936920167575,152936920169536,1790296038614273804,152936920189223,152936920293811,104.588,21.648,sent,1000,
2209,152936925167575,152936925168811,1790296038619272379,152936925178570,152936925220159,41.589,10.995,sent,1000,
2210,152936930167575,152936930168296,1790296038624271312,152936930172464,152936930194165,21.701,4.889,sent,1000,
2211,152936935167575,152936935169273,1790296038629272820,152936935179192,152936935237853,58.661,11.617,sent,1000,
2212,152936940167575,152936940169789,1790296038634274198,152936940186170,152936940292091,105.921,18.595,sent,1000,
2213,152936945167575,152936945170085,1790296038639274564,152936945187598,152936945292397,104.799,20.023,sent,1000,
2214,152936950167575,152936950169590,1790296038644273418,152936950179548,152936950242428,62.88,11.973,sent,1000,
2215,152936955167575,152936955168613,1790296038649272150,152936955178031,152936955236672,58.641,10.456,sent,1000,
2216,152936960167575,152936960169811,1790296038654274110,152936960186923,152936960290449,103.526,19.348,sent,1000,
2217,152936965167575,152936965168915,1790296038659273053,152936965185947,152936965285927,99.98,18.372,sent,1000,
2218,152936970167575,152936970169242,1790296038664272759,152936970178449,152936970237211,58.762,10.874,sent,1000,
2219,152936975167575,152936975169127,1790296038669272675,152936975179266,152936975238799,59.533,11.691,sent,1000,
2220,152936980167575,152936980169563,1790296038674274093,152936980186395,152936980290553,104.158,18.82,sent,1000,
2221,152936985167575,152936985170050,1790296038679274519,152936985187142,152936985245362,58.22,19.567,sent,1000,
2222,152936990167575,152936990168602,1790296038684272140,152936990178050,152936990227925,49.875,10.475,sent,1000,
2223,152936995167575,152936995170120,1790296038689274439,152936995186892,152936995290559,103.667,19.317,sent,1000,
2224,152937000167575,152937000169976,1790296038694274735,152937000188090,152937000292768,104.678,20.515,sent,1000,
2225,152937005167575,152937005169049,1790296038699272567,152937005177665,152937005233802,56.137,10.09,sent,1000,
2226,152937010167575,152937010168524,1790296038704272021,152937010177681,152937010237294,59.613,10.106,sent,1000,
2227,152937015167575,152937015169362,1790296038709273551,152937015186474,152937015292966,106.492,18.899,sent,1000,
2228,152937020167575,152937020168195,1790296038714272424,152937020177463,152937020216447,38.984,9.888,sent,1000,
2229,152937025167575,152937025168221,1790296038719271237,152937025171697,152937025196204,24.507,4.122,sent,1000,
2230,152937030167575,152937030168176,1790296038724271193,152937030171392,152937030194366,22.974,3.817,sent,1000,
2231,152937035167575,152937035168292,1790296038729271759,152937035177659,152937035236902,59.243,10.084,sent,1000,
2232,152937040167575,152937040168547,1790296038734272345,152937040179628,152937040229202,49.574,12.053,sent,1000,
2233,152937045167575,152937045168162,1790296038739271189,152937045172029,152937045195484,23.455,4.454,sent,1000,
2234,152937050167575,152937050168127,1790296038744271144,152937050171544,152937050194437,22.893,3.969,sent,1000,
2235,152937055167575,152937055168343,1790296038749271350,152937055171639,152937055194833,23.194,4.064,sent,1000,
2236,152937060167575,152937060169623,1790296038754273831,152937060186515,152937060290642,104.127,18.94,sent,1000,
2237,152937065167575,152937065168235,1790296038759271252,152937065171963,152937065195738,23.775,4.388,sent,1000,
2238,152937070167575,152937070169403,1790296038764273672,152937070186085,152937070289911,103.826,18.51,sent,1000,
2239,152937075167575,152937075169448,1790296038769273697,152937075185990,152937075291610,105.62,18.415,sent,1000,
2240,152937080167575,152937080170155,1790296038774274624,152937080187528,152937080291585,104.057,19.953,sent,1000,
2241,152937085167575,152937085169970,1790296038779274119,152937085186772,152937085290839,104.067,19.197,sent,1000,
2242,152937090167575,152937090168613,1790296038784272241,152937090181117,152937090252752,71.635,13.542,sent,1000,
2243,152937095167575,152937095170632,1790296038789275161,152937095185661,152937095283476,97.815,18.086,sent,1000,
2244,152937100167575,152937100168363,1790296038794271390,152937100193050,152937100216324,23.274,25.475,sent,1000,
2245,152937105167575,152937105168320,1790296038799271337,152937105171637,152937105195151,23.514,4.062,sent,1000,
2246,152937110167575,152937110168266,1790296038804271282,152937110171522,152937110196509,24.987,3.947,sent,1000,
2247,152937115167575,152937115168161,1790296038809271177,152937115171718,152937115194551,22.833,4.143,sent,1000,
2248,152937120167575,152937120168276,1790296038814271293,152937120171743,152937120194326,22.583,4.168,sent,1000,
2249,152937125167575,152937125167961,1790296038819270917,152937125170235,152937125187398,17.163,2.66,sent,1000,
2250,152937130167575,152937130168267,1790296038824271444,152937130173096,152937130197873,24.777,5.521,sent,1000,
2251,152937135167575,152937135168313,1790296038829271329,152937135171839,152937135194432,22.593,4.264,sent,1000,
2252,152937140167575,152937140168087,1790296038834271104,152937140171464,152937140194688,23.224,3.889,sent,1000,
2253,152937145167575,152937145167943,1790296038839270889,152937145170298,152937145185597,15.299,2.723,sent,1000,
2254,152937150167575,152937150169152,1790296038844273120,152937150178339,152937150230969,52.63,10.764,sent,1000,
2255,152937155167575,152937155169308,1790296038849273627,152937155186119,152937155289676,103.557,18.544,sent,1000,
2256,152937160167575,152937160169884,1790296038854274143,152937160186435,152937160289881,103.446,18.86,sent,1000,
2257,152937165167575,152937165170450,1790296038859274639,152937165187052,152937165283124,96.072,19.477,sent,1000,
2258,152937170167575,152937170169614,1790296038864273152,152937170179152,152937170239326,60.174,11.577,sent,1000,
2259,152937175167575,152937175169840,1790296038869274209,152937175187043,152937175292112,105.069,19.468,sent,1000,
2260,152937180167575,152937180169815,1790296038874274635,152937180187649,152937180294562,106.913,20.074,sent,1000,
2261,152937185167575,152937185169861,1790296038879274120,152937185185340,152937185283737,98.397,17.765,sent,1000,
2262,152937190167575,152937190169146,1790296038884273344,152937190185918,152937190290616,104.698,18.343,sent,1000,
2263,152937195167575,152937195169643,1790296038889274092,152937195186535,152937195293387,106.852,18.96,sent,1000,
2264,152937200167575,152937200169618,1790296038894274418,152937200186550,152937200291740,105.19,18.975,sent,1000,
2265,152937205167575,152937205169283,1790296038899273462,152937205185353,152937205288289,102.936,17.778,sent,1000,
2266,152937210167575,152937210168988,1790296038904272515,152937210178686,152937210237047,58.361,11.111,sent,1000,
2267,152937215167575,152937215169945,1790296038909273823,152937215179383,152937215238455,59.072,11.808,sent,1000,
2268,152937220167575,152937220169910,1790296038914274239,152937220187263,152937220290669,103.406,19.688,sent,1000,
2269,152937225167575,152937225169044,1790296038919272561,152937225178191,152937225236412,58.221,10.616,sent,1000,
2270,152937230167575,152937230169490,1790296038924273368,152937230179479,152937230240675,61.196,11.904,sent,1000,
2271,152937235167575,152937235169205,1790296038929273113,152937235178613,152937235237474,58.861,11.038,sent,1000,
2272,152937240167575,152937240169392,1790296038934273571,152937240185643,152937240291334,105.691,18.068,sent,1000,
2273,152937245167575,152937245169929,1790296038939274348,152937245186420,152937245285037,98.617,18.845,sent,1000,
2274,152937250167575,152937250169634,1790296038944273512,152937250179252,152937250239115,59.863,11.677,sent,1000,
2275,152937255167575,152937255169449,1790296038949273707,152937255186822,152937255291690,104.868,19.247,sent,1000,
2276,152937260167575,152937260169975,1790296038954274224,152937260188079,152937260291235,103.156,20.504,sent,1000,
2277,152937265167575,152937265170491,1790296038959274690,152937265186311,152937265286181,99.87,18.736,sent,1000,
2278,152937270167575,152937270169795,1790296038964273373,152937270179524,152937270239127,59.603,11.949,sent,1000,
2279,152937275167575,152937275169861,1790296038969274110,152937275186653,152937275292924,106.271,19.078,sent,1000,
2280,152937280167575,152937280169786,1790296038974274195,152937280187309,152937280288351,101.042,19.734,sent,1000,
2281,152937285167575,152937285169673,1790296038979274212,152937285185643,152937285288598,102.955,18.068,sent,1000,
2282,152937290167575,152937290168887,1790296038984272454,152937290178605,152937290238399,59.794,11.03,sent,1000,
2283,152937295167575,152937295170255,1790296038989274644,152937295187748,152937295295452,107.704,20.173,sent,1000,
2284,152937300167575,152937300169419,1790296038994274850,152937300187763,152937300293143,105.38,20.188,sent,1000,
2285,152937305167575,152937305169354,1790296038999273523,152937305186767,152937305288931,102.164,19.192,sent,1000,
2286,152937310167575,152937310169319,1790296039004272857,152937310178827,152937310238270,59.443,11.252,sent,1000,
2287,152937315167575,152937315169104,1790296039009273032,152937315191066,152937315248655,57.589,23.491,sent,1000,
2288,152937320167575,152937320170502,1790296039014274671,152937320186663,152937320290660,103.997,19.088,sent,1000,
2289,152937325167575,152937325168114,1790296039019271130,152937325171550,152937325194794,23.244,3.975,sent,1000,
2290,152937330167575,152937330169703,1790296039024273231,152937330178941,152937330238734,59.793,11.366,sent,1000,
2291,152937335167575,152937335170089,1790296039029274548,152937335187923,152937335295998,108.075,20.348,sent,1000,
2292,152937340167575,152937340169033,1790296039034272560,152937340177960,152937340236130,58.17,10.385,sent,1000,
2293,152937345167575,152937345169228,1790296039039273217,152937345179047,152937345238640,59.593,11.472,sent,1000,
2294,152937350167575,152937350168222,1790296039044271238,152937350172109,152937350197117,25.008,4.534,sent,1000,
2295,152937355167575,152937355169840,1790296039049274069,152937355187424,152937355291090,103.666,19.849,sent,1000,
2296,152937360167575,152937360169014,1790296039054273333,152937360185605,152937360290434,104.829,18.03,sent,1000,
2297,152937365167575,152937365168589,1790296039059272096,152937365177556,152937365227951,50.395,9.981,sent,1000,
2298,152937370167575,152937370169667,1790296039064273425,152937370179285,152937370239730,60.445,11.71,sent,1000,
2299,152937375167575,152937375168822,1790296039069272369,152937375177939,152937375207264,29.325,10.364,sent,1000,
2300,152937380167575,152937380168316,1790296039074271342,152937380172013,152937380195177,23.164,4.438,sent,1000,
2301,152937385167575,152937385168301,1790296039079271318,152937385172229,152937385195363,23.134,4.654,sent,1000,
2302,152937390167575,152937390168637,1790296039084272105,152937390176823,152937390206900,30.077,9.248,sent,1000,
2303,152937395167575,152937395170125,1790296039089274414,152937395186937,152937395293710,106.773,19.362,sent,1000,
2304,152937400167575,152937400259480,1790296039094363398,152937400269148,152937400300728,31.58,101.573,sent,1000,
2305,152937405167575,152937405169635,1790296039099273834,152937405186317,152937405257171,70.854,18.742,sent,1000,
2306,152937410167575,152937410168879,1790296039104272757,152937410178357,152937410266695,88.338,10.782,sent,1000,
2307,152937415167575,152937415170058,1790296039109273756,152937415180658,152937415240492,59.834,13.083,sent,1000,
2308,152937420167575,152937420170154,1790296039114274763,152937420189801,152937420294299,104.498,22.226,sent,1000,
2309,152937425167575,152937425168887,1790296039119272414,152937425177784,152937425239651,61.867,10.209,sent,1000,
2310,152937430167575,152937430178721,1790296039124283240,152937430196605,152937430302666,106.061,29.03,sent,1000,
2311,152937435167575,152937435169609,1790296039129273187,152937435178947,152937435237808,58.861,11.372,sent,1000,
2312,152937440167575,152937440168422,1790296039134271950,152937440177880,152937440237423,59.543,10.305,sent,1000,
2313,152937445167575,152937445169740,1790296039139273959,152937445186732,152937445295398,108.666,19.157,sent,1000,
2314,152937450167575,152937450169305,1790296039144273814,152937450180005,152937450242543,62.538,12.43,sent,1000,
2315,152937455167575,152937455169230,1790296039149272757,152937455178297,152937455236056,57.759,10.722,sent,1000,
2316,152937460167575,152937460168916,1790296039154272454,152937460178575,152937460238438,59.863,11.0,sent,1000,
2317,152937465167575,152937465168391,1790296039159271417,152937465171977,152937465195722,23.745,4.402,sent,1000,
2318,152937470167575,152937470168326,1790296039164271362,152937470171822,152937470197281,25.459,4.247,sent,1000,
2319,152937475167575,152937475168151,1790296039169271177,152937475171387,152937475194551,23.164,3.812,sent,1000,
2320,152937480167575,152937480169509,1790296039174273707,152937480186852,152937480297211,110.359,19.277,sent,1000,
2321,152937485167575,152937485168372,1790296039179271388,152937485172089,152937485195734,23.645,4.514,sent,1000,
2322,152937490167575,152937490169189,1790296039184272726,152937490178557,152937490238610,60.053,10.982,sent,1000,
2323,152937495167575,152937495170697,1790296039189274946,152937495187309,152937495294281,106.972,19.734,sent,1000,
2324,152937500167575,152937500169831,1790296039194274831,152937500187234,152937500292423,105.189,19.659,sent,1000,
2325,152937505167575,152937505168915,1790296039199272993,152937505184795,152937505269436,84.641,17.22,sent,1000,
2326,152937510167575,152937510169122,1790296039204272649,152937510178279,152937510237151,58.872,10.704,sent,1000,
2327,152937515167575,152937515169268,1790296039209273166,152937515179006,152937515237757,58.751,11.431,sent,1000,
2328,152937520167575,152937520170165,1790296039214274353,152937520186836,152937520291284,104.448,19.261,sent,1000,
2329,152937525167575,152937525169589,1790296039219273758,152937525208573,152937525309715,101.142,40.998,sent,1000,
2330,152937530167575,152937530169224,1790296039224273212,152937530179002,152937530238575,59.573,11.427,sent,1000,
2331,152937535167575,152937535169540,1790296039229273117,152937535178587,152937535238200,59.613,11.012,sent,1000,
2332,152937540167575,152937540169395,1790296039234273914,152937540186868,152937540291536,104.668,19.293,sent,1000,
2333,152937545167575,152937545169570,1790296039239274380,152937545186833,152937545286452,99.619,19.258,sent,1000,
2334,152937550167575,152937550169657,1790296039244274426,152937550187641,152937550292279,104.638,20.066,sent,1000,
2335,152937555167575,152937555169653,1790296039249273190,152937555179151,152937555237271,58.12,11.576,sent,1000,
2336,152937560167575,152937560169648,1790296039254273787,152937560186430,152937560286850,100.42,18.855,sent,1000,
2337,152937565167575,152937565169964,1790296039259274734,152937565187057,152937565290913,103.856,19.482,sent,1000,
2338,152937570167575,152937570168847,1790296039264272986,152937570177634,152937570231687,54.053,10.059,sent,1000,
2339,152937575167575,152937575169324,1790296039269273502,152937575185875,152937575291345,105.47,18.3,sent,1000,
2340,152937580167575,152937580170642,1790296039274274840,152937580187013,152937580289978,102.965,19.438,sent,1000,
2341,152937585167575,152937585170427,1790296039279274655,152937585186417,152937585283050,96.633,18.842,sent,1000,
2342,152937590167575,152937590169811,1790296039284274130,152937590185871,152937590291231,105.36,18.296,sent,1000,
2343,152937595167575,152937595170900,1790296039289275289,152937595188543,152937595295145,106.602,20.968,sent,1000,
2344,152937600167575,152937600170875,1790296039294275064,152937600187547,152937600294069,106.522,19.972,sent,1000,
2345,152937605167575,152937605169648,1790296039299273757,152937605186390,152937605288824,102.434,18.815,sent,1000,
2346,152937610167575,152937610169984,1790296039304274373,152937610186065,152937610291044,104.979,18.49,sent,1000,
2347,152937615167575,152937615169188,1790296039309273697,152937615185138,152937615285378,100.24,17.563,sent,1000,
2348,152937620167575,152937620170075,1790296039314274634,152937620187638,152937620294671,107.033,20.063,sent,1000,
2349,152937625167575,152937625168678,1790296039319272185,152937625178526,152937625216649,38.123,10.951,sent,1000,
2350,152937630167575,152937630169475,1790296039324273303,152937630178792,152937630228627,49.835,11.217,sent,1000,
2351,152937635167575,152937635169350,1790296039329273228,152937635179429,152937635238601,59.172,11.854,sent,1000,
2352,152937640167575,152937640169828,1790296039334274107,152937640186760,152937640290446,103.686,19.185,sent,1000,
2353,152937645167575,152937645170204,1790296039339274332,152937645186475,152937645285843,99.368,18.9,sent,1000,
2354,152937650167575,152937650169207,1790296039344273166,152937650179136,152937650237928,58.792,11.561,sent,1000,
2355,152937655167575,152937655170044,1790296039349274223,152937655186586,152937655291505,104.919,19.011,sent,1000,
2356,152937660167575,152937660169218,1790296039354273477,152937660185990,152937660290608,104.618,18.415,sent,1000,
2357,152937665167575,152937665169795,1790296039359274043,152937665185855,152937665283320,97.465,18.28,sent,1000,
2358,152937670167575,152937670169129,1790296039364273518,152937670179819,152937670238360,58.541,12.244,sent,1000,
2359,152937675167575,152937675169585,1790296039369273864,152937675187529,152937675292297,104.768,19.954,sent,1000,
2360,152937680167575,152937680170191,1790296039374274370,152937680188045,152937680293245,105.2,20.47,sent,1000,
2361,152937685167575,152937685170128,1790296039379274588,152937685185958,152937685284655,98.697,18.383,sent,1000,
2362,152937690167575,152937690169973,1790296039384274142,152937690186274,152937690290873,104.599,18.699,sent,1000,
2363,152937695167575,152937695169839,1790296039389274288,152937695186961,152937695293593,106.632,19.386,sent,1000,
2364,152937700167575,152937700169894,1790296039394274644,152937700187758,152937700293067,105.309,20.183,sent,1000,
2365,152937705167575,152937705169970,1790296039399274369,152937705185860,152937705283054,97.194,18.285,sent,1000,
2366,152937710167575,152937710169314,1790296039404273512,152937710185755,152937710294080,108.325,18.18,sent,1000,
2367,152937715167575,152937715169980,1790296039409274560,152937715185890,152937715288976,103.086,18.315,sent,1000,
2368,152937720167575,152937720170276,1790296039414274465,152937720187379,152937720291235,103.856,19.804,sent,1000,
2369,152937725167575,152937725169070,1790296039419273258,152937725185992,152937725288546,102.554,18.417,sent,1000,
2370,152937730167575,152937730169227,1790296039424273215,152937730179276,152937730238538,59.262,11.701,sent,1000,
2371,152937735167575,152937735169823,1790296039429274343,152937735187376,152937735293097,105.721,19.801,sent,1000,
2372,152937740167575,152937740169789,1790296039434274027,152937740186310,152937740289495,103.185,18.735,sent,1000,
2373,152937745167575,152937745170054,1790296039439274153,152937745185564,152937745283920,98.356,17.989,sent,1000,
2374,152937750167575,152937750177865,1790296039444281392,152937750187583,152937750249400,61.817,20.008,sent,1000,
2375,152937755167575,152937755169564,1790296039449273152,152937755178892,152937755236611,57.719,11.317,sent,1000,
2376,152937760167575,152937760169339,1790296039454273558,152937760186071,152937760290449,104.378,18.496,sent,1000,
2377,152937765167575,152937765168092,1790296039459271129,152937765172050,152937765196366,24.316,4.475,sent,1000,
2378,152937770167575,152937770168199,1790296039464271205,152937770171355,152937770194358,23.003,3.78,sent,1000,
2379,152937775167575,152937775168255,1790296039469271271,152937775171701,152937775194805,23.104,4.126,sent,1000,
2380,152937780167575,152937780168260,1790296039474271297,152937780171617,152937780194119,22.502,4.042,sent,1000,
2381,152937785167575,152937785168226,1790296039479271252,152937785171572,152937785194375,22.803,3.997,sent,1000,
2382,152937790167575,152937790169233,1790296039484272750,152937790178841,152937790237993,59.152,11.266,sent,1000,
2383,152937795167575,152937795169398,1790296039489274439,152937795186601,152937795290478,103.877,19.026,sent,1000,
2384,152937800167575,152937800170025,1790296039494274564,152937800187889,152937800290553,102.664,20.314,sent,1000,
2385,152937805167575,152937805170311,1790296039499274550,152937805186852,152937805290439,103.587,19.277,sent,1000,
2386,152937810167575,152937810168773,1790296039504272311,152937810178291,152937810237434,59.143,10.716,sent,1000,
2387,152937815167575,152937815169261,1790296039509273219,152937815178719,152937815246177,67.458,11.144,sent,1000,
2388,152937820167575,152937820169898,1790296039514274507,152937820187331,152937820291949,104.618,19.756,sent,1000,
2389,152937825167575,152937825168932,1790296039519272439,152937825177848,152937825235979,58.131,10.273,sent,1000,
2390,152937830167575,152937830168737,1790296039524273216,152937830179517,152937830239972,60.455,11.942,sent,1000,
2391,152937835167575,152937835169203,1790296039529273121,152937835179392,152937835239155,59.763,11.817,sent,1000,
2392,152937840167575,152937840169409,1790296039534273597,152937840186341,152937840290718,104.377,18.766,sent,1000,
2393,152937845167575,152937845170125,1790296039539274424,152937845187117,152937845290463,103.346,19.542,sent,1000,
2394,152937850167575,152937850169900,1790296039544273708,152937850179088,152937850238049,58.961,11.513,sent,1000,
2395,152937855167575,152937855169635,1790296039549274405,152937855186467,152937855291476,105.009,18.892,sent,1000,
2396,152937860167575,152937860169031,1790296039554273230,152937860186083,152937860290100,104.017,18.508,sent,1000,
2397,152937865167575,152937865170559,1790296039559274928,152937865186960,152937865291188,104.228,19.385,sent,1000,
2398,152937870167575,152937870169312,1790296039564273331,152937870178690,152937870239315,60.625,11.115,sent,1000,
2399,152937875167575,152937875169458,1790296039569273637,152937875186681,152937875290046,103.365,19.106,sent,1000,
2400,152937880167575,152937880170004,1790296039574274183,152937880187187,152937880246018,58.831,19.612,sent,1000,
2401,152937885167575,152937885169158,1790296039579273737,152937885179518,152937885238309,58.791,11.943,sent,1000,
2402,152937890167575,152937890169254,1790296039584272871,152937890179142,152937890238184,59.042,11.567,sent,1000,
2403,152937895167575,152937895170662,1790296039589275001,152937895188215,152937895297712,109.497,20.64,sent,1000,
2404,152937900167575,152937900170046,1790296039594274515,152937900187288,152937900293720,106.432,19.713,sent,1000,
2405,152937905167575,152937905170422,1790296039599274891,152937905180491,152937905240205,59.714,12.916,sent,1000,
2406,152937910167575,152937910168956,1790296039604272474,152937910178534,152937910237486,58.952,10.959,sent,1000,
2407,152937915167575,152937915169132,1790296039609273280,152937915185142,152937915287436,102.294,17.567,sent,1000,
2408,152937920167575,152937920170019,1790296039614274528,152937920186721,152937920292942,106.221,19.146,sent,1000,
2409,152937925167575,152937925168772,1790296039619272279,152937925178050,152937925231491,53.441,10.475,sent,1000,
2410,152937930167575,152937930170070,1790296039624273617,152937930179778,152937930241665,61.887,12.203,sent,1000,
2411,152937935167575,152937935217475,1790296039629321764,152937935234547,152937935344245,109.698,66.972,sent,1000,
2412,152937940167575,152937940170341,1790296039634274880,152937940189597,152937940292382,102.785,22.022,sent,1000,
2413,152937945167575,152937945169956,1790296039639274204,152937945186667,152937945245208,58.541,19.092,sent,1000,
2414,152937950167575,152937950168479,1790296039644272047,152937950189068,152937950243271,54.203,21.493,sent,1000,
2415,152937955167575,152937955168065,1790296039649271091,152937955171351,152937955194204,22.853,3.776,sent,1000,
2416,152937960167575,152937960168120,1790296039654271136,152937960171286,152937960193899,22.613,3.711,sent,1000,
2417,152937965167575,152937965168226,1790296039659271242,152937965171832,152937965196469,24.637,4.257,sent,1000,
2418,152937970167575,152937970168311,1790296039664271338,152937970171437,152937970194070,22.633,3.862,sent,1000,
2419,152937975167575,152937975168747,1790296039669272435,152937975179618,152937975239451,59.833,12.043,sent,1000,
2420,152937980167575,152937980169765,1790296039674274254,152937980186977,152937980291636,104.659,19.402,sent,1000,
2421,152937985167575,152937985169740,1790296039679274229,152937985186672,152937985295919,109.247,19.097,sent,1000,
2422,152937990167575,152937990169575,1790296039684273102,152937990179183,152937990252061,72.878,11.608,sent,1000,
2423,152937995167575,152937995169231,1790296039689273229,152937995179290,152937995237490,58.2,11.715,sent,1000,
2424,152938000167575,152938000169447,1790296039694274538,152938000187481,152938000297309,109.828,19.906,sent,1000,
2425,152938005167575,152938005170084,1790296039699274723,152938005186585,152938005293417,106.832,19.01,sent,1000,
2426,152938010167575,152938010169187,1790296039704273396,152938010184757,152938010289135,104.378,17.182,sent,1000,
2427,152938015167575,152938015169483,1790296039709273602,152938015187037,152938015277388,90.351,19.462,sent,1000,
2428,152938020167575,152938020177384,1790296039714281512,152938020192933,152938020291189,98.256,25.358,sent,1000,
2429,152938025167575,152938025167891,1790296039719270837,152938025170586,152938025188380,17.794,3.011,sent,1000,
2430,152938030167575,152938030168087,1790296039724271103,152938030175320,152938030197963,22.643,7.745,sent,1000,
2431,152938035167575,152938035168403,1790296039729271429,152938035171679,152938035194733,23.054,4.104,sent,1000,
2432,152938040167575,152938040168079,1790296039734271106,152938040171566,152938040194239,22.673,3.991,sent,1000,
2433,152938045167575,152938045168205,1790296039739271221,152938045171641,152938045194424,22.783,4.066,sent,1000,
2434,152938050167575,152938050168210,1790296039744271227,152938050171326,152938050193749,22.423,3.751,sent,1000,
2435,152938055167575,152938055168075,1790296039749271102,152938055171311,152938055193914,22.603,3.736,sent,1000,
2436,152938060167575,152938060168291,1790296039754271317,152938060171497,152938060194120,22.623,3.922,sent,1000,
2437,152938065167575,152938065168096,1790296039759271112,152938065171392,152938065194246,22.854,3.817,sent,1000,
2438,152938070167575,152938070168091,1790296039764271118,152938070171508,152938070195854,24.346,3.933,sent,1000,
2439,152938075167575,152938075170020,1790296039769274179,152938075186952,152938075290469,103.517,19.377,sent,1000,
2440,152938080167575,152938080170607,1790296039774274846,152938080187439,152938080292909,105.47,19.864,sent,1000,
2441,152938085167575,152938085169652,1790296039779274442,152938085186975,152938085289840,102.865,19.4,sent,1000,
2442,152938090167575,152938090168525,1790296039784272093,152938090180017,152938090249228,69.211,12.442,sent,1000,
2443,152938095167575,152938095169703,1790296039789274282,152938095185002,152938095278359,93.357,17.427,sent,1000,
2444,152938100167575,152938100168226,1790296039794271242,152938100171712,152938100194986,23.274,4.137,sent,1000,
2445,152938105167575,152938105168231,1790296039799271247,152938105171738,152938105195042,23.304,4.163,sent,1000,
2446,152938110167575,152938110168276,1790296039804271293,152938110171593,152938110194306,22.713,4.018,sent,1000,
2447,152938115167575,152938115169865,1790296039809274404,152938115186526,152938115291185,104.659,18.951,sent,1000,
2448,152938120167575,152938120169179,1790296039814273057,152938120178687,152938120237338,58.651,11.112,sent,1000,
2449,152938125167575,152938125169104,1790296039819272662,152938125178522,152938125238907,60.385,10.947,sent,1000,
2450,152938130167575,152938130168209,1790296039824271236,152938130171606,152938130194409,22.803,4.031,sent,1000,
2451,152938135167575,152938135170669,1790296039829275129,152938135187581,152938135293512,105.931,20.006,sent,1000,
2452,152938140167575,152938140169513,1790296039834273892,152938140187887,152938140289811,101.924,20.312,sent,1000,
2453,152938145167575,152938145170249,1790296039839274668,152938145186350,152938145290627,104.277,18.775,sent,1000,
2454,152938150167575,152938150169032,1790296039844273451,152938150177959,152938150230699,52.74,10.384,sent,1000,
2455,152938155167575,152938155168236,1790296039849271263,152938155172344,152938155195728,23.384,4.769,sent,1000,
2456,152938160167575,152938160168332,1790296039854271358,152938160171608,152938160196415,24.807,4.033,sent,1000,
2457,152938165167575,152938165168267,1790296039859271283,152938165191902,152938165214805,22.903,24.327,sent,1000,
2458,152938170167575,152938170170407,1790296039864274686,152938170186919,152938170292068,105.149,19.344,sent,1000,
2459,152938175167575,152938175169812,1790296039869274131,152938175187015,152938175292545,105.53,19.44,sent,1000,
2460,152938180167575,152938180170970,1790296039874275169,152938180188022,152938180293943,105.921,20.447,sent,1000,
2461,152938185167575,152938185170384,1790296039879274513,152938185186695,152938185285132,98.437,19.12,sent,1000,
2462,152938190167575,152938190169528,1790296039884274137,152938190186580,152938190292230,105.65,19.005,sent,1000,
2463,152938195167575,152938195170475,1790296039889274754,152938195186946,152938195293348,106.402,19.371,sent,1000,
2464,152938200167575,152938200169509,1790296039894274298,152938200186942,152938200293273,106.331,19.367,sent,1000,
2465,152938205167575,152938205170165,1790296039899274304,152938205186757,152938205288159,101.402,19.182,sent,1000,
2466,152938210167575,152938210169459,1790296039904273658,152938210186501,152938210292973,106.472,18.926,sent,1000,
2467,152938215167575,152938215170398,1790296039909274596,152938215187460,152938215293421,105.961,19.885,sent,1000,
2468,152938220167575,152938220170734,1790296039914274973,152938220187796,152938220292094,104.298,20.221,sent,1000,
2469,152938225167575,152938225169738,1790296039919273866,152938225185007,152938225285717,100.71,17.432,sent,1000,
2470,152938230167575,152938230170124,1790296039924273661,152938230179822,152938230238884,59.062,12.247,sent,1000,
2471,152938235167575,152938235170019,1790296039929274809,152938235187452,152938235292190,104.738,19.877,sent,1000,
2472,152938240167575,152938240170605,1790296039934275225,152938240187537,152938240293087,105.55,19.962,sent,1000,
2473,152938245167575,152938245170010,1790296039939274298,152938245187022,152938245292391,105.369,19.447,sent,1000,
2474,152938250167575,152938250169524,1790296039944274775,152938250187117,152938250294250,107.133,19.542,sent,1000,
2475,152938255167575,152938255170020,1790296039949274620,152938255188085,152938255293154,105.069,20.51,sent,1000,
2476,152938260167575,152938260169106,1790296039954273324,152938260185938,152938260292610,106.672,18.363,sent,1000,
2477,152938265167575,152938265170023,1790296039959274382,152938265187005,152938265291413,104.408,19.43,sent,1000,
2478,152938270167575,152938270169257,1790296039964273205,152938270178855,152938270238308,59.453,11.28,sent,1000,
2479,152938275167575,152938275170354,1790296039969274543,152938275187937,152938275291474,103.537,20.362,sent,1000,
2480,152938280167575,152938280169909,1790296039974274528,152938280186891,152938280291830,104.939,19.316,sent,1000,
2481,152938285167575,152938285170555,1790296039979274684,152938285185794,152938285284491,98.697,18.219,sent,1000,
2482,152938290167575,152938290170380,1790296039984274659,152938290187643,152938290292492,104.849,20.068,sent,1000,
2483,152938295167575,152938295170386,1790296039989274865,152938295187258,152938295293639,106.381,19.683,sent,1000,
2484,152938300167575,152938300170241,1790296039994274740,152938300187814,152938300293785,105.971,20.239,sent,1000,
2485,152938305167575,152938305170607,1790296039999274836,152938305187008,152938305288561,101.553,19.433,sent,1000,
2486,152938310167575,152938310168921,1790296040004272438,152938310178288,152938310239615,61.327,10.713,sent,1000,
2487,152938315167575,152938315202099,1790296040009306297,152938315218650,152938315321746,103.096,51.075,sent,1000,
2488,152938320167575,152938320170424,1790296040014274673,152938320186244,152938320293527,107.283,18.669,sent,1000,
2489,152938325167575,152938325169558,1790296040019273686,152938325184897,152938325283474,98.577,17.322,sent,1000,
2490,152938330167575,152938330168792,1790296040024273371,152938330178911,152938330237241,58.33,11.336,sent,1000,
2491,152938335167575,152938335169909,1790296040029274388,152938335187342,152938335293093,105.751,19.767,sent,1000,
2492,152938340167575,152938340169554,1790296040034273362,152938340178771,152938340240118,61.347,11.196,sent,1000,
2493,152938345167575,152938345170080,1790296040039274479,152938345185950,152938345280790,94.84,18.375,sent,1000,
2494,152938350167575,152938350168303,1790296040044271320,152938350172050,152938350195344,23.294,4.475,sent,1000,
2495,152938355167575,152938355170013,1790296040049274462,152938355187396,152938355295420,108.024,19.821,sent,1000,
2496,152938360167575,152938360169247,1790296040054273455,152938360185287,152938360243437,58.15,17.712,sent,1000,
2497,152938365167575,152938365169913,1790296040059274192,152938365186114,152938365288929,102.815,18.539,sent,1000,
2498,152938370167575,152938370169979,1790296040064273706,152938370180138,152938370241925,61.787,12.563,sent,1000,
2499,152938375167575,152938375170224,1790296040069274473,152938375210200,152938375315971,105.771,42.625,sent,1000,
2500,152938380167575,152938380170651,1790296040074274829,152938380187783,152938380291049,103.266,20.208,sent,1000,
2501,152938385167575,152938385169674,1790296040079274274,152938385186586,152938385289511,102.925,19.011,sent,1000,
2502,152938390167575,152938390169609,1790296040084273447,152938390179548,152938390239442,59.894,11.973,sent,1000,
2503,152938395167575,152938395169696,1790296040089274176,152938395193361,152938395242855,49.494,25.786,sent,1000,
2504,152938400167575,152938400170213,1790296040094274552,152938400187255,152938400293897,106.642,19.68,sent,1000,
2505,152938405167575,152938405169778,1790296040099274257,152938405186179,152938405290807,104.628,18.604,sent,1000,
2506,152938410167575,152938410168470,1790296040104271888,152938410176936,152938410205000,28.064,9.361,sent,1000,
2507,152938415167575,152938415168105,1790296040109271122,152938415171582,152938415194645,23.063,4.007,sent,1000,
2508,152938420167575,152938420168341,1790296040114271377,152938420171547,152938420194290,22.743,3.972,sent,1000,
2509,152938425167575,152938425169438,1790296040119272946,152938425178025,152938425213322,35.297,10.45,sent,1000,
2510,152938430167575,152938430168161,1790296040124271178,152938430171828,152938430194702,22.874,4.253,sent,1000,
2511,152938435167575,152938435170010,1790296040129274590,152938435187844,152938435296239,108.395,20.269,sent,1000,
2512,152938440167575,152938440169637,1790296040134273505,152938440179425,152938440241162,61.737,11.85,sent,1000,
2513,152938445167575,152938445170223,1790296040139274422,152938445186855,152938445294829,107.974,19.28,sent,1000,
2514,152938450167575,152938450169377,1790296040144273285,152938450178725,152938450238518,59.793,11.15,sent,1000,
2515,152938455167575,152938455170394,1790296040149274653,152938455186976,152938455290993,104.017,19.401,sent,1000,
2516,152938460167575,152938460169247,1790296040154272775,152938460178916,152938460237046,58.13,11.341,sent,1000,
2517,152938465167575,152938465170064,1790296040159274303,152938465186776,152938465277778,91.002,19.201,sent,1000,
2518,152938470167575,152938470170560,1790296040164274929,152938470187312,152938470297872,110.56,19.737,sent,1000,
2519,152938475167575,152938475169875,1790296040169274394,152938475186807,152938475296034,109.227,19.232,sent,1000,
2520,152938480167575,152938480169579,1790296040174274359,152938480186912,152938480293514,106.602,19.337,sent,1000,
2521,152938485167575,152938485170819,1790296040179275068,152938485187711,152938485291458,103.747,20.136,sent,1000,
2522,152938490167575,152938490169973,1790296040184273490,152938490179581,152938490240627,61.046,12.006,sent,1000,
2523,152938495167575,152938495169287,1790296040189273826,152938495179817,152938495239049,59.232,12.242,sent,1000,
2524,152938500167575,152938500169933,1790296040194274453,152938500186986,152938500297685,110.699,19.411,sent,1000,
2525,152938505167575,152938505170189,1790296040199274638,152938505187522,152938505295196,107.674,19.947,sent,1000,
2526,152938510167575,152938510169453,1790296040204272991,152938510178981,152938510238865,59.884,11.406,sent,1000,
2527,152938515167575,152938515182233,1790296040209286401,152938515198914,152938515302050,103.136,31.339,sent,1000,
2528,152938520167575,152938520169584,1790296040214273602,152938520179112,152938520213307,34.195,11.537,sent,1000,
2529,152938525167575,152938525169770,1790296040219274380,152938525186762,152938525297192,110.43,19.187,sent,1000,
2530,152938530167575,152938530169306,1790296040224273775,152938530179505,152938530238507,59.002,11.93,sent,1000,
2531,152938535167575,152938535169502,1790296040229273410,152938535179621,152938535238112,58.491,12.046,sent,1000,
2532,152938540167575,152938540170659,1790296040234274898,152938540187932,152938540291879,103.947,20.357,sent,1000,
2533,152938545167575,152938545170144,1790296040239274312,152938545186555,152938545289189,102.634,18.98,sent,1000,
2534,152938550167575,152938550169197,1790296040244273716,152938550179857,152938550240913,61.056,12.282,sent,1000,
2535,152938555167575,152938555169213,1790296040249273511,152938555179372,152938555237051,57.679,11.797,sent,1000,
2536,152938560167575,152938560169709,1790296040254273857,152938560187593,152938560291550,103.957,20.018,sent,1000,
2537,152938565167575,152938565170155,1790296040259274805,152938565186827,152938565290894,104.067,19.252,sent,1000,
2538,152938570167575,152938570169260,1790296040264273809,152938570179219,152938570238922,59.703,11.644,sent,1000,
2539,152938575167575,152938575169306,1790296040269272873,152938575178904,152938575237736,58.832,11.329,sent,1000,
2540,152938580167575,152938580169902,1790296040274274402,152938580186714,152938580291453,104.739,19.139,sent,1000,
2541,152938585167575,152938585170138,1790296040279274297,152938585186790,152938585287531,100.741,19.215,sent,1000,
2542,152938590167575,152938590169593,1790296040284273491,152938590179652,152938590237652,58.0,12.077,sent,1000,
2543,152938595167575,152938595169297,1790296040289273266,152938595178765,152938595240292,61.527,11.19,sent,1000,
2544,152938600167575,152938600170395,1790296040294274704,152938600187998,152938600292987,104.989,20.423,sent,1000,
2545,152938605167575,152938605170200,1790296040299274719,152938605187242,152938605291460,104.218,19.667,sent,1000,
2546,152938610167575,152938610169464,1790296040304273001,152938610179212,152938610238505,59.293,11.637,sent,1000,
2547,152938615167575,152938615170092,1790296040309274401,152938615187535,152938615292644,105.109,19.96,sent,1000,
2548,152938620167575,152938620169707,1790296040314274466,152938620187310,152938620294072,106.762,19.735,sent,1000,
2549,152938625167575,152938625170634,1790296040319274833,152938625187275,152938625291473,104.198,19.7,sent,1000,
2550,152938630167575,152938630169196,1790296040324273295,152938630180187,152938630239099,58.912,12.612,sent,1000,
2551,152938635167575,152938635170504,1790296040329274913,152938635187266,152938635291504,104.238,19.691,sent,1000,
2552,152938640167575,152938640169688,1790296040334273546,152938640179517,152938640238819,59.302,11.942,sent,1000,
2553,152938645167575,152938645168311,1790296040339271327,152938645172108,152938645195432,23.324,4.533,sent,1000,
2554,152938650167575,152938650167946,1790296040344270892,152938650170540,152938650188124,17.584,2.965,sent,1000,
2555,152938655167575,152938655167891,1790296040349270847,152938655170265,152938655187768,17.503,2.69,sent,1000,
2556,152938660167575,152938660168259,1790296040354271275,152938660171545,152938660194158,22.613,3.97,sent,1000,
2557,152938665167575,152938665168304,1790296040359271331,152938665171550,152938665194353,22.803,3.975,sent,1000,
2558,152938670167575,152938670168289,1790296040364271316,152938670171886,152938670196323,24.437,4.311,sent,1000,
2559,152938675167575,152938675170108,1790296040369274497,152938675187551,152938675291999,104.448,19.976,sent,1000,
2560,152938680167575,152938680170685,1790296040374274933,152938680186955,152938680291043,104.088,19.38,sent,1000,
2561,152938685167575,152938685169448,1790296040379273887,152938685185588,152938685284906,99.318,18.013,sent,1000,
2562,152938690167575,152938690169964,1790296040384274724,152938690186996,152938690292677,105.681,19.421,sent,1000,
2563,152938695167575,152938695169809,1790296040389274639,152938695187753,152938695293173,105.42,20.178,sent,1000,
2564,152938700167575,152938700170215,1790296040394274775,152938700186847,152938700291605,104.758,19.272,sent,1000,
2565,152938705167575,152938705170142,1790296040399274271,152938705186303,152938705285912,99.609,18.728,sent,1000,
2566,152938710167575,152938710169617,1790296040404274026,152938710186839,152938710293000,106.161,19.264,sent,1000,
2567,152938715167575,152938715170704,1790296040409274913,152938715187616,152938715290000,102.384,20.041,sent,1000,
2568,152938720167575,152938720169046,1790296040414273125,152938720177823,152938720232607,54.784,10.248,sent,1000,
2569,152938725167575,152938725168270,1790296040419271287,152938725171787,152938725195572,23.785,4.212,sent,1000,
2570,152938730167575,152938730168035,1790296040424271062,152938730171401,152938730194205,22.804,3.826,sent,1000,
2571,152938735167575,152938735170185,1790296040429274493,152938735187798,152938735293107,105.309,20.223,sent,1000,
2572,152938740167575,152938740170661,1790296040434275080,152938740188104,152938740295277,107.173,20.529,sent,1000,
2573,152938745167575,152938745170186,1790296040439274665,152938745187288,152938745289873,102.585,19.713,sent,1000,
2574,152938750167575,152938750169431,1790296040444274451,152938750186503,152938750291502,104.999,18.928,sent,1000,
2575,152938755167575,152938755170268,1790296040449274817,152938755187561,152938755292770,105.209,19.986,sent,1000,
2576,152938760167575,152938760170143,1790296040454274372,152938760187265,152938760292615,105.35,19.69,sent,1000,
2577,152938765167575,152938765170649,1790296040459274858,152938765186920,152938765284946,98.026,19.345,sent,1000,
2578,152938770167575,152938770169753,1790296040464274252,152938770186895,152938770293457,106.562,19.32,sent,1000,
2579,152938775167575,152938775169147,1790296040469273687,152938775179777,152938775238929,59.152,12.202,sent,1000,
2580,152938780167575,152938780169694,1790296040474274283,152938780187087,152938780289441,102.354,19.512,sent,1000,
2581,152938785167575,152938785169258,1790296040479273537,152938785185629,152938785286290,100.661,18.054,sent,1000,
2582,152938790167575,152938790169916,1790296040484273423,152938790179233,152938790239738,60.505,11.658,sent,1000,
2583,152938795167575,152938795169932,1790296040489274251,152938795186904,152938795293997,107.093,19.329,sent,1000,
2584,152938800167575,152938800170158,1790296040494274627,152938800209542,152938800311946,102.404,41.967,sent,1000,
2585,152938805167575,152938805169862,1790296040499274101,152938805186213,152938805286333,100.12,18.638,sent,1000,
2586,152938810167575,152938810169958,1790296040504274728,152938810186940,152938810294073,107.133,19.365,sent,1000,
2587,152938815167575,152938815169502,1790296040509273701,152938815186264,152938815289490,103.226,18.689,sent,1000,
2588,152938820167575,152938820170279,1790296040514274468,152938820186690,152938820290106,103.416,19.115,sent,1000,
2589,152938825167575,152938825169694,1790296040519274413,152938825186015,152938825289701,103.686,18.44,sent,1000,
2590,152938830167575,152938830169168,1790296040524273547,152938830179498,152938830239151,59.653,11.923,sent,1000,
2591,152938835167575,152938835170307,1790296040529274556,152938835186838,152938835291336,104.498,19.263,sent,1000,
2592,152938840167575,152938840169842,1790296040534273650,152938840179921,152938840241848,61.927,12.346,sent,1000,
2593,152938845167575,152938845169867,1790296040539274186,152938845186939,152938845288973,102.034,19.364,sent,1000,
2594,152938850167575,152938850169882,1790296040544273410,152938850179671,152938850242300,62.629,12.096,sent,1000,
2595,152938855167575,152938855169928,1790296040549274517,152938855187070,152938855291969,104.899,19.495,sent,1000,
2596,152938860167575,152938860169743,1790296040554274162,152938860186525,152938860292385,105.86,18.95,sent,1000,
2597,152938865167575,152938865170129,1790296040559274628,152938865186811,152938865293022,106.211,19.236,sent,1000,
2598,152938870167575,152938870168722,1790296040564272229,152938870178520,152938870233585,55.065,10.945,sent,1000,
2599,152938875167575,152938875169669,1790296040569273617,152938875179497,152938875237748,58.251,11.922,sent,1000,
2600,152938880167575,152938880170748,1790296040574274957,152938880187029,152938880290866,103.837,19.454,sent,1000,
2601,152938885167575,152938885170152,1790296040579274351,152938885187134,152938885291522,104.388,19.559,sent,1000,
2602,152938890167575,152938890169236,1790296040584273785,152938890179495,152938890238928,59.433,11.92,sent,1000,
2603,152938895167575,152938895170413,1790296040589274722,152938895187346,152938895295841,108.495,19.771,sent,1000,
2604,152938900167575,152938900170168,1790296040594274638,152938900186619,152938900295756,109.137,19.044,sent,1000,
2605,152938905167575,152938905169813,1790296040599274192,152938905185433,152938905241850,56.417,17.858,sent,1000,
2606,152938910167575,152938910168937,1790296040604272474,152938910178174,152938910241304,63.13,10.599,sent,1000,
2607,152938915167575,152938915170685,1790296040609274864,152938915188469,152938915298377,109.908,20.894,sent,1000,
2608,152938920167575,152938920169849,1790296040614274369,152938920186050,152938920287031,100.981,18.475,sent,1000,
2609,152938925167575,152938925170237,1790296040619274726,152938925187269,152938925289152,101.883,19.694,sent,1000,
2610,152938930167575,152938930169932,1790296040624274451,152938930188207,152938930297213,109.006,20.632,sent,1000,
2611,152938935167575,152938935169957,1790296040629274136,152938935187170,152938935295425,108.255,19.595,sent,1000,
2612,152938940167575,152938940169612,1790296040634273931,152938940186805,152938940293467,106.662,19.23,sent,1000,
2613,152938945167575,152938945170098,1790296040639274297,152938945186960,152938945289555,102.595,19.385,sent,1000,
2614,152938950167575,152938950169543,1790296040644273811,152938950179692,152938950241188,61.496,12.117,sent,1000,
2615,152938955167575,152938955189456,1790296040649293815,152938955206939,152938955314974,108.035,39.364,sent,1000,
2616,152938960167575,152938960170936,1790296040654275135,152938960187307,152938960295612,108.305,19.732,sent,1000,
2617,152938965167575,152938965170010,1790296040659274549,152938965187233,152938965283034,95.801,19.658,sent,1000,
2618,152938970167575,152938970170017,1790296040664273594,152938970179705,152938970240530,60.825,12.13,sent,1000,
2619,152938975167575,152938975170052,1790296040669274181,152938975186313,152938975273248,86.935,18.738,sent,1000,
2620,152938980167575,152938980169336,1790296040674274687,152938980187631,152938980294563,106.932,20.056,sent,1000,
2621,152938985167575,152938985170844,1790296040679275364,152938985190361,152938985294599,104.238,22.786,sent,1000,
2622,152938990167575,152938990169878,1790296040684273405,152938990179907,152938990267984,88.077,12.332,sent,1000,
2623,152938995167575,152938995170214,1790296040689274382,152938995186665,152938995293498,106.833,19.09,sent,1000,
2624,152939000167575,152939000169839,1790296040694274718,152939000187732,152939000293884,106.152,20.157,sent,1000,
2625,152939005167575,152939005170024,1790296040699274263,152939005186906,152939005290382,103.476,19.331,sent,1000,
2626,152939010167575,152939010169930,1790296040704273448,152939010179358,152939010240063,60.705,11.783,sent,1000,
2627,152939015167575,152939015169275,1790296040709273845,152939015200244,152939015258484,58.24,32.669,sent,1000,
2628,152939020167575,152939020170253,1790296040714274601,152939020187425,152939020290190,102.765,19.85,sent,1000,
2629,152939025167575,152939025168565,1790296040719272062,152939025177361,152939025237425,60.064,9.786,sent,1000,
2630,152939030167575,152939030168560,1790296040724272067,152939030177006,152939030229696,52.69,9.431,sent,1000,
2631,152939035167575,152939035168205,1790296040729271802,152939035175609,152939035202389,26.78,8.034,sent,1000,
2632,152939040167575,152939040168521,1790296040734271988,152939040175584,152939040206763,31.179,8.009,sent,1000,
2633,152939045167575,152939045168787,1790296040739273737,152939045182803,152939045240342,57.539,15.228,sent,1000,
2634,152939050167575,152939050168321,1790296040744271337,152939050172339,152939050195623,23.284,4.764,sent,1000,
2635,152939055167575,152939055168167,1790296040749271184,152939055171374,152939055194367,22.993,3.799,sent,1000,
2636,152939060167575,152939060168263,1790296040754271290,152939060171520,152939060194413,22.893,3.945,sent,1000,
2637,152939065167575,152939065168329,1790296040759271345,152939065171565,152939065194108,22.543,3.99,sent,1000,
2638,152939070167575,152939070168274,1790296040764271281,152939070171951,152939070194514,22.563,4.376,sent,1000,
2639,152939075167575,152939075168300,1790296040769271316,152939075171706,152939075194569,22.863,4.131,sent,1000,
2640,152939080167575,152939080168215,1790296040774271241,152939080171461,152939080193923,22.462,3.886,sent,1000,
2641,152939085167575,152939085168300,1790296040779271317,152939085171596,152939085194580,22.984,4.021,sent,1000,
2642,152939090167575,152939090168576,1790296040784272574,152939090179667,152939090252215,72.548,12.092,sent,1000,
2643,152939095167575,152939095170565,1790296040789274012,152939095182568,152939095261888,79.32,14.993,sent,1000,
2644,152939100167575,152939100169420,1790296040794274170,152939100186653,152939100290490,103.837,19.078,sent,1000,
2645,152939105167575,152939105170568,1790296040799274786,152939105187199,152939105292278,105.079,19.624,sent,1000,
2646,152939110167575,152939110169160,1790296040804273008,152939110178859,152939110237610,58.751,11.284,sent,1000,
2647,152939115167575,152939115169797,1790296040809274276,152939115186749,152939115291788,105.039,19.174,sent,1000,
2648,152939120167575,152939120170664,1790296040814274843,152939120187586,152939120294398,106.812,20.011,sent,1000,
2649,152939125167575,152939125169788,1790296040819274057,152939125186900,152939125290446,103.546,19.325,sent,1000,
2650,152939130167575,152939130170114,1790296040824274393,152939130186054,152939130291343,105.289,18.479,sent,1000,
2651,152939135167575,152939135170109,1790296040829274268,152939135186721,152939135289365,102.644,19.146,sent,1000,
2652,152939140167575,152939140169443,1790296040834274574,152939140186896,152939140293498,106.602,19.321,sent,1000,
2653,152939145167575,152939145169130,1790296040839273268,152939145178868,152939145237870,59.002,11.293,sent,1000,
2654,152939150167575,152939150169115,1790296040844273204,152939150178272,152939150231483,53.211,10.697,sent,1000,
2655,152939155167575,152939155168169,1790296040849271185,152939155171515,152939155194749,23.234,3.94,sent,1000,
2656,152939160167575,152939160168525,1790296040854271531,152939160171961,152939160195265,23.304,4.386,sent,1000,
2657,152939165167575,152939165168290,1790296040859271296,152939165171826,152939165195471,23.645,4.251,sent,1000,
2658,152939170167575,152939170168095,1790296040864271101,152939170171210,152939170195356,24.146,3.635,sent,1000,
2659,152939175167575,152939175168240,1790296040869271247,152939175171807,152939175195712,23.905,4.232,sent,1000,
2660,152939180167575,152939180170650,1790296040874274849,152939180187312,152939180292321,105.009,19.737,sent,1000,
2661,152939185167575,152939185170035,1790296040879274464,152939185186035,152939185285423,99.388,18.46,sent,1000,
2662,152939190167575,152939190169120,1790296040884273479,152939190179549,152939190237850,58.301,11.974,sent,1000,
2663,152939195167575,152939195168424,1790296040889271941,152939195177030,152939195230652,53.622,9.455,sent,1000,
2664,152939200167575,152939200168509,1790296040894272067,152939200177747,152939200235206,57.459,10.172,sent,1000,
2665,152939205167575,152939205169056,1790296040899272944,152939205176920,152939205228007,51.087,9.345,sent,1000,
2666,152939210167575,152939210169191,1790296040904273039,152939210178479,152939210237911,59.432,10.904,sent,1000,
2667,152939215167575,152939215170669,1790296040909274858,152939215187401,152939215293723,106.322,19.826,sent,1000,
2668,152939220167575,152939220170484,1790296040914274693,152939220187186,152939220291484,104.298,19.611,sent,1000,
2669,152939225167575,152939225170480,1790296040919274708,152939225209343,152939225311597,102.254,41.768,sent,1000,
2670,152939230167575,152939230170165,1790296040924274324,152939230187148,152939230290734,103.586,19.573,sent,1000,
2671,152939235167575,152939235170973,1790296040929275162,152939235187845,152939235293786,105.941,20.27,sent,1000,
2672,152939240167575,152939240169676,1790296040934274406,152939240186838,152939240287890,101.052,19.263,sent,1000,
2673,152939245167575,152939245170032,1790296040939274842,152939245187796,152939245292043,104.247,20.221,sent,1000,
2674,152939250167575,152939250170258,1790296040944274857,152939250187360,152939250291888,104.528,19.785,sent,1000,
2675,152939255167575,152939255168590,1790296040949272107,152939255177948,152939255232170,54.222,10.373,sent,1000,
2676,152939260167575,152939260169978,1790296040954274147,152939260186630,152939260290747,104.117,19.055,sent,1000,
2677,152939265167575,152939265170334,1790296040959274563,152939265184882,152939265282066,97.184,17.307,sent,1000,
2678,152939270167575,152939270169077,1790296040964273606,152939270179016,152939270238368,59.352,11.441,sent,1000,
2679,152939275167575,152939275170757,1790296040969274986,152939275188440,152939275294471,106.031,20.865,sent,1000,
2680,152939280167575,152939280170632,1790296040974274831,152939280187955,152939280292964,105.009,20.38,sent,1000,
2681,152939285167575,152939285170508,1790296040979274776,152939285187680,152939285293441,105.761,20.105,sent,1000,
2682,152939290167575,152939290170222,1790296040984274411,152939290186503,152939290291522,105.019,18.928,sent,1000,
2683,152939295167575,152939295170719,1790296040989274947,152939295187571,152939295291658,104.087,19.996,sent,1000,
2684,152939300167575,152939300170474,1790296040994274712,152939300187446,152939300294408,106.962,19.871,sent,1000,
2685,152939305167575,152939305170128,1790296040999274257,152939305185888,152939305286338,100.45,18.313,sent,1000,
2686,152939310167575,152939310170745,1790296041004274923,152939310188228,152939310291714,103.486,20.653,sent,1000,
2687,152939315167575,152939315170931,1790296041009275179,152939315187793,152939315291429,103.636,20.218,sent,1000,
2688,152939320167575,152939320170097,1790296041014274596,152939320186658,152939320288531,101.873,19.083,sent,1000,
2689,152939325167575,152939325170573,1790296041019274802,152939325187625,152939325293175,105.55,20.05,sent,1000,
2690,152939330167575,152939330169827,1790296041024274396,152939330186478,152939330291587,105.109,18.903,sent,1000,
2691,152939335167575,152939335169091,1790296041029273259,152939335178869,152939335237741,58.872,11.294,sent,1000,
2692,152939340167575,152939340169116,1790296041034272994,152939340177813,152939340231635,53.822,10.238,sent,1000,
2693,152939345167575,152939345168310,1790296041039271316,152939345172077,152939345196804,24.727,4.502,sent,1000,
2694,152939350167575,152939350169397,1790296041044273255,152939350179897,152939350237446,57.549,12.322,sent,1000,
2695,152939355167575,152939355170635,1790296041049274774,152939355187196,152939355291524,104.328,19.621,sent,1000,
2696,152939360167575,152939360170470,1790296041054274949,152939360187543,152939360290708,103.165,19.968,sent,1000,
2697,152939365167575,152939365170618,1790296041059274837,152939365188181,152939365293100,104.919,20.606,sent,1000,
2698,152939370167575,152939370170784,1790296041064274972,152939370187856,152939370291583,103.727,20.281,sent,1000,
2699,152939375167575,152939375170749,1790296041069274938,152939375187681,152939375293762,106.081,20.106,sent,1000,
2700,152939380167575,152939380170103,1790296041074274232,152939380187125,152939380293377,106.252,19.55,sent,1000,
2701,152939385167575,152939385169748,1790296041079274317,152939385186880,152939385279626,92.746,19.305,sent,1000,
2702,152939390167575,152939390169953,1790296041084274122,152939390187617,152939390278910,91.293,20.042,sent,1000,
2703,152939395167575,152939395170600,1790296041089274809,152939395187993,152939395294355,106.362,20.418,sent,1000,
2704,152939400167575,152939400170084,1790296041094274644,152939400187528,152939400288910,101.382,19.953,sent,1000,
2705,152939405167575,152939405170603,1790296041099274792,152939405187896,152939405291793,103.897,20.321,sent,1000,
2706,152939410167575,152939410170268,1790296041104274767,152939410187260,152939410292119,104.859,19.685,sent,1000,
2707,152939415167575,152939415169882,1790296041109274331,152939415187245,152939415293487,106.242,19.67,sent,1000,
2708,152939420167575,152939420169246,1790296041114273094,152939420178905,152939420239069,60.164,11.33,sent,1000,
2709,152939425167575,152939425170394,1790296041119274623,152939425187456,152939425296503,109.047,19.881,sent,1000,
2710,152939430167575,152939430169648,1790296041124273165,152939430179056,152939430239380,60.324,11.481,sent,1000,
2711,152939435167575,152939435170765,1790296041129274964,152939435187697,152939435294159,106.462,20.122,sent,1000,
2712,152939440167575,152939440169779,1790296041134273937,152939440185178,152939440285228,100.05,17.603,sent,1000,
2713,152939445167575,152939445170395,1790296041139274704,152939445187478,152939445297156,109.678,19.903,sent,1000,
2714,152939450167575,152939450169270,1790296041144272787,152939450178518,152939450240535,62.017,10.943,sent,1000,
2715,152939455167575,152939455169867,1790296041149274306,152939455187580,152939455274024,86.444,20.005,sent,1000,
2716,152939460167575,152939460170683,1790296041154274892,152939460186944,152939460291783,104.839,19.369,sent,1000,
2717,152939465167575,152939465170368,1790296041159274527,152939465187891,152939465294594,106.703,20.316,sent,1000,
2718,152939470167575,152939470171075,1790296041164275504,152939470188257,152939470295541,107.284,20.682,sent,1000,
2719,152939475167575,152939475170860,1790296041169275079,152939475188313,152939475294464,106.151,20.738,sent,1000,
2720,152939480167575,152939480195893,1790296041174300101,152939480214027,152939480269983,55.956,46.452,sent,1000,
2721,152939485167575,152939485169388,1790296041179274839,152939485187863,152939485291229,103.366,20.288,sent,1000,
2722,152939490167575,152939490222033,1790296041184326352,152939490239115,152939490348032,108.917,71.54,sent,1000,
2723,152939495167575,152939495171094,1790296041189275323,152939495188417,152939495295460,107.043,20.842,sent,1000,
2724,152939500167575,152939500170889,1790296041194275067,152939500187430,152939500290706,103.276,19.855,sent,1000,
2725,152939505167575,152939505170183,1790296041199274392,152939505187586,152939505293987,106.401,20.011,sent,1000,
2726,152939510167575,152939510170659,1790296041204274818,152939510187541,152939510293302,105.761,19.966,sent,1000,
2727,152939515167575,152939515170444,1790296041209274663,152939515187166,152939515293267,106.101,19.591,sent,1000,
2728,152939520167575,152939520169397,1790296041214273255,152939520179126,152939520240612,61.486,11.551,sent,1000,
2729,152939525167575,152939525169393,1790296041219273421,152939525178290,152939525230759,52.469,10.715,sent,1000,
2730,152939530167575,152939530169589,1790296041224273116,152939530179207,152939530241034,61.827,11.632,sent,1000,
2731,152939535167575,152939535169985,1790296041229273512,152939535179372,152939535238745,59.373,11.797,sent,1000,
2732,152939540167575,152939540170200,1790296041234274359,152939540187102,152939540298273,111.171,19.527,sent,1000,
2733,152939545167575,152939545170176,1790296041239274715,152939545187248,152939545246360,59.112,19.673,sent,1000,
2734,152939550167575,152939550169169,1790296041244273218,152939550179068,152939550238430,59.362,11.493,sent,1000,
2735,152939555167575,152939555170707,1790296041249274926,152939555187650,152939555292919,105.269,20.075,sent,1000,
2736,152939560167575,152939560169981,1790296041254274731,152939560187274,152939560290921,103.647,19.699,sent,1000,
2737,152939565167575,152939565169877,1790296041259274316,152939565187219,152939565290876,103.657,19.644,sent,1000,
2738,152939570167575,152939570169381,1790296041264273269,152939570179580,152939570238051,58.471,12.005,sent,1000,
2739,152939575167575,152939575169256,1790296041269273174,152939575178874,152939575238567,59.693,11.299,sent,1000,
2740,152939580167575,152939580169464,1790296041274272971,152939580178881,152939580237252,58.371,11.306,sent,1000,
2741,152939585167575,152939585169689,1790296041279273878,152939585186842,152939585290809,103.967,19.267,sent,1000,
2742,152939590167575,152939590169094,1790296041284272962,152939590178802,152939590237954,59.152,11.227,sent,1000,
2743,152939595167575,152939595169570,1790296041289273538,152939595179298,152939595238260,58.962,11.723,sent,1000,
2744,152939600167575,152939600170587,1790296041294274776,152939600187559,152939600293089,105.53,19.984,sent,1000,
2745,152939605167575,152939605170663,1790296041299274821,152939605187374,152939605293546,106.172,19.799,sent,1000,
2746,152939610167575,152939610169215,1790296041304273735,152939610179745,152939610238116,58.371,12.17,sent,1000,
2747,152939615167575,152939615170824,1790296041309274982,152939615188076,152939615295750,107.674,20.501,sent,1000,
2748,152939620167575,152939620169988,1790296041314274467,152939620187080,152939620294333,107.253,19.505,sent,1000,
2749,152939625167575,152939625170035,1790296041319274193,152939625186195,152939625290974,104.779,18.62,sent,1000,
2750,152939630167575,152939630169239,1790296041324272976,152939630178847,152939630237849,59.002,11.272,sent,1000,
2751,152939635167575,152939635170146,1790296041329274675,152939635187018,152939635291305,104.287,19.443,sent,1000,
2752,152939640167575,152939640168959,1790296041334273418,152939640184699,152939640288275,103.576,17.124,sent,1000,
2753,152939645167575,152939645169856,1790296041339274345,152939645186517,152939645289462,102.945,18.942,sent,1000,
2754,152939650167575,152939650169470,1790296041344273278,152939650190661,152939650242930,52.269,23.086,sent,1000,
2755,152939655167575,152939655168294,1790296041349271300,152939655172211,152939655196687,24.476,4.636,sent,1000,
2756,152939660167575,152939660168259,1790296041354271275,152939660171745,152939660194879,23.134,4.17,sent,1000,
2757,152939665167575,152939665168225,1790296041359271241,152939665171561,152939665195907,24.346,3.986,sent,1000,
2758,152939670167575,152939670169283,1790296041364273261,152939670179162,152939670238765,59.603,11.587,sent,1000,
2759,152939675167575,152939675170030,1790296041369274319,152939675187673,152939675292903,105.23,20.098,sent,1000,
2760,152939680167575,152939680169885,1790296041374274094,152939680186847,152939680291646,104.799,19.272,sent,1000,
2761,152939685167575,152939685169309,1790296041379273478,152939685186442,152939685285159,98.717,18.867,sent,1000,
2762,152939690167575,152939690169645,1790296041384273523,152939690179634,152939690238897,59.263,12.059,sent,1000,
2763,152939695167575,152939695169681,1790296041389274220,152939695187084,152939695291872,104.788,19.509,sent,1000,
2764,152939700167575,152939700170067,1790296041394274646,152939700186779,152939700290375,103.596,19.204,sent,1000,
2765,152939705167575,152939705170453,1790296041399274592,152939705186463,152939705283878,97.415,18.888,sent,1000,
2766,152939710167575,152939710170269,1790296041404274568,152939710186289,152939710292521,106.232,18.714,sent,1000,
2767,152939715167575,152939715170415,1790296041409274574,152939715188099,152939715292978,104.879,20.524,sent,1000,
2768,152939720167575,152939720171082,1790296041414275261,152939720187353,152939720290649,103.296,19.778,sent,1000,
2769,152939725167575,152939725168563,1790296041419272110,152939725179213,152939725240880,61.667,11.638,sent,1000,
2770,152939730167575,152939730170111,1790296041424274350,152939730186332,152939730286802,100.47,18.757,sent,1000,
2771,152939735167575,152939735168122,1790296041429271139,152939735171719,152939735194903,23.184,4.144,sent,1000,
2772,152939740167575,152939740170252,1790296041434274410,152939740186262,152939740290139,103.877,18.687,sent,1000,
2773,152939745167575,152939745168163,1790296041439271170,152939745172772,152939745198521,25.749,5.197,sent,1000,
2774,152939750167575,152939750169641,1790296041444273179,152939750178518,152939750235797,57.279,10.943,sent,1000,
2775,152939755167575,152939755169388,1790296041449274017,152939755186861,152939755288864,102.003,19.286,sent,1000,
2776,152939760167575,152939760169784,1790296041454274544,152939760186676,152939760290844,104.168,19.101,sent,1000,
2777,152939765167575,152939765169960,1790296041459274178,152939765186942,152939765292943,106.001,19.367,sent,1000,
2778,152939770167575,152939770169614,1790296041464274725,152939770186907,152939770291045,104.138,19.332,sent,1000,
2779,152939775167575,152939775171203,1790296041469275402,152939775187724,152939775291100,103.376,20.149,sent,1000,
2780,152939780167575,152939780169465,1790296041474273002,152939780178753,152939780237233,58.48,11.178,sent,1000,
2781,152939785167575,152939785170733,1790296041479274951,152939785187054,152939785296752,109.698,19.479,sent,1000,
2782,152939790167575,152939790169937,1790296041484274706,152939790186809,152939790291777,104.968,19.234,sent,1000,
2783,152939795167575,152939795169391,1790296041489273239,152939795179209,152939795238121,58.912,11.634,sent,1000,
2784,152939800167575,152939800169428,1790296041494274178,152939800185999,152939800290638,104.639,18.424,sent,1000,
2785,152939805167575,152939805169934,1790296041499274113,152939805185965,152939805285674,99.709,18.39,sent,1000,
2786,152939810167575,152939810169559,1790296041504274319,152939810186641,152939810290608,103.967,19.066,sent,1000,
2787,152939815167575,152939815169705,1790296041509273963,152939815185805,152939815290594,104.789,18.23,sent,1000,
2788,152939820167575,152939820170191,1790296041514274830,152939820187584,152939820292032,104.448,20.009,sent,1000,
2789,152939825167575,152939825169846,1790296041519274836,152939825187299,152939825286567,99.268,19.724,sent,1000,
2790,152939830167575,152939830169270,1790296041524272797,152939830178978,152939830237068,58.09,11.403,sent,1000,
2791,152939835167575,152939835167903,1790296041529270849,152939835170728,152939835188902,18.174,3.153,sent,1000,
2792,152939840167575,152939840168962,1790296041534273100,152939840186315,152939840289600,103.285,18.74,sent,1000,
2793,152939845167575,152939845170210,1790296041539274669,152939845186841,152939845291810,104.969,19.266,sent,1000,
2794,152939850167575,152939850169674,1790296041544274424,152939850187157,152939850291214,104.057,19.582,sent,1000,
2795,152939855167575,152939855169128,1790296041549273587,152939855186511,152939855291861,105.35,18.936,sent,1000,
2796,152939860167575,152939860169975,1790296041554274514,152939860186527,152939860292157,105.63,18.952,sent,1000,
2797,152939865167575,152939865170041,1790296041559274189,152939865209395,152939865314895,105.5,41.82,sent,1000,
2798,152939870167575,152939870170116,1790296041564274255,152939870186698,152939870287629,100.931,19.123,sent,1000,
2799,152939875167575,152939875169450,1790296041569274240,152939875186753,152939875290560,103.807,19.178,sent,1000,
2800,152939880167575,152939880169315,1790296041574272833,152939880178353,152939880239098,60.745,10.778,sent,1000,
2801,152939885167575,152939885170325,1790296041579274584,152939885187307,152939885296684,109.377,19.732,sent,1000,
2802,152939890167575,152939890170370,1790296041584274589,152939890186801,152939890295067,108.266,19.226,sent,1000,
2803,152939895167575,152939895170155,1790296041589274735,152939895187228,152939895291054,103.826,19.653,sent,1000,
2804,152939900167575,152939900170020,1790296041594274219,152939900186562,152939900288184,101.622,18.987,sent,1000,
2805,152939905167575,152939905170096,1790296041599274254,152939905187338,152939905290524,103.186,19.763,sent,1000,
2806,152939910167575,152939910170422,1790296041604274641,152939910187103,152939910291571,104.468,19.528,sent,1000,
2807,152939915167575,152939915170177,1790296041609274405,152939915187760,152939915291897,104.137,20.185,sent,1000,
2808,152939920167575,152939920169811,1790296041614274621,152939920187385,152939920288827,101.442,19.81,sent,1000,
2809,152939925167575,152939925169977,1790296041619274236,152939925187070,152939925296147,109.077,19.495,sent,1000,
2810,152939930167575,152939930169163,1790296041624272690,152939930178560,152939930237352,58.792,10.985,sent,1000,
2811,152939935167575,152939935170420,1790296041629274759,152939935187563,152939935296078,108.515,19.988,sent,1000,
2812,152939940167575,152939940169855,1790296041634274344,152939940186546,152939940291375,104.829,18.971,sent,1000,
2813,152939945167575,152939945170782,1790296041639275101,152939945187473,152939945295709,108.236,19.898,sent,1000,
2814,152939950167575,152939950169104,1790296041644273012,152939950178562,152939950237433,58.871,10.987,sent,1000,
2815,152939955167575,152939955169500,1790296041649273849,152939955187023,152939955273096,86.073,19.448,sent,1000,
2816,152939960167575,152939960169535,1790296041654274345,152939960187379,152939960296576,109.197,19.804,sent,1000,
2817,152939965167575,152939965169992,1790296041659274250,152939965186032,152939965290741,104.709,18.457,sent,1000,
2818,152939970167575,152939970168695,1790296041664272223,152939970177693,152939970239049,61.356,10.118,sent,1000,
2819,152939975167575,152939975201564,1790296041669305803,152939975218626,152939975327443,108.817,51.051,sent,1000,
2820,152939980167575,152939980180489,1790296041674284227,152939980190078,152939980250823,60.745,22.503,sent,1000,
2821,152939985167575,152939985169384,1790296041679274334,152939985186636,152939985295322,108.686,19.061,sent,1000,
2822,152939990167575,152939990170080,1790296041684274369,152939990187263,152939990295558,108.295,19.688,sent,1000,
2823,152939995167575,152939995230420,1790296041689334759,152939995247613,152939995355267,107.654,80.038,sent,1000,
2824,152940000167575,152940000169520,1790296041694273789,152940000186162,152940000275351,89.189,18.587,sent,1000,
2825,152940005167575,152940005169566,1790296041699273083,152940005178783,152940005239969,61.186,11.208,sent,1000,
2826,152940010167575,152940010168459,1790296041704271475,152940010172086,152940010195360,23.274,4.511,sent,1000,
2827,152940015167575,152940015169508,1790296041709273035,152940015179006,152940015241003,61.997,11.431,sent,1000,
2828,152940020167575,152940020170355,1790296041714274554,152940020186766,152940020292386,105.62,19.191,sent,1000,
2829,152940025167575,152940025169118,1790296041719272996,152940025178917,152940025237427,58.51,11.342,sent,1000,
2830,152940030167575,152940030169624,1790296041724273773,152940030185535,152940030296475,110.94,17.96,sent,1000,
2831,152940035167575,152940035169189,1790296041729273117,152940035178957,152940035239131,60.174,11.382,sent,1000,
2832,152940040167575,152940040170497,1790296041734274665,152940040186938,152940040295343,108.405,19.363,sent,1000,
2833,152940045167575,152940045169881,1790296041739273428,152940045178698,152940045234313,55.615,11.123,sent,1000,
2834,152940050167575,152940050168133,1790296041744271149,152940050171409,152940050194994,23.585,3.834,sent,1000,
2835,152940055167575,152940055169411,1790296041749273259,152940055179199,152940055239634,60.435,11.624,sent,1000,
2836,152940060167575,152940060169388,1790296041754274158,152940060186380,152940060292651,106.271,18.805,sent,1000,
2837,152940065167575,152940065170074,1790296041759274213,152940065185904,152940065269363,83.459,18.329,sent,1000,
2838,152940070167575,152940070169178,1790296041764273738,152940070179067,152940070238409,59.342,11.492,sent,1000,
2839,152940075167575,152940075169123,1790296041769272991,152940075191466,152940075248544,57.078,23.891,sent,1000,
2840,152940080167575,152940080169429,1790296041774273648,152940080185951,152940080290028,104.077,18.376,sent,1000,
2841,152940085167575,152940085169665,1790296041779274154,152940085186768,152940085293810,107.042,19.193,sent,1000,
2842,152940090167575,152940090168588,1790296041784272567,152940090182705,152940090251285,68.58,15.13,sent,1000,
2843,152940095167575,152940095169155,1790296041789273594,152940095180526,152940095237444,56.918,12.951,sent,1000,
2844,152940100167575,152940100168269,1790296041794271295,152940100172567,152940100205880,33.313,4.992,sent,1000,
2845,152940105167575,152940105168326,1790296041799271342,152940105171722,152940105197341,25.619,4.147,sent,1000,
2846,152940110167575,152940110168291,1790296041804271308,152940110171808,152940110195553,23.745,4.233,sent,1000,
2847,152940115167575,152940115168307,1790296041809271333,152940115171984,152940115195669,23.685,4.409,sent,1000,
2848,152940120167575,152940120168202,1790296041814271218,152940120171478,152940120194692,23.214,3.903,sent,1000,
2849,152940125167575,152940125168137,1790296041819271153,152940125171353,152940125194297,22.944,3.778,sent,1000,
2850,152940130167575,152940130167912,1790296041824270858,152940130170126,152940130187539,17.413,2.551,sent,1000,
2851,152940135167575,152940135169931,1790296041829274440,152940135186783,152940135294527,107.744,19.208,sent,1000,
2852,152940140167575,152940140169686,1790296041834274426,152940140186819,152940140291818,104.999,19.244,sent,1000,
2853,152940145167575,152940145170754,1790296041839274943,152940145187756,152940145294258,106.502,20.181,sent,1000,
2854,152940150167575,152940150169017,1790296041844272825,152940150177824,152940150230273,52.449,10.249,sent,1000,
2855,152940155167575,152940155168211,1790296041849271228,152940155172459,152940155196034,23.575,4.884,sent,1000,
2856,152940160167575,152940160169519,1790296041854273688,152940160179688,152940160238029,58.341,12.113,sent,1000,
2857,152940165167575,152940165169655,1790296041859274024,152940165186206,152940165289632,103.426,18.631,sent,1000,
2858,152940170167575,152940170169179,1790296041864273628,152940170179949,152940170238971,59.022,12.374,sent,1000,
2859,152940175167575,152940175169856,1790296041869274335,152940175187008,152940175290334,103.326,19.433,sent,1000,
2860,152940180167575,152940180169941,1790296041874274150,152940180186803,152940180292493,105.69,19.228,sent,1000,
2861,152940185167575,152940185169957,1790296041879274316,152940185186638,152940185292469,105.831,19.063,sent,1000,
2862,152940190167575,152940190169602,1790296041884273130,152940190178689,152940190237731,59.042,11.114,sent,1000,
2863,152940195167575,152940195169478,1790296041889273657,152940195179176,152940195238840,59.664,11.601,sent,1000,
2864,152940200167575,152940200169393,1790296041894273883,152940200186826,152940200291234,104.408,19.251,sent,1000,
2865,152940205167575,152940205170401,1790296041899274549,152940205186752,152940205291290,104.538,19.177,sent,1000,
2866,152940210167575,152940210169244,1790296041904273523,152940210179042,152940210237503,58.461,11.467,sent,1000,
2867,152940215167575,152940215169940,1790296041909274149,152940215187163,152940215292172,105.009,19.588,sent,1000,
2868,152940220167575,152940220170226,1790296041914274726,152940220186858,152940220291276,104.418,19.283,sent,1000,
2869,152940225167575,152940225170262,1790296041919274731,152940225187013,152940225291151,104.138,19.438,sent,1000,
2870,152940230167575,152940230170077,1790296041924274326,152940230187911,152940230291467,103.556,20.336,sent,1000,
2871,152940235167575,152940235170094,1790296041929274473,152940235187426,152940235294089,106.663,19.851,sent,1000,
2872,152940240167575,152940240169869,1790296041934274108,152940240186611,152940240293844,107.233,19.036,sent,1000,
2873,152940245167575,152940245170425,1790296041939274614,152940245187197,152940245290082,102.885,19.622,sent,1000,
2874,152940250167575,152940250169469,1790296041944273537,152940250185519,152940250288995,103.476,17.944,sent,1000,
2875,152940255167575,152940255169584,1790296041949273783,152940255185745,152940255289622,103.877,18.17,sent,1000,
2876,152940260167575,152940260169890,1790296041954273748,152940260179258,152940260239011,59.753,11.683,sent,1000,
2877,152940265167575,152940265169625,1790296041959273844,152940265185125,152940265283030,97.905,17.55,sent,1000,
2878,152940270167575,152940270169610,1790296041964273509,152940270179299,152940270238621,59.322,11.724,sent,1000,
2879,152940275167575,152940275170379,1790296041969274557,152940275188233,152940275292570,104.337,20.658,sent,1000,
2880,152940280167575,152940280169543,1790296041974273711,152940280186415,152940280245066,58.651,18.84,sent,1000,
2881,152940285167575,152940285170690,1790296041979274969,152940285187813,152940285291760,103.947,20.238,sent,1000,
2882,152940290167575,152940290169964,1790296041984274123,152940290186686,152940290292206,105.52,19.111,sent,1000,
2883,152940295167575,152940295169429,1790296041989273347,152940295179337,152940295239311,59.974,11.762,sent,1000,
2884,152940300167575,152940300169314,1790296041994273853,152940300187118,152940300290954,103.836,19.543,sent,1000,
2885,152940305167575,152940305169790,1790296041999273989,152940305186512,152940305286742,100.23,18.937,sent,1000,
2886,152940310167575,152940310171158,1790296042004275427,152940310188240,152940310291977,103.737,20.665,sent,1000,
2887,152940315167575,152940315169250,1790296042009272777,152940315178608,152940315237780,59.172,11.033,sent,1000,
2888,152940320167575,152940320169578,1790296042014273365,152940320179396,152940320238699,59.303,11.821,sent,1000,
2889,152940325167575,152940325169172,1790296042019273050,152940325179051,152940325239946,60.895,11.476,sent,1000,
2890,152940330167575,152940330169658,1790296042024273837,152940330186761,152940330290738,103.977,19.186,sent,1000,
2891,152940335167575,152940335170205,1790296042029274554,152940335187898,152940335293819,105.921,20.323,sent,1000,
2892,152940340167575,152940340169799,1790296042034274028,152940340184638,152940340278586,93.948,17.063,sent,1000,
2893,152940345167575,152940345168041,1790296042039270998,152940345170807,152940345189723,18.916,3.232,sent,1000,
2894,152940350167575,152940350169530,1790296042044273047,152940350178907,152940350239021,60.114,11.332,sent,1000,
2895,152940355167575,152940355170497,1790296042049274716,152940355188240,152940355292047,103.807,20.665,sent,1000,
2896,152940360167575,152940360170412,1790296042054274641,152940360187084,152940360293776,106.692,19.509,sent,1000,
2897,152940365167575,152940365169838,1790296042059274147,152940365186710,152940365291158,104.448,19.135,sent,1000,
2898,152940370167575,152940370170866,1790296042064274984,152940370187267,152940370291484,104.217,19.692,sent,1000,
2899,152940375167575,152940375169458,1790296042069274248,152940375186751,152940375293804,107.053,19.176,sent,1000,
2900,152940380167575,152940380169774,1790296042074273993,152940380187348,152940380291806,104.458,19.773,sent,1000,
2901,152940385167575,152940385169810,1790296042079274329,152940385187413,152940385292082,104.669,19.838,sent,1000,
2902,152940390167575,152940390169404,1790296042084274234,152940390186968,152940390291686,104.718,19.393,sent,1000,
2903,152940395167575,152940395170402,1790296042089274650,152940395187594,152940395293505,105.911,20.019,sent,1000,
2904,152940400167575,152940400169596,1790296042094273995,152940400186728,152940400293631,106.903,19.153,sent,1000,
2905,152940405167575,152940405170152,1790296042099274341,152940405187946,152940405293967,106.021,20.371,sent,1000,
2906,152940410167575,152940410170860,1790296042104275289,152940410187642,152940410292821,105.179,20.067,sent,1000,
2907,152940415167575,152940415169663,1790296042109273842,152940415187216,152940415289390,102.174,19.641,sent,1000,
2908,152940420167575,152940420339370,1790296042114443819,152940420356202,152940420458165,101.963,188.627,sent,1000,
2909,152940425167575,152940425169443,1790296042119274494,152940425187107,152940425290603,103.496,19.532,sent,1000,
2910,152940430167575,152940430169659,1790296042124273868,152940430185740,152940430296089,110.349,18.165,sent,1000,
2911,152940435167575,152940435168132,1790296042129271158,152940435171939,152940435195303,23.364,4.364,sent,1000,
2912,152940440167575,152940440170331,1790296042134274500,152940440186452,152940440288816,102.364,18.877,sent,1000,
2913,152940445167575,152940445170297,1790296042139274796,152940445187219,152940445290364,103.145,19.644,sent,1000,
2914,152940450167575,152940450169731,1790296042144273849,152940450186633,152940450291181,104.548,19.058,sent,1000,
2915,152940455167575,152940455169758,1790296042149274188,152940455186781,152940455296819,110.038,19.206,sent,1000,
2916,152940460167575,152940460169764,1790296042154273652,152940460179853,152940460238905,59.052,12.278,sent,1000,
2917,152940465167575,152940465169809,1790296042159273958,152940465187112,152940465298874,111.762,19.537,sent,1000,
2918,152940470167575,152940470169815,1790296042164274634,152940470187298,152940470294731,107.433,19.723,sent,1000,
2919,152940475167575,152940475170531,1790296042169274770,152940475187073,152940475296280,109.207,19.498,sent,1000,
2920,152940480167575,152940480168743,1790296042174272291,152940480178311,152940480234558,56.247,10.736,sent,1000,
2921,152940485167575,152940485169951,1790296042179274110,152940485186733,152940485299376,112.643,19.158,sent,1000,
2922,152940490167575,152940490169586,1790296042184273183,152940490179204,152940490238917,59.713,11.629,sent,1000,
2923,152940495167575,152940495169821,1790296042189274120,152940495187285,152940495295159,107.874,19.71,sent,1000,
2924,152940500167575,152940500170238,1790296042194274476,152940500209542,152940500314922,105.38,41.967,sent,1000,
2925,152940505167575,152940505170323,1790296042199274832,152940505189099,152940505242310,53.211,21.524,sent,1000,
2926,152940510167575,152940510208060,1790296042204311838,152940510218049,152940510279836,61.787,50.474,sent,1000,
2927,152940515167575,152940515169522,1790296042209273751,152940515187226,152940515293678,106.452,19.651,sent,1000,
2928,152940520167575,152940520169347,1790296042214274408,152940520187592,152940520293923,106.331,20.017,sent,1000,
2929,152940525167575,152940525169623,1790296042219273551,152940525179692,152940525277748,98.056,12.117,sent,1000,
2930,152940530167575,152940530169218,1790296042224272815,152940530180349,152940530242346,61.997,12.774,sent,1000,
2931,152940535167575,152940535168303,1790296042229271319,152940535172180,152940535196356,24.176,4.605,sent,1000,
2932,152940540167575,152940540169671,1790296042234274080,152940540187084,152940540289027,101.943,19.509,sent,1000,
2933,152940545167575,152940545170007,1790296042239274777,152940545190185,152940545298060,107.875,22.61,sent,1000,
2934,152940550167575,152940550169812,1790296042244274191,152940550186404,152940550290391,103.987,18.829,sent,1000,
2935,152940555167575,152940555169667,1790296042249273866,152940555187401,152940555294103,106.702,19.826,sent,1000,
2936,152940560167575,152940560169412,1790296042254274763,152940560187406,152940560291764,104.358,19.831,sent,1000,
2937,152940565167575,152940565169698,1790296042259273847,152940565187321,152940565291829,104.508,19.746,sent,1000,
2938,152940570167575,152940570169012,1790296042264273101,152940570179081,152940570239876,60.795,11.506,sent,1000,
2939,152940575167575,152940575169549,1790296042269274288,152940575186891,152940575297471,110.58,19.316,sent,1000,
2940,152940580167575,152940580169286,1790296042274273484,152940580185977,152940580296396,110.419,18.402,sent,1000,
2941,152940585167575,152940585169321,1790296042279273770,152940585186383,152940585293406,107.023,18.808,sent,1000,
2942,152940590167575,152940590169637,1790296042284273164,152940590178854,152940590238367,59.513,11.279,sent,1000,
2943,152940595167575,152940595169201,1790296042289273480,152940595179691,152940595238483,58.792,12.116,sent,1000,
2944,152940600167575,152940600169878,1790296042294274117,152940600186720,152940600289535,102.815,19.145,sent,1000,
2945,152940605167575,152940605170234,1790296042299274503,152940605186846,152940605288318,101.472,19.271,sent,1000,
2946,152940610167575,152940610169328,1790296042304273607,152940610179397,152940610239902,60.505,11.822,sent,1000,
2947,152940615167575,152940615168852,1790296042309272530,152940615178310,152940615237442,59.132,10.735,sent,1000,
2948,152940620167575,152940620169850,1790296042314274118,152940620186752,152940620295538,108.786,19.177,sent,1000,
2949,152940625167575,152940625169306,1790296042319273494,152940625179124,152940625237806,58.682,11.549,sent,1000,
2950,152940630167575,152940630169001,1790296042324272528,152940630179220,152940630238993,59.773,11.645,sent,1000,
2951,152940635167575,152940635169677,1790296042329273195,152940635178784,152940635237836,59.052,11.209,sent,1000,
2952,152940640167575,152940640170584,1790296042334274783,152940640187967,152940640291543,103.576,20.392,sent,1000,
2953,152940645167575,152940645169337,1790296042339273826,152940645179206,152940645237657,58.451,11.631,sent,1000,
2954,152940650167575,152940650168972,1790296042344272509,152940650178500,152940650238544,60.044,10.925,sent,1000,
2955,152940655167575,152940655169548,1790296042349273056,152940655179537,152940655238048,58.511,11.962,sent,1000,
2956,152940660167575,152940660169554,1790296042354273402,152940660179082,152940660238384,59.302,11.507,sent,1000,
2957,152940665167575,152940665169700,1790296042359273919,152940665186411,152940665288325,101.914,18.836,sent,1000,
2958,152940670167575,152940670169185,1790296042364273043,152940670178834,152940670239168,60.334,11.259,sent,1000,
2959,152940675167575,152940675170143,1790296042369274482,152940675187045,152940675287435,100.39,19.47,sent,1000,
2960,152940680167575,152940680169767,1790296042374273986,152940680186429,152940680290807,104.378,18.854,sent,1000,
2961,152940685167575,152940685170193,1790296042379274392,152940685186514,152940685289880,103.366,18.939,sent,1000,
2962,152940690167575,152940690169708,1790296042384273967,152940690186009,152940690292781,106.772,18.434,sent,1000,
2963,152940695167575,152940695170555,1790296042389274854,152940695188519,152940695290833,102.314,20.944,sent,1000,
2964,152940700167575,152940700169588,1790296042394273797,152940700186490,152940700289065,102.575,18.915,sent,1000,
2965,152940705167575,152940705169063,1790296042399272600,152940705178080,152940705238655,60.575,10.505,sent,1000,
2966,152940710167575,152940710169499,1790296042404274409,152940710187173,152940710293494,106.321,19.598,sent,1000,
2967,152940715167575,152940715169936,1790296042409274175,152940715209661,152940715311795,102.134,42.086,sent,1000,
2968,152940720167575,152940720169461,1790296042414274260,152940720187104,152940720290139,103.035,19.529,sent,1000,
2969,152940725167575,152940725169356,1790296042419274396,152940725188041,152940725291557,103.516,20.466,sent,1000,
2970,152940730167575,152940730168780,1790296042424272317,152940730178318,152940730237891,59.573,10.743,sent,1000,
2971,152940735167575,152940735169407,1790296042429272974,152940735178784,152940735238047,59.263,11.209,sent,1000,
2972,152940740167575,152940740169983,1790296042434274162,152940740186003,152940740291353,105.35,18.428,sent,1000,
2973,152940745167575,152940745170189,1790296042439274397,152940745186099,152940745284926,98.827,18.524,sent,1000,
2974,152940750167575,152940750169834,1790296042444274022,152940750186295,152940750291514,105.219,18.72,sent,1000,
2975,152940755167575,152940755170011,1790296042449274210,152940755186813,152940755292934,106.121,19.238,sent,1000,
2976,152940760167575,152940760169315,1790296042454274746,152940760187630,152940760288892,101.262,20.055,sent,1000,
2977,152940765167575,152940765169842,1790296042459274070,152940765186844,152940765291262,104.418,19.269,sent,1000,
2978,152940770167575,152940770170358,1790296042464274557,152940770187080,152940770292289,105.209,19.505,sent,1000,
2979,152940775167575,152940775170674,1790296042469274813,152940775187426,152940775293958,106.532,19.851,sent,1000,
2980,152940780167575,152940780169988,1790296042474274247,152940780186880,152940780290817,103.937,19.305,sent,1000,
2981,152940785167575,152940785169292,1790296042479272830,152940785178840,152940785239195,60.355,11.265,sent,1000,
2982,152940790167575,152940790169648,1790296042484273897,152940790186480,152940790291088,104.608,18.905,sent,1000,
2983,152940795167575,152940795170275,1790296042489274724,152940795187327,152940795295612,108.285,19.752,sent,1000,
2984,152940800167575,152940800169789,1790296042494273998,152940800186421,152940800288524,102.103,18.846,sent,1000,
2985,152940805167575,152940805169444,1790296042499274043,152940805187378,152940805292547,105.169,19.803,sent,1000,
2986,152940810167575,152940810170411,1790296042504274900,152940810187183,152940810293775,106.592,19.608,sent,1000,
2987,152940815167575,152940815169705,1790296042509273934,152940815187609,152940815293119,105.51,20.034,sent,1000,
2988,152940820167575,152940820169630,1790296042514274140,152940820186753,152940820293004,106.251,19.178,sent,1000,
2989,152940825167575,152940825169235,1790296042519273494,152940825179334,152940825240290,60.956,11.759,sent,1000,
2990,152940830167575,152940830169381,1790296042524273529,152940830186403,152940830292804,106.401,18.828,sent,1000,
2991,152940835167575,152940835168093,1790296042529271110,152940835171750,152940835191297,19.547,4.175,sent,1000,
2992,152940840167575,152940840169643,1790296042534273802,152940840186836,152940840290482,103.646,19.261,sent,1000,
2993,152940845167575,152940845170180,1790296042539274699,152940845187342,152940845290488,103.146,19.767,sent,1000,
2994,152940850167575,152940850169223,1790296042544272751,152940850178381,152940850238485,60.104,10.806,sent,1000,
2995,152940855167575,152940855170150,1790296042549274329,152940855187874,152940855293665,105.791,20.299,sent,1000,
2996,152940860167575,152940860170246,1790296042554273763,152940860179734,152940860238726,58.992,12.159,sent,1000,
2997,152940865167575,152940865169630,1790296042559273759,152940865186803,152940865289958,103.155,19.228,sent,1000,
2998,152940870167575,152940870169305,1790296042564273774,152940870185886,152940870291607,105.721,18.311,sent,1000,
2999,152940875167575,152940875170503,1790296042569274721,152940875188998,152940875294427,105.429,21.423,sent,1000,
3000,152940880167575,152940880169536,1790296042574273825,152940880186338,152940880294393,108.055,18.763,sent,1000,
3001,152940885167575,152940885169744,1790296042579273953,152940885186917,152940885293749,106.832,19.342,sent,1000,
3002,152940890167575,152940890170180,1790296042584274419,152940890186982,152940890294816,107.834,19.407,sent,1000,
3003,152940895167575,152940895170556,1790296042589274885,152940895188270,152940895294511,106.241,20.695,sent,1000,
3004,152940900167575,152940900169179,1790296042594272706,152940900178737,152940900238180,59.443,11.162,sent,1000,
3005,152940905167575,152940905169575,1790296042599273784,152940905186357,152940905291707,105.35,18.782,sent,1000,
3006,152940910167575,152940910170743,1790296042604274931,152940910186743,152940910291532,104.789,19.168,sent,1000,
3007,152940915167575,152940915169726,1790296042609273935,152940915186518,152940915291026,104.508,18.943,sent,1000,
3008,152940920167575,152940920170122,1790296042614274311,152940920186283,152940920293677,107.394,18.708,sent,1000,
3009,152940925167575,152940925170661,1790296042619274849,152940925210997,152940925314624,103.627,43.422,sent,1000,
3010,152940930167575,152940930168622,1790296042624272150,152940930178291,152940930238314,60.023,10.716,sent,1000,
3011,152940935167575,152940935169810,1790296042629273948,152940935186221,152940935295608,109.387,18.646,sent,1000,
3012,152940940167575,152940940169455,1790296042634273663,152940940187178,152940940291316,104.138,19.603,sent,1000,
3013,152940945167575,152940945170362,1790296042639274540,152940945187785,152940945288946,101.161,20.21,sent,1000,
3014,152940950167575,152940950168043,1790296042644270989,152940950170778,152940950197128,26.35,3.203,sent,1000,
3015,152940955167575,152940955170242,1790296042649274561,152940955187896,152940955296532,108.636,20.321,sent,1000,
3016,152940960167575,152940960169717,1790296042654273585,152940960179465,152940960238457,58.992,11.89,sent,1000,
3017,152940965167575,152940965169842,1790296042659274001,152940965186794,152940965292956,106.162,19.219,sent,1000,
3018,152940970167575,152940970170090,1790296042664274379,152940970186842,152940970295628,108.786,19.267,sent,1000,
3019,152940975167575,152940975170356,1790296042669274625,152940975187879,152940975297687,109.808,20.304,sent,1000,
3020,152940980167575,152940980169600,1790296042674273869,152940980186221,152940980291782,105.561,18.646,sent,1000,
3021,152940985167575,152940985169465,1790296042679273644,152940985185075,152940985278291,93.216,17.5,sent,1000,
3022,152940990167575,152940990170092,1790296042684274300,152940990186984,152940990293245,106.261,19.409,sent,1000,
3023,152940995167575,152940995170828,1790296042689275177,152940995187981,152940995296747,108.766,20.406,sent,1000,
3024,152941000167575,152941000170012,1790296042694274491,152941000187305,152941000294408,107.103,19.73,sent,1000,
3025,152941005167575,152941005168525,1790296042699272062,152941005177993,152941005239439,61.446,10.418,sent,1000,
3026,152941010167575,152941010169813,1790296042704274362,152941010186634,152941010294759,108.125,19.059,sent,1000,
3027,152941015167575,152941015169389,1790296042709273648,152941015186682,152941015293344,106.662,19.107,sent,1000,
3028,152941020167575,152941020169184,1790296042714272972,152941020177921,152941020229709,51.788,10.346,sent,1000,
3029,152941025167575,152941025168258,1790296042719271274,152941025171985,152941025195550,23.565,4.41,sent,1000,
3030,152941030167575,152941030168253,1790296042724271270,152941030171570,152941030195094,23.524,3.995,sent,1000,
3031,152941035167575,152941035168279,1790296042729271305,152941035171635,152941035195811,24.176,4.06,sent,1000,
3032,152941040167575,152941040168014,1790296042734271040,152941040171210,152941040194424,23.214,3.635,sent,1000,
3033,152941045167575,152941045168219,1790296042739271236,152941045171556,152941045196533,24.977,3.981,sent,1000,
3034,152941050167575,152941050169527,1790296042744273746,152941050185988,152941050282301,96.313,18.413,sent,1000,
3035,152941055167575,152941055169593,1790296042749273110,152941055178830,152941055267899,89.069,11.255,sent,1000,
3036,152941060167575,152941060169608,1790296042754273817,152941060179928,152941060238368,58.44,12.353,sent,1000,
3037,152941065167575,152941065169363,1790296042759273572,152941065185884,152941065294159,108.275,18.309,sent,1000,
3038,152941070167575,152941070169138,1790296042764272876,152941070179197,152941070241715,62.518,11.622,sent,1000,
3039,152941075167575,152941075169193,1790296042769273482,152941075179523,152941075242662,63.139,11.948,sent,1000,
3040,152941080167575,152941080168888,1790296042774273057,152941080185349,152941080244521,59.172,17.774,sent,1000,
3041,152941085167575,152941085169444,1790296042779273673,152941085187398,152941085294762,107.364,19.823,sent,1000,
3042,152941090167575,152941090169470,1790296042784274680,152941090191832,152941090281662,89.83,24.257,sent,1000,
3043,152941095167575,152941095169966,1790296042789274475,152941095186407,152941095286497,100.09,18.832,sent,1000,
3044,152941100167575,152941100168250,1790296042794271266,152941100171717,152941100196273,24.556,4.142,sent,1000,
3045,152941105167575,152941105168215,1790296042799271232,152941105171542,152941105197140,25.598,3.967,sent,1000,
3046,152941110167575,152941110168251,1790296042804271267,152941110172018,152941110196224,24.206,4.443,sent,1000,
3047,152941115167575,152941115168346,1790296042809271363,152941115171633,152941115195458,23.825,4.058,sent,1000,
3048,152941120167575,152941120168211,1790296042814271228,152941120171327,152941120194331,23.004,3.752,sent,1000,
3049,152941125167575,152941125168307,1790296042819271323,152941125171573,152941125194827,23.254,3.998,sent,1000,
3050,152941130167575,152941130169485,1790296042824273663,152941130185515,152941130289131,103.616,17.94,sent,1000,
3051,152941135167575,152941135169340,1790296042829273148,152941135179098,152941135237829,58.731,11.523,sent,1000,
3052,152941140167575,152941140169136,1790296042834272654,152941140178204,152941140237997,59.793,10.629,sent,1000,
3053,152941145167575,152941145170665,1790296042839274953,152941145187527,152941145291343,103.816,19.952,sent,1000,
3054,152941150167575,152941150168676,1790296042844272133,152941150176822,152941150229291,52.469,9.247,sent,1000,
3055,152941155167575,152941155167890,1790296042849270836,152941155170766,152941155188599,17.833,3.191,sent,1000,
3056,152941160167575,152941160168326,1790296042854271343,152941160172184,152941160195959,23.775,4.609,sent,1000,
3057,152941165167575,152941165168261,1790296042859271288,152941165171608,152941165195794,24.186,4.033,sent,1000,
3058,152941170167575,152941170169589,1790296042864273097,152941170179147,152941170240293,61.146,11.572,sent,1000,
3059,152941175167575,152941175169735,1790296042869274274,152941175186397,152941175288931,102.534,18.822,sent,1000,
3060,152941180167575,152941180169139,1790296042874273308,152941180185791,152941180290770,104.979,18.216,sent,1000,
3061,152941185167575,152941185169537,1790296042879273686,152941185185978,152941185289214,103.236,18.403,sent,1000,
3062,152941190167575,152941190170324,1790296042884274453,152941190186104,152941190290953,104.849,18.529,sent,1000,
3063,152941195167575,152941195169057,1790296042889273065,152941195179316,152941195239020,59.704,11.741,sent,1000,
3064,152941200167575,152941200169373,1790296042894273572,152941200186425,152941200289671,103.246,18.85,sent,1000,
3065,152941205167575,152941205169919,1790296042899274098,152941205186791,152941205294275,107.484,19.216,sent,1000,
3066,152941210167575,152941210170786,1790296042904274905,152941210186797,152941210292898,106.101,19.222,sent,1000,
3067,152941215167575,152941215169109,1790296042909273277,152941215185319,152941215287793,102.474,17.744,sent,1000,
3068,152941220167575,152941220169374,1790296042914273904,152941220186166,152941220290424,104.258,18.591,sent,1000,
3069,152941225167575,152941225168348,1790296042919271895,152941225177295,152941225238311,61.016,9.72,sent,1000,
3070,152941230167575,152941230168515,1790296042924272273,152941230177963,152941230237135,59.172,10.388,sent,1000,
3071,152941235167575,152941235169061,1790296042929273170,152941235185723,152941235283929,98.206,18.148,sent,1000,
3072,152941240167575,152941240169007,1790296042934272935,152941240178915,152941240239160,60.245,11.34,sent,1000,
3073,152941245167575,152941245168210,1790296042939271227,152941245171937,152941245196674,24.737,4.362,sent,1000,
3074,152941250167575,152941250168226,1790296042944271232,152941250171392,152941250194325,22.933,3.817,sent,1000,
3075,152941255167575,152941255169744,1790296042949274614,152941255187087,152941255291204,104.117,19.512,sent,1000,
3076,152941260167575,152941260170361,1790296042954274810,152941260187042,152941260288825,101.783,19.467,sent,1000,
3077,152941265167575,152941265169695,1790296042959273873,152941265186296,152941265292177,105.881,18.721,sent,1000,
3078,152941270167575,152941270169600,1790296042964273739,152941270185811,152941270289137,103.326,18.236,sent,1000,
3079,152941275167575,152941275170710,1790296042969275089,152941275187221,152941275290937,103.716,19.646,sent,1000,
3080,152941280167575,152941280169703,1790296042974273852,152941280186334,152941280289720,103.386,18.759,sent,1000,
3081,152941285167575,152941285169718,1790296042979273917,152941285186681,152941285294024,107.343,19.106,sent,1000,
3082,152941290167575,152941290170225,1790296042984274403,152941290186375,152941290290603,104.228,18.8,sent,1000,
3083,152941295167575,152941295169579,1790296042989273447,152941295179237,152941295238900,59.663,11.662,sent,1000,
3084,152941300167575,152941300169254,1790296042994273462,152941300185885,152941300291856,105.971,18.31,sent,1000,
3085,152941305167575,152941305169419,1790296042999273528,152941305184919,152941305240294,55.375,17.344,sent,1000,
3086,152941310167575,152941310170487,1790296043004274635,152941310187038,152941310277920,90.882,19.463,sent,1000,
3087,152941315167575,152941315169320,1790296043009273549,152941315186743,152941315290499,103.756,19.168,sent,1000,
3088,152941320167575,152941320169475,1790296043014274055,152941320185426,152941320291056,105.63,17.851,sent,1000,
3089,152941325167575,152941325169851,1790296043019274361,152941325186944,152941325294768,107.824,19.369,sent,1000,
3090,152941330167575,152941330169266,1790296043024273404,152941330185737,152941330288011,102.274,18.162,sent,1000,
3091,152941335167575,152941335169001,1790296043029272548,152941335178418,152941335238272,59.854,10.843,sent,1000,
3092,152941340167575,152941340169868,1790296043034274096,152941340186249,152941340286368,100.119,18.674,sent,1000,
3093,152941345167575,152941345169923,1790296043039274673,152941345186655,152941345287766,101.111,19.08,sent,1000,
3094,152941350167575,152941350168796,1790296043044272314,152941350189996,152941350248187,58.191,22.421,sent,1000,
3095,152941355167575,152941355169645,1790296043049273893,152941355186897,152941355292588,105.691,19.322,sent,1000,
3096,152941360167575,152941360169700,1790296043054274220,152941360186552,152941360293225,106.673,18.977,sent,1000,
3097,152941365167575,152941365169085,1790296043059273414,152941365185215,152941365284644,99.429,17.64,sent,1000,
3098,152941370167575,152941370169932,1790296043064274140,152941370186092,152941370291813,105.721,18.517,sent,1000,
3099,152941375167575,152941375169667,1790296043069273294,152941375179385,152941375238497,59.112,11.81,sent,1000,
3100,152941380167575,152941380170133,1790296043074274321,152941380187095,152941380292735,105.64,19.52,sent,1000,
3101,152941385167575,152941385169657,1790296043079273856,152941385185888,152941385286429,100.541,18.313,sent,1000,
3102,152941390167575,152941390169522,1790296043084273030,152941390178920,152941390239545,60.625,11.345,sent,1000,
3103,152941395167575,152941395169317,1790296043089273586,152941395179206,152941395237927,58.721,11.631,sent,1000,
3104,152941400167575,152941400169425,1790296043094273623,152941400186607,152941400291255,104.648,19.032,sent,1000,
3105,152941405167575,152941405169590,1790296043099273739,152941405186412,152941405288826,102.414,18.837,sent,1000,
3106,152941410167575,152941410169505,1790296043104274566,152941410186999,152941410291306,104.307,19.424,sent,1000,
3107,152941415167575,152941415169371,1790296043109273599,152941415187325,152941415290640,103.315,19.75,sent,1000,
3108,152941420167575,152941420169526,1790296043114273695,152941420186268,152941420283602,97.334,18.693,sent,1000,
3109,152941425167575,152941425169602,1790296043119274091,152941425186073,152941425288657,102.584,18.498,sent,1000,
3110,152941430167575,152941430168625,1790296043124272153,152941430177993,152941430237436,59.443,10.418,sent,1000,
3111,152941435167575,152941435170254,1790296043129274533,152941435187176,152941435305059,117.883,19.601,sent,1000,
3112,152941440167575,152941440169818,1790296043134273977,152941440184566,152941440269227,84.661,16.991,sent,1000,
3113,152941445167575,152941445169775,1790296043139274565,152941445187729,152941445290334,102.605,20.154,sent,1000,
3114,152941450167575,152941450168629,1790296043144272166,152941450178317,152941450238401,60.084,10.742,sent,1000,
3115,152941455167575,152941455170037,1790296043149274325,152941455186277,152941455293961,107.684,18.702,sent,1000,
3116,152941460167575,152941460169761,1790296043154274651,152941460187635,152941460292344,104.709,20.06,sent,1000,
3117,152941465167575,152941465168945,1790296043159273074,152941465184485,152941465283132,98.647,16.91,sent,1000,
3118,152941470167575,152941470169472,1790296043164273049,152941470178960,152941470240256,61.296,11.385,sent,1000,
3119,152941475167575,152941475169958,1790296043169274487,152941475187401,152941475296217,108.816,19.826,sent,1000,
3120,152941480167575,152941480169583,1790296043174273841,152941480186274,152941480289981,103.707,18.699,sent,1000,
3121,152941485167575,152941485169730,1790296043179273899,152941485186382,152941485288004,101.622,18.807,sent,1000,
3122,152941490167575,152941490169104,1790296043184272632,152941490178272,152941490239447,61.175,10.697,sent,1000,
3123,152941495167575,152941495170412,1790296043189274761,152941495187735,152941495296681,108.946,20.16,sent,1000,
3124,152941500167575,152941500169255,1790296043194273474,152941500186077,152941500292589,106.512,18.502,sent,1000,
3125,152941505167575,152941505169832,1790296043199274020,152941505186203,152941505289268,103.065,18.628,sent,1000,
3126,152941510167575,152941510169917,1790296043204273555,152941510179445,152941510241553,62.108,11.87,sent,1000,
3127,152941515167575,152941515169742,1790296043209273961,152941515186334,152941515296472,110.138,18.759,sent,1000,
3128,152941520167575,152941520170339,1790296043214274547,152941520186820,152941520298321,111.501,19.245,sent,1000,
3129,152941525167575,152941525170084,1790296043219274573,152941525186545,152941525289500,102.955,18.97,sent,1000,
3130,152941530167575,152941530168918,1790296043224272446,152941530178346,152941530238861,60.515,10.771,sent,1000,
3131,152941535167575,152941535168854,1790296043229272672,152941535178292,152941535229519,51.227,10.717,sent,1000,
3132,152941540167575,152941540168208,1790296043234271224,152941540172025,152941540195459,23.434,4.45,sent,1000,
3133,152941545167575,152941545168233,1790296043239271270,152941545171640,152941545194693,23.053,4.065,sent,1000,
3134,152941550167575,152941550169100,1790296043244272648,152941550178498,152941550239634,61.136,10.923,sent,1000,
3135,152941555167575,152941555207328,1790296043249311847,152941555225252,152941555331974,106.722,57.677,sent,1000,
3136,152941560167575,152941560169081,1790296043254274302,152941560187406,152941560292395,104.989,19.831,sent,1000,
3137,152941565167575,152941565169367,1790296043259273576,152941565208180,152941565309302,101.122,40.605,sent,1000,
3138,152941570167575,152941570169894,1790296043264274093,152941570186325,152941570287747,101.422,18.75,sent,1000,
3139,152941575167575,152941575170311,1790296043269274850,152941575186963,152941575291811,104.848,19.388,sent,1000,
3140,152941580167575,152941580170246,1790296043274274555,152941580188290,152941580296906,108.616,20.715,sent,1000,
3141,152941585167575,152941585169079,1790296043279273168,152941585185711,152941585284528,98.817,18.136,sent,1000,
3142,152941590167575,152941590169836,1790296043284274095,152941590187349,152941590293801,106.452,19.774,sent,1000,
3143,152941595167575,152941595169701,1790296043289273279,152941595179179,152941595238472,59.293,11.604,sent,1000,
3144,152941600167575,152941600169035,1790296043294273254,152941600184485,152941600273824,89.339,16.91,sent,1000,
3145,152941605167575,152941605169752,1790296043299273931,152941605185552,152941605298105,112.553,17.977,sent,1000,
3146,152941610167575,152941610170850,1790296043304275048,152941610187481,152941610296217,108.736,19.906,sent,1000,
3147,152941615167575,152941615168741,1790296043309272890,152941615185373,152941615289971,104.598,17.798,sent,1000,
3148,152941620167575,152941620169750,1790296043314273899,152941620186522,152941620290509,103.987,18.947,sent,1000,
3149,152941625167575,152941625169666,1790296043319273293,152941625179093,152941625238506,59.413,11.518,sent,1000,
3150,152941630167575,152941630169180,1790296043324272888,152941630178528,152941630239153,60.625,10.953,sent,1000,
3151,152941635167575,152941635168324,1790296043329271340,152941635171840,152941635196197,24.357,4.265,sent,1000,
3152,152941640167575,152941640169612,1790296043334273800,152941640185582,152941640287214,101.632,18.007,sent,1000,
3153,152941645167575,152941645170048,1790296043339274497,152941645186569,152941645294884,108.315,18.994,sent,1000,
3154,152941650167575,152941650168420,1790296043344271937,152941650177447,152941650235267,57.82,9.872,sent,1000,
3155,152941655167575,152941655168357,1790296043349271363,152941655171843,152941655197221,25.378,4.268,sent,1000,
3156,152941660167575,152941660168312,1790296043354271329,152941660171599,152941660195143,23.544,4.024,sent,1000,
3157,152941665167575,152941665168328,1790296043359271344,152941665172075,152941665195499,23.424,4.5,sent,1000,
3158,152941670167575,152941670168133,1790296043364271149,152941670171339,152941670194222,22.883,3.764,sent,1000,
3159,152941675167575,152941675168108,1790296043369271134,152941675171665,152941675195350,23.685,4.09,sent,1000,
3160,152941680167575,152941680169095,1790296043374273554,152941680185927,152941680291567,105.64,18.352,sent,1000,
3161,152941685167575,152941685168219,1790296043379271235,152941685171826,152941685196022,24.196,4.251,sent,1000,
3162,152941690167575,152941690169968,1790296043384274146,152941690187471,152941690295435,107.964,19.896,sent,1000,
3163,152941695167575,152941695169803,1790296043389273661,152941695179732,152941695239274,59.542,12.157,sent,1000,
3164,152941700167575,152941700169269,1790296043394273457,152941700185810,152941700290098,104.288,18.235,sent,1000,
3165,152941705167575,152941705169605,1790296043399273773,152941705186357,152941705294732,108.375,18.782,sent,1000,
3166,152941710167575,152941710169961,1790296043404274670,152941710187013,152941710294407,107.394,19.438,sent,1000,
3167,152941715167575,152941715169946,1790296043409274145,152941715186668,152941715289483,102.815,19.093,sent,1000,
3168,152941720167575,152941720169891,1790296043414274110,152941720187645,152941720240716,53.071,20.07,sent,1000,
3169,152941725167575,152941725169827,1790296043419274266,152941725187400,152941725282430,95.03,19.825,sent,1000,
3170,152941730167575,152941730169902,1790296043424274031,152941730185912,152941730289349,103.437,18.337,sent,1000,
3171,152941735167575,152941735168906,1790296043429272443,152941735177913,152941735237205,59.292,10.338,sent,1000,
3172,152941740167575,152941740169793,1790296043434273931,152941740186094,152941740289550,103.456,18.519,sent,1000,
3173,152941745167575,152941745170341,1790296043439274840,152941745187163,152941745291451,104.288,19.588,sent,1000,
3174,152941750167575,152941750169685,1790296043444274114,152941750187068,152941750292047,104.979,19.493,sent,1000,
3175,152941755167575,152941755169621,1790296043449273849,152941755186032,152941755292023,105.991,18.457,sent,1000,
3176,152941760167575,152941760170067,1790296043454274646,152941760186768,152941760290695,103.927,19.193,sent,1000,
3177,152941765167575,152941765169060,1790296043459272608,152941765178328,152941765239213,60.885,10.753,sent,1000,
3178,152941770167575,152941770169617,1790296043464273765,152941770185968,152941770291167,105.199,18.393,sent,1000,
3179,152941775167575,152941775170023,1790296043469274362,152941775209237,152941775312513,103.276,41.662,sent,1000,
3180,152941780167575,152941780170599,1790296043474274778,152941780186640,152941780291348,104.708,19.065,sent,1000,
3181,152941785167575,152941785168993,1790296043479272501,152941785178271,152941785242673,64.402,10.696,sent,1000,
3182,152941790167575,152941790169480,1790296043484273628,152941790186792,152941790289788,102.996,19.217,sent,1000,
3183,152941795167575,152941795170277,1790296043489274716,152941795187219,152941795291126,103.907,19.644,sent,1000,
3184,152941800167575,152941800169170,1790296043494273308,152941800185651,152941800290560,104.909,18.076,sent,1000,
3185,152941805167575,152941805169225,1790296043499273384,152941805185737,152941805290094,104.357,18.162,sent,1000,
3186,152941810167575,152941810170623,1790296043504274822,152941810186964,152941810293396,106.432,19.389,sent,1000,
3187,152941815167575,152941815169637,1790296043509273855,152941815185888,152941815290396,104.508,18.313,sent,1000,
3188,152941820167575,152941820169241,1790296043514273430,152941820185853,152941820286594,100.741,18.278,sent,1000,
3189,152941825167575,152941825170760,1790296043519274968,152941825187471,152941825293923,106.452,19.896,sent,1000,
3190,152941830167575,152941830170346,1790296043524274695,152941830186818,152941830291065,104.247,19.243,sent,1000,
3191,152941835167575,152941835169670,1790296043529273859,152941835186382,152941835294237,107.855,18.807,sent,1000,
3192,152941840167575,152941840169906,1790296043534274065,152941840186548,152941840291907,105.359,18.973,sent,1000,
3193,152941845167575,152941845169862,1790296043539274471,152941845186984,152941845294969,107.985,19.409,sent,1000,
3194,152941850167575,152941850169366,1790296043544273595,152941850186038,152941850292149,106.111,18.463,sent,1000,
3195,152941855167575,152941855169391,1790296043549273540,152941855185933,152941855290721,104.788,18.358,sent,1000,
3196,152941860167575,152941860170138,1790296043554274597,152941860187271,152941860291699,104.428,19.696,sent,1000,
3197,152941865167575,152941865169031,1790296043559272549,152941865178580,152941865238844,60.264,11.005,sent,1000,
3198,152941870167575,152941870169979,1790296043564274217,152941870186680,152941870291028,104.348,19.105,sent,1000,
3199,152941875167575,152941875170927,1790296043569275095,152941875187608,152941875292988,105.38,20.033,sent,1000,
3200,152941880167575,152941880170521,1790296043574274680,152941880187193,152941880289807,102.614,19.618,sent,1000,
3201,152941885167575,152941885169334,1790296043579273503,152941885186256,152941885293910,107.654,18.681,sent,1000,
3202,152941890167575,152941890169901,1790296043584274150,152941890186883,152941890290930,104.047,19.308,sent,1000,
3203,152941895167575,152941895171108,1790296043589275247,152941895188131,152941895293320,105.189,20.556,sent,1000,
3204,152941900167575,152941900169441,1790296043594273599,152941900185812,152941900290200,104.388,18.237,sent,1000,
3205,152941905167575,152941905169436,1790296043599273635,152941905185637,152941905289023,103.386,18.062,sent,1000,
3206,152941910167575,152941910170283,1790296043604274742,152941910187065,152941910291533,104.468,19.49,sent,1000,
3207,152941915167575,152941915170521,1790296043609274700,152941915187032,152941915295408,108.376,19.457,sent,1000,
3208,152941920167575,152941920169875,1790296043614274054,152941920186036,152941920290083,104.047,18.461,sent,1000,
3209,152941925167575,152941925170552,1790296043619274750,152941925186953,152941925294677,107.724,19.378,sent,1000,
3210,152941930167575,152941930170176,1790296043624275106,152941930187289,152941930292308,105.019,19.714,sent,1000,
3211,152941935167575,152941935169761,1790296043629273920,152941935187364,152941935285721,98.357,19.789,sent,1000,
3212,152941940167575,152941940169867,1790296043634274055,152941940186017,152941940290716,104.699,18.442,sent,1000,
3213,152941945167575,152941945169551,1790296043639274451,152941945186894,152941945290440,103.546,19.319,sent,1000,
3214,152941950167575,152941950169226,1790296043644273445,152941950185236,152941950289384,104.148,17.661,sent,1000,
3215,152941955167575,152941955168911,1790296043649273120,152941955185823,152941955288968,103.145,18.248,sent,1000,
3216,152941960167575,152941960170419,1790296043654274568,152941960187391,152941960293653,106.262,19.816,sent,1000,
3217,152941965167575,152941965169292,1790296043659272850,152941965178850,152941965242541,63.691,11.275,sent,1000,
3218,152941970167575,152941970170179,1790296043664274618,152941970186821,152941970291299,104.478,19.246,sent,1000,
3219,152941975167575,152941975170515,1790296043669274724,152941975187628,152941975295983,108.355,20.053,sent,1000,
3220,152941980167575,152941980169409,1790296043674274489,152941980186391,152941980293333,106.942,18.816,sent,1000,
3221,152941985167575,152941985169725,1790296043679273913,152941985187077,152941985290083,103.006,19.502,sent,1000,
3222,152941990167575,152941990169590,1790296043684273738,152941990185850,152941990291781,105.931,18.275,sent,1000,
3223,152941995167575,152941995170687,1790296043689275206,152941995187950,152941995295443,107.493,20.375,sent,1000,
3224,152942000167575,152942000169059,1790296043694273579,152942000185621,152942000296331,110.71,18.046,sent,1000,
3225,152942005167575,152942005169287,1790296043699273656,152942005185799,152942005293182,107.383,18.224,sent,1000,
3226,152942010167575,152942010170405,1790296043704274614,152942010186616,152942010291444,104.828,19.041,sent,1000,
3227,152942015167575,152942015170350,1790296043709274539,152942015186962,152942015295457,108.495,19.387,sent,1000,
3228,152942020167575,152942020168672,1790296043714272440,152942020176968,152942020229798,52.83,9.393,sent,1000,
3229,152942025167575,152942025168347,1790296043719271383,152942025172936,152942025197552,24.616,5.361,sent,1000,
3230,152942030167575,152942030169394,1790296043724272912,152942030178862,152942030240750,61.888,11.287,sent,1000,
3231,152942035167575,152942035169350,1790296043729273558,152942035185871,152942035292242,106.371,18.296,sent,1000,
3232,152942040167575,152942040250881,1790296043734355070,152942040267192,152942040321535,54.343,99.617,sent,1000,
3233,152942045167575,152942045170625,1790296043739274853,152942045187146,152942045292245,105.099,19.571,sent,1000,
3234,152942050167575,152942050169087,1790296043744272624,152942050178375,152942050237156,58.781,10.8,sent,1000,
3235,152942055167575,152942055176266,1790296043749280515,152942055193519,152942055300902,107.383,25.944,sent,1000,
3236,152942060167575,152942060170520,1790296043754274719,152942060187432,152942060293383,105.951,19.857,sent,1000,
3237,152942065167575,152942065169193,1790296043759273041,152942065178811,152942065237863,59.052,11.236,sent,1000,
3238,152942070167575,152942070170140,1790296043764274499,152942070188666,152942070291951,103.285,21.091,sent,1000,
3239,152942075167575,152942075221022,1790296043769325251,152942075237674,152942075345769,108.095,70.099,sent,1000,
3240,152942080167575,152942080170041,1790296043774274510,152942080187314,152942080291752,104.438,19.739,sent,1000,
3241,152942085167575,152942085169367,1790296043779273525,152942085185978,152942085291238,105.26,18.403,sent,1000,
3242,152942090167575,152942090169062,1790296043784274072,152942090189110,152942090298737,109.627,21.535,sent,1000,
3243,152942095167575,152942095168897,1790296043789274338,152942095185779,152942095280769,94.99,18.204,sent,1000,
3244,152942100167575,152942100168251,1790296043794271277,152942100172198,152942100200462,28.264,4.623,sent,1000,
3245,152942105167575,152942105168306,1790296043799271313,152942105171673,152942105196660,24.987,4.098,sent,1000,
3246,152942110167575,152942110168081,1790296043804271088,152942110171538,152942110207536,35.998,3.963,sent,1000,
3247,152942115167575,152942115168107,1790296043809271113,152942115171363,152942115197162,25.799,3.788,sent,1000,
3248,152942120167575,152942120168112,1790296043814271118,152942120171468,152942120195183,23.715,3.893,sent,1000,
3249,152942125167575,152942125168228,1790296043819271245,152942125171504,152942125194257,22.753,3.929,sent,1000,
3250,152942130167575,152942130169858,1790296043824273375,152942130179196,152942130237837,58.641,11.621,sent,1000,
3251,152942135167575,152942135168491,1790296043829272278,152942135178039,152942135236940,58.901,10.464,sent,1000,
3252,152942140167575,152942140169678,1790296043834273827,152942140186280,152942140292591,106.311,18.705,sent,1000,
3253,152942145167575,152942145170084,1790296043839274463,152942145185994,152942145281576,95.582,18.419,sent,1000,
3254,152942150167575,152942150168767,1790296043844273317,152942150184257,152942150280960,96.703,16.682,sent,1000,
3255,152942155167575,152942155168322,1790296043849271328,152942155171908,152942155196365,24.457,4.333,sent,1000,
3256,152942160167575,152942160428169,1790296043854531176,152942160431456,152942160451864,20.408,263.881,sent,1000,
3257,152942165167575,152942165168332,1790296043859271359,152942165171639,152942165195534,23.895,4.064,sent,1000,
3258,152942170167575,152942170169250,1790296043864273359,152942170184609,152942170280471,95.862,17.034,sent,1000,
3259,152942175167575,152942175169507,1790296043869273044,152942175178765,152942175237836,59.071,11.19,sent,1000,
3260,152942180167575,152942180170875,1790296043874275034,152942180187386,152942180294459,107.073,19.811,sent,1000,
3261,152942185167575,152942185169127,1790296043879273286,152942185186089,152942185284916,98.827,18.514,sent,1000,
3262,152942190167575,152942190169333,1790296043884273501,152942190185634,152942190288829,103.195,18.059,sent,1000,
3263,152942195167575,152942195169188,1790296043889273126,152942195179187,152942195238098,58.911,11.612,sent,1000,
3264,152942200167575,152942200170416,1790296043894274574,152942200209009,152942200310731,101.722,41.434,sent,1000,
3265,152942205167575,152942205168948,1790296043899272526,152942205178256,152942205238490,60.234,10.681,sent,1000,
3266,152942210167575,152942210169636,1790296043904274205,152942210185576,152942210289232,103.656,18.001,sent,1000,
3267,152942215167575,152942215169622,1790296043909273390,152942215179110,152942215238322,59.212,11.535,sent,1000,
3268,152942220167575,152942220169457,1790296043914273646,152942220186209,152942220290606,104.397,18.634,sent,1000,
3269,152942225167575,152942225169152,1790296043919273310,152942225185513,152942225289009,103.496,17.938,sent,1000,
3270,152942230167575,152942230169738,1790296043924273276,152942230179096,152942230238909,59.813,11.521,sent,1000,
3271,152942235167575,152942235168391,1790296043929271397,152942235171998,152942235196965,24.967,4.423,sent,1000,
3272,152942240167575,152942240170089,1790296043934274248,152942240186521,152942240289135,102.614,18.946,sent,1000,
3273,152942245167575,152942245170756,1790296043939274885,152942245186887,152942245292236,105.349,19.312,sent,1000,
3274,152942250167575,152942250169880,1790296043944274119,152942250186591,152942250289847,103.256,19.016,sent,1000,
3275,152942255167575,152942255169947,1790296043949274095,152942255186769,152942255291247,104.478,19.194,sent,1000,
3276,152942260167575,152942260170243,1790296043954274381,152942260185933,152942260289629,103.696,18.358,sent,1000,
3277,152942265167575,152942265169627,1790296043959274297,152942265187240,152942265292430,105.19,19.665,sent,1000,
3278,152942270167575,152942270168941,1790296043964272509,152942270178599,152942270238012,59.413,11.024,sent,1000,
3279,152942275167575,152942275170049,1790296043969274488,152942275187101,152942275289184,102.083,19.526,sent,1000,
3280,152942280167575,152942280170635,1790296043974274804,152942280186876,152942280289601,102.725,19.301,sent,1000,
3281,152942285167575,152942285169498,1790296043979273667,152942285186070,152942285290598,104.528,18.495,sent,1000,
3282,152942290167575,152942290170265,1790296043984274724,152942290186636,152942290291204,104.568,19.061,sent,1000,
3283,152942295167575,152942295170822,1790296043989275010,152942295188315,152942295292172,103.857,20.74,sent,1000,
3284,152942300167575,152942300170628,1790296043994274917,152942300187681,152942300291938,104.257,20.106,sent,1000,
3285,152942305167575,152942305169752,1790296043999273971,152942305187626,152942305290461,102.835,20.051,sent,1000,
3286,152942310167575,152942310170068,1790296044004274327,152942310186659,152942310293632,106.973,19.084,sent,1000,
3287,152942315167575,152942315170073,1790296044009274242,152942315187015,152942315292616,105.601,19.44,sent,1000,
3288,152942320167575,152942320169458,1790296044014273706,152942320185879,152942320289695,103.816,18.304,sent,1000,
3289,152942325167575,152942325169493,1790296044019273922,152942325185573,152942325284030,98.457,17.998,sent,1000,
3290,152942330167575,152942330168837,1790296044024272364,152942330178535,152942330239160,60.625,10.96,sent,1000,
3291,152942335167575,152942335168662,1790296044029272119,152942335176898,152942335233405,56.507,9.323,sent,1000,
3292,152942340167575,152942340169421,1790296044034273589,152942340186513,152942340287454,100.941,18.938,sent,1000,
3293,152942345167575,152942345169687,1790296044039273945,152942345186418,152942345290495,104.077,18.843,sent,1000,
3294,152942350167575,152942350169171,1790296044044272788,152942350178408,152942350238081,59.673,10.833,sent,1000,
3295,152942355167575,152942355169607,1790296044049273776,152942355186810,152942355290075,103.265,19.235,sent,1000,
3296,152942360167575,152942360170334,1790296044054274543,152942360186805,152942360291934,105.129,19.23,sent,1000,
3297,152942365167575,152942365171061,1790296044059275209,152942365188073,152942365292320,104.247,20.498,sent,1000,
3298,152942370167575,152942370168952,1790296044064272479,152942370178250,152942370237802,59.552,10.675,sent,1000,
3299,152942375167575,152942375170119,1790296044069274358,152942375186821,152942375293563,106.742,19.246,sent,1000,
3300,152942380167575,152942380169574,1790296044074274304,152942380185815,152942380289531,103.716,18.24,sent,1000,
3301,152942385167575,152942385169171,1790296044079273309,152942385185612,152942385289298,103.686,18.037,sent,1000,
3302,152942390167575,152942390169687,1790296044084273926,152942390186799,152942390290947,104.148,19.224,sent,1000,
3303,152942395167575,152942395170905,1790296044089275093,152942395187787,152942395292184,104.397,20.212,sent,1000,
3304,152942400167575,152942400169968,1790296044094274157,152942400187131,152942400289585,102.454,19.556,sent,1000,
3305,152942405167575,152942405169903,1790296044099274122,152942405186345,152942405290532,104.187,18.77,sent,1000,
3306,152942410167575,152942410170450,1790296044104274829,152942410187121,152942410289786,102.665,19.546,sent,1000,
3307,152942415167575,152942415170625,1790296044109274914,152942415210842,152942415312965,102.123,43.267,sent,1000,
3308,152942420167575,152942420169609,1790296044114273798,152942420186461,152942420289005,102.544,18.886,sent,1000,
3309,152942425167575,152942425170117,1790296044119274256,152942425186889,152942425289754,102.865,19.314,sent,1000,
3310,152942430167575,152942430170654,1790296044124274782,152942430186995,152942430292174,105.179,19.42,sent,1000,
3311,152942435167575,152942435169176,1790296044129272714,152942435177903,152942435236584,58.681,10.328,sent,1000,
3312,152942440167575,152942440169292,1790296044134273481,152942440185903,152942440288738,102.835,18.328,sent,1000,
3313,152942445167575,152942445168295,1790296044139271312,152942445172243,152942445197431,25.188,4.668,sent,1000,
3314,152942450167575,152942450169703,1790296044144273251,152942450179081,152942450238654,59.573,11.506,sent,1000,
3315,152942455167575,152942455169679,1790296044149274178,152942455187593,152942455291490,103.897,20.018,sent,1000,
3316,152942460167575,152942460169854,1790296044154274133,152942460185765,152942460282778,97.013,18.19,sent,1000,
3317,152942465167575,152942465169379,1790296044159273788,152942465186772,152942465287623,100.851,19.197,sent,1000,
3318,152942470167575,152942470169316,1790296044164273475,152942470185808,152942470289043,103.235,18.233,sent,1000,
3319,152942475167575,152942475169662,1790296044169273841,152942475186494,152942475290942,104.448,18.919,sent,1000,
3320,152942480167575,152942480169157,1790296044174273385,152942480185347,152942480286449,101.102,17.772,sent,1000,
3321,152942485167575,152942485170324,1790296044179274573,152942485187517,152942485296774,109.257,19.942,sent,1000,
3322,152942490167575,152942490296639,1790296044184400848,152942490313241,152942490420083,106.842,145.666,sent,1000,
3323,152942495167575,152942495170115,1790296044189274634,152942495187187,152942495291905,104.718,19.612,sent,1000,
3324,152942500167575,152942500170571,1790296044194274719,152942500186531,152942500292302,105.771,18.956,sent,1000,
3325,152942505167575,152942505169103,1790296044199273362,152942505187879,152942505255066,67.187,20.304,sent,1000,
3326,152942510167575,152942510169691,1790296044204273218,152942510179059,152942510238371,59.312,11.484,sent,1000,
3327,152942515167575,152942515169928,1790296044209273465,152942515179666,152942515227657,47.991,12.091,sent,1000,
3328,152942520167575,152942520169312,1790296044214273550,152942520185873,152942520284570,98.697,18.298,sent,1000,
3329,152942525167575,152942525169157,1790296044219272684,152942525178535,152942525234941,56.406,10.96,sent,1000,
3330,152942530167575,152942530168741,1790296044224272409,152942530179111,152942530236860,57.749,11.536,sent,1000,
3331,152942535167575,152942535167975,1790296044229270922,152942535170670,152942535188805,18.135,3.095,sent,1000,
3332,152942540167575,152942540168983,1790296044234272520,152942540178170,152942540237132,58.962,10.595,sent,1000,
3333,152942545167575,152942545169108,1790296044239273217,152942545184597,152942545278746,94.149,17.022,sent,1000,
3334,152942550167575,152942550169165,1790296044244273103,152942550178873,152942550238766,59.893,11.298,sent,1000,
3335,152942555167575,152942555169672,1790296044249274512,152942555187506,152942555296492,108.986,19.931,sent,1000,
3336,152942560167575,152942560172823,1790296044254276982,152942560191118,152942560298100,106.982,23.543,sent,1000,
3337,152942565167575,152942565170514,1790296044259274663,152942565186504,152942565282947,96.443,18.929,sent,1000,
3338,152942570167575,152942570194034,1790296044264297571,152942570204253,152942570266622,62.369,36.678,sent,1000,
3339,152942575167575,152942575189280,1790296044269293599,152942575206894,152942575315419,108.525,39.319,sent,1000,
3340,152942580167575,152942580170700,1790296044274274859,152942580187633,152942580292912,105.279,20.058,sent,1000,
3341,152942585167575,152942585169754,1790296044279273883,152942585186766,152942585290894,104.128,19.191,sent,1000,
3342,152942590167575,152942590169319,1790296044284273557,152942590185048,152942590285288,100.24,17.473,sent,1000,
3343,152942595167575,152942595169856,1790296044289273604,152942595179334,152942595239348,60.014,11.759,sent,1000,
3344,152942600167575,152942600169673,1790296044294273892,152942600186275,152942600289871,103.596,18.7,sent,1000,
3345,152942605167575,152942605169458,1790296044299273657,152942605186481,152942605290337,103.856,18.906,sent,1000,
3346,152942610167575,152942610169494,1790296044304273031,152942610179172,152942610239256,60.084,11.597,sent,1000,
3347,152942615167575,152942615169850,1790296044309273357,152942615179208,152942615250112,70.904,11.633,sent,1000,
3348,152942620167575,152942620169505,1790296044314273723,152942620187980,152942620295894,107.914,20.405,sent,1000,
3349,152942625167575,152942625169851,1790296044319274029,152942625208544,152942625312581,104.037,40.969,sent,1000,
3350,152942630167575,152942630169145,1790296044324273403,152942630178953,152942630238827,59.874,11.378,sent,1000,
3351,152942635167575,152942635169180,1790296044329272707,152942635178347,152942635237860,59.513,10.772,sent,1000,
3352,152942640167575,152942640169356,1790296044334273815,152942640186668,152942640290746,104.078,19.093,sent,1000,
3353,152942645167575,152942645168279,1790296044339271295,152942645172587,152942645198697,26.11,5.012,sent,1000,
3354,152942650167575,152942650169116,1790296044344273465,152942650179255,152942650225383,46.128,11.68,sent,1000,
3355,152942655167575,152942655168280,1790296044349271306,152942655172317,152942655197876,25.559,4.742,sent,1000,
3356,152942660167575,152942660172794,1790296044354275810,152942660176541,152942660202750,26.209,8.966,sent,1000,
3357,152942665167575,152942665168210,1790296044359271237,152942665172007,152942665199429,27.422,4.432,sent,1000,
3358,152942670167575,152942670169378,1790296044364273847,152942670186100,152942670290147,104.047,18.525,sent,1000,
3359,152942675167575,152942675169323,1790296044369272861,152942675178480,152942675237703,59.223,10.905,sent,1000,
3360,152942680167575,152942680170392,1790296044374274591,152942680186623,152942680286402,99.779,19.048,sent,1000,
3361,152942685167575,152942685170167,1790296044379274346,152942685186819,152942685288582,101.763,19.244,sent,1000,
3362,152942690167575,152942690168800,1790296044384272317,152942690178118,152942690237600,59.482,10.543,sent,1000,
3363,152942695167575,152942695169687,1790296044389273194,152942695178754,152942695238267,59.513,11.179,sent,1000,
3364,152942700167575,152942700171025,1790296044394275173,152942700188498,152942700293457,104.959,20.923,sent,1000,
3365,152942705167575,152942705169337,1790296044399273536,152942705185618,152942705290366,104.748,18.043,sent,1000,
3366,152942710167575,152942710169172,1790296044404272719,152942710178169,152942710238423,60.254,10.594,sent,1000,
3367,152942715167575,152942715169157,1790296044409273136,152942715179317,152942715237978,58.661,11.742,sent,1000,
3368,152942720167575,152942720169824,1790296044414274003,152942720186315,152942720290523,104.208,18.74,sent,1000,
3369,152942725167575,152942725169932,1790296044419274070,152942725187114,152942725292213,105.099,19.539,sent,1000,
3370,152942730167575,152942730171069,1790296044424275208,152942730187130,152942730291417,104.287,19.555,sent,1000,
3371,152942735167575,152942735169762,1790296044429273290,152942735178909,152942735238342,59.433,11.334,sent,1000,
3372,152942740167575,152942740169507,1790296044434273756,152942740185998,152942740288983,102.985,18.423,sent,1000,
3373,152942745167575,152942745170534,1790296044439274793,152942745187476,152942745247460,59.984,19.901,sent,1000,
3374,152942750167575,152942750169277,1790296044444273456,152942750185458,152942750285998,100.54,17.883,sent,1000,
3375,152942755167575,152942755169543,1790296044449273702,152942755187207,152942755293328,106.121,19.632,sent,1000,
3376,152942760167575,152942760170070,1790296044454274208,152942760186871,152942760291810,104.939,19.296,sent,1000,
3377,152942765167575,152942765169135,1790296044459273253,152942765185706,152942765288441,102.735,18.131,sent,1000,
3378,152942770167575,152942770169611,1790296044464273840,152942770186323,152942770292374,106.051,18.748,sent,1000,
3379,152942775167575,152942775170057,1790296044469274226,152942775187180,152942775289083,101.903,19.605,sent,1000,
3380,152942780167575,152942780170594,1790296044474274853,152942780187686,152942780291894,104.208,20.111,sent,1000,
3381,152942785167575,152942785170299,1790296044479274447,152942785186780,152942785289525,102.745,19.205,sent,1000,
3382,152942790167575,152942790168761,1790296044484272288,152942790177958,152942790237221,59.263,10.383,sent,1000,
3383,152942795167575,152942795170660,1790296044489274799,152942795188293,152942795294996,106.703,20.718,sent,1000,
3384,152942800167575,152942800170776,1790296044494274924,152942800188018,152942800294330,106.312,20.443,sent,1000,
3385,152942805167575,152942805169529,1790296044499273727,152942805186902,152942805291239,104.337,19.327,sent,1000,
3386,152942810167575,152942810169726,1790296044504273915,152942810187240,152942810291978,104.738,19.665,sent,1000,
3387,152942815167575,152942815170844,1790296044509275003,152942815187506,152942815291663,104.157,19.931,sent,1000,
3388,152942820167575,152942820170238,1790296044514274407,152942820187441,152942820291097,103.656,19.866,sent,1000,
3389,152942825167575,152942825169141,1790296044519272659,152942825179010,152942825239034,60.024,11.435,sent,1000,
3390,152942830167575,152942830169588,1790296044524273566,152942830179116,152942830238659,59.543,11.541,sent,1000,
3391,152942835167575,152942835170535,1790296044529274734,152942835187567,152942835289861,102.294,19.992,sent,1000,
3392,152942840167575,152942840169558,1790296044534273867,152942840187402,152942840299124,111.722,19.827,sent,1000,
3393,152942845167575,152942845171017,1790296044539275165,152942845188290,152942845291555,103.265,20.715,sent,1000,
3394,152942850167575,152942850169631,1790296044544273369,152942850178708,152942850238822,60.114,11.133,sent,1000,
3395,152942855167575,152942855169546,1790296044549273695,152942855185877,152942855290165,104.288,18.302,sent,1000,
3396,152942860167575,152942860170253,1790296044554274411,152942860187165,152942860291723,104.558,19.59,sent,1000,
3397,152942865167575,152942865170709,1790296044559274918,152942865188713,152942865291768,103.055,21.138,sent,1000,
3398,152942870167575,152942870169332,1790296044564272849,152942870178569,152942870237651,59.082,10.994,sent,1000,
3399,152942875167575,152942875169978,1790296044569274107,152942875186991,152942875289675,102.684,19.416,sent,1000,
3400,152942880167575,152942880170705,1790296044574274874,152942880187317,152942880290983,103.666,19.742,sent,1000,
3401,152942885167575,152942885170881,1790296044579275120,152942885187793,152942885293102,105.309,20.218,sent,1000,
3402,152942890167575,152942890169163,1790296044584273312,152942890185714,152942890291004,105.29,18.139,sent,1000,
3403,152942895167575,152942895169992,1790296044589274501,152942895187495,152942895291282,103.787,19.92,sent,1000,
3404,152942900167575,152942900170599,1790296044594274797,152942900186960,152942900291317,104.357,19.385,sent,1000,
3405,152942905167575,152942905168821,1790296044599272919,152942905184661,152942905282215,97.554,17.086,sent,1000,
3406,152942910167575,152942910170068,1790296044604274788,152942910187191,152942910291649,104.458,19.616,sent,1000,
3407,152942915167575,152942915170084,1790296044609274553,152942915186996,152942915292105,105.109,19.421,sent,1000,
3408,152942920167575,152942920170209,1790296044614274378,152942920187452,152942920289586,102.134,19.877,sent,1000,
3409,152942925167575,152942925169553,1790296044619273752,152942925187006,152942925291965,104.959,19.431,sent,1000,
3410,152942930167575,152942930169699,1790296044624274449,152942930186952,152942930288865,101.913,19.377,sent,1000,
3411,152942935167575,152942935169795,1790296044629274394,152942935187077,152942935290754,103.677,19.502,sent,1000,
3412,152942940167575,152942940169770,1790296044634274009,152942940185971,152942940290168,104.197,18.396,sent,1000,
3413,152942945167575,152942945170617,1790296044639274796,152942945187208,152942945292568,105.36,19.633,sent,1000,
3414,152942950167575,152942950170282,1790296044644274671,152942950186382,152942950291932,105.55,18.807,sent,1000,
3415,152942955167575,152942955169986,1790296044649274165,152942955187029,152942955294392,107.363,19.454,sent,1000,
3416,152942960167575,152942960169962,1790296044654274150,152942960187094,152942960290741,103.647,19.519,sent,1000,
3417,152942965167575,152942965170799,1790296044659275027,152942965187230,152942965290325,103.095,19.655,sent,1000,
3418,152942970167575,152942970170243,1790296044664274462,152942970186804,152942970290661,103.857,19.229,sent,1000,
3419,152942975167575,152942975169659,1790296044669273827,152942975186480,152942975290578,104.098,18.905,sent,1000,
3420,152942980167575,152942980170636,1790296044674274765,152942980186657,152942980291485,104.828,19.082,sent,1000,
3421,152942985167575,152942985171092,1790296044679275271,152942985187994,152942985292092,104.098,20.419,sent,1000,
3422,152942990167575,152942990169595,1790296044684273804,152942990185545,152942990287198,101.653,17.97,sent,1000,
3423,152942995167575,152942995170562,1790296044689274721,152942995188025,152942995293004,104.979,20.45,sent,1000,
3424,152943000167575,152943000170147,1790296044694274646,152943000187389,152943000247002,59.613,19.814,sent,1000,
3425,152943005167575,152943005169501,1790296044699273900,152943005186192,152943005289558,103.366,18.617,sent,1000,
3426,152943010167575,152943010169727,1790296044704273875,152943010185847,152943010289674,103.827,18.272,sent,1000,
3427,152943015167575,152943015170554,1790296044709274682,152943015187616,152943015290080,102.464,20.041,sent,1000,
3428,152943020167575,152943020168407,1790296044714271914,152943020177053,152943020233009,55.956,9.478,sent,1000,
3429,152943025167575,152943025167982,1790296044719270938,152943025170777,152943025189132,18.355,3.202,sent,1000,
3430,152943030167575,152943030168237,1790296044724271254,152943030171534,152943030194748,23.214,3.959,sent,1000,
3431,152943035167575,152943035168313,1790296044729271329,152943035171699,152943035196106,24.407,4.124,sent,1000,
3432,152943040167575,152943040168178,1790296044734271194,152943040171424,152943040194618,23.194,3.849,sent,1000,
3433,152943045167575,152943045168654,1790296044739271671,152943045171991,152943045194884,22.893,4.416,sent,1000,
3434,152943050167575,152943050168129,1790296044744271496,152943050177837,152943050202283,24.446,10.262,sent,1000,
3435,152943055167575,152943055168334,1790296044749271341,152943055171611,152943055195857,24.246,4.036,sent,1000,
3436,152943060167575,152943060168101,1790296044754271118,152943060171437,152943060195363,23.926,3.862,sent,1000,
3437,152943065167575,152943065168187,1790296044759271203,152943065171523,152943065195739,24.216,3.948,sent,1000,
3438,152943070167575,152943070168162,1790296044764271168,152943070171528,152943070194873,23.345,3.953,sent,1000,
3439,152943075167575,152943075168328,1790296044769271334,152943075171584,152943075195960,24.376,4.009,sent,1000,
3440,152943080167575,152943080170758,1790296044774274896,152943080187630,152943080295724,108.094,20.055,sent,1000,
3441,152943085167575,152943085170553,1790296044779274671,152943085186853,152943085289778,102.925,19.278,sent,1000,
3442,152943090167575,152943090169095,1790296044784272753,152943090180827,152943090244538,63.711,13.252,sent,1000,
3443,152943095167575,152943095169040,1790296044789274451,152943095185011,152943095272476,87.465,17.436,sent,1000,
3444,152943100167575,152943100168204,1790296044794271211,152943100172422,152943100203982,31.56,4.847,sent,1000,
3445,152943105167575,152943105168161,1790296044799271168,152943105171417,152943105194381,22.964,3.842,sent,1000,
3446,152943110167575,152943110168227,1790296044804271233,152943110171563,152943110196621,25.058,3.988,sent,1000,
3447,152943115167575,152943115168002,1790296044809271018,152943115171178,152943115194582,23.404,3.603,sent,1000,
3448,152943120167575,152943120168057,1790296044814271053,152943120171323,152943120194587,23.264,3.748,sent,1000,
3449,152943125167575,152943125169615,1790296044819274105,152943125186307,152943125288320,102.013,18.732,sent,1000,
3450,152943130167575,152943130168108,1790296044824271134,152943130171615,152943130195209,23.594,4.04,sent,1000,
3451,152943135167575,152943135169155,1790296044829273624,152943135179525,152943135262121,82.596,11.95,sent,1000,
3452,152943140167575,152943140168810,1790296044834272337,152943140178378,152943140259802,81.424,10.803,sent,1000,
3453,152943145167575,152943145170879,1790296044839275038,152943145188092,152943145293722,105.63,20.517,sent,1000,
3454,152943150167575,152943150169484,1790296044844273712,152943150188329,152943150265626,77.297,20.754,sent,1000,
3455,152943155167575,152943155168948,1790296044849272486,152943155178156,152943155237658,59.502,10.581,sent,1000,
3456,152943160167575,152943160169685,1790296044854273894,152943160185966,152943160290484,104.518,18.391,sent,1000,
3457,152943165167575,152943165170502,1790296044859274730,152943165187203,152943165289718,102.515,19.628,sent,1000,
3458,152943170167575,152943170169876,1790296044864274055,152943170187479,152943170298369,110.89,19.904,sent,1000,
3459,152943175167575,152943175168919,1790296044869272457,152943175178227,152943175237860,59.633,10.652,sent,1000,
3460,152943180167575,152943180170438,1790296044874274757,152943180187230,152943180291267,104.037,19.655,sent,1000,
3461,152943185167575,152943185170504,1790296044879274682,152943185187987,152943185295100,107.113,20.412,sent,1000,
3462,152943190167575,152943190169699,1790296044884273907,152943190186430,152943190293724,107.294,18.855,sent,1000,
3463,152943195167575,152943195169133,1790296044889273843,152943195179753,152943195238535,58.782,12.178,sent,1000,
3464,152943200167575,152943200170531,1790296044894274750,152943200187804,152943200293434,105.63,20.229,sent,1000,
3465,152943205167575,152943205169825,1790296044899274074,152943205187549,152943205291836,104.287,19.974,sent,1000,
3466,152943210167575,152943210169981,1790296044904274189,152943210187213,152943210295909,108.696,19.638,sent,1000,
3467,152943215167575,152943215171158,1790296044909275307,152943215187048,152943215291617,104.569,19.473,sent,1000,
3468,152943220167575,152943220169450,1790296044914274280,152943220187274,152943220291933,104.659,19.699,sent,1000,
3469,152943225167575,152943225169646,1790296044919273795,152943225186017,152943225287890,101.873,18.442,sent,1000,
3470,152943230167575,152943230168850,1790296044924273009,152943230185331,152943230284389,99.058,17.756,sent,1000,
3471,152943235167575,152943235171162,1790296044929275301,152943235188575,152943235295528,106.953,21.0,sent,1000,
3472,152943240167575,152943240168883,1790296044934273032,152943240185535,152943240288269,102.734,17.96,sent,1000,
3473,152943245167575,152943245169089,1790296044939273087,152943245178707,152943245237689,58.982,11.132,sent,1000,
3474,152943250167575,152943250169795,1790296044944274275,152943250186227,152943250290354,104.127,18.652,sent,1000,
3475,152943255167575,152943255169721,1790296044949273829,152943255186813,152943255293395,106.582,19.238,sent,1000,
3476,152943260167575,152943260170107,1790296044954274376,152943260187029,152943260291837,104.808,19.454,sent,1000,
3477,152943265167575,152943265170443,1790296044959274591,152943265210659,152943265314406,103.747,43.084,sent,1000,
3478,152943270167575,152943270169136,1790296044964273184,152943270185877,152943270283843,97.966,18.302,sent,1000,
3479,152943275167575,152943275168159,1790296044969271166,152943275171425,152943275195351,23.926,3.85,sent,1000,
3480,152943280167575,152943280168104,1790296044974271111,152943280171230,152943280194444,23.214,3.655,sent,1000,
3481,152943285167575,152943285168440,1790296044979271457,152943285171957,152943285194911,22.954,4.382,sent,1000,
3482,152943290167575,152943290168576,1790296044984272434,152943290178044,152943290237637,59.593,10.469,sent,1000,
3483,152943295167575,152943295168982,1790296044989273562,152943295179382,152943295236470,57.088,11.807,sent,1000,
3484,152943300167575,152943300170370,1790296044994274529,152943300187362,152943300290778,103.416,19.787,sent,1000,
3485,152943305167575,152943305169624,1790296044999273883,152943305186466,152943305289541,103.075,18.891,sent,1000,
3486,152943310167575,152943310169990,1790296045004274169,152943310186732,152943310293334,106.602,19.157,sent,1000,
3487,152943315167575,152943315170657,1790296045009274785,152943315187148,152943315294642,107.494,19.573,sent,1000,
3488,152943320167575,152943320169803,1790296045014274372,152943320186995,152943320290181,103.186,19.42,sent,1000,
3489,152943325167575,152943325169618,1790296045019273826,152943325185728,152943325290567,104.839,18.153,sent,1000,
3490,152943330167575,152943330170365,1790296045024274844,152943330187046,152943330291664,104.618,19.471,sent,1000,
3491,152943335167575,152943335168166,1790296045029271162,152943335171502,152943335194746,23.244,3.927,sent,1000,
3492,152943340167575,152943340168792,1790296045034272300,152943340177870,152943340236090,58.22,10.295,sent,1000,
3493,152943345167575,152943345168547,1790296045039271554,152943345172344,152943345196460,24.116,4.769,sent,1000,
3494,152943350167575,152943350169745,1790296045044273543,152943350179253,152943350239788,60.535,11.678,sent,1000,
3495,152943355167575,152943355170563,1790296045049274952,152943355188156,152943355291092,102.936,20.581,sent,1000,
3496,152943360167575,152943360168816,1790296045054272333,152943360178594,152943360237776,59.182,11.019,sent,1000,
3497,152943365167575,152943365170664,1790296045059275214,152943365188148,152943365292385,104.237,20.573,sent,1000,
3498,152943370167575,152943370171081,1790296045064275249,152943370188043,152943370294645,106.602,20.468,sent,1000,
3499,152943375167575,152943375169273,1790296045069273441,152943375185904,152943375291534,105.63,18.329,sent,1000,
3500,152943380167575,152943380169969,1790296045074274719,152943380186991,152943380292391,105.4,19.416,sent,1000,
3501,152943385167575,152943385171007,1790296045079275155,152943385188259,152943385295472,107.213,20.684,sent,1000,
3502,152943390167575,152943390169439,1790296045084273577,152943390185900,152943390291841,105.941,18.325,sent,1000,
3503,152943395167575,152943395168833,1790296045089273172,152943395184102,152943395280705,96.603,16.527,sent,1000,
3504,152943400167575,152943400168189,1790296045094271195,152943400171485,152943400194920,23.435,3.91,sent,1000,
3505,152943405167575,152943405168124,1790296045099271131,152943405171290,152943405194464,23.174,3.715,sent,1000,
3506,152943410167575,152943410168110,1790296045104271126,152943410171236,152943410194500,23.264,3.661,sent,1000,
3507,152943415167575,152943415169808,1790296045109274297,152943415186720,152943415290727,104.007,19.145,sent,1000,
3508,152943420167575,152943420170545,1790296045114274814,152943420187257,152943420291965,104.708,19.682,sent,1000,
3509,152943425167575,152943425169709,1790296045119273917,152943425186631,152943425290197,103.566,19.056,sent,1000,
3510,152943430167575,152943430169594,1790296045124273251,152943430179573,152943430243734,64.161,11.998,sent,1000,
3511,152943435167575,152943435170611,1790296045129274790,152943435187663,152943435293744,106.081,20.088,sent,1000,
3512,152943440167575,152943440169236,1790296045134273414,152943440185286,152943440289734,104.448,17.711,sent,1000,
3513,152943445167575,152943445169842,1790296045139273951,152943445186604,152943445286303,99.699,19.029,sent,1000,
3514,152943450167575,152943450169377,1790296045144273215,152943450179015,152943450238167,59.152,11.44,sent,1000,
3515,152943455167575,152943455169372,1790296045149273911,152943455186194,152943455292355,106.161,18.619,sent,1000,
3516,152943460167575,152943460169397,1790296045154273526,152943460185979,152943460288984,103.005,18.404,sent,1000,
3517,152943465167575,152943465170555,1790296045159274834,152943465188469,152943465291334,102.865,20.894,sent,1000,
3518,152943470167575,152943470169729,1790296045164273998,152943470185058,152943470285248,100.19,17.483,sent,1000,
3519,152943475167575,152943475169924,1790296045169274073,152943475208798,152943475312384,103.586,41.223,sent,1000,
3520,152943480167575,152943480169870,1790296045174274038,152943480186972,152943480238871,51.899,19.397,sent,1000,
3521,152943485167575,152943485169957,1790296045179274687,152943485187110,152943485291378,104.268,19.535,sent,1000,
3522,152943490167575,152943490169592,1790296045184273721,152943490186194,152943490290221,104.027,18.619,sent,1000,
3523,152943495167575,152943495170499,1790296045189274668,152943495186920,152943495293001,106.081,19.345,sent,1000,
3524,152943500167575,152943500170615,1790296045194274813,152943500187847,152943500292977,105.13,20.272,sent,1000,
3525,152943505167575,152943505170500,1790296045199274668,152943505187602,152943505292972,105.37,20.027,sent,1000,
3526,152943510167575,152943510169223,1790296045204273351,152943510185444,152943510290783,105.339,17.869,sent,1000,
3527,152943515167575,152943515169749,1790296045209274659,152943515187563,152943515291891,104.328,19.988,sent,1000,
3528,152943520167575,152943520170586,1790296045214274845,152943520186997,152943520293369,106.372,19.422,sent,1000,
3529,152943525167575,152943525169622,1790296045219273780,152943525186484,152943525291873,105.389,18.909,sent,1000,
3530,152943530167575,152943530170399,1790296045224274567,152943530187170,152943530291458,104.288,19.595,sent,1000,
3531,152943535167575,152943535170464,1790296045229274733,152943535186925,152943535295201,108.276,19.35,sent,1000,
3532,152943540167575,152943540169287,1790296045234272915,152943540178885,152943540234641,55.756,11.31,sent,1000,
3533,152943545167575,152943545170024,1790296045239274112,152943545185764,152943545241690,55.926,18.189,sent,1000,
3534,152943550167575,152943550169929,1790296045244273457,152943550179978,152943550237978,58.0,12.403,sent,1000,
3535,152943555167575,152943555169975,1790296045249274153,152943555187107,152943555291705,104.598,19.532,sent,1000,
3536,152943560167575,152943560169770,1790296045254273928,152943560187112,152943560291811,104.699,19.537,sent,1000,
3537,152943565167575,152943565170497,1790296045259274645,152943565183932,152943565278311,94.379,16.357,sent,1000,
3538,152943570167575,152943570170463,1790296045264274632,152943570187255,152943570293667,106.412,19.68,sent,1000,
3539,152943575167575,152943575169908,1790296045269274136,152943575186760,152943575294634,107.874,19.185,sent,1000,
3540,152943580167575,152943580171025,1790296045274275224,152943580187837,152943580294138,106.301,20.262,sent,1000,
3541,152943585167575,152943585168666,1790296045279272183,152943585177763,152943585238358,60.595,10.188,sent,1000,
3542,152943590167575,152943590168862,1790296045284272369,152943590178420,152943590238975,60.555,10.845,sent,1000,
3543,152943595167575,152943595168577,1790296045289273246,152943595179107,152943595237056,57.949,11.532,sent,1000,
3544,152943600167575,152943600169143,1790296045294273372,152943600185103,152943600293549,108.446,17.528,sent,1000,
3545,152943605167575,152943605170852,1790296045299275131,152943605188134,152943605295227,107.093,20.559,sent,1000,
3546,152943610167575,152943610169235,1790296045304273414,152943610185917,152943610294102,108.185,18.342,sent,1000,
3547,152943615167575,152943615170253,1790296045309274742,152943615187816,152943615292685,104.869,20.241,sent,1000,
3548,152943620167575,152943620170739,1790296045314274928,152943620187651,152943620291197,103.546,20.076,sent,1000,
3549,152943625167575,152943625168951,1790296045319273099,152943625185863,152943625288117,102.254,18.288,sent,1000,
3550,152943630167575,152943630170599,1790296045324274848,152943630187722,152943630295506,107.784,20.147,sent,1000,
3551,152943635167575,152943635169873,1790296045329274353,152943635187797,152943635296804,109.007,20.222,sent,1000,
3552,152943640167575,152943640169268,1790296045334273667,152943640187272,152943640239811,52.539,19.697,sent,1000,
3553,152943645167575,152943645171126,1790296045339275335,152943645187798,152943645301944,114.146,20.223,sent,1000,
3554,152943650167575,152943650168939,1790296045344272877,152943650177765,152943650231347,53.582,10.19,sent,1000,
3555,152943655167575,152943655168203,1790296045349271220,152943655171850,152943655196016,24.166,4.275,sent,1000,
3556,152943660167575,152943660168209,1790296045354271215,152943660171355,152943660194919,23.564,3.78,sent,1000,
3557,152943665167575,152943665168174,1790296045359271180,152943665171631,152943665195165,23.534,4.056,sent,1000,
3558,152943670167575,152943670168300,1790296045364271306,152943670171396,152943670194890,23.494,3.821,sent,1000,
3559,152943675167575,152943675168014,1790296045369271021,152943675171231,152943675194515,23.284,3.656,sent,1000,
3560,152943680167575,152943680168240,1790296045374271237,152943680171366,152943680195061,23.695,3.791,sent,1000,
3561,152943685167575,152943685168236,1790296045379271242,152943685171482,152943685194976,23.494,3.907,sent,1000,
3562,152943690167575,152943690169164,1790296045384272681,152943690178361,152943690238154,59.793,10.786,sent,1000,
3563,152943695167575,152943695169951,1790296045389273799,152943695179640,152943695238501,58.861,12.065,sent,1000,
3564,152943700167575,152943700170468,1790296045394274666,152943700187219,152943700293862,106.643,19.644,sent,1000,
3565,152943705167575,152943705170243,1790296045399274501,152943705186924,152943705292374,105.45,19.349,sent,1000,
3566,152943710167575,152943710168905,1790296045404272423,152943710178423,152943710237886,59.463,10.848,sent,1000,
3567,152943715167575,152943715169582,1790296045409273330,152943715179230,152943715237541,58.311,11.655,sent,1000,
3568,152943720167575,152943720170048,1790296045414274187,152943720186570,152943720291679,105.109,18.995,sent,1000,
3569,152943725167575,152943725169212,1790296045419273341,152943725186114,152943725290372,104.258,18.539,sent,1000,
3570,152943730167575,152943730170670,1790296045424274909,152943730187252,152943730293092,105.84,19.677,sent,1000,
3571,152943735167575,152943735169174,1790296045429273703,152943735179894,152943735240369,60.475,12.319,sent,1000,
3572,152943740167575,152943740169110,1790296045434272627,152943740178147,152943740236728,58.581,10.572,sent,1000,
3573,152943745167575,152943745170528,1790296045439275057,152943745187911,152943745287660,99.749,20.336,sent,1000,
3574,152943750167575,152943750170844,1790296045444275002,152943750188076,152943750295029,106.953,20.501,sent,1000,
3575,152943755167575,152943755170248,1790296045449274517,152943755187761,152943755294053,106.292,20.186,sent,1000,
3576,152943760167575,152943760169803,1790296045454273941,152943760186825,152943760291082,104.257,19.25,sent,1000,
3577,152943765167575,152943765170700,1790296045459274898,152943765187582,152943765293041,105.459,20.007,sent,1000,
3578,152943770167575,152943770169803,1790296045464273942,152943770186335,152943770292095,105.76,18.76,sent,1000,
3579,152943775167575,152943775169819,1790296045469274028,152943775186400,152943775291329,104.929,18.825,sent,1000,
3580,152943780167575,152943780169935,1790296045474274554,152943780186336,152943780288971,102.635,18.761,sent,1000,
3581,152943785167575,152943785170561,1790296045479274750,152943785186141,152943785288265,102.124,18.566,sent,1000,
3582,152943790167575,152943790169605,1790296045484273142,152943790179233,152943790238295,59.062,11.658,sent,1000,
3583,152943795167575,152943795168218,1790296045489271234,152943795172095,152943795197543,25.448,4.52,sent,1000,
3584,152943800167575,152943800170237,1790296045494274376,152943800187700,152943800293881,106.181,20.125,sent,1000,
3585,152943805167575,152943805170032,1790296045499274772,152943805188196,152943805294277,106.081,20.621,sent,1000,
3586,152943810167575,152943810168544,1790296045504272072,152943810177962,152943810232997,55.035,10.387,sent,1000,
3587,152943815167575,152943815169472,1790296045509273179,152943815179120,152943815238883,59.763,11.545,sent,1000,
3588,152943820167575,152943820169629,1790296045514275110,152943820187693,152943820289286,101.593,20.118,sent,1000,
3589,152943825167575,152943825169434,1790296045519273563,152943825185785,152943825291165,105.38,18.21,sent,1000,
3590,152943830167575,152943830169650,1790296045524273247,152943830179759,152943830239402,59.643,12.184,sent,1000,
3591,152943835167575,152943835169886,1790296045529274074,152943835186768,152943835291165,104.397,19.193,sent,1000,
3592,152943840167575,152943840169861,1790296045534274019,152943840186613,152943840291561,104.948,19.038,sent,1000,
3593,152943845167575,152943845170317,1790296045539274446,152943845186438,152943845287870,101.432,18.863,sent,1000,
3594,152943850167575,152943850169140,1790296045544273670,152943850179660,152943850237770,58.11,12.085,sent,1000,
3595,152943855167575,152943855170067,1790296045549274557,152943855187661,152943855291558,103.897,20.086,sent,1000,
3596,152943860167575,152943860169394,1790296045554273582,152943860186596,152943860289050,102.454,19.021,sent,1000,
3597,152943865167575,152943865170000,1790296045559274770,152943865188135,152943865293805,105.67,20.56,sent,1000,
3598,152943870167575,152943870169855,1790296045564274104,152943870185705,152943870288961,103.256,18.13,sent,1000,
3599,152943875167575,152943875168728,1790296045569272226,152943875178236,152943875238370,60.134,10.661,sent,1000,
3600,152943880167575,152943880169926,1790296045574274275,152943880186808,152943880290164,103.356,19.233,sent,1000,
3601,152943885167575,152943885169931,1790296045579274210,152943885186834,152943885293225,106.391,19.259,sent,1000,
3602,152943890167575,152943890168875,1790296045584272823,152943890182140,152943890265658,83.518,14.565,sent,1000,
3603,152943895167575,152943895168419,1790296045589271586,152943895178478,152943895251377,72.899,10.903,sent,1000,
3604,152943900167575,152943900168315,1790296045594271782,152943900200145,152943900273013,72.868,32.57,sent,1000,
3605,152943905167575,152943905168312,1790296045599272079,152943905177820,152943905221723,43.903,10.245,sent,1000,
3606,152943910167575,152943910168107,1790296045604271123,152943910171753,152943910194426,22.673,4.178,sent,1000,
3607,152943915167575,152943915168302,1790296045609271329,152943915171679,152943915194732,23.053,4.104,sent,1000,
3608,152943920167575,152943920168618,1790296045614271635,152943920171844,152943920194698,22.854,4.269,sent,1000,
3609,152943925167575,152943925168483,1790296045619271510,152943925171760,152943925196116,24.356,4.185,sent,1000,
3610,152943930167575,152943930168258,1790296045624271285,152943930171414,152943930194458,23.044,3.839,sent,1000,
3611,152943935167575,152943935167903,1790296045629270799,152943935170117,152943935185166,15.049,2.542,sent,1000,
3612,152943940167575,152943940168129,1790296045634271145,152943940171425,152943940193818,22.393,3.85,sent,1000,
3613,152943945167575,152943945168046,1790296045639271062,152943945171272,152943945194055,22.783,3.697,sent,1000,
3614,152943950167575,152943950168302,1790296045644271328,152943950171668,152943950195393,23.725,4.093,sent,1000,
3615,152943955167575,152943955169389,1790296045649274219,152943955187273,152943955292733,105.46,19.698,sent,1000,
3616,152943960167575,152943960169495,1790296045654273703,152943960186146,152943960290694,104.548,18.571,sent,1000,
3617,152943965167575,152943965169410,1790296045659274170,152943965186001,152943965284097,98.096,18.426,sent,1000,
3618,152943970167575,152943970170597,1790296045664274776,152943970188121,152943970294302,106.181,20.546,sent,1000,
3619,152943975167575,152943975169360,1790296045669272918,152943975178658,152943975236608,57.95,11.083,sent,1000,
3620,152943980167575,152943980170107,1790296045674274566,152943980187019,152943980291768,104.749,19.444,sent,1000,
3621,152943985167575,152943985170474,1790296045679274652,152943985186724,152943985283007,96.283,19.149,sent,1000,
3622,152943990167575,152943990169609,1790296045684273286,152943990178726,152943990238058,59.332,11.151,sent,1000,
3623,152943995167575,152943995170365,1790296045689274614,152943995187939,152943995291385,103.446,20.364,sent,1000,
3624,152944000167575,152944000168988,1790296045694273197,152944000178246,152944000227519,49.273,10.671,sent,1000,
3625,152944005167575,152944005167831,1790296045699270988,152944005172110,152944005189172,17.062,4.535,sent,1000,
3626,152944010167575,152944010168157,1790296045704271164,152944010171704,152944010197212,25.508,4.129,sent,1000,
3627,152944015167575,152944015168273,1790296045709271279,152944015171449,152944015195414,23.965,3.874,sent,1000,
3628,152944020167575,152944020169731,1790296045714273519,152944020177927,152944020229625,51.698,10.352,sent,1000,
3629,152944025167575,152944025168314,1790296045719271321,152944025171751,152944025197169,25.418,4.176,sent,1000,
3630,152944030167575,152944030168110,1790296045724271117,152944030171387,152944030195472,24.085,3.812,sent,1000,
3631,152944035167575,152944035184186,1790296045729287213,152944035187773,152944035211067,23.294,20.198,sent,1000,
3632,152944040167575,152944040168262,1790296045734271278,152944040171407,152944040195102,23.695,3.832,sent,1000,
3633,152944045167575,152944045168437,1790296045739271494,152944045172074,152944045196540,24.466,4.499,sent,1000,
3634,152944050167575,152944050169525,1790296045744273363,152944050178622,152944050237293,58.671,11.047,sent,1000,
3635,152944055167575,152944055170011,1790296045749274180,152944055187324,152944055296561,109.237,19.749,sent,1000,
3636,152944060167575,152944060168553,1790296045754272071,152944060177781,152944060239247,61.466,10.206,sent,1000,
3637,152944065167575,152944065170122,1790296045759274190,152944065186443,152944065284038,97.595,18.868,sent,1000,
3638,152944070167575,152944070169557,1790296045764273285,152944070178975,152944070240191,61.216,11.4,sent,1000,
3639,152944075167575,152944075169754,1790296045769273902,152944075186906,152944075295091,108.185,19.331,sent,1000,
3640,152944080167575,152944080170220,1790296045774274689,152944080187152,152944080295768,108.616,19.577,sent,1000,
3641,152944085167575,152944085170656,1790296045779275035,152944085187768,152944085297426,109.658,20.193,sent,1000,
3642,152944090167575,152944090168898,1790296045784272616,152944090179678,152944090236186,56.508,12.103,sent,1000,
3643,152944095167575,152944095170376,1790296045789274745,152944095186106,152944095264965,78.859,18.531,sent,1000,
3644,152944100167575,152944100167777,1790296045794271054,152944100172355,152944100192083,19.728,4.78,sent,1000,
3645,152944105167575,152944105168213,1790296045799271249,152944105172761,152944105201556,28.795,5.186,sent,1000,
3646,152944110167575,152944110169612,1790296045804273861,152944110186925,152944110262568,75.643,19.35,sent,1000,
3647,152944115167575,152944115169368,1790296045809273616,152944115210475,152944115318951,108.476,42.9,sent,1000,
3648,152944120167575,152944120169734,1790296045814274834,152944120186555,152944120291564,105.009,18.98,sent,1000,
3649,152944125167575,152944125169298,1790296045819273557,152944125185429,152944125287863,102.434,17.854,sent,1000,
3650,152944130167575,152944130170035,1790296045824274554,152944130186496,152944130290663,104.167,18.921,sent,1000,
3651,152944135167575,152944135204265,1790296045829308464,152944135221157,152944135333620,112.463,53.582,sent,1000,
3652,152944140167575,152944140169434,1790296045834273783,152944140188491,152944140284703,96.212,20.916,sent,1000,
3653,152944145167575,152944145169680,1790296045839274280,152944145186662,152944145292222,105.56,19.087,sent,1000,
3654,152944150167575,152944150169495,1790296045844273734,152944150186017,152944150286487,100.47,18.442,sent,1000,
3655,152944155167575,152944155168410,1790296045849272418,152944155178028,152944155207484,29.456,10.453,sent,1000,
3656,152944160167575,152944160168225,1790296045854271232,152944160171702,152944160195617,23.915,4.127,sent,1000,
3657,152944165167575,152944165168191,1790296045859271207,152944165171527,152944165194360,22.833,3.952,sent,1000,
3658,152944170167575,152944170168316,1790296045864271323,152944170171472,152944170195458,23.986,3.897,sent,1000,
3659,152944175167575,152944175168211,1790296045869271218,152944175171468,152944175197136,25.668,3.893,sent,1000,
3660,152944180167575,152944180169980,1790296045874274429,152944180186762,152944180290118,103.356,19.187,sent,1000,
3661,152944185167575,152944185167972,1790296045879270908,152944185171128,152944185190354,19.226,3.553,sent,1000,
3662,152944190167575,152944190169991,1790296045884274861,152944190186973,152944190299156,112.183,19.398,sent,1000,
3663,152944195167575,152944195169166,1790296045889273284,152944195179285,152944195238718,59.433,11.71,sent,1000,
3664,152944200167575,152944200168641,1790296045894273010,152944200184040,152944200273549,89.509,16.465,sent,1000,
3665,152944205167575,152944205167854,1790296045899270801,152944205171361,152944205195737,24.376,3.786,sent,1000,
3666,152944210167575,152944210169493,1790296045904273672,152944210186094,152944210291714,105.62,18.519,sent,1000,
3667,152944215167575,152944215169198,1790296045909273717,152944215179367,152944215238479,59.112,11.792,sent,1000,
3668,152944220167575,152944220169864,1790296045914274354,152944220186496,152944220292296,105.8,18.921,sent,1000,
3669,152944225167575,152944225169790,1790296045919273898,152944225186812,152944225290348,103.536,19.237,sent,1000,
3670,152944230167575,152944230169424,1790296045924273573,152944230178531,152944230234387,55.856,10.956,sent,1000,
3671,152944235167575,152944235168398,1790296045929271414,152944235172034,152944235196922,24.888,4.459,sent,1000,
3672,152944240167575,152944240169437,1790296045934274257,152944240186128,152944240292139,106.011,18.553,sent,1000,
3673,152944245167575,152944245169913,1790296045939274122,152944245186033,152944245291143,105.11,18.458,sent,1000,
3674,152944250167575,152944250169878,1790296045944273526,152944250180138,152944250238328,58.19,12.563,sent,1000,
3675,152944255167575,152944255168060,1790296045949270996,152944255171136,152944255190212,19.076,3.561,sent,1000,
3676,152944260167575,152944260169729,1790296045954273967,152944260185499,152944260292271,106.772,17.924,sent,1000,
3677,152944265167575,152944265168251,1790296045959271258,152944265172149,152944265196475,24.326,4.574,sent,1000,
3678,152944270167575,152944270169940,1790296045964274148,152944270186742,152944270292923,106.181,19.167,sent,1000,
3679,152944275167575,152944275169645,1790296045969273152,152944275178902,152944275237794,58.892,11.327,sent,1000,
3680,152944280167575,152944280169592,1790296045974274231,152944280186594,152944280289960,103.366,19.019,sent,1000,
3681,152944285167575,152944285169517,1790296045979274767,152944285187230,152944285292009,104.779,19.655,sent,1000,
3682,152944290167575,152944290168711,1790296045984272779,152944290183709,152944290283258,99.549,16.134,sent,1000,
3683,152944295167575,152944295168846,1790296045989273275,152944295177713,152944295224742,47.029,10.138,sent,1000,
3684,152944300167575,152944300170004,1790296045994274212,152944300186245,152944300289801,103.556,18.67,sent,1000,
3685,152944305167575,152944305168206,1790296045999271212,152944305171843,152944305196069,24.226,4.268,sent,1000,
3686,152944310167575,152944310169163,1790296046004272831,152944310178631,152944310236951,58.32,11.056,sent,1000,
3687,152944315167575,152944315170541,1790296046009274780,152944315187854,152944315291901,104.047,20.279,sent,1000,
3688,152944320167575,152944320170486,1790296046014274965,152944320187128,152944320290464,103.336,19.553,sent,1000,
3689,152944325167575,152944325170092,1790296046019274532,152944325206992,152944325303095,96.103,39.417,sent,1000,
3690,152944330167575,152944330169567,1790296046024274146,152944330187030,152944330291518,104.488,19.455,sent,1000,
3691,152944335167575,152944335170244,1790296046029274633,152944335186715,152944335290331,103.616,19.14,sent,1000,
3692,152944340167575,152944340169578,1790296046034274748,152944340187171,152944340290667,103.496,19.596,sent,1000,
3693,152944345167575,152944345170535,1790296046039274693,152944345186926,152944345291424,104.498,19.351,sent,1000,
3694,152944350167575,152944350169558,1790296046044273096,152944350178235,152944350237928,59.693,10.66,sent,1000,
3695,152944355167575,152944355169864,1790296046049274363,152944355187718,152944355292677,104.959,20.143,sent,1000,
3696,152944360167575,152944360169810,1790296046054273988,152944360186531,152944360291550,105.019,18.956,sent,1000,
3697,152944365167575,152944365170398,1790296046059274506,152944365186188,152944365285275,99.087,18.613,sent,1000,
3698,152944370167575,152944370169501,1790296046064273069,152944370179210,152944370238412,59.202,11.635,sent,1000,
3699,152944375167575,152944375169757,1790296046069274237,152944375186168,152944375289825,103.657,18.593,sent,1000,
3700,152944380167575,152944380170785,1790296046074274953,152944380187606,152944380292916,105.31,20.031,sent,1000,
3701,152944385167575,152944385170079,1790296046079274147,152944385185678,152944385285137,99.459,18.103,sent,1000,
3702,152944390167575,152944390169934,1790296046084274062,152944390185593,152944390291755,106.162,18.018,sent,1000,
3703,152944395167575,152944395170049,1790296046089274208,152944395186591,152944395296820,110.229,19.016,sent,1000,
3704,152944400167575,152944400169444,1790296046094274624,152944400186736,152944400289832,103.096,19.161,sent,1000,
3705,152944405167575,152944405169539,1790296046099274710,152944405187724,152944405291110,103.386,20.149,sent,1000,
3706,152944410167575,152944410169055,1790296046104272562,152944410178633,152944410237685,59.052,11.058,sent,1000,
3707,152944415167575,152944415170623,1790296046109274852,152944415187946,152944415294718,106.772,20.371,sent,1000,
3708,152944420167575,152944420170518,1790296046114275068,152944420187070,152944420292560,105.49,19.495,sent,1000,
3709,152944425167575,152944425170454,1790296046119274562,152944425186053,152944425283488,97.435,18.478,sent,1000,
3710,152944430167575,152944430169567,1790296046124273205,152944430179176,152944430238829,59.653,11.601,sent,1000,
3711,152944435167575,152944435169422,1790296046129273581,152944435186485,152944435294049,107.564,18.91,sent,1000,
3712,152944440167575,152944440170149,1790296046134275079,152944440187803,152944440295096,107.293,20.228,sent,1000,
3713,152944445167575,152944445170435,1790296046139274544,152944445185995,152944445284291,98.296,18.42,sent,1000,
3714,152944450167575,152944450169591,1790296046144273699,152944450179549,152944450238842,59.293,11.974,sent,1000,
3715,152944455167575,152944455170417,1790296046149274666,152944455187710,152944455293721,106.011,20.135,sent,1000,
3716,152944460167575,152944460169742,1790296046154274151,152944460186093,152944460285401,99.308,18.518,sent,1000,
3717,152944465167575,152944465170558,1790296046159274717,152944465186980,152944465292149,105.169,19.405,sent,1000,
3718,152944470167575,152944470170654,1790296046164274823,152944470187847,152944470291723,103.876,20.272,sent,1000,
3719,152944475167575,152944475169147,1790296046169273065,152944475179025,152944475238568,59.543,11.45,sent,1000,
3720,152944480167575,152944480170384,1790296046174274573,152944480186735,152944480290772,104.037,19.16,sent,1000,
3721,152944485167575,152944485170059,1790296046179274418,152944485185969,152944485284786,98.817,18.394,sent,1000,
3722,152944490167575,152944490170906,1790296046184275486,152944490188330,152944490292717,104.387,20.755,sent,1000,
3723,152944495167575,152944495168238,1790296046189271314,152944495172375,152944495193365,20.99,4.8,sent,1000,
3724,152944500167575,152944500169696,1790296046194274115,152944500186327,152944500289934,103.607,18.752,sent,1000,
3725,152944505167575,152944505170683,1790296046199274862,152944505187144,152944505294147,107.003,19.569,sent,1000,
3726,152944510167575,152944510169646,1790296046204274176,152944510186478,152944510275998,89.52,18.903,sent,1000,
3727,152944515167575,152944515170323,1790296046209274822,152944515187916,152944515291994,104.078,20.341,sent,1000,
3728,152944520167575,152944520169827,1790296046214274297,152944520186539,152944520289484,102.945,18.964,sent,1000,
3729,152944525167575,152944525169382,1790296046219274693,152944525186715,152944525293557,106.842,19.14,sent,1000,
3730,152944530167575,152944530169959,1790296046224274448,152944530187452,152944530293814,106.362,19.877,sent,1000,
3731,152944535167575,152944535169705,1790296046229273954,152944535186407,152944535289292,102.885,18.832,sent,1000,
3732,152944540167575,152944540169160,1790296046234273398,152944540185711,152944540289738,104.027,18.136,sent,1000,
3733,152944545167575,152944545168243,1790296046239271250,152944545172081,152944545196607,24.526,4.506,sent,1000,
3734,152944550167575,152944550169932,1790296046244273670,152944550179239,152944550239484,60.245,11.664,sent,1000,
3735,152944555167575,152944555170749,1790296046249274937,152944555187831,152944555297639,109.808,20.256,sent,1000,
3736,152944560167575,152944560169672,1790296046254274011,152944560186825,152944560292876,106.051,19.25,sent,1000,
3737,152944565167575,152944565170048,1790296046259274527,152944565186078,152944565286759,100.681,18.503,sent,1000,
3738,152944570167575,152944570170595,1790296046264274784,152944570187868,152944570293078,105.21,20.293,sent,1000,
3739,152944575167575,152944575169209,1790296046269273808,152944575179468,152944575240995,61.527,11.893,sent,1000,
3740,152944580167575,152944580170617,1790296046274274776,152944580187068,152944580291316,104.248,19.493,sent,1000,
3741,152944585167575,152944585170171,1790296046279274350,152944585187084,152944585291211,104.127,19.509,sent,1000,
3742,152944590167575,152944590170357,1790296046284274476,152944590187169,152944590292960,105.791,19.594,sent,1000,
3743,152944595167575,152944595169942,1790296046289274431,152944595187295,152944595296782,109.487,19.72,sent,1000,
3744,152944600167575,152944600169296,1790296046294274226,152944600185396,152944600243667,58.271,17.821,sent,1000,
3745,152944605167575,152944605170113,1790296046299274382,152944605187065,152944605275663,88.598,19.49,sent,1000,
3746,152944610167575,152944610170198,1790296046304274327,152944610186619,152944610296157,109.538,19.044,sent,1000,
3747,152944615167575,152944615169534,1790296046309274614,152944615187137,152944615296013,108.876,19.562,sent,1000,
3748,152944620167575,152944620170421,1790296046314274580,152944620187083,152944620294466,107.383,19.508,sent,1000,
3749,152944625167575,152944625170547,1790296046319275507,152944625186367,152944625278201,91.834,18.792,sent,1000,
3750,152944630167575,152944630170712,1790296046324274901,152944630187875,152944630295629,107.754,20.3,sent,1000,
3751,152944635167575,152944635170407,1790296046329274826,152944635187299,152944635291016,103.717,19.724,sent,1000,
3752,152944640167575,152944640170032,1790296046334274180,152944640187254,152944640295660,108.406,19.679,sent,1000,
3753,152944645167575,152944645170749,1790296046339275007,152944645188061,152944645292269,104.208,20.486,sent,1000,
3754,152944650167575,152944650168981,1790296046344273600,152944650177166,152944650229365,52.199,9.591,sent,1000,
3755,152944655167575,152944655168196,1790296046349271202,152944655172033,152944655198093,26.06,4.458,sent,1000,
3756,152944660167575,152944660168312,1790296046354271328,152944660171758,152944660195844,24.086,4.183,sent,1000,
3757,152944665167575,152944665168137,1790296046359271133,152944665171333,152944665194136,22.803,3.758,sent,1000,
3758,152944670167575,152944670168202,1790296046364271209,152944670171358,152944670195173,23.815,3.783,sent,1000,
3759,152944675167575,152944675168037,1790296046369271044,152944675171233,152944675194187,22.954,3.658,sent,1000,
3760,152944680167575,152944680170357,1790296046374274896,152944680187119,152944680290274,103.155,19.544,sent,1000,
3761,152944685167575,152944685168359,1790296046379271375,152944685172156,152944685196131,23.975,4.581,sent,1000,
3762,152944690167575,152944690170478,1790296046384274697,152944690186789,152944690299993,113.204,19.214,sent,1000,
3763,152944695167575,152944695170063,1790296046389273610,152944695179661,152944695240757,61.096,12.086,sent,1000,
3764,152944700167575,152944700170380,1790296046394274599,152944700187102,152944700291099,103.997,19.527,sent,1000,
3765,152944705167575,152944705170546,1790296046399274735,152944705187418,152944705290533,103.115,19.843,sent,1000,
3766,152944710167575,152944710170181,1790296046404274439,152944710187273,152944710293575,106.302,19.698,sent,1000,
3767,152944715167575,152944715170006,1790296046409273523,152944715180035,152944715239858,59.823,12.46,sent,1000,
3768,152944720167575,152944720170302,1790296046414274470,152944720187124,152944720294687,107.563,19.549,sent,1000,
3769,152944725167575,152944725170347,1790296046419274716,152944725187069,152944725294082,107.013,19.494,sent,1000,
3770,152944730167575,152944730170673,1790296046424274812,152944730187164,152944730291011,103.847,19.589,sent,1000,
3771,152944735167575,152944735170598,1790296046429274767,152944735187500,152944735291608,104.108,19.925,sent,1000,
3772,152944740167575,152944740170756,1790296046434274994,152944740187487,152944740294761,107.274,19.912,sent,1000,
3773,152944745167575,152944745170270,1790296046439274589,152944745187202,152944745294135,106.933,19.627,sent,1000,
3774,152944750167575,152944750170025,1790296046444274434,152944750208929,152944750311102,102.173,41.354,sent,1000,
3775,152944755167575,152944755169449,1790296046449274209,152944755186371,152944755290308,103.937,18.796,sent,1000,
3776,152944760167575,152944760170006,1790296046454274184,152944760186066,152944760292117,106.051,18.491,sent,1000,
3777,152944765167575,152944765169540,1790296046459274090,152944765186112,152944765291541,105.429,18.537,sent,1000,
3778,152944770167575,152944770170487,1790296046464274816,152944770187399,152944770293040,105.641,19.824,sent,1000,
3779,152944775167575,152944775170172,1790296046469274561,152944775186303,152944775290300,103.997,18.728,sent,1000,
3780,152944780167575,152944780170620,1790296046474274809,152944780186390,152944780292080,105.69,18.815,sent,1000,
3781,152944785167575,152944785170415,1790296046479274634,152944785186896,152944785292156,105.26,19.321,sent,1000,
3782,152944790167575,152944790169529,1790296046484274168,152944790186381,152944790291770,105.389,18.806,sent,1000,
3783,152944795167575,152944795169845,1790296046489273362,152944795179423,152944795239647,60.224,11.848,sent,1000,
3784,152944800167575,152944800212511,1790296046494316008,152944800221418,152944800281081,59.663,53.843,sent,1000,
3785,152944805167575,152944805169645,1790296046499274124,152944805187870,152944805293570,105.7,20.295,sent,1000,
3786,152944810167575,152944810170191,1790296046504274290,152944810186843,152944810291301,104.458,19.268,sent,1000,
3787,152944815167575,152944815169546,1790296046509274926,152944815188261,152944815293410,105.149,20.686,sent,1000,
3788,152944820167575,152944820169892,1790296046514274361,152944820185892,152944820290651,104.759,18.317,sent,1000,
3789,152944825167575,152944825169979,1790296046519274679,152944825186631,152944825291740,105.109,19.056,sent,1000,
3790,152944830167575,152944830170285,1790296046524274774,152944830186957,152944830292376,105.419,19.382,sent,1000,
3791,152944835167575,152944835169128,1790296046529273217,152944835185830,152944835290017,104.187,18.255,sent,1000,
3792,152944840167575,152944840170386,1790296046534274585,152944840186096,152944840289962,103.866,18.521,sent,1000,
3793,152944845167575,152944845169980,1790296046539274750,152944845187003,152944845290629,103.626,19.428,sent,1000,
3794,152944850167575,152944850169435,1790296046544273493,152944850179023,152944850239558,60.535,11.448,sent,1000,
3795,152944855167575,152944855169470,1790296046549273689,152944855186853,152944855290560,103.707,19.278,sent,1000,
3796,152944860167575,152944860170087,1790296046554274696,152944860187129,152944860288301,101.172,19.554,sent,1000,
3797,152944865167575,152944865170314,1790296046559274493,152944865187126,152944865290983,103.857,19.551,sent,1000,
3798,152944870167575,152944870171031,1790296046564275220,152944870187643,152944870291960,104.317,20.068,sent,1000,
3799,152944875167575,152944875169524,1790296046569273652,152944875179352,152944875237012,57.66,11.777,sent,1000,
3800,152944880167575,152944880170882,1790296046574275090,152944880187253,152944880289536,102.283,19.678,sent,1000,
3801,152944885167575,152944885169474,1790296046579273683,152944885186687,152944885289542,102.855,19.112,sent,1000,
3802,152944890167575,152944890169940,1790296046584273618,152944890179769,152944890238110,58.341,12.194,sent,1000,
3803,152944895167575,152944895170557,1790296046589274736,152944895187910,152944895294041,106.131,20.335,sent,1000,
3804,152944900167575,152944900169941,1790296046594273479,152944900179119,152944900237529,58.41,11.544,sent,1000,
3805,152944905167575,152944905169917,1790296046599274065,152944905186759,152944905290545,103.786,19.184,sent,1000,
3806,152944910167575,152944910170645,1790296046604274784,152944910187668,152944910290252,102.584,20.093,sent,1000,
3807,152944915167575,152944915169278,1790296046609274359,152944915187363,152944915290458,103.095,19.788,sent,1000,
3808,152944920167575,152944920170436,1790296046614274665,152944920187167,152944920291445,104.278,19.592,sent,1000,
3809,152944925167575,152944925169790,1790296046619273999,152944925186602,152944925292873,106.271,19.027,sent,1000,
3810,152944930167575,152944930170477,1790296046624274725,152944930187158,152944930296275,109.117,19.583,sent,1000,
3811,152944935167575,152944935170933,1790296046629275071,152944935187554,152944935293555,106.001,19.979,sent,1000,
3812,152944940167575,152944940170087,1790296046634274476,152944940186337,152944940289292,102.955,18.762,sent,1000,
3813,152944945167575,152944945170022,1790296046639274201,152944945186072,152944945285821,99.749,18.497,sent,1000,
3814,152944950167575,152944950170259,1790296046644274518,152944950185989,152944950291930,105.941,18.414,sent,1000,
3815,152944955167575,152944955170184,1790296046649274393,152944955187177,152944955292957,105.78,19.602,sent,1000,
3816,152944960167575,152944960169949,1790296046654274649,152944960187513,152944960289957,102.444,19.938,sent,1000,
3817,152944965167575,152944965170205,1790296046659274394,152944965210782,152944965312084,101.302,43.207,sent,1000,
3818,152944970167575,152944970170401,1790296046664274549,152944970186431,152944970293143,106.712,18.856,sent,1000,
3819,152944975167575,152944975169615,1790296046669273373,152944975179664,152944975238756,59.092,12.089,sent,1000,
3820,152944980167575,152944980169310,1790296046674274240,152944980186813,152944980291000,104.187,19.238,sent,1000,
3821,152944985167575,152944985170607,1790296046679274726,152944985186898,152944985291046,104.148,19.323,sent,1000,
3822,152944990167575,152944990170875,1790296046684275054,152944990187507,152944990291805,104.298,19.932,sent,1000,
3823,152944995167575,152944995171091,1790296046689275260,152944995188374,152944995292030,103.656,20.799,sent,1000,
3824,152945000167575,152945000169033,1790296046694273221,152945000185424,152945000286535,101.111,17.849,sent,1000,
3825,152945005167575,152945005170361,1790296046699274549,152945005187493,152945005294596,107.103,19.918,sent,1000,
3826,152945010167575,152945010170797,1790296046704274965,152945010186697,152945010291956,105.259,19.122,sent,1000,
3827,152945015167575,152945015169740,1790296046709274219,152945015186863,152945015290198,103.335,19.288,sent,1000,
3828,152945020167575,152945020169505,1790296046714273433,152945020179173,152945020238095,58.922,11.598,sent,1000,
3829,152945025167575,152945025170432,1790296046719274961,152945025187044,152945025291301,104.257,19.469,sent,1000,
3830,152945030167575,152945030169296,1790296046724273274,152945030178944,152945030239169,60.225,11.369,sent,1000,
3831,152945035167575,152945035170945,1790296046729275124,152945035187567,152945035290081,102.514,19.992,sent,1000,
3832,152945040167575,152945040170129,1790296046734274288,152945040186350,152945040290317,103.967,18.775,sent,1000,
3833,152945045167575,152945045170435,1790296046739274614,152945045188009,152945045293038,105.029,20.434,sent,1000,
3834,152945050167575,152945050170571,1790296046744274729,152945050186581,152945050277614,91.033,19.006,sent,1000,
3835,152945055167575,152945055170396,1790296046749274554,152945055188701,152945055294090,105.389,21.126,sent,1000,
3836,152945060167575,152945060170782,1790296046754274890,152945060187323,152945060296049,108.726,19.748,sent,1000,
3837,152945065167575,152945065169094,1790296046759273022,152945065178101,152945065233967,55.866,10.526,sent,1000,
3838,152945070167575,152945070168159,1790296046764271175,152945070171445,152945070194949,23.504,3.87,sent,1000,
3839,152945075167575,152945075168485,1790296046769271502,152945075171852,152945075195216,23.364,4.277,sent,1000,
3840,152945080167575,152945080168240,1790296046774271257,152945080171897,152945080191104,19.207,4.322,sent,1000,
3841,152945085167575,152945085168055,1790296046779271072,152945085171432,152945085194756,23.324,3.857,sent,1000,
3842,152945090167575,152945090168441,1790296046784271478,152945090172399,152945090197777,25.378,4.824,sent,1000,
3843,152945095167575,152945095169048,1790296046789273527,152945095179007,152945095235043,56.036,11.432,sent,1000,
3844,152945100167575,152945100167931,1790296046794270988,152945100172790,152945100194982,22.192,5.215,sent,1000,
3845,152945105167575,152945105168107,1790296046799271023,152945105170582,152945105186301,15.719,3.007,sent,1000,
3846,152945110167575,152945110168333,1790296046804271219,152945110169465,152945110183311,13.846,1.89,sent,1000,
3847,152945115167575,152945115167989,1790296046809270855,152945115169391,152945115184220,14.829,1.816,sent,1000,
3848,152945120167575,152945120167914,1790296046814270791,152945120169157,152945120183604,14.447,1.582,sent,1000,
3849,152945125167575,152945125168020,1790296046819270876,152945125169342,152945125183389,14.047,1.767,sent,1000,
3850,152945130167575,152945130168136,1790296046824271152,152945130171602,152945130195016,23.414,4.027,sent,1000,
3851,152945135167575,152945135305682,1790296046829408698,152945135309028,152945135332412,23.384,141.453,sent,1000,
3852,152945140167575,152945140168036,1790296046834271063,152945140171202,152945140190849,19.647,3.627,sent,1000,
3853,152945145167575,152945145170075,1790296046839273953,152945145179613,152945145276267,96.654,12.038,sent,1000,
3854,152945150167575,152945150169089,1790296046844273257,152945150186822,152945150277284,90.462,19.247,sent,1000,
3855,152945155167575,152945155167993,1790296046849272362,152945155175287,152945155203761,28.474,7.712,sent,1000,
3856,152945160167575,152945160168230,1790296046854271256,152945160172718,152945160197705,24.987,5.143,sent,1000,
3857,152945165167575,152945165168235,1790296046859271251,152945165171972,152945165196549,24.577,4.397,sent,1000,
3858,152945170167575,152945170169974,1790296046864274433,152945170186385,152945170273951,87.566,18.81,sent,1000,
3859,152945175167575,152945175169248,1790296046869273206,152945175192041,152945175307209,115.168,24.466,sent,1000,
3860,152945180167575,152945180170245,1790296046874274393,152945180187267,152945180289160,101.893,19.692,sent,1000,
3861,152945185167575,152945185169208,1790296046879273497,152945185179658,152945185258588,78.93,12.083,sent,1000,
3862,152945190167575,152945190170676,1790296046884275156,152945190187999,152945190288480,100.481,20.424,sent,1000,
3863,152945195167575,152945195170041,1790296046889274280,152945195186753,152945195295149,108.396,19.178,sent,1000,
3864,152945200167575,152945200170197,1790296046894274356,152945200187059,152945200291748,104.689,19.484,sent,1000,
3865,152945205167575,152945205169762,1790296046899273640,152945205179571,152945205238893,59.322,11.996,sent,1000,
3866,152945210167575,152945210169587,1790296046904273235,152945210178855,152945210240351,61.496,11.28,sent,1000,
3867,152945215167575,152945215170654,1790296046909274813,152945215186524,152945215295311,108.787,18.949,sent,1000,
3868,152945220167575,152945220170560,1790296046914274768,152945220186750,152945220288994,102.244,19.175,sent,1000,
3869,152945225167575,152945225169974,1790296046919274483,152945225187166,152945225292205,105.039,19.591,sent,1000,
3870,152945230167575,152945230169829,1790296046924274418,152945230187292,152945230292551,105.259,19.717,sent,1000,
3871,152945235167575,152945235169975,1790296046929274444,152945235187227,152945235294040,106.813,19.652,sent,1000,
3872,152945240167575,152945240170754,1790296046934274952,152945240187836,152945240294949,107.113,20.261,sent,1000,
3873,152945245167575,152945245170659,1790296046939274908,152945245188102,152945245293231,105.129,20.527,sent,1000,
3874,152945250167575,152945250169101,1790296046944273270,152945250186324,152945250291974,105.65,18.749,sent,1000,
3875,152945255167575,152945255170018,1790296046949273546,152945255179697,152945255239129,59.432,12.122,sent,1000,
3876,152945260167575,152945260170615,1790296046954274813,152945260187417,152945260291394,103.977,19.842,sent,1000,
3877,152945265167575,152945265170260,1790296046959274428,152945265186881,152945265293112,106.231,19.306,sent,1000,
3878,152945270167575,152945270170235,1790296046964274844,152945270186977,152945270291785,104.808,19.402,sent,1000,
3879,152945275167575,152945275171082,1790296046969275230,152945275187273,152945275291721,104.448,19.698,sent,1000,
3880,152945280167575,152945280168695,1790296046974272232,152945280178403,152945280233327,54.924,10.828,sent,1000,
3881,152945285167575,152945285170003,1790296046979274492,152945285186985,152945285290431,103.446,19.41,sent,1000,
3882,152945290167575,152945290170168,1790296046984274357,152945290186579,152945290291268,104.689,19.004,sent,1000,
3883,152945295167575,152945295170915,1790296046989275124,152945295187707,152945295291283,103.576,20.132,sent,1000,
3884,152945300167575,152945300170369,1790296046994274879,152945300187241,152945300291118,103.877,19.666,sent,1000,
3885,152945305167575,152945305169864,1790296046999273401,152945305179602,152945305238845,59.243,12.027,sent,1000,
3886,152945310167575,152945310169969,1790296047004274439,152945310186992,152945310292271,105.279,19.417,sent,1000,
3887,152945315167575,152945315170716,1790296047009274855,152945315187488,152945315295352,107.864,19.913,sent,1000,
3888,152945320167575,152945320169950,1790296047014274640,152945320187554,152945320292172,104.618,19.979,sent,1000,
3889,152945325167575,152945325170459,1790296047019274657,152945325187190,152945325289755,102.565,19.615,sent,1000,
3890,152945330167575,152945330169222,1790296047024272739,152945330178139,152945330234555,56.416,10.564,sent,1000,
3891,152945335167575,152945335170620,1790296047029274838,152945335187702,152945335290767,103.065,20.127,sent,1000,
3892,152945340167575,152945340170665,1790296047034274864,152945340187437,152945340290602,103.165,19.862,sent,1000,
3893,152945345167575,152945345169979,1790296047039273537,152945345179257,152945345237998,58.741,11.682,sent,1000,
3894,152945350167575,152945350169934,1790296047044273482,152945350179252,152945350238284,59.032,11.677,sent,1000,
3895,152945355167575,152945355170681,1790296047049274910,152945355188685,152945355295217,106.532,21.11,sent,1000,
3896,152945360167575,152945360170877,1790296047054275086,152945360187729,152945360291425,103.696,20.154,sent,1000,
3897,152945365167575,152945365170564,1790296047059274762,152945365187145,152945365291663,104.518,19.57,sent,1000,
3898,152945370167575,152945370170188,1790296047064273716,152945370180027,152945370240010,59.983,12.452,sent,1000,
3899,152945375167575,152945375169552,1790296047069274042,152945375187356,152945375293718,106.362,19.781,sent,1000,
3900,152945380167575,152945380170499,1790296047074274658,152945380186911,152945380289515,102.604,19.336,sent,1000,
3901,152945385167575,152945385169814,1790296047079273962,152945385186165,152945385292476,106.311,18.59,sent,1000,
3902,152945390167575,152945390170801,1790296047084274929,152945390187452,152945390293533,106.081,19.877,sent,1000,
3903,152945395167575,152945395170275,1790296047089274504,152945395187177,152945395291525,104.348,19.602,sent,1000,
3904,152945400167575,152945400170411,1790296047094274599,152945400187824,152945400243169,55.345,20.249,sent,1000,
3905,152945405167575,152945405169957,1790296047099273494,152945405179736,152945405239519,59.783,12.161,sent,1000,
3906,152945410167575,152945410169782,1790296047104274271,152945410186183,152945410291282,105.099,18.608,sent,1000,
3907,152945415167575,152945415170569,1790296047109274788,152945415187501,152945415291929,104.428,19.926,sent,1000,
3908,152945420167575,152945420169332,1790296047114274372,152945420186905,152945420289399,102.494,19.33,sent,1000,
3909,152945425167575,152945425170570,1790296047119274758,152945425188233,152945425290988,102.755,20.658,sent,1000,
3910,152945430167575,152945430169814,1790296047124273992,152945430185854,152945430290422,104.568,18.279,sent,1000,
3911,152945435167575,152945435169969,1790296047129274458,152945435187342,152945435292381,105.039,19.767,sent,1000,
3912,152945440167575,152945440170486,1790296047134274704,152945440187979,152945440293629,105.65,20.404,sent,1000,
3913,152945445167575,152945445169980,1790296047139274109,152945445186281,152945445290048,103.767,18.706,sent,1000,
3914,152945450167575,152945450169256,1790296047144273775,152945450179315,152945450239338,60.023,11.74,sent,1000,
3915,152945455167575,152945455170594,1790296047149274752,152945455187606,152945455292835,105.229,20.031,sent,1000,
3916,152945460167575,152945460168745,1790296047154272904,152945460184686,152945460281269,96.583,17.111,sent,1000,
3917,152945465167575,152945465170003,1790296047159274122,152945465186204,152945465283118,96.914,18.629,sent,1000,
3918,152945470167575,152945470169638,1790296047164273165,152945470179346,152945470238869,59.523,11.771,sent,1000,
3919,152945475167575,152945475169653,1790296047169274493,152945475186956,152945475292165,105.209,19.381,sent,1000,
3920,152945480167575,152945480169198,1790296047174272735,152945480178115,152945480238269,60.154,10.54,sent,1000,
3921,152945485167575,152945485169755,1790296047179274584,152945485186376,152945485288430,102.054,18.801,sent,1000,
3922,152945490167575,152945490169571,1790296047184273128,152945490178688,152945490237159,58.471,11.113,sent,1000,
3923,152945495167575,152945495170448,1790296047189275097,152945495187069,152945495292619,105.55,19.494,sent,1000,
3924,152945500167575,152945500170093,1790296047194274502,152945500186043,152945500290661,104.618,18.468,sent,1000,
3925,152945505167575,152945505170579,1790296047199274717,152945505186950,152945505292289,105.339,19.375,sent,1000,
3926,152945510167575,152945510169933,1790296047204274432,152945510185693,152945510289419,103.726,18.118,sent,1000,
3927,152945515167575,152945515170309,1790296047209274528,152945515187812,152945515291439,103.627,20.237,sent,1000,
3928,152945520167575,152945520170234,1790296047214274613,152945520186585,152945520289881,103.296,19.01,sent,1000,
3929,152945525167575,152945525170560,1790296047219274709,152945525186791,152945525291940,105.149,19.216,sent,1000,
3930,152945530167575,152945530170597,1790296047224274726,152945530186998,152945530296045,109.047,19.423,sent,1000,
3931,152945535167575,152945535170813,1790296047229275031,152945535187555,152945535291351,103.796,19.98,sent,1000,
3932,152945540167575,152945540170508,1790296047234274666,152945540187410,152945540294312,106.902,19.835,sent,1000,
3933,152945545167575,152945545169261,1790296047239272778,152945545178548,152945545233031,54.483,10.973,sent,1000,
3934,152945550167575,152945550170699,1790296047244274867,152945550187370,152945550290987,103.617,19.795,sent,1000,
3935,152945555167575,152945555169402,1790296047249274141,152945555186754,152945555292455,105.701,19.179,sent,1000,
3936,152945560167575,152945560170259,1790296047254274447,152945560186630,152945560291819,105.189,19.055,sent,1000,
3937,152945565167575,152945565170655,1790296047259274863,152945565187166,152945565291624,104.458,19.591,sent,1000,
3938,152945570167575,152945570170141,1790296047264274570,152945570187454,152945570292092,104.638,19.879,sent,1000,
3939,152945575167575,152945575170748,1790296047269274906,152945575187520,152945575293420,105.9,19.945,sent,1000,
3940,152945580167575,152945580169701,1790296047274274100,152945580186413,152945580290831,104.418,18.838,sent,1000,
3941,152945585167575,152945585170207,1790296047279274837,152945585188612,152945585293000,104.388,21.037,sent,1000,
3942,152945590167575,152945590169882,1790296047284274141,152945590187085,152945590290982,103.897,19.51,sent,1000,
3943,152945595167575,152945595170779,1790296047289275048,152945595188162,152945595292009,103.847,20.587,sent,1000,
3944,152945600167575,152945600169612,1790296047294273390,152945600194279,152945600252690,58.411,26.704,sent,1000,
3945,152945605167575,152945605169087,1790296047299273025,152945605178955,152945605238699,59.744,11.38,sent,1000,
3946,152945610167575,152945610169504,1790296047304273953,152945610179633,152945610240518,60.885,12.058,sent,1000,
3947,152945615167575,152945615170042,1790296047309274231,152945615186684,152945615291573,104.889,19.109,sent,1000,
3948,152945620167575,152945620170759,1790296047314274938,152945620188002,152945620294754,106.752,20.427,sent,1000,
3949,152945625167575,152945625170454,1790296047319274572,152945625186204,152945625244935,58.731,18.629,sent,1000,
3950,152945630167575,152945630170289,1790296047324274608,152945630187121,152945630293703,106.582,19.546,sent,1000,
3951,152945635167575,152945635170324,1790296047329274944,152945635188038,152945635296624,108.586,20.463,sent,1000,
3952,152945640167575,152945640169698,1790296047334273557,152945640179267,152945640240182,60.915,11.692,sent,1000,
3953,152945645167575,152945645170335,1790296047339274634,152945645187447,152945645296695,109.248,19.872,sent,1000,
3954,152945650167575,152945650170781,1790296047344275140,152945650186451,152945650289576,103.125,18.876,sent,1000,
3955,152945655167575,152945655168332,1790296047349271358,152945655172249,152945655196846,24.597,4.674,sent,1000,
3956,152945660167575,152945660168277,1790296047354271294,152945660171734,152945660196000,24.266,4.159,sent,1000,
3957,152945665167575,152945665168132,1790296047359271149,152945665171399,152945665194502,23.103,3.824,sent,1000,
3958,152945670167575,152945670168248,1790296047364271264,152945670171424,152945670194247,22.823,3.849,sent,1000,
3959,152945675167575,152945675168113,1790296047369271129,152945675171389,152945675194914,23.525,3.814,sent,1000,
3960,152945680167575,152945680168299,1790296047374271325,152945680171545,152945680194949,23.404,3.97,sent,1000,
3961,152945685167575,152945685170268,1790296047379274767,152945685185226,152945685281178,95.952,17.651,sent,1000,
3962,152945690167575,152945690171076,1790296047384275324,152945690189861,152945690298537,108.676,22.286,sent,1000,
3963,152945695167575,152945695170220,1790296047389273748,152945695179568,152945695259630,80.062,11.993,sent,1000,
3964,152945700167575,152945700170296,1790296047394274595,152945700186837,152945700292157,105.32,19.262,sent,1000,
3965,152945705167575,152945705169490,1790296047399273758,152945705186592,152945705291661,105.069,19.017,sent,1000,
3966,152945710167575,152945710169515,1790296047404274084,152945710184794,152945710270536,85.742,17.219,sent,1000,
3967,152945715167575,152945715168318,1790296047409271344,152945715172225,152945715196882,24.657,4.65,sent,1000,
3968,152945720167575,152945720170678,1790296047414274877,152945720187490,152945720291096,103.606,19.915,sent,1000,
3969,152945725167575,152945725169180,1790296047419273058,152945725178548,152945725237530,58.982,10.973,sent,1000,
3970,152945730167575,152945730169566,1790296047424273795,152945730186278,152945730290405,104.127,18.703,sent,1000,
3971,152945735167575,152945735169633,1790296047429273511,152945735179201,152945735239416,60.215,11.626,sent,1000,
3972,152945740167575,152945740170250,1790296047434274509,152945740186641,152945740290488,103.847,19.066,sent,1000,
3973,152945745167575,152945745168973,1790296047439273122,152945745185675,152945745289682,104.007,18.1,sent,1000,
3974,152945750167575,152945750169640,1790296047444274149,152945750186432,152945750290649,104.217,18.857,sent,1000,
3975,152945755167575,152945755169274,1790296047449273122,152945755179314,152945755238025,58.711,11.739,sent,1000,
3976,152945760167575,152945760169430,1790296047454274470,152945760187554,152945760292193,104.639,19.979,sent,1000,
3977,152945765167575,152945765170207,1790296047459274376,152945765186388,152945765290495,104.107,18.813,sent,1000,
3978,152945770167575,152945770170673,1790296047464274912,152945770187104,152945770291282,104.178,19.529,sent,1000,
3979,152945775167575,152945775169568,1790296047469273807,152945775179406,152945775239460,60.054,11.831,sent,1000,
3980,152945780167575,152945780169674,1790296047474273933,152945780186345,152945780290873,104.528,18.77,sent,1000,
3981,152945785167575,152945785170581,1790296047479274800,152945785187072,152945785286490,99.418,19.497,sent,1000,
3982,152945790167575,152945790169374,1790296047484273262,152945790178722,152945790239096,60.374,11.147,sent,1000,
3983,152945795167575,152945795169620,1790296047489273598,152945795179508,152945795238340,58.832,11.933,sent,1000,
3984,152945800167575,152945800170256,1790296047494274836,152945800187509,152945800291807,104.298,19.934,sent,1000,
3985,152945805167575,152945805169640,1790296047499273248,152945805179098,152945805239252,60.154,11.523,sent,1000,
3986,152945810167575,152945810169115,1790296047504273273,152945810178843,152945810238025,59.182,11.268,sent,1000,
3987,152945815167575,152945815169312,1790296047509272839,152945815191805,152945815249915,58.11,24.23,sent,1000,
3988,152945820167575,152945820169428,1790296047514274248,152945820186921,152945820290828,103.907,19.346,sent,1000,
3989,152945825167575,152945825169002,1790296047519273592,152945825186285,152945825289872,103.587,18.71,sent,1000,
3990,152945830167575,152945830169639,1790296047524273848,152945830186060,152945830291981,105.921,18.485,sent,1000,
3991,152945835167575,152945835169344,1790296047529273322,152945835178972,152945835238876,59.904,11.397,sent,1000,
3992,152945840167575,152945840169630,1790296047534274109,152945840187223,152945840295308,108.085,19.648,sent,1000,
3993,152945845167575,152945845169825,1790296047539274665,152945845187329,152945845293680,106.351,19.754,sent,1000,
3994,152945850167575,152945850169290,1790296047544273238,152945850178968,152945850239623,60.655,11.393,sent,1000,
3995,152945855167575,152945855170167,1790296047549274376,152945855187480,152945855293150,105.67,19.905,sent,1000,
3996,152945860167575,152945860169813,1790296047554274874,152945860187547,152945860292315,104.768,19.972,sent,1000,
3997,152945865167575,152945865170019,1790296047559274238,152945865186941,152945865291409,104.468,19.366,sent,1000,
3998,152945870167575,152945870169283,1790296047564273201,152945870179392,152945870238494,59.102,11.817,sent,1000,
3999,152945875167575,152945875169539,1790296047569274038,152945875186531,152945875293634,107.103,18.956,sent,1000,
