sequence,intended_ns,send_call_ns,send_done_ns,sender_wall_ns,status
0,28479547383578,28479549221356,28479557401023,1790295324839000000,sent
1,28479552383578,28479557977319,28479567956578,1790295324847000000,sent
2,28479557383578,28479567987504,28479580708060,1790295324857000000,sent
3,28479562383578,28479580738689,28479586403097,1790295324870000000,sent
4,28479567383578,28479586431097,28479596645949,1790295324876000000,sent
5,28479572383578,28479596678837,28479602098652,1790295324886000000,sent
6,28479577383578,28479602127800,28479608811467,1790295324892000000,sent
7,28479582383578,28479608843911,28479614565097,1790295324898000000,sent
8,28479587383578,28479614595356,28479620278393,1790295324904000000,sent
9,28479592383578,28479620307837,28479626757874,1790295324910000000,sent
10,28479597383578,28479626790430,28479632527615,1790295324916000000,sent
11,28479602383578,28479632557948,28479638059541,1790295324922000000,sent
12,28479607383578,28479638090430,28479646282911,1790295324927000000,sent
13,28479612383578,28479646315986,28479651690837,1790295324936000000,sent
14,28479617383578,28479651720171,28479659222837,1790295324941000000,sent
15,28479622383578,28479659251986,28479665474356,1790295324949000000,sent
16,28479627383578,28479665507874,28479671149319,1790295324955000000,sent
17,28479632383578,28479671179208,28479678229986,1790295324961000000,sent
18,28479637383578,28479678260874,28479683629319,1790295324968000000,sent
19,28479642383578,28479683660541,28479689808689,1790295324973000000,sent
20,28479647383578,28479689842578,28479695402615,1790295324979000000,sent
21,28479652383578,28479695432837,28479701261208,1790295324985000000,sent
22,28479657383578,28479701290948,28479706742393,1790295324991000000,sent
23,28479662383578,28479706773208,28479712532837,1790295324996000000,sent
24,28479667383578,28479712564430,28479717889171,1790295325002000000,sent
25,28479672383578,28479717918652,28479727693393,1790295325007000000,sent
26,28479677383578,28479727721689,28479733381985,1790295325017000000,sent
27,28479682383578,28479733412134,28479741050356,1790295325023000000,sent
28,28479687383578,28479741080689,28479748219171,1790295325030000000,sent
29,28479692383578,28479748250060,28479753844911,1790295325038000000,sent
30,28479697383578,28479753873837,28479761607837,1790295325043000000,sent
31,28479702383578,28479761641356,28479767950282,1790295325051000000,sent
32,28479707383578,28479767980356,28479775753282,1790295325057000000,sent
33,28479712383578,28479775802282,28479781728171,1790295325065000000,sent
34,28479717383578,28479781774874,28479787559171,1790295325071000000,sent
35,28479722383578,28479787589578,28479794827911,1790295325077000000,sent
36,28479727383578,28479794854060,28479800838282,1790295325084000000,sent
37,28479732383578,28479800867837,28479808785948,1790295325090000000,sent
38,28479737383578,28479808816689,28479815071467,1790295325098000000,sent
39,28479742383578,28479815098059,28479829625689,1790295325104000000,sent
40,28479747383578,28479829655504,28479844096171,1790295325119000000,sent
41,28479752383578,28479844162022,28479849853689,1790295325134000000,sent
42,28479757383578,28479849886059,28479857664208,1790295325139000000,sent
43,28479762383578,28479857696282,28479863314652,1790295325147000000,sent
44,28479767383578,28479863341985,28479869641282,1790295325153000000,sent
45,28479772383578,28479869666541,28479875761689,1790295325159000000,sent
46,28479777383578,28479875786985,28479881901319,1790295325165000000,sent
47,28479782383578,28479881926800,28479887493467,1790295325171000000,sent
48,28479787383578,28479887517578,28479893903615,1790295325177000000,sent
49,28479792383578,28479893931134,28479900256319,1790295325183000000,sent
50,28479797383578,28479900283726,28479905978134,1790295325190000000,sent
51,28479802383578,28479906004800,28479912326504,1790295325195000000,sent
52,28479807383578,28479912352763,28479918067319,1790295325202000000,sent
53,28479812383578,28479918093467,28479924285652,1790295325207000000,sent
54,28479817383578,28479924314356,28479930461541,1790295325214000000,sent
55,28479822383578,28479930488022,28479936500133,1790295325220000000,sent
56,28479827383578,28479936526837,28479945637171,1790295325226000000,sent
57,28479832383578,28479945663578,28479951120393,1790295325235000000,sent
58,28479837383578,28479951149689,28479958525096,1790295325241000000,sent
59,28479842383578,28479958554208,28479964658133,1790295325248000000,sent
60,28479847383578,28479964682393,28479970323467,1790295325254000000,sent
61,28479852383578,28479970347022,28479979637282,1790295325260000000,sent
62,28479857383578,28479979664171,28479985153208,1790295325269000000,sent
63,28479862383578,28479985179541,28479992085170,1790295325275000000,sent
64,28479867383578,28479992110763,28479997519837,1790295325281000000,sent
65,28479872383578,28479997547096,28480003210504,1790295325287000000,sent
66,28479877383578,28480003236504,28480008831541,1790295325293000000,sent
67,28479882383578,28480008857170,28480014528874,1790295325298000000,sent
68,28479887383578,28480014556133,28480019975504,1790295325304000000,sent
69,28479892383578,28480020037319,28480027464541,1790295325309000000,sent
70,28479897383578,28480027488689,28480032923689,1790295325317000000,sent
71,28479902383578,28480032947430,28480040671319,1790295325322000000,sent
72,28479907383578,28480040697615,28480046867578,1790295325330000000,sent
73,28479912383578,28480046897282,28480052267948,1790295325336000000,sent
74,28479917383578,28480052294874,28480058391763,1790295325342000000,sent
75,28479922383578,28480058416689,28480063830652,1790295325348000000,sent
76,28479927383578,28480063854948,28480069950578,1790295325353000000,sent
77,28479932383578,28480069976430,28480075409800,1790295325359000000,sent
78,28479937383578,28480075436800,28480081519615,1790295325365000000,sent
79,28479942383578,28480081544245,28480086954689,1790295325371000000,sent
80,28479947383578,28480086979430,28480093224615,1790295325376000000,sent
81,28479952383578,28480093248393,28480098674282,1790295325383000000,sent
82,28479957383578,28480098699170,28480104777207,1790295325388000000,sent
83,28479962383578,28480104802726,28480110251245,1790295325394000000,sent
84,28479967383578,28480110277393,28480116399911,1790295325400000000,sent
85,28479972383578,28480116425467,28480121863282,1790295325406000000,sent
86,28479977383578,28480121888133,28480127941615,1790295325411000000,sent
87,28479982383578,28480127967393,28480133561985,1790295325417000000,sent
88,28479987383578,28480133586689,28480139599985,1790295325423000000,sent
89,28479992383578,28480139625948,28480145026133,1790295325429000000,sent
90,28479997383578,28480145050541,28480151169170,1790295325434000000,sent
91,28480002383578,28480151194096,28480156765467,1790295325441000000,sent
92,28480007383578,28480156790985,28480162287948,1790295325446000000,sent
93,28480012383578,28480162312504,28480167868985,1790295325452000000,sent
94,28480017383578,28480167894319,28480173372985,1790295325457000000,sent
95,28480022383578,28480173398504,28480178784874,1790295325463000000,sent
96,28480027383578,28480178809763,28480184318059,1790295325468000000,sent
97,28480032383578,28480184343541,28480189826615,1790295325474000000,sent
98,28480037383578,28480189851022,28480195276763,1790295325479000000,sent
99,28480042383578,28480195303689,28480200708615,1790295325485000000,sent
100,28480047383578,28480200732430,28480206383319,1790295325490000000,sent
101,28480052383578,28480206408985,28480211807207,1790295325496000000,sent
102,28480057383578,28480211832244,28480217329393,1790295325501000000,sent
103,28480062383578,28480217358504,28480222792763,1790295325507000000,sent
104,28480067383578,28480222817281,28480228477356,1790295325512000000,sent
105,28480072383578,28480228503096,28480233891652,1790295325518000000,sent
106,28480077383578,28480233917874,28480239380170,1790295325523000000,sent
107,28480082383578,28480239404911,28480244870170,1790295325529000000,sent
108,28480087383578,28480244895541,28480250348281,1790295325534000000,sent
109,28480092383578,28480250372948,28480255776022,1790295325540000000,sent
110,28480097383578,28480255799652,28480261253022,1790295325545000000,sent
111,28480102383578,28480261277244,28480266647578,1790295325551000000,sent
112,28480107383578,28480266672059,28480272289652,1790295325556000000,sent
113,28480112383578,28480272314874,28480277786281,1790295325562000000,sent
114,28480117383578,28480277812022,28480283239726,1790295325567000000,sent
115,28480122383578,28480283264356,28480288794689,1790295325573000000,sent
116,28480127383578,28480288819467,28480294082578,1790295325578000000,sent
117,28480132383578,28480294106948,28480299446207,1790295325583000000,sent
118,28480137383578,28480299470430,28480304992393,1790295325589000000,sent
119,28480142383578,28480305017948,28480310437207,1790295325594000000,sent
120,28480147383578,28480310462504,28480315996504,1790295325600000000,sent
121,28480152383578,28480316096578,28480321462059,1790295325605000000,sent
122,28480157383578,28480321486430,28480327006615,1790295325611000000,sent
123,28480162383578,28480327033059,28480332467837,1790295325616000000,sent
124,28480167383578,28480332491689,28480337987355,1790295325622000000,sent
125,28480172383578,28480338013874,28480343372689,1790295325627000000,sent
126,28480177383578,28480343397467,28480348920874,1790295325633000000,sent
127,28480182383578,28480348947541,28480354417726,1790295325638000000,sent
128,28480187383578,28480354441578,28480359811207,1790295325644000000,sent
129,28480192383578,28480359839615,28480365430059,1790295325649000000,sent
130,28480197383578,28480365454800,28480370868059,1790295325655000000,sent
131,28480202383578,28480370892281,28480376547355,1790295325660000000,sent
132,28480207383578,28480376572504,28480381966430,1790295325666000000,sent
133,28480212383578,28480381994615,28480387486430,1790295325671000000,sent
134,28480217383578,28480387511800,28480392902763,1790295325677000000,sent
135,28480222383578,28480392927392,28480398377541,1790295325682000000,sent
136,28480227383578,28480398403985,28480403783207,1790295325688000000,sent
137,28480232383578,28480403808763,28480409337763,1790295325693000000,sent
138,28480237383578,28480409360911,28480414753244,1790295325699000000,sent
139,28480242383578,28480414777133,28480420502170,1790295325704000000,sent
140,28480247383578,28480420527281,28480425928096,1790295325710000000,sent
141,28480252383578,28480425952318,28480431376059,1790295325715000000,sent
142,28480257383578,28480431400170,28480436881504,1790295325721000000,sent
143,28480262383578,28480436907059,28480442340467,1790295325726000000,sent
144,28480267383578,28480442363911,28480447794170,1790295325732000000,sent
145,28480272383578,28480447818207,28480453321392,1790295325737000000,sent
146,28480277383578,28480453346429,28480458786096,1790295325743000000,sent
147,28480282383578,28480458809763,28480464277911,1790295325748000000,sent
148,28480287383578,28480464302689,28480469734467,1790295325754000000,sent
149,28480292383578,28480469759392,28480475221800,1790295325759000000,sent
150,28480297383578,28480475246059,28480480884392,1790295325765000000,sent
151,28480302383578,28480480909096,28480486926541,1790295325770000000,sent
152,28480307383578,28480486957022,28480492451466,1790295325776000000,sent
153,28480312383578,28480492475578,28480497907059,1790295325782000000,sent
154,28480317383578,28480497931985,28480503319318,1790295325787000000,sent
155,28480322383578,28480503343726,28480509012652,1790295325793000000,sent
156,28480327383578,28480509036837,28480514484392,1790295325798000000,sent
157,28480332383578,28480514509355,28480519913466,1790295325804000000,sent
158,28480337383578,28480519939281,28480525464652,1790295325809000000,sent
159,28480342383578,28480525512578,28480530950318,1790295325815000000,sent
160,28480347383578,28480530977985,28480536492985,1790295325820000000,sent
161,28480352383578,28480536517763,28480541941689,1790295325826000000,sent
162,28480357383578,28480541968689,28480547471837,1790295325831000000,sent
163,28480362383578,28480547497726,28480552978985,1790295325837000000,sent
164,28480367383578,28480553004281,28480558445096,1790295325842000000,sent
165,28480372383578,28480558469466,28480563952096,1790295325848000000,sent
166,28480377383578,28480563976948,28480569473837,1790295325853000000,sent
167,28480382383578,28480569498948,28480575017059,1790295325859000000,sent
168,28480387383578,28480575041911,28480580533022,1790295325864000000,sent
169,28480392383578,28480580558578,28480586162133,1790295325870000000,sent
170,28480397383578,28480586188133,28480591668059,1790295325876000000,sent
171,28480402383578,28480591692911,28480597134392,1790295325881000000,sent
172,28480407383578,28480597160726,28480602623948,1790295325887000000,sent
173,28480412383578,28480602647244,28480608165281,1790295325892000000,sent
174,28480417383578,28480608190911,28480613629615,1790295325898000000,sent
175,28480422383578,28480613653540,28480619066392,1790295325903000000,sent
176,28480427383578,28480619091837,28480624608466,1790295325908000000,sent
177,28480432383578,28480624632540,28480630003355,1790295325914000000,sent
178,28480437383578,28480630027911,28480635485726,1790295325919000000,sent
179,28480442383578,28480635509800,28480641015355,1790295325925000000,sent
180,28480447383578,28480641040022,28480646409022,1790295325930000000,sent
181,28480452383578,28480646432726,28480651882096,1790295325936000000,sent
182,28480457383578,28480651906615,28480657408318,1790295325941000000,sent
183,28480462383578,28480657432392,28480662856466,1790295325947000000,sent
184,28480467383578,28480662881615,28480668388911,1790295325952000000,sent
185,28480472383578,28480668414429,28480673883392,1790295325958000000,sent
186,28480477383578,28480673913133,28480679297837,1790295325963000000,sent
187,28480482383578,28480679322170,28480684848837,1790295325969000000,sent
188,28480487383578,28480684875022,28480690445726,1790295325974000000,sent
189,28480492383578,28480690469207,28480695919837,1790295325980000000,sent
190,28480497383578,28480695944689,28480701413540,1790295325985000000,sent
191,28480502383578,28480701437763,28480706922133,1790295325991000000,sent
192,28480507383578,28480706945689,28480712434244,1790295325996000000,sent
193,28480512383578,28480712458540,28480717915318,1790295326002000000,sent
194,28480517383578,28480717939911,28480723431540,1790295326007000000,sent
195,28480522383578,28480723458355,28480728919911,1790295326013000000,sent
196,28480527383578,28480728945096,28480734396985,1790295326018000000,sent
197,28480532383578,28480734422726,28480740131614,1790295326024000000,sent
198,28480537383578,28480740157096,28480745629948,1790295326030000000,sent
199,28480542383578,28480745653614,28480751070318,1790295326035000000,sent
200,28480547383578,28480757737874,28480763293911,1790295326047000000,sent
201,28480552383578,28480763319059,28480768855096,1790295326053000000,sent
202,28480557383578,28480768883689,28480774338355,1790295326058000000,sent
203,28480562383578,28480774364466,28480779828726,1790295326064000000,sent
204,28480567383578,28480779852652,28480785335800,1790295326069000000,sent
205,28480572383578,28480785360874,28480790755948,1790295326075000000,sent
206,28480577383578,28480790780948,28480796437837,1790295326080000000,sent
207,28480582383578,28480796461577,28480801921466,1790295326086000000,sent
208,28480587383578,28480801946577,28480807402614,1790295326091000000,sent
209,28480592383578,28480807426985,28480812904170,1790295326097000000,sent
210,28480597383578,28480812929614,28480818357503,1790295326102000000,sent
211,28480602383578,28480818381244,28480823862133,1790295326108000000,sent
212,28480607383578,28480823887355,28480829360614,1790295326113000000,sent
213,28480612383578,28480829385207,28480834826763,1790295326119000000,sent
214,28480617383578,28480834852170,28480840386059,1790295326124000000,sent
215,28480622383578,28480840411059,28480845851763,1790295326130000000,sent
216,28480627383578,28480845876911,28480851290800,1790295326135000000,sent
217,28480632383578,28480851316133,28480856862837,1790295326141000000,sent
218,28480637383578,28480856889022,28480862314318,1790295326146000000,sent
219,28480642383578,28480862339429,28480868685059,1790295326152000000,sent
220,28480647383578,28480868709133,28480874153392,1790295326158000000,sent
221,28480652383578,28480874179318,28480879625355,1790295326164000000,sent
222,28480657383578,28480879650207,28480885123540,1790295326169000000,sent
223,28480662383578,28480885151837,28480890627985,1790295326175000000,sent
224,28480667383578,28480890653281,28480896283466,1790295326180000000,sent
225,28480672383578,28480896313133,28480901757355,1790295326186000000,sent
226,28480677383578,28480901782503,28480907191800,1790295326191000000,sent
227,28480682383578,28480907216651,28480912695355,1790295326197000000,sent
228,28480687383578,28480912720540,28480918164207,1790295326202000000,sent
229,28480692383578,28480918188244,28480923640837,1790295326208000000,sent
230,28480697383578,28480923666688,28480929164318,1790295326213000000,sent
231,28480702383578,28480929189614,28480934612355,1790295326219000000,sent
232,28480707383578,28480934642392,28480940322059,1790295326224000000,sent
233,28480712383578,28480940347837,28480945773207,1790295326230000000,sent
234,28480717383578,28480945800133,28480951233096,1790295326235000000,sent
235,28480722383578,28480951257281,28480957994874,1790295326241000000,sent
236,28480727383578,28480958020577,28480963530429,1790295326247000000,sent
237,28480732383578,28480963555244,28480968932577,1790295326253000000,sent
238,28480737383578,28480968957800,28480974423281,1790295326258000000,sent
239,28480742383578,28480974450503,28480979868651,1790295326264000000,sent
240,28480747383578,28480979894874,28480985426577,1790295326269000000,sent
241,28480752383578,28480985451318,28480990906874,1790295326275000000,sent
242,28480757383578,28480990932911,28480996402429,1790295326280000000,sent
243,28480762383578,28480996428281,28481002030614,1790295326286000000,sent
244,28480767383578,28481002058059,28481007534577,1790295326291000000,sent
245,28480772383578,28481007560133,28481013054281,1790295326297000000,sent
246,28480777383578,28481013080985,28481018514911,1790295326302000000,sent
247,28480782383578,28481018538985,28481023983762,1790295326308000000,sent
248,28480787383578,28481024044540,28481029455725,1790295326313000000,sent
249,28480792383578,28481029480318,28481034919466,1790295326319000000,sent
250,28480797383578,28481034943688,28481040447874,1790295326324000000,sent
251,28480802383578,28481040473429,28481046051911,1790295326330000000,sent
252,28480807383578,28481046076874,28481051459651,1790295326335000000,sent
253,28480812383578,28481051483466,28481056971503,1790295326341000000,sent
254,28480817383578,28481057001281,28481062454651,1790295326346000000,sent
255,28480822383578,28481062480244,28481067882281,1790295326352000000,sent
256,28480827383578,28481067911837,28481073483096,1790295326357000000,sent
257,28480832383578,28481073507355,28481078910911,1790295326363000000,sent
258,28480837383578,28481078958281,28481084508540,1790295326368000000,sent
259,28480842383578,28481084532022,28481089952911,1790295326374000000,sent
260,28480847383578,28481089977022,28481095424466,1790295326379000000,sent
261,28480852383578,28481095449207,28481100919651,1790295326385000000,sent
262,28480857383578,28481100946429,28481106550244,1790295326390000000,sent
263,28480862383578,28481106575170,28481111997244,1790295326396000000,sent
264,28480867383578,28481112061836,28481117489651,1790295326401000000,sent
265,28480872383578,28481117513133,28481122913429,1790295326407000000,sent
266,28480877383578,28481122937911,28481128451170,1790295326412000000,sent
267,28480882383578,28481128477466,28481133895651,1790295326418000000,sent
268,28480887383578,28481133921503,28481139361540,1790295326423000000,sent
269,28480892383578,28481139385985,28481144875207,1790295326429000000,sent
270,28480897383578,28481144899874,28481150368429,1790295326434000000,sent
271,28480902383578,28481150393985,28481155809577,1790295326440000000,sent
272,28480907383578,28481155834318,28481161397133,1790295326445000000,sent
273,28480912383578,28481161422948,28481166885762,1790295326451000000,sent
274,28480917383578,28481166910688,28481172423022,1790295326456000000,sent
275,28480922383578,28481172447503,28481177891725,1790295326462000000,sent
276,28480927383578,28481177916133,28481183354170,1790295326467000000,sent
277,28480932383578,28481183379651,28481188802799,1790295326473000000,sent
278,28480937383578,28481188827836,28481194289392,1790295326478000000,sent
279,28480942383578,28481194313651,28481199692207,1790295326484000000,sent
280,28480947383578,28481199717762,28481205279133,1790295326489000000,sent
281,28480952383578,28481205304651,28481210830911,1790295326495000000,sent
282,28480957383578,28481210855466,28481216414873,1790295326500000000,sent
283,28480962383578,28481216440577,28481221831429,1790295326506000000,sent
284,28480967383578,28481221856244,28481227338355,1790295326511000000,sent
285,28480972383578,28481227363762,28481232836059,1790295326517000000,sent
286,28480977383578,28481232860244,28481238352577,1790295326522000000,sent
287,28480982383578,28481238378244,28481243784133,1790295326528000000,sent
288,28480987383578,28481243809207,28481249325133,1790295326533000000,sent
289,28480992383578,28481249354540,28481254793799,1790295326539000000,sent
290,28480997383578,28481254818429,28481260324762,1790295326544000000,sent
291,28481002383578,28481260352948,28481265793466,1790295326550000000,sent
292,28481007383578,28481265818429,28481271218910,1790295326555000000,sent
293,28481012383578,28481271243318,28481276675244,1790295326561000000,sent
294,28481017383578,28481276699985,28481282183651,1790295326566000000,sent
295,28481022383578,28481282208133,28481287574244,1790295326572000000,sent
296,28481027383578,28481287600170,28481293100503,1790295326577000000,sent
297,28481032383578,28481293125688,28481298562910,1790295326583000000,sent
298,28481037383578,28481298587836,28481303968059,1790295326588000000,sent
299,28481042383578,28481303993577,28481309490836,1790295326593000000,sent
300,28481047383578,28481309515762,28481315093355,1790295326599000000,sent
301,28481052383578,28481315118503,28481320589133,1790295326604000000,sent
302,28481057383578,28481320613207,28481326017503,1790295326610000000,sent
303,28481062383578,28481326042688,28481331506873,1790295326615000000,sent
304,28481067383578,28481331532429,28481336897836,1790295326621000000,sent
305,28481072383578,28481336921059,28481342384133,1790295326626000000,sent
306,28481077383578,28481342410059,28481347750133,1790295326632000000,sent
307,28481082383578,28481347774355,28481353266429,1790295326637000000,sent
308,28481087383578,28481353292910,28481358753873,1790295326643000000,sent
309,28481092383578,28481358778318,28481364297059,1790295326648000000,sent
310,28481097383578,28481364322244,28481369731984,1790295326654000000,sent
311,28481102383578,28481369756799,28481375157910,1790295326659000000,sent
312,28481107383578,28481375182873,28481380624059,1790295326665000000,sent
313,28481112383578,28481380649392,28481386035281,1790295326670000000,sent
314,28481117383578,28481386059503,28481391438947,1790295326675000000,sent
315,28481122383578,28481391463540,28481396891281,1790295326681000000,sent
316,28481127383578,28481396915873,28481402329614,1790295326686000000,sent
317,28481132383578,28481402354207,28481407728873,1790295326692000000,sent
318,28481137383578,28481407753133,28481413153762,1790295326697000000,sent
319,28481142383578,28481413179318,28481418719170,1790295326703000000,sent
320,28481147383578,28481418744688,28481424359207,1790295326708000000,sent
321,28481152383578,28481424384318,28481429769688,1790295326714000000,sent
322,28481157383578,28481429795577,28481435205466,1790295326719000000,sent
323,28481162383578,28481435230577,28481440700318,1790295326725000000,sent
324,28481167383578,28481440725947,28481446084207,1790295326730000000,sent
325,28481172383578,28481446108910,28481451588244,1790295326735000000,sent
326,28481177383578,28481451615429,28481457014984,1790295326741000000,sent
327,28481182383578,28481457038059,28481462348947,1790295326746000000,sent
328,28481187383578,28481462372873,28481467802392,1790295326752000000,sent
329,28481192383578,28481467826762,28481473219725,1790295326757000000,sent
330,28481197383578,28481473242836,28481478544762,1790295326763000000,sent
331,28481202383578,28481478567355,28481483949058,1790295326768000000,sent
332,28481207383578,28481483972984,28481489343133,1790295326773000000,sent
333,28481212383578,28481489366392,28481494658947,1790295326779000000,sent
334,28481217383578,28481494680614,28481500160429,1790295326784000000,sent
335,28481222383578,28481500186207,28481505566170,1790295326790000000,sent
336,28481227383578,28481505590133,28481510993910,1790295326795000000,sent
337,28481232383578,28481511018318,28481516408133,1790295326800000000,sent
338,28481237383578,28481516431318,28481521905725,1790295326806000000,sent
339,28481242383578,28481521929021,28481527325799,1790295326811000000,sent
340,28481247383578,28481527349170,28481532865947,1790295326817000000,sent
341,28481252383578,28481532889170,28481538624281,1790295326822000000,sent
342,28481257383578,28481538646984,28481543996725,1790295326828000000,sent
343,28481262383578,28481544118355,28481549474577,1790295326833000000,sent
344,28481267383578,28481549498503,28481554941947,1790295326839000000,sent
345,28481272383578,28481554968058,28481560457725,1790295326844000000,sent
346,28481277383578,28481560481799,28481565985021,1790295326850000000,sent
347,28481282383578,28481566009725,28481571333910,1790295326855000000,sent
348,28481287383578,28481571356762,28481576892688,1790295326861000000,sent
349,28481292383578,28481576917577,28481582280577,1790295326866000000,sent
350,28481297383578,28481582306836,28481587734503,1790295326872000000,sent
351,28481302383578,28481587758873,28481593195281,1790295326877000000,sent
352,28481307383578,28481593220058,28481598735984,1790295326883000000,sent
353,28481312383578,28481598761133,28481604187207,1790295326888000000,sent
354,28481317383578,28481604213058,28481609664021,1790295326894000000,sent
355,28481322383578,28481609692688,28481615100058,1790295326899000000,sent
356,28481327383578,28481615125577,28481620545540,1790295326905000000,sent
357,28481332383578,28481620576577,28481626138984,1790295326910000000,sent
358,28481337383578,28481626163392,28481631602577,1790295326916000000,sent
359,28481342383578,28481631630577,28481636973688,1790295326921000000,sent
360,28481347383578,28481636999095,28481642429725,1790295326926000000,sent
361,28481352383578,28481642454244,28481647795836,1790295326932000000,sent
362,28481357383578,28481647819466,28481653232355,1790295326937000000,sent
363,28481362383578,28481653256910,28481658665503,1790295326943000000,sent
364,28481367383578,28481658691021,28481664280021,1790295326948000000,sent
365,28481372383578,28481664305244,28481669668466,1790295326954000000,sent
366,28481377383578,28481669694095,28481675121947,1790295326959000000,sent
367,28481382383578,28481675146873,28481680560281,1790295326965000000,sent
368,28481387383578,28481680585095,28481685974132,1790295326970000000,sent
369,28481392383578,28481685998132,28481691337762,1790295326975000000,sent
370,28481397383578,28481691362058,28481705325577,1790295326981000000,sent
371,28481402383578,28481705351392,28481710852281,1790295326995000000,sent
372,28481407383578,28481710878466,28481716308429,1790295327000000000,sent
373,28481412383578,28481716333614,28481721778132,1790295327006000000,sent
374,28481417383578,28481721803207,28481727136132,1790295327011000000,sent
375,28481422383578,28481727158614,28481732833503,1790295327017000000,sent
376,28481427383578,28481732860392,28481738195762,1790295327022000000,sent
377,28481432383578,28481738220836,28481743647503,1790295327028000000,sent
378,28481437383578,28481743671577,28481749080095,1790295327033000000,sent
379,28481442383578,28481749104651,28481754518058,1790295327038000000,sent
380,28481447383578,28481754542095,28481759950947,1790295327044000000,sent
381,28481452383578,28481759977095,28481765923095,1790295327049000000,sent
382,28481457383578,28481765949169,28481771467429,1790295327055000000,sent
383,28481462383578,28481771493577,28481776931355,1790295327061000000,sent
384,28481467383578,28481776954688,28481782316725,1790295327066000000,sent
385,28481472383578,28481782339466,28481787672503,1790295327072000000,sent
386,28481477383578,28481787698688,28481793234355,1790295327077000000,sent
387,28481482383578,28481793258651,28481798600725,1790295327083000000,sent
388,28481487383578,28481798625466,28481804071947,1790295327088000000,sent
389,28481492383578,28481804097688,28481809502429,1790295327093000000,sent
390,28481497383578,28481809527355,28481814928021,1790295327099000000,sent
391,28481502383578,28481814956799,28481820397688,1790295327104000000,sent
392,28481507383578,28481820422614,28481825782243,1790295327110000000,sent
393,28481512383578,28481825807243,28481831222799,1790295327115000000,sent
394,28481517383578,28481831247318,28481836816058,1790295327121000000,sent
395,28481522383578,28481836840688,28481842195910,1790295327126000000,sent
396,28481527383578,28481842222206,28481847663392,1790295327132000000,sent
397,28481532383578,28481847687206,28481853048910,1790295327137000000,sent
398,28481537383578,28481853073836,28481858503243,1790295327142000000,sent
399,28481542383578,28481858528725,28481864186466,1790295327148000000,sent
400,28481547383578,28481873035799,28481878696429,1790295327162000000,sent
401,28481552383578,28481878727725,28481884110799,1790295327168000000,sent
402,28481557383578,28481884139503,28481889394169,1790295327174000000,sent
403,28481562383578,28481889420984,28481894775503,1790295327179000000,sent
404,28481567383578,28481894803577,28481900180466,1790295327184000000,sent
405,28481572383578,28481900207984,28481905477392,1790295327190000000,sent
406,28481577383578,28481905505206,28481910815688,1790295327195000000,sent
407,28481582383578,28481910844540,28481916260429,1790295327200000000,sent
408,28481587383578,28481916287984,28481921542799,1790295327206000000,sent
409,28481592383578,28481921571688,28481926926503,1790295327211000000,sent
410,28481597383578,28481926953762,28481932302651,1790295327216000000,sent
411,28481602383578,28481932330910,28481937794429,1790295327222000000,sent
412,28481607383578,28481937821058,28481943098503,1790295327227000000,sent
413,28481612383578,28481943124762,28481948573355,1790295327233000000,sent
414,28481617383578,28481948604725,28481953880058,1790295327238000000,sent
415,28481622383578,28481953907355,28481959284503,1790295327243000000,sent
416,28481627383578,28481959312762,28481964709280,1790295327249000000,sent
417,28481632383578,28481964738206,28481970050651,1790295327254000000,sent
418,28481637383578,28481970078799,28481975398058,1790295327259000000,sent
419,28481642383578,28481975429466,28481980817280,1790295327265000000,sent
420,28481647383578,28481980845762,28481986106910,1790295327270000000,sent
421,28481652383578,28481986134947,28481991520392,1790295327276000000,sent
422,28481657383578,28481991549429,28481996909280,1790295327281000000,sent
423,28481662383578,28481996941836,28482002202688,1790295327286000000,sent
424,28481667383578,28482002229762,28482007614614,1790295327292000000,sent
425,28481672383578,28482007642984,28482012973503,1790295327297000000,sent
426,28481677383578,28482013001317,28482018384058,1790295327302000000,sent
427,28481682383578,28482018412947,28482023668317,1790295327308000000,sent
428,28481687383578,28482023695984,28482029140132,1790295327313000000,sent
429,28481692383578,28482029168466,28482034450132,1790295327319000000,sent
430,28481697383578,28482034477688,28482039898503,1790295327324000000,sent
431,28481702383578,28482039927688,28482045461910,1790295327329000000,sent
432,28481707383578,28482045490614,28482050767836,1790295327335000000,sent
433,28481712383578,28482050796762,28482056199095,1790295327340000000,sent
434,28481717383578,28482056227021,28482061569317,1790295327346000000,sent
435,28481722383578,28482061618169,28482066874910,1790295327351000000,sent
436,28481727383578,28482066903873,28482072456317,1790295327356000000,sent
437,28481732383578,28482072484058,28482077823280,1790295327362000000,sent
438,28481737383578,28482077851058,28482083133910,1790295327367000000,sent
439,28481742383578,28482083161317,28482088516021,1790295327373000000,sent
440,28481747383578,28482088544651,28482093919651,1790295327378000000,sent
441,28481752383578,28482093953799,28482099276577,1790295327383000000,sent
442,28481757383578,28482099306540,28482104713169,1790295327389000000,sent
443,28481762383578,28482104743317,28482110107021,1790295327394000000,sent
444,28481767383578,28482110134984,28482115522688,1790295327400000000,sent
445,28481772383578,28482115551132,28482120872058,1790295327405000000,sent
446,28481777383578,28482120899688,28482126188280,1790295327410000000,sent
447,28481782383578,28482126217021,28482131568836,1790295327416000000,sent
448,28481787383578,28482131597243,28482136956132,1790295327421000000,sent
449,28481792383578,28482136985947,28482142401280,1790295327426000000,sent
450,28481797383578,28482142428354,28482147842836,1790295327432000000,sent
451,28481802383578,28482147870651,28482153277910,1790295327437000000,sent
452,28481807383578,28482153306799,28482158660206,1790295327443000000,sent
453,28481812383578,28482158690391,28482164128540,1790295327448000000,sent
454,28481817383578,28482164170169,28482169428725,1790295327454000000,sent
455,28481822383578,28482169457836,28482174998169,1790295327459000000,sent
456,28481827383578,28482175026577,28482180588317,1790295327464000000,sent
457,28481832383578,28482180621428,28482186527206,1790295327470000000,sent
458,28481837383578,28482186555614,28482191854577,1790295327476000000,sent
459,28481842383578,28482191881947,28482197828095,1790295327481000000,sent
460,28481847383578,28482197857243,28482203114058,1790295327487000000,sent
461,28481852383578,28482203141465,28482209179169,1790295327493000000,sent
462,28481857383578,28482209209688,28482214472169,1790295327499000000,sent
463,28481862383578,28482214500354,28482220465614,1790295327504000000,sent
464,28481867383578,28482220493503,28482225766577,1790295327510000000,sent
465,28481872383578,28482225793873,28482231699762,1790295327515000000,sent
466,28481877383578,28482231728836,28482237025095,1790295327521000000,sent
467,28481882383578,28482237054058,28482243220836,1790295327526000000,sent
468,28481887383578,28482243250873,28482248525095,1790295327533000000,sent
469,28481892383578,28482248552354,28482254462725,1790295327538000000,sent
470,28481897383578,28482254492095,28482259739540,1790295327544000000,sent
471,28481902383578,28482259767577,28482265683280,1790295327549000000,sent
472,28481907383578,28482265710984,28482270943762,1790295327555000000,sent
473,28481912383578,28482270971725,28482276951540,1790295327560000000,sent
474,28481917383578,28482276979947,28482282255132,1790295327566000000,sent
475,28481922383578,28482282283354,28482288240799,1790295327572000000,sent
476,28481927383578,28482288269577,28482293558762,1790295327578000000,sent
477,28481932383578,28482293585614,28482299486836,1790295327583000000,sent
478,28481937383578,28482299515206,28482304788391,1790295327589000000,sent
479,28481942383578,28482304820132,28482310726095,1790295327594000000,sent
480,28481947383578,28482310754762,28482315994354,1790295327600000000,sent
481,28481952383578,28482316058614,28482321993984,1790295327605000000,sent
482,28481957383578,28482322023799,28482327293354,1790295327611000000,sent
483,28481962383578,28482327320688,28482333286391,1790295327617000000,sent
484,28481967383578,28482333314577,28482338567651,1790295327623000000,sent
485,28481972383578,28482338595984,28482344544058,1790295327628000000,sent
486,28481977383578,28482344582725,28482349848354,1790295327634000000,sent
487,28481982383578,28482349877095,28482355780243,1790295327639000000,sent
488,28481987383578,28482355807836,28482361106391,1790295327645000000,sent
489,28481992383578,28482361133762,28482367064651,1790295327651000000,sent
490,28481997383578,28482367092799,28482372361762,1790295327656000000,sent
491,28482002383578,28482372390354,28482378281095,1790295327662000000,sent
492,28482007383578,28482378308799,28482383523169,1790295327668000000,sent
493,28482012383578,28482383549725,28482389449354,1790295327673000000,sent
494,28482017383578,28482389478947,28482394720539,1790295327679000000,sent
495,28482022383578,28482394747539,28482400665614,1790295327684000000,sent
496,28482027383578,28482400693947,28482405938243,1790295327690000000,sent
497,28482032383578,28482405964465,28482411397317,1790295327695000000,sent
498,28482037383578,28482411426206,28482416708502,1790295327701000000,sent
499,28482042383578,28482416735725,28482422066910,1790295327706000000,sent
500,28482047383578,28482422094317,28482427352095,1790295327711000000,sent
501,28482052383578,28482427383651,28482432770725,1790295327717000000,sent
502,28482057383578,28482432798169,28482438101317,1790295327722000000,sent
503,28482062383578,28482438128688,28482443405354,1790295327728000000,sent
504,28482067383578,28482443432317,28482448782095,1790295327733000000,sent
505,28482072383578,28482448810317,28482454195021,1790295327738000000,sent
506,28482077383578,28482454222354,28482459654502,1790295327744000000,sent
507,28482082383578,28482459682280,28482465081762,1790295327749000000,sent
508,28482087383578,28482465110910,28482470393836,1790295327754000000,sent
509,28482092383578,28482470421762,28482475776947,1790295327760000000,sent
510,28482097383578,28482475805984,28482481116021,1790295327765000000,sent
511,28482102383578,28482481143317,28482486493280,1790295327771000000,sent
512,28482107383578,28482486522799,28482491822280,1790295327776000000,sent
513,28482112383578,28482491849613,28482497217762,1790295327781000000,sent
514,28482117383578,28482497269317,28482502611280,1790295327787000000,sent
515,28482122383578,28482502640058,28482507865243,1790295327792000000,sent
516,28482127383578,28482507890613,28482513227799,1790295327797000000,sent
517,28482132383578,28482513255354,28482518461465,1790295327803000000,sent
518,28482137383578,28482518486947,28482523815650,1790295327808000000,sent
519,28482142383578,28482523841317,28482529052206,1790295327813000000,sent
520,28482147383578,28482529079058,28482534353688,1790295327818000000,sent
521,28482152383578,28482534379873,28482539583243,1790295327824000000,sent
522,28482157383578,28482539610576,28482544906799,1790295327829000000,sent
523,28482162383578,28482544930984,28482550157650,1790295327834000000,sent
524,28482167383578,28482550183206,28482555379762,1790295327840000000,sent
525,28482172383578,28482555405132,28482560882873,1790295327845000000,sent
526,28482177383578,28482560910428,28482566350502,1790295327850000000,sent
527,28482182383578,28482566378799,28482571639725,1790295327856000000,sent
528,28482187383578,28482571667799,28482577087243,1790295327861000000,sent
529,28482192383578,28482577117132,28482582572947,1790295327866000000,sent
530,28482197383578,28482582600799,28482587915799,1790295327872000000,sent
531,28482202383578,28482587944539,28482593444984,1790295327877000000,sent
532,28482207383578,28482593472836,28482598738206,1790295327883000000,sent
533,28482212383578,28482598766465,28482604375280,1790295327888000000,sent
534,28482217383578,28482604404465,28482609739021,1790295327894000000,sent
535,28482222383578,28482609766762,28482615057650,1790295327899000000,sent
536,28482227383578,28482615086910,28482620523650,1790295327904000000,sent
537,28482232383578,28482620551428,28482625903799,1790295327910000000,sent
538,28482237383578,28482625932021,28482631175650,1790295327915000000,sent
539,28482242383578,28482631202465,28482636641947,1790295327921000000,sent
540,28482247383578,28482636671132,28482642045910,1790295327926000000,sent
541,28482252383578,28482642073724,28482647367354,1790295327931000000,sent
542,28482257383578,28482647395799,28482652743243,1790295327937000000,sent
543,28482262383578,28482652772169,28482658118650,1790295327942000000,sent
544,28482267383578,28482658146910,28482663402317,1790295327948000000,sent
545,28482272383578,28482663429021,28482668948280,1790295327953000000,sent
546,28482277383578,28482668974799,28482674301613,1790295327958000000,sent
547,28482282383578,28482674329058,28482679606724,1790295327964000000,sent
548,28482287383578,28482679634873,28482685000947,1790295327969000000,sent
549,28482292383578,28482685028576,28482690419910,1790295327974000000,sent
550,28482297383578,28482690448132,28482695676799,1790295327980000000,sent
551,28482302383578,28482695702873,28482701064539,1790295327985000000,sent
552,28482307383578,28482701093132,28482706364539,1790295327990000000,sent
553,28482312383578,28482706433539,28482711747650,1790295327996000000,sent
554,28482317383578,28482711776243,28482717189650,1790295328001000000,sent
555,28482322383578,28482717217428,28482722538761,1790295328007000000,sent
556,28482327383578,28482722568132,28482727857502,1790295328012000000,sent
557,28482332383578,28482727885539,28482733263095,1790295328017000000,sent
558,28482337383578,28482733291391,28482738601465,1790295328023000000,sent
559,28482342383578,28482738628576,28482743972984,1790295328028000000,sent
560,28482347383578,28482744036095,28482749466428,1790295328033000000,sent
561,28482352383578,28482749495836,28482754744132,1790295328039000000,sent
562,28482357383578,28482754772021,28482760195243,1790295328044000000,sent
563,28482362383578,28482760223650,28482765598613,1790295328050000000,sent
564,28482367383578,28482765624947,28482771004687,1790295328055000000,sent
565,28482372383578,28482771033280,28482776420132,1790295328060000000,sent
566,28482377383578,28482776448873,28482781806873,1790295328066000000,sent
567,28482382383578,28482781835243,28482787310058,1790295328071000000,sent
568,28482387383578,28482787338613,28482792745761,1790295328077000000,sent
569,28482392383578,28482792774502,28482798144280,1790295328082000000,sent
570,28482397383578,28482798172317,28482803556206,1790295328088000000,sent
571,28482402383578,28482803583947,28482808938984,1790295328093000000,sent
572,28482407383578,28482808970391,28482814363798,1790295328098000000,sent
573,28482412383578,28482814392910,28482819723169,1790295328104000000,sent
574,28482417383578,28482819750539,28482825079058,1790295328109000000,sent
575,28482422383578,28482825107280,28482830405539,1790295328114000000,sent
576,28482427383578,28482830433502,28482835808465,1790295328120000000,sent
577,28482432383578,28482835838798,28482841226984,1790295328125000000,sent
578,28482437383578,28482841256465,28482846827169,1790295328131000000,sent
579,28482442383578,28482846867280,28482852237798,1790295328136000000,sent
580,28482447383578,28482852267169,28482857547206,1790295328142000000,sent
581,28482452383578,28482857575354,28482862928947,1790295328147000000,sent
582,28482457383578,28482862956280,28482868322613,1790295328152000000,sent
583,28482462383578,28482868351169,28482873807317,1790295328158000000,sent
584,28482467383578,28482873834095,28482879180687,1790295328163000000,sent
585,28482472383578,28482879208761,28482884574354,1790295328169000000,sent
586,28482477383578,28482884602428,28482889936650,1790295328174000000,sent
587,28482482383578,28482889963539,28482895250206,1790295328179000000,sent
588,28482487383578,28482895281354,28482900654391,1790295328185000000,sent
589,28482492383578,28482900681502,28482906007650,1790295328190000000,sent
590,28482497383578,28482906035095,28482911288872,1790295328195000000,sent
591,28482502383578,28482911315650,28482916694576,1790295328201000000,sent
592,28482507383578,28482916722761,28482922054539,1790295328206000000,sent
593,28482512383578,28482922081724,28482927370132,1790295328211000000,sent
594,28482517383578,28482927399761,28482932726502,1790295328217000000,sent
595,28482522383578,28482932753909,28482938115391,1790295328222000000,sent
596,28482527383578,28482938144021,28482943407391,1790295328228000000,sent
597,28482532383578,28482943436021,28482948802169,1790295328233000000,sent
598,28482537383578,28482948830947,28482954138502,1790295328238000000,sent
599,28482542383578,28482954170243,28482959489502,1790295328244000000,sent
600,28482547383578,28482969716909,28482975075428,1790295328259000000,sent
601,28482552383578,28482975105206,28482980639613,1790295328264000000,sent
602,28482557383578,28482980666502,28482985993613,1790295328270000000,sent
603,28482562383578,28482986022021,28482991299946,1790295328275000000,sent
604,28482567383578,28482991325724,28482997683465,1790295328281000000,sent
605,28482572383578,28482997712465,28483003045465,1790295328287000000,sent
606,28482577383578,28483003074391,28483008465687,1790295328292000000,sent
607,28482582383578,28483008494354,28483013803391,1790295328298000000,sent
608,28482587383578,28483013830687,28483019069391,1790295328303000000,sent
609,28482592383578,28483019095539,28483024437169,1790295328308000000,sent
610,28482597383578,28483024464095,28483029808317,1790295328314000000,sent
611,28482602383578,28483029836243,28483035060946,1790295328319000000,sent
612,28482607383578,28483035089169,28483040496872,1790295328324000000,sent
613,28482612383578,28483040523909,28483045842576,1790295328330000000,sent
614,28482617383578,28483045869761,28483051108724,1790295328335000000,sent
615,28482622383578,28483051135132,28483056473243,1790295328341000000,sent
616,28482627383578,28483056501169,28483061849835,1790295328346000000,sent
617,28482632383578,28483061877280,28483067153095,1790295328351000000,sent
618,28482637383578,28483067180539,28483072517465,1790295328357000000,sent
619,28482642383578,28483072545724,28483077813465,1790295328362000000,sent
620,28482647383578,28483077840946,28483083325983,1790295328367000000,sent
621,28482652383578,28483083359539,28483088691983,1790295328373000000,sent
622,28482657383578,28483088718798,28483094055354,1790295328378000000,sent
623,28482662383578,28483094084576,28483099379206,1790295328383000000,sent
624,28482667383578,28483099408650,28483104732058,1790295328389000000,sent
625,28482672383578,28483104758761,28483110059798,1790295328394000000,sent
626,28482677383578,28483110088391,28483115384798,1790295328399000000,sent
627,28482682383578,28483115413280,28483120785946,1790295328405000000,sent
628,28482687383578,28483120814983,28483126069391,1790295328410000000,sent
629,28482692383578,28483126096798,28483131395539,1790295328415000000,sent
630,28482697383578,28483131424428,28483136815465,1790295328421000000,sent
631,28482702383578,28483136842539,28483142201391,1790295328426000000,sent
632,28482707383578,28483142228835,28483147468132,1790295328432000000,sent
633,28482712383578,28483147495317,28483152880317,1790295328437000000,sent
634,28482717383578,28483152908465,28483158244095,1790295328442000000,sent
635,28482722383578,28483158272391,28483163633465,1790295328448000000,sent
636,28482727383578,28483163661983,28483169034798,1790295328453000000,sent
637,28482732383578,28483169063798,28483174372465,1790295328458000000,sent
638,28482737383578,28483174399724,28483179723761,1790295328464000000,sent
639,28482742383578,28483179764983,28483185243317,1790295328469000000,sent
640,28482747383578,28483185272095,28483190526576,1790295328475000000,sent
641,28482752383578,28483190552428,28483196202909,1790295328480000000,sent
642,28482757383578,28483196232169,28483201482539,1790295328486000000,sent
643,28482762383578,28483201509243,28483206858909,1790295328491000000,sent
644,28482767383578,28483206888317,28483210908798,1790295328496000000,sent
645,28482772383578,28483210938169,28483214965206,1790295328500000000,sent
646,28482777383578,28483214992020,28483219033983,1790295328504000000,sent
647,28482782383578,28483219063687,28483222943317,1790295328508000000,sent
648,28482787383578,28483222971613,28483226936872,1790295328512000000,sent
649,28482792383578,28483226966539,28483230894354,1790295328516000000,sent
650,28482797383578,28483230924094,28483234875391,1790295328520000000,sent
651,28482802383578,28483234906724,28483238753650,1790295328524000000,sent
652,28482807383578,28483238800132,28483242754354,1790295328528000000,sent
653,28482812383578,28483242785835,28483246628317,1790295328532000000,sent
654,28482817383578,28483246655798,28483250571761,1790295328536000000,sent
655,28482822383578,28483250603502,28483254487169,1790295328540000000,sent
656,28482827383578,28483254523169,28483258415020,1790295328544000000,sent
657,28482832383578,28483258444761,28483262300428,1790295328548000000,sent
658,28482837383578,28483262332169,28483266514946,1790295328552000000,sent
659,28482842383578,28483266550539,28483270370428,1790295328556000000,sent
660,28482847383578,28483270399317,28483274338020,1790295328560000000,sent
661,28482852383578,28483274370280,28483278233317,1790295328564000000,sent
662,28482857383578,28483278266057,28483285068131,1790295328568000000,sent
663,28482862383578,28483285102835,28483305433502,1790295328574000000,sent
664,28482867383578,28483305471687,28483309383280,1790295328595000000,sent
665,28482872383578,28483309414131,28483313322909,1790295328599000000,sent
666,28482877383578,28483313354243,28483317202724,1790295328603000000,sent
667,28482882383578,28483317233094,28483321179798,1790295328607000000,sent
668,28482887383578,28483321210613,28483325055020,1790295328611000000,sent
669,28482892383578,28483325085761,28483328991169,1790295328614000000,sent
670,28482897383578,28483329021539,28483332873724,1790295328618000000,sent
671,28482902383578,28483332901872,28483336759094,1790295328622000000,sent
672,28482907383578,28483336787539,28483340589835,1790295328626000000,sent
673,28482912383578,28483340615798,28483344547909,1790295328630000000,sent
674,28482917383578,28483344580576,28483348432131,1790295328634000000,sent
675,28482922383578,28483348465946,28483352341317,1790295328638000000,sent
676,28482927383578,28483352371168,28483356260761,1790295328642000000,sent
677,28482932383578,28483356291168,28483360213761,1790295328646000000,sent
678,28482937383578,28483360246502,28483364291057,1790295328650000000,sent
679,28482942383578,28483364325872,28483368251835,1790295328654000000,sent
680,28482947383578,28483368284872,28483372120020,1790295328658000000,sent
681,28482952383578,28483372151280,28483375989428,1790295328662000000,sent
682,28482957383578,28483376113724,28483379905576,1790295328665000000,sent
683,28482962383578,28483379933946,28483383744168,1790295328669000000,sent
684,28482967383578,28483383774243,28483387622465,1790295328673000000,sent
685,28482972383578,28483387655724,28483391462798,1790295328677000000,sent
686,28482977383578,28483391493243,28483395475465,1790295328681000000,sent
687,28482982383578,28483395509687,28483399336057,1790295328685000000,sent
688,28482987383578,28483399368020,28483403231428,1790295328689000000,sent
689,28482992383578,28483403262465,28483407038502,1790295328693000000,sent
690,28482997383578,28483407070391,28483410924465,1790295328696000000,sent
691,28483002383578,28483410982946,28483414753835,1790295328700000000,sent
692,28483007383578,28483414781761,28483418632205,1790295328704000000,sent
693,28483012383578,28483418664872,28483422547465,1790295328708000000,sent
694,28483017383578,28483422580576,28483426347391,1790295328712000000,sent
695,28483022383578,28483426378391,28483430259687,1790295328716000000,sent
696,28483027383578,28483430291539,28483434104983,1790295328720000000,sent
697,28483032383578,28483434136909,28483437971020,1790295328724000000,sent
698,28483037383578,28483438008131,28483441788020,1790295328727000000,sent
699,28483042383578,28483441818428,28483445707539,1790295328731000000,sent
700,28483047383578,28483445738650,28483449707057,1790295328735000000,sent
701,28483052383578,28483449739724,28483453589131,1790295328739000000,sent
702,28483057383578,28483453619131,28483457425613,1790295328743000000,sent
703,28483062383578,28483457456872,28483461285205,1790295328747000000,sent
704,28483067383578,28483461315502,28483465199205,1790295328751000000,sent
705,28483072383578,28483465232576,28483469015057,1790295328755000000,sent
706,28483077383578,28483469046428,28483472896687,1790295328758000000,sent
707,28483082383578,28483472928020,28483476769428,1790295328762000000,sent
708,28483087383578,28483476802020,28483480616205,1790295328766000000,sent
709,28483092383578,28483480647391,28483484457539,1790295328770000000,sent
710,28483097383578,28483484486502,28483489100205,1790295328774000000,sent
711,28483102383578,28483489134502,28483492986576,1790295328779000000,sent
712,28483107383578,28483493017946,28483496990131,1790295328782000000,sent
713,28483112383578,28483497023872,28483500899835,1790295328786000000,sent
714,28483117383578,28483500931983,28483504715502,1790295328790000000,sent
715,28483122383578,28483504745724,28483508572020,1790295328794000000,sent
716,28483127383578,28483508601242,28483512715835,1790295328798000000,sent
717,28483132383578,28483512751687,28483516568280,1790295328802000000,sent
718,28483137383578,28483516597687,28483520400539,1790295328806000000,sent
719,28483142383578,28483520428354,28483524270020,1790295328810000000,sent
720,28483147383578,28483524302909,28483528168761,1790295328814000000,sent
721,28483152383578,28483528201205,28483531906242,1790295328818000000,sent
722,28483157383578,28483531935020,28483535805650,1790295328821000000,sent
723,28483162383578,28483535840687,28483539625761,1790295328825000000,sent
724,28483167383578,28483539656798,28483543489094,1790295328829000000,sent
725,28483172383578,28483543522613,28483547378317,1790295328833000000,sent
726,28483177383578,28483547409946,28483551464279,1790295328837000000,sent
727,28483182383578,28483551517094,28483555515983,1790295328841000000,sent
728,28483187383578,28483555550946,28483559365576,1790295328845000000,sent
729,28483192383578,28483559397465,28483563316983,1790295328849000000,sent
730,28483197383578,28483563349872,28483567196020,1790295328853000000,sent
731,28483202383578,28483567227242,28483571068428,1790295328857000000,sent
732,28483207383578,28483571100761,28483574895502,1790295328860000000,sent
733,28483212383578,28483574926391,28483578793687,1790295328864000000,sent
734,28483217383578,28483578826946,28483582683983,1790295328868000000,sent
735,28483222383578,28483582714687,28483583324983,1790295328872000000,sent
736,28483227383578,28483583351909,28483584091539,1790295328873000000,sent
737,28483232383578,28483584120094,28483584641835,1790295328873000000,sent
738,28483237383578,28483584667020,28483585155465,1790295328874000000,sent
739,28483242383578,28483585180354,28483585667317,1790295328875000000,sent
740,28483247383578,28483585688057,28483586132872,1790295328875000000,sent
741,28483252383578,28483586153761,28483586588354,1790295328876000000,sent
742,28483257383578,28483586608391,28483587046465,1790295328876000000,sent
743,28483262383578,28483587065354,28483587460465,1790295328876000000,sent
744,28483267383578,28483587477909,28483587890835,1790295328877000000,sent
745,28483272383578,28483587908354,28483588406872,1790295328877000000,sent
746,28483277383578,28483588425317,28483588853020,1790295328878000000,sent
747,28483282383578,28483588872465,28483589318057,1790295328878000000,sent
748,28483287383578,28483589338946,28483589806205,1790295328879000000,sent
749,28483292383578,28483589825761,28483590301687,1790295328879000000,sent
750,28483297383578,28483590323391,28483590752650,1790295328880000000,sent
751,28483302383578,28483590770539,28483591205057,1790295328880000000,sent
752,28483307383578,28483591223057,28483591636057,1790295328881000000,sent
753,28483312383578,28483591654354,28483592123909,1790295328881000000,sent
754,28483317383578,28483592143131,28483592560465,1790295328882000000,sent
755,28483322383578,28483592578465,28483593046242,1790295328882000000,sent
756,28483327383578,28483593067279,28483593485872,1790295328882000000,sent
757,28483332383578,28483593504909,28483593926798,1790295328883000000,sent
758,28483337383578,28483593945391,28483594347057,1790295328883000000,sent
759,28483342383578,28483594364354,28483594778983,1790295328884000000,sent
760,28483347383578,28483594797168,28483595204798,1790295328884000000,sent
761,28483352383578,28483595224650,28483595638724,1790295328885000000,sent
762,28483357383578,28483595656502,28483596213539,1790295328885000000,sent
763,28483362383578,28483596239687,28483596693279,1790295328886000000,sent
764,28483367383578,28483596714242,28483597129131,1790295328886000000,sent
765,28483372383578,28483597147279,28483597566391,1790295328887000000,sent
766,28483377383578,28483597584946,28483598015909,1790295328887000000,sent
767,28483382383578,28483598035131,28483598447391,1790295328887000000,sent
768,28483387383578,28483598465539,28483598980502,1790295328888000000,sent
769,28483392383578,28483599003539,28483599419835,1790295328888000000,sent
770,28483397383578,28483599461872,28483599873391,1790295328889000000,sent
771,28483402383578,28483599891316,28483600591242,1790295328889000000,sent
772,28483407383578,28483600618279,28483601116835,1790295328890000000,sent
773,28483412383578,28483601140391,28483601595576,1790295328891000000,sent
774,28483417383578,28483601616539,28483602068613,1790295328891000000,sent
775,28483422383578,28483602088428,28483602524465,1790295328891000000,sent
776,28483427383578,28483602544168,28483602944279,1790295328892000000,sent
777,28483432383578,28483602961020,28483603424020,1790295328892000000,sent
778,28483437383578,28483603445687,28483603865391,1790295328893000000,sent
779,28483442383578,28483603882983,28483604446502,1790295328893000000,sent
780,28483447383578,28483604469094,28483604937279,1790295328894000000,sent
781,28483452383578,28483604957020,28483605384650,1790295328894000000,sent
782,28483457383578,28483605402983,28483605781909,1790295328895000000,sent
783,28483462383578,28483605797909,28483607177057,1790295328895000000,sent
784,28483467383578,28483607204835,28483607693020,1790295328897000000,sent
785,28483472383578,28483607712020,28483608187909,1790295328897000000,sent
786,28483477383578,28483608206724,28483608626724,1790295328898000000,sent
787,28483482383578,28483608645502,28483609045465,1790295328898000000,sent
788,28483487383578,28483609062279,28483609458020,1790295328898000000,sent
789,28483492383578,28483609475168,28483609843242,1790295328899000000,sent
790,28483497383578,28483609859316,28483610260131,1790295328899000000,sent
791,28483502383578,28483610278020,28483610671835,1790295328900000000,sent
792,28483507383578,28483610690354,28483611100539,1790295328900000000,sent
793,28483512383578,28483611118428,28483611581576,1790295328900000000,sent
794,28483517383578,28483611604428,28483612154946,1790295328901000000,sent
795,28483522383578,28483612179502,28483612634761,1790295328902000000,sent
796,28483527383578,28483612655465,28483613088094,1790295328902000000,sent
797,28483532383578,28483613106094,28483613502168,1790295328902000000,sent
798,28483537383578,28483613519205,28483613975316,1790295328903000000,sent
799,28483542383578,28483613996650,28483614432279,1790295328903000000,sent
800,28483547383578,28483627252724,28483627751798,1790295328917000000,sent
801,28483552383578,28483627770650,28483628286650,1790295328917000000,sent
802,28483557383578,28483628305205,28483628719687,1790295328918000000,sent
803,28483562383578,28483628737761,28483629119316,1790295328918000000,sent
804,28483567383578,28483629136242,28483629504872,1790295328919000000,sent
805,28483572383578,28483629521465,28483629867242,1790295328919000000,sent
806,28483577383578,28483629883613,28483630247983,1790295328919000000,sent
807,28483582383578,28483630263650,28483630575057,1790295328920000000,sent
808,28483587383578,28483630590094,28483630902983,1790295328920000000,sent
809,28483592383578,28483630917316,28483631217909,1790295328920000000,sent
810,28483597383578,28483631232835,28483631539613,1790295328921000000,sent
811,28483602383578,28483631554020,28483631853316,1790295328921000000,sent
812,28483607383578,28483631867650,28483632217539,1790295328921000000,sent
813,28483612383578,28483632232465,28483632533168,1790295328922000000,sent
814,28483617383578,28483632548020,28483632854687,1790295328922000000,sent
815,28483622383578,28483632869316,28483633167983,1790295328922000000,sent
816,28483627383578,28483633182650,28483633495057,1790295328923000000,sent
817,28483632383578,28483633509724,28483633829650,1790295328923000000,sent
818,28483637383578,28483637388576,28483637868687,1790295328927000000,sent
819,28483642383578,28483642386872,28483642816354,1790295328932000000,sent
820,28483647383578,28483647387946,28483647873465,1790295328937000000,sent
821,28483652383578,28483652385872,28483652890650,1790295328942000000,sent
822,28483657383578,28483657387353,28483657912650,1790295328947000000,sent
823,28483662383578,28483662387465,28483662842465,1790295328952000000,sent
824,28483667383578,28483667386094,28483668134057,1790295328957000000,sent
825,28483672383578,28483672389650,28483672913391,1790295328962000000,sent
826,28483677383578,28483677387983,28483677821465,1790295328967000000,sent
827,28483682383578,28483682389131,28483682902946,1790295328972000000,sent
828,28483687383578,28483687387650,28483687810724,1790295328977000000,sent
829,28483692383578,28483692389094,28483692880909,1790295328982000000,sent
830,28483697383578,28483697386687,28483697800576,1790295328987000000,sent
831,28483702383578,28483702386687,28483702921576,1790295328992000000,sent
832,28483707383578,28483707387687,28483707868798,1790295328997000000,sent
833,28483712383578,28483712387279,28483712876502,1790295329002000000,sent
834,28483717383578,28483717388835,28483717849205,1790295329007000000,sent
835,28483722383578,28483722388353,28483722798761,1790295329012000000,sent
836,28483727383578,28483727388872,28483728202390,1790295329017000000,sent
837,28483732383578,28483732387613,28483733089724,1790295329022000000,sent
838,28483737383578,28483737588724,28483738081020,1790295329027000000,sent
839,28483742383578,28483742385687,28483742825353,1790295329032000000,sent
840,28483747383578,28483747387983,28483748206131,1790295329037000000,sent
841,28483752383578,28483752392539,28483753076724,1790295329042000000,sent
842,28483757383578,28483757388613,28483758131205,1790295329047000000,sent
843,28483762383578,28483762386316,28483762849502,1790295329052000000,sent
844,28483767383578,28483767386205,28483767775798,1790295329057000000,sent
845,28483772383578,28483772393798,28483773192131,1790295329062000000,sent
846,28483777383578,28483777390057,28483778084020,1790295329067000000,sent
847,28483782383578,28483782386020,28483782885353,1790295329072000000,sent
848,28483787383578,28483787388724,28483787795094,1790295329077000000,sent
849,28483792383578,28483792392057,28483793179872,1790295329082000000,sent
850,28483797383578,28483797390613,28483798098835,1790295329087000000,sent
851,28483802383578,28483802388427,28483803079872,1790295329092000000,sent
852,28483807383578,28483807388761,28483807989650,1790295329097000000,sent
853,28483812383578,28483812390798,28483813140465,1790295329102000000,sent
854,28483817383578,28483817393613,28483818199983,1790295329107000000,sent
855,28483822383578,28483822584798,28483823065279,1790295329112000000,sent
856,28483827383578,28483827388427,28483827875613,1790295329117000000,sent
857,28483832383578,28483832387909,28483832918761,1790295329122000000,sent
858,28483837383578,28483837387613,28483838192131,1790295329127000000,sent
859,28483842383578,28483842392798,28483843969761,1790295329132000000,sent
860,28483847383578,28483847385242,28483847862724,1790295329137000000,sent
861,28483852383578,28483852387390,28483852867798,1790295329142000000,sent
862,28483857383578,28483857391390,28483858135094,1790295329147000000,sent
863,28483862383578,28483862392057,28483863165576,1790295329152000000,sent
864,28483867383578,28483867591057,28483868065502,1790295329157000000,sent
865,28483872383578,28483872388724,28483872874724,1790295329162000000,sent
866,28483877383578,28483877387427,28483877793724,1790295329167000000,sent
867,28483882383578,28483882393650,28483883176872,1790295329172000000,sent
868,28483887383578,28483887391761,28483888940464,1790295329177000000,sent
869,28483892383578,28483892387427,28483892849761,1790295329182000000,sent
870,28483897383578,28483897387131,28483897858946,1790295329187000000,sent
871,28483902383578,28483902392168,28483903087168,1790295329192000000,sent
872,28483907383578,28483907392909,28483908198983,1790295329197000000,sent
873,28483912383578,28483912392835,28483912909576,1790295329202000000,sent
874,28483917383578,28483917389057,28483917896279,1790295329207000000,sent
875,28483922383578,28483922386279,28483922835427,1790295329212000000,sent
876,28483927383578,28483927411872,28483928250464,1790295329217000000,sent
877,28483932383578,28483932390057,28483933111464,1790295329222000000,sent
878,28483937383578,28483937387946,28483937867353,1790295329227000000,sent
879,28483942383578,28483942388427,28483942900650,1790295329232000000,sent
880,28483947383578,28483947385650,28483947833761,1790295329237000000,sent
881,28483952383578,28483952388687,28483953179909,1790295329242000000,sent
882,28483957383578,28483957392909,28483958118168,1790295329247000000,sent
883,28483962383578,28483962388687,28483962888613,1790295329252000000,sent
884,28483967383578,28483967388242,28483967796576,1790295329257000000,sent
885,28483972383578,28483972391650,28483973074909,1790295329262000000,sent
886,28483977383578,28483977389724,28483977970650,1790295329267000000,sent
887,28483982383578,28483982388724,28483982845576,1790295329272000000,sent
888,28483987383578,28483987386538,28483987867057,1790295329277000000,sent
889,28483992383578,28483992385242,28483992796279,1790295329282000000,sent
890,28483997383578,28483997387613,28483998182057,1790295329287000000,sent
891,28484002383578,28484002391761,28484003065390,1790295329292000000,sent
892,28484007383578,28484007387538,28484007912353,1790295329297000000,sent
893,28484012383578,28484012386094,28484012819798,1790295329302000000,sent
894,28484017383578,28484017466316,28484018256168,1790295329307000000,sent
895,28484022383578,28484022392279,28484023092872,1790295329312000000,sent
896,28484027383578,28484027388131,28484027855576,1790295329317000000,sent
897,28484032383578,28484032386464,28484032871538,1790295329322000000,sent
898,28484037383578,28484037387205,28484037984020,1790295329327000000,sent
899,28484042383578,28484042387613,28484043070909,1790295329332000000,sent
900,28484047383578,28484047388501,28484047838094,1790295329337000000,sent
901,28484052383578,28484052387020,28484052864575,1790295329342000000,sent
902,28484057383578,28484057386390,28484057797538,1790295329347000000,sent
903,28484062383578,28484062466946,28484063259168,1790295329352000000,sent
904,28484067383578,28484067390983,28484068140427,1790295329357000000,sent
905,28484072383578,28484072386835,28484072840168,1790295329362000000,sent
906,28484077383578,28484077386538,28484077889501,1790295329367000000,sent
907,28484082383578,28484082392798,28484083106353,1790295329372000000,sent
908,28484087383578,28484087390798,28484088210464,1790295329377000000,sent
909,28484092383578,28484092391057,28484092855501,1790295329382000000,sent
910,28484097383578,28484097387724,28484097864983,1790295329387000000,sent
911,28484102383578,28484102387501,28484102801020,1790295329392000000,sent
912,28484107383578,28484107444612,28484108264798,1790295329397000000,sent
913,28484112383578,28484112392020,28484113082242,1790295329402000000,sent
914,28484117383578,28484117387020,28484117854687,1790295329407000000,sent
915,28484122383578,28484122387020,28484122869761,1790295329412000000,sent
916,28484127383578,28484127388575,28484128126501,1790295329417000000,sent
917,28484132383578,28484132393353,28484133162538,1790295329422000000,sent
918,28484137383578,28484137387612,28484138009687,1790295329427000000,sent
919,28484142383578,28484142386983,28484143035687,1790295329432000000,sent
920,28484147383578,28484147386020,28484147843650,1790295329437000000,sent
921,28484152383578,28484152389464,28484152903650,1790295329442000000,sent
922,28484157383578,28484157387649,28484157791094,1790295329447000000,sent
923,28484162383578,28484162389687,28484163267649,1790295329452000000,sent
924,28484167383578,28484167387279,28484168165649,1790295329457000000,sent
925,28484172383578,28484172388427,28484172807575,1790295329462000000,sent
926,28484177383578,28484177387946,28484177904242,1790295329467000000,sent
927,28484182383578,28484182386761,28484182773687,1790295329472000000,sent
928,28484187383578,28484187390761,28484188198094,1790295329477000000,sent
929,28484192383578,28484192391168,28484193073909,1790295329482000000,sent
930,28484197383578,28484197387279,28484197936909,1790295329487000000,sent
931,28484202383578,28484202385872,28484202831872,1790295329492000000,sent
932,28484207383578,28484207388761,28484207802279,1790295329497000000,sent
933,28484212383578,28484212388316,28484213143057,1790295329502000000,sent
934,28484217383578,28484217387649,28484218049094,1790295329507000000,sent
935,28484222383578,28484222389057,28484222956835,1790295329512000000,sent
936,28484227383578,28484227387575,28484227835242,1790295329517000000,sent
937,28484232383578,28484232387168,28484232984131,1790295329522000000,sent
938,28484237383578,28484237387835,28484237902798,1790295329527000000,sent
939,28484242383578,28484242388724,28484242853501,1790295329532000000,sent
940,28484247383578,28484247386205,28484247781464,1790295329537000000,sent
941,28484252383578,28484252387131,28484252823798,1790295329542000000,sent
942,28484257383578,28484257392131,28484258078538,1790295329547000000,sent
943,28484262383578,28484262390798,28484262988538,1790295329552000000,sent
944,28484267383578,28484267388761,28484267866649,1790295329557000000,sent
945,28484272383578,28484272385464,28484272760909,1790295329562000000,sent
946,28484277383578,28484277387983,28484278071094,1790295329567000000,sent
947,28484282383578,28484282388798,28484282986131,1790295329572000000,sent
948,28484287383578,28484287391909,28484288036835,1790295329577000000,sent
949,28484292383578,28484292388316,28484292912242,1790295329582000000,sent
950,28484297383578,28484297388464,28484297762390,1790295329587000000,sent
951,28484302383578,28484302388538,28484302821612,1790295329592000000,sent
952,28484307383578,28484307385279,28484307743094,1790295329597000000,sent
953,28484312383578,28484312389094,28484313113131,1790295329602000000,sent
954,28484317383578,28484317391094,28484317978205,1790295329607000000,sent
955,28484322383578,28484322387761,28484322846279,1790295329612000000,sent
956,28484327383578,28484327386946,28484327735242,1790295329617000000,sent
957,28484332383578,28484332443131,28484333149649,1790295329622000000,sent
958,28484337383578,28484337387242,28484337996501,1790295329627000000,sent
959,28484342383578,28484342389205,28484342800279,1790295329632000000,sent
960,28484347383578,28484347385501,28484347844946,1790295329637000000,sent
961,28484352383578,28484352386835,28484352760020,1790295329642000000,sent
962,28484357383578,28484357387723,28484358126798,1790295329647000000,sent
963,28484362383578,28484362390242,28484363002242,1790295329652000000,sent
964,28484367383578,28484367388983,28484367826760,1790295329657000000,sent
965,28484372383578,28484372385427,28484372755279,1790295329662000000,sent
966,28484377383578,28484377436427,28484378136686,1790295329667000000,sent
967,28484382383578,28484382391723,28484382990131,1790295329672000000,sent
968,28484387383578,28484387388798,28484388091538,1790295329677000000,sent
969,28484392383578,28484392387612,28484392950501,1790295329682000000,sent
970,28484397383578,28484397386909,28484397765909,1790295329687000000,sent
971,28484402383578,28484402386686,28484402843538,1790295329692000000,sent
972,28484407383578,28484407387094,28484407741316,1790295329697000000,sent
973,28484412383578,28484412390723,28484413084205,1790295329702000000,sent
974,28484417383578,28484417389094,28484417973797,1790295329707000000,sent
975,28484422383578,28484422386279,28484422863835,1790295329712000000,sent
976,28484427383578,28484427386872,28484427780872,1790295329717000000,sent
977,28484432383578,28484432388057,28484433193983,1790295329722000000,sent
978,28484437383578,28484437387872,28484438045094,1790295329727000000,sent
979,28484442383578,28484442386390,28484442766723,1790295329732000000,sent
980,28484447383578,28484447389057,28484447871279,1790295329737000000,sent
981,28484452383578,28484452391872,28484453053723,1790295329742000000,sent
982,28484457383578,28484457387835,28484458062168,1790295329747000000,sent
983,28484462383578,28484462387946,28484462860686,1790295329752000000,sent
984,28484467383578,28484467388427,28484467854983,1790295329757000000,sent
985,28484472383578,28484472386316,28484472802020,1790295329762000000,sent
986,28484477383578,28484477389723,28484478193094,1790295329767000000,sent
987,28484482383578,28484482390760,28484483029501,1790295329772000000,sent
988,28484487383578,28484487386353,28484487771946,1790295329777000000,sent
989,28484492383578,28484492389427,28484492885538,1790295329782000000,sent
990,28484497383578,28484497391020,28484498016353,1790295329787000000,sent
991,28484502383578,28484502392760,28484503086427,1790295329792000000,sent
992,28484507383578,28484507391242,28484508218316,1790295329797000000,sent
993,28484512383578,28484512393390,28484512977946,1790295329802000000,sent
994,28484517383578,28484517390575,28484517938686,1790295329807000000,sent
995,28484522383578,28484522391946,28484523759094,1790295329812000000,sent
996,28484527383578,28484527391131,28484528094353,1790295329817000000,sent
997,28484532383578,28484532389168,28484532800612,1790295329822000000,sent
998,28484537383578,28484537390242,28484537861686,1790295329827000000,sent
999,28484542383578,28484542386538,28484542734946,1790295329832000000,sent
1000,28484547383578,28484559483575,28484559919057,1790295329849000000,sent
1001,28484552383578,28484559938686,28484560346316,1790295329849000000,sent
1002,28484557383578,28484560362316,28484560641316,1790295329850000000,sent
1003,28484562383578,28484562388834,28484562839686,1790295329852000000,sent
1004,28484567383578,28484567387205,28484568278464,1790295329857000000,sent
1005,28484572383578,28484572386834,28484572807538,1790295329862000000,sent
1006,28484577383578,28484577386649,28484577735649,1790295329867000000,sent
1007,28484582383578,28484582389538,28484582838983,1790295329872000000,sent
1008,28484587383578,28484587388946,28484588060131,1790295329877000000,sent
1009,28484592383578,28484592390242,28484593067353,1790295329882000000,sent
1010,28484597383578,28484597386686,28484597775094,1790295329887000000,sent
1011,28484602383578,28484602388908,28484602835908,1790295329892000000,sent
1012,28484607383578,28484607385871,28484607747612,1790295329897000000,sent
1013,28484612383578,28484612388538,28484613703760,1790295329902000000,sent
1014,28484617383578,28484617390501,28484618034094,1790295329907000000,sent
1015,28484622383578,28484622385834,28484622778316,1790295329912000000,sent
1016,28484627383578,28484627388946,28484627854538,1790295329917000000,sent
1017,28484632383578,28484632389760,28484633030390,1790295329922000000,sent
1018,28484637383578,28484637390538,28484638074908,1790295329927000000,sent
1019,28484642383578,28484642385871,28484642782871,1790295329932000000,sent
1020,28484647383578,28484647390057,28484647857797,1790295329937000000,sent
1021,28484652383578,28484652389575,28484652968538,1790295329942000000,sent
1022,28484657383578,28484657386945,28484658082242,1790295329947000000,sent
1023,28484662383578,28484662388723,28484663059834,1790295329952000000,sent
1024,28484667383578,28484667389390,28484667961983,1790295329957000000,sent
1025,28484672383578,28484672390575,28484672874131,1790295329962000000,sent
1026,28484677383578,28484677390205,28484678075612,1790295329967000000,sent
1027,28484682383578,28484682393464,28484683111242,1790295329972000000,sent
1028,28484687383578,28484687389464,28484687985538,1790295329977000000,sent
1029,28484692383578,28484692391612,28484692885427,1790295329982000000,sent
1030,28484697383578,28484697386020,28484697753131,1790295329987000000,sent
1031,28484702383578,28484702390057,28484703538945,1790295329992000000,sent
1032,28484707383578,28484707393205,28484708118834,1790295329997000000,sent
1033,28484712383578,28484712389020,28484713007760,1790295330002000000,sent
1034,28484717383578,28484717389686,28484717874834,1790295330007000000,sent
1035,28484722383578,28484722387057,28484722774501,1790295330012000000,sent
1036,28484727383578,28484727391390,28484728152945,1790295330017000000,sent
1037,28484732383578,28484732389316,28484733008057,1790295330022000000,sent
1038,28484737383578,28484737389538,28484737856760,1790295330027000000,sent
1039,28484742383578,28484742387168,28484742753945,1790295330032000000,sent
1040,28484747383578,28484747391242,28484748277316,1790295330037000000,sent
1041,28484752383578,28484752388612,28484753030020,1790295330042000000,sent
1042,28484757383578,28484757391020,28484757941760,1790295330047000000,sent
1043,28484762383578,28484762388427,28484762853205,1790295330052000000,sent
1044,28484767383578,28484767386834,28484767827057,1790295330057000000,sent
1045,28484772383578,28484772391279,28484773070020,1790295330062000000,sent
1046,28484777383578,28484777387723,28484778000575,1790295330067000000,sent
1047,28484782383578,28484782389242,28484782843094,1790295330072000000,sent
1048,28484787383578,28484787387390,28484787759760,1790295330077000000,sent
1049,28484792383578,28484792389612,28484793174686,1790295330082000000,sent
1050,28484797383578,28484797389353,28484798012982,1790295330087000000,sent
1051,28484802383578,28484802385945,28484802758501,1790295330092000000,sent
1052,28484807383578,28484807388945,28484807838279,1790295330097000000,sent
1053,28484812383578,28484812388427,28484812924168,1790295330102000000,sent
1054,28484817383578,28484817389019,28484817965908,1790295330107000000,sent
1055,28484822383578,28484822388760,28484823012094,1790295330112000000,sent
1056,28484827383578,28484827489686,28484828322057,1790295330117000000,sent
1057,28484832383578,28484832389242,28484832805019,1790295330122000000,sent
1058,28484837383578,28484837386945,28484837762612,1790295330127000000,sent
1059,28484842383578,28484842389686,28484842829464,1790295330132000000,sent
1060,28484847383578,28484847389131,28484848142686,1790295330137000000,sent
1061,28484852383578,28484852394019,28484853105908,1790295330142000000,sent
1062,28484857383578,28484857386575,28484857784501,1790295330147000000,sent
1063,28484862383578,28484862388575,28484862957723,1790295330152000000,sent
1064,28484867383578,28484867386760,28484867886168,1790295330157000000,sent
1065,28484872383578,28484872399316,28484872889168,1790295330162000000,sent
1066,28484877383578,28484877388353,28484877882131,1790295330167000000,sent
1067,28484882383578,28484882392538,28484882950205,1790295330172000000,sent
1068,28484887383578,28484887390797,28484887917427,1790295330177000000,sent
1069,28484892383578,28484892389538,28484892886686,1790295330182000000,sent
1070,28484897383578,28484897391279,28484897960871,1790295330187000000,sent
1071,28484902383578,28484902388834,28484902870723,1790295330192000000,sent
1072,28484907383578,28484907390056,28484908034908,1790295330197000000,sent
1073,28484912383578,28484912388093,28484912941982,1790295330202000000,sent
1074,28484917383578,28484917447649,28484918143575,1790295330207000000,sent
1075,28484922383578,28484922388390,28484922965353,1790295330212000000,sent
1076,28484927383578,28484927385982,28484927749538,1790295330217000000,sent
1077,28484932383578,28484932390168,28484932822056,1790295330222000000,sent
1078,28484937383578,28484937390242,28484938010686,1790295330227000000,sent
1079,28484942383578,28484942394649,28484943099056,1790295330232000000,sent
1080,28484947383578,28484947390982,28484947862464,1790295330237000000,sent
1081,28484952383578,28484952389501,28484952851316,1790295330242000000,sent
1082,28484957383578,28484957387056,28484957748316,1790295330247000000,sent
1083,28484962383578,28484962392168,28484963146464,1790295330252000000,sent
1084,28484967383578,28484967387316,28484967981686,1790295330257000000,sent
1085,28484972383578,28484972386501,28484973012464,1790295330262000000,sent
1086,28484977383578,28484977387205,28484977815019,1790295330267000000,sent
1087,28484982383578,28484982388723,28484982989279,1790295330272000000,sent
1088,28484987383578,28484987391797,28484988120575,1790295330277000000,sent
1089,28484992383578,28484992388797,28484992798649,1790295330282000000,sent
1090,28484997383578,28484997387538,28484997821316,1790295330287000000,sent
1091,28485002383578,28485002386538,28485002774316,1790295330292000000,sent
1092,28485007383578,28485007459982,28485008259575,1790295330297000000,sent
1093,28485012383578,28485012390871,28485012997760,1790295330302000000,sent
1094,28485017383578,28485017386612,28485017760056,1790295330307000000,sent
1095,28485022383578,28485022388575,28485022833834,1790295330312000000,sent
1096,28485027383578,28485027389093,28485028101834,1790295330317000000,sent
1097,28485032383578,28485032392427,28485033080390,1790295330322000000,sent
1098,28485037383578,28485037386279,28485037783871,1790295330327000000,sent
1099,28485042383578,28485042389205,28485042826353,1790295330332000000,sent
1100,28485047383578,28485047388167,28485047792056,1790295330337000000,sent
1101,28485052383578,28485052525797,28485053225242,1790295330342000000,sent
1102,28485057383578,28485057390649,28485057987538,1790295330347000000,sent
1103,28485062383578,28485062386316,28485062764982,1790295330352000000,sent
1104,28485067383578,28485067387242,28485067806056,1790295330357000000,sent
1105,28485072383578,28485072390464,28485073003538,1790295330362000000,sent
1106,28485077383578,28485077392538,28485078077464,1790295330367000000,sent
1107,28485082383578,28485082386056,28485082762130,1790295330372000000,sent
1108,28485087383578,28485087389575,28485087828279,1790295330377000000,sent
1109,28485092383578,28485092387316,28485092758093,1790295330382000000,sent
1110,28485097383578,28485097443834,28485098128797,1790295330387000000,sent
1111,28485102383578,28485102387760,28485102971908,1790295330392000000,sent
1112,28485107383578,28485107385723,28485107772538,1790295330397000000,sent
1113,28485112383578,28485112389130,28485112826649,1790295330402000000,sent
1114,28485117383578,28485117387945,28485118015167,1790295330407000000,sent
1115,28485122383578,28485122391390,28485123083686,1790295330412000000,sent
1116,28485127383578,28485127388575,28485127794834,1790295330417000000,sent
1117,28485132383578,28485132389167,28485132824575,1790295330422000000,sent
1118,28485137383578,28485137386093,28485137733871,1790295330427000000,sent
1119,28485142383578,28485142442945,28485143141834,1790295330432000000,sent
1120,28485147383578,28485147390204,28485148111353,1790295330437000000,sent
1121,28485152383578,28485152386575,28485152806982,1790295330442000000,sent
1122,28485157383578,28485157387908,28485157815464,1790295330447000000,sent
1123,28485162383578,28485162388723,28485163022093,1790295330452000000,sent
1124,28485167383578,28485167391649,28485168122982,1790295330457000000,sent
1125,28485172383578,28485172387612,28485172809797,1790295330462000000,sent
1126,28485177383578,28485177388390,28485177819167,1790295330467000000,sent
1127,28485182383578,28485182386501,28485182758241,1790295330472000000,sent
1128,28485187383578,28485187441390,28485188241982,1790295330477000000,sent
1129,28485192383578,28485192389241,28485192989501,1790295330482000000,sent
1130,28485197383578,28485197386056,28485197778464,1790295330487000000,sent
1131,28485202383578,28485202387130,28485202805501,1790295330492000000,sent
1132,28485207383578,28485207388649,28485208030538,1790295330497000000,sent
1133,28485212383578,28485212391316,28485213079241,1790295330502000000,sent
1134,28485217383578,28485217389612,28485217809612,1790295330507000000,sent
1135,28485222383578,28485222387649,28485222832390,1790295330512000000,sent
1136,28485227383578,28485227385982,28485227761167,1790295330517000000,sent
1137,28485232383578,28485232506612,28485233200056,1790295330522000000,sent
1138,28485237383578,28485237389353,28485237964130,1790295330527000000,sent
1139,28485242383578,28485242386612,28485242772316,1790295330532000000,sent
1140,28485247383578,28485247388241,28485247838464,1790295330537000000,sent
1141,28485252383578,28485252390538,28485253020723,1790295330542000000,sent
1142,28485257383578,28485257392538,28485258075723,1790295330547000000,sent
1143,28485262383578,28485262386241,28485262775204,1790295330552000000,sent
1144,28485267383578,28485267389056,28485267826204,1790295330557000000,sent
1145,28485272383578,28485272387241,28485272750167,1790295330562000000,sent
1146,28485277383578,28485277490315,28485278195723,1790295330567000000,sent
1147,28485282383578,28485282387575,28485282971241,1790295330572000000,sent
1148,28485287383578,28485287385538,28485287736834,1790295330577000000,sent
1149,28485292383578,28485292387871,28485292822871,1790295330582000000,sent
1150,28485297383578,28485297388501,28485297993797,1790295330587000000,sent
1151,28485302383578,28485302390649,28485303068612,1790295330592000000,sent
1152,28485307383578,28485307388130,28485307786797,1790295330597000000,sent
1153,28485312383578,28485312389501,28485312841649,1790295330602000000,sent
1154,28485317383578,28485317385464,28485317719649,1790295330607000000,sent
1155,28485322383578,28485322457353,28485323148982,1790295330612000000,sent
1156,28485327383578,28485327388130,28485327971204,1790295330617000000,sent
1157,28485332383578,28485332386797,28485332788686,1790295330622000000,sent
1158,28485337383578,28485337389056,28485337823501,1790295330627000000,sent
1159,28485342383578,28485342387501,28485342914278,1790295330632000000,sent
1160,28485347383578,28485347392019,28485347997538,1790295330637000000,sent
1161,28485352383578,28485352388093,28485352805797,1790295330642000000,sent
1162,28485357383578,28485357389612,28485357858612,1790295330647000000,sent
1163,28485362383578,28485362387093,28485362761760,1790295330652000000,sent
1164,28485367383578,28485367428390,28485368164575,1790295330657000000,sent
1165,28485372383578,28485372388056,28485372992427,1790295330662000000,sent
1166,28485377383578,28485377386686,28485377792390,1790295330667000000,sent
1167,28485382383578,28485382388241,28485382811093,1790295330672000000,sent
1168,28485387383578,28485387388760,28485387992056,1790295330677000000,sent
1169,28485392383578,28485392392315,28485393082612,1790295330682000000,sent
1170,28485397383578,28485397387389,28485397790908,1790295330687000000,sent
1171,28485402383578,28485402388797,28485402820167,1790295330692000000,sent
1172,28485407383578,28485407386982,28485407737204,1790295330697000000,sent
1173,28485412383578,28485412473871,28485413168167,1790295330702000000,sent
1174,28485417383578,28485417388686,28485417978908,1790295330707000000,sent
1175,28485422383578,28485422386130,28485422787945,1790295330712000000,sent
1176,28485427383578,28485427390204,28485427855575,1790295330717000000,sent
1177,28485432383578,28485432390315,28485433013538,1790295330722000000,sent
1178,28485437383578,28485437390723,28485438078464,1790295330727000000,sent
1179,28485442383578,28485442386352,28485442775945,1790295330732000000,sent
1180,28485447383578,28485447387834,28485447840204,1790295330737000000,sent
1181,28485452383578,28485452390945,28485453022167,1790295330742000000,sent
1182,28485457383578,28485457446278,28485458127612,1790295330747000000,sent
1183,28485462383578,28485462385982,28485462772019,1790295330752000000,sent
1184,28485467383578,28485467386686,28485467756501,1790295330757000000,sent
1185,28485472383578,28485472390797,28485473069612,1790295330762000000,sent
1186,28485477383578,28485477389982,28485477972464,1790295330767000000,sent
1187,28485482383578,28485482388686,28485482850389,1790295330772000000,sent
1188,28485487383578,28485487386315,28485487738389,1790295330777000000,sent
1189,28485492383578,28485492389797,28485493074834,1790295330782000000,sent
1190,28485497383578,28485497387871,28485497957908,1790295330787000000,sent
1191,28485502383578,28485502389723,28485502854612,1790295330792000000,sent
1192,28485507383578,28485507386167,28485507745167,1790295330797000000,sent
1193,28485512383578,28485512388019,28485513048575,1790295330802000000,sent
1194,28485517383578,28485517388538,28485517932686,1790295330807000000,sent
1195,28485522383578,28485522386241,28485522747908,1790295330812000000,sent
1196,28485527383578,28485527389686,28485527841797,1790295330817000000,sent
1197,28485532383578,28485532387463,28485532767501,1790295330822000000,sent
1198,28485537383578,28485537391093,28485538052797,1790295330827000000,sent
1199,28485542383578,28485542387538,28485542974982,1790295330832000000,sent
1200,28485547383578,28485562245575,28485562678538,1790295330852000000,sent
1201,28485552383578,28485562698278,28485563030723,1790295330852000000,sent
1202,28485557383578,28485563046538,28485563319945,1790295330852000000,sent
1203,28485562383578,28485563334204,28485563609241,1790295330853000000,sent
1204,28485567383578,28485567390315,28485567954538,1790295330857000000,sent
1205,28485572383578,28485572391834,28485573000315,1790295330862000000,sent
1206,28485577383578,28485577387130,28485577801982,1790295330867000000,sent
1207,28485582383578,28485582387538,28485582828538,1790295330872000000,sent
1208,28485587383578,28485587388982,28485588087278,1790295330877000000,sent
1209,28485592383578,28485592392463,28485593135982,1790295330882000000,sent
1210,28485597383578,28485597387649,28485597975019,1790295330887000000,sent
1211,28485602383578,28485602388130,28485602842500,1790295330892000000,sent
1212,28485607383578,28485607388834,28485607836389,1790295330897000000,sent
1213,28485612383578,28485612389019,28485613011352,1790295330902000000,sent
1214,28485617383578,28485617392500,28485618078278,1790295330907000000,sent
1215,28485622383578,28485622387056,28485622779204,1790295330912000000,sent
1216,28485627383578,28485627389723,28485627855167,1790295330917000000,sent
1217,28485632383578,28485632386093,28485632753723,1790295330922000000,sent
1218,28485637383578,28485637434538,28485638123723,1790295330927000000,sent
1219,28485642383578,28485642387463,28485642988834,1790295330932000000,sent
1220,28485647383578,28485647385649,28485647775130,1790295330937000000,sent
1221,28485652383578,28485652390537,28485652865871,1790295330942000000,sent
1222,28485657383578,28485657387352,28485657919241,1790295330947000000,sent
1223,28485662383578,28485662391167,28485663005500,1790295330952000000,sent
1224,28485667383578,28485667387649,28485667844537,1790295330957000000,sent
1225,28485672383578,28485672388500,28485672840537,1790295330962000000,sent
1226,28485677383578,28485677387093,28485677808056,1790295330967000000,sent
1227,28485682383578,28485682521982,28485683249982,1790295330972000000,sent
1228,28485687383578,28485687388537,28485687979575,1790295330977000000,sent
1229,28485692383578,28485692386834,28485692789130,1790295330982000000,sent
1230,28485697383578,28485697389426,28485697806352,1790295330987000000,sent
1231,28485702383578,28485702387871,28485702985797,1790295330992000000,sent
1232,28485707383578,28485707390760,28485708126315,1790295330997000000,sent
1233,28485712383578,28485712389056,28485712813574,1790295331002000000,sent
1234,28485717383578,28485717387574,28485717813130,1790295331007000000,sent
1235,28485722383578,28485722386352,28485722764574,1790295331012000000,sent
1236,28485727383578,28485727445389,28485728196056,1790295331017000000,sent
1237,28485732383578,28485732391352,28485733038537,1790295331022000000,sent
1238,28485737383578,28485737386649,28485737789871,1790295331027000000,sent
1239,28485742383578,28485742387945,28485742860612,1790295331032000000,sent
1240,28485747383578,28485747389389,28485748043982,1790295331037000000,sent
1241,28485752383578,28485752393167,28485753113019,1790295331042000000,sent
1242,28485757383578,28485757387649,28485757814723,1790295331047000000,sent
1243,28485762383578,28485762389241,28485762838574,1790295331052000000,sent
1244,28485767383578,28485767385871,28485767753278,1790295331057000000,sent
1245,28485772383578,28485772510426,28485773217760,1790295331062000000,sent
1246,28485777383578,28485777388167,28485777989056,1790295331067000000,sent
1247,28485782383578,28485782387871,28485783080834,1790295331072000000,sent
1248,28485787383578,28485787387834,28485787810982,1790295331077000000,sent
1249,28485792383578,28485792390130,28485793120871,1790295331082000000,sent
1250,28485797383578,28485797391945,28485798079204,1790295331087000000,sent
1251,28485802383578,28485802387019,28485802783056,1790295331092000000,sent
1252,28485807383578,28485807387834,28485807828908,1790295331097000000,sent
1253,28485812383578,28485812392834,28485813062093,1790295331102000000,sent
1254,28485817383578,28485817389463,28485818062686,1790295331107000000,sent
1255,28485822383578,28485822387463,28485822836278,1790295331112000000,sent
1256,28485827383578,28485827386686,28485827828760,1790295331117000000,sent
1257,28485832383578,28485832392648,28485833076834,1790295331122000000,sent
1258,28485837383578,28485837388723,28485837963982,1790295331127000000,sent
1259,28485842383578,28485842389352,28485842846686,1790295331132000000,sent
1260,28485847383578,28485847387019,28485847747241,1790295331137000000,sent
1261,28485852383578,28485852390908,28485853111723,1790295331142000000,sent
1262,28485857383578,28485857389537,28485858002611,1790295331147000000,sent
1263,28485862383578,28485862390315,28485862855871,1790295331152000000,sent
1264,28485867383578,28485867387686,28485868301241,1790295331157000000,sent
1265,28485872383578,28485872387463,28485872819204,1790295331162000000,sent
1266,28485877383578,28485877389871,28485877977315,1790295331167000000,sent
1267,28485882383578,28485882388426,28485882953982,1790295331172000000,sent
1268,28485887383578,28485887390241,28485887868056,1790295331177000000,sent
1269,28485892383578,28485892386686,28485892783389,1790295331182000000,sent
1270,28485897383578,28485897393352,28485898086537,1790295331187000000,sent
1271,28485902383578,28485902388685,28485902977241,1790295331192000000,sent
1272,28485907383578,28485907390093,28485907862648,1790295331197000000,sent
1273,28485912383578,28485912387426,28485912765241,1790295331202000000,sent
1274,28485917383578,28485917385982,28485918018648,1790295331207000000,sent
1275,28485922383578,28485922389982,28485922985463,1790295331212000000,sent
1276,28485927383578,28485927388019,28485927897278,1790295331217000000,sent
1277,28485932383578,28485932392648,28485933091982,1790295331222000000,sent
1278,28485937383578,28485937388204,28485937968167,1790295331227000000,sent
1279,28485942383578,28485942389871,28485942986537,1790295331232000000,sent
1280,28485947383578,28485947387463,28485947880611,1790295331237000000,sent
1281,28485952383578,28485952393760,28485953100648,1790295331242000000,sent
1282,28485957383578,28485957388834,28485957988908,1790295331247000000,sent
1283,28485962383578,28485962592611,28485963037352,1790295331252000000,sent
1284,28485967383578,28485967387426,28485967785019,1790295331257000000,sent
1285,28485972383578,28485972386056,28485972749574,1790295331262000000,sent
1286,28485977383578,28485977392611,28485978090352,1790295331267000000,sent
1287,28485982383578,28485982387722,28485983829130,1790295331272000000,sent
1288,28485987383578,28485987388167,28485987824574,1790295331277000000,sent
1289,28485992383578,28485992387611,28485992784871,1790295331282000000,sent
1290,28485997383578,28485997559611,28485998291130,1790295331287000000,sent
1291,28486002383578,28486002387834,28486002987834,1790295331292000000,sent
1292,28486007383578,28486007388722,28486007764500,1790295331297000000,sent
1293,28486012383578,28486012388241,28486012825352,1790295331302000000,sent
1294,28486017383578,28486017386093,28486017741463,1790295331307000000,sent
1295,28486022383578,28486022390982,28486023078056,1790295331312000000,sent
1296,28486027383578,28486027388352,28486028103648,1790295331317000000,sent
1297,28486032383578,28486032389722,28486032835463,1790295331322000000,sent
1298,28486037383578,28486037387093,28486037735648,1790295331327000000,sent
1299,28486042383578,28486042390389,28486042996167,1790295331332000000,sent
1300,28486047383578,28486047389130,28486047958648,1790295331337000000,sent
1301,28486052383578,28486052390352,28486053763204,1790295331342000000,sent
1302,28486057383578,28486057389426,28486058024056,1790295331347000000,sent
1303,28486062383578,28486062388278,28486062799834,1790295331352000000,sent
1304,28486067383578,28486067389537,28486067855352,1790295331357000000,sent
1305,28486072383578,28486072387648,28486072784315,1790295331362000000,sent
1306,28486077383578,28486077391463,28486078083537,1790295331367000000,sent
1307,28486082383578,28486082389722,28486082979463,1790295331372000000,sent
1308,28486087383578,28486087389537,28486087851426,1790295331377000000,sent
1309,28486092383578,28486092387426,28486092774352,1790295331382000000,sent
1310,28486097383578,28486097388982,28486098186389,1790295331387000000,sent
1311,28486102383578,28486102388389,28486103019426,1790295331392000000,sent
1312,28486107383578,28486107387796,28486107774204,1790295331397000000,sent
1313,28486112383578,28486112388796,28486112848352,1790295331402000000,sent
1314,28486117383578,28486117386352,28486117732982,1790295331407000000,sent
1315,28486122383578,28486122392389,28486123059167,1790295331412000000,sent
1316,28486127383578,28486127389315,28486127962945,1790295331417000000,sent
1317,28486132383578,28486132388908,28486132855611,1790295331422000000,sent
1318,28486137383578,28486137387167,28486137754315,1790295331427000000,sent
1319,28486142383578,28486142389278,28486143039241,1790295331432000000,sent
1320,28486147383578,28486147389685,28486147937796,1790295331437000000,sent
1321,28486152383578,28486152387833,28486152795056,1790295331442000000,sent
1322,28486157383578,28486157389130,28486157851389,1790295331447000000,sent
1323,28486162383578,28486162387093,28486162751315,1790295331452000000,sent
1324,28486167383578,28486167390537,28486168190796,1790295331457000000,sent
1325,28486172383578,28486172389204,28486172977389,1790295331462000000,sent
1326,28486177383578,28486177391019,28486177856056,1790295331467000000,sent
1327,28486182383578,28486182386796,28486182742648,1790295331472000000,sent
1328,28486187383578,28486187388945,28486188222056,1790295331477000000,sent
1329,28486192383578,28486192388167,28486193027352,1790295331482000000,sent
1330,28486197383578,28486197389019,28486197772908,1790295331487000000,sent
1331,28486202383578,28486202389315,28486202849315,1790295331492000000,sent
1332,28486207383578,28486207386019,28486207743833,1790295331497000000,sent
1333,28486212383578,28486212391796,28486213118315,1790295331502000000,sent
1334,28486217383578,28486217389982,28486217976056,1790295331507000000,sent
1335,28486222383578,28486222389945,28486222853982,1790295331512000000,sent
1336,28486227383578,28486227386278,28486227825611,1790295331517000000,sent
1337,28486232383578,28486232389945,28486233215426,1790295331522000000,sent
1338,28486237383578,28486237390500,28486238079870,1790295331527000000,sent
1339,28486242383578,28486242386463,28486242798204,1790295331532000000,sent
1340,28486247383578,28486247389463,28486247838982,1790295331537000000,sent
1341,28486252383578,28486252387463,28486252812759,1790295331542000000,sent
1342,28486257383578,28486257392611,28486258064426,1790295331547000000,sent
1343,28486262383578,28486262388833,28486263026537,1790295331552000000,sent
1344,28486267383578,28486267390389,28486267858500,1790295331557000000,sent
1345,28486272383578,28486272386315,28486272756537,1790295331562000000,sent
1346,28486277383578,28486277385982,28486277770204,1790295331567000000,sent
1347,28486282383578,28486282391389,28486283068352,1790295331572000000,sent
1348,28486287383578,28486287387352,28486287956352,1790295331577000000,sent
1349,28486292383578,28486292388759,28486292860278,1790295331582000000,sent
1350,28486297383578,28486297386907,28486297751315,1790295331587000000,sent
1351,28486302383578,28486302392685,28486303076759,1790295331592000000,sent
1352,28486307383578,28486307388574,28486308036907,1790295331597000000,sent
1353,28486312383578,28486312391352,28486312866574,1790295331602000000,sent
1354,28486317383578,28486317386315,28486317755722,1790295331607000000,sent
1355,28486322383578,28486322386389,28486322769352,1790295331612000000,sent
1356,28486327383578,28486327392019,28486328163389,1790295331617000000,sent
1357,28486332383578,28486332388907,28486332983315,1790295331622000000,sent
1358,28486337383578,28486337388389,28486337846389,1790295331627000000,sent
1359,28486342383578,28486342386611,28486342768056,1790295331632000000,sent
1360,28486347383578,28486347391907,28486348100463,1790295331637000000,sent
1361,28486352383578,28486352389574,28486352993759,1790295331642000000,sent
1362,28486357383578,28486357389870,28486357855648,1790295331647000000,sent
1363,28486362383578,28486362386944,28486362751426,1790295331652000000,sent
1364,28486367383578,28486367386167,28486367805167,1790295331657000000,sent
1365,28486372383578,28486372393278,28486373082982,1790295331662000000,sent
1366,28486377383578,28486377387685,28486377977019,1790295331667000000,sent
1367,28486382383578,28486382389648,28486382864093,1790295331672000000,sent
1368,28486387383578,28486387387315,28486387770130,1790295331677000000,sent
1369,28486392383578,28486392391574,28486393081574,1790295331682000000,sent
1370,28486397383578,28486397388611,28486397967870,1790295331687000000,sent
1371,28486402383578,28486402389833,28486402859685,1790295331692000000,sent
1372,28486407383578,28486407386574,28486407736463,1790295331697000000,sent
1373,28486412383578,28486412386130,28486412782056,1790295331702000000,sent
1374,28486417383578,28486417389167,28486417977537,1790295331707000000,sent
1375,28486422383578,28486422388463,28486422869463,1790295331712000000,sent
1376,28486427383578,28486427389204,28486427874870,1790295331717000000,sent
1377,28486432383578,28486432386352,28486432746574,1790295331722000000,sent
1378,28486437383578,28486437391870,28486438067648,1790295331727000000,sent
1379,28486442383578,28486442390056,28486442991611,1790295331732000000,sent
1380,28486447383578,28486447390759,28486447847315,1790295331737000000,sent
1381,28486452383578,28486452386722,28486452776352,1790295331742000000,sent
1382,28486457383578,28486457386315,28486457825426,1790295331747000000,sent
1383,28486462383578,28486462390611,28486462980833,1790295331752000000,sent
1384,28486467383578,28486467388537,28486467888759,1790295331757000000,sent
1385,28486472383578,28486472391389,28486473100796,1790295331762000000,sent
1386,28486477383578,28486477388685,28486477966167,1790295331767000000,sent
1387,28486482383578,28486482388981,28486482835870,1790295331772000000,sent
1388,28486487383578,28486487385574,28486487748167,1790295331777000000,sent
1389,28486492383578,28486492392426,28486493003981,1790295331782000000,sent
1390,28486497383578,28486497386796,28486497891611,1790295331787000000,sent
1391,28486502383578,28486502387352,28486502738611,1790295331792000000,sent
1392,28486507383578,28486507387796,28486507804611,1790295331797000000,sent
1393,28486512383578,28486512386389,28486512761574,1790295331802000000,sent
1394,28486517383578,28486517392833,28486518147463,1790295331807000000,sent
1395,28486522383578,28486522391315,28486523113241,1790295331812000000,sent
1396,28486527383578,28486527388537,28486527844648,1790295331817000000,sent
1397,28486532383578,28486532386611,28486532773241,1790295331822000000,sent
1398,28486537383578,28486537422426,28486538115759,1790295331827000000,sent
1399,28486542383578,28486542388130,28486543038944,1790295331832000000,sent
1400,28486547383578,28486566871722,28486567306907,1790295331856000000,sent
1401,28486552383578,28486567324574,28486567640426,1790295331857000000,sent
1402,28486557383578,28486567654611,28486567949241,1790295331857000000,sent
1403,28486562383578,28486567962574,28486568272944,1790295331857000000,sent
1404,28486567383578,28486568286648,28486568562574,1790295331858000000,sent
1405,28486572383578,28486572391907,28486572977611,1790295331862000000,sent
1406,28486577383578,28486577388796,28486577901463,1790295331867000000,sent
1407,28486582383578,28486582389278,28486582850278,1790295331872000000,sent
1408,28486587383578,28486587387018,28486587739537,1790295331877000000,sent
1409,28486592383578,28486592388092,28486593174537,1790295331882000000,sent
1410,28486597383578,28486597388685,28486598010463,1790295331887000000,sent
1411,28486602383578,28486602387315,28486602783352,1790295331892000000,sent
1412,28486607383578,28486607389018,28486607845204,1790295331897000000,sent
1413,28486612383578,28486612386204,28486612745537,1790295331902000000,sent
1414,28486617383578,28486617391315,28486618074722,1790295331907000000,sent
1415,28486622383578,28486622388167,28486622968352,1790295331912000000,sent
1416,28486627383578,28486627391463,28486627877907,1790295331917000000,sent
1417,28486632383578,28486632386759,28486632760500,1790295331922000000,sent
1418,28486637383578,28486637385870,28486637746722,1790295331927000000,sent
1419,28486642383578,28486642393092,28486643098018,1790295331932000000,sent
1420,28486647383578,28486647387833,28486647962870,1790295331937000000,sent
1421,28486652383578,28486652389352,28486652864389,1790295331942000000,sent
1422,28486657383578,28486657388129,28486657823685,1790295331947000000,sent
1423,28486662383578,28486662391352,28486663071648,1790295331952000000,sent
1424,28486667383578,28486667387907,28486667993796,1790295331957000000,sent
1425,28486672383578,28486672389574,28486672849611,1790295331962000000,sent
1426,28486677383578,28486677387241,28486677775055,1790295331967000000,sent
1427,28486682383578,28486682386722,28486683037278,1790295331972000000,sent
1428,28486687383578,28486687387167,28486687948315,1790295331977000000,sent
1429,28486692383578,28486692387389,28486692889833,1790295331982000000,sent
1430,28486697383578,28486697390796,28486698084722,1790295331987000000,sent
1431,28486702383578,28486702388241,28486702989981,1790295331992000000,sent
1432,28486707383578,28486707387759,28486707833574,1790295331997000000,sent
1433,28486712383578,28486712387129,28486712756278,1790295332002000000,sent
1434,28486717383578,28486717392352,28486718097278,1790295332007000000,sent
1435,28486722383578,28486722387870,28486723086944,1790295332012000000,sent
1436,28486727383578,28486727388722,28486728102833,1790295332017000000,sent
1437,28486732383578,28486732387018,28486732793426,1790295332022000000,sent
1438,28486737383578,28486737385685,28486737770759,1790295332027000000,sent
1439,28486742383578,28486742391685,28486743078278,1790295332032000000,sent
1440,28486747383578,28486747390278,28486747977907,1790295332037000000,sent
1441,28486752383578,28486752389352,28486752833204,1790295332042000000,sent
1442,28486757383578,28486757385907,28486757777352,1790295332047000000,sent
1443,28486762383578,28486762392315,28486763002278,1790295332052000000,sent
1444,28486767383578,28486767388055,28486767884907,1790295332057000000,sent
1445,28486772383578,28486772386166,28486773019944,1790295332062000000,sent
1446,28486777383578,28486777387203,28486777793426,1790295332067000000,sent
1447,28486782383578,28486782386722,28486782757278,1790295332072000000,sent
1448,28486787383578,28486787392426,28486788124203,1790295332077000000,sent
1449,28486792383578,28486792388500,28486792993463,1790295332082000000,sent
1450,28486797383578,28486797387722,28486797825278,1790295332087000000,sent
1451,28486802383578,28486802387166,28486802736463,1790295332092000000,sent
1452,28486807383578,28486807390500,28486808197833,1790295332097000000,sent
1453,28486812383578,28486812389722,28486813041241,1790295332102000000,sent
1454,28486817383578,28486817389685,28486818357092,1790295332107000000,sent
1455,28486822383578,28486822386500,28486822779833,1790295332112000000,sent
1456,28486827383578,28486827385759,28486827755870,1790295332117000000,sent
1457,28486832383578,28486832391166,28486833077240,1790295332122000000,sent
1458,28486837383578,28486837389315,28486837972685,1790295332127000000,sent
1459,28486842383578,28486842387870,28486842835648,1790295332132000000,sent
1460,28486847383578,28486847385759,28486847768981,1790295332137000000,sent
1461,28486852383578,28486852390759,28486853082018,1790295332142000000,sent
1462,28486857383578,28486857389166,28486858019833,1790295332147000000,sent
1463,28486862383578,28486862388944,28486863060870,1790295332152000000,sent
1464,28486867383578,28486867387203,28486867795240,1790295332157000000,sent
1465,28486872383578,28486872385870,28486872762315,1790295332162000000,sent
1466,28486877383578,28486877392907,28486878139574,1790295332167000000,sent
1467,28486882383578,28486882389685,28486883010055,1790295332172000000,sent
1468,28486887383578,28486887389129,28486887832574,1790295332177000000,sent
1469,28486892383578,28486892387092,28486892761426,1790295332182000000,sent
1470,28486897383578,28486897394352,28486898117018,1790295332187000000,sent
1471,28486902383578,28486902388352,28486903024018,1790295332192000000,sent
1472,28486907383578,28486907590352,28486908047463,1790295332197000000,sent
1473,28486912383578,28486912386463,28486912783166,1790295332202000000,sent
1474,28486917383578,28486917386944,28486917758129,1790295332207000000,sent
1475,28486922383578,28486922393574,28486923090426,1790295332212000000,sent
1476,28486927383578,28486927388685,28486928974611,1790295332217000000,sent
1477,28486932383578,28486932389092,28486932831129,1790295332222000000,sent
1478,28486937383578,28486937386870,28486937742240,1790295332227000000,sent
1479,28486942383578,28486942446092,28486943149426,1790295332232000000,sent
1480,28486947383578,28486947387759,28486947977944,1790295332237000000,sent
1481,28486952383578,28486952595833,28486953046685,1790295332242000000,sent
1482,28486957383578,28486957388500,28486957816685,1790295332247000000,sent
1483,28486962383578,28486962387018,28486962727537,1790295332252000000,sent
1484,28486967383578,28486967391833,28486968148574,1790295332257000000,sent
1485,28486972383578,28486972387574,28486972976611,1790295332262000000,sent
1486,28486977383578,28486977388981,28486977831055,1790295332267000000,sent
1487,28486982383578,28486982387426,28486982781722,1790295332272000000,sent
1488,28486987383578,28486987393352,28486988168092,1790295332277000000,sent
1489,28486992383578,28486992389833,28486993004352,1790295332282000000,sent
1490,28486997383578,28486997385796,28486998016574,1790295332287000000,sent
1491,28487002383578,28487002388203,28487002804574,1790295332292000000,sent
1492,28487007383578,28487007386203,28487007728944,1790295332297000000,sent
1493,28487012383578,28487012390500,28487013089314,1790295332302000000,sent
1494,28487017383578,28487017390314,28487017993389,1790295332307000000,sent
1495,28487022383578,28487022387314,28487022841129,1790295332312000000,sent
1496,28487027383578,28487027386500,28487027786018,1790295332317000000,sent
1497,28487032383578,28487032392389,28487033103870,1790295332322000000,sent
1498,28487037383578,28487037388537,28487037968574,1790295332327000000,sent
1499,28487042383578,28487042390055,28487043655722,1790295332332000000,sent
1500,28487047383578,28487047388796,28487047937833,1790295332337000000,sent
1501,28487052383578,28487052386870,28487052774055,1790295332342000000,sent
1502,28487057383578,28487057389055,28487057867314,1790295332347000000,sent
1503,28487062383578,28487062385611,28487062760055,1790295332352000000,sent
1504,28487067383578,28487067389351,28487068135611,1790295332357000000,sent
1505,28487072383578,28487072389314,28487072997277,1790295332362000000,sent
1506,28487077383578,28487077390537,28487077859092,1790295332367000000,sent
1507,28487082383578,28487082386981,28487082778574,1790295332372000000,sent
1508,28487087383578,28487087388981,28487088870796,1790295332377000000,sent
1509,28487092383578,28487092388092,28487093028388,1790295332382000000,sent
1510,28487097383578,28487097389166,28487097782796,1790295332387000000,sent
1511,28487102383578,28487102388944,28487102851166,1790295332392000000,sent
1512,28487107383578,28487107386759,28487107733240,1790295332397000000,sent
1513,28487112383578,28487112391907,28487113092870,1790295332402000000,sent
1514,28487117383578,28487117387833,28487117976796,1790295332407000000,sent
1515,28487122383578,28487122389018,28487122855833,1790295332412000000,sent
1516,28487127383578,28487127386092,28487127759796,1790295332417000000,sent
1517,28487132383578,28487132386055,28487133003944,1790295332422000000,sent
1518,28487137383578,28487137389018,28487138059240,1790295332427000000,sent
1519,28487142383578,28487142389796,28487143001388,1790295332432000000,sent
1520,28487147383578,28487147389463,28487147858500,1790295332437000000,sent
1521,28487152383578,28487152386500,28487152758907,1790295332442000000,sent
1522,28487157383578,28487157391425,28487158094685,1790295332447000000,sent
1523,28487162383578,28487162387500,28487162988055,1790295332452000000,sent
1524,28487167383578,28487167390685,28487167867203,1790295332457000000,sent
1525,28487172383578,28487172387537,28487172786277,1790295332462000000,sent
1526,28487177383578,28487177385870,28487177739611,1790295332467000000,sent
1527,28487182383578,28487182392388,28487183076129,1790295332472000000,sent
1528,28487187383578,28487187389537,28487187969870,1790295332477000000,sent
1529,28487192383578,28487192389907,28487192865574,1790295332482000000,sent
1530,28487197383578,28487197385833,28487197741314,1790295332487000000,sent
1531,28487202383578,28487202393240,28487203087981,1790295332492000000,sent
1532,28487207383578,28487207389685,28487207982092,1790295332497000000,sent
1533,28487212383578,28487212390722,28487212875537,1790295332502000000,sent
1534,28487217383578,28487217387500,28487217820277,1790295332507000000,sent
1535,28487222383578,28487222386611,28487222759759,1790295332512000000,sent
1536,28487227383578,28487227391537,28487228142166,1790295332517000000,sent
1537,28487232383578,28487232388203,28487232988203,1790295332522000000,sent
1538,28487237383578,28487237387759,28487237840870,1790295332527000000,sent
1539,28487242383578,28487242386833,28487242771981,1790295332532000000,sent
1540,28487247383578,28487247391203,28487248119351,1790295332537000000,sent
1541,28487252383578,28487252389907,28487252981314,1790295332542000000,sent
1542,28487257383578,28487257391166,28487257894611,1790295332547000000,sent
1543,28487262383578,28487262387796,28487262832537,1790295332552000000,sent
1544,28487267383578,28487267386351,28487267778018,1790295332557000000,sent
1545,28487272383578,28487272392092,28487273093981,1790295332562000000,sent
1546,28487277383578,28487277388722,28487277969203,1790295332567000000,sent
1547,28487282383578,28487282389203,28487282854685,1790295332572000000,sent
1548,28487287383578,28487287386351,28487287727981,1790295332577000000,sent
1549,28487292383578,28487292391981,28487293080759,1790295332582000000,sent
1550,28487297383578,28487297389759,28487297962537,1790295332587000000,sent
1551,28487302383578,28487302389722,28487302867166,1790295332592000000,sent
1552,28487307383578,28487307386574,28487307794018,1790295332597000000,sent
1553,28487312383578,28487312386870,28487313062796,1790295332602000000,sent
1554,28487317383578,28487317390351,28487318074796,1790295332607000000,sent
1555,28487322383578,28487322388574,28487323040277,1790295332612000000,sent
1556,28487327383578,28487327389499,28487327898981,1790295332617000000,sent
1557,28487332383578,28487332386203,28487332753536,1790295332622000000,sent
1558,28487337383578,28487337392648,28487338074574,1790295332627000000,sent
1559,28487342383578,28487342390240,28487342992203,1790295332632000000,sent
1560,28487347383578,28487347390536,28487347869055,1790295332637000000,sent
1561,28487352383578,28487352388648,28487352836203,1790295332642000000,sent
1562,28487357383578,28487357386129,28487358100907,1790295332647000000,sent
1563,28487362383578,28487362389314,28487362999166,1790295332652000000,sent
1564,28487367383578,28487367386833,28487367878462,1790295332657000000,sent
1565,28487372383578,28487372389759,28487372851536,1790295332662000000,sent
1566,28487377383578,28487377385796,28487377759981,1790295332667000000,sent
1567,28487382383578,28487382392055,28487383068092,1790295332672000000,sent
1568,28487387383578,28487387387351,28487387971314,1790295332677000000,sent
1569,28487392383578,28487392389981,28487392873722,1790295332682000000,sent
1570,28487397383578,28487397387203,28487397809573,1790295332687000000,sent
1571,28487402383578,28487402387203,28487403048499,1790295332692000000,sent
1572,28487407383578,28487407389981,28487408119573,1790295332697000000,sent
1573,28487412383578,28487412390611,28487412967351,1790295332702000000,sent
1574,28487417383578,28487417388870,28487417862499,1790295332707000000,sent
1575,28487422383578,28487422387203,28487422746240,1790295332712000000,sent
1576,28487427383578,28487427391055,28487428129425,1790295332717000000,sent
1577,28487432383578,28487432389796,28487432983796,1790295332722000000,sent
1578,28487437383578,28487437389092,28487437857611,1790295332727000000,sent
1579,28487442383578,28487442387833,28487442811833,1790295332732000000,sent
1580,28487447383578,28487447386092,28487447761499,1790295332737000000,sent
1581,28487452383578,28487452392499,28487453083722,1790295332742000000,sent
1582,28487457383578,28487457388351,28487458008722,1790295332747000000,sent
1583,28487462383578,28487462389018,28487462853166,1790295332752000000,sent
1584,28487467383578,28487467386833,28487467735907,1790295332757000000,sent
1585,28487472383578,28487472392685,28487473081018,1790295332762000000,sent
1586,28487477383578,28487477389018,28487477964722,1790295332767000000,sent
1587,28487482383578,28487482389092,28487482862166,1790295332772000000,sent
1588,28487487383578,28487487387722,28487487796425,1790295332777000000,sent
1589,28487492383578,28487492388833,28487493786759,1790295332782000000,sent
1590,28487497383578,28487497390351,28487498039277,1790295332787000000,sent
1591,28487502383578,28487502389203,28487502764944,1790295332792000000,sent
1592,28487507383578,28487507389722,28487507857833,1790295332797000000,sent
1593,28487512383578,28487512386944,28487512746351,1790295332802000000,sent
1594,28487517383578,28487517391351,28487518085907,1790295332807000000,sent
1595,28487522383578,28487522388796,28487523021536,1790295332812000000,sent
1596,28487527383578,28487527389314,28487527848944,1790295332817000000,sent
1597,28487532383578,28487532387351,28487532810610,1790295332822000000,sent
1598,28487537383578,28487537388055,28487538811240,1790295332827000000,sent
1599,28487542383578,28487542390314,28487543020536,1790295332832000000,sent
1600,28487547383578,28487569734388,28487570220722,1790295332859000000,sent
1601,28487552383578,28487570257944,28487570639425,1790295332860000000,sent
1602,28487557383578,28487570646314,28487570920203,1790295332860000000,sent
1603,28487562383578,28487570924870,28487571193018,1790295332860000000,sent
1604,28487567383578,28487571197166,28487571599166,1790295332861000000,sent
1605,28487572383578,28487572384610,28487572761647,1790295332862000000,sent
1606,28487577383578,28487577385388,28487577814314,1790295332867000000,sent
1607,28487582383578,28487582387092,28487583295462,1790295332872000000,sent
1608,28487587383578,28487587384240,28487587821684,1790295332877000000,sent
1609,28487592383578,28487592385018,28487592782055,1790295332882000000,sent
1610,28487597383578,28487597386722,28487598144647,1790295332887000000,sent
1611,28487602383578,28487602386759,28487602902277,1790295332892000000,sent
1612,28487607383578,28487607386166,28487608040796,1790295332897000000,sent
1613,28487612383578,28487612384833,28487612920166,1790295332902000000,sent
1614,28487617383578,28487617386055,28487617954240,1790295332907000000,sent
1615,28487622383578,28487622384759,28487622899610,1790295332912000000,sent
1616,28487627383578,28487627384536,28487627775129,1790295332917000000,sent
1617,28487632383578,28487632385573,28487632803018,1790295332922000000,sent
1618,28487637383578,28487637385314,28487637725870,1790295332927000000,sent
1619,28487642383578,28487642387092,28487643044499,1790295332932000000,sent
1620,28487647383578,28487647384721,28487647940870,1790295332937000000,sent
1621,28487652383578,28487652385721,28487652813981,1790295332942000000,sent
1622,28487657383578,28487657385907,28487657779610,1790295332947000000,sent
1623,28487662383578,28487662386018,28487663058499,1790295332952000000,sent
1624,28487667383578,28487667386499,28487667967647,1790295332957000000,sent
1625,28487672383578,28487672385981,28487672762833,1790295332962000000,sent
1626,28487677383578,28487677385796,28487677788833,1790295332967000000,sent
1627,28487682383578,28487682385351,28487682730203,1790295332972000000,sent
1628,28487687383578,28487687384721,28487688100684,1790295332977000000,sent
1629,28487692383578,28487692386647,28487692962759,1790295332982000000,sent
1630,28487697383578,28487697384314,28487697800314,1790295332987000000,sent
1631,28487702383578,28487702385240,28487702751536,1790295332992000000,sent
1632,28487707383578,28487707386536,28487708093981,1790295332997000000,sent
1633,28487712383578,28487712384833,28487712957647,1790295333002000000,sent
1634,28487717383578,28487717386388,28487717909758,1790295333007000000,sent
1635,28487722383578,28487722386907,28487722915055,1790295333012000000,sent
1636,28487727383578,28487727385425,28487727763833,1790295333017000000,sent
1637,28487732383578,28487732385092,28487732805277,1790295333022000000,sent
1638,28487737383578,28487737384684,28487737723536,1790295333027000000,sent
1639,28487742383578,28487742387499,28487743029314,1790295333032000000,sent
1640,28487747383578,28487747386758,28487748056388,1790295333037000000,sent
1641,28487752383578,28487752385721,28487752909833,1790295333042000000,sent
1642,28487757383578,28487757385499,28487757973870,1790295333047000000,sent
1643,28487762383578,28487762387499,28487763310092,1790295333052000000,sent
1644,28487767383578,28487767386277,28487768132536,1790295333057000000,sent
1645,28487772383578,28487772385203,28487772795203,1790295333062000000,sent
1646,28487777383578,28487777384758,28487777828870,1790295333067000000,sent
1647,28487782383578,28487782385721,28487783024166,1790295333072000000,sent
1648,28487787383578,28487787387610,28487788163388,1790295333077000000,sent
1649,28487792383578,28487792384833,28487792808981,1790295333082000000,sent
1650,28487797383578,28487797385055,28487797862721,1790295333087000000,sent
1651,28487802383578,28487802384462,28487802824388,1790295333092000000,sent
1652,28487807383578,28487807385018,28487808225129,1790295333097000000,sent
1653,28487812383578,28487812385055,28487813019240,1790295333102000000,sent
1654,28487817383578,28487817385277,28487817767129,1790295333107000000,sent
1655,28487822383578,28487822384832,28487822813203,1790295333112000000,sent
1656,28487827383578,28487827385981,28487827981981,1790295333117000000,sent
1657,28487832383578,28487832386573,28487833038758,1790295333122000000,sent
1658,28487837383578,28487837385388,28487837775092,1790295333127000000,sent
1659,28487842383578,28487842385499,28487842818129,1790295333132000000,sent
1660,28487847383578,28487847384944,28487847723721,1790295333137000000,sent
1661,28487852383578,28487852384944,28487853152166,1790295333142000000,sent
1662,28487857383578,28487857386832,28487857979944,1790295333147000000,sent
1663,28487862383578,28487862385499,28487862782944,1790295333152000000,sent
1664,28487867383578,28487867385388,28487867821277,1790295333157000000,sent
1665,28487872383578,28487872384981,28487872896499,1790295333162000000,sent
1666,28487877383578,28487877386795,28487877935425,1790295333167000000,sent
1667,28487882383578,28487882385277,28487882746240,1790295333172000000,sent
1668,28487887383578,28487887385166,28487887799536,1790295333177000000,sent
1669,28487892383578,28487892384536,28487892727721,1790295333182000000,sent
1670,28487897383578,28487897387610,28487898135573,1790295333187000000,sent
1671,28487902383578,28487902387351,28487903013610,1790295333192000000,sent
1672,28487907383578,28487907384758,28487907753647,1790295333197000000,sent
1673,28487912383578,28487912384462,28487912820203,1790295333202000000,sent
1674,28487917383578,28487917384795,28487917909869,1790295333207000000,sent
1675,28487922383578,28487922386981,28487922949388,1790295333212000000,sent
1676,28487927383578,28487927384981,28487927750907,1790295333217000000,sent
1677,28487932383578,28487932385018,28487932817758,1790295333222000000,sent
1678,28487937383578,28487937385647,28487937724499,1790295333227000000,sent
1679,28487942383578,28487942386721,28487943171907,1790295333232000000,sent
1680,28487947383578,28487947386203,28487947990981,1790295333237000000,sent
1681,28487952383578,28487952384499,28487952754610,1790295333242000000,sent
1682,28487957383578,28487957385869,28487957806203,1790295333247000000,sent
1683,28487962383578,28487962387425,28487963010462,1790295333252000000,sent
1684,28487967383578,28487967385869,28487968087795,1790295333257000000,sent
1685,28487972383578,28487972384795,28487972908388,1790295333262000000,sent
1686,28487977383578,28487977386795,28487978003462,1790295333267000000,sent
1687,28487982383578,28487982384981,28487982839832,1790295333272000000,sent
1688,28487987383578,28487987384129,28487987754351,1790295333277000000,sent
1689,28487992383578,28487992385166,28487992814610,1790295333282000000,sent
1690,28487997383578,28487997385462,28487997981981,1790295333287000000,sent
1691,28488002383578,28488002388018,28488003090240,1790295333292000000,sent
1692,28488007383578,28488007385314,28488007798129,1790295333297000000,sent
1693,28488012383578,28488012385795,28488012813943,1790295333302000000,sent
1694,28488017383578,28488017385203,28488018019314,1790295333307000000,sent
1695,28488022383578,28488022384943,28488023034610,1790295333312000000,sent
1696,28488027383578,28488027386684,28488027802906,1790295333317000000,sent
1697,28488032383578,28488032384351,28488032769573,1790295333322000000,sent
1698,28488037383578,28488037384351,28488037781388,1790295333327000000,sent
1699,28488042383578,28488042386018,28488042967166,1790295333332000000,sent
1700,28488047383578,28488047385906,28488048074499,1790295333337000000,sent
1701,28488052383578,28488052384314,28488052760129,1790295333342000000,sent
1702,28488057383578,28488057384684,28488057799832,1790295333347000000,sent
1703,28488062383578,28488062386203,28488062988314,1790295333352000000,sent
1704,28488067383578,28488067385536,28488068094832,1790295333357000000,sent
1705,28488072383578,28488072386203,28488072797425,1790295333362000000,sent
1706,28488077383578,28488077384721,28488077755018,1790295333367000000,sent
1707,28488082383578,28488082385832,28488082787166,1790295333372000000,sent
1708,28488087383578,28488087387388,28488087977573,1790295333377000000,sent
1709,28488092383578,28488092387351,28488093036832,1790295333382000000,sent
1710,28488097383578,28488097385684,28488097753758,1790295333387000000,sent
1711,28488102383578,28488102385240,28488102786166,1790295333392000000,sent
1712,28488107383578,28488107387388,28488107980314,1790295333397000000,sent
1713,28488112383578,28488112387240,28488113040906,1790295333402000000,sent
1714,28488117383578,28488117384684,28488117765055,1790295333407000000,sent
1715,28488122383578,28488122385055,28488122756906,1790295333412000000,sent
1716,28488127383578,28488127384351,28488127803832,1790295333417000000,sent
1717,28488132383578,28488132386832,28488132975314,1790295333422000000,sent
1718,28488137383578,28488137385277,28488138029203,1790295333427000000,sent
1719,28488142383578,28488142385240,28488142757832,1790295333432000000,sent
1720,28488147383578,28488147384425,28488147789721,1790295333437000000,sent
1721,28488152383578,28488152387536,28488152975277,1790295333442000000,sent
1722,28488157383578,28488157385758,28488158024980,1790295333447000000,sent
1723,28488162383578,28488162384240,28488162775351,1790295333452000000,sent
1724,28488167383578,28488167384832,28488167738499,1790295333457000000,sent
1725,28488172383578,28488172384499,28488172949684,1790295333462000000,sent
1726,28488177383578,28488177386906,28488177854388,1790295333467000000,sent
1727,28488182383578,28488182387684,28488183054166,1790295333472000000,sent
1728,28488187383578,28488187387425,28488187955017,1790295333477000000,sent
1729,28488192383578,28488192385129,28488192826499,1790295333482000000,sent
1730,28488197383578,28488197384758,28488197724129,1790295333487000000,sent
1731,28488202383578,28488202385573,28488203052092,1790295333492000000,sent
1732,28488207383578,28488207385203,28488207938203,1790295333497000000,sent
1733,28488212383578,28488212385721,28488212792129,1790295333502000000,sent
1734,28488217383578,28488217385203,28488217801869,1790295333507000000,sent
1735,28488222383578,28488222384647,28488222718277,1790295333512000000,sent
1736,28488227383578,28488227387388,28488228091054,1790295333517000000,sent
1737,28488232383578,28488232386721,28488232977869,1790295333522000000,sent
1738,28488237383578,28488237385647,28488237811795,1790295333527000000,sent
1739,28488242383578,28488242385869,28488242710017,1790295333532000000,sent
1740,28488247383578,28488247385832,28488247948684,1790295333537000000,sent
1741,28488252383578,28488252384869,28488252878980,1790295333542000000,sent
1742,28488257383578,28488257385536,28488257763314,1790295333547000000,sent
1743,28488262383578,28488262384869,28488262814277,1790295333552000000,sent
1744,28488267383578,28488267384425,28488267729758,1790295333557000000,sent
1745,28488272383578,28488272387462,28488273040203,1790295333562000000,sent
1746,28488277383578,28488277385610,28488277944610,1790295333567000000,sent
1747,28488282383578,28488282384536,28488282807869,1790295333572000000,sent
1748,28488287383578,28488287384758,28488287744017,1790295333577000000,sent
1749,28488292383578,28488292385425,28488293042462,1790295333582000000,sent
1750,28488297383578,28488297387647,28488297958906,1790295333587000000,sent
1751,28488302383578,28488302385017,28488302797832,1790295333592000000,sent
1752,28488307383578,28488307385869,28488307791351,1790295333597000000,sent
1753,28488312383578,28488312384647,28488312723980,1790295333602000000,sent
1754,28488317383578,28488317384758,28488318068314,1790295333607000000,sent
1755,28488322383578,28488322384758,28488322950277,1790295333612000000,sent
1756,28488327383578,28488327385462,28488327800980,1790295333617000000,sent
1757,28488332383578,28488332385166,28488332730462,1790295333622000000,sent
1758,28488337383578,28488337387091,28488338048536,1790295333627000000,sent
1759,28488342383578,28488342385054,28488342956980,1790295333632000000,sent
1760,28488347383578,28488347386980,28488347792536,1790295333637000000,sent
1761,28488352383578,28488352385017,28488352820240,1790295333642000000,sent
1762,28488357383578,28488357385017,28488357724017,1790295333647000000,sent
1763,28488362383578,28488362387721,28488363059610,1790295333652000000,sent
1764,28488367383578,28488367386425,28488367961203,1790295333657000000,sent
1765,28488372383578,28488372384684,28488372811277,1790295333662000000,sent
1766,28488377383578,28488377385054,28488377740721,1790295333667000000,sent
1767,28488382383578,28488382385388,28488383042017,1790295333672000000,sent
1768,28488387383578,28488387386499,28488388057721,1790295333677000000,sent
1769,28488392383578,28488392385091,28488392808351,1790295333682000000,sent
1770,28488397383578,28488397385684,28488397822240,1790295333687000000,sent
1771,28488402383578,28488402385795,28488402717017,1790295333692000000,sent
1772,28488407383578,28488407387351,28488408073610,1790295333697000000,sent
1773,28488412383578,28488412387721,28488412966869,1790295333702000000,sent
1774,28488417383578,28488417384943,28488417812647,1790295333707000000,sent
1775,28488422383578,28488422385017,28488422721165,1790295333712000000,sent
1776,28488427383578,28488427386573,28488428156758,1790295333717000000,sent
1777,28488432383578,28488432387240,28488432971091,1790295333722000000,sent
1778,28488437383578,28488437385165,28488437786351,1790295333727000000,sent
1779,28488442383578,28488442384795,28488442777869,1790295333732000000,sent
1780,28488447383578,28488447385462,28488447728277,1790295333737000000,sent
1781,28488452383578,28488452384943,28488453036980,1790295333742000000,sent
1782,28488457383578,28488457386240,28488457942980,1790295333747000000,sent
1783,28488462383578,28488462384758,28488462831202,1790295333752000000,sent
1784,28488467383578,28488467384277,28488467744573,1790295333757000000,sent
1785,28488472383578,28488472385017,28488473046351,1790295333762000000,sent
1786,28488477383578,28488477385684,28488477965054,1790295333767000000,sent
1787,28488482383578,28488482384832,28488482765573,1790295333772000000,sent
1788,28488487383578,28488487384610,28488487787351,1790295333777000000,sent
1789,28488492383578,28488492385091,28488492744240,1790295333782000000,sent
1790,28488497383578,28488497386351,28488498096462,1790295333787000000,sent
1791,28488502383578,28488502385906,28488502944462,1790295333792000000,sent
1792,28488507383578,28488507385795,28488507806684,1790295333797000000,sent
1793,28488512383578,28488512385499,28488512756091,1790295333802000000,sent
1794,28488517383578,28488517385795,28488518049314,1790295333807000000,sent
1795,28488522383578,28488522385351,28488522983610,1790295333812000000,sent
1796,28488527383578,28488527386573,28488527791091,1790295333817000000,sent
1797,28488532383578,28488532384536,28488532793277,1790295333822000000,sent
1798,28488537383578,28488537384610,28488537730314,1790295333827000000,sent
1799,28488542383578,28488542387906,28488543062684,1790295333832000000,sent
1800,28488547383578,28488562854128,28488563288202,1790295333852000000,sent
1801,28488552383578,28488563296351,28488563601351,1790295333853000000,sent
1802,28488557383578,28488563606943,28488563886425,1790295333853000000,sent
1803,28488562383578,28488563890832,28488564189425,1790295333853000000,sent
1804,28488567383578,28488567384276,28488567646054,1790295333857000000,sent
1805,28488572383578,28488572386943,28488573126647,1790295333862000000,sent
1806,28488577383578,28488577385721,28488577982054,1790295333867000000,sent
1807,28488582383578,28488582385647,28488582739758,1790295333872000000,sent
1808,28488587383578,28488587384721,28488587805758,1790295333877000000,sent
1809,28488592383578,28488592384165,28488592723980,1790295333882000000,sent
1810,28488597383578,28488597385869,28488598035980,1790295333887000000,sent
1811,28488602383578,28488602387795,28488602948647,1790295333892000000,sent
1812,28488607383578,28488607385351,28488607817721,1790295333897000000,sent
1813,28488612383578,28488612384832,28488612761091,1790295333902000000,sent
1814,28488617383578,28488617386462,28488618125239,1790295333907000000,sent
1815,28488622383578,28488622386054,28488623028573,1790295333912000000,sent
1816,28488627383578,28488627387165,28488627776943,1790295333917000000,sent
1817,28488632383578,28488632384832,28488632818313,1790295333922000000,sent
1818,28488637383578,28488637385425,28488637710536,1790295333927000000,sent
1819,28488642383578,28488642384721,28488643056721,1790295333932000000,sent
1820,28488647383578,28488647387165,28488647943054,1790295333937000000,sent
1821,28488652383578,28488652385647,28488652823610,1790295333942000000,sent
1822,28488657383578,28488657385795,28488657744943,1790295333947000000,sent
1823,28488662383578,28488662386536,28488663165647,1790295333952000000,sent
1824,28488667383578,28488667384832,28488667994128,1790295333957000000,sent
1825,28488672383578,28488672386351,28488672800017,1790295333962000000,sent
1826,28488677383578,28488677385091,28488677810610,1790295333967000000,sent
1827,28488682383578,28488682385128,28488682734795,1790295333972000000,sent
1828,28488687383578,28488687384758,28488688121017,1790295333977000000,sent
1829,28488692383578,28488692387313,28488692958832,1790295333982000000,sent
1830,28488697383578,28488697384276,28488697819869,1790295333987000000,sent
1831,28488702383578,28488702385091,28488702751017,1790295333992000000,sent
1832,28488707383578,28488707386128,28488708209054,1790295333997000000,sent
1833,28488712383578,28488712387276,28488712984647,1790295334002000000,sent
1834,28488717383578,28488717385388,28488717753054,1790295334007000000,sent
1835,28488722383578,28488722385276,28488722807276,1790295334012000000,sent
1836,28488727383578,28488727384943,28488727757462,1790295334017000000,sent
1837,28488732383578,28488732386647,28488733045721,1790295334022000000,sent
1838,28488737383578,28488737384980,28488737952202,1790295334027000000,sent
1839,28488742383578,28488742385832,28488742812647,1790295334032000000,sent
1840,28488747383578,28488747384832,28488747758276,1790295334037000000,sent
1841,28488752383578,28488752386943,28488753125832,1790295334042000000,sent
1842,28488757383578,28488757386054,28488757978536,1790295334047000000,sent
1843,28488762383578,28488762384536,28488762750721,1790295334052000000,sent
1844,28488767383578,28488767384906,28488767843943,1790295334057000000,sent
1845,28488772383578,28488772384647,28488772754795,1790295334062000000,sent
1846,28488777383578,28488777387684,28488778028387,1790295334067000000,sent
1847,28488782383578,28488782385795,28488782954869,1790295334072000000,sent
1848,28488787383578,28488787385906,28488787837943,1790295334077000000,sent
1849,28488792383578,28488792384128,28488792734128,1790295334082000000,sent
1850,28488797383578,28488797387462,28488798259832,1790295334087000000,sent
1851,28488802383578,28488802384980,28488803026091,1790295334092000000,sent
1852,28488807383578,28488807387128,28488807787239,1790295334097000000,sent
1853,28488812383578,28488812384536,28488812810684,1790295334102000000,sent
1854,28488817383578,28488817384832,28488817734795,1790295334107000000,sent
1855,28488822383578,28488822387387,28488823020202,1790295334112000000,sent
1856,28488827383578,28488827387313,28488827973943,1790295334117000000,sent
1857,28488832383578,28488832385758,28488832821795,1790295334122000000,sent
1858,28488837383578,28488837384758,28488837723869,1790295334127000000,sent
1859,28488842383578,28488842384610,28488843107350,1790295334132000000,sent
1860,28488847383578,28488847386795,28488847994276,1790295334137000000,sent
1861,28488852383578,28488852385387,28488852773536,1790295334142000000,sent
1862,28488857383578,28488857385832,28488857810462,1790295334147000000,sent
1863,28488862383578,28488862385462,28488862779054,1790295334152000000,sent
1864,28488867383578,28488867386832,28488868143091,1790295334157000000,sent
1865,28488872383578,28488872385165,28488872963869,1790295334162000000,sent
1866,28488877383578,28488877385313,28488877810795,1790295334167000000,sent
1867,28488882383578,28488882385610,28488882716017,1790295334172000000,sent
1868,28488887383578,28488887387536,28488888029387,1790295334177000000,sent
1869,28488892383578,28488892387573,28488893008573,1790295334182000000,sent
1870,28488897383578,28488897386610,28488897889647,1790295334187000000,sent
1871,28488902383578,28488902386239,28488902941684,1790295334192000000,sent
1872,28488907383578,28488907385276,28488907755128,1790295334197000000,sent
1873,28488912383578,28488912385276,28488912799091,1790295334202000000,sent
1874,28488917383578,28488917384350,28488917729647,1790295334207000000,sent
1875,28488922383578,28488922386832,28488923044832,1790295334212000000,sent
1876,28488927383578,28488927385906,28488927961017,1790295334217000000,sent
1877,28488932383578,28488932384573,28488932787758,1790295334222000000,sent
1878,28488937383578,28488937385499,28488937788387,1790295334227000000,sent
1879,28488942383578,28488942387091,28488943147128,1790295334232000000,sent
1880,28488947383578,28488947385313,28488948094536,1790295334237000000,sent
1881,28488952383578,28488952386054,28488952784573,1790295334242000000,sent
1882,28488957383578,28488957386165,28488957794239,1790295334247000000,sent
1883,28488962383578,28488962384424,28488962721128,1790295334252000000,sent
1884,28488967383578,28488967386202,28488968133054,1790295334257000000,sent
1885,28488972383578,28488972387165,28488972981054,1790295334262000000,sent
1886,28488977383578,28488977385424,28488977762832,1790295334267000000,sent
1887,28488982383578,28488982385091,28488982787573,1790295334272000000,sent
1888,28488987383578,28488987384128,28488987720313,1790295334277000000,sent
1889,28488992383578,28488992385758,28488993045128,1790295334282000000,sent
1890,28488997383578,28488997387350,28488997952869,1790295334287000000,sent
1891,28489002383578,28489002384239,28489002801128,1790295334292000000,sent
1892,28489007383578,28489007385276,28489007770684,1790295334297000000,sent
1893,28489012383578,28489012385313,28489012993610,1790295334302000000,sent
1894,28489017383578,28489017386610,28489017898906,1790295334307000000,sent
1895,28489022383578,28489022384461,28489022785387,1790295334312000000,sent
1896,28489027383578,28489027385610,28489027784239,1790295334317000000,sent
1897,28489032383578,28489032384313,28489032753721,1790295334322000000,sent
1898,28489037383578,28489037384869,28489038054721,1790295334327000000,sent
1899,28489042383578,28489042386461,28489042954610,1790295334332000000,sent
1900,28489047383578,28489047385239,28489047798424,1790295334337000000,sent
1901,28489052383578,28489052384869,28489052735647,1790295334342000000,sent
1902,28489057383578,28489057385943,28489058038610,1790295334347000000,sent
1903,28489062383578,28489062387647,28489062936017,1790295334352000000,sent
1904,28489067383578,28489067385647,28489067795535,1790295334357000000,sent
1905,28489072383578,28489072384869,28489072802276,1790295334362000000,sent
1906,28489077383578,28489077384980,28489077724535,1790295334367000000,sent
1907,28489082383578,28489082386943,28489083031721,1790295334372000000,sent
1908,28489087383578,28489087387424,28489087948795,1790295334377000000,sent
1909,28489092383578,28489092385461,28489092815721,1790295334382000000,sent
1910,28489097383578,28489097384906,28489097741832,1790295334387000000,sent
1911,28489102383578,28489102386091,28489103041943,1790295334392000000,sent
1912,28489107383578,28489107386906,28489107944165,1790295334397000000,sent
1913,28489112383578,28489112386202,28489112779461,1790295334402000000,sent
1914,28489117383578,28489117384832,28489117802424,1790295334407000000,sent
1915,28489122383578,28489122385535,28489122709795,1790295334412000000,sent
1916,28489127383578,28489127386832,28489128088461,1790295334417000000,sent
1917,28489132383578,28489132385461,28489132950906,1790295334422000000,sent
1918,28489137383578,28489137385017,28489137823980,1790295334427000000,sent
1919,28489142383578,28489142384721,28489142713647,1790295334432000000,sent
1920,28489147383578,28489147387202,28489147961091,1790295334437000000,sent
1921,28489152383578,28489152384684,28489152886721,1790295334442000000,sent
1922,28489157383578,28489157385647,28489157763535,1790295334447000000,sent
1923,28489162383578,28489162384424,28489162788202,1790295334452000000,sent
1924,28489167383578,28489167384572,28489167744906,1790295334457000000,sent
1925,28489172383578,28489172387684,28489173052165,1790295334462000000,sent
1926,28489177383578,28489177386239,28489177928721,1790295334467000000,sent
1927,28489182383578,28489182384498,28489182804350,1790295334472000000,sent
1928,28489187383578,28489187384461,28489187734128,1790295334477000000,sent
1929,28489192383578,28489192386721,28489193044498,1790295334482000000,sent
1930,28489197383578,28489197384869,28489197968165,1790295334487000000,sent
1931,28489202383578,28489202386646,28489202792202,1790295334492000000,sent
1932,28489207383578,28489207384424,28489207785980,1790295334497000000,sent
1933,28489212383578,28489212384906,28489212742646,1790295334502000000,sent
1934,28489217383578,28489217387684,28489218041572,1790295334507000000,sent
1935,28489222383578,28489222386906,28489222980350,1790295334512000000,sent
1936,28489227383578,28489227384684,28489227803424,1790295334517000000,sent
1937,28489232383578,28489232385017,28489232742498,1790295334522000000,sent
1938,28489237383578,28489237386128,28489237955017,1790295334527000000,sent
1939,28489242383578,28489242384721,28489242865276,1790295334532000000,sent
1940,28489247383578,28489247384461,28489247763535,1790295334537000000,sent
1941,28489252383578,28489252385535,28489252792832,1790295334542000000,sent
1942,28489257383578,28489257384832,28489257750572,1790295334547000000,sent
1943,28489262383578,28489262385832,28489263035906,1790295334552000000,sent
1944,28489267383578,28489267386795,28489267976128,1790295334557000000,sent
1945,28489272383578,28489272384943,28489272813387,1790295334562000000,sent
1946,28489277383578,28489277385313,28489277734239,1790295334567000000,sent
1947,28489282383578,28489282386683,28489283044276,1790295334572000000,sent
1948,28489287383578,28489287385239,28489287943758,1790295334577000000,sent
1949,28489292383578,28489292386017,28489292824906,1790295334582000000,sent
1950,28489297383578,28489297385276,28489297812313,1790295334587000000,sent
1951,28489302383578,28489302384646,28489302710906,1790295334592000000,sent
1952,28489307383578,28489307384980,28489308159387,1790295334597000000,sent
1953,28489312383578,28489312384758,28489312975758,1790295334602000000,sent
1954,28489317383578,28489317384646,28489317820683,1790295334607000000,sent
1955,28489322383578,28489322385461,28489322722906,1790295334612000000,sent
1956,28489327383578,28489327385387,28489328107165,1790295334617000000,sent
1957,28489332383578,28489332385683,28489332968943,1790295334622000000,sent
1958,28489337383578,28489337387387,28489337802869,1790295334627000000,sent
1959,28489342383578,28489342384350,28489342808795,1790295334632000000,sent
1960,28489347383578,28489347385128,28489347724609,1790295334637000000,sent
1961,28489352383578,28489352386869,28489353062683,1790295334642000000,sent
1962,28489357383578,28489357386535,28489357964832,1790295334647000000,sent
1963,28489362383578,28489362385054,28489362804869,1790295334652000000,sent
1964,28489367383578,28489367384795,28489367769017,1790295334657000000,sent
1965,28489372383578,28489372385350,28489373049017,1790295334662000000,sent
1966,28489377383578,28489377387239,28489377952350,1790295334667000000,sent
1967,28489382383578,28489382385350,28489382776128,1790295334672000000,sent
1968,28489387383578,28489387384609,28489387783832,1790295334677000000,sent
1969,28489392383578,28489392384350,28489392722720,1790295334682000000,sent
1970,28489397383578,28489397385906,28489398051165,1790295334687000000,sent
1971,28489402383578,28489402385646,28489402942202,1790295334692000000,sent
1972,28489407383578,28489407385498,28489407804943,1790295334697000000,sent
1973,28489412383578,28489412384757,28489412734313,1790295334702000000,sent
1974,28489417383578,28489417386869,28489418042128,1790295334707000000,sent
1975,28489422383578,28489422384795,28489422950832,1790295334712000000,sent
1976,28489427383578,28489427386498,28489427765461,1790295334717000000,sent
1977,28489432383578,28489432385424,28489432811017,1790295334722000000,sent
1978,28489437383578,28489437385165,28489437726350,1790295334727000000,sent
1979,28489442383578,28489442386387,28489443056535,1790295334732000000,sent
1980,28489447383578,28489447385757,28489447945387,1790295334737000000,sent
1981,28489452383578,28489452384720,28489452804646,1790295334742000000,sent
1982,28489457383578,28489457385609,28489457728609,1790295334747000000,sent
1983,28489462383578,28489462387757,28489463041980,1790295334752000000,sent
1984,28489467383578,28489467385017,28489467987424,1790295334757000000,sent
1985,28489472383578,28489472385869,28489472875017,1790295334762000000,sent
1986,28489477383578,28489477385165,28489477787054,1790295334767000000,sent
1987,28489482383578,28489482384572,28489482727943,1790295334772000000,sent
1988,28489487383578,28489487385091,28489488121239,1790295334777000000,sent
1989,28489492383578,28489492385869,28489492961906,1790295334782000000,sent
1990,28489497383578,28489497384943,28489497816535,1790295334787000000,sent
1991,28489502383578,28489502385017,28489502716683,1790295334792000000,sent
1992,28489507383578,28489507384757,28489508091831,1790295334797000000,sent
1993,28489512383578,28489512386461,28489512963609,1790295334802000000,sent
1994,28489517383578,28489517386683,28489517777498,1790295334807000000,sent
1995,28489522383578,28489522385313,28489522792646,1790295334812000000,sent
1996,28489527383578,28489527384461,28489527845980,1790295334817000000,sent
1997,28489532383578,28489532387091,28489533054646,1790295334822000000,sent
1998,28489537383578,28489537387572,28489537948720,1790295334827000000,sent
1999,28489542383578,28489542385054,28489542797165,1790295334832000000,sent
2000,28489547383578,28489561436091,28489561861054,1790295334851000000,sent
2001,28489552383578,28489561868646,28489562166017,1790295334851000000,sent
2002,28489557383578,28489562170980,28489562438943,1790295334852000000,sent
2003,28489562383578,28489562443276,28489562718054,1790295334852000000,sent
2004,28489567383578,28489567385720,28489568120906,1790295334857000000,sent
2005,28489572383578,28489572386906,28489572926831,1790295334862000000,sent
2006,28489577383578,28489577384980,28489577825128,1790295334867000000,sent
2007,28489582383578,28489582384609,28489582738276,1790295334872000000,sent
2008,28489587383578,28489587385683,28489588132683,1790295334877000000,sent
2009,28489592383578,28489592386165,28489592965128,1790295334882000000,sent
2010,28489597383578,28489597384276,28489597871017,1790295334887000000,sent
2011,28489602383578,28489602384350,28489602745239,1790295334892000000,sent
2012,28489607383578,28489607385202,28489607717831,1790295334897000000,sent
2013,28489612383578,28489612387868,28489613030498,1790295334902000000,sent
2014,28489617383578,28489617387683,28489617988831,1790295334907000000,sent
2015,28489622383578,28489622384683,28489622809387,1790295334912000000,sent
2016,28489627383578,28489627384646,28489627726720,1790295334917000000,sent
2017,28489632383578,28489632387943,28489633050831,1790295334922000000,sent
2018,28489637383578,28489637387239,28489637960202,1790295334927000000,sent
2019,28489642383578,28489642385165,28489642828943,1790295334932000000,sent
2020,28489647383578,28489647384609,28489647741461,1790295334937000000,sent
2021,28489652383578,28489652384498,28489652747831,1790295334942000000,sent
2022,28489657383578,28489657387980,28489658060572,1790295334947000000,sent
2023,28489662383578,28489662387609,28489662946572,1790295334952000000,sent
2024,28489667383578,28489667385054,28489667850387,1790295334957000000,sent
2025,28489672383578,28489672384239,28489672770165,1790295334962000000,sent
2026,28489677383578,28489677387683,28489678048572,1790295334967000000,sent
2027,28489682383578,28489682387350,28489682944350,1790295334972000000,sent
2028,28489687383578,28489687385202,28489687821757,1790295334977000000,sent
2029,28489692383578,28489692384239,28489692735683,1790295334982000000,sent
2030,28489697383578,28489697384535,28489698061091,1790295334987000000,sent
2031,28489702383578,28489702384646,28489702909498,1790295334992000000,sent
2032,28489707383578,28489707384868,28489707741794,1790295334997000000,sent
2033,28489712383578,28489712384350,28489712815461,1790295335002000000,sent
2034,28489717383578,28489717385609,28489717727757,1790295335007000000,sent
2035,28489722383578,28489722386054,28489723024387,1790295335012000000,sent
2036,28489727383578,28489727385905,28489727969942,1790295335017000000,sent
2037,28489732383578,28489732384313,28489732817165,1790295335022000000,sent
2038,28489737383578,28489737385424,28489737735572,1790295335027000000,sent
2039,28489742383578,28489742386794,28489743157646,1790295335032000000,sent
2040,28489747383578,28489747387091,28489747993498,1790295335037000000,sent
2041,28489752383578,28489752385165,28489752783165,1790295335042000000,sent
2042,28489757383578,28489757385202,28489757808165,1790295335047000000,sent
2043,28489762383578,28489762385017,28489762723424,1790295335052000000,sent
2044,28489767383578,28489767386572,28489768186350,1790295335057000000,sent
2045,28489772383578,28489772387720,28489773258239,1790295335062000000,sent
2046,28489777383578,28489777385461,28489777898350,1790295335067000000,sent
2047,28489782383578,28489782419202,28489782916461,1790295335072000000,sent
2048,28489787383578,28489787385572,28489788210794,1790295335077000000,sent
2049,28489792383578,28489792387905,28489793015535,1790295335082000000,sent
2050,28489797383578,28489797384979,28489797893535,1790295335087000000,sent
2051,28489802383578,28489802385017,28489802941609,1790295335092000000,sent
2052,28489807383578,28489807385868,28489807752091,1790295335097000000,sent
2053,28489812383578,28489812385535,28489812789757,1790295335102000000,sent
2054,28489817383578,28489817385498,28489817742276,1790295335107000000,sent
2055,28489822383578,28489822385683,28489823056498,1790295335112000000,sent
2056,28489827383578,28489827385905,28489827980498,1790295335117000000,sent
2057,28489832383578,28489832384720,28489832870646,1790295335122000000,sent
2058,28489837383578,28489837384720,28489837800683,1790295335127000000,sent
2059,28489842383578,28489842387646,28489842988313,1790295335132000000,sent
2060,28489847383578,28489847385461,28489848083239,1790295335137000000,sent
2061,28489852383578,28489852386276,28489852831905,1790295335142000000,sent
2062,28489857383578,28489857385757,28489857803313,1790295335147000000,sent
2063,28489862383578,28489862384757,28489862742979,1790295335152000000,sent
2064,28489867383578,28489867385868,28489868183979,1790295335157000000,sent
2065,28489872383578,28489872384868,28489872974091,1790295335162000000,sent
2066,28489877383578,28489877390424,28489877794831,1790295335167000000,sent
2067,28489882383578,28489882384683,28489882784091,1790295335172000000,sent
2068,28489887383578,28489887385535,28489887978313,1790295335177000000,sent
2069,28489892383578,28489892386165,28489893027202,1790295335182000000,sent
2070,28489897383578,28489897384128,28489897763868,1790295335187000000,sent
2071,28489902383578,28489902384313,28489902792053,1790295335192000000,sent
2072,28489907383578,28489907384461,28489907727313,1790295335197000000,sent
2073,28489912383578,28489912385757,28489913050053,1790295335202000000,sent
2074,28489917383578,28489917387424,28489917939276,1790295335207000000,sent
2075,28489922383578,28489922384165,28489922779646,1790295335212000000,sent
2076,28489927383578,28489927384905,28489927781683,1790295335217000000,sent
2077,28489932383578,28489932385202,28489932974757,1790295335222000000,sent
2078,28489937383578,28489937387683,28489938040090,1790295335227000000,sent
2079,28489942383578,28489942385090,28489942763313,1790295335232000000,sent
2080,28489947383578,28489947385535,28489947790239,1790295335237000000,sent
2081,28489952383578,28489952384683,28489952751461,1790295335242000000,sent
2082,28489957383578,28489957387498,28489958055646,1790295335247000000,sent
2083,28489962383578,28489962386757,28489962961016,1790295335252000000,sent
2084,28489967383578,28489967386090,28489968092942,1790295335257000000,sent
2085,28489972383578,28489972385350,28489972846165,1790295335262000000,sent
2086,28489977383578,28489977384831,28489977855646,1790295335267000000,sent
2087,28489982383578,28489982386942,28489983078165,1790295335272000000,sent
2088,28489987383578,28489987385979,28489987997090,1790295335277000000,sent
2089,28489992383578,28489992385128,28489992818165,1790295335282000000,sent
2090,28489997383578,28489997385202,28489997736646,1790295335287000000,sent
2091,28490002383578,28490002387868,28490003057757,1790295335292000000,sent
2092,28490007383578,28490007386424,28490007947461,1790295335297000000,sent
2093,28490012383578,28490012387313,28490013136016,1790295335302000000,sent
2094,28490017383578,28490017385090,28490017991794,1790295335307000000,sent
2095,28490022383578,28490022487535,28490022884609,1790295335312000000,sent
2096,28490027383578,28490027385350,28490027857942,1790295335317000000,sent
2097,28490032383578,28490032384868,28490032753646,1790295335322000000,sent
2098,28490037383578,28490037386165,28490038041609,1790295335327000000,sent
2099,28490042383578,28490042386016,28490043050572,1790295335332000000,sent
2100,28490047383578,28490047387127,28490048120387,1790295335337000000,sent
2101,28490052383578,28490052406202,28490053019016,1790295335342000000,sent
2102,28490057383578,28490057385313,28490058243609,1790295335347000000,sent
2103,28490062383578,28490062384387,28490062883202,1790295335352000000,sent
2104,28490067383578,28490067385016,28490067885979,1790295335357000000,sent
2105,28490072383578,28490072384794,28490073102794,1790295335362000000,sent
2106,28490077383578,28490077386313,28490078065276,1790295335367000000,sent
2107,28490082383578,28490082385942,28490082831757,1790295335372000000,sent
2108,28490087383578,28490087385609,28490087733720,1790295335377000000,sent
2109,28490092383578,28490092387979,28490093059757,1790295335382000000,sent
2110,28490097383578,28490097387646,28490097955905,1790295335387000000,sent
2111,28490102383578,28490102384720,28490102771424,1790295335392000000,sent
2112,28490107383578,28490107385313,28490107792276,1790295335397000000,sent
2113,28490112383578,28490112385498,28490112722794,1790295335402000000,sent
2114,28490117383578,28490117387090,28490118045127,1790295335407000000,sent
2115,28490122383578,28490122385646,28490122954424,1790295335412000000,sent
2116,28490127383578,28490127385387,28490127793127,1790295335417000000,sent
2117,28490132383578,28490132384720,28490132736498,1790295335422000000,sent
2118,28490137383578,28490137385127,28490138038090,1790295335427000000,sent
2119,28490142383578,28490142385831,28490142965090,1790295335432000000,sent
2120,28490147383578,28490147386313,28490147795794,1790295335437000000,sent
2121,28490152383578,28490152384868,28490152792942,1790295335442000000,sent
2122,28490157383578,28490157384276,28490157711683,1790295335447000000,sent
2123,28490162383578,28490162387387,28490163055164,1790295335452000000,sent
2124,28490167383578,28490167386720,28490167940868,1790295335457000000,sent
2125,28490172383578,28490172385609,28490172844127,1790295335462000000,sent
2126,28490177383578,28490177384942,28490177745868,1790295335467000000,sent
2127,28490182383578,28490182385387,28490183036831,1790295335472000000,sent
2128,28490187383578,28490187386276,28490187962127,1790295335477000000,sent
2129,28490192383578,28490192385757,28490192805498,1790295335482000000,sent
2130,28490197383578,28490197384498,28490197782424,1790295335487000000,sent
2131,28490202383578,28490202384276,28490202722238,1790295335492000000,sent
2132,28490207383578,28490207385572,28490208142942,1790295335497000000,sent
2133,28490212383578,28490212387276,28490212955683,1790295335502000000,sent
2134,28490217383578,28490217385164,28490217802609,1790295335507000000,sent
2135,28490222383578,28490222384757,28490222733387,1790295335512000000,sent
2136,28490227383578,28490227387424,28490228160350,1790295335517000000,sent
2137,28490232383578,28490232386387,28490232955831,1790295335522000000,sent
2138,28490237383578,28490237385646,28490238019461,1790295335527000000,sent
2139,28490242383578,28490242384942,28490242909979,1790295335532000000,sent
2140,28490247383578,28490247384757,28490247740609,1790295335537000000,sent
2141,28490252383578,28490252385683,28490252813498,1790295335542000000,sent
2142,28490257383578,28490257385572,28490257726794,1790295335547000000,sent
2143,28490262383578,28490262387201,28490263035942,1790295335552000000,sent
2144,28490267383578,28490267385313,28490267959720,1790295335557000000,sent
2145,28490272383578,28490272385164,28490272844461,1790295335562000000,sent
2146,28490277383578,28490277384905,28490277742535,1790295335567000000,sent
2147,28490282383578,28490282385498,28490282727942,1790295335572000000,sent
2148,28490287383578,28490287387350,28490288131868,1790295335577000000,sent
2149,28490292383578,28490292385387,28490292947090,1790295335582000000,sent
2150,28490297383578,28490297385016,28490297818424,1790295335587000000,sent
2151,28490302383578,28490302384757,28490302728609,1790295335592000000,sent
2152,28490307383578,28490307387312,28490308075720,1790295335597000000,sent
2153,28490312383578,28490312386164,28490312963201,1790295335602000000,sent
2154,28490317383578,28490317385683,28490317836794,1790295335607000000,sent
2155,28490322383578,28490322384424,28490322741683,1790295335612000000,sent
2156,28490327383578,28490327385572,28490327723201,1790295335617000000,sent
2157,28490332383578,28490332386275,28490333044535,1790295335622000000,sent
2158,28490337383578,28490337386942,28490337949646,1790295335627000000,sent
2159,28490342383578,28490342385275,28490342815757,1790295335632000000,sent
2160,28490347383578,28490347385461,28490347732016,1790295335637000000,sent
2161,28490352383578,28490352386979,28490353030831,1790295335642000000,sent
2162,28490357383578,28490357385053,28490357950646,1790295335647000000,sent
2163,28490362383578,28490362385831,28490362840350,1790295335652000000,sent
2164,28490367383578,28490367384720,28490367744572,1790295335657000000,sent
2165,28490372383578,28490372385053,28490373203868,1790295335662000000,sent
2166,28490377383578,28490377386609,28490378001609,1790295335667000000,sent
2167,28490382383578,28490382386794,28490382802424,1790295335672000000,sent
2168,28490387383578,28490387384868,28490387804831,1790295335677000000,sent
2169,28490392383578,28490392385387,28490392731349,1790295335682000000,sent
2170,28490397383578,28490397385868,28490398080609,1790295335687000000,sent
2171,28490402383578,28490402385609,28490402962720,1790295335692000000,sent
2172,28490407383578,28490407385609,28490407808794,1790295335697000000,sent
2173,28490412383578,28490412384498,28490412737201,1790295335702000000,sent
2174,28490417383578,28490417385794,28490418174349,1790295335707000000,sent
2175,28490422383578,28490422387646,28490423026164,1790295335712000000,sent
2176,28490427383578,28490427386387,28490427768720,1790295335717000000,sent
2177,28490432383578,28490432385090,28490432810757,1790295335722000000,sent
2178,28490437383578,28490437384609,28490437733868,1790295335727000000,sent
2179,28490442383578,28490442387016,28490443033349,1790295335732000000,sent
2180,28490447383578,28490447386238,28490447966683,1790295335737000000,sent
2181,28490452383578,28490452384794,28490452827831,1790295335742000000,sent
2182,28490457383578,28490457384424,28490457730683,1790295335747000000,sent
2183,28490462383578,28490462384164,28490462701498,1790295335752000000,sent
2184,28490467383578,28490467385461,28490468099016,1790295335757000000,sent
2185,28490472383578,28490472386609,28490473024090,1790295335762000000,sent
2186,28490477383578,28490477385461,28490477827683,1790295335767000000,sent
2187,28490482383578,28490482384238,28490482721127,1790295335772000000,sent
2188,28490487383578,28490487385720,28490488159238,1790295335777000000,sent
2189,28490492383578,28490492386238,28490492971868,1790295335782000000,sent
2190,28490497383578,28490497385461,28490497818979,1790295335787000000,sent
2191,28490502383578,28490502384683,28490502726609,1790295335792000000,sent
2192,28490507383578,28490507384868,28490507766720,1790295335797000000,sent
2193,28490512383578,28490512386609,28490512953423,1790295335802000000,sent
2194,28490517383578,28490517384498,28490517849016,1790295335807000000,sent
2195,28490522383578,28490522385979,28490523041794,1790295335812000000,sent
2196,28490527383578,28490527386979,28490527942349,1790295335817000000,sent
2197,28490532383578,28490532385498,28490532817201,1790295335822000000,sent
2198,28490537383578,28490537384683,28490537735609,1790295335827000000,sent
2199,28490542383578,28490542386386,28490543041572,1790295335832000000,sent
2200,28490547383578,28490567734312,28490568247349,1790295335857000000,sent
2201,28490552383578,28490568256498,28490568561572,1790295335858000000,sent
2202,28490557383578,28490568566794,28490568836090,1790295335858000000,sent
2203,28490562383578,28490568841164,28490569093979,1790295335858000000,sent
2204,28490567383578,28490569098609,28490569354016,1790295335858000000,sent
2205,28490572383578,28490572386460,28490572912460,1790295335862000000,sent
2206,28490577383578,28490577385386,28490577946720,1790295335867000000,sent
2207,28490582383578,28490582384275,28490582754794,1790295335872000000,sent
2208,28490587383578,28490587385498,28490587812127,1790295335877000000,sent
2209,28490592383578,28490592385720,28490592737609,1790295335882000000,sent
2210,28490597383578,28490597387498,28490598174127,1790295335887000000,sent
2211,28490602383578,28490602385423,28490602986942,1790295335892000000,sent
2212,28490607383578,28490607385201,28490607741090,1790295335897000000,sent
2213,28490612383578,28490612385164,28490612802831,1790295335902000000,sent
2214,28490617383578,28490617385423,28490617971238,1790295335907000000,sent
2215,28490622383578,28490622387757,28490623026238,1790295335912000000,sent
2216,28490627383578,28490627384942,28490627779572,1790295335917000000,sent
2217,28490632383578,28490632384535,28490632803053,1790295335922000000,sent
2218,28490637383578,28490637385349,28490637738720,1790295335927000000,sent
2219,28490642383578,28490642387090,28490643149497,1790295335932000000,sent
2220,28490647383578,28490647385127,28490647982238,1790295335937000000,sent
2221,28490652383578,28490652385535,28490652795090,1790295335942000000,sent
2222,28490657383578,28490657386016,28490657836053,1790295335947000000,sent
2223,28490662383578,28490662385979,28490662977423,1790295335952000000,sent
2224,28490667383578,28490667386609,28490668111720,1790295335957000000,sent
2225,28490672383578,28490672386794,28490672844349,1790295335962000000,sent
2226,28490677383578,28490677385535,28490677845201,1790295335967000000,sent
2227,28490682383578,28490682384646,28490682739164,1790295335972000000,sent
2228,28490687383578,28490687385868,28490688160238,1790295335977000000,sent
2229,28490692383578,28490692386646,28490692989164,1790295335982000000,sent
2230,28490697383578,28490697385238,28490697757720,1790295335987000000,sent
2231,28490702383578,28490702384646,28490702850720,1790295335992000000,sent
2232,28490707383578,28490707387460,28490707975534,1790295335997000000,sent
2233,28490712383578,28490712386090,28490713041757,1790295336002000000,sent
2234,28490717383578,28490717385312,28490717757312,1790295336007000000,sent
2235,28490722383578,28490722384720,28490722812572,1790295336012000000,sent
2236,28490727383578,28490727384905,28490727783720,1790295336017000000,sent
2237,28490732383578,28490732387460,28490733139831,1790295336022000000,sent
2238,28490737383578,28490737387238,28490737979423,1790295336027000000,sent
2239,28490742383578,28490742385571,28490742737016,1790295336032000000,sent
2240,28490747383578,28490747385868,28490747808423,1790295336037000000,sent
2241,28490752383578,28490752384720,28490752725423,1790295336042000000,sent
2242,28490757383578,28490757385757,28490758047201,1790295336047000000,sent
2243,28490762383578,28490762387275,28490762954683,1790295336052000000,sent
2244,28490767383578,28490767384609,28490767821571,1790295336057000000,sent
2245,28490772383578,28490772395053,28490772895979,1790295336062000000,sent
2246,28490777383578,28490777385571,28490777768571,1790295336067000000,sent
2247,28490782383578,28490782385942,28490783038238,1790295336072000000,sent
2248,28490787383578,28490787385794,28490787953720,1790295336077000000,sent
2249,28490792383578,28490792385016,28490792834312,1790295336082000000,sent
2250,28490797383578,28490797385127,28490797721460,1790295336087000000,sent
2251,28490802383578,28490802385831,28490803028497,1790295336092000000,sent
2252,28490807383578,28490807384979,28490807944794,1790295336097000000,sent
2253,28490812383578,28490812384534,28490812830201,1790295336102000000,sent
2254,28490817383578,28490817384868,28490817747127,1790295336107000000,sent
2255,28490822383578,28490822384312,28490822702090,1790295336112000000,sent
2256,28490827383578,28490827386683,28490828088868,1790295336117000000,sent
2257,28490832383578,28490832386423,28490832952831,1790295336122000000,sent
2258,28490837383578,28490837384386,28490837818053,1790295336127000000,sent
2259,28490842383578,28490842384127,28490842742571,1790295336132000000,sent
2260,28490847383578,28490847385312,28490848127979,1790295336137000000,sent
2261,28490852383578,28490852385942,28490852972868,1790295336142000000,sent
2262,28490857383578,28490857384942,28490857822646,1790295336147000000,sent
2263,28490862383578,28490862385720,28490862725646,1790295336152000000,sent
2264,28490867383578,28490867385460,28490867712905,1790295336157000000,sent
2265,28490872383578,28490872387164,28490873071275,1790295336162000000,sent
2266,28490877383578,28490877385238,28490877999423,1790295336167000000,sent
2267,28490882383578,28490882385127,28490882821757,1790295336172000000,sent
2268,28490887383578,28490887385571,28490887717497,1790295336177000000,sent
2269,28490892383578,28490892385090,28490893040349,1790295336182000000,sent
2270,28490897383578,28490897386386,28490897953386,1790295336187000000,sent
2271,28490902383578,28490902386127,28490902951497,1790295336192000000,sent
2272,28490907383578,28490907384683,28490907866757,1790295336197000000,sent
2273,28490912383578,28490912384571,28490912783979,1790295336202000000,sent
2274,28490917383578,28490917385534,28490917784942,1790295336207000000,sent
2275,28490922383578,28490922384683,28490922746905,1790295336212000000,sent
2276,28490927383578,28490927387423,28490928138423,1790295336217000000,sent
2277,28490932383578,28490932386868,28490932962571,1790295336222000000,sent
2278,28490937383578,28490937384682,28490937804127,1790295336227000000,sent
2279,28490942383578,28490942384682,28490942718720,1790295336232000000,sent
2280,28490947383578,28490947386423,28490948123016,1790295336237000000,sent
2281,28490952383578,28490952386757,28490952957275,1790295336242000000,sent
2282,28490957383578,28490957386682,28490957771868,1790295336247000000,sent
2283,28490962383578,28490962385164,28490962788757,1790295336252000000,sent
2284,28490967383578,28490967385757,28490967714460,1790295336257000000,sent
2285,28490972383578,28490972386682,28490973066201,1790295336262000000,sent
2286,28490977383578,28490977386497,28490978017349,1790295336267000000,sent
2287,28490982383578,28490982385164,28490982802127,1790295336272000000,sent
2288,28490987383578,28490987385497,28490987725127,1790295336277000000,sent
2289,28490992383578,28490992387534,28490993036312,1790295336282000000,sent
2290,28490997383578,28490997385682,28490997923238,1790295336287000000,sent
2291,28491002383578,28491002386757,28491002791312,1790295336292000000,sent
2292,28491007383578,28491007385942,28491007774868,1790295336297000000,sent
2293,28491012383578,28491012384794,28491012722053,1790295336302000000,sent
2294,28491017383578,28491017384905,28491018045090,1790295336307000000,sent
2295,28491022383578,28491022385534,28491022936238,1790295336312000000,sent
2296,28491027383578,28491027385831,28491027814979,1790295336317000000,sent
2297,28491032383578,28491032385645,28491032745682,1790295336322000000,sent
2298,28491037383578,28491037385608,28491038066979,1790295336327000000,sent
2299,28491042383578,28491042385942,28491042962645,1790295336332000000,sent
2300,28491047383578,28491047385571,28491047838349,1790295336337000000,sent
2301,28491052383578,28491052384423,28491052800979,1790295336342000000,sent
2302,28491057383578,28491057384794,28491057733016,1790295336347000000,sent
2303,28491062383578,28491062385905,28491063048349,1790295336352000000,sent
2304,28491067383578,28491067387053,28491067947682,1790295336357000000,sent
2305,28491072383578,28491072384608,28491072864423,1790295336362000000,sent
2306,28491077383578,28491077385201,28491077783201,1790295336367000000,sent
2307,28491082383578,28491082386201,28491083055053,1790295336372000000,sent
2308,28491087383578,28491087386979,28491087950312,1790295336377000000,sent
2309,28491092383578,28491092385386,28491092816571,1790295336382000000,sent
2310,28491097383578,28491097384571,28491097800053,1790295336387000000,sent
2311,28491102383578,28491102384756,28491102730423,1790295336392000000,sent
2312,28491107383578,28491107387756,28491108138349,1790295336397000000,sent
2313,28491112383578,28491112387534,28491112955794,1790295336402000000,sent
2314,28491117383578,28491117385460,28491117801905,1790295336407000000,sent
2315,28491122383578,28491122384349,28491122718868,1790295336412000000,sent
2316,28491127383578,28491127385571,28491127957349,1790295336417000000,sent
2317,28491132383578,28491132386349,28491132877905,1790295336422000000,sent
2318,28491137383578,28491137384460,28491137760719,1790295336427000000,sent
2319,28491142383578,28491142384460,28491142783719,1790295336432000000,sent
2320,28491147383578,28491147384756,28491147715645,1790295336437000000,sent
2321,28491152383578,28491152385831,28491153052942,1790295336442000000,sent
2322,28491157383578,28491157385534,28491157953571,1790295336447000000,sent
2323,28491162383578,28491162385386,28491162811349,1790295336452000000,sent
2324,28491167383578,28491167385090,28491167739719,1790295336457000000,sent
2325,28491172383578,28491172387090,28491172971645,1790295336462000000,sent
2326,28491177383578,28491177385830,28491177921349,1790295336467000000,sent
2327,28491182383578,28491182385423,28491182786423,1790295336472000000,sent
2328,28491187383578,28491187385423,28491187792349,1790295336477000000,sent
2329,28491192383578,28491192384164,28491192728645,1790295336482000000,sent
2330,28491197383578,28491197386053,28491198044571,1790295336487000000,sent
2331,28491202383578,28491202385608,28491202943645,1790295336492000000,sent
2332,28491207383578,28491207385127,28491207812275,1790295336497000000,sent
2333,28491212383578,28491212384534,28491212731053,1790295336502000000,sent
2334,28491217383578,28491217385608,28491218032460,1790295336507000000,sent
2335,28491222383578,28491222387349,28491222954719,1790295336512000000,sent
2336,28491227383578,28491227386201,28491227768386,1790295336517000000,sent
2337,28491232383578,28491232384905,28491232787830,1790295336522000000,sent
2338,28491237383578,28491237384571,28491237756164,1790295336527000000,sent
2339,28491242383578,28491242386719,28491243025534,1790295336532000000,sent
2340,28491247383578,28491247386312,28491247954201,1790295336537000000,sent
2341,28491252383578,28491252385571,28491252812793,1790295336542000000,sent
2342,28491257383578,28491257384867,28491257732201,1790295336547000000,sent
2343,28491262383578,28491262385756,28491263045460,1790295336552000000,sent
2344,28491267383578,28491267384756,28491267988386,1790295336557000000,sent
2345,28491272383578,28491272385312,28491272803756,1790295336562000000,sent
2346,28491277383578,28491277385201,28491277826201,1790295336567000000,sent
2347,28491282383578,28491282385756,28491282728608,1790295336572000000,sent
2348,28491287383578,28491287387942,28491288183053,1790295336577000000,sent
2349,28491292383578,28491292385238,28491293066608,1790295336582000000,sent
2350,28491297383578,28491297386016,28491297879349,1790295336587000000,sent
2351,28491302383578,28491302385756,28491302737867,1790295336592000000,sent
2352,28491307383578,28491307472571,28491308211571,1790295336597000000,sent
2353,28491312383578,28491312385719,28491312978719,1790295336602000000,sent
2354,28491317383578,28491317601053,28491318017016,1790295336607000000,sent
2355,28491322383578,28491322384608,28491322761127,1790295336612000000,sent
2356,28491327383578,28491327384793,28491327721867,1790295336617000000,sent
2357,28491332383578,28491332387460,28491333066386,1790295336622000000,sent
2358,28491337383578,28491337385719,28491338798312,1790295336627000000,sent
2359,28491342383578,28491342385682,28491342810423,1790295336632000000,sent
2360,28491347383578,28491347385682,28491347724053,1790295336637000000,sent
2361,28491352383578,28491352482164,28491353167238,1790295336642000000,sent
2362,28491357383578,28491357386793,28491357955423,1790295336647000000,sent
2363,28491362383578,28491362588867,28491362975904,1790295336652000000,sent
2364,28491367383578,28491367384941,28491367758756,1790295336657000000,sent
2365,28491372383578,28491372385423,28491372711979,1790295336662000000,sent
2366,28491377383578,28491377386571,28491378079867,1790295336667000000,sent
2367,28491382383578,28491382386053,28491383799386,1790295336672000000,sent
2368,28491387383578,28491387385016,28491387806867,1790295336677000000,sent
2369,28491392383578,28491392385460,28491392739867,1790295336682000000,sent
2370,28491397383578,28491397385238,28491398089941,1790295336687000000,sent
2371,28491402383578,28491402387571,28491403006090,1790295336692000000,sent
2372,28491407383578,28491407599719,28491408066016,1790295336697000000,sent
2373,28491412383578,28491412384534,28491412784275,1790295336702000000,sent
2374,28491417383578,28491417385090,28491417726127,1790295336707000000,sent
2375,28491422383578,28491422385941,28491423128682,1790295336712000000,sent
2376,28491427383578,28491427385275,28491428850238,1790295336717000000,sent
2377,28491432383578,28491432384904,28491432801238,1790295336722000000,sent
2378,28491437383578,28491437385497,28491437747386,1790295336727000000,sent
2379,28491442383578,28491442386756,28491443111090,1790295336732000000,sent
2380,28491447383578,28491447385904,28491448195349,1790295336737000000,sent
2381,28491452383578,28491452586534,28491453011904,1790295336742000000,sent
2382,28491457383578,28491457384682,28491457752867,1790295336747000000,sent
2383,28491462383578,28491462385201,28491462707830,1790295336752000000,sent
2384,28491467383578,28491467387830,28491468098090,1790295336757000000,sent
2385,28491472383578,28491472386978,28491473804349,1790295336762000000,sent
2386,28491477383578,28491477385645,28491477827793,1790295336767000000,sent
2387,28491482383578,28491482385645,28491482723386,1790295336772000000,sent
2388,28491487383578,28491487443460,28491488172460,1790295336777000000,sent
2389,28491492383578,28491492385904,28491492983053,1790295336782000000,sent
2390,28491497383578,28491497384127,28491498036904,1790295336787000000,sent
2391,28491502383578,28491502384904,28491502792830,1790295336792000000,sent
2392,28491507383578,28491507541423,28491508195645,1790295336797000000,sent
2393,28491512383578,28491512386608,28491513050423,1790295336802000000,sent
2394,28491517383578,28491517386127,28491518835608,1790295336807000000,sent
2395,28491522383578,28491522384830,28491522800053,1790295336812000000,sent
2396,28491527383578,28491527385015,28491527722756,1790295336817000000,sent
2397,28491532383578,28491532386941,28491533079571,1790295336822000000,sent
2398,28491537383578,28491537386423,28491538027497,1790295336827000000,sent
2399,28491542383578,28491542588015,28491543012164,1790295336832000000,sent
2400,28491547383578,28491564458904,28491564882386,1790295336854000000,sent
2401,28491552383578,28491564889608,28491565239571,1790295336854000000,sent
2402,28491557383578,28491565245682,28491565545719,1790295336855000000,sent
2403,28491562383578,28491565551608,28491565860312,1790295336855000000,sent
2404,28491567383578,28491567384867,28491567676238,1790295336857000000,sent
2405,28491572383578,28491572386349,28491572836608,1790295336862000000,sent
2406,28491577383578,28491577387090,28491578656127,1790295336867000000,sent
2407,28491582383578,28491582385756,28491582775571,1790295336872000000,sent
2408,28491587383578,28491587385386,28491588063164,1790295336877000000,sent
2409,28491592383578,28491592384830,28491593016312,1790295336882000000,sent
2410,28491597383578,28491597386201,28491597952867,1790295336887000000,sent
2411,28491602383578,28491602385460,28491602855719,1790295336892000000,sent
2412,28491607383578,28491607384830,28491607780201,1790295336897000000,sent
2413,28491612383578,28491612385756,28491613136349,1790295336902000000,sent
2414,28491617383578,28491617387756,28491618068497,1790295336907000000,sent
2415,28491622383578,28491622385571,28491622851201,1790295336912000000,sent
2416,28491627383578,28491627385608,28491627807015,1790295336917000000,sent
2417,28491632383578,28491632385756,28491632754534,1790295336922000000,sent
2418,28491637383578,28491637384793,28491638044052,1790295336927000000,sent
2419,28491642383578,28491642385867,28491643801349,1790295336932000000,sent
2420,28491647383578,28491647385089,28491647813497,1790295336937000000,sent
2421,28491652383578,28491652384238,28491652745312,1790295336942000000,sent
2422,28491657383578,28491657385312,28491658042127,1790295336947000000,sent
2423,28491662383578,28491662386497,28491662952941,1790295336952000000,sent
2424,28491667383578,28491667385312,28491667848793,1790295336957000000,sent
2425,28491672383578,28491672384645,28491672793349,1790295336962000000,sent
2426,28491677383578,28491677384904,28491677816126,1790295336967000000,sent
2427,28491682383578,28491682387201,28491683046645,1790295336972000000,sent
2428,28491687383578,28491687384682,28491688827534,1790295336977000000,sent
2429,28491692383578,28491692384793,28491692826089,1790295336982000000,sent
2430,28491697383578,28491697385497,28491697749571,1790295336987000000,sent
2431,28491702383578,28491702387423,28491703050793,1790295336992000000,sent
2432,28491707383578,28491707386867,28491708068089,1790295336997000000,sent
2433,28491712383578,28491712385719,28491712861201,1790295337002000000,sent
2434,28491717383578,28491717385682,28491717743867,1790295337007000000,sent
2435,28491722383578,28491722384349,28491722737608,1790295337012000000,sent
2436,28491727383578,28491727385386,28491728071126,1790295337017000000,sent
2437,28491732383578,28491732385719,28491732968608,1790295337022000000,sent
2438,28491737383578,28491737385645,28491737833349,1790295337027000000,sent
2439,28491742383578,28491742384497,28491742731126,1790295337032000000,sent
2440,28491747383578,28491747386534,28491748153163,1790295337037000000,sent
2441,28491752383578,28491752385126,28491752968608,1790295337042000000,sent
2442,28491757383578,28491757386089,28491757829460,1790295337047000000,sent
2443,28491762383578,28491762384497,28491762735571,1790295337052000000,sent
2444,28491767383578,28491767385756,28491767719830,1790295337057000000,sent
2445,28491772383578,28491772386719,28491773036608,1790295337062000000,sent
2446,28491777383578,28491777385867,28491777993163,1790295337067000000,sent
2447,28491782383578,28491782385830,28491782814423,1790295337072000000,sent
2448,28491787383578,28491787384238,28491787731312,1790295337077000000,sent
2449,28491792383578,28491792385793,28491793036719,1790295337082000000,sent
2450,28491797383578,28491797386830,28491797982793,1790295337087000000,sent
2451,28491802383578,28491802384349,28491802819830,1790295337092000000,sent
2452,28491807383578,28491807384238,28491807786238,1790295337097000000,sent
2453,28491812383578,28491812384941,28491812795200,1790295337102000000,sent
2454,28491817383578,28491817385312,28491817945904,1790295337107000000,sent
2455,28491822383578,28491822385460,28491822874756,1790295337112000000,sent
2456,28491827383578,28491827385312,28491828102089,1790295337117000000,sent
2457,28491832383578,28491832387423,28491832972312,1790295337122000000,sent
2458,28491837383578,28491837385052,28491837903793,1790295337127000000,sent
2459,28491842383578,28491842385645,28491842829571,1790295337132000000,sent
2460,28491847383578,28491847386756,28491848186793,1790295337137000000,sent
2461,28491852383578,28491852386275,28491852963163,1790295337142000000,sent
2462,28491857383578,28491857385238,28491857766793,1790295337147000000,sent
2463,28491862383578,28491862385349,28491862785756,1790295337152000000,sent
2464,28491867383578,28491867384867,28491867724793,1790295337157000000,sent
2465,28491872383578,28491872385978,28491873051534,1790295337162000000,sent
2466,28491877383578,28491877385126,28491877980571,1790295337167000000,sent
2467,28491882383578,28491882384497,28491882808312,1790295337172000000,sent
2468,28491887383578,28491887385423,28491887735497,1790295337177000000,sent
2469,28491892383578,28491892387312,28491893043830,1790295337182000000,sent
2470,28491897383578,28491897386978,28491897948423,1790295337187000000,sent
2471,28491902383578,28491902386089,28491902792386,1790295337192000000,sent
2472,28491907383578,28491907385571,28491907797608,1790295337197000000,sent
2473,28491912383578,28491912384386,28491912746608,1790295337202000000,sent
2474,28491917383578,28491917387460,28491918047163,1790295337207000000,sent
2475,28491922383578,28491922384904,28491922973274,1790295337212000000,sent
2476,28491927383578,28491927385682,28491927803941,1790295337217000000,sent
2477,28491932383578,28491932385645,28491932755682,1790295337222000000,sent
2478,28491937383578,28491937384756,28491938029719,1790295337227000000,sent
2479,28491942383578,28491942387497,28491942957756,1790295337232000000,sent
2480,28491947383578,28491947386682,28491947777645,1790295337237000000,sent
2481,28491952383578,28491952385052,28491952795793,1790295337242000000,sent
2482,28491957383578,28491957385237,28491957758608,1790295337247000000,sent
2483,28491962383578,28491962387793,28491963040312,1790295337252000000,sent
2484,28491967383578,28491967384682,28491967952867,1790295337257000000,sent
2485,28491972383578,28491972385089,28491972810793,1790295337262000000,sent
2486,28491977383578,28491977385237,28491977772608,1790295337267000000,sent
2487,28491982383578,28491982385793,28491983049497,1790295337272000000,sent
2488,28491987383578,28491987386237,28491987957571,1790295337277000000,sent
2489,28491992383578,28491992386867,28491992818756,1790295337282000000,sent
2490,28491997383578,28491997385126,28491997776682,1790295337287000000,sent
2491,28492002383578,28492002385978,28492002753237,1790295337292000000,sent
2492,28492007383578,28492007387793,28492008175904,1790295337297000000,sent
2493,28492012383578,28492012385793,28492012972497,1790295337302000000,sent
2494,28492017383578,28492017384830,28492017817015,1790295337307000000,sent
2495,28492022383578,28492022384793,28492022721719,1790295337312000000,sent
2496,28492027383578,28492027386534,28492028097274,1790295337317000000,sent
2497,28492032383578,28492032385756,28492032962349,1790295337322000000,sent
2498,28492037383578,28492037385163,28492037806089,1790295337327000000,sent
2499,28492042383578,28492042385608,28492042804830,1790295337332000000,sent
2500,28492047383578,28492047384756,28492047785830,1790295337337000000,sent
2501,28492052383578,28492052385756,28492053049867,1790295337342000000,sent
2502,28492057383578,28492057386904,28492057958904,1790295337347000000,sent
2503,28492062383578,28492062385867,28492062804423,1790295337352000000,sent
2504,28492067383578,28492067385052,28492067733571,1790295337357000000,sent
2505,28492072383578,28492072387311,28492073066423,1790295337362000000,sent
2506,28492077383578,28492077387386,28492077988608,1790295337367000000,sent
2507,28492082383578,28492082386200,28492082816830,1790295337372000000,sent
2508,28492087383578,28492087385719,28492087781904,1790295337377000000,sent
2509,28492092383578,28492092384719,28492092716497,1790295337382000000,sent
2510,28492097383578,28492097385126,28492098052200,1790295337387000000,sent
2511,28492102383578,28492102386534,28492102963126,1790295337392000000,sent
2512,28492107383578,28492107385311,28492107830682,1790295337397000000,sent
2513,28492112383578,28492112384904,28492112770237,1790295337402000000,sent
2514,28492117383578,28492117386126,28492118044015,1790295337407000000,sent
2515,28492122383578,28492122386126,28492122959200,1790295337412000000,sent
2516,28492127383578,28492127386237,28492127748978,1790295337417000000,sent
2517,28492132383578,28492132385089,28492132798015,1790295337422000000,sent
2518,28492137383578,28492137385460,28492137734311,1790295337427000000,sent
2519,28492142383578,28492142386793,28492143046274,1790295337432000000,sent
2520,28492147383578,28492147386200,28492147962793,1790295337437000000,sent
2521,28492152383578,28492152384904,28492152843089,1790295337442000000,sent
2522,28492157383578,28492157384793,28492157738126,1790295337447000000,sent
2523,28492162383578,28492162386015,28492163046200,1790295337452000000,sent
2524,28492167383578,28492167385163,28492167988867,1790295337457000000,sent
2525,28492172383578,28492172387163,28492172802534,1790295337462000000,sent
2526,28492177383578,28492177385015,28492177835793,1790295337467000000,sent
2527,28492182383578,28492182384534,28492182754311,1790295337472000000,sent
2528,28492187383578,28492187386348,28492188060608,1790295337477000000,sent
2529,28492192383578,28492192387756,28492192965793,1790295337482000000,sent
2530,28492197383578,28492197385497,28492197797497,1790295337487000000,sent
2531,28492202383578,28492202384163,28492202723608,1790295337492000000,sent
2532,28492207383578,28492207387237,28492208164719,1790295337497000000,sent
2533,28492212383578,28492212386385,28492212976756,1790295337502000000,sent
2534,28492217383578,28492217385015,28492217792497,1790295337507000000,sent
2535,28492222383578,28492222385422,28492222793534,1790295337512000000,sent
2536,28492227383578,28492227385571,28492227729052,1790295337517000000,sent
2537,28492232383578,28492232386719,28492233105682,1790295337522000000,sent
2538,28492237383578,28492237387682,28492237951348,1790295337527000000,sent
2539,28492242383578,28492242384904,28492242803867,1790295337532000000,sent
2540,28492247383578,28492247384163,28492247739534,1790295337537000000,sent
2541,28492252383578,28492252387163,28492253045941,1790295337542000000,sent
2542,28492257383578,28492257386608,28492257998459,1790295337547000000,sent
2543,28492262383578,28492262386348,28492262775385,1790295337552000000,sent
2544,28492267383578,28492267384793,28492267785682,1790295337557000000,sent
2545,28492272383578,28492272384348,28492272749867,1790295337562000000,sent
2546,28492277383578,28492277385682,28492278057645,1790295337567000000,sent
2547,28492282383578,28492282387941,28492283003052,1790295337572000000,sent
2548,28492287383578,28492287384756,28492287815052,1790295337577000000,sent
2549,28492292383578,28492292385089,28492292739163,1790295337582000000,sent
2550,28492297383578,28492297385830,28492298050015,1790295337587000000,sent
2551,28492302383578,28492302386459,28492302960015,1790295337592000000,sent
2552,28492307383578,28492307386534,28492307794348,1790295337597000000,sent
2553,28492312383578,28492312385126,28492312807163,1790295337602000000,sent
2554,28492317383578,28492317384793,28492317709200,1790295337607000000,sent
2555,28492322383578,28492322387274,28492323045867,1790295337612000000,sent
2556,28492327383578,28492327385830,28492327952756,1790295337617000000,sent
2557,28492332383578,28492332385311,28492332815904,1790295337622000000,sent
2558,28492337383578,28492337384830,28492337731756,1790295337627000000,sent
2559,28492342383578,28492342384867,28492343031163,1790295337632000000,sent
2560,28492347383578,28492347385385,28492347970793,1790295337637000000,sent
2561,28492352383578,28492352386793,28492353049904,1790295337642000000,sent
2562,28492357383578,28492357386274,28492357903052,1790295337647000000,sent
2563,28492362383578,28492362384756,28492362744459,1790295337652000000,sent
2564,28492367383578,28492367385571,28492367810904,1790295337657000000,sent
2565,28492372383578,28492372385830,28492372736571,1790295337662000000,sent
2566,28492377383578,28492377385496,28492378038941,1790295337667000000,sent
2567,28492382383578,28492382387200,28492382975978,1790295337672000000,sent
2568,28492387383578,28492387384348,28492387816756,1790295337677000000,sent
2569,28492392383578,28492392384533,28492392728793,1790295337682000000,sent
2570,28492397383578,28492397387385,28492398194015,1790295337687000000,sent
2571,28492402383578,28492402385719,28492402993571,1790295337692000000,sent
2572,28492407383578,28492407386533,28492407751830,1790295337697000000,sent
2573,28492412383578,28492412385941,28492412816756,1790295337702000000,sent
2574,28492417383578,28492417385756,28492417718274,1790295337707000000,sent
2575,28492422383578,28492422385830,28492423033385,1790295337712000000,sent
2576,28492427383578,28492427387682,28492427957570,1790295337717000000,sent
2577,28492432383578,28492432384756,28492432836719,1790295337722000000,sent
2578,28492437383578,28492437384978,28492437735052,1790295337727000000,sent
2579,28492442383578,28492442386385,28492443090496,1790295337732000000,sent
2580,28492447383578,28492447385941,28492448064830,1790295337737000000,sent
2581,28492452383578,28492452384682,28492452889311,1790295337742000000,sent
2582,28492457383578,28492457386904,28492457945274,1790295337747000000,sent
2583,28492462383578,28492462384608,28492462767867,1790295337752000000,sent
2584,28492467383578,28492467384311,28492467786459,1790295337757000000,sent
2585,28492472383578,28492472385719,28492472731756,1790295337762000000,sent
2586,28492477383578,28492477387682,28492478054126,1790295337767000000,sent
2587,28492482383578,28492482386941,28492482992274,1790295337772000000,sent
2588,28492487383578,28492487384422,28492487761533,1790295337777000000,sent
2589,28492492383578,28492492384830,28492492797422,1790295337782000000,sent
2590,28492497383578,28492497386941,28492497972163,1790295337787000000,sent
2591,28492502383578,28492502385570,28492503028793,1790295337792000000,sent
2592,28492507383578,28492507384978,28492507779904,1790295337797000000,sent
2593,28492512383578,28492512385385,28492512828496,1790295337802000000,sent
2594,28492517383578,28492517385607,28492517739682,1790295337807000000,sent
2595,28492522383578,28492522385496,28492523040904,1790295337812000000,sent
2596,28492527383578,28492527387237,28492527994941,1790295337817000000,sent
2597,28492532383578,28492532385348,28492532855311,1790295337822000000,sent
2598,28492537383578,28492537385645,28492537840126,1790295337827000000,sent
2599,28492542383578,28492542385904,28492542978348,1790295337832000000,sent
2600,28492547383578,28492570637941,28492571056385,1790295337860000000,sent
2601,28492552383578,28492571062830,28492571382867,1790295337860000000,sent
2602,28492557383578,28492571388904,28492571654867,1790295337861000000,sent
2603,28492562383578,28492571659533,28492571923607,1790295337861000000,sent
2604,28492567383578,28492571928126,28492572225496,1790295337861000000,sent
2605,28492572383578,28492572384904,28492572638311,1790295337862000000,sent
2606,28492577383578,28492577386682,28492577849719,1790295337867000000,sent
2607,28492582383578,28492582385274,28492582929237,1790295337872000000,sent
2608,28492587383578,28492587384237,28492587744607,1790295337877000000,sent
2609,28492592383578,28492592385756,28492592810682,1790295337882000000,sent
2610,28492597383578,28492597387607,28492597976459,1790295337887000000,sent
2611,28492602383578,28492602386793,28492603020348,1790295337892000000,sent
2612,28492607383578,28492607387015,28492607770830,1790295337897000000,sent
2613,28492612383578,28492612384607,28492612805644,1790295337902000000,sent
2614,28492617383578,28492617384978,28492617742644,1790295337907000000,sent
2615,28492622383578,28492622385422,28492623163163,1790295337912000000,sent
2616,28492627383578,28492627387793,28492627982015,1790295337917000000,sent
2617,28492632383578,28492632384126,28492632750163,1790295337922000000,sent
2618,28492637383578,28492637385089,28492637816459,1790295337927000000,sent
2619,28492642383578,28492642386867,28492642990237,1790295337932000000,sent
2620,28492647383578,28492647384830,28492648096126,1790295337937000000,sent
2621,28492652383578,28492652384756,28492652902274,1790295337942000000,sent
2622,28492657383578,28492657384978,28492657950348,1790295337947000000,sent
2623,28492662383578,28492662386348,28492662986015,1790295337952000000,sent
2624,28492667383578,28492667386348,28492668150830,1790295337957000000,sent
2625,28492672383578,28492672386644,28492672815533,1790295337962000000,sent
2626,28492677383578,28492677385756,28492677713237,1790295337967000000,sent
2627,28492682383578,28492682384830,28492682831607,1790295337972000000,sent
2628,28492687383578,28492687386422,28492687982867,1790295337977000000,sent
2629,28492692383578,28492692385052,28492693022793,1790295337982000000,sent
2630,28492697383578,28492697384459,28492697756459,1790295337987000000,sent
2631,28492702383578,28492702385348,28492702819644,1790295337992000000,sent
2632,28492707383578,28492707384163,28492707717904,1790295337997000000,sent
2633,28492712383578,28492712385904,28492713138978,1790295338002000000,sent
2634,28492717383578,28492717385718,28492717982904,1790295338007000000,sent
2635,28492722383578,28492722384570,28492722747200,1790295338012000000,sent
2636,28492727383578,28492727385793,28492727819941,1790295338017000000,sent
2637,28492732383578,28492732386237,28492732897422,1790295338022000000,sent
2638,28492737383578,28492737384644,28492737924830,1790295338027000000,sent
2639,28492742383578,28492742385200,28492742741978,1790295338032000000,sent
2640,28492747383578,28492747384681,28492747792311,1790295338037000000,sent
2641,28492752383578,28492752385126,28492752731311,1790295338042000000,sent
2642,28492757383578,28492757387570,28492758163830,1790295338047000000,sent
2643,28492762383578,28492762386681,28492762980348,1790295338052000000,sent
2644,28492767383578,28492767384607,28492767752830,1790295338057000000,sent
2645,28492772383578,28492772384941,28492772802793,1790295338062000000,sent
2646,28492777383578,28492777384793,28492777970644,1790295338067000000,sent
2647,28492782383578,28492782384681,28492783039200,1790295338072000000,sent
2648,28492787383578,28492787385830,28492787789385,1790295338077000000,sent
2649,28492792383578,28492792384792,28492792809459,1790295338082000000,sent
2650,28492797383578,28492797385496,28492797724015,1790295338087000000,sent
2651,28492802383578,28492802385681,28492803191904,1790295338092000000,sent
2652,28492807383578,28492807386200,28492808048052,1790295338097000000,sent
2653,28492812383578,28492812384348,28492812748274,1790295338102000000,sent
2654,28492817383578,28492817384792,28492817822459,1790295338107000000,sent
2655,28492822383578,28492822387533,28492822992015,1790295338112000000,sent
2656,28492827383578,28492827386533,28492828052052,1790295338117000000,sent
2657,28492832383578,28492832385607,28492832799422,1790295338122000000,sent
2658,28492837383578,28492837385607,28492837804126,1790295338127000000,sent
2659,28492842383578,28492842385385,28492842736570,1790295338132000000,sent
2660,28492847383578,28492847385385,28492848185941,1790295338137000000,sent
2661,28492852383578,28492852384978,28492852990718,1790295338142000000,sent
2662,28492857383578,28492857385681,28492857742644,1790295338147000000,sent
2663,28492862383578,28492862384496,28492862815274,1790295338152000000,sent
2664,28492867383578,28492867387052,28492867976274,1790295338157000000,sent
2665,28492872383578,28492872385867,28492873023755,1790295338162000000,sent
2666,28492877383578,28492877386015,28492877776607,1790295338167000000,sent
2667,28492882383578,28492882384644,28492882835941,1790295338172000000,sent
2668,28492887383578,28492887384237,28492887716607,1790295338177000000,sent
2669,28492892383578,28492892385533,28492893155755,1790295338182000000,sent
2670,28492897383578,28492897387274,28492897984941,1790295338187000000,sent
2671,28492902383578,28492902385681,28492902741163,1790295338192000000,sent
2672,28492907383578,28492907385385,28492907807163,1790295338197000000,sent
2673,28492912383578,28492912387348,28492912976533,1790295338202000000,sent
2674,28492917383578,28492917386570,28492918016533,1790295338207000000,sent
2675,28492922383578,28492922387052,28492922769311,1790295338212000000,sent
2676,28492927383578,28492927384681,28492927828237,1790295338217000000,sent
2677,28492932383578,28492932385533,28492932760052,1790295338222000000,sent
2678,28492937383578,28492937385829,28492938135459,1790295338227000000,sent
2679,28492942383578,28492942387866,28492943042644,1790295338232000000,sent
2680,28492947383578,28492947385200,28492947743422,1790295338237000000,sent
2681,28492952383578,28492952384570,28492952820570,1790295338242000000,sent
2682,28492957383578,28492957384607,28492957992385,1790295338247000000,sent
2683,28492962383578,28492962386089,28492963016644,1790295338252000000,sent
2684,28492967383578,28492967386089,28492968030311,1790295338257000000,sent
2685,28492972383578,28492972385644,28492972849829,1790295338262000000,sent
2686,28492977383578,28492977385274,28492977720052,1790295338267000000,sent
2687,28492982383578,28492982386089,28492983166903,1790295338272000000,sent
2688,28492987383578,28492987386681,28492987987792,1790295338277000000,sent
2689,28492992383578,28492992385792,28492992753978,1790295338282000000,sent
2690,28492997383578,28492997385866,28492997809200,1790295338287000000,sent
2691,28493002383578,28493002384348,28493002731941,1790295338292000000,sent
2692,28493007383578,28493007385311,28493008124755,1790295338297000000,sent
2693,28493012383578,28493012386163,28493012955941,1790295338302000000,sent
2694,28493017383578,28493017384792,28493017812755,1790295338307000000,sent
2695,28493022383578,28493022384829,28493022766792,1790295338312000000,sent
2696,28493027383578,28493027386237,28493028217459,1790295338317000000,sent
2697,28493032383578,28493032385163,28493032991941,1790295338322000000,sent
2698,28493037383578,28493037384866,28493037761607,1790295338327000000,sent
2699,28493042383578,28493042385718,28493042825459,1790295338332000000,sent
2700,28493047383578,28493047385533,28493047737866,1790295338337000000,sent
2701,28493052383578,28493052384940,28493053038940,1790295338342000000,sent
2702,28493057383578,28493057386940,28493057949348,1790295338347000000,sent
2703,28493062383578,28493062384718,28493062818718,1790295338352000000,sent
2704,28493067383578,28493067384681,28493067733089,1790295338357000000,sent
2705,28493072383578,28493072387237,28493073139792,1790295338362000000,sent
2706,28493077383578,28493077387052,28493077996422,1790295338367000000,sent
2707,28493082383578,28493082385015,28493082773422,1790295338372000000,sent
2708,28493087383578,28493087385015,28493087824607,1790295338377000000,sent
2709,28493092383578,28493092385607,28493092768052,1790295338382000000,sent
2710,28493097383578,28493097385126,28493098030052,1790295338387000000,sent
2711,28493102383578,28493102387718,28493103003385,1790295338392000000,sent
2712,28493107383578,28493107384866,28493107824940,1790295338397000000,sent
2713,28493112383578,28493112385533,28493112760755,1790295338402000000,sent
2714,28493117383578,28493117384237,28493117719533,1790295338407000000,sent
2715,28493122383578,28493122385792,28493123090718,1790295338412000000,sent
2716,28493127383578,28493127387792,28493127976755,1790295338417000000,sent
2717,28493132383578,28493132385607,28493132829311,1790295338422000000,sent
2718,28493137383578,28493137384829,28493137721089,1790295338427000000,sent
2719,28493142383578,28493142387274,28493143025792,1790295338432000000,sent
2720,28493147383578,28493147384607,28493148032718,1790295338437000000,sent
2721,28493152383578,28493152384755,28493152827052,1790295338442000000,sent
2722,28493157383578,28493157384126,28493157727644,1790295338447000000,sent
2723,28493162383578,28493162385126,28493162724644,1790295338452000000,sent
2724,28493167383578,28493167384903,28493168157533,1790295338457000000,sent
2725,28493172383578,28493172385977,28493172951237,1790295338462000000,sent
2726,28493177383578,28493177384755,28493177824903,1790295338467000000,sent
2727,28493182383578,28493182385237,28493182719977,1790295338472000000,sent
2728,28493187383578,28493187385903,28493188095681,1790295338477000000,sent
2729,28493192383578,28493192385348,28493192974718,1790295338482000000,sent
2730,28493197383578,28493197384533,28493197812126,1790295338487000000,sent
2731,28493202383578,28493202384792,28493202764237,1790295338492000000,sent
2732,28493207383578,28493207385755,28493207751126,1790295338497000000,sent
2733,28493212383578,28493212385792,28493213049681,1790295338502000000,sent
2734,28493217383578,28493217385126,28493217939533,1790295338507000000,sent
2735,28493222383578,28493222384977,28493222810385,1790295338512000000,sent
2736,28493227383578,28493227384570,28493227739014,1790295338517000000,sent
2737,28493232383578,28493232385607,28493233044311,1790295338522000000,sent
2738,28493237383578,28493237386607,28493237993755,1790295338527000000,sent
2739,28493242383578,28493242385051,28493242820718,1790295338532000000,sent
2740,28493247383578,28493247384570,28493247722866,1790295338537000000,sent
2741,28493252383578,28493252385200,28493252707385,1790295338542000000,sent
2742,28493257383578,28493257385422,28493258086644,1790295338547000000,sent
2743,28493262383578,28493262384940,28493262954274,1790295338552000000,sent
2744,28493267383578,28493267384570,28493267829163,1790295338557000000,sent
2745,28493272383578,28493272385570,28493272757422,1790295338562000000,sent
2746,28493277383578,28493277385755,28493278066459,1790295338567000000,sent
2747,28493282383578,28493282385014,28493282957570,1790295338572000000,sent
2748,28493287383578,28493287386126,28493287833051,1790295338577000000,sent
2749,28493292383578,28493292384533,28493292757014,1790295338582000000,sent
2750,28493297383578,28493297385126,28493297716459,1790295338587000000,sent
2751,28493302383578,28493302387607,28493303022422,1790295338592000000,sent
2752,28493307383578,28493307387459,28493307949533,1790295338597000000,sent
2753,28493312383578,28493312384644,28493312859718,1790295338602000000,sent
2754,28493317383578,28493317385681,28493317720051,1790295338607000000,sent
2755,28493322383578,28493322385755,28493322948274,1790295338612000000,sent
2756,28493327383578,28493327386348,28493327870570,1790295338617000000,sent
2757,28493332383578,28493332387792,28493333076163,1790295338622000000,sent
2758,28493337383578,28493337387014,28493337950422,1790295338627000000,sent
2759,28493342383578,28493342386607,28493342743237,1790295338632000000,sent
2760,28493347383578,28493347385051,28493347801459,1790295338637000000,sent
2761,28493352383578,28493352385014,28493352721940,1790295338642000000,sent
2762,28493357383578,28493357386681,28493358052977,1790295338647000000,sent
2763,28493362383578,28493362387125,28493362949866,1790295338652000000,sent
2764,28493367383578,28493367384607,28493367808718,1790295338657000000,sent
2765,28493372383578,28493372384940,28493372784866,1790295338662000000,sent
2766,28493377383578,28493377386866,28493378046459,1790295338667000000,sent
2767,28493382383578,28493382385125,28493382947200,1790295338672000000,sent
2768,28493387383578,28493387384718,28493387878200,1790295338677000000,sent
2769,28493392383578,28493392384533,28493392809200,1790295338682000000,sent
2770,28493397383578,28493397384533,28493397731607,1790295338687000000,sent
2771,28493402383578,28493402387237,28493403050829,1790295338692000000,sent
2772,28493407383578,28493407386792,28493407964348,1790295338697000000,sent
2773,28493412383578,28493412384940,28493412810051,1790295338702000000,sent
2774,28493417383578,28493417386162,28493417741125,1790295338707000000,sent
2775,28493422383578,28493422385125,28493423022348,1790295338712000000,sent
2776,28493427383578,28493427387274,28493427971014,1790295338717000000,sent
2777,28493432383578,28493432386125,28493432800755,1790295338722000000,sent
2778,28493437383578,28493437385792,28493437799644,1790295338727000000,sent
2779,28493442383578,28493442384866,28493442754977,1790295338732000000,sent
2780,28493447383578,28493447385903,28493448140903,1790295338737000000,sent
2781,28493452383578,28493452384903,28493452953570,1790295338742000000,sent
2782,28493457383578,28493457384718,28493457831311,1790295338747000000,sent
2783,28493462383578,28493462385237,28493462718681,1790295338752000000,sent
2784,28493467383578,28493467384792,28493468093459,1790295338757000000,sent
2785,28493472383578,28493472385977,28493473045681,1790295338762000000,sent
2786,28493477383578,28493477384533,28493478060718,1790295338767000000,sent
2787,28493482383578,28493482386940,28493482912570,1790295338772000000,sent
2788,28493487383578,28493487386051,28493487773496,1790295338777000000,sent
2789,28493492383578,28493492384459,28493492814051,1790295338782000000,sent
2790,28493497383578,28493497384903,28493497741162,1790295338787000000,sent
2791,28493502383578,28493502386792,28493503018903,1790295338792000000,sent
2792,28493507383578,28493507386755,28493507947607,1790295338797000000,sent
2793,28493512383578,28493512385496,28493512815088,1790295338802000000,sent
2794,28493517383578,28493517385792,28493517720014,1790295338807000000,sent
2795,28493522383578,28493522384940,28493522744829,1790295338812000000,sent
2796,28493527383578,28493527385274,28493528098088,1790295338817000000,sent
2797,28493532383578,28493532385607,28493532955792,1790295338822000000,sent
2798,28493537383578,28493537385199,28493537828274,1790295338827000000,sent
2799,28493542383578,28493542385755,28493542725422,1790295338832000000,sent
2800,28493547383578,28493564612644,28493565030866,1790295338854000000,sent
2801,28493552383578,28493565038792,28493565361088,1790295338854000000,sent
2802,28493557383578,28493565366607,28493565627681,1790295338855000000,sent
2803,28493562383578,28493565632348,28493565890829,1790295338855000000,sent
2804,28493567383578,28493567385533,28493567645459,1790295338857000000,sent
2805,28493572383578,28493572385644,28493572924236,1790295338862000000,sent
2806,28493577383578,28493577386681,28493577909014,1790295338867000000,sent
2807,28493582383578,28493582385607,28493582836162,1790295338872000000,sent
2808,28493587383578,28493587386125,28493587809459,1790295338877000000,sent
2809,28493592383578,28493592385088,28493592999422,1790295338882000000,sent
2810,28493597383578,28493597385422,28493597915644,1790295338887000000,sent
2811,28493602383578,28493602420496,28493603111866,1790295338892000000,sent
2812,28493607383578,28493607385940,28493607953792,1790295338897000000,sent
2813,28493612383578,28493612581607,28493612985903,1790295338902000000,sent
2814,28493617383578,28493617385311,28493617762273,1790295338907000000,sent
2815,28493622383578,28493622385348,28493622708681,1790295338912000000,sent
2816,28493627383578,28493627385718,28493628152977,1790295338917000000,sent
2817,28493632383578,28493632385792,28493633937533,1790295338922000000,sent
2818,28493637383578,28493637384570,28493637827311,1790295338927000000,sent
2819,28493642383578,28493642384829,28493642774866,1790295338932000000,sent
2820,28493647383578,28493647419533,28493648153792,1790295338937000000,sent
2821,28493652383578,28493652387644,28493652968014,1790295338942000000,sent
2822,28493657383578,28493657386348,28493657939718,1790295338947000000,sent
2823,28493662383578,28493662384977,28493662908125,1790295338952000000,sent
2824,28493667383578,28493667487755,28493667848866,1790295338957000000,sent
2825,28493672383578,28493672384459,28493672810866,1790295338962000000,sent
2826,28493677383578,28493677385496,28493677722088,1790295338967000000,sent
2827,28493682383578,28493682385459,28493683038940,1790295338972000000,sent
2828,28493687383578,28493687387607,28493688876866,1790295338977000000,sent
2829,28493692383578,28493692384422,28493692827903,1790295338982000000,sent
2830,28493697383578,28493697385348,28493697725644,1790295338987000000,sent
2831,28493702383578,28493702386199,28493703041570,1790295338992000000,sent
2832,28493707383578,28493707385866,28493707992866,1790295338997000000,sent
2833,28493712383578,28493712579273,28493712958718,1790295339002000000,sent
2834,28493717383578,28493717385236,28493717800533,1790295339007000000,sent
2835,28493722383578,28493722385570,28493722717977,1790295339012000000,sent
2836,28493727383578,28493727386385,28493728073014,1790295339017000000,sent
2837,28493732383578,28493732387347,28493733827570,1790295339022000000,sent
2838,28493737383578,28493737386051,28493737825199,1790295339027000000,sent
2839,28493742383578,28493742384829,28493742746347,1790295339032000000,sent
2840,28493747383578,28493747386162,28493748069903,1790295339037000000,sent
2841,28493752383578,28493752387125,28493752995570,1790295339042000000,sent
2842,28493757383578,28493757386792,28493757926977,1790295339047000000,sent
2843,28493762383578,28493762385496,28493762947829,1790295339052000000,sent
2844,28493767383578,28493767490681,28493767867792,1790295339057000000,sent
2845,28493772383578,28493772385088,28493772778607,1790295339062000000,sent
2846,28493777383578,28493777385162,28493777718718,1790295339067000000,sent
2847,28493782383578,28493782419273,28493783086459,1790295339072000000,sent
2848,28493787383578,28493787386940,28493788889533,1790295339077000000,sent
2849,28493792383578,28493792385125,28493792797199,1790295339082000000,sent
2850,28493797383578,28493797384422,28493797775940,1790295339087000000,sent
2851,28493802383578,28493802385236,28493802714903,1790295339092000000,sent
2852,28493807383578,28493807387162,28493808282273,1790295339097000000,sent
2853,28493812383578,28493812386422,28493813824199,1790295339102000000,sent
2854,28493817383578,28493817385644,28493817810236,1790295339107000000,sent
2855,28493822383578,28493822384644,28493822728644,1790295339112000000,sent
2856,28493827383578,28493827386718,28493828168533,1790295339117000000,sent
2857,28493832383578,28493832386384,28493832974940,1790295339122000000,sent
2858,28493837383578,28493837386607,28493837769940,1790295339127000000,sent
2859,28493842383578,28493842384903,28493842799496,1790295339132000000,sent
2860,28493847383578,28493847385051,28493847749496,1790295339137000000,sent
2861,28493852383578,28493852387421,28493853066718,1790295339142000000,sent
2862,28493857383578,28493857385310,28493857947681,1790295339147000000,sent
2863,28493862383578,28493862385459,28493862857384,1790295339152000000,sent
2864,28493867383578,28493867385014,28493867773718,1790295339157000000,sent
2865,28493872383578,28493872385681,28493873048384,1790295339162000000,sent
2866,28493877383578,28493877385533,28493877950533,1790295339167000000,sent
2867,28493882383578,28493882385866,28493882898570,1790295339172000000,sent
2868,28493887383578,28493887386681,28493887944199,1790295339177000000,sent
2869,28493892383578,28493892385125,28493892763903,1790295339182000000,sent
2870,28493897383578,28493897385459,28493897812384,1790295339187000000,sent
2871,28493902383578,28493902384310,28493902732570,1790295339192000000,sent
2872,28493907383578,28493907384866,28493908142829,1790295339197000000,sent
2873,28493912383578,28493912386051,28493912973940,1790295339202000000,sent
2874,28493917383578,28493917384570,28493917823273,1790295339207000000,sent
2875,28493922383578,28493922384199,28493922709792,1790295339212000000,sent
2876,28493927383578,28493927386014,28493928254903,1790295339217000000,sent
2877,28493932383578,28493932386607,28493932987199,1790295339222000000,sent
2878,28493937383578,28493937384903,28493937738458,1790295339227000000,sent
2879,28493942383578,28493942385644,28493942808273,1790295339232000000,sent
2880,28493947383578,28493947384199,28493947744570,1790295339237000000,sent
2881,28493952383578,28493952386792,28493953076310,1790295339242000000,sent
2882,28493957383578,28493957387051,28493957943903,1790295339247000000,sent
2883,28493962383578,28493962385273,28493962806940,1790295339252000000,sent
2884,28493967383578,28493967385533,28493967815644,1790295339257000000,sent
2885,28493972383578,28493972385792,28493973077644,1790295339262000000,sent
2886,28493977383578,28493977385125,28493977942940,1790295339267000000,sent
2887,28493982383578,28493982387977,28493983064162,1790295339272000000,sent
2888,28493987383578,28493987385681,28493988119347,1790295339277000000,sent
2889,28493992383578,28493992386199,28493992807644,1790295339282000000,sent
2890,28493997383578,28493997385310,28493997794718,1790295339287000000,sent
2891,28494002383578,28494002384829,28494002732310,1790295339292000000,sent
2892,28494007383578,28494007387310,28494008145977,1790295339297000000,sent
2893,28494012383578,28494012385533,28494012958644,1790295339302000000,sent
2894,28494017383578,28494017385088,28494017771014,1790295339307000000,sent
2895,28494022383578,28494022384384,28494022782273,1790295339312000000,sent
2896,28494027383578,28494027386866,28494027973088,1790295339317000000,sent
2897,28494032383578,28494032386903,28494033037977,1790295339322000000,sent
2898,28494037383578,28494037386607,28494037770384,1790295339327000000,sent
2899,28494042383578,28494042385792,28494042808236,1790295339332000000,sent
2900,28494047383578,28494047385236,28494047719014,1790295339337000000,sent
2901,28494052383578,28494052386199,28494053048977,1790295339342000000,sent
2902,28494057383578,28494057385347,28494057965570,1790295339347000000,sent
2903,28494062383578,28494062385273,28494062779570,1790295339352000000,sent
2904,28494067383578,28494067385162,28494067782458,1790295339357000000,sent
2905,28494072383578,28494072385347,28494072954755,1790295339362000000,sent
2906,28494077383578,28494077386458,28494078016384,1790295339367000000,sent
2907,28494082383578,28494082386755,28494082896607,1790295339372000000,sent
2908,28494087383578,28494087386903,28494087944903,1790295339377000000,sent
2909,28494092383578,28494092384755,28494092768829,1790295339382000000,sent
2910,28494097383578,28494097385384,28494097803532,1790295339387000000,sent
2911,28494102383578,28494102385681,28494102752718,1790295339392000000,sent
2912,28494107383578,28494107386681,28494107982866,1790295339397000000,sent
2913,28494112383578,28494112385829,28494112983866,1790295339402000000,sent
2914,28494117383578,28494117385792,28494117750347,1790295339407000000,sent
2915,28494122383578,28494122384495,28494122796125,1790295339412000000,sent
2916,28494127383578,28494127387199,28494127980829,1790295339417000000,sent
2917,28494132383578,28494132386495,28494133061421,1790295339422000000,sent
2918,28494137383578,28494137387607,28494137774088,1790295339427000000,sent
2919,28494142383578,28494142384829,28494142805755,1790295339432000000,sent
2920,28494147383578,28494147384977,28494147718125,1790295339437000000,sent
2921,28494152383578,28494152386199,28494153028940,1790295339442000000,sent
2922,28494157383578,28494157387718,28494158045125,1790295339447000000,sent
2923,28494162383578,28494162385310,28494162741495,1790295339452000000,sent
2924,28494167383578,28494167385792,28494167796088,1790295339457000000,sent
2925,28494172383578,28494172384829,28494172757532,1790295339462000000,sent
2926,28494177383578,28494177385569,28494178018903,1790295339467000000,sent
2927,28494182383578,28494182387088,28494182972829,1790295339472000000,sent
2928,28494187383578,28494187385051,28494187816755,1790295339477000000,sent
2929,28494192383578,28494192385755,28494192737051,1790295339482000000,sent
2930,28494197383578,28494197385236,28494197998755,1790295339487000000,sent
2931,28494202383578,28494202387495,28494202979125,1790295339492000000,sent
2932,28494207383578,28494207384495,28494207765051,1790295339497000000,sent
2933,28494212383578,28494212385088,28494212794569,1790295339502000000,sent
2934,28494217383578,28494217385273,28494217744495,1790295339507000000,sent
2935,28494222383578,28494222386273,28494223017866,1790295339512000000,sent
2936,28494227383578,28494227387236,28494227961125,1790295339517000000,sent
2937,28494232383578,28494232385236,28494232845532,1790295339522000000,sent
2938,28494237383578,28494237384643,28494237728792,1790295339527000000,sent
2939,28494242383578,28494242386643,28494242937014,1790295339532000000,sent
2940,28494247383578,28494247384792,28494247901495,1790295339537000000,sent
2941,28494252383578,28494252384866,28494252748755,1790295339542000000,sent
2942,28494257383578,28494257385051,28494257808051,1790295339547000000,sent
2943,28494262383578,28494262384273,28494262714273,1790295339552000000,sent
2944,28494267383578,28494267385755,28494268123866,1790295339557000000,sent
2945,28494272383578,28494272384977,28494272951792,1790295339562000000,sent
2946,28494277383578,28494277385088,28494277802792,1790295339567000000,sent
2947,28494282383578,28494282384829,28494282738977,1790295339572000000,sent
2948,28494287383578,28494287385125,28494287743792,1790295339577000000,sent
2949,28494292383578,28494292387829,28494293077532,1790295339582000000,sent
2950,28494297383578,28494297385792,28494297940495,1790295339587000000,sent
2951,28494302383578,28494302384458,28494302837903,1790295339592000000,sent
2952,28494307383578,28494307385051,28494307732643,1790295339597000000,sent
2953,28494312383578,28494312386088,28494313062940,1790295339602000000,sent
2954,28494317383578,28494317385310,28494317948199,1790295339607000000,sent
2955,28494322383578,28494322385532,28494322853792,1790295339612000000,sent
2956,28494327383578,28494327385495,28494327731903,1790295339617000000,sent
2957,28494332383578,28494332384384,28494332773755,1790295339622000000,sent
2958,28494337383578,28494337385977,28494338035051,1790295339627000000,sent
2959,28494342383578,28494342385903,28494343831199,1790295339632000000,sent
2960,28494347383578,28494347385829,28494347820755,1790295339637000000,sent
2961,28494352383578,28494352385532,28494352730717,1790295339642000000,sent
2962,28494357383578,28494357387532,28494358056014,1790295339647000000,sent
2963,28494362383578,28494362385384,28494362934903,1790295339652000000,sent
2964,28494367383578,28494367385199,28494367848977,1790295339657000000,sent
2965,28494372383578,28494372384977,28494372742199,1790295339662000000,sent
2966,28494377383578,28494377385384,28494377748792,1790295339667000000,sent
2967,28494382383578,28494382386014,28494383031903,1790295339672000000,sent
2968,28494387383578,28494387385421,28494387940384,1790295339677000000,sent
2969,28494392383578,28494392384866,28494392847792,1790295339682000000,sent
2970,28494397383578,28494397384792,28494397721792,1790295339687000000,sent
2971,28494402383578,28494402385162,28494403038384,1790295339692000000,sent
2972,28494407383578,28494407387273,28494407957495,1790295339697000000,sent
2973,28494412383578,28494412384495,28494412828495,1790295339702000000,sent
2974,28494417383578,28494417385051,28494417725014,1790295339707000000,sent
2975,28494422383578,28494422384199,28494422734717,1790295339712000000,sent
2976,28494427383578,28494427387125,28494428075051,1790295339717000000,sent
2977,28494432383578,28494432386273,28494432970458,1790295339722000000,sent
2978,28494437383578,28494437385792,28494437807532,1790295339727000000,sent
2979,28494442383578,28494442385347,28494442751384,1790295339732000000,sent
2980,28494447383578,28494447386051,28494448064088,1790295339737000000,sent
2981,28494452383578,28494452386088,28494452961532,1790295339742000000,sent
2982,28494457383578,28494457385643,28494457958051,1790295339747000000,sent
2983,28494462383578,28494462385088,28494462891903,1790295339752000000,sent
2984,28494467383578,28494467385384,28494467764273,1790295339757000000,sent
2985,28494472383578,28494472385310,28494472788088,1790295339762000000,sent
2986,28494477383578,28494477384199,28494477748717,1790295339767000000,sent
2987,28494482383578,28494482385717,28494483050569,1790295339772000000,sent
2988,28494487383578,28494487386754,28494487940088,1790295339777000000,sent
2989,28494492383578,28494492385125,28494492930014,1790295339782000000,sent
2990,28494497383578,28494497466940,28494498024384,1790295339787000000,sent
2991,28494502383578,28494502385162,28494503031273,1790295339792000000,sent
2992,28494507383578,28494507387236,28494508151199,1790295339797000000,sent
2993,28494512383578,28494512386051,28494513108717,1790295339802000000,sent
2994,28494517383578,28494517384384,28494517844384,1790295339807000000,sent
2995,28494522383578,28494522384977,28494522762940,1790295339812000000,sent
2996,28494527383578,28494527388162,28494528110495,1790295339817000000,sent
2997,28494532383578,28494532386977,28494533006273,1790295339822000000,sent
2998,28494537383578,28494537385680,28494537841310,1790295339827000000,sent
2999,28494542383578,28494542385606,28494542789680,1790295339832000000,sent
3000,28494547383578,28494551047421,28494551476791,1790295339840000000,sent
3001,28494552383578,28494552385421,28494552765199,1790295339842000000,sent
3002,28494557383578,28494557385532,28494558290828,1790295339847000000,sent
3003,28494562383578,28494562387347,28494562991754,1790295339852000000,sent
3004,28494567383578,28494567384643,28494567778717,1790295339857000000,sent
3005,28494572383578,28494572385680,28494572835754,1790295339862000000,sent
3006,28494577383578,28494577386088,28494577919791,1790295339867000000,sent
3007,28494582383578,28494582386866,28494582964643,1790295339872000000,sent
3008,28494587383578,28494587385088,28494587785866,1790295339877000000,sent
3009,28494592383578,28494592385606,28494592859310,1790295339882000000,sent
3010,28494597383578,28494597384791,28494597777569,1790295339887000000,sent
3011,28494602383578,28494602385977,28494603145717,1790295339892000000,sent
3012,28494607383578,28494607387828,28494607996977,1790295339897000000,sent
3013,28494612383578,28494612384754,28494612745125,1790295339902000000,sent
3014,28494617383578,28494617384865,28494617863495,1790295339907000000,sent
3015,28494622383578,28494622386643,28494622980977,1790295339912000000,sent
3016,28494627383578,28494627386643,28494628336236,1790295339917000000,sent
3017,28494632383578,28494632386903,28494632806865,1790295339922000000,sent
3018,28494637383578,28494637384495,28494637868236,1790295339927000000,sent
3019,28494642383578,28494642384754,28494642777606,1790295339932000000,sent
3020,28494647383578,28494647385903,28494648413569,1790295339937000000,sent
3021,28494652383578,28494652385754,28494653019347,1790295339942000000,sent
3022,28494657383578,28494657384865,28494657775495,1790295339947000000,sent
3023,28494662383578,28494662385199,28494662837717,1790295339952000000,sent
3024,28494667383578,28494667387199,28494668067347,1790295339957000000,sent
3025,28494672383578,28494672384791,28494673022051,1790295339962000000,sent
3026,28494677383578,28494677385199,28494677775125,1790295339967000000,sent
3027,28494682383578,28494682385236,28494682800014,1790295339972000000,sent
3028,28494687383578,28494687385125,28494687717236,1790295339977000000,sent
3029,28494692383578,28494692386236,28494693776828,1790295339982000000,sent
3030,28494697383578,28494697385977,28494698979791,1790295339987000000,sent
3031,28494702383578,28494702385236,28494702845828,1790295339992000000,sent
3032,28494707383578,28494707385532,28494707857902,1790295339997000000,sent
3033,28494712383578,28494712384310,28494712745014,1790295340002000000,sent
3034,28494717383578,28494717387532,28494718056088,1790295340007000000,sent
3035,28494722383578,28494722387495,28494723811347,1790295340012000000,sent
3036,28494727383578,28494727385458,28494727827088,1790295340017000000,sent
3037,28494732383578,28494732384791,28494732753088,1790295340022000000,sent
3038,28494737383578,28494737386088,28494738692865,1790295340027000000,sent
3039,28494742383578,28494742385902,28494742995828,1790295340032000000,sent
3040,28494747383578,28494747387051,28494747786865,1790295340037000000,sent
3041,28494752383578,28494752385014,28494752837347,1790295340042000000,sent
3042,28494757383578,28494757385014,28494757784902,1790295340047000000,sent
3043,28494762383578,28494762386828,28494763056236,1790295340052000000,sent
3044,28494767383578,28494767384717,28494768046977,1790295340057000000,sent
3045,28494772383578,28494772385754,28494772849273,1790295340062000000,sent
3046,28494777383578,28494777384347,28494777726606,1790295340067000000,sent
3047,28494782383578,28494782393939,28494783111791,1790295340072000000,sent
3048,28494787383578,28494787387717,28494787993236,1790295340077000000,sent
3049,28494792383578,28494792586347,28494793000643,1790295340082000000,sent
3050,28494797383578,28494797384680,28494797812495,1790295340087000000,sent
3051,28494802383578,28494802385791,28494802735532,1790295340092000000,sent
3052,28494807383578,28494807385088,28494808093532,1790295340097000000,sent
3053,28494812383578,28494812384717,28494813851828,1790295340102000000,sent
3054,28494817383578,28494817385051,28494817844939,1790295340107000000,sent
3055,28494822383578,28494822385273,28494822726236,1790295340112000000,sent
3056,28494827383578,28494827384680,28494828092014,1790295340117000000,sent
3057,28494832383578,28494832387088,28494832979310,1790295340122000000,sent
3058,28494837383578,28494837385717,28494837767495,1790295340127000000,sent
3059,28494842383578,28494842385532,28494842824384,1790295340132000000,sent
3060,28494847383578,28494847385162,28494847768643,1790295340137000000,sent
3061,28494852383578,28494852387199,28494853063495,1790295340142000000,sent
3062,28494857383578,28494857385606,28494858799569,1790295340147000000,sent
3063,28494862383578,28494862385939,28494862856976,1790295340152000000,sent
3064,28494867383578,28494867384754,28494867797013,1790295340157000000,sent
3065,28494872383578,28494872387532,28494873100458,1790295340162000000,sent
3066,28494877383578,28494877386199,28494878007125,1790295340167000000,sent
3067,28494882383578,28494882384902,28494882891162,1790295340172000000,sent
3068,28494887383578,28494887384754,28494887948088,1790295340177000000,sent
3069,28494892383578,28494892488939,28494892900828,1790295340182000000,sent
3070,28494897383578,28494897384791,28494897789569,1790295340187000000,sent
3071,28494902383578,28494902385384,28494902711865,1790295340192000000,sent
3072,28494907383578,28494907385162,28494908167125,1790295340197000000,sent
3073,28494912383578,28494912384754,28494912958680,1790295340202000000,sent
3074,28494917383578,28494917385050,28494917745236,1790295340207000000,sent
3075,28494922383578,28494922384273,28494922762976,1790295340212000000,sent
3076,28494927383578,28494927385569,28494927991236,1790295340217000000,sent
3077,28494932383578,28494932386717,28494933037199,1790295340222000000,sent
3078,28494937383578,28494937384532,28494937786606,1790295340227000000,sent
3079,28494942383578,28494942385458,28494942820865,1790295340232000000,sent
3080,28494947383578,28494947384791,28494947770050,1790295340237000000,sent
3081,28494952383578,28494952386569,28494953083717,1790295340242000000,sent
3082,28494957383578,28494957387902,28494958021273,1790295340247000000,sent
3083,28494962383578,28494962385310,28494962820310,1790295340252000000,sent
3084,28494967383578,28494967384532,28494967779125,1790295340257000000,sent
3085,28494972383578,28494972385273,28494973000902,1790295340262000000,sent
3086,28494977383578,28494977386384,28494978036643,1790295340267000000,sent
3087,28494982383578,28494982384458,28494982885939,1790295340272000000,sent
3088,28494987383578,28494987385717,28494987822791,1790295340277000000,sent
3089,28494992383578,28494992385458,28494993037050,1790295340282000000,sent
3090,28494997383578,28494997564791,28494998220902,1790295340287000000,sent
3091,28495002383578,28495002593865,28495002977384,1790295340292000000,sent
3092,28495007383578,28495007385717,28495007748939,1790295340297000000,sent
3093,28495012383578,28495012385273,28495012783199,1790295340302000000,sent
3094,28495017383578,28495017385050,28495017984976,1790295340307000000,sent
3095,28495022383578,28495022387050,28495023891347,1790295340312000000,sent
3096,28495027383578,28495027384384,28495027764125,1790295340317000000,sent
3097,28495032383578,28495032385162,28495032784828,1790295340322000000,sent
3098,28495037383578,28495037386606,28495038019717,1790295340327000000,sent
3099,28495042383578,28495042416458,28495043079569,1790295340332000000,sent
3100,28495047383578,28495047585717,28495047986162,1790295340337000000,sent
3101,28495052383578,28495052384236,28495052738421,1790295340342000000,sent
3102,28495057383578,28495057385643,28495057775124,1790295340347000000,sent
3103,28495062383578,28495062386458,28495062988643,1790295340352000000,sent
3104,28495067383578,28495067386273,28495068933791,1790295340357000000,sent
3105,28495072383578,28495072384162,28495072767865,1790295340362000000,sent
3106,28495077383578,28495077384680,28495077802310,1790295340367000000,sent
3107,28495082383578,28495082385976,28495082996162,1790295340372000000,sent
3108,28495087383578,28495087441050,28495088151310,1790295340377000000,sent
3109,28495092383578,28495092586976,28495093002421,1790295340382000000,sent
3110,28495097383578,28495097384532,28495097781273,1790295340387000000,sent
3111,28495102383578,28495102385199,28495102788013,1790295340392000000,sent
3112,28495107383578,28495107387124,28495107993087,1790295340397000000,sent
3113,28495112383578,28495112385384,28495113915310,1790295340402000000,sent
3114,28495117383578,28495117384532,28495117770236,1790295340407000000,sent
3115,28495122383578,28495122384310,28495122794421,1790295340412000000,sent
3116,28495127383578,28495127385050,28495127987013,1790295340417000000,sent
3117,28495132383578,28495132460754,28495133114865,1790295340422000000,sent
3118,28495137383578,28495137385199,28495137784050,1790295340427000000,sent
3119,28495142383578,28495142384421,28495142747199,1790295340432000000,sent
3120,28495147383578,28495147385902,28495147805495,1790295340437000000,sent
3121,28495152383578,28495152386161,28495152975347,1790295340442000000,sent
3122,28495157383578,28495157385717,28495158045754,1790295340447000000,sent
3123,28495162383578,28495162385198,28495162754754,1790295340452000000,sent
3124,28495167383578,28495167384865,28495167804532,1790295340457000000,sent
3125,28495172383578,28495172387606,28495172986828,1790295340462000000,sent
3126,28495177383578,28495177445013,28495178982236,1790295340467000000,sent
3127,28495182383578,28495182385458,28495182773680,1790295340472000000,sent
3128,28495187383578,28495187384939,28495187755087,1790295340477000000,sent
3129,28495192383578,28495192386310,28495193060310,1790295340482000000,sent
3130,28495197383578,28495197386161,28495197954236,1790295340487000000,sent
3131,28495202383578,28495202384754,28495202834347,1790295340492000000,sent
3132,28495207383578,28495207385643,28495207734458,1790295340497000000,sent
3133,28495212383578,28495212386606,28495213039569,1790295340502000000,sent
3134,28495217383578,28495217387198,28495217958643,1790295340507000000,sent
3135,28495222383578,28495222384828,28495222842902,1790295340512000000,sent
3136,28495227383578,28495227384680,28495227719828,1790295340517000000,sent
3137,28495232383578,28495232386939,28495233590902,1790295340522000000,sent
3138,28495237383578,28495237384495,28495237912569,1790295340527000000,sent
3139,28495242383578,28495242385532,28495242752717,1790295340532000000,sent
3140,28495247383578,28495247385087,28495247844939,1790295340537000000,sent
3141,28495252383578,28495252384458,28495252720902,1790295340542000000,sent
3142,28495257383578,28495257386235,28495258064347,1790295340547000000,sent
3143,28495262383578,28495262387680,28495262960717,1790295340552000000,sent
3144,28495267383578,28495267385347,28495267836939,1790295340557000000,sent
3145,28495272383578,28495272385347,28495272754198,1790295340562000000,sent
3146,28495277383578,28495277387606,28495278804013,1790295340567000000,sent
3147,28495282383578,28495282385235,28495282997643,1790295340572000000,sent
3148,28495287383578,28495287384680,28495287754902,1790295340577000000,sent
3149,28495292383578,28495292384865,28495292857124,1790295340582000000,sent
3150,28495297383578,28495297385680,28495297740384,1790295340587000000,sent
3151,28495302383578,28495302384865,28495303048198,1790295340592000000,sent
3152,28495307383578,28495307385458,28495307942717,1790295340597000000,sent
3153,28495312383578,28495312385272,28495312841124,1790295340602000000,sent
3154,28495317383578,28495317385495,28495317729643,1790295340607000000,sent
3155,28495322383578,28495322384717,28495323242421,1790295340612000000,sent
3156,28495327383578,28495327385013,28495327911569,1790295340617000000,sent
3157,28495332383578,28495332477606,28495332869754,1790295340622000000,sent
3158,28495337383578,28495337385050,28495337820939,1790295340627000000,sent
3159,28495342383578,28495342385272,28495342747235,1790295340632000000,sent
3160,28495347383578,28495347387050,28495348079828,1790295340637000000,sent
3161,28495352383578,28495352386717,28495353819865,1790295340642000000,sent
3162,28495357383578,28495357385161,28495357828272,1790295340647000000,sent
3163,28495362383578,28495362384828,28495362722495,1790295340652000000,sent
3164,28495367383578,28495367384939,28495368050421,1790295340657000000,sent
3165,28495372383578,28495372385828,28495373010384,1790295340662000000,sent
3166,28495377383578,28495377385161,28495377765976,1790295340667000000,sent
3167,28495382383578,28495382384532,28495382848384,1790295340672000000,sent
3168,28495387383578,28495387561384,28495388254791,1790295340677000000,sent
3169,28495392383578,28495392386791,28495393104643,1790295340682000000,sent
3170,28495397383578,28495397603680,28495398023643,1790295340687000000,sent
3171,28495402383578,28495402384309,28495402819532,1790295340692000000,sent
3172,28495407383578,28495407385791,28495407726235,1790295340697000000,sent
3173,28495412383578,28495412386643,28495413022939,1790295340702000000,sent
3174,28495417383578,28495417386643,28495418830346,1790295340707000000,sent
3175,28495422383578,28495422385680,28495422749198,1790295340712000000,sent
3176,28495427383578,28495427385235,28495427819235,1790295340717000000,sent
3177,28495432383578,28495432385050,28495432723606,1790295340722000000,sent
3178,28495437383578,28495437387717,28495438043198,1790295340727000000,sent
3179,28495442383578,28495442385939,28495443794717,1790295340732000000,sent
3180,28495447383578,28495447384309,28495447827124,1790295340737000000,sent
3181,28495452383578,28495452384532,28495452733458,1790295340742000000,sent
3182,28495457383578,28495457387828,28495458633087,1790295340747000000,sent
3183,28495462383578,28495462385013,28495462976309,1790295340752000000,sent
3184,28495467383578,28495467596087,28495467973532,1790295340757000000,sent
3185,28495472383578,28495472385309,28495472817050,1790295340762000000,sent
3186,28495477383578,28495477385421,28495477747235,1790295340767000000,sent
3187,28495482383578,28495482385050,28495483277569,1790295340772000000,sent
3188,28495487383578,28495487385458,28495488851198,1790295340777000000,sent
3189,28495492383578,28495492385495,28495492866606,1790295340782000000,sent
3190,28495497383578,28495497384717,28495497834569,1790295340787000000,sent
3191,28495502383578,28495502385272,28495502794272,1790295340792000000,sent
3192,28495507383578,28495507385976,28495508081495,1790295340797000000,sent
3193,28495512383578,28495512386124,28495513875569,1790295340802000000,sent
3194,28495517383578,28495517385309,28495517845717,1790295340807000000,sent
3195,28495522383578,28495522384235,28495522729569,1790295340812000000,sent
3196,28495527383578,28495527385161,28495528069272,1790295340817000000,sent
3197,28495532383578,28495532385865,28495532946643,1790295340822000000,sent
3198,28495537383578,28495537398309,28495538027717,1790295340827000000,sent
3199,28495542383578,28495542385013,28495543049902,1790295340832000000,sent
3200,28495547383578,28495548441124,28495549484346,1790295340838000000,sent
3201,28495552383578,28495552386013,28495552925050,1790295340842000000,sent
3202,28495557383578,28495557386828,28495558055272,1790295340847000000,sent
3203,28495562383578,28495562386161,28495563028458,1790295340852000000,sent
3204,28495567383578,28495567385235,28495567862754,1790295340857000000,sent
3205,28495572383578,28495572385495,28495572821939,1790295340862000000,sent
3206,28495577383578,28495577385013,28495577759235,1790295340867000000,sent
3207,28495582383578,28495582435050,28495583139828,1790295340872000000,sent
3208,28495587383578,28495587385754,28495587987939,1790295340877000000,sent
3209,28495592383578,28495592384457,28495592781865,1790295340882000000,sent
3210,28495597383578,28495597385791,28495597816087,1790295340887000000,sent
3211,28495602383578,28495602385272,28495602979198,1790295340892000000,sent
3212,28495607383578,28495607385309,28495608154569,1790295340897000000,sent
3213,28495612383578,28495612385643,28495612787420,1790295340902000000,sent
3214,28495617383578,28495617384680,28495617788643,1790295340907000000,sent
3215,28495622383578,28495622384606,28495622713050,1790295340912000000,sent
3216,28495627383578,28495627402420,28495628104383,1790295340917000000,sent
3217,28495632383578,28495632387087,28495632943939,1790295340922000000,sent
3218,28495637383578,28495637384939,28495637751124,1790295340927000000,sent
3219,28495642383578,28495642385532,28495642787643,1790295340932000000,sent
3220,28495647383578,28495647386013,28495647806420,1790295340937000000,sent
3221,28495652383578,28495652384939,28495653057791,1790295340942000000,sent
3222,28495657383578,28495657384791,28495657964902,1790295340947000000,sent
3223,28495662383578,28495662384272,28495662820569,1790295340952000000,sent
3224,28495667383578,28495667385346,28495667741532,1790295340957000000,sent
3225,28495672383578,28495672455272,28495673137198,1790295340962000000,sent
3226,28495677383578,28495677385124,28495677945161,1790295340967000000,sent
3227,28495682383578,28495682385050,28495683084124,1790295340972000000,sent
3228,28495687383578,28495687385457,28495687946569,1790295340977000000,sent
3229,28495692383578,28495692385643,28495692755791,1790295340982000000,sent
3230,28495697383578,28495697385272,28495697840013,1790295340987000000,sent
3231,28495702383578,28495702385050,28495702747420,1790295340992000000,sent
3232,28495707383578,28495707385865,28495708068309,1790295340997000000,sent
3233,28495712383578,28495712387643,28495712954420,1790295341002000000,sent
3234,28495717383578,28495717385087,28495717820420,1790295341007000000,sent
3235,28495722383578,28495722384680,28495722717198,1790295341012000000,sent
3236,28495727383578,28495727385939,28495728164161,1790295341017000000,sent
3237,28495732383578,28495732386643,28495732985494,1790295341022000000,sent
3238,28495737383578,28495737384161,28495737751346,1790295341027000000,sent
3239,28495742383578,28495742385383,28495742818976,1790295341032000000,sent
3240,28495747383578,28495747385383,28495747714383,1790295341037000000,sent
3241,28495752383578,28495752385124,28495753039902,1790295341042000000,sent
3242,28495757383578,28495757386494,28495757928939,1790295341047000000,sent
3243,28495762383578,28495762385457,28495762835531,1790295341052000000,sent
3244,28495767383578,28495767385828,28495767730346,1790295341057000000,sent
3245,28495772383578,28495772386457,28495773130457,1790295341062000000,sent
3246,28495777383578,28495777385865,28495777977161,1790295341067000000,sent
3247,28495782383578,28495782386902,28495782758643,1790295341072000000,sent
3248,28495787383578,28495787384457,28495787814680,1790295341077000000,sent
3249,28495792383578,28495792385754,28495792761902,1790295341082000000,sent
3250,28495797383578,28495797387865,28495798043606,1790295341087000000,sent
3251,28495802383578,28495802387050,28495802967494,1790295341092000000,sent
3252,28495807383578,28495807385828,28495807824087,1790295341097000000,sent
3253,28495812383578,28495812384791,28495812734087,1790295341102000000,sent
3254,28495817383578,28495817384791,28495817756791,1790295341107000000,sent
3255,28495822383578,28495822385124,28495823009087,1790295341112000000,sent
3256,28495827383578,28495827386754,28495827937791,1790295341117000000,sent
3257,28495832383578,28495832384346,28495832822457,1790295341122000000,sent
3258,28495837383578,28495837384420,28495837729605,1790295341127000000,sent
3259,28495842383578,28495842386272,28495843034791,1790295341132000000,sent
3260,28495847383578,28495847384902,28495847971828,1790295341137000000,sent
3261,28495852383578,28495852384680,28495852833050,1790295341142000000,sent
3262,28495857383578,28495857385013,28495857729087,1790295341147000000,sent
3263,28495862383578,28495862385309,28495862768568,1790295341152000000,sent
3264,28495867383578,28495867386568,28495868057087,1790295341157000000,sent
3265,28495872383578,28495872385124,28495873054531,1790295341162000000,sent
3266,28495877383578,28495877385383,28495877861087,1790295341167000000,sent
3267,28495882383578,28495882385457,28495882719383,1790295341172000000,sent
3268,28495887383578,28495887386161,28495887949050,1790295341177000000,sent
3269,28495892383578,28495892385161,28495892909680,1790295341182000000,sent
3270,28495897383578,28495897504087,28495898181642,1790295341187000000,sent
3271,28495902383578,28495902386346,28495902956161,1790295341192000000,sent
3272,28495907383578,28495907386568,28495907786865,1790295341197000000,sent
3273,28495912383578,28495912384568,28495912791346,1790295341202000000,sent
3274,28495917383578,28495917384531,28495917719494,1790295341207000000,sent
3275,28495922383578,28495922387828,28495923055124,1790295341212000000,sent
3276,28495927383578,28495927385494,28495927929680,1790295341217000000,sent
3277,28495932383578,28495932385976,28495932809235,1790295341222000000,sent
3278,28495937383578,28495937384494,28495937734531,1790295341227000000,sent
3279,28495942383578,28495942386087,28495943033309,1790295341232000000,sent
3280,28495947383578,28495947387457,28495947952976,1790295341237000000,sent
3281,28495952383578,28495952384605,28495952789124,1790295341242000000,sent
3282,28495957383578,28495957385865,28495957784717,1790295341247000000,sent
3283,28495962383578,28495962384494,28495962712272,1790295341252000000,sent
3284,28495967383578,28495967386679,28495968112791,1790295341257000000,sent
3285,28495972383578,28495972384605,28495972950161,1790295341262000000,sent
3286,28495977383578,28495977384346,28495977801346,1790295341267000000,sent
3287,28495982383578,28495982384568,28495982736087,1790295341272000000,sent
3288,28495987383578,28495987384865,28495987966679,1790295341277000000,sent
3289,28495992383578,28495992386976,28495992873198,1790295341282000000,sent
3290,28495997383578,28495997385383,28495998225976,1790295341287000000,sent
3291,28496002383578,28496002386457,28496002992605,1790295341292000000,sent
3292,28496007383578,28496007385605,28496007764161,1790295341297000000,sent
3293,28496012383578,28496012385346,28496012820605,1790295341302000000,sent
3294,28496017383578,28496017384791,28496017720568,1790295341307000000,sent
3295,28496022383578,28496022387346,28496023015494,1790295341312000000,sent
3296,28496027383578,28496027386124,28496027945976,1790295341317000000,sent
3297,28496032383578,28496032384716,28496032825494,1790295341322000000,sent
3298,28496037383578,28496037385679,28496037721568,1790295341327000000,sent
3299,28496042383578,28496042387272,28496043088457,1790295341332000000,sent
3300,28496047383578,28496047387754,28496047990716,1790295341337000000,sent
3301,28496052383578,28496052386198,28496052769013,1790295341342000000,sent
3302,28496057383578,28496057384976,28496057807791,1790295341347000000,sent
3303,28496062383578,28496062385050,28496062721605,1790295341352000000,sent
3304,28496067383578,28496067385050,28496068053457,1790295341357000000,sent
3305,28496072383578,28496072384976,28496072953828,1790295341362000000,sent
3306,28496077383578,28496077385531,28496077822161,1790295341367000000,sent
3307,28496082383578,28496082385309,28496082722791,1790295341372000000,sent
3308,28496087383578,28496087386679,28496087999087,1790295341377000000,sent
3309,28496092383578,28496092385865,28496092905791,1790295341382000000,sent
3310,28496097383578,28496097384383,28496097771013,1790295341387000000,sent
3311,28496102383578,28496102385753,28496102821605,1790295341392000000,sent
3312,28496107383578,28496107385753,28496107737383,1790295341397000000,sent
3313,28496112383578,28496112386161,28496113036865,1790295341402000000,sent
3314,28496117383578,28496117385050,28496117922309,1790295341407000000,sent
3315,28496122383578,28496122385272,28496122812902,1790295341412000000,sent
3316,28496127383578,28496127384902,28496127711753,1790295341417000000,sent
3317,28496132383578,28496132387309,28496133859716,1790295341422000000,sent
3318,28496137383578,28496137387383,28496137996235,1790295341427000000,sent
3319,28496142383578,28496142385346,28496142758939,1790295341432000000,sent
3320,28496147383578,28496147385124,28496147822494,1790295341437000000,sent
3321,28496152383578,28496152385828,28496152728976,1790295341442000000,sent
3322,28496157383578,28496157386161,28496158047087,1790295341447000000,sent
3323,28496162383578,28496162385013,28496162952716,1790295341452000000,sent
3324,28496167383578,28496167385383,28496167838235,1790295341457000000,sent
3325,28496172383578,28496172385087,28496172736531,1790295341462000000,sent
3326,28496177383578,28496177384790,28496178023124,1790295341467000000,sent
3327,28496182383578,28496182386309,28496182988087,1790295341472000000,sent
3328,28496187383578,28496187386272,28496187761235,1790295341477000000,sent
3329,28496192383578,28496192384605,28496192811976,1790295341482000000,sent
3330,28496197383578,28496197385865,28496197714383,1790295341487000000,sent
3331,28496202383578,28496202387050,28496203040716,1790295341492000000,sent
3332,28496207383578,28496207385716,28496207948272,1790295341497000000,sent
3333,28496212383578,28496212385457,28496212843568,1790295341502000000,sent
3334,28496217383578,28496217384309,28496217758420,1790295341507000000,sent
3335,28496222383578,28496222387050,28496223001087,1790295341512000000,sent
3336,28496227383578,28496227387272,28496228048050,1790295341517000000,sent
3337,28496232383578,28496232582939,28496232947420,1790295341522000000,sent
3338,28496237383578,28496237385605,28496237809272,1790295341527000000,sent
3339,28496242383578,28496242384457,28496242726642,1790295341532000000,sent
3340,28496247383578,28496247387457,28496248098494,1790295341537000000,sent
3341,28496252383578,28496252386827,28496253792939,1790295341542000000,sent
3342,28496257383578,28496257384568,28496257813050,1790295341547000000,sent
3343,28496262383578,28496262384865,28496262725531,1790295341552000000,sent
3344,28496267383578,28496267385161,28496268165309,1790295341557000000,sent
3345,28496272383578,28496272386050,28496273020198,1790295341562000000,sent
3346,28496277383578,28496277385790,28496277759087,1790295341567000000,sent
3347,28496282383578,28496282384976,28496282813642,1790295341572000000,sent
3348,28496287383578,28496287384976,28496287747790,1790295341577000000,sent
3349,28496292383578,28496292386383,28496293033494,1790295341582000000,sent
3350,28496297383578,28496297384753,28496298814161,1790295341587000000,sent
3351,28496302383578,28496302384716,28496302845013,1790295341592000000,sent
3352,28496307383578,28496307385716,28496307725716,1790295341597000000,sent
3353,28496312383578,28496312387161,28496313180679,1790295341602000000,sent
3354,28496317383578,28496317386642,28496317981976,1790295341607000000,sent
3355,28496322383578,28496322384198,28496322754753,1790295341612000000,sent
3356,28496327383578,28496327385235,28496327810346,1790295341617000000,sent
3357,28496332383578,28496332385531,28496332727346,1790295341622000000,sent
3358,28496337383578,28496337387383,28496338027161,1790295341627000000,sent
3359,28496342383578,28496342385531,28496342933976,1790295341632000000,sent
3360,28496347383578,28496347385272,28496347816124,1790295341637000000,sent
3361,28496352383578,28496352385235,28496352736272,1790295341642000000,sent
3362,28496357383578,28496357384272,28496357736272,1790295341647000000,sent
3363,28496362383578,28496362385494,28496363038198,1790295341652000000,sent
3364,28496367383578,28496367385124,28496368782124,1790295341657000000,sent
3365,28496372383578,28496372385198,28496372802901,1790295341662000000,sent
3366,28496377383578,28496377384198,28496377729976,1790295341667000000,sent
3367,28496382383578,28496382387013,28496383035976,1790295341672000000,sent
3368,28496387383578,28496387386901,28496387953457,1790295341677000000,sent
3369,28496392383578,28496392385790,28496392832827,1790295341682000000,sent
3370,28496397383578,28496397385642,28496397740790,1790295341687000000,sent
3371,28496402383578,28496402385013,28496402750272,1790295341692000000,sent
3372,28496407383578,28496407385087,28496408098013,1790295341697000000,sent
3373,28496412383578,28496412385272,28496412962642,1790295341702000000,sent
3374,28496417383578,28496417385346,28496417828827,1790295341707000000,sent
3375,28496422383578,28496422385605,28496422721976,1790295341712000000,sent
3376,28496427383578,28496427386976,28496428079716,1790295341717000000,sent
3377,28496432383578,28496432387124,28496432946531,1790295341722000000,sent
3378,28496437383578,28496437385494,28496437950420,1790295341727000000,sent
3379,28496442383578,28496442384790,28496442855716,1790295341732000000,sent
3380,28496447383578,28496447521679,28496447899346,1790295341737000000,sent
3381,28496452383578,28496452385753,28496452777679,1790295341742000000,sent
3382,28496457383578,28496457384309,28496457707827,1790295341747000000,sent
3383,28496462383578,28496462386642,28496463046346,1790295341752000000,sent
3384,28496467383578,28496467387050,28496468791050,1790295341757000000,sent
3385,28496472383578,28496472384605,28496472798975,1790295341762000000,sent
3386,28496477383578,28496477385642,28496477718901,1790295341767000000,sent
3387,28496482383578,28496482386420,28496483041864,1790295341772000000,sent
3388,28496487383578,28496487387457,28496487951309,1790295341777000000,sent
3389,28496492383578,28496492581161,28496492980457,1790295341782000000,sent
3390,28496497383578,28496497385827,28496497753050,1790295341787000000,sent
3391,28496502383578,28496502384568,28496502743605,1790295341792000000,sent
3392,28496507383578,28496507386716,28496508091605,1790295341797000000,sent
3393,28496512383578,28496512384827,28496513798901,1790295341802000000,sent
3394,28496517383578,28496517385901,28496517808642,1790295341807000000,sent
3395,28496522383578,28496522385050,28496522762161,1790295341812000000,sent
3396,28496527383578,28496527385235,28496528102790,1790295341817000000,sent
3397,28496532383578,28496532387346,28496532961272,1790295341822000000,sent
3398,28496537383578,28496537599753,28496538012864,1790295341827000000,sent
3399,28496542383578,28496542384309,28496542788938,1790295341832000000,sent
3400,28496547383578,28496547385050,28496547799346,1790295341837000000,sent
3401,28496552383578,28496552388124,28496553083531,1790295341842000000,sent
3402,28496557383578,28496557387790,28496558804346,1790295341847000000,sent
3403,28496562383578,28496562384531,28496562793679,1790295341852000000,sent
3404,28496567383578,28496567384124,28496567747346,1790295341857000000,sent
3405,28496572383578,28496572385012,28496573048605,1790295341862000000,sent
3406,28496577383578,28496577385790,28496577946198,1790295341867000000,sent
3407,28496582383578,28496582385642,28496582900753,1790295341872000000,sent
3408,28496587383578,28496587387012,28496587910790,1790295341877000000,sent
3409,28496592383578,28496592479420,28496592861049,1790295341882000000,sent
3410,28496597383578,28496597385679,28496597796531,1790295341887000000,sent
3411,28496602383578,28496602385790,28496602770938,1790295341892000000,sent
3412,28496607383578,28496607386864,28496608085346,1790295341897000000,sent
3413,28496612383578,28496612387568,28496613835827,1790295341902000000,sent
3414,28496617383578,28496617384827,28496617811716,1790295341907000000,sent
3415,28496622383578,28496622384864,28496622751864,1790295341912000000,sent
3416,28496627383578,28496627384716,28496628050568,1790295341917000000,sent
3417,28496632383578,28496632385790,28496632975346,1790295341922000000,sent
3418,28496637383578,28496637386198,28496637890679,1790295341927000000,sent
3419,28496642383578,28496642384679,28496642913901,1790295341932000000,sent
3420,28496647383578,28496647476235,28496647847309,1790295341937000000,sent
3421,28496652383578,28496652385198,28496652791864,1790295341942000000,sent
3422,28496657383578,28496657384938,28496657731457,1790295341947000000,sent
3423,28496662383578,28496662385309,28496663047864,1790295341952000000,sent
3424,28496667383578,28496667386605,28496668833012,1790295341957000000,sent
3425,28496672383578,28496672385420,28496672766642,1790295341962000000,sent
3426,28496677383578,28496677384753,28496677764642,1790295341967000000,sent
3427,28496682383578,28496682385383,28496682892642,1790295341972000000,sent
3428,28496687383578,28496687385346,28496687930568,1790295341977000000,sent
3429,28496692383578,28496692484124,28496692862272,1790295341982000000,sent
3430,28496697383578,28496697385494,28496697779531,1790295341987000000,sent
3431,28496702383578,28496702384198,28496702771790,1790295341992000000,sent
3432,28496707383578,28496707386123,28496708100975,1790295341997000000,sent
3433,28496712383578,28496712387086,28496713843346,1790295342002000000,sent
3434,28496717383578,28496717384531,28496717788235,1790295342007000000,sent
3435,28496722383578,28496722384790,28496722765753,1790295342012000000,sent
3436,28496727383578,28496727386383,28496727985049,1790295342017000000,sent
3437,28496732383578,28496732385309,28496733019790,1790295342022000000,sent
3438,28496737383578,28496737385901,28496737907716,1790295342027000000,sent
3439,28496742383578,28496742385198,28496742907901,1790295342032000000,sent
3440,28496747383578,28496747480049,28496747856457,1790295342037000000,sent
3441,28496752383578,28496752385161,28496752796827,1790295342042000000,sent
3442,28496757383578,28496757385309,28496757786494,1790295342047000000,sent
3443,28496762383578,28496762385679,28496763036123,1790295342052000000,sent
3444,28496767383578,28496767385642,28496768872272,1790295342057000000,sent
3445,28496772383578,28496772385012,28496772752605,1790295342062000000,sent
3446,28496777383578,28496777385901,28496777789160,1790295342067000000,sent
3447,28496782383578,28496782386272,28496782902790,1790295342072000000,sent
3448,28496787383578,28496787384753,28496787912642,1790295342077000000,sent
3449,28496792383578,28496792485235,28496792859198,1790295342082000000,sent
3450,28496797383578,28496797385531,28496797791420,1790295342087000000,sent
3451,28496802383578,28496802385679,28496802769827,1790295342092000000,sent
3452,28496807383578,28496807387494,28496808070457,1790295342097000000,sent
3453,28496812383578,28496812385235,28496813838086,1790295342102000000,sent
3454,28496817383578,28496817384827,28496817762086,1790295342107000000,sent
3455,28496822383578,28496822384494,28496822784975,1790295342112000000,sent
3456,28496827383578,28496827385716,28496827979309,1790295342117000000,sent
3457,28496832383578,28496832387679,28496833019901,1790295342122000000,sent
3458,28496837383578,28496837386160,28496837926568,1790295342127000000,sent
3459,28496842383578,28496842386272,28496842938049,1790295342132000000,sent
3460,28496847383578,28496847384457,28496847751864,1790295342137000000,sent
3461,28496852383578,28496852384642,28496852772160,1790295342142000000,sent
3462,28496857383578,28496857385531,28496857789864,1790295342147000000,sent
3463,28496862383578,28496862386086,28496862990272,1790295342152000000,sent
3464,28496867383578,28496867386420,28496868078160,1790295342157000000,sent
3465,28496872383578,28496872384716,28496872756235,1790295342162000000,sent
3466,28496877383578,28496877385012,28496877796679,1790295342167000000,sent
3467,28496882383578,28496882385420,28496882970864,1790295342172000000,sent
3468,28496887383578,28496887386160,28496888120975,1790295342177000000,sent
3469,28496892383578,28496892385123,28496892774975,1790295342182000000,sent
3470,28496897383578,28496897384420,28496897712938,1790295342187000000,sent
3471,28496902383578,28496902385123,28496902811346,1790295342192000000,sent
3472,28496907383578,28496907387272,28496908050975,1790295342197000000,sent
3473,28496912383578,28496912386272,28496913021642,1790295342202000000,sent
3474,28496917383578,28496917385123,28496917756753,1790295342207000000,sent
3475,28496922383578,28496922384753,28496922792716,1790295342212000000,sent
3476,28496927383578,28496927385383,28496927962679,1790295342217000000,sent
3477,28496932383578,28496932385272,28496933036827,1790295342222000000,sent
3478,28496937383578,28496937387086,28496937782938,1790295342227000000,sent
3479,28496942383578,28496942384864,28496942746568,1790295342232000000,sent
3480,28496947383578,28496947385642,28496947772049,1790295342237000000,sent
3481,28496952383578,28496952386716,28496952965642,1790295342242000000,sent
3482,28496957383578,28496957386531,28496958027086,1790295342247000000,sent
3483,28496962383578,28496962385457,28496962788049,1790295342252000000,sent
3484,28496967383578,28496967384605,28496967790197,1790295342257000000,sent
3485,28496972383578,28496972384160,28496972728160,1790295342262000000,sent
3486,28496977383578,28496977385531,28496978033716,1790295342267000000,sent
3487,28496982383578,28496982386679,28496982950790,1790295342272000000,sent
3488,28496987383578,28496987386346,28496987783457,1790295342277000000,sent
3489,28496992383578,28496992384790,28496992788494,1790295342282000000,sent
3490,28496997383578,28496997385790,28496997718234,1790295342287000000,sent
3491,28497002383578,28497002387605,28497003042531,1790295342292000000,sent
3492,28497007383578,28497007386790,28497007944420,1790295342297000000,sent
3493,28497012383578,28497012384234,28497012806716,1790295342302000000,sent
3494,28497017383578,28497017384605,28497017714271,1790295342307000000,sent
3495,28497022383578,28497022386716,28497023041012,1790295342312000000,sent
3496,28497027383578,28497027384864,28497027950827,1790295342317000000,sent
3497,28497032383578,28497032387049,28497032786642,1790295342322000000,sent
3498,28497037383578,28497037384420,28497037799494,1790295342327000000,sent
3499,28497042383578,28497042384827,28497042705123,1790295342332000000,sent
3500,28497047383578,28497047387012,28497048076864,1790295342337000000,sent
3501,28497052383578,28497052386753,28497053064308,1790295342342000000,sent
3502,28497057383578,28497057385790,28497057804679,1790295342347000000,sent
3503,28497062383578,28497062385234,28497062735864,1790295342352000000,sent
3504,28497067383578,28497067385086,28497068125753,1790295342357000000,sent
3505,28497072383578,28497072384568,28497072948197,1790295342362000000,sent
3506,28497077383578,28497077385716,28497077728494,1790295342367000000,sent
3507,28497082383578,28497082385197,28497082776049,1790295342372000000,sent
3508,28497087383578,28497087385457,28497087726642,1790295342377000000,sent
3509,28497092383578,28497092385383,28497093030938,1790295342382000000,sent
3510,28497097383578,28497097385494,28497097953568,1790295342387000000,sent
3511,28497102383578,28497102385197,28497102817160,1790295342392000000,sent
3512,28497107383578,28497107384271,28497107766531,1790295342397000000,sent
3513,28497112383578,28497112386049,28497113038012,1790295342402000000,sent
3514,28497117383578,28497117385197,28497117930716,1790295342407000000,sent
3515,28497122383578,28497122385345,28497122769197,1790295342412000000,sent
3516,28497127383578,28497127385271,28497127776901,1790295342417000000,sent
3517,28497132383578,28497132385716,28497132749753,1790295342422000000,sent
3518,28497137383578,28497137387308,28497138022420,1790295342427000000,sent
3519,28497142383578,28497142384901,28497142930382,1790295342432000000,sent
3520,28497147383578,28497147384605,28497147799345,1790295342437000000,sent
3521,28497152383578,28497152385716,28497152708234,1790295342442000000,sent
3522,28497157383578,28497157386642,28497158077049,1790295342447000000,sent
3523,28497162383578,28497162385938,28497162939494,1790295342452000000,sent
3524,28497167383578,28497167386382,28497167742679,1790295342457000000,sent
3525,28497172383578,28497172385308,28497172793420,1790295342462000000,sent
3526,28497177383578,28497177384864,28497177746568,1790295342467000000,sent
3527,28497182383578,28497182385160,28497183032975,1790295342472000000,sent
3528,28497187383578,28497187385753,28497187948827,1790295342477000000,sent
3529,28497192383578,28497192384271,28497192802642,1790295342482000000,sent
3530,28497197383578,28497197385345,28497197712382,1790295342487000000,sent
3531,28497202383578,28497202386382,28497203067901,1790295342492000000,sent
3532,28497207383578,28497207384975,28497207951271,1790295342497000000,sent
3533,28497212383578,28497212385160,28497212906494,1790295342502000000,sent
3534,28497217383578,28497217385457,28497217916457,1790295342507000000,sent
3535,28497222383578,28497222385271,28497222741790,1790295342512000000,sent
3536,28497227383578,28497227384827,28497227813345,1790295342517000000,sent
3537,28497232383578,28497232385345,28497232737234,1790295342522000000,sent
3538,28497237383578,28497237387271,28497238023012,1790295342527000000,sent
3539,28497242383578,28497242387568,28497242943197,1790295342532000000,sent
3540,28497247383578,28497247384457,28497247814827,1790295342537000000,sent
3541,28497252383578,28497252385605,28497252766531,1790295342542000000,sent
3542,28497257383578,28497257387160,28497258198790,1790295342547000000,sent
3543,28497262383578,28497262386531,28497263026271,1790295342552000000,sent
3544,28497267383578,28497267387568,28497267787605,1790295342557000000,sent
3545,28497272383578,28497272385901,28497272816605,1790295342562000000,sent
3546,28497277383578,28497277385716,28497277715716,1790295342567000000,sent
3547,28497282383578,28497282387679,28497283023827,1790295342572000000,sent
3548,28497287383578,28497287386679,28497287934160,1790295342577000000,sent
3549,28497292383578,28497292384938,28497292823531,1790295342582000000,sent
3550,28497297383578,28497297385382,28497297722012,1790295342587000000,sent
3551,28497302383578,28497302386531,28497303175234,1790295342592000000,sent
3552,28497307383578,28497307387679,28497307991160,1790295342597000000,sent
3553,28497312383578,28497312386716,28497312890234,1790295342602000000,sent
3554,28497317383578,28497317385160,28497317932975,1790295342607000000,sent
3555,28497322383578,28497322384494,28497322760419,1790295342612000000,sent
3556,28497327383578,28497327385790,28497327808493,1790295342617000000,sent
3557,28497332383578,28497332384160,28497332716345,1790295342622000000,sent
3558,28497337383578,28497337386790,28497338044827,1790295342627000000,sent
3559,28497342383578,28497342386568,28497343001753,1790295342632000000,sent
3560,28497347383578,28497347385345,28497347735716,1790295342637000000,sent
3561,28497352383578,28497352385049,28497352795901,1790295342642000000,sent
3562,28497357383578,28497357387531,28497357976123,1790295342647000000,sent
3563,28497362383578,28497362387123,28497363028197,1790295342652000000,sent
3564,28497367383578,28497367387716,28497367787753,1790295342657000000,sent
3565,28497372383578,28497372385271,28497372792716,1790295342662000000,sent
3566,28497377383578,28497377384605,28497377714419,1790295342667000000,sent
3567,28497382383578,28497382386456,28497383043197,1790295342672000000,sent
3568,28497387383578,28497387385901,28497387936901,1790295342677000000,sent
3569,28497392383578,28497392384382,28497392765790,1790295342682000000,sent
3570,28497397383578,28497397385790,28497397789493,1790295342687000000,sent
3571,28497402383578,28497402384197,28497402704827,1790295342692000000,sent
3572,28497407383578,28497407385679,28497408099975,1790295342697000000,sent
3573,28497412383578,28497412385271,28497412958530,1790295342702000000,sent
3574,28497417383578,28497417385568,28497417800975,1790295342707000000,sent
3575,28497422383578,28497422385382,28497422719493,1790295342712000000,sent
3576,28497427383578,28497427386012,28497428137864,1790295342717000000,sent
3577,28497432383578,28497432387679,28497432977827,1790295342722000000,sent
3578,28497437383578,28497437384642,28497437773716,1790295342727000000,sent
3579,28497442383578,28497442385716,28497442782382,1790295342732000000,sent
3580,28497447383578,28497447384605,28497447742012,1790295342737000000,sent
3581,28497452383578,28497452387271,28497453044493,1790295342742000000,sent
3582,28497457383578,28497457385975,28497457955901,1790295342747000000,sent
3583,28497462383578,28497462384419,28497462796456,1790295342752000000,sent
3584,28497467383578,28497467384345,28497467712753,1790295342757000000,sent
3585,28497472383578,28497472386567,28497473045419,1790295342762000000,sent
3586,28497477383578,28497477385345,28497477932382,1790295342767000000,sent
3587,28497482383578,28497482385345,28497482761642,1790295342772000000,sent
3588,28497487383578,28497487385197,28497487789753,1790295342777000000,sent
3589,28497492383578,28497492384716,28497492726271,1790295342782000000,sent
3590,28497497383578,28497497386049,28497498032197,1790295342787000000,sent
3591,28497502383578,28497502385012,28497502980864,1790295342792000000,sent
3592,28497507383578,28497507384456,28497507826605,1790295342797000000,sent
3593,28497512383578,28497512384605,28497512730901,1790295342802000000,sent
3594,28497517383578,28497517385753,28497518045382,1790295342807000000,sent
3595,28497522383578,28497522387567,28497522935012,1790295342812000000,sent
3596,28497527383578,28497527387012,28497527748530,1790295342817000000,sent
3597,28497532383578,28497532385271,28497532813864,1790295342822000000,sent
3598,28497537383578,28497537384975,28497537697234,1790295342827000000,sent
3599,28497542383578,28497542386864,28497543086234,1790295342832000000,sent
3600,28497547383578,28497550281419,28497550855456,1790295342840000000,sent
3601,28497552383578,28497552385567,28497552773753,1790295342842000000,sent
3602,28497557383578,28497557384530,28497557713901,1790295342847000000,sent
3603,28497562383578,28497562387012,28497563043753,1790295342852000000,sent
3604,28497567383578,28497567385975,28497568034123,1790295342857000000,sent
3605,28497572383578,28497572385419,28497572768530,1790295342862000000,sent
3606,28497577383578,28497577384382,28497577793790,1790295342867000000,sent
3607,28497582383578,28497582385790,28497582733345,1790295342872000000,sent
3608,28497587383578,28497587386308,28497588085753,1790295342877000000,sent
3609,28497592383578,28497592384938,28497592945234,1790295342882000000,sent
3610,28497597383578,28497597385864,28497597792012,1790295342887000000,sent
3611,28497602383578,28497602385753,28497602723864,1790295342892000000,sent
3612,28497607383578,28497607385864,28497608152456,1790295342897000000,sent
3613,28497612383578,28497612385197,28497612948345,1790295342902000000,sent
3614,28497617383578,28497617384345,28497617757086,1790295342907000000,sent
3615,28497622383578,28497622385641,28497622777123,1790295342912000000,sent
3616,28497627383578,28497627384753,28497627716938,1790295342917000000,sent
3617,28497632383578,28497632384827,28497633036419,1790295342922000000,sent
3618,28497637383578,28497637385864,28497637963419,1790295342927000000,sent
3619,28497642383578,28497642384456,28497642852271,1790295342932000000,sent
3620,28497647383578,28497647384382,28497647728827,1790295342937000000,sent
3621,28497652383578,28497652386493,28497653010864,1790295342942000000,sent
3622,28497657383578,28497657384827,28497657869567,1790295342947000000,sent
3623,28497662383578,28497662384345,28497662859901,1790295342952000000,sent
3624,28497667383578,28497667385790,28497667821790,1790295342957000000,sent
3625,28497672383578,28497672384938,28497672722234,1790295342962000000,sent
3626,28497677383578,28497677385641,28497678050530,1790295342967000000,sent
3627,28497682383578,28497682387234,28497682927197,1790295342972000000,sent
3628,28497687383578,28497687384641,28497687794567,1790295342977000000,sent
3629,28497692383578,28497692384234,28497692723938,1790295342982000000,sent
3630,28497697383578,28497697384938,28497698028716,1790295342987000000,sent
3631,28497702383578,28497702387160,28497702946456,1790295342992000000,sent
3632,28497707383578,28497707385641,28497707770715,1790295342997000000,sent
3633,28497712383578,28497712384234,28497712795753,1790295343002000000,sent
3634,28497717383578,28497717385493,28497717720234,1790295343007000000,sent
3635,28497722383578,28497722387901,28497723035456,1790295343012000000,sent
3636,28497727383578,28497727385234,28497727932604,1790295343017000000,sent
3637,28497732383578,28497732385382,28497732805864,1790295343022000000,sent
3638,28497737383578,28497737384715,28497737747049,1790295343027000000,sent
3639,28497742383578,28497742385604,28497742948382,1790295343032000000,sent
3640,28497747383578,28497747385160,28497747849567,1790295343037000000,sent
3641,28497752383578,28497752385308,28497752759493,1790295343042000000,sent
3642,28497757383578,28497757384753,28497757774160,1790295343047000000,sent
3643,28497762383578,28497762384530,28497762719752,1790295343052000000,sent
3644,28497767383578,28497767387752,28497768097456,1790295343057000000,sent
3645,28497772383578,28497772385975,28497772956493,1790295343062000000,sent
3646,28497777383578,28497777385308,28497777710493,1790295343067000000,sent
3647,28497782383578,28497782384308,28497782696456,1790295343072000000,sent
3648,28497787383578,28497787386567,28497787904938,1790295343077000000,sent
3649,28497792383578,28497792386827,28497792959938,1790295343082000000,sent
3650,28497797383578,28497797386086,28497797773234,1790295343087000000,sent
3651,28497802383578,28497802385641,28497802775419,1790295343092000000,sent
3652,28497807383578,28497807384641,28497807749345,1790295343097000000,sent
3653,28497812383578,28497812385678,28497813035678,1790295343102000000,sent
3654,28497817383578,28497817387567,28497817958790,1790295343107000000,sent
3655,28497822383578,28497822385678,28497822802234,1790295343112000000,sent
3656,28497827383578,28497827385493,28497827720160,1790295343117000000,sent
3657,28497832383578,28497832387864,28497833053456,1790295343122000000,sent
3658,28497837383578,28497837384827,28497837927049,1790295343127000000,sent
3659,28497842383578,28497842386456,28497842768456,1790295343132000000,sent
3660,28497847383578,28497847384567,28497847778789,1790295343137000000,sent
3661,28497852383578,28497852384197,28497852745827,1790295343142000000,sent
3662,28497857383578,28497857387345,28497858031641,1790295343147000000,sent
3663,28497862383578,28497862387234,28497862941419,1790295343152000000,sent
3664,28497867383578,28497867385160,28497867804864,1790295343157000000,sent
3665,28497872383578,28497872385678,28497872742456,1790295343162000000,sent
3666,28497877383578,28497877386604,28497878031123,1790295343167000000,sent
3667,28497882383578,28497882385864,28497882959789,1790295343172000000,sent
3668,28497887383578,28497887386197,28497887852864,1790295343177000000,sent
3669,28497892383578,28497892384752,28497892802160,1790295343182000000,sent
3670,28497897383578,28497897385012,28497897719678,1790295343187000000,sent
3671,28497902383578,28497902387826,28497903104086,1790295343192000000,sent
3672,28497907383578,28497907386160,28497908185123,1790295343197000000,sent
3673,28497912383578,28497912384641,28497912994456,1790295343202000000,sent
3674,28497917383578,28497917384826,28497917890604,1790295343207000000,sent
3675,28497922383578,28497922386382,28497923055160,1790295343212000000,sent
3676,28497927383578,28497927384864,28497927914419,1790295343217000000,sent
3677,28497932383578,28497932384975,28497932812678,1790295343222000000,sent
3678,28497937383578,28497937385086,28497937798752,1790295343227000000,sent
3679,28497942383578,28497942387419,28497942999123,1790295343232000000,sent
3680,28497947383578,28497947386345,28497948079789,1790295343237000000,sent
3681,28497952383578,28497952590160,28497952981160,1790295343242000000,sent
3682,28497957383578,28497957384789,28497957785345,1790295343247000000,sent
3683,28497962383578,28497962385382,28497962712456,1790295343252000000,sent
3684,28497967383578,28497967386308,28497968106345,1790295343257000000,sent
3685,28497972383578,28497972386012,28497973803641,1790295343262000000,sent
3686,28497977383578,28497977385530,28497977781160,1790295343267000000,sent
3687,28497982383578,28497982385123,28497982795197,1790295343272000000,sent
3688,28497987383578,28497987385012,28497987974752,1790295343277000000,sent
3689,28497992383578,28497992387197,28497993070419,1790295343282000000,sent
3690,28497997383578,28497997583567,28497997960752,1790295343287000000,sent
3691,28498002383578,28498002384678,28498002801493,1790295343292000000,sent
3692,28498007383578,28498007384901,28498007740715,1790295343297000000,sent
3693,28498012383578,28498012387234,28498013059419,1790295343302000000,sent
3694,28498017383578,28498017385419,28498018798789,1790295343307000000,sent
3695,28498022383578,28498022385123,28498022781826,1790295343312000000,sent
3696,28498027383578,28498027385604,28498027779641,1790295343317000000,sent
3697,28498032383578,28498032385308,28498032976715,1790295343322000000,sent
3698,28498037383578,28498037386234,28498038024419,1790295343327000000,sent
3699,28498042383578,28498042385715,28498042925641,1790295343332000000,sent
3700,28498047383578,28498047386752,28498047936678,1790295343337000000,sent
3701,28498052383578,28498052387419,28498053042308,1790295343342000000,sent
3702,28498057383578,28498057385012,28498058035678,1790295343347000000,sent
3703,28498062383578,28498062583419,28498062963938,1790295343352000000,sent
3704,28498067383578,28498067384234,28498067748123,1790295343357000000,sent
3705,28498072383578,28498072385234,28498072789863,1790295343362000000,sent
3706,28498077383578,28498077387567,28498078033900,1790295343367000000,sent
3707,28498082383578,28498082387641,28498083907456,1790295343372000000,sent
3708,28498087383578,28498087385752,28498087763937,1790295343377000000,sent
3709,28498092383578,28498092384900,28498092798086,1790295343382000000,sent
3710,28498097383578,28498097385345,28498097707641,1790295343387000000,sent
3711,28498102383578,28498102387345,28498103048900,1790295343392000000,sent
3712,28498107383578,28498107386493,28498108960493,1790295343397000000,sent
3713,28498112383578,28498112384345,28498112975160,1790295343402000000,sent
3714,28498117383578,28498117384863,28498118005789,1790295343407000000,sent
3715,28498122383578,28498122387197,28498123032826,1790295343412000000,sent
3716,28498127383578,28498127387160,28498128972863,1790295343417000000,sent
3717,28498132383578,28498132384419,28498132766160,1790295343422000000,sent
3718,28498137383578,28498137385308,28498137800271,1790295343427000000,sent
3719,28498142383578,28498142387345,28498142991456,1790295343432000000,sent
3720,28498147383578,28498147385012,28498148067974,1790295343437000000,sent
3721,28498152383578,28498152581567,28498152975456,1790295343442000000,sent
3722,28498157383578,28498157385752,28498157763456,1790295343447000000,sent
3723,28498162383578,28498162385160,28498162800641,1790295343452000000,sent
3724,28498167383578,28498167385456,28498167992752,1790295343457000000,sent
3725,28498172383578,28498172387752,28498173886123,1790295343462000000,sent
3726,28498177383578,28498177385197,28498177761937,1790295343467000000,sent
3727,28498182383578,28498182385493,28498182795715,1790295343472000000,sent
3728,28498187383578,28498187386271,28498187988900,1790295343477000000,sent
3729,28498192383578,28498192386826,28498193036049,1790295343482000000,sent
3730,28498197383578,28498197385604,28498197791752,1790295343487000000,sent
3731,28498202383578,28498202385345,28498202769604,1790295343492000000,sent
3732,28498207383578,28498207385863,28498207824049,1790295343497000000,sent
3733,28498212383578,28498212387345,28498212998604,1790295343502000000,sent
3734,28498217383578,28498217386715,28498218052011,1790295343507000000,sent
3735,28498222383578,28498222384715,28498222757123,1790295343512000000,sent
3736,28498227383578,28498227384604,28498227809271,1790295343517000000,sent
3737,28498232383578,28498232385974,28498232964456,1790295343522000000,sent
3738,28498237383578,28498237384900,28498238055530,1790295343527000000,sent
3739,28498242383578,28498242385456,28498242801493,1790295343532000000,sent
3740,28498247383578,28498247384308,28498247787011,1790295343537000000,sent
3741,28498252383578,28498252386308,28498252967493,1790295343542000000,sent
3742,28498257383578,28498257386641,28498257851382,1790295343547000000,sent
3743,28498262383578,28498262387048,28498263044678,1790295343552000000,sent
3744,28498267383578,28498267385678,28498267963678,1790295343557000000,sent
3745,28498272383578,28498272384567,28498272815567,1790295343562000000,sent
3746,28498277383578,28498277384715,28498277726197,1790295343567000000,sent
3747,28498282383578,28498282385493,28498283061308,1790295343572000000,sent
3748,28498287383578,28498287384900,28498287953974,1790295343577000000,sent
3749,28498292383578,28498292386678,28498293025863,1790295343582000000,sent
3750,28498297383578,28498297385493,28498297908308,1790295343587000000,sent
3751,28498302383578,28498302385345,28498302738900,1790295343592000000,sent
3752,28498307383578,28498307384493,28498307835048,1790295343597000000,sent
3753,28498312383578,28498312385308,28498312739678,1790295343602000000,sent
3754,28498317383578,28498317387715,28498318032863,1790295343607000000,sent
3755,28498322383578,28498322386863,28498322946900,1790295343612000000,sent
3756,28498327383578,28498327384419,28498327825160,1790295343617000000,sent
3757,28498332383578,28498332384641,28498332747011,1790295343622000000,sent
3758,28498337383578,28498337385234,28498337729308,1790295343627000000,sent
3759,28498342383578,28498342385345,28498343021678,1790295343632000000,sent
3760,28498347383578,28498347387234,28498347958197,1790295343637000000,sent
3761,28498352383578,28498352385345,28498352830234,1790295343642000000,sent
3762,28498357383578,28498357384937,28498357716826,1790295343647000000,sent
3763,28498362383578,28498362387419,28498363025715,1790295343652000000,sent
3764,28498367383578,28498367386530,28498367942567,1790295343657000000,sent
3765,28498372383578,28498372384345,28498372824345,1790295343662000000,sent
3766,28498377383578,28498377384197,28498377727048,1790295343667000000,sent
3767,28498382383578,28498382385308,28498382749752,1790295343672000000,sent
3768,28498387383578,28498387385308,28498388063493,1790295343677000000,sent
3769,28498392383578,28498392385974,28498392965197,1790295343682000000,sent
3770,28498397383578,28498397385752,28498397815715,1790295343687000000,sent
3771,28498402383578,28498402384863,28498402723456,1790295343692000000,sent
3772,28498407383578,28498407385493,28498408077641,1790295343697000000,sent
3773,28498412383578,28498412385419,28498412965160,1790295343702000000,sent
3774,28498417383578,28498417386085,28498417963567,1790295343707000000,sent
3775,28498422383578,28498422385530,28498422854160,1790295343712000000,sent
3776,28498427383578,28498427384567,28498427750234,1790295343717000000,sent
3777,28498432383578,28498432385604,28498432796160,1790295343722000000,sent
3778,28498437383578,28498437385382,28498437746160,1790295343727000000,sent
3779,28498442383578,28498442387641,28498443041345,1790295343732000000,sent
3780,28498447383578,28498447386493,28498447931159,1790295343737000000,sent
3781,28498452383578,28498452385011,28498452852752,1790295343742000000,sent
3782,28498457383578,28498457384900,28498457715493,1790295343747000000,sent
3783,28498462383578,28498462438011,28498463089197,1790295343752000000,sent
3784,28498467383578,28498467386567,28498467960974,1790295343757000000,sent
3785,28498472383578,28498472385011,28498472747345,1790295343762000000,sent
3786,28498477383578,28498477385048,28498477789382,1790295343767000000,sent
3787,28498482383578,28498482384345,28498482713197,1790295343772000000,sent
3788,28498487383578,28498487385271,28498488076382,1790295343777000000,sent
3789,28498492383578,28498492387234,28498492953122,1790295343782000000,sent
3790,28498497383578,28498497385271,28498497805308,1790295343787000000,sent
3791,28498502383578,28498502384826,28498502725122,1790295343792000000,sent
3792,28498507383578,28498507388493,28498508099122,1790295343797000000,sent
3793,28498512383578,28498512385937,28498513051085,1790295343802000000,sent
3794,28498517383578,28498517385604,28498517821271,1790295343807000000,sent
3795,28498522383578,28498522385715,28498522785085,1790295343812000000,sent
3796,28498527383578,28498527385122,28498527723752,1790295343817000000,sent
3797,28498532383578,28498532387048,28498533045937,1790295343822000000,sent
3798,28498537383578,28498537387234,28498537939493,1790295343827000000,sent
3799,28498542383578,28498542384937,28498542849345,1790295343832000000,sent
3800,28498547383578,28498547384826,28498547799900,1790295343837000000,sent
3801,28498552383578,28498552595937,28498553314345,1790295343842000000,sent
3802,28498557383578,28498557387085,28498557975863,1790295343847000000,sent
3803,28498562383578,28498562613752,28498563130085,1790295343852000000,sent
3804,28498567383578,28498567384345,28498567763011,1790295343857000000,sent
3805,28498572383578,28498572385715,28498572720196,1790295343862000000,sent
3806,28498577383578,28498577386122,28498578038196,1790295343867000000,sent
3807,28498582383578,28498582385493,28498583798048,1790295343872000000,sent
3808,28498587383578,28498587385233,28498587795567,1790295343877000000,sent
3809,28498592383578,28498592385196,28498592754604,1790295343882000000,sent
3810,28498597383578,28498597385085,28498598095604,1790295343887000000,sent
3811,28498602383578,28498602386604,28498603002456,1790295343892000000,sent
3812,28498607383578,28498607591122,28498608053271,1790295343897000000,sent
3813,28498612383578,28498612384233,28498612790826,1790295343902000000,sent
3814,28498617383578,28498617384752,28498617729937,1790295343907000000,sent
3815,28498622383578,28498622387641,28498623044085,1790295343912000000,sent
3816,28498627383578,28498627386641,28498628778419,1790295343917000000,sent
3817,28498632383578,28498632384493,28498632798789,1790295343922000000,sent
3818,28498637383578,28498637384270,28498637713233,1790295343927000000,sent
3819,28498642383578,28498642386196,28498643045863,1790295343932000000,sent
3820,28498647383578,28498647386789,28498647955974,1790295343937000000,sent
3821,28498652383578,28498652608826,28498653086641,1790295343942000000,sent
3822,28498657383578,28498657384678,28498657802493,1790295343947000000,sent
3823,28498662383578,28498662384789,28498662704308,1790295343952000000,sent
3824,28498667383578,28498667385937,28498668083419,1790295343957000000,sent
3825,28498672383578,28498672386678,28498673808382,1790295343962000000,sent
3826,28498677383578,28498677385345,28498677793678,1790295343967000000,sent
3827,28498682383578,28498682385530,28498682711826,1790295343972000000,sent
3828,28498687383578,28498687386456,28498688083715,1790295343977000000,sent
3829,28498692383578,28498692387752,28498692957678,1790295343982000000,sent
3830,28498697383578,28498697584900,28498697983530,1790295343987000000,sent
3831,28498702383578,28498702385011,28498702750011,1790295343992000000,sent
3832,28498707383578,28498707385530,28498707737122,1790295343997000000,sent
3833,28498712383578,28498712386307,28498713064678,1790295344002000000,sent
3834,28498717383578,28498717387085,28498718803937,1790295344007000000,sent
3835,28498722383578,28498722385307,28498722794270,1790295344012000000,sent
3836,28498727383578,28498727384567,28498727720826,1790295344017000000,sent
3837,28498732383578,28498732387085,28498733044530,1790295344022000000,sent
3838,28498737383578,28498737387715,28498737963715,1790295344027000000,sent
3839,28498742383578,28498742579233,28498742987604,1790295344032000000,sent
3840,28498747383578,28498747384937,28498747756641,1790295344037000000,sent
3841,28498752383578,28498752384530,28498752719678,1790295344042000000,sent
3842,28498757383578,28498757385122,28498758038307,1790295344047000000,sent
3843,28498762383578,28498762385382,28498763811900,1790295344052000000,sent
3844,28498767383578,28498767384382,28498767797048,1790295344057000000,sent
3845,28498772383578,28498772384493,28498772754752,1790295344062000000,sent
3846,28498777383578,28498777387344,28498778087233,1790295344067000000,sent
3847,28498782383578,28498782386530,28498782998826,1790295344072000000,sent
3848,28498787383578,28498787384826,28498788092900,1790295344077000000,sent
3849,28498792383578,28498792385715,28498792795233,1790295344082000000,sent
3850,28498797383578,28498797384641,28498797753789,1790295344087000000,sent
3851,28498802383578,28498802386233,28498803055900,1790295344092000000,sent
3852,28498807383578,28498807385567,28498808888789,1790295344097000000,sent
3853,28498812383578,28498812385196,28498812820567,1790295344102000000,sent
3854,28498817383578,28498817384900,28498817745641,1790295344107000000,sent
3855,28498822383578,28498822386567,28498823039381,1790295344112000000,sent
3856,28498827383578,28498827386011,28498827937196,1790295344117000000,sent
3857,28498832383578,28498832604900,28498833010011,1790295344122000000,sent
3858,28498837383578,28498837384752,28498837755419,1790295344127000000,sent
3859,28498842383578,28498842384567,28498842697937,1790295344132000000,sent
3860,28498847383578,28498847387530,28498848078233,1790295344137000000,sent
3861,28498852383578,28498852387122,28498852942307,1790295344142000000,sent
3862,28498857383578,28498857385826,28498857823159,1790295344147000000,sent
3863,28498862383578,28498862385419,28498862747678,1790295344152000000,sent
3864,28498867383578,28498867386493,28498868085307,1790295344157000000,sent
3865,28498872383578,28498872385122,28498872944567,1790295344162000000,sent
3866,28498877383578,28498877385270,28498878037233,1790295344167000000,sent
3867,28498882383578,28498882384974,28498882776974,1790295344172000000,sent
3868,28498887383578,28498887384900,28498887726196,1790295344177000000,sent
3869,28498892383578,28498892387678,28498893051344,1790295344182000000,sent
3870,28498897383578,28498897385604,28498898785418,1790295344187000000,sent
3871,28498902383578,28498902385418,28498902792900,1790295344192000000,sent
3872,28498907383578,28498907385715,28498907710604,1790295344197000000,sent
3873,28498912383578,28498912385270,28498913051159,1790295344202000000,sent
3874,28498917383578,28498917387493,28498917942530,1790295344207000000,sent
3875,28498922383578,28498922578974,28498922972715,1790295344212000000,sent
3876,28498927383578,28498927385122,28498927747048,1790295344217000000,sent
3877,28498932383578,28498932384974,28498932750307,1790295344222000000,sent
3878,28498937383578,28498937387863,28498938044789,1790295344227000000,sent
3879,28498942383578,28498942387530,28498943781826,1790295344232000000,sent
3880,28498947383578,28498947384715,28498947796974,1790295344237000000,sent
3881,28498952383578,28498952384530,28498952720122,1790295344242000000,sent
3882,28498957383578,28498957385863,28498958093048,1790295344247000000,sent
3883,28498962383578,28498962387752,28498963010937,1790295344252000000,sent
3884,28498967383578,28498967597530,28498968037937,1790295344257000000,sent
3885,28498972383578,28498972384233,28498972768863,1790295344262000000,sent
3886,28498977383578,28498977384270,28498977692863,1790295344267000000,sent
3887,28498982383578,28498982385789,28498983031418,1790295344272000000,sent
3888,28498987383578,28498987386418,28498988839455,1790295344277000000,sent
3889,28498992383578,28498992384530,28498992798381,1790295344282000000,sent
3890,28498997383578,28498997385233,28498997716826,1790295344287000000,sent
3891,28499002383578,28499002387122,28499003036678,1790295344292000000,sent
3892,28499007383578,28499007385233,28499007938863,1790295344297000000,sent
3893,28499012383578,28499012588048,28499013014048,1790295344302000000,sent
3894,28499017383578,28499017384678,28499017779122,1790295344307000000,sent
3895,28499022383578,28499022385344,28499022697270,1790295344312000000,sent
3896,28499027383578,28499027385492,28499028090826,1790295344317000000,sent
3897,28499032383578,28499032387678,28499033804974,1790295344322000000,sent
3898,28499037383578,28499037385826,28499037789048,1790295344327000000,sent
3899,28499042383578,28499042385122,28499042712604,1790295344332000000,sent
3900,28499047383578,28499047384974,28499048087641,1790295344337000000,sent
3901,28499052383578,28499052385492,28499052952974,1790295344342000000,sent
3902,28499057383578,28499057581270,28499057995974,1790295344347000000,sent
3903,28499062383578,28499062384789,28499062745455,1790295344352000000,sent
3904,28499067383578,28499067385715,28499067722752,1790295344357000000,sent
3905,28499072383578,28499072385567,28499073043529,1790295344362000000,sent
3906,28499077383578,28499077387492,28499078778826,1790295344367000000,sent
3907,28499082383578,28499082385492,28499082795937,1790295344372000000,sent
3908,28499087383578,28499087384455,28499087700567,1790295344377000000,sent
3909,28499092383578,28499092384974,28499093044974,1790295344382000000,sent
3910,28499097383578,28499097385678,28499097928604,1790295344387000000,sent
3911,28499102383578,28499102384789,28499103018863,1790295344392000000,sent
3912,28499107383578,28499107386122,28499107912529,1790295344397000000,sent
3913,28499112383578,28499112492937,28499112884900,1790295344402000000,sent
3914,28499117383578,28499117385455,28499117800270,1790295344407000000,sent
3915,28499122383578,28499122384974,28499122739937,1790295344412000000,sent
3916,28499127383578,28499127384900,28499128066159,1790295344417000000,sent
3917,28499132383578,28499132384752,28499133795789,1790295344422000000,sent
3918,28499137383578,28499137384974,28499137806678,1790295344427000000,sent
3919,28499142383578,28499142385678,28499142713492,1790295344432000000,sent
3920,28499147383578,28499147387270,28499148000196,1790295344437000000,sent
3921,28499152383578,28499152384974,28499152974566,1790295344442000000,sent
3922,28499157383578,28499157581344,28499157936900,1790295344447000000,sent
3923,28499162383578,28499162385604,28499162788604,1790295344452000000,sent
3924,28499167383578,28499167385566,28499167719604,1790295344457000000,sent
3925,28499172383578,28499172387678,28499173037789,1790295344462000000,sent
3926,28499177383578,28499177387937,28499178022789,1790295344467000000,sent
3927,28499182383578,28499182385381,28499182833789,1790295344472000000,sent
3928,28499187383578,28499187384789,28499187749270,1790295344477000000,sent
3929,28499192383578,28499192384418,28499192997715,1790295344482000000,sent
3930,28499197383578,28499197387085,28499198035566,1790295344487000000,sent
3931,28499202383578,28499202385678,28499202975974,1790295344492000000,sent
3932,28499207383578,28499207385270,28499207842492,1790295344497000000,sent
3933,28499212383578,28499212384122,28499212794529,1790295344502000000,sent
3934,28499217383578,28499217386381,28499218070863,1790295344507000000,sent
3935,28499222383578,28499222386159,28499223010048,1790295344512000000,sent
3936,28499227383578,28499227385603,28499227848085,1790295344517000000,sent
3937,28499232383578,28499232385603,28499232794159,1790295344522000000,sent
3938,28499237383578,28499237384752,28499238025307,1790295344527000000,sent
3939,28499242383578,28499242386270,28499242953196,1790295344532000000,sent
3940,28499247383578,28499247386937,28499247850826,1790295344537000000,sent
3941,28499252383578,28499252385048,28499253048974,1790295344542000000,sent
3942,28499257383578,28499257387455,28499257969640,1790295344547000000,sent
3943,28499262383578,28499262384937,28499262816529,1790295344552000000,sent
3944,28499267383578,28499267384826,28499267735196,1790295344557000000,sent
3945,28499272383578,28499272386752,28499273093011,1790295344562000000,sent
3946,28499277383578,28499277386789,28499277949085,1790295344567000000,sent
3947,28499282383578,28499282384826,28499282765678,1790295344572000000,sent
3948,28499287383578,28499287385826,28499287822011,1790295344577000000,sent
3949,28499292383578,28499292385233,28499292718270,1790295344582000000,sent
3950,28499297383578,28499297385789,28499298092196,1790295344587000000,sent
3951,28499302383578,28499302386678,28499302930233,1790295344592000000,sent
3952,28499307383578,28499307385789,28499307801307,1790295344597000000,sent
3953,28499312383578,28499312385344,28499312722233,1790295344602000000,sent
3954,28499317383578,28499317386455,28499318038752,1790295344607000000,sent
3955,28499322383578,28499322385233,28499322940715,1790295344612000000,sent
3956,28499327383578,28499327384566,28499328121752,1790295344617000000,sent
3957,28499332383578,28499332386492,28499332904715,1790295344622000000,sent
3958,28499337383578,28499337385307,28499337747196,1790295344627000000,sent
3959,28499342383578,28499342385159,28499342805492,1790295344632000000,sent
3960,28499347383578,28499347384603,28499347722789,1790295344637000000,sent
3961,28499352383578,28499352385752,28499353035122,1790295344642000000,sent
3962,28499357383578,28499357385492,28499357972159,1790295344647000000,sent
3963,28499362383578,28499362385159,28499362813344,1790295344652000000,sent
3964,28499367383578,28499367385122,28499367740307,1790295344657000000,sent
3965,28499372383578,28499372384752,28499372698789,1790295344662000000,sent
3966,28499377383578,28499377387455,28499378037826,1790295344667000000,sent
3967,28499382383578,28499382386900,28499382919085,1790295344672000000,sent
3968,28499387383578,28499387384677,28499387816714,1790295344677000000,sent
3969,28499392383578,28499392384974,28499392723048,1790295344682000000,sent
3970,28499397383578,28499397385752,28499398031826,1790295344687000000,sent
3971,28499402383578,28499402387011,28499402946233,1790295344692000000,sent
3972,28499407383578,28499407385826,28499407817974,1790295344697000000,sent
3973,28499412383578,28499412385048,28499412738863,1790295344702000000,sent
3974,28499417383578,28499417384492,28499417774789,1790295344707000000,sent
3975,28499422383578,28499422387455,28499423012011,1790295344712000000,sent
3976,28499427383578,28499427387603,28499427938714,1790295344717000000,sent
3977,28499432383578,28499432385307,28499432820048,1790295344722000000,sent
3978,28499437383578,28499437384974,28499437718085,1790295344727000000,sent
3979,28499442383578,28499442385159,28499443031826,1790295344732000000,sent
3980,28499447383578,28499447387529,28499447947677,1790295344737000000,sent
3981,28499452383578,28499452385974,28499452820233,1790295344742000000,sent
3982,28499457383578,28499457385677,28499457746085,1790295344747000000,sent
3983,28499462383578,28499462384418,28499462735863,1790295344752000000,sent
3984,28499467383578,28499467387529,28499468105048,1790295344757000000,sent
3985,28499472383578,28499472384900,28499472936789,1790295344762000000,sent
3986,28499477383578,28499477385122,28499477815677,1790295344767000000,sent
3987,28499482383578,28499482384233,28499482709863,1790295344772000000,sent
3988,28499487383578,28499487385529,28499488053233,1790295344777000000,sent
3989,28499492383578,28499492384677,28499492948529,1790295344782000000,sent
3990,28499497383578,28499497384974,28499497826085,1790295344787000000,sent
3991,28499502383578,28499502384307,28499502716307,1790295344792000000,sent
3992,28499507383578,28499507385085,28499507744418,1790295344797000000,sent
3993,28499512383578,28499512386048,28499513050344,1790295344802000000,sent
3994,28499517383578,28499517385863,28499517985566,1790295344807000000,sent
3995,28499522383578,28499522384751,28499522851418,1790295344812000000,sent
3996,28499527383578,28499527384159,28499527705085,1790295344817000000,sent
3997,28499532383578,28499532387159,28499533026603,1790295344822000000,sent
3998,28499537383578,28499537385640,28499538048900,1790295344827000000,sent
3999,28499542383578,28499542385863,28499542828122,1790295344832000000,sent
