sequence,recv_perf_ns,recv_wall_ns,sender_intended_ns,sender_call_ns,sender_wall_ns,packet_bytes,valid
0,152223377392907,1790295325071497917,28479547383578,28479549221356,1790295324839000000,1000,1
1,152223388474552,1790295325082579402,28479552383578,28479557977319,1790295324847000000,1000,1
2,152223401162768,1790295325095267668,28479557383578,28479567987504,1790295324857000000,1000,1
3,152223408097687,1790295325102202537,28479562383578,28479580738689,1790295324870000000,1000,1
4,152223420165489,1790295325114270730,28479567383578,28479586431097,1790295324876000000,1000,1
5,152223422923896,1790295325117027864,28479572383578,28479596678837,1790295324886000000,1000,1
6,152223429854747,1790295325123959747,28479577383578,28479602127800,1790295324892000000,1000,1
7,152223435537211,1790295325129642081,28479582383578,28479608843911,1790295324898000000,1000,1
8,152223440958693,1790295325135063923,28479587383578,28479614595356,1790295324904000000,1000,1
9,152223447625374,1790295325141730534,28479592383578,28479620307837,1790295324910000000,1000,1
10,152223453673252,1790295325147778292,28479597383578,28479626790430,1790295324916000000,1000,1
11,152223461290481,1790295325155395401,28479602383578,28479632557948,1790295324922000000,1000,1
12,152223466980291,1790295325161085832,28479607383578,28479638090430,1790295324927000000,1000,1
13,152223472441939,1790295325166547069,28479612383578,28479646315986,1790295324936000000,1000,1
14,152223480199056,1790295325174303314,28479617383578,28479651720171,1790295324941000000,1000,1
15,152223487060796,1790295325181165746,28479622383578,28479659251986,1790295324949000000,1000,1
16,152223491976507,1790295325186081457,28479627383578,28479665507874,1790295324955000000,1000,1
17,152223501991219,1790295325196096119,28479632383578,28479671179208,1790295324961000000,1000,1
18,152223504300524,1790295325198405574,28479637383578,28479678260874,1790295324968000000,1000,1
19,152223512201102,1790295325206305962,28479642383578,28479683660541,1790295324973000000,1000,1
20,152223516102262,1790295325210207262,28479647383578,28479689842578,1790295324979000000,1000,1
21,152223522269787,1790295325216374677,28479652383578,28479695432837,1790295324985000000,1000,1
22,152223527655191,1790295325221760341,28479657383578,28479701290948,1790295324991000000,1000,1
23,152223533637172,1790295325227742192,28479662383578,28479706773208,1790295324996000000,1000,1
24,152223538483814,1790295325232588374,28479667383578,28479712564430,1790295325002000000,1000,1
25,152223551485957,1790295325245590736,28479672383578,28479717918652,1790295325007000000,1000,1
26,152223553947960,1790295325248051908,28479677383578,28479727721689,1790295325017000000,1000,1
27,152223561674607,1790295325255779386,28479682383578,28479733412134,1790295325023000000,1000,1
28,152223568854269,1790295325262959129,28479687383578,28479741080689,1790295325030000000,1000,1
29,152223574564208,1790295325268668877,28479692383578,28479748250060,1790295325038000000,1000,1
30,152223582262854,1790295325276367623,28479697383578,28479753873837,1790295325043000000,1000,1
31,152223589431402,1790295325283536352,28479702383578,28479761641356,1790295325051000000,1000,1
32,152223596414713,1790295325290519663,28479707383578,28479767980356,1790295325057000000,1000,1
33,152223602465184,1790295325296570304,28479712383578,28479775802282,1790295325065000000,1000,1
34,152223608314186,1790295325302419326,28479717383578,28479781774874,1790295325071000000,1000,1
35,152223615743782,1790295325309848712,28479722383578,28479787589578,1790295325077000000,1000,1
36,152223622311085,1790295325316416205,28479727383578,28479794854060,1790295325084000000,1000,1
37,152223629638123,1790295325323742993,28479732383578,28479800867837,1790295325090000000,1000,1
38,152223636642023,1790295325330746703,28479737383578,28479808816689,1790295325098000000,1000,1
39,152223642218117,1790295325336322997,28479742383578,28479815098059,1790295325104000000,1000,1
40,152223664908274,1790295325359012964,28479747383578,28479829655504,1790295325119000000,1000,1
41,152223670401051,1790295325364505731,28479752383578,28479844162022,1790295325134000000,1000,1
42,152223678322466,1790295325372427286,28479757383578,28479849886059,1790295325139000000,1000,1
43,152223684051340,1790295325378156160,28479762383578,28479857696282,1790295325147000000,1000,1
44,152223690344323,1790295325384449173,28479767383578,28479863341985,1790295325153000000,1000,1
45,152223696433820,1790295325390538710,28479772383578,28479869666541,1790295325159000000,1000,1
46,152223702619116,1790295325396724407,28479777383578,28479875786985,1790295325165000000,1000,1
47,152223708385852,1790295325402490822,28479782383578,28479881926800,1790295325171000000,1000,1
48,152223714454911,1790295325408558869,28479787383578,28479887517578,1790295325177000000,1000,1
49,152223721389519,1790295325415494730,28479792383578,28479893931134,1790295325183000000,1000,1
50,152223727151274,1790295325421255934,28479797383578,28479900283726,1790295325190000000,1000,1
51,152223733100003,1790295325427205193,28479802383578,28479906004800,1790295325195000000,1000,1
52,152223738861178,1790295325432965827,28479807383578,28479912352763,1790295325202000000,1000,1
53,152223745333070,1790295325439437018,28479812383578,28479918093467,1790295325207000000,1000,1
54,152223751120635,1790295325445225535,28479817383578,28479924314356,1790295325214000000,1000,1
55,152223757241009,1790295325451345878,28479822383578,28479930488022,1790295325220000000,1000,1
56,152223766624286,1790295325460729387,28479827383578,28479936526837,1790295325226000000,1000,1
57,152223772545335,1790295325466650144,28479832383578,28479945663578,1790295325235000000,1000,1
58,152223780715161,1790295325474820041,28479837383578,28479951149689,1790295325241000000,1000,1
59,152223785361464,1790295325479466294,28479842383578,28479958554208,1790295325248000000,1000,1
60,152223790692424,1790295325484795661,28479847383578,28479964682393,1790295325254000000,1000,1
61,152223799968587,1790295325494071754,28479852383578,28479970347022,1790295325260000000,1000,1
62,152223805900566,1790295325500005777,28479857383578,28479979664171,1790295325269000000,1000,1
63,152223812812522,1790295325506917411,28479862383578,28479985179541,1790295325275000000,1000,1
64,152223818203022,1790295325512307962,28479867383578,28479992110763,1790295325281000000,1000,1
65,152223823964919,1790295325518069759,28479872383578,28479997547096,1790295325287000000,1000,1
66,152223829610783,1790295325523715744,28479877383578,28480003236504,1790295325293000000,1000,1
67,152223835466398,1790295325529571278,28479882383578,28480008857170,1790295325298000000,1000,1
68,152223840716833,1790295325534820812,28479887383578,28480014556133,1790295325304000000,1000,1
69,152223848215871,1790295325542320691,28479892383578,28480020037319,1790295325309000000,1000,1
70,152223853641561,1790295325547746781,28479897383578,28480027488689,1790295325317000000,1000,1
71,152223861687381,1790295325555792341,28479902383578,28480032947430,1790295325322000000,1000,1
72,152223867692439,1790295325561797439,28479907383578,28480040697615,1790295325330000000,1000,1
73,152223872876541,1790295325566981441,28479912383578,28480046897282,1790295325336000000,1000,1
74,152223878948635,1790295325573052543,28479917383578,28480052294874,1790295325342000000,1000,1
75,152223884312787,1790295325578416725,28479922383578,28480058416689,1790295325348000000,1000,1
76,152223890810064,1790295325584915155,28479927383578,28480063854948,1790295325353000000,1000,1
77,152223896599463,1790295325590704674,28479932383578,28480069976430,1790295325359000000,1000,1
78,152223901865941,1790295325595969789,28479937383578,28480075436800,1790295325365000000,1000,1
79,152223907747805,1790295325601852585,28479942383578,28480081544245,1790295325371000000,1000,1
80,152223913905419,1790295325608010369,28479947383578,28480086979430,1790295325376000000,1000,1
81,152223919343823,1790295325613448793,28479952383578,28480093248393,1790295325383000000,1000,1
82,152223925447497,1790295325619552407,28479957383578,28480098699170,1790295325388000000,1000,1
83,152223932525394,1790295325626630354,28479962383578,28480104802726,1790295325394000000,1000,1
84,152223937011023,1790295325631114921,28479967383578,28480110277393,1790295325400000000,1000,1
85,152223942668321,1790295325636773662,28479972383578,28480116425467,1790295325406000000,1000,1
86,152223948832340,1790295325642937240,28479977383578,28480121888133,1790295325411000000,1000,1
87,152223954097665,1790295325648201633,28479982383578,28480127967393,1790295325417000000,1000,1
88,152223960571179,1790295325654676039,28479987383578,28480133586689,1790295325423000000,1000,1
89,152223965802109,1790295325659906037,28479992383578,28480139625948,1790295325429000000,1000,1
90,152223972044844,1790295325666149844,28479997383578,28480145050541,1790295325434000000,1000,1
91,152223977648751,1790295325671753651,28480002383578,28480151194096,1790295325441000000,1000,1
92,152223982907725,1790295325677012805,28480007383578,28480156790985,1790295325446000000,1000,1
93,152223988715138,1790295325682820008,28480012383578,28480162312504,1790295325452000000,1000,1
94,152223993974783,1790295325688078972,28480017383578,28480167894319,1790295325457000000,1000,1
95,152223999946887,1790295325694052138,28480022383578,28480173398504,1790295325463000000,1000,1
96,152224005115308,1790295325699219216,28480027383578,28480178809763,1790295325468000000,1000,1
97,152224010389930,1790295325704494169,28480032383578,28480184343541,1790295325474000000,1000,1
98,152224015984559,1790295325710089580,28480037383578,28480189851022,1790295325479000000,1000,1
99,152224021329977,1790295325715433815,28480042383578,28480195303689,1790295325485000000,1000,1
100,152224027136567,1790295325721241327,28480047383578,28480200732430,1790295325490000000,1000,1
101,152224036050131,1790295325730155041,28480052383578,28480206408985,1790295325496000000,1000,1
102,152224041732728,1790295325735837628,28480057383578,28480211832244,1790295325501000000,1000,1
103,152224043590097,1790295325737694936,28480062383578,28480217358504,1790295325507000000,1000,1
104,152224049253887,1790295325743357806,28480067383578,28480222817281,1790295325512000000,1000,1
105,152224054593905,1790295325748698755,28480072383578,28480228503096,1790295325518000000,1000,1
106,152224060054070,1790295325754157978,28480077383578,28480233917874,1790295325523000000,1000,1
107,152224065550183,1790295325759655083,28480082383578,28480239404911,1790295325529000000,1000,1
108,152224071078374,1790295325765183234,28480087383578,28480244895541,1790295325534000000,1000,1
109,152224076352657,1790295325770457958,28480092383578,28480250372948,1790295325540000000,1000,1
110,152224081822691,1790295325775926599,28480097383578,28480255799652,1790295325545000000,1000,1
111,152224087351045,1790295325781456145,28480102383578,28480261277244,1790295325551000000,1000,1
112,152224093013153,1790295325787117942,28480107383578,28480266672059,1790295325556000000,1000,1
113,152224098335086,1790295325792439004,28480112383578,28480272314874,1790295325562000000,1000,1
114,152224103682204,1790295325797787165,28480117383578,28480277812022,1790295325567000000,1000,1
115,152224109461364,1790295325803566374,28480122383578,28480283264356,1790295325573000000,1000,1
116,152224114643270,1790295325808747489,28480127383578,28480288819467,1790295325578000000,1000,1
117,152224120140245,1790295325814244374,28480132383578,28480294106948,1790295325583000000,1000,1
118,152224125695139,1790295325819800050,28480137383578,28480299470430,1790295325589000000,1000,1
119,152224131199556,1790295325825304737,28480142383578,28480305017948,1790295325594000000,1000,1
120,152224136835354,1790295325830940284,28480147383578,28480310462504,1790295325600000000,1000,1
121,152224142274198,1790295325836379098,28480152383578,28480316096578,1790295325605000000,1000,1
122,152224147722050,1790295325841826239,28480157383578,28480321486430,1790295325611000000,1000,1
123,152224152863922,1790295325846967088,28480162383578,28480327033059,1790295325616000000,1000,1
124,152224158879928,1790295325852983105,28480167383578,28480332491689,1790295325622000000,1000,1
125,152224163766757,1790295325857869914,28480172383578,28480338013874,1790295325627000000,1000,1
126,152224169570120,1790295325863675090,28480177383578,28480343397467,1790295325633000000,1000,1
127,152224175108463,1790295325869213383,28480182383578,28480348947541,1790295325638000000,1000,1
128,152224180546787,1790295325874651907,28480187383578,28480354441578,1790295325644000000,1000,1
129,152224186419351,1790295325880524210,28480192383578,28480359839615,1790295325649000000,1000,1
130,152224191839520,1790295325885944740,28480197383578,28480365454800,1790295325655000000,1000,1
131,152224197326245,1790295325891431586,28480202383578,28480370892281,1790295325660000000,1000,1
132,152224202662806,1790295325896767726,28480207383578,28480376572504,1790295325666000000,1000,1
133,152224208355842,1790295325902460522,28480212383578,28480381994615,1790295325671000000,1000,1
134,152224213610215,1790295325907715115,28480217383578,28480387511800,1790295325677000000,1000,1
135,152224218871092,1790295325912976022,28480222383578,28480392927392,1790295325682000000,1000,1
136,152224224350484,1790295325918455594,28480227383578,28480398403985,1790295325688000000,1000,1
137,152224230013682,1790295325924118602,28480232383578,28480403808763,1790295325693000000,1000,1
138,152224236385013,1790295325930490554,28480237383578,28480409360911,1790295325699000000,1000,1
139,152224241385896,1790295325935490766,28480242383578,28480414777133,1790295325704000000,1000,1
140,152224246730592,1790295325940835402,28480247383578,28480420527281,1790295325710000000,1000,1
141,152224252106828,1790295325946211658,28480252383578,28480425952318,1790295325715000000,1000,1
142,152224257535080,1790295325951638979,28480257383578,28480431400170,1790295325721000000,1000,1
143,152224262944289,1790295325957048217,28480262383578,28480436907059,1790295325726000000,1000,1
144,152224268501917,1790295325962607167,28480267383578,28480442363911,1790295325732000000,1000,1
145,152224273923348,1790295325968027968,28480272383578,28480447818207,1790295325737000000,1000,1
146,152224279524551,1790295325973628849,28480277383578,28480453346429,1790295325743000000,1000,1
147,152224284930922,1790295325979034890,28480282383578,28480458809763,1790295325748000000,1000,1
148,152224290570507,1790295325984675347,28480287383578,28480464302689,1790295325754000000,1000,1
149,152224295956128,1790295325990061329,28480292383578,28480469759392,1790295325759000000,1000,1
150,152224301520601,1790295325995625281,28480297383578,28480475246059,1790295325765000000,1000,1
151,152224307675713,1790295326001780653,28480302383578,28480480909096,1790295325770000000,1000,1
152,152224313143280,1790295326007248130,28480307383578,28480486957022,1790295325776000000,1000,1
153,152224318467147,1790295326012571045,28480312383578,28480492475578,1790295325782000000,1000,1
154,152224324025488,1790295326018130688,28480317383578,28480497931985,1790295325787000000,1000,1
155,152224329590529,1790295326023695419,28480322383578,28480503343726,1790295325793000000,1000,1
156,152224335055934,1790295326029160794,28480327383578,28480509036837,1790295325798000000,1000,1
157,152224341678518,1790295326035783468,28480332383578,28480514509355,1790295325804000000,1000,1
158,152224346051193,1790295326040156093,28480337383578,28480519939281,1790295325809000000,1000,1
159,152224351398274,1790295326045501430,28480342383578,28480525512578,1790295325815000000,1000,1
160,152224357295324,1790295326051400435,28480347383578,28480530977985,1790295325820000000,1000,1
161,152224362659006,1790295326056762935,28480352383578,28480536517763,1790295325826000000,1000,1
162,152224368209052,1790295326062313811,28480357383578,28480541968689,1790295325831000000,1000,1
163,152224373795213,1790295326067900133,28480362383578,28480547497726,1790295325837000000,1000,1
164,152224379187690,1790295326073291618,28480367383578,28480553004281,1790295325842000000,1000,1
165,152224384652002,1790295326078756943,28480372383578,28480558469466,1790295325848000000,1000,1
166,152224390110964,1790295326084214862,28480377383578,28480563976948,1790295325853000000,1000,1
167,152224395816153,1790295326089920933,28480382383578,28480569498948,1790295325859000000,1000,1
168,152224401227002,1790295326095331832,28480387383578,28480575041911,1790295325864000000,1000,1
169,152224406883128,1790295326100988169,28480392383578,28480580558578,1790295325870000000,1000,1
170,152224412363750,1790295326106468700,28480397383578,28480586188133,1790295325876000000,1000,1
171,152224417822472,1790295326111927482,28480402383578,28480591692911,1790295325881000000,1000,1
172,152224423287256,1790295326117392086,28480407383578,28480597160726,1790295325887000000,1000,1
173,152224429230336,1790295326123335206,28480412383578,28480602647244,1790295325892000000,1000,1
174,152224434357588,1790295326128462488,28480417383578,28480608190911,1790295325898000000,1000,1
175,152224440432097,1790295326134537107,28480422383578,28480613653540,1790295325903000000,1000,1
176,152224445351868,1790295326139455816,28480427383578,28480619091837,1790295325908000000,1000,1
177,152224450955865,1790295326145061266,28480432383578,28480624632540,1790295325914000000,1000,1
178,152224456820995,1790295326150925895,28480437383578,28480630027911,1790295325919000000,1000,1
179,152224461911510,1790295326156016450,28480442383578,28480635509800,1790295325925000000,1000,1
180,152224467151497,1790295326161256357,28480447383578,28480641040022,1790295325930000000,1000,1
181,152224472644041,1790295326166748891,28480452383578,28480646432726,1790295325936000000,1000,1
182,152224478150574,1790295326172254823,28480457383578,28480651906615,1790295325941000000,1000,1
183,152224483428322,1790295326177532281,28480462383578,28480657432392,1790295325947000000,1000,1
184,152224489102462,1790295326183207312,28480467383578,28480662881615,1790295325952000000,1000,1
185,152224494645354,1790295326188750525,28480472383578,28480668414429,1790295325958000000,1000,1
186,152224500025706,1790295326194130886,28480477383578,28480673913133,1790295325963000000,1000,1
187,152224505547267,1790295326199651987,28480482383578,28480679322170,1790295325969000000,1000,1
188,152224511909430,1790295326206014270,28480487383578,28480684875022,1790295325974000000,1000,1
189,152224516738187,1790295326210842987,28480492383578,28480690469207,1790295325980000000,1000,1
190,152224522216717,1790295326216320896,28480497383578,28480695944689,1790295325985000000,1000,1
191,152224527650242,1790295326221755182,28480502383578,28480701437763,1790295325991000000,1000,1
192,152224533099674,1790295326227204534,28480507383578,28480706945689,1790295325996000000,1000,1
193,152224538803110,1790295326232907789,28480512383578,28480712458540,1790295326002000000,1000,1
194,152224547074670,1790295326241179549,28480517383578,28480717939911,1790295326007000000,1000,1
195,152224549790725,1790295326243895565,28480522383578,28480723458355,1790295326013000000,1000,1
196,152224555818735,1790295326249923745,28480527383578,28480728945096,1790295326018000000,1000,1
197,152224561267388,1790295326255372338,28480532383578,28480734422726,1790295326024000000,1000,1
198,152224566552481,1790295326260657491,28480537383578,28480740157096,1790295326030000000,1000,1
199,152224572138773,1790295326266243993,28480542383578,28480745653614,1790295326035000000,1000,1
200,152224584193091,1790295326278297971,28480547383578,28480757737874,1790295326047000000,1000,1
201,152224589780144,1790295326283885024,28480552383578,28480763319059,1790295326053000000,1000,1
202,152224595330670,1790295326289435710,28480557383578,28480768883689,1790295326058000000,1000,1
203,152224600464535,1790295326294569385,28480562383578,28480774364466,1790295326064000000,1000,1
204,152224606264504,1790295326300370065,28480567383578,28480779852652,1790295326069000000,1000,1
205,152224611607036,1790295326305711906,28480572383578,28480785360874,1790295326075000000,1000,1
206,152224617273421,1790295326311378422,28480577383578,28480790780948,1790295326080000000,1000,1
207,152224623370121,1790295326317474370,28480582383578,28480796461577,1790295326086000000,1000,1
208,152224628207937,1790295326322312887,28480587383578,28480801946577,1790295326091000000,1000,1
209,152224633719898,1790295326327824788,28480592383578,28480807426985,1790295326097000000,1000,1
210,152224639292506,1790295326333397386,28480597383578,28480812929614,1790295326102000000,1000,1
211,152224644546568,1790295326338651448,28480602383578,28480818381244,1790295326108000000,1000,1
212,152224650210369,1790295326344315299,28480607383578,28480823887355,1790295326113000000,1000,1
213,152224655681114,1790295326349786305,28480612383578,28480829385207,1790295326119000000,1000,1
214,152224661229074,1790295326355333934,28480617383578,28480834852170,1790295326124000000,1000,1
215,152224666644966,1790295326360748894,28480622383578,28480840411059,1790295326130000000,1000,1
216,152224672135156,1790295326366239074,28480627383578,28480845876911,1790295326135000000,1000,1
217,152224677580212,1790295326371684110,28480632383578,28480851316133,1790295326141000000,1000,1
218,152224683379049,1790295326377483919,28480637383578,28480856889022,1790295326146000000,1000,1
219,152224689572851,1790295326383677791,28480642383578,28480862339429,1790295326152000000,1000,1
220,152224695026294,1790295326389131053,28480647383578,28480868709133,1790295326158000000,1000,1
221,152224700462591,1790295326394567521,28480652383578,28480874179318,1790295326164000000,1000,1
222,152224705866520,1790295326399971379,28480657383578,28480879650207,1790295326169000000,1000,1
223,152224711314271,1790295326405419091,28480662383578,28480885151837,1790295326175000000,1000,1
224,152224717152941,1790295326411257961,28480667383578,28480890653281,1790295326180000000,1000,1
225,152224722387799,1790295326416492028,28480672383578,28480896313133,1790295326186000000,1000,1
226,152224727912455,1790295326422017335,28480677383578,28480901782503,1790295326191000000,1000,1
227,152224733474212,1790295326427578892,28480682383578,28480907216651,1790295326197000000,1000,1
228,152224738963663,1790295326433068503,28480687383578,28480912720540,1790295326202000000,1000,1
229,152224744394069,1790295326438498949,28480692383578,28480918188244,1790295326208000000,1000,1
230,152224752450453,1790295326446555353,28480697383578,28480923666688,1790295326213000000,1000,1
231,152224755393960,1790295326449498790,28480702383578,28480929189614,1790295326219000000,1000,1
232,152224761065373,1790295326455170464,28480707383578,28480934642392,1790295326224000000,1000,1
233,152224766808143,1790295326460913063,28480712383578,28480940347837,1790295326230000000,1000,1
234,152224771903946,1790295326466008966,28480717383578,28480945800133,1790295326235000000,1000,1
235,152224778765516,1790295326472870446,28480722383578,28480951257281,1790295326241000000,1000,1
236,152224784166379,1790295326478271489,28480727383578,28480958020577,1790295326247000000,1000,1
237,152224789391667,1790295326483495505,28480732383578,28480963555244,1790295326253000000,1000,1
238,152224794811716,1790295326488914883,28480737383578,28480968957800,1790295326258000000,1000,1
239,152224800579221,1790295326494684081,28480742383578,28480974450503,1790295326264000000,1000,1
240,152224806157680,1790295326500262550,28480747383578,28480979894874,1790295326269000000,1000,1
241,152224811811883,1790295326505916653,28480752383578,28480985451318,1790295326275000000,1000,1
242,152224817123574,1790295326511228474,28480757383578,28480990932911,1790295326280000000,1000,1
243,152224822729405,1790295326516834265,28480762383578,28480996428281,1790295326286000000,1000,1
244,152224828365584,1790295326522470263,28480767383578,28481002058059,1790295326291000000,1000,1
245,152224834623137,1790295326528728087,28480772383578,28481007560133,1790295326297000000,1000,1
246,152224839289738,1790295326533394658,28480777383578,28481013080985,1790295326302000000,1000,1
247,152224845594343,1790295326539699023,28480782383578,28481018538985,1790295326308000000,1000,1
248,152224850101172,1790295326544206012,28480787383578,28481024044540,1790295326313000000,1000,1
249,152224855726089,1790295326549831029,28480792383578,28481029480318,1790295326319000000,1000,1
250,152224861116650,1790295326555220548,28480797383578,28481034943688,1790295326324000000,1000,1
251,152224866871613,1790295326560976754,28480802383578,28481040473429,1790295326330000000,1000,1
252,152224872059600,1790295326566163849,28480807383578,28481046076874,1790295326335000000,1000,1
253,152224877564961,1790295326571668869,28480812383578,28481051483466,1790295326341000000,1000,1
254,152224883167766,1790295326577271685,28480817383578,28481057001281,1790295326346000000,1000,1
255,152224888634392,1790295326582739222,28480822383578,28481062480244,1790295326352000000,1000,1
256,152224894134312,1790295326588239162,28480827383578,28481067911837,1790295326357000000,1000,1
257,152224899348481,1790295326593452980,28480832383578,28481073507355,1790295326363000000,1000,1
258,152224904976603,1790295326599080992,28480837383578,28481078958281,1790295326368000000,1000,1
259,152224910775690,1790295326604878586,28480842383578,28481084532022,1790295326374000000,1000,1
260,152224915969799,1790295326610072705,28480847383578,28481089977022,1790295326379000000,1000,1
261,152224921946252,1790295326616049138,28480852383578,28481095449207,1790295326385000000,1000,1
262,152224927099586,1790295326621202472,28480857383578,28481100946429,1790295326390000000,1000,1
263,152224933101255,1790295326627206335,28480862383578,28481106575170,1790295326396000000,1000,1
264,152224938126596,1790295326632230504,28480867383578,28481112061836,1790295326401000000,1000,1
265,152224943619202,1790295326637724102,28480872383578,28481117513133,1790295326407000000,1000,1
266,152224948959638,1790295326643063897,28480877383578,28481122937911,1790295326412000000,1000,1
267,152224956153408,1790295326650258368,28480882383578,28481128477466,1790295326418000000,1000,1
268,152224960044959,1790295326654149769,28480887383578,28481133921503,1790295326423000000,1000,1
269,152224965728578,1790295326659832826,28480892383578,28481139385985,1790295326429000000,1000,1
270,152224971039279,1790295326665143198,28480897383578,28481144899874,1790295326434000000,1000,1
271,152224976634159,1790295326670738077,28480902383578,28481150393985,1790295326440000000,1000,1
272,152224982078011,1790295326676182220,28480907383578,28481155834318,1790295326445000000,1000,1
273,152224987642103,1790295326681747234,28480912383578,28481161422948,1790295326451000000,1000,1
274,152224993101304,1790295326687206445,28480917383578,28481166910688,1790295326456000000,1000,1
275,152224998595764,1790295326692700614,28480922383578,28481172447503,1790295326462000000,1000,1
276,152225003939867,1790295326698044085,28480927383578,28481177916133,1790295326467000000,1000,1
277,152225009510960,1790295326703615850,28480932383578,28481183379651,1790295326473000000,1000,1
278,152225015002795,1790295326709107945,28480937383578,28481188827836,1790295326478000000,1000,1
279,152225020376396,1790295326714481566,28480942383578,28481194313651,1790295326484000000,1000,1
280,152225025979211,1790295326720084091,28480947383578,28481199717762,1790295326489000000,1000,1
281,152225031518856,1790295326725624077,28480952383578,28481205304651,1790295326495000000,1000,1
282,152225037142128,1790295326731247268,28480957383578,28481210855466,1790295326500000000,1000,1
283,152225042506481,1790295326736611432,28480962383578,28481216440577,1790295326506000000,1000,1
284,152225048052697,1790295326742157517,28480967383578,28481221856244,1790295326511000000,1000,1
285,152225053863286,1790295326747967204,28480972383578,28481227363762,1790295326517000000,1000,1
286,152225059424060,1790295326753528790,28480977383578,28481232860244,1790295326522000000,1000,1
287,152225064522830,1790295326758627690,28480982383578,28481238378244,1790295326528000000,1000,1
288,152225070406227,1790295326764510145,28480987383578,28481243809207,1790295326533000000,1000,1
289,152225075277807,1790295326769382627,28480992383578,28481249354540,1790295326539000000,1000,1
290,152225080706430,1790295326774810378,28480997383578,28481254818429,1790295326544000000,1000,1
291,152225086281131,1790295326780385049,28481002383578,28481260352948,1790295326550000000,1000,1
292,152225092093712,1790295326786197630,28481007383578,28481265818429,1790295326555000000,1000,1
293,152225097365270,1790295326791470150,28481012383578,28481271243318,1790295326561000000,1000,1
294,152225102948859,1790295326797053769,28481017383578,28481276699985,1790295326566000000,1000,1
295,152225108273337,1790295326802378537,28481022383578,28481282208133,1790295326572000000,1000,1
296,152225113898504,1790295326808003174,28481027383578,28481287600170,1790295326577000000,1000,1
297,152225119065554,1790295326813170614,28481032383578,28481293125688,1790295326583000000,1000,1
298,152225125435059,1790295326819540059,28481037383578,28481298587836,1790295326588000000,1000,1
299,152225130168607,1790295326824273858,28481042383578,28481303993577,1790295326593000000,1000,1
300,152225135795968,1790295326829900808,28481047383578,28481309515762,1790295326599000000,1000,1
301,152225141263848,1790295326835368898,28481052383578,28481315118503,1790295326604000000,1000,1
302,152225146454952,1790295326840559612,28481057383578,28481320613207,1790295326610000000,1000,1
303,152225151887244,1790295326845990501,28481062383578,28481326042688,1790295326615000000,1000,1
304,152225157971681,1790295326852074837,28481067383578,28481331532429,1790295326621000000,1000,1
305,152225162828231,1790295326856931388,28481072383578,28481336921059,1790295326626000000,1000,1
306,152225168220628,1790295326862323784,28481077383578,28481342410059,1790295326632000000,1000,1
307,152225173677887,1790295326867781053,28481082383578,28481347774355,1790295326637000000,1000,1
308,152225179381241,1790295326873485149,28481087383578,28481353292910,1790295326643000000,1000,1
309,152225185013743,1790295326879118643,28481092383578,28481358778318,1790295326648000000,1000,1
310,152225190521849,1790295326884626608,28481097383578,28481364322244,1790295326654000000,1000,1
311,152225195878986,1790295326889983826,28481102383578,28481369756799,1790295326659000000,1000,1
312,152225201522488,1790295326895627348,28481107383578,28481375182873,1790295326665000000,1000,1
313,152225206786049,1790295326900890899,28481112383578,28481380649392,1790295326670000000,1000,1
314,152225212297661,1790295326906402511,28481117383578,28481386059503,1790295326675000000,1000,1
315,152225217603404,1790295326911708364,28481122383578,28481391463540,1790295326681000000,1000,1
316,152225222969540,1790295326917074380,28481127383578,28481396915873,1790295326686000000,1000,1
317,152225228974057,1790295326923078887,28481132383578,28481402354207,1790295326692000000,1000,1
318,152225233965893,1790295326928070763,28481137383578,28481407753133,1790295326697000000,1000,1
319,152225239702502,1790295326933807672,28481142383578,28481413179318,1790295326703000000,1000,1
320,152225245050474,1790295326939155715,28481147383578,28481418744688,1790295326708000000,1000,1
321,152225250372606,1790295326944476875,28481152383578,28481424384318,1790295326714000000,1000,1
322,152225255942239,1790295326950047129,28481157383578,28481429795577,1790295326719000000,1000,1
323,152225263795307,1790295326957900207,28481162383578,28481435230577,1790295326725000000,1000,1
324,152225266773398,1790295326960877306,28481167383578,28481440725947,1790295326730000000,1000,1
325,152225272881972,1790295326966986841,28481172383578,28481446108910,1790295326735000000,1000,1
326,152225277423534,1790295326971527462,28481177383578,28481451615429,1790295326741000000,1000,1
327,152225282901162,1790295326977005742,28481182383578,28481457038059,1790295326746000000,1000,1
328,152225288423194,1790295326982528656,28481187383578,28481462372873,1790295326752000000,1000,1
329,152225293795000,1790295326987898929,28481192383578,28481467826762,1790295326757000000,1000,1
330,152225299752097,1790295326993856015,28481197383578,28481473242836,1790295326763000000,1000,1
331,152225304542311,1790295326998647251,28481202383578,28481478567355,1790295326768000000,1000,1
332,152225310091114,1790295327004196064,28481207383578,28481483972984,1790295326773000000,1000,1
333,152225315500833,1790295327009605813,28481212383578,28481489366392,1790295326779000000,1000,1
334,152225320736391,1790295327014840299,28481217383578,28481494680614,1790295326784000000,1000,1
335,152225326556878,1790295327020661768,28481222383578,28481500186207,1790295326790000000,1000,1
336,152225331713168,1790295327025818368,28481227383578,28481505590133,1790295326795000000,1000,1
337,152225337080866,1790295327031185695,28481232383578,28481511018318,1790295326800000000,1000,1
338,152225342621593,1790295327036726483,28481237383578,28481516431318,1790295326806000000,1000,1
339,152225348088899,1790295327042193699,28481242383578,28481521929021,1790295326811000000,1000,1
340,152225356696998,1790295327050801838,28481247383578,28481527349170,1790295326817000000,1000,1
341,152225359290142,1790295327053395021,28481252383578,28481532889170,1790295326822000000,1000,1
342,152225365806237,1790295327059911167,28481257383578,28481538646984,1790295326828000000,1000,1
343,152225370301874,1790295327064406683,28481262383578,28481544118355,1790295326833000000,1000,1
344,152225375877147,1790295327069981045,28481267383578,28481549498503,1790295326839000000,1000,1
345,152225381240839,1790295327075345769,28481272383578,28481554968058,1790295326844000000,1000,1
346,152225386687657,1790295327080791575,28481277383578,28481560481799,1790295326850000000,1000,1
347,152225392217414,1790295327086322344,28481282383578,28481566009725,1790295326855000000,1000,1
348,152225397697053,1790295327091801963,28481287383578,28481571356762,1790295326861000000,1000,1
349,152225402971126,1790295327097076046,28481292383578,28481576917577,1790295326866000000,1000,1
350,152225408505649,1790295327102610529,28481297383578,28481582306836,1790295326872000000,1000,1
351,152225413989940,1790295327108094830,28481302383578,28481587758873,1790295326877000000,1000,1
352,152225419525878,1790295327113630728,28481307383578,28481593220058,1790295326883000000,1000,1
353,152225424760144,1790295327118864072,28481312383578,28481598761133,1790295326888000000,1000,1
354,152225430371224,1790295327124476295,28481317383578,28481604213058,1790295326894000000,1000,1
355,152225435965120,1790295327130070251,28481322383578,28481609692688,1790295326899000000,1000,1
356,152225441783925,1790295327135888925,28481327383578,28481615125577,1790295326905000000,1000,1
357,152225446959771,1790295327141065252,28481332383578,28481620576577,1790295326910000000,1000,1
358,152225453243013,1790295327147347883,28481337383578,28481626163392,1790295326916000000,1000,1
359,152225457763137,1790295327151868217,28481342383578,28481631630577,1790295326921000000,1000,1
360,152225463486621,1790295327157590559,28481347383578,28481636999095,1790295326926000000,1000,1
361,152225469362784,1790295327163467624,28481352383578,28481642454244,1790295326932000000,1000,1
362,152225474052728,1790295327168157738,28481357383578,28481647819466,1790295326937000000,1000,1
363,152225479215057,1790295327173319997,28481362383578,28481653256910,1790295326943000000,1000,1
364,152225484974417,1790295327179078325,28481367383578,28481658691021,1790295326948000000,1000,1
365,152225490370982,1790295327184476082,28481372383578,28481664305244,1790295326954000000,1000,1
366,152225495940915,1790295327190045805,28481377383578,28481669694095,1790295326959000000,1000,1
367,152225501242930,1790295327195348451,28481382383578,28481675146873,1790295326965000000,1000,1
368,152225506673970,1790295327200779120,28481387383578,28481680585095,1790295326970000000,1000,1
369,152225512076043,1790295327206180943,28481392383578,28481685998132,1790295326975000000,1000,1
370,152225526282657,1790295327220386585,28481397383578,28481691362058,1790295326981000000,1000,1
371,152225531999088,1790295327226124697,28481402383578,28481705351392,1790295326995000000,1000,1
372,152225536747895,1790295327230851803,28481407383578,28481710878466,1790295327000000000,1000,1
373,152225542948610,1790295327237053560,28481412383578,28481716333614,1790295327006000000,1000,1
374,152225547818417,1790295327241923637,28481417383578,28481721803207,1790295327011000000,1000,1
375,152225554193555,1790295327248297473,28481422383578,28481727158614,1790295327017000000,1000,1
376,152225558970927,1790295327253075807,28481427383578,28481732860392,1790295327022000000,1000,1
377,152225564511013,1790295327258615863,28481432383578,28481738220836,1790295327028000000,1000,1
378,152225570271625,1790295327264375513,28481437383578,28481743671577,1790295327033000000,1000,1
379,152225575303087,1790295327269408418,28481442383578,28481749104651,1790295327038000000,1000,1
380,152225580849245,1790295327274954656,28481447383578,28481754542095,1790295327044000000,1000,1
381,152225586439276,1790295327280543535,28481452383578,28481759977095,1790295327049000000,1000,1
382,152225592170966,1790295327286276006,28481457383578,28481765949169,1790295327055000000,1000,1
383,152225597586033,1790295327291690903,28481462383578,28481771493577,1790295327061000000,1000,1
384,152225603173760,1790295327297278580,28481467383578,28481776954688,1790295327066000000,1000,1
385,152225608357882,1790295327302462822,28481472383578,28481782339466,1790295327072000000,1000,1
386,152225614088908,1790295327308193798,28481477383578,28481787698688,1790295327077000000,1000,1
387,152225619413576,1790295327313518426,28481482383578,28481793258651,1790295327083000000,1000,1
388,152225625094469,1790295327319199449,28481487383578,28481798625466,1790295327088000000,1000,1
389,152225630169282,1790295327324274212,28481492383578,28481804097688,1790295327093000000,1000,1
390,152225635651358,1790295327329756208,28481497383578,28481809527355,1790295327099000000,1000,1
391,152225641204748,1790295327335309587,28481502383578,28481814956799,1790295327104000000,1000,1
392,152225646571185,1790295327340676376,28481507383578,28481820422614,1790295327110000000,1000,1
393,152225651928325,1790295327346033175,28481512383578,28481825807243,1790295327115000000,1000,1
394,152225657568508,1790295327351673378,28481517383578,28481831247318,1790295327121000000,1000,1
395,152225663037670,1790295327357141599,28481522383578,28481836840688,1790295327126000000,1000,1
396,152225668658860,1790295327362763760,28481527383578,28481842222206,1790295327132000000,1000,1
397,152225674452766,1790295327368556785,28481532383578,28481847687206,1790295327137000000,1000,1
398,152225679332732,1790295327373437612,28481537383578,28481853073836,1790295327142000000,1000,1
399,152225684658230,1790295327378762940,28481542383578,28481858528725,1790295327148000000,1000,1
400,152225699416972,1790295327393521852,28481547383578,28481873035799,1790295327162000000,1000,1
401,152225704593518,1790295327398698348,28481552383578,28481878727725,1790295327168000000,1000,1
402,152225710271345,1790295327404376195,28481557383578,28481884139503,1790295327174000000,1000,1
403,152225715500941,1790295327409606062,28481562383578,28481889420984,1790295327179000000,1000,1
404,152225720627614,1790295327414732424,28481567383578,28481894803577,1790295327184000000,1000,1
405,152225726342863,1790295327420447883,28481572383578,28481900207984,1790295327190000000,1000,1
406,152225731480234,1790295327425585064,28481577383578,28481905505206,1790295327195000000,1000,1
407,152225736860305,1790295327430965135,28481582383578,28481910844540,1790295327200000000,1000,1
408,152225742306674,1790295327436411554,28481587383578,28481916287984,1790295327206000000,1000,1
409,152225747620051,1790295327441724900,28481592383578,28481921571688,1790295327211000000,1000,1
410,152225752711186,1790295327446815095,28481597383578,28481926953762,1790295327216000000,1000,1
411,152225758447644,1790295327452551893,28481602383578,28481932330910,1790295327222000000,1000,1
412,152225763774735,1790295327457879584,28481607383578,28481937821058,1790295327227000000,1000,1
413,152225769358844,1790295327463464135,28481612383578,28481943124762,1790295327233000000,1000,1
414,152225775187397,1790295327469292367,28481617383578,28481948604725,1790295327238000000,1000,1
415,152225780110124,1790295327474215275,28481622383578,28481953907355,1790295327243000000,1000,1
416,152225785233651,1790295327479338330,28481627383578,28481959312762,1790295327249000000,1000,1
417,152225790392794,1790295327484496161,28481632383578,28481964738206,1790295327254000000,1000,1
418,152225795755635,1790295327489858792,28481637383578,28481970078799,1790295327259000000,1000,1
419,152225801441587,1790295327495544744,28481642383578,28481975429466,1790295327265000000,1000,1
420,152225806453782,1790295327500557029,28481647383578,28481980845762,1790295327270000000,1000,1
421,152225812076726,1790295327506180023,28481652383578,28481986134947,1790295327276000000,1000,1
422,152225817640064,1790295327511744894,28481657383578,28481991549429,1790295327281000000,1000,1
423,152225822861607,1790295327516965515,28481662383578,28481996941836,1790295327286000000,1000,1
424,152225828495461,1790295327522600351,28481667383578,28482002229762,1790295327292000000,1000,1
425,152225833628134,1790295327527733555,28481672383578,28482007642984,1790295327297000000,1000,1
426,152225839101314,1790295327533206154,28481677383578,28482013001317,1790295327302000000,1000,1
427,152225844344969,1790295327538449979,28481682383578,28482018412947,1790295327308000000,1000,1
428,152225849847452,1790295327543952292,28481687383578,28482023695984,1790295327313000000,1000,1
429,152225855060499,1790295327549164758,28481692383578,28482029168466,1790295327319000000,1000,1
430,152225860599072,1790295327554704153,28481697383578,28482034477688,1790295327324000000,1000,1
431,152225866212225,1790295327560317295,28481702383578,28482039927688,1790295327329000000,1000,1
432,152225871571889,1790295327565676719,28481707383578,28482045490614,1790295327335000000,1000,1
433,152225877865894,1790295327571970673,28481712383578,28482050796762,1790295327340000000,1000,1
434,152225882269847,1790295327576373765,28481717383578,28482056227021,1790295327346000000,1000,1
435,152225887502991,1790295327581607821,28481722383578,28482061618169,1790295327351000000,1000,1
436,152225893268272,1790295327587373522,28481727383578,28482066903873,1790295327356000000,1000,1
437,152225898405725,1790295327592510355,28481732383578,28482072484058,1790295327362000000,1000,1
438,152225903492892,1790295327597599756,28481737383578,28482077851058,1790295327367000000,1000,1
439,152225908861894,1790295327602965141,28481742383578,28482083161317,1790295327373000000,1000,1
440,152225914308654,1790295327608411941,28481747383578,28482088544651,1790295327378000000,1000,1
441,152225919661303,1790295327613764650,28481752383578,28482093953799,1790295327383000000,1000,1
442,152225925747264,1790295327619850521,28481757383578,28482099306540,1790295327389000000,1000,1
443,152225930471894,1790295327624575061,28481762383578,28482104743317,1790295327394000000,1000,1
444,152225936223831,1790295327630328681,28481767383578,28482110134984,1790295327400000000,1000,1
445,152225941686741,1790295327635791581,28481772383578,28482115551132,1790295327405000000,1000,1
446,152225947052236,1790295327641156144,28481777383578,28482120899688,1790295327410000000,1000,1
447,152225952173077,1790295327646276985,28481782383578,28482126217021,1790295327416000000,1000,1
448,152225957681032,1790295327651785862,28481787383578,28482131597243,1790295327421000000,1000,1
449,152225963137249,1790295327657242119,28481792383578,28482136985947,1790295327426000000,1000,1
450,152225968579799,1790295327662684709,28481797383578,28482142428354,1790295327432000000,1000,1
451,152225974015487,1790295327668120337,28481802383578,28482147870651,1790295327437000000,1000,1
452,152225980607386,1790295327674711285,28481807383578,28482153306799,1790295327443000000,1000,1
453,152225985625093,1790295327679730053,28481812383578,28482158690391,1790295327448000000,1000,1
454,152225990185173,1790295327684290023,28481817383578,28482164170169,1790295327454000000,1000,1
455,152225995827360,1790295327689932380,28481822383578,28482169457836,1790295327459000000,1000,1
456,152226001110810,1790295327695215049,28481827383578,28482175026577,1790295327464000000,1000,1
457,152226007316017,1790295327701420787,28481832383578,28482180621428,1790295327470000000,1000,1
458,152226012543802,1790295327706647700,28481837383578,28482186555614,1790295327476000000,1000,1
459,152226018681340,1790295327712786280,28481842383578,28482191881947,1790295327481000000,1000,1
460,152226023873114,1790295327717978125,28481847383578,28482197857243,1790295327487000000,1000,1
461,152226029986407,1790295327724091487,28481852383578,28482203141465,1790295327493000000,1000,1
462,152226035413850,1790295327729518750,28481857383578,28482209209688,1790295327499000000,1000,1
463,152226041241238,1790295327735345477,28481862383578,28482214500354,1790295327504000000,1000,1
464,152226046992064,1790295327741096914,28481867383578,28482220493503,1790295327510000000,1000,1
465,152226052415016,1790295327746519966,28481872383578,28482225793873,1790295327515000000,1000,1
466,152226057797885,1790295327751901793,28481877383578,28482231728836,1790295327521000000,1000,1
467,152226063953876,1790295327758058676,28481882383578,28482237054058,1790295327526000000,1000,1
468,152226069229722,1790295327763334772,28481887383578,28482243250873,1790295327533000000,1000,1
469,152226075236533,1790295327769341713,28481892383578,28482248552354,1790295327538000000,1000,1
470,152226083230407,1790295327777334315,28481897383578,28482254492095,1790295327544000000,1000,1
471,152226086341441,1790295327780445369,28481902383578,28482259767577,1790295327549000000,1000,1
472,152226091757322,1790295327785862202,28481907383578,28482265710984,1790295327555000000,1000,1
473,152226097773539,1790295327791877447,28481912383578,28482270971725,1790295327560000000,1000,1
474,152226103135468,1790295327797240788,28481917383578,28482276979947,1790295327566000000,1000,1
475,152226109041255,1790295327803146205,28481922383578,28482282283354,1790295327572000000,1000,1
476,152226114303094,1790295327808408074,28481927383578,28482288269577,1790295327578000000,1000,1
477,152226119968047,1790295327814071985,28481932383578,28482293585614,1790295327583000000,1000,1
478,152226125354349,1790295327819458598,28481937383578,28482299515206,1790295327589000000,1000,1
479,152226131503430,1790295327825608270,28481942383578,28482304820132,1790295327594000000,1000,1
480,152226136850569,1790295327830955389,28481947383578,28482310754762,1790295327600000000,1000,1
481,152226142681236,1790295327836786166,28481952383578,28482316058614,1790295327605000000,1000,1
482,152226147699873,1790295327841804723,28481957383578,28482322023799,1790295327611000000,1000,1
483,152226153613215,1790295327847716372,28481962383578,28482327320688,1790295327617000000,1000,1
484,152226158943474,1790295327853046641,28481967383578,28482333314577,1790295327623000000,1000,1
485,152226164967487,1790295327859070774,28481972383578,28482338595984,1790295327628000000,1000,1
486,152226170177256,1790295327864280523,28481977383578,28482344582725,1790295327634000000,1000,1
487,152226176652925,1790295327870758085,28481982383578,28482349877095,1790295327639000000,1000,1
488,152226193275336,1790295327887380216,28481987383578,28482355807836,1790295327645000000,1000,1
489,152226193319009,1790295327887421935,28481992383578,28482361133762,1790295327651000000,1000,1
490,152226193328216,1790295327887431083,28481997383578,28482367092799,1790295327656000000,1000,1
491,152226198869193,1790295327892973101,28482002383578,28482372390354,1790295327662000000,1000,1
492,152226204378091,1790295327898482931,28482007383578,28482378308799,1790295327668000000,1000,1
493,152226210274652,1790295327904378560,28482012383578,28482383549725,1790295327673000000,1000,1
494,152226215488668,1790295327909593668,28482017383578,28482389478947,1790295327679000000,1000,1
495,152226221299026,1790295327915402985,28482022383578,28482394747539,1790295327684000000,1000,1
496,152226226396865,1790295327920500773,28482027383578,28482400693947,1790295327690000000,1000,1
497,152226231871628,1790295327925975596,28482032383578,28482405964465,1790295327695000000,1000,1
498,152226237437302,1790295327931541611,28482037383578,28482411426206,1790295327701000000,1000,1
499,152226242796964,1790295327936901974,28482042383578,28482416735725,1790295327706000000,1000,1
500,152226248106835,1790295327942212686,28482047383578,28482422094317,1790295327711000000,1000,1
501,152226253459836,1790295327947564686,28482052383578,28482427383651,1790295327717000000,1000,1
502,152226258711476,1790295327952815405,28482057383578,28482432798169,1790295327722000000,1000,1
503,152226264163005,1790295327958268095,28482062383578,28482438128688,1790295327728000000,1000,1
504,152226269479706,1790295327963584496,28482067383578,28482443432317,1790295327733000000,1000,1
505,152226274909694,1790295327969014544,28482072383578,28482448810317,1790295327738000000,1000,1
506,152226280287583,1790295327974391511,28482077383578,28482454222354,1790295327744000000,1000,1
507,152226287711737,1790295327981816677,28482082383578,28482459682280,1790295327749000000,1000,1
508,152226291458486,1790295327985563316,28482087383578,28482465110910,1790295327754000000,1000,1
509,152226296403314,1790295327990508124,28482092383578,28482470421762,1790295327760000000,1000,1
510,152226301781893,1790295327995887364,28482097383578,28482475805984,1790295327765000000,1000,1
511,152226307504896,1790295328001609726,28482102383578,28482481143317,1790295327771000000,1000,1
512,152226312376303,1790295328006481414,28482107383578,28482486522799,1790295327776000000,1000,1
513,152226318037469,1790295328012142590,28482112383578,28482491849613,1790295327781000000,1000,1
514,152226323513234,1790295328017618645,28482117383578,28482497269317,1790295327787000000,1000,1
515,152226328379952,1790295328022483920,28482122383578,28482502640058,1790295327792000000,1000,1
516,152226333807075,1790295328027910993,28482127383578,28482507890613,1790295327797000000,1000,1
517,152226339147292,1790295328033251201,28482132383578,28482513255354,1790295327803000000,1000,1
518,152226344449516,1790295328038554346,28482137383578,28482518486947,1790295327808000000,1000,1
519,152226349637636,1790295328043741564,28482142383578,28482523841317,1790295327813000000,1000,1
520,152226355473211,1790295328049577129,28482147383578,28482529079058,1790295327818000000,1000,1
521,152226360422295,1790295328054527466,28482152383578,28482534379873,1790295327824000000,1000,1
522,152226365619192,1790295328059724142,28482157383578,28482539610576,1790295327829000000,1000,1
523,152226370846255,1790295328064951476,28482162383578,28482544930984,1790295327834000000,1000,1
524,152226376081884,1790295328070186795,28482167383578,28482550183206,1790295327840000000,1000,1
525,152226381562238,1790295328075667138,28482172383578,28482555405132,1790295327845000000,1000,1
526,152226389417218,1790295328083522098,28482177383578,28482560910428,1790295327850000000,1000,1
527,152226392190172,1790295328086294921,28482182383578,28482566378799,1790295327856000000,1000,1
528,152226398033021,1790295328092137861,28482187383578,28482571667799,1790295327861000000,1000,1
529,152226403205239,1790295328097309168,28482192383578,28482577117132,1790295327866000000,1000,1
530,152226408951506,1790295328103056707,28482197383578,28482582600799,1790295327872000000,1000,1
531,152226414141890,1790295328108247371,28482202383578,28482587944539,1790295327877000000,1000,1
532,152226419634234,1790295328113739465,28482207383578,28482593472836,1790295327883000000,1000,1
533,152226425110760,1790295328119215600,28482212383578,28482598766465,1790295327888000000,1000,1
534,152226430438173,1790295328124543394,28482217383578,28482604404465,1790295327894000000,1000,1
535,152226435994220,1790295328130099070,28482222383578,28482609766762,1790295327899000000,1000,1
536,152226441326423,1790295328135431343,28482227383578,28482615086910,1790295327904000000,1000,1
537,152226446690495,1790295328140795566,28482232383578,28482620551428,1790295327910000000,1000,1
538,152226451870017,1790295328145975498,28482237383578,28482625932021,1790295327915000000,1000,1
539,152226457719239,1790295328151824710,28482242383578,28482631202465,1790295327921000000,1000,1
540,152226462724630,1790295328156829490,28482247383578,28482636671132,1790295327926000000,1000,1
541,152226468165158,1790295328162269076,28482252383578,28482642073724,1790295327931000000,1000,1
542,152226473436485,1790295328167541335,28482257383578,28482647395799,1790295327937000000,1000,1
543,152226478976311,1790295328173081251,28482262383578,28482652772169,1790295327942000000,1000,1
544,152226483936318,1790295328178040216,28482267383578,28482658146910,1790295327948000000,1000,1
545,152226494839605,1790295328188943513,28482272383578,28482663429021,1790295327953000000,1000,1
546,152226494865263,1790295328188968190,28482277383578,28482668974799,1790295327958000000,1000,1
547,152226500390039,1790295328194494859,28482282383578,28482674329058,1790295327964000000,1000,1
548,152226505892965,1790295328199997965,28482287383578,28482679634873,1790295327969000000,1000,1
549,152226511003397,1790295328205107285,28482292383578,28482685028576,1790295327974000000,1000,1
550,152226516366508,1790295328210471639,28482297383578,28482690448132,1790295327980000000,1000,1
551,152226521667910,1790295328215772740,28482302383578,28482695702873,1790295327985000000,1000,1
552,152226526993601,1790295328221098461,28482307383578,28482701093132,1790295327990000000,1000,1
553,152226532379304,1790295328226484134,28482312383578,28482706433539,1790295327996000000,1000,1
554,152226537792118,1790295328231896016,28482317383578,28482711776243,1790295328001000000,1000,1
555,152226543327305,1790295328237432616,28482322383578,28482717217428,1790295328007000000,1000,1
556,152226548312719,1790295328242416627,28482327383578,28482722568132,1790295328012000000,1000,1
557,152226553851854,1790295328247955832,28482332383578,28482727885539,1790295328017000000,1000,1
558,152226559921563,1790295328254025571,28482337383578,28482733291391,1790295328023000000,1000,1
559,152226564914520,1790295328259019661,28482342383578,28482738628576,1790295328028000000,1000,1
560,152226570061582,1790295328264165490,28482347383578,28482744036095,1790295328033000000,1000,1
561,152226575348760,1790295328269452948,28482352383578,28482749495836,1790295328039000000,1000,1
562,152226580943529,1790295328275048660,28482357383578,28482754772021,1790295328044000000,1000,1
563,152226586216999,1790295328280320907,28482362383578,28482760223650,1790295328050000000,1000,1
564,152226594295505,1790295328288399403,28482367383578,28482765624947,1790295328055000000,1000,1
565,152226597076733,1790295328291180641,28482372383578,28482771033280,1790295328060000000,1000,1
566,152226602530576,1790295328296634484,28482377383578,28482776448873,1790295328066000000,1000,1
567,152226607979588,1790295328302083516,28482382383578,28482781835243,1790295328071000000,1000,1
568,152226613572585,1790295328307677515,28482387383578,28482787338613,1790295328077000000,1000,1
569,152226618866585,1790295328312971435,28482392383578,28482792774502,1790295328082000000,1000,1
570,152226624894263,1790295328318998171,28482397383578,28482798172317,1790295328088000000,1000,1
571,152226629623323,1790295328323728213,28482402383578,28482803583947,1790295328093000000,1000,1
572,152226635134865,1790295328329239805,28482407383578,28482808970391,1790295328098000000,1000,1
573,152226640387916,1790295328334492806,28482412383578,28482814392910,1790295328104000000,1000,1
574,152226645943302,1790295328340047590,28482417383578,28482819750539,1790295328109000000,1000,1
575,152226651072339,1790295328345177289,28482422383578,28482825107280,1790295328114000000,1000,1
576,152226656502014,1790295328350606924,28482427383578,28482830433502,1790295328120000000,1000,1
577,152226662470863,1790295328356575823,28482432383578,28482835838798,1790295328125000000,1000,1
578,152226667375002,1790295328361478920,28482437383578,28482841256465,1790295328131000000,1000,1
579,152226672858850,1790295328366963710,28482442383578,28482846867280,1790295328136000000,1000,1
580,152226678237540,1790295328372342440,28482447383578,28482852267169,1790295328142000000,1000,1
581,152226683642671,1790295328377747611,28482452383578,28482857575354,1790295328147000000,1000,1
582,152226688843345,1790295328382947263,28482457383578,28482862956280,1790295328152000000,1000,1
583,152226699169466,1790295328393274607,28482462383578,28482868351169,1790295328158000000,1000,1
584,152226699817434,1790295328393922394,28482467383578,28482873834095,1790295328163000000,1000,1
585,152226705420620,1790295328399525530,28482472383578,28482879208761,1790295328169000000,1000,1
586,152226710875545,1790295328404980455,28482477383578,28482884602428,1790295328174000000,1000,1
587,152226716234689,1790295328410340010,28482482383578,28482889963539,1790295328179000000,1000,1
588,152226721500245,1790295328415605746,28482487383578,28482895281354,1790295328185000000,1000,1
589,152226726772613,1790295328420876551,28482492383578,28482900681502,1790295328190000000,1000,1
590,152226732227247,1790295328426332137,28482497383578,28482906035095,1790295328195000000,1000,1
591,152226737577784,1790295328431682563,28482502383578,28482911315650,1790295328201000000,1000,1
592,152226743335060,1790295328437439920,28482507383578,28482916722761,1790295328206000000,1000,1
593,152226748272435,1790295328442377335,28482512383578,28482922081724,1790295328211000000,1000,1
594,152226753992412,1790295328448097232,28482517383578,28482927399761,1790295328217000000,1000,1
595,152226759173486,1790295328453278536,28482522383578,28482932753909,1790295328222000000,1000,1
596,152226764852385,1790295328458957255,28482527383578,28482938144021,1790295328228000000,1000,1
597,152226769547731,1790295328463651990,28482532383578,28482943436021,1790295328233000000,1000,1
598,152226774903889,1790295328469007797,28482537383578,28482948830947,1790295328238000000,1000,1
599,152226780367220,1790295328474472120,28482542383578,28482954170243,1790295328244000000,1000,1
600,152226796454668,1790295328490559498,28482547383578,28482969716909,1790295328259000000,1000,1
601,152226801159891,1790295328495263078,28482552383578,28482975105206,1790295328264000000,1000,1
602,152226806537710,1790295328500640877,28482557383578,28482980666502,1790295328270000000,1000,1
603,152226814190378,1790295328508293545,28482562383578,28482986022021,1790295328275000000,1000,1
604,152226818241864,1790295328512345030,28482567383578,28482991325724,1790295328281000000,1000,1
605,152226824054336,1790295328518159386,28482572383578,28482997712465,1790295328287000000,1000,1
606,152226829390826,1790295328523495666,28482577383578,28483003074391,1790295328292000000,1000,1
607,152226834765348,1790295328528870168,28482582383578,28483008494354,1790295328298000000,1000,1
608,152226840053046,1790295328534157896,28482587383578,28483013830687,1790295328303000000,1000,1
609,152226845428649,1790295328539533519,28482592383578,28483019095539,1790295328308000000,1000,1
610,152226850724412,1790295328544829252,28482597383578,28483024464095,1790295328314000000,1000,1
611,152226855904296,1790295328550009146,28482602383578,28483029836243,1790295328319000000,1000,1
612,152226861546154,1790295328555650062,28482607383578,28483035089169,1790295328324000000,1000,1
613,152226867356733,1790295328561460651,28482612383578,28483040523909,1790295328330000000,1000,1
614,152226871778721,1790295328565883571,28482617383578,28483045869761,1790295328335000000,1000,1
615,152226877193628,1790295328571298478,28482622383578,28483051135132,1790295328341000000,1000,1
616,152226882310042,1790295328576415092,28482627383578,28483056501169,1790295328346000000,1000,1
617,152226887575397,1790295328581679305,28482632383578,28483061877280,1790295328351000000,1000,1
618,152226893206906,1790295328587312237,28482637383578,28483067180539,1790295328357000000,1000,1
619,152226905364989,1790295328599468887,28482642383578,28483072545724,1790295328362000000,1000,1
620,152226905926664,1790295328600029710,28482647383578,28483077840946,1790295328367000000,1000,1
621,152226909067675,1790295328603170641,28482652383578,28483083359539,1790295328373000000,1000,1
622,152226914588895,1790295328608691811,28482657383578,28483088718798,1790295328378000000,1000,1
623,152226919745263,1790295328613848149,28482662383578,28483094084576,1790295328383000000,1000,1
624,152226925584496,1790295328619687412,28482667383578,28483099408650,1790295328389000000,1000,1
625,152226930413405,1790295328624516652,28482672383578,28483104758761,1790295328394000000,1000,1
626,152226936112721,1790295328630217642,28482677383578,28483110088391,1790295328399000000,1000,1
627,152226941453711,1790295328635558661,28482682383578,28483115413280,1790295328405000000,1000,1
628,152226946885401,1790295328640989309,28482687383578,28483120814983,1790295328410000000,1000,1
629,152226952150596,1790295328646255566,28482692383578,28483126096798,1790295328415000000,1000,1
630,152226957540548,1790295328651644466,28482697383578,28483131424428,1790295328421000000,1000,1
631,152226962868270,1790295328656972179,28482702383578,28483136842539,1790295328426000000,1000,1
632,152226968941927,1790295328663046867,28482707383578,28483142228835,1790295328432000000,1000,1
633,152226973542924,1790295328667647774,28482712383578,28483147495317,1790295328437000000,1000,1
634,152226978940581,1790295328673045521,28482717383578,28483152908465,1790295328442000000,1000,1
635,152226984380595,1790295328678485395,28482722383578,28483158272391,1790295328448000000,1000,1
636,152226989926172,1790295328684031001,28482727383578,28483163661983,1790295328453000000,1000,1
637,152226995298349,1790295328689402277,28482732383578,28483169063798,1790295328458000000,1000,1
638,152227001243633,1790295328695347822,28482737383578,28483174399724,1790295328464000000,1000,1
639,152227006621782,1790295328700727132,28482742383578,28483179764983,1790295328469000000,1000,1
640,152227011098613,1790295328705201619,28482747383578,28483185272095,1790295328475000000,1000,1
641,152227017002358,1790295328711107298,28482752383578,28483190552428,1790295328480000000,1000,1
642,152227022153838,1790295328716259108,28482757383578,28483196232169,1790295328486000000,1000,1
643,152227027480679,1790295328721584627,28482762383578,28483201509243,1790295328491000000,1000,1
644,152227031529951,1790295328725633849,28482767383578,28483206888317,1790295328496000000,1000,1
645,152227035908194,1790295328730013024,28482772383578,28483210938169,1790295328500000000,1000,1
646,152227039838920,1790295328733943780,28482777383578,28483214992020,1790295328504000000,1000,1
647,152227045926333,1790295328740030161,28482782383578,28483219063687,1790295328508000000,1000,1
648,152227047555901,1790295328741659809,28482787383578,28483222971613,1790295328512000000,1000,1
649,152227051851990,1790295328745956820,28482792383578,28483226966539,1790295328516000000,1000,1
650,152227055441431,1790295328749546301,28482797383578,28483230924094,1790295328520000000,1000,1
651,152227059477167,1790295328753581997,28482802383578,28483234906724,1790295328524000000,1000,1
652,152227063506642,1790295328757611632,28482807383578,28483238800132,1790295328528000000,1000,1
653,152227067356294,1790295328761461174,28482812383578,28483242785835,1790295328532000000,1000,1
654,152227072075505,1790295328766180555,28482817383578,28483246655798,1790295328536000000,1000,1
655,152227075439789,1790295328769543747,28482822383578,28483250603502,1790295328540000000,1000,1
656,152227079141833,1790295328773246783,28482827383578,28483254523169,1790295328544000000,1000,1
657,152227082889592,1790295328776993550,28482832383578,28483258444761,1790295328548000000,1000,1
658,152227087113554,1790295328781217623,28482837383578,28483262332169,1790295328552000000,1000,1
659,152227090955213,1790295328785059161,28482842383578,28483266550539,1790295328556000000,1000,1
660,152227095223860,1790295328789328750,28482847383578,28483270399317,1790295328560000000,1000,1
661,152227098990555,1790295328793094794,28482852383578,28483274370280,1790295328564000000,1000,1
662,152227110371016,1790295328804475936,28482857383578,28483278266057,1790295328568000000,1000,1
663,152227126186056,1790295328820290204,28482862383578,28483285102835,1790295328574000000,1000,1
664,152227130393317,1790295328824497245,28482867383578,28483305471687,1790295328595000000,1000,1
665,152227134117573,1790295328828222413,28482872383578,28483309414131,1790295328599000000,1000,1
666,152227138025046,1790295328832129946,28482877383578,28483313354243,1790295328603000000,1000,1
667,152227142111827,1790295328836216677,28482882383578,28483317233094,1790295328607000000,1000,1
668,152227145886840,1790295328839991670,28482887383578,28483321210613,1790295328611000000,1000,1
669,152227149363116,1790295328843466954,28482892383578,28483325085761,1790295328614000000,1000,1
670,152227153267643,1790295328847370790,28482897383578,28483329021539,1790295328618000000,1000,1
671,152227157244657,1790295328851347814,28482902383578,28483332901872,1790295328622000000,1000,1
672,152227161056128,1790295328855159285,28482907383578,28483336787539,1790295328626000000,1000,1
673,152227165001904,1790295328859105131,28482912383578,28483340615798,1790295328630000000,1000,1
674,152227169212771,1790295328863316159,28482917383578,28483344580576,1790295328634000000,1000,1
675,152227173431984,1790295328867535141,28482922383578,28483348465946,1790295328638000000,1000,1
676,152227177218668,1790295328871322577,28482927383578,28483352371168,1790295328642000000,1000,1
677,152227180992999,1790295328875097158,28482932383578,28483356291168,1790295328646000000,1000,1
678,152227185196722,1790295328879300610,28482937383578,28483360246502,1790295328650000000,1000,1
679,152227188747570,1790295328882852450,28482942383578,28483364325872,1790295328654000000,1000,1
680,152227192828051,1790295328886932901,28482947383578,28483368284872,1790295328658000000,1000,1
681,152227196534854,1790295328890639874,28482952383578,28483372151280,1790295328662000000,1000,1
682,152227200557784,1790295328894662033,28482957383578,28483376113724,1790295328665000000,1000,1
683,152227204488191,1790295328898593121,28482962383578,28483379933946,1790295328669000000,1000,1
684,152227210537812,1790295328904642772,28482967383578,28483383774243,1790295328673000000,1000,1
685,152227212274131,1790295328906378069,28482972383578,28483387655724,1790295328677000000,1000,1
686,152227216295418,1790295328910400890,28482977383578,28483391493243,1790295328681000000,1000,1
687,152227220267123,1790295328914371873,28482982383578,28483395509687,1790295328685000000,1000,1
688,152227223970690,1790295328918075690,28482987383578,28483399368020,1790295328689000000,1000,1
689,152227227763015,1790295328921867885,28482992383578,28483403262465,1790295328693000000,1000,1
690,152227232581725,1790295328926686845,28482997383578,28483407070391,1790295328696000000,1000,1
691,152227235503970,1790295328929607938,28483002383578,28483410982946,1790295328700000000,1000,1
692,152227239337002,1790295328933441942,28483007383578,28483414781761,1790295328704000000,1000,1
693,152227243349082,1790295328937453932,28483012383578,28483418664872,1790295328708000000,1000,1
694,152227247321568,1790295328941426408,28483017383578,28483422580576,1790295328712000000,1000,1
695,152227250882655,1790295328944986603,28483022383578,28483426378391,1790295328716000000,1000,1
696,152227254921327,1790295328949025235,28483027383578,28483430291539,1790295328720000000,1000,1
697,152227258582943,1790295328952687132,28483032383578,28483434136909,1790295328724000000,1000,1
698,152227262521283,1790295328956626143,28483037383578,28483438008131,1790295328727000000,1000,1
699,152227266380595,1790295328960484504,28483042383578,28483441818428,1790295328731000000,1000,1
700,152227270327944,1790295328964431852,28483047383578,28483445738650,1790295328735000000,1000,1
701,152227274326450,1790295328968431300,28483052383578,28483449739724,1790295328739000000,1000,1
702,152227278294628,1790295328972399809,28483057383578,28483453619131,1790295328743000000,1000,1
703,152227281978758,1790295328976082706,28483062383578,28483457456872,1790295328747000000,1000,1
704,152227285943179,1790295328980047868,28483067383578,28483461315502,1790295328751000000,1000,1
705,152227290175436,1790295328984279705,28483072383578,28483465232576,1790295328755000000,1000,1
706,152227293592370,1790295328987697200,28483077383578,28483469046428,1790295328758000000,1000,1
707,152227297393151,1790295328991497060,28483082383578,28483472928020,1790295328762000000,1000,1
708,152227301210113,1790295328995314021,28483087383578,28483476802020,1790295328766000000,1000,1
709,152227305223946,1790295328999327864,28483092383578,28483480647391,1790295328770000000,1000,1
710,152227313544510,1790295329007648428,28483097383578,28483484486502,1790295328774000000,1000,1
711,152227313569718,1790295329007672654,28483102383578,28483489134502,1790295328779000000,1000,1
712,152227317879834,1790295329011984694,28483107383578,28483493017946,1790295328782000000,1000,1
713,152227321607686,1790295329015711594,28483112383578,28483497023872,1790295328786000000,1000,1
714,152227325498918,1790295329019603828,28483117383578,28483500931983,1790295328790000000,1000,1
715,152227329264011,1790295329023367929,28483122383578,28483504745724,1790295328794000000,1000,1
716,152227333308252,1790295329027412160,28483127383578,28483508601242,1790295328798000000,1000,1
717,152227337735480,1790295329031840350,28483132383578,28483512751687,1790295328802000000,1000,1
718,152227341007720,1790295329035111628,28483137383578,28483516597687,1790295328806000000,1000,1
719,152227344996507,1790295329039101617,28483142383578,28483520428354,1790295328810000000,1000,1
720,152227348874773,1790295329042979794,28483147383578,28483524302909,1790295328814000000,1000,1
721,152227352683750,1790295329046788680,28483152383578,28483528201205,1790295328818000000,1000,1
722,152227356398879,1790295329050502777,28483157383578,28483531935020,1790295328821000000,1000,1
723,152227360514476,1790295329054619396,28483162383578,28483535840687,1790295328825000000,1000,1
724,152227364319744,1790295329058424594,28483167383578,28483539656798,1790295328829000000,1000,1
725,152227368470699,1790295329062575919,28483172383578,28483543522613,1790295328833000000,1000,1
726,152227372340511,1790295329066445441,28483177383578,28483547409946,1790295328837000000,1000,1
727,152227376444997,1790295329070549877,28483182383578,28483551517094,1790295328841000000,1000,1
728,152227380095201,1790295329074200051,28483187383578,28483555550946,1790295328845000000,1000,1
729,152227384075012,1790295329078179902,28483192383578,28483559397465,1790295328849000000,1000,1
730,152227387978447,1790295329082083317,28483197383578,28483563349872,1790295328853000000,1000,1
731,152227391782683,1790295329085887503,28483202383578,28483567227242,1790295328857000000,1000,1
732,152227395954946,1790295329090059776,28483207383578,28483571100761,1790295328860000000,1000,1
733,152227399416795,1790295329093520703,28483212383578,28483574926391,1790295328864000000,1000,1
734,152227403773830,1790295329097878580,28483217383578,28483578826946,1790295328868000000,1000,1
735,152227403839244,1790295329097942160,28483222383578,28483582714687,1790295328872000000,1000,1
736,152227405035000,1790295329099138828,28483227383578,28483583351909,1790295328873000000,1000,1
737,152227405151581,1790295329099254627,28483232383578,28483584120094,1790295328873000000,1000,1
738,152227405641940,1790295329099745758,28483237383578,28483584667020,1790295328874000000,1000,1
739,152227406991867,1790295329101095825,28483242383578,28483585180354,1790295328875000000,1000,1
740,152227407114329,1790295329101217486,28483247383578,28483585688057,1790295328875000000,1000,1
741,152227407126943,1790295329101229879,28483252383578,28483586153761,1790295328876000000,1000,1
740,152227407133345,1790295329101236221,28483247383578,28483585688057,1790295328875000000,1000,1
741,152227407140950,1790295329101243796,28483252383578,28483586153761,1790295328876000000,1000,1
742,152227407753129,1790295329101857358,28483257383578,28483586608391,1790295328876000000,1000,1
743,152227407778798,1790295329101881744,28483262383578,28483587065354,1790295328876000000,1000,1
744,152227409206483,1790295329103310722,28483267383578,28483587477909,1790295328877000000,1000,1
745,152227410165630,1790295329104269558,28483272383578,28483587908354,1790295328877000000,1000,1
746,152227410191249,1790295329104294155,28483277383578,28483588425317,1790295328878000000,1000,1
747,152227411273239,1790295329105377137,28483282383578,28483588872465,1790295328878000000,1000,1
748,152227411298026,1790295329105400972,28483287383578,28483589338946,1790295328879000000,1000,1
749,152227417195129,1790295329111300439,28483292383578,28483589825761,1790295328879000000,1000,1
750,152227417239463,1790295329111342369,28483297383578,28483590323391,1790295328880000000,1000,1
751,152227417267396,1790295329111370252,28483302383578,28483590770539,1790295328880000000,1000,1
752,152227417275070,1790295329111377926,28483307383578,28483591223057,1790295328881000000,1000,1
753,152227417279899,1790295329111382745,28483312383578,28483591654354,1790295328881000000,1000,1
754,152227417285450,1790295329111388296,28483317383578,28483592143131,1790295328882000000,1000,1
755,152227418072601,1790295329112176529,28483322383578,28483592578465,1790295328882000000,1000,1
756,152227418097308,1790295329112200294,28483327383578,28483593067279,1790295328882000000,1000,1
757,152227418103770,1790295329112206636,28483332383578,28483593504909,1790295328883000000,1000,1
758,152227418108629,1790295329112211496,28483337383578,28483593945391,1790295328883000000,1000,1
759,152227418113719,1790295329112216575,28483342383578,28483594364354,1790295328884000000,1000,1
760,152227418118238,1790295329112221094,28483347383578,28483594797168,1790295328884000000,1000,1
761,152227418122736,1790295329112225592,28483352383578,28483595224650,1790295328885000000,1000,1
762,152227418127225,1790295329112230081,28483357383578,28483595656502,1790295328885000000,1000,1
763,152227418131613,1790295329112234469,28483362383578,28483596239687,1790295328886000000,1000,1
764,152227418137093,1790295329112239939,28483367383578,28483596714242,1790295328886000000,1000,1
765,152227418141562,1790295329112244418,28483372383578,28483597147279,1790295328887000000,1000,1
766,152227418698657,1790295329112802545,28483377383578,28483597584946,1790295328887000000,1000,1
767,152227419564538,1790295329113668496,28483382383578,28483598035131,1790295328887000000,1000,1
768,152227419632266,1790295329113735202,28483387383578,28483598465539,1790295328888000000,1000,1
769,152227419982109,1790295329114085266,28483392383578,28483599003539,1790295328888000000,1000,1
770,152227420673468,1790295329114777306,28483397383578,28483599461872,1790295328889000000,1000,1
771,152227421639208,1790295329115743176,28483402383578,28483599891316,1790295328889000000,1000,1
772,152227421677110,1790295329115780036,28483407383578,28483600618279,1790295328890000000,1000,1
773,152227422156788,1790295329116261157,28483412383578,28483601140391,1790295328891000000,1000,1
774,152227422338021,1790295329116441188,28483417383578,28483601616539,1790295328891000000,1000,1
775,152227422832117,1790295329116935274,28483422383578,28483602088428,1790295328891000000,1000,1
776,152227423379584,1790295329117482631,28483427383578,28483602544168,1790295328892000000,1000,1
777,152227423751509,1790295329117854555,28483432383578,28483602961020,1790295328892000000,1000,1
778,152227424751203,1790295329118855121,28483437383578,28483603445687,1790295328893000000,1000,1
779,152227424776461,1790295329118879407,28483442383578,28483603882983,1790295328893000000,1000,1
780,152227425768921,1790295329119872839,28483447383578,28483604469094,1790295328894000000,1000,1
781,152227426220457,1790295329120324395,28483452383578,28483604957020,1790295328894000000,1000,1
782,152227426363588,1790295329120466744,28483457383578,28483605402983,1790295328895000000,1000,1
783,152227428026999,1790295329122130978,28483462383578,28483605797909,1790295328895000000,1000,1
784,152227428130225,1790295329122233382,28483467383578,28483607204835,1790295328897000000,1000,1
785,152227428803460,1790295329122907288,28483472383578,28483607712020,1790295328897000000,1000,1
786,152227428961219,1790295329123064266,28483477383578,28483608206724,1790295328898000000,1000,1
787,152227429679921,1790295329123783729,28483482383578,28483608645502,1790295328898000000,1000,1
788,152227429712883,1790295329123815840,28483487383578,28483609062279,1790295328898000000,1000,1
789,152227430208853,1790295329124311900,28483492383578,28483609475168,1790295328899000000,1000,1
790,152227430624150,1790295329124727196,28483497383578,28483609859316,1790295328899000000,1000,1
791,152227431039587,1790295329125142633,28483502383578,28483610278020,1790295328900000000,1000,1
792,152227431327452,1790295329125430499,28483507383578,28483610690354,1790295328900000000,1000,1
793,152227432683371,1790295329126787300,28483512383578,28483611118428,1790295328900000000,1000,1
794,152227432708990,1790295329126811916,28483517383578,28483611604428,1790295328901000000,1000,1
795,152227433508885,1790295329127613054,28483522383578,28483612179502,1790295328902000000,1000,1
796,152227433682825,1790295329127785982,28483527383578,28483612655465,1790295328902000000,1000,1
797,152227434274977,1790295329128378925,28483532383578,28483613106094,1790295328902000000,1000,1
798,152227434758653,1790295329128861810,28483537383578,28483613519205,1790295328903000000,1000,1
799,152227435303666,1790295329129406823,28483542383578,28483613996650,1790295328903000000,1000,1
800,152227448642913,1790295329142747743,28483547383578,28483627252724,1790295328917000000,1000,1
801,152227448685975,1790295329142788911,28483552383578,28483627770650,1790295328917000000,1000,1
802,152227449372325,1790295329143477526,28483557383578,28483628305205,1790295328918000000,1000,1
803,152227449414365,1790295329143517311,28483562383578,28483628737761,1790295328918000000,1000,1
804,152227450170758,1790295329144275468,28483567383578,28483629136242,1790295328919000000,1000,1
805,152227450211726,1790295329144314652,28483572383578,28483629521465,1790295328919000000,1000,1
806,152227451162828,1790295329145267628,28483577383578,28483629883613,1790295328919000000,1000,1
807,152227451942645,1790295329146047495,28483582383578,28483630263650,1790295328920000000,1000,1
808,152227451985336,1790295329146088272,28483587383578,28483630590094,1790295328920000000,1000,1
809,152227451991668,1790295329146094544,28483592383578,28483630917316,1790295328920000000,1000,1
810,152227451998190,1790295329146101047,28483597383578,28483631232835,1790295328921000000,1000,1
810,152227452060278,1790295329146163134,28483597383578,28483631232835,1790295328921000000,1000,1
811,152227452853220,1790295329146958241,28483602383578,28483631554020,1790295328921000000,1000,1
812,152227452903045,1790295329147005951,28483607383578,28483631867650,1790295328921000000,1000,1
813,152227452907784,1790295329147010630,28483612383578,28483632232465,1790295328922000000,1000,1
814,152227453415365,1790295329147520366,28483617383578,28483632548020,1790295328922000000,1000,1
815,152227453484977,1790295329147587894,28483622383578,28483632869316,1790295328922000000,1000,1
816,152227454610720,1790295329148714618,28483627383578,28483633182650,1790295328923000000,1000,1
817,152227454635547,1790295329148738463,28483632383578,28483633509724,1790295328923000000,1000,1
818,152227458811619,1790295329152916610,28483637383578,28483637388576,1790295328927000000,1000,1
819,152227463441371,1790295329157546171,28483642383578,28483642386872,1790295328932000000,1000,1
820,152227468464268,1790295329162569168,28483647383578,28483647387946,1790295328937000000,1000,1
821,152227473945973,1790295329168049892,28483652383578,28483652385872,1790295328942000000,1000,1
822,152227478394071,1790295329172497939,28483657383578,28483657387353,1790295328947000000,1000,1
823,152227483787518,1790295329177892628,28483662383578,28483662387465,1790295328952000000,1000,1
824,152227488979154,1790295329183082942,28483667383578,28483667386094,1790295328957000000,1000,1
825,152227493569902,1790295329187674151,28483672383578,28483672389650,1790295328962000000,1000,1
826,152227498441941,1790295329192546140,28483677383578,28483677387983,1790295328967000000,1000,1
827,152227503711905,1790295329197816725,28483682383578,28483682389131,1790295328972000000,1000,1
828,152227509266669,1790295329203370587,28483687383578,28483687387650,1790295328977000000,1000,1
829,152227517540854,1790295329211645714,28483692383578,28483692389094,1790295328982000000,1000,1
830,152227518388340,1790295329212492248,28483697383578,28483697386687,1790295328987000000,1000,1
831,152227523626755,1790295329217731735,28483702383578,28483702386687,1790295328992000000,1000,1
832,152227528577062,1790295329222681321,28483707383578,28483707387687,1790295328997000000,1000,1
833,152227534062094,1790295329228166002,28483712383578,28483712387279,1790295329002000000,1000,1
834,152227538464225,1790295329232568143,28483717383578,28483717388835,1790295329007000000,1000,1
835,152227543476961,1790295329237582221,28483722383578,28483722388353,1790295329012000000,1000,1
836,152227549686786,1790295329243790754,28483727383578,28483727388872,1790295329017000000,1000,1
837,152227553893836,1790295329247997785,28483732383578,28483732387613,1790295329022000000,1000,1
838,152227558914317,1790295329253019187,28483737383578,28483737588724,1790295329027000000,1000,1
839,152227563855868,1790295329257960778,28483742383578,28483742385687,1790295329032000000,1000,1
840,152227584331902,1790295329278437032,28483747383578,28483747387983,1790295329037000000,1000,1
841,152227585732194,1790295329279837375,28483752383578,28483752392539,1790295329042000000,1000,1
842,152227585940168,1790295329280043335,28483757383578,28483757388613,1790295329047000000,1000,1
843,152227585952392,1790295329280055308,28483762383578,28483762386316,1790295329052000000,1000,1
844,152227588187065,1790295329282292055,28483767383578,28483767386205,1790295329057000000,1000,1
845,152227593946667,1790295329288051557,28483772383578,28483772393798,1790295329062000000,1000,1
846,152227599041129,1790295329293145047,28483777383578,28483777390057,1790295329067000000,1000,1
847,152227603611988,1790295329297715926,28483782383578,28483782386020,1790295329072000000,1000,1
848,152227608386864,1790295329302491754,28483787383578,28483787388724,1790295329077000000,1000,1
849,152227614636655,1790295329308740563,28483792383578,28483792392057,1790295329082000000,1000,1
850,152227619017013,1790295329313122173,28483797383578,28483797390613,1790295329087000000,1000,1
851,152227623872612,1790295329317976530,28483802383578,28483802388427,1790295329092000000,1000,1
852,152227628919624,1790295329323024845,28483807383578,28483807388761,1790295329097000000,1000,1
853,152227633841107,1790295329327945025,28483812383578,28483812390798,1790295329102000000,1000,1
854,152227639066918,1790295329333171788,28483817383578,28483817393613,1790295329107000000,1000,1
855,152227643791239,1790295329337896099,28483822383578,28483822584798,1790295329112000000,1000,1
856,152227648640414,1790295329342745274,28483827383578,28483827388427,1790295329117000000,1000,1
857,152227653684822,1790295329347789692,28483832383578,28483832387909,1790295329122000000,1000,1
858,152227658994672,1790295329353099622,28483837383578,28483837387613,1790295329127000000,1000,1
859,152227663874247,1790295329357979107,28483842383578,28483842392798,1790295329132000000,1000,1
860,152227668552789,1790295329362657829,28483847383578,28483847385242,1790295329137000000,1000,1
861,152227673558363,1790295329367663253,28483852383578,28483852387390,1790295329142000000,1000,1
862,152227678882510,1790295329372987450,28483857383578,28483857391390,1790295329147000000,1000,1
863,152227683906997,1790295329378011947,28483862383578,28483862392057,1790295329152000000,1000,1
864,152227688535386,1790295329382640296,28483867383578,28483867591057,1790295329157000000,1000,1
865,152227693612794,1790295329387717934,28483872383578,28483872388724,1790295329162000000,1000,1
866,152227698299343,1790295329392404163,28483877383578,28483877387427,1790295329167000000,1000,1
867,152227703895436,1790295329398000326,28483882383578,28483882393650,1790295329172000000,1000,1
868,152227708952565,1790295329403057515,28483887383578,28483887391761,1790295329177000000,1000,1
869,152227713521672,1790295329407626502,28483892383578,28483892387427,1790295329182000000,1000,1
870,152227721263740,1790295329415368701,28483897383578,28483897387131,1790295329187000000,1000,1
871,152227723938246,1790295329418043177,28483902383578,28483902392168,1790295329192000000,1000,1
872,152227729138509,1790295329423243379,28483907383578,28483907392909,1790295329197000000,1000,1
873,152227733677318,1790295329427782369,28483912383578,28483912392835,1790295329202000000,1000,1
874,152227738596207,1790295329432701087,28483917383578,28483917389057,1790295329207000000,1000,1
875,152227743523922,1790295329437629043,28483922383578,28483922386279,1790295329212000000,1000,1
876,152227749023913,1790295329443129043,28483927383578,28483927411872,1790295329217000000,1000,1
877,152227754618782,1790295329448723561,28483932383578,28483932390057,1790295329222000000,1000,1
878,152227759293098,1790295329453397767,28483937383578,28483937387946,1790295329227000000,1000,1
879,152227763603474,1790295329457708444,28483942383578,28483942388427,1790295329232000000,1000,1
880,152227768612001,1790295329462716911,28483947383578,28483947385650,1790295329237000000,1000,1
881,152227773967348,1790295329468072328,28483952383578,28483952388687,1790295329242000000,1000,1
882,152227779670433,1790295329473775293,28483957383578,28483957392909,1790295329247000000,1000,1
883,152227783574839,1790295329477679779,28483962383578,28483962388687,1790295329252000000,1000,1
884,152227788917201,1790295329483021019,28483967383578,28483967388242,1790295329257000000,1000,1
885,152227793461530,1790295329487564697,28483972383578,28483972391650,1790295329262000000,1000,1
886,152227808494180,1790295329502597377,28483977383578,28483977389724,1790295329267000000,1000,1
887,152227808520119,1790295329502623075,28483982383578,28483982388724,1790295329272000000,1000,1
888,152227808551589,1790295329502654455,28483987383578,28483987386538,1790295329277000000,1000,1
889,152227813350599,1790295329507453766,28483992383578,28483992385242,1790295329282000000,1000,1
890,152227819075706,1790295329513180616,28483997383578,28483997387613,1790295329287000000,1000,1
891,152227831835248,1790295329525940098,28484002383578,28484002391761,1790295329292000000,1000,1
892,152227831876967,1790295329525979913,28484007383578,28484007387538,1790295329297000000,1000,1
893,152227833462511,1790295329527567441,28484012383578,28484012386094,1790295329302000000,1000,1
894,152227838965557,1790295329533070397,28484017383578,28484017466316,1790295329307000000,1000,1
895,152227843856023,1790295329537960993,28484022383578,28484022392279,1790295329312000000,1000,1
896,152227848403118,1790295329542508008,28484027383578,28484027388131,1790295329317000000,1000,1
897,152227853372904,1790295329547477754,28484032383578,28484032386464,1790295329322000000,1000,1
898,152227858742045,1790295329552846885,28484037383578,28484037387205,1790295329327000000,1000,1
899,152227863768586,1790295329557873456,28484042383578,28484042387613,1790295329332000000,1000,1
900,152227868549565,1790295329562654665,28484047383578,28484047388501,1790295329337000000,1000,1
901,152227873477591,1790295329567581530,28484052383578,28484052387020,1790295329342000000,1000,1
902,152227878397823,1790295329572501782,28484057383578,28484057386390,1790295329347000000,1000,1
903,152227883998945,1790295329578130185,28484062383578,28484062466946,1790295329352000000,1000,1
904,152227888730148,1790295329582834086,28484067383578,28484067390983,1790295329357000000,1000,1
905,152227893717827,1790295329587822727,28484072383578,28484072386835,1790295329362000000,1000,1
906,152227898319867,1790295329592424336,28484077383578,28484077386538,1790295329367000000,1000,1
907,152227903595280,1790295329597700140,28484082383578,28484082392798,1790295329372000000,1000,1
908,152227908606154,1790295329602709320,28484087383578,28484087390798,1790295329377000000,1000,1
909,152227913215537,1790295329607318713,28484092383578,28484092391057,1790295329382000000,1000,1
910,152227918213194,1790295329612316351,28484097383578,28484097387724,1790295329387000000,1000,1
911,152227925538072,1790295329619641228,28484102383578,28484102387501,1790295329392000000,1000,1
912,152227929068229,1790295329623173109,28484107383578,28484107444612,1790295329397000000,1000,1
913,152227934083881,1790295329628188841,28484112383578,28484112392020,1790295329402000000,1000,1
914,152227938711158,1790295329632816018,28484117383578,28484117387020,1790295329407000000,1000,1
915,152227943572188,1790295329637677058,28484122383578,28484122387020,1790295329412000000,1000,1
916,152227948951077,1790295329643055897,28484127383578,28484127388575,1790295329417000000,1000,1
917,152227953827756,1790295329647931655,28484132383578,28484132393353,1790295329422000000,1000,1
918,152227959003142,1790295329653108302,28484137383578,28484137387612,1790295329427000000,1000,1
919,152227963747549,1790295329657852399,28484142383578,28484142386983,1790295329432000000,1000,1
920,152227968720259,1790295329662825209,28484147383578,28484147386020,1790295329437000000,1000,1
921,152227973728838,1790295329667833798,28484152383578,28484152389464,1790295329442000000,1000,1
922,152227978714053,1790295329672818903,28484157383578,28484157387649,1790295329447000000,1000,1
923,152227984274338,1790295329678379248,28484162383578,28484162389687,1790295329452000000,1000,1
924,152227988967359,1790295329683072219,28484167383578,28484167387279,1790295329457000000,1000,1
925,152227993905493,1790295329688010373,28484172383578,28484172388427,1790295329462000000,1000,1
926,152227998773436,1790295329692878266,28484177383578,28484177387946,1790295329467000000,1000,1
927,152228003439657,1790295329697544537,28484182383578,28484182386761,1790295329472000000,1000,1
928,152228009173138,1790295329703278088,28484187383578,28484187390761,1790295329477000000,1000,1
929,152228013900655,1790295329708005464,28484192383578,28484192391168,1790295329482000000,1000,1
930,152228018709846,1790295329712815017,28484197383578,28484197387279,1790295329487000000,1000,1
931,152228023724195,1790295329717829065,28484202383578,28484202385872,1790295329492000000,1000,1
932,152228028399192,1790295329722504283,28484207383578,28484207388761,1790295329497000000,1000,1
933,152228033970728,1790295329728076169,28484212383578,28484212388316,1790295329502000000,1000,1
934,152228039298110,1790295329733403141,28484217383578,28484217387649,1790295329507000000,1000,1
935,152228043748752,1790295329737853562,28484222383578,28484222389057,1790295329512000000,1000,1
936,152228048398963,1790295329742503883,28484227383578,28484227387575,1790295329517000000,1000,1
937,152228053825632,1790295329747930522,28484232383578,28484232387168,1790295329522000000,1000,1
938,152228058604206,1790295329752709055,28484237383578,28484237387835,1790295329527000000,1000,1
939,152228063596213,1790295329757701344,28484242383578,28484242388724,1790295329532000000,1000,1
940,152228068543795,1790295329762648735,28484247383578,28484247386205,1790295329537000000,1000,1
941,152228073507710,1790295329767612420,28484252383578,28484252387131,1790295329542000000,1000,1
942,152228078925024,1790295329773030194,28484257383578,28484257392131,1790295329547000000,1000,1
943,152228083679710,1790295329777784911,28484262383578,28484262390798,1790295329552000000,1000,1
944,152228088553384,1790295329782658193,28484267383578,28484267388761,1790295329557000000,1000,1
945,152228093442236,1790295329787546936,28484272383578,28484272385464,1790295329562000000,1000,1
946,152228098791069,1790295329792894977,28484277383578,28484277387983,1790295329567000000,1000,1
947,152228103872496,1790295329797977406,28484282383578,28484282388798,1790295329572000000,1000,1
948,152228108742873,1790295329802847723,28484287383578,28484287391909,1790295329577000000,1000,1
949,152228113525283,1790295329807629221,28484292383578,28484292388316,1790295329582000000,1000,1
950,152228118477155,1790295329812582415,28484297383578,28484297388464,1790295329587000000,1000,1
951,152228123515931,1790295329817620771,28484302383578,28484302388538,1790295329592000000,1000,1
952,152228130295063,1790295329824399192,28484307383578,28484307385279,1790295329597000000,1000,1
953,152228133959737,1790295329828064657,28484312383578,28484312389094,1790295329602000000,1000,1
954,152228139630360,1790295329833735491,28484317383578,28484317391094,1790295329607000000,1000,1
955,152228143625668,1790295329837730528,28484322383578,28484322387761,1790295329612000000,1000,1
956,152228148402266,1790295329842506986,28484327383578,28484327386946,1790295329617000000,1000,1
957,152228153531594,1790295329847634751,28484332383578,28484332443131,1790295329622000000,1000,1
958,152228158539202,1790295329852642389,28484337383578,28484337387242,1790295329627000000,1000,1
959,152228163131443,1790295329857234589,28484342383578,28484342389205,1790295329632000000,1000,1
960,152228168213681,1790295329862316848,28484347383578,28484347385501,1790295329637000000,1000,1
961,152228173099066,1790295329867202333,28484352383578,28484352386835,1790295329642000000,1000,1
962,152228178622921,1790295329872726259,28484357383578,28484357387723,1790295329647000000,1000,1
963,152228184600447,1790295329878705687,28484362383578,28484362390242,1790295329652000000,1000,1
964,152228188539989,1790295329882645139,28484367383578,28484367388983,1790295329657000000,1000,1
965,152228193143040,1790295329887246958,28484372383578,28484372385427,1790295329662000000,1000,1
966,152228199199906,1790295329893303814,28484377383578,28484377436427,1790295329667000000,1000,1
967,152228203680333,1790295329897784311,28484382383578,28484382391723,1790295329672000000,1000,1
968,152228208724097,1790295329902829337,28484387383578,28484387388798,1790295329677000000,1000,1
969,152228213562404,1790295329907666332,28484392383578,28484392387612,1790295329682000000,1000,1
970,152228218482175,1790295329912587065,28484397383578,28484397386909,1790295329687000000,1000,1
971,152228223536280,1790295329917641381,28484402383578,28484402386686,1790295329692000000,1000,1
972,152228228384115,1790295329922488995,28484407383578,28484407387094,1790295329697000000,1000,1
973,152228233830893,1790295329927934801,28484412383578,28484412390723,1790295329702000000,1000,1
974,152228239585055,1790295329933690145,28484417383578,28484417389094,1790295329707000000,1000,1
975,152228244179961,1790295329938284841,28484422383578,28484422386279,1790295329712000000,1000,1
976,152228248347034,1790295329942452034,28484427383578,28484427386872,1790295329717000000,1000,1
977,152228253819242,1790295329947923160,28484432383578,28484432388057,1790295329722000000,1000,1
978,152228260223165,1790295329954328045,28484437383578,28484437387872,1790295329727000000,1000,1
979,152228263961426,1790295329958066416,28484442383578,28484442386390,1790295329732000000,1000,1
980,152228269110812,1790295329963215652,28484447383578,28484447389057,1790295329737000000,1000,1
981,152228273769187,1790295329967874047,28484452383578,28484452391872,1790295329742000000,1000,1
982,152228278735105,1790295329972840235,28484457383578,28484457387835,1790295329747000000,1000,1
983,152228283683029,1790295329977787879,28484462383578,28484462387946,1790295329752000000,1000,1
984,152228288731634,1790295329982836765,28484467383578,28484467388427,1790295329757000000,1000,1
985,152228294355418,1790295329988460198,28484472383578,28484472386316,1790295329762000000,1000,1
986,152228298913614,1790295329993018604,28484477383578,28484477389723,1790295329767000000,1000,1
987,152228303540671,1790295329997644569,28484482383578,28484482390760,1790295329772000000,1000,1
988,152228308366793,1790295330002470751,28484487383578,28484487386353,1790295329777000000,1000,1
989,152228313488005,1790295330007591914,28484492383578,28484492389427,1790295329782000000,1000,1
990,152228318772748,1790295330012878069,28484497383578,28484497391020,1790295329787000000,1000,1
991,152228323957098,1790295330018062309,28484502383578,28484502392760,1790295329792000000,1000,1
992,152228328878673,1790295330022983553,28484507383578,28484507391242,1790295329797000000,1000,1
993,152228335563628,1790295330029668538,28484512383578,28484512393390,1790295329802000000,1000,1
994,152228338949722,1790295330033054612,28484517383578,28484517390575,1790295329807000000,1000,1
995,152228344340476,1790295330038445586,28484522383578,28484522391946,1790295329812000000,1000,1
996,152228348801007,1790295330042905937,28484527383578,28484527391131,1790295329817000000,1000,1
997,152228353359592,1790295330047463510,28484532383578,28484532389168,1790295329822000000,1000,1
998,152228358602616,1790295330052706534,28484537383578,28484537390242,1790295329827000000,1000,1
999,152228363341584,1790295330057446424,28484542383578,28484542386538,1790295329832000000,1000,1
1000,152228380650115,1790295330074755026,28484547383578,28484559483575,1790295329849000000,1000,1
1001,152228380691153,1790295330074794079,28484552383578,28484559938686,1790295329849000000,1000,1
1002,152228380697345,1790295330074800221,28484557383578,28484560362316,1790295329850000000,1000,1
1003,152228383664275,1790295330077769105,28484562383578,28484562388834,1790295329852000000,1000,1
1004,152228389007278,1790295330083112168,28484567383578,28484567387205,1790295329857000000,1000,1
1005,152228393628644,1790295330087733554,28484572383578,28484572386834,1790295329862000000,1000,1
1006,152228398704670,1790295330092809459,28484577383578,28484577386649,1790295329867000000,1000,1
1007,152228403561870,1790295330097666860,28484582383578,28484582389538,1790295329872000000,1000,1
1008,152228408909913,1790295330103014743,28484587383578,28484587388946,1790295329877000000,1000,1
1009,152228414624790,1790295330108730292,28484592383578,28484592390242,1790295329882000000,1000,1
1010,152228418499071,1790295330112603981,28484597383578,28484597386686,1790295329887000000,1000,1
1011,152228423532757,1790295330117637667,28484602383578,28484602388908,1790295329892000000,1000,1
1012,152228428618841,1790295330122723982,28484607383578,28484607385871,1790295329897000000,1000,1
1013,152228435010922,1790295330129115832,28484612383578,28484612388538,1790295329902000000,1000,1
1014,152228439666172,1790295330133771353,28484617383578,28484617390501,1790295329907000000,1000,1
1015,152228443790655,1790295330137894553,28484622383578,28484622385834,1790295329912000000,1000,1
1016,152228449553343,1790295330143658293,28484627383578,28484627388946,1790295329917000000,1000,1
1017,152228453736118,1790295330147841068,28484632383578,28484632389760,1790295329922000000,1000,1
1018,152228458833574,1790295330152938404,28484637383578,28484637390538,1790295329927000000,1000,1
1019,152228463599171,1790295330157704141,28484642383578,28484642385871,1790295329932000000,1000,1
1020,152228468633149,1790295330162737929,28484647383578,28484647390057,1790295329937000000,1000,1
1021,152228473823533,1790295330167928543,28484652383578,28484652389575,1790295329942000000,1000,1
1022,152228479440876,1790295330173545846,28484657383578,28484657386945,1790295329947000000,1000,1
1023,152228483945781,1790295330178050911,28484662383578,28484662388723,1790295329952000000,1000,1
1024,152228489608459,1790295330183713319,28484667383578,28484667389390,1790295329957000000,1000,1
1025,152228494699503,1790295330188803802,28484672383578,28484672390575,1790295329962000000,1000,1
1026,152228499300591,1790295330193405401,28484677383578,28484677390205,1790295329967000000,1000,1
1027,152228504421461,1790295330198526401,28484682383578,28484682393464,1790295329972000000,1000,1
1028,152228508807511,1790295330202912321,28484687383578,28484687389464,1790295329977000000,1000,1
1029,152228513718425,1790295330207822704,28484692383578,28484692391612,1790295329982000000,1000,1
1030,152228518359979,1790295330212464558,28484697383578,28484697386020,1790295329987000000,1000,1
1031,152228523427870,1790295330217532890,28484702383578,28484702390057,1790295329992000000,1000,1
1032,152228528856435,1790295330222961305,28484707383578,28484707393205,1790295329997000000,1000,1
1033,152228533878139,1790295330227982989,28484712383578,28484712389020,1790295330002000000,1000,1
1034,152228540955144,1790295330235060034,28484717383578,28484717389686,1790295330007000000,1000,1
1035,152228543320435,1790295330237425315,28484722383578,28484722387057,1790295330012000000,1000,1
1036,152228549227387,1790295330243332477,28484727383578,28484727391390,1790295330017000000,1000,1
1037,152228553812184,1790295330247917063,28484732383578,28484732389316,1790295330022000000,1000,1
1038,152228558753926,1790295330252859017,28484737383578,28484737389538,1790295330027000000,1000,1
1039,152228563611650,1790295330257716530,28484742383578,28484742387168,1790295330032000000,1000,1
1040,152228569125494,1790295330263230354,28484747383578,28484747391242,1790295330037000000,1000,1
1041,152228573808797,1790295330267913938,28484752383578,28484752388612,1790295330042000000,1000,1
1042,152228578896305,1790295330273001836,28484757383578,28484757391020,1790295330047000000,1000,1
1043,152228583584407,1790295330277689237,28484762383578,28484762388427,1790295330052000000,1000,1
1044,152228588636689,1790295330282741890,28484767383578,28484767386834,1790295330057000000,1000,1
1045,152228594032622,1790295330288137562,28484772383578,28484772391279,1790295330062000000,1000,1
1046,152228599557819,1790295330293662689,28484777383578,28484777387723,1790295330067000000,1000,1
1047,152228603556505,1790295330297661345,28484782383578,28484782389242,1790295330072000000,1000,1
1048,152228608962807,1790295330303066756,28484787383578,28484787387390,1790295330077000000,1000,1
1049,152228614238080,1790295330308342950,28484792383578,28484792389612,1790295330082000000,1000,1
1050,152228619092978,1790295330313197828,28484797383578,28484797389353,1790295330087000000,1000,1
1051,152228623429665,1790295330317534514,28484802383578,28484802385945,1790295330092000000,1000,1
1052,152228629114212,1790295330323219333,28484807383578,28484807388945,1790295330097000000,1000,1
1053,152228633671406,1790295330327776246,28484812383578,28484812388427,1790295330102000000,1000,1
1054,152228639443142,1790295330333548242,28484817383578,28484817389019,1790295330107000000,1000,1
1055,152228644433044,1790295330338537934,28484822383578,28484822388760,1790295330112000000,1000,1
1056,152228649408781,1790295330343513621,28484827383578,28484827489686,1790295330117000000,1000,1
1057,152228653563342,1790295330347667270,28484832383578,28484832389242,1790295330122000000,1000,1
1058,152228658520062,1790295330352623980,28484837383578,28484837386945,1790295330127000000,1000,1
1059,152228663519995,1790295330357624905,28484842383578,28484842389686,1790295330132000000,1000,1
1060,152228669243959,1790295330363349000,28484847383578,28484847389131,1790295330137000000,1000,1
1061,152228674569979,1790295330368673957,28484852383578,28484852394019,1790295330142000000,1000,1
1062,152228678366943,1790295330372471212,28484857383578,28484857386575,1790295330147000000,1000,1
1063,152228683645123,1790295330377749963,28484862383578,28484862388575,1790295330152000000,1000,1
1064,152228688789550,1790295330382894480,28484867383578,28484867386760,1790295330157000000,1000,1
1065,152228693742702,1790295330387847322,28484872383578,28484872399316,1790295330162000000,1000,1
1066,152228698664047,1790295330392769167,28484877383578,28484877388353,1790295330167000000,1000,1
1067,152228703684466,1790295330397789326,28484882383578,28484882392538,1790295330172000000,1000,1
1068,152228709440622,1790295330403545512,28484887383578,28484887390797,1790295330177000000,1000,1
1069,152228713667470,1790295330407772420,28484892383578,28484892389538,1790295330182000000,1000,1
1070,152228718750019,1790295330412854839,28484897383578,28484897391279,1790295330187000000,1000,1
1071,152228723597523,1790295330417702393,28484902383578,28484902388834,1790295330192000000,1000,1
1072,152228728793317,1790295330422898227,28484907383578,28484907390056,1790295330197000000,1000,1
1073,152228733553745,1790295330427657653,28484912383578,28484912388093,1790295330202000000,1000,1
1074,152228739126313,1790295330433231263,28484917383578,28484917447649,1790295330207000000,1000,1
1075,152228745124296,1790295330439229206,28484922383578,28484922388390,1790295330212000000,1000,1
1076,152228748555045,1790295330442660346,28484927383578,28484927385982,1790295330217000000,1000,1
1077,152228753661871,1790295330447766811,28484932383578,28484932390168,1790295330222000000,1000,1
1078,152228758816537,1790295330452920445,28484937383578,28484937390242,1790295330227000000,1000,1
1079,152228763763057,1790295330457866965,28484942383578,28484942394649,1790295330232000000,1000,1
1080,152228768824286,1790295330462928184,28484947383578,28484947390982,1790295330237000000,1000,1
1081,152228773693912,1790295330467799073,28484952383578,28484952389501,1790295330242000000,1000,1
1082,152228778445414,1790295330472550223,28484957383578,28484957387056,1790295330247000000,1000,1
1083,152228783931385,1790295330478036536,28484962383578,28484962392168,1790295330252000000,1000,1
1084,152228789156545,1790295330483260303,28484967383578,28484967387316,1790295330257000000,1000,1
1085,152228793828937,1790295330487932014,28484972383578,28484972386501,1790295330262000000,1000,1
1086,152228798267056,1790295330492370223,28484977383578,28484977387205,1790295330267000000,1000,1
1087,152228803480113,1790295330497583270,28484982383578,28484982388723,1790295330272000000,1000,1
1088,152228808878759,1790295330502983910,28484987383578,28484987391797,1790295330277000000,1000,1
1089,152228813391439,1790295330507495347,28484992383578,28484992388797,1790295330282000000,1000,1
1090,152228818691340,1790295330512796240,28484997383578,28484997387538,1790295330287000000,1000,1
1091,152228823589318,1790295330517694158,28485002383578,28485002386538,1790295330292000000,1000,1
1092,152228829016911,1790295330523121921,28485007383578,28485007459982,1790295330297000000,1000,1
1093,152228834644003,1790295330528749323,28485012383578,28485012390871,1790295330302000000,1000,1
1094,152228838507361,1790295330532612251,28485017383578,28485017386612,1790295330307000000,1000,1
1095,152228844372613,1790295330538477884,28485022383578,28485022388575,1790295330312000000,1000,1
1096,152228848876937,1790295330542981877,28485027383578,28485027389093,1790295330317000000,1000,1
1097,152228853914902,1790295330548019752,28485032383578,28485032392427,1790295330322000000,1000,1
1098,152228858731467,1790295330552836286,28485037383578,28485037386279,1790295330327000000,1000,1
1099,152228863699229,1790295330557803127,28485042383578,28485042389205,1790295330332000000,1000,1
1100,152228868808789,1790295330562913990,28485047383578,28485047388167,1790295330337000000,1000,1
1101,152228873919591,1790295330568023810,28485052383578,28485052525797,1790295330342000000,1000,1
1102,152228879836191,1790295330573941000,28485057383578,28485057390649,1790295330347000000,1000,1
1103,152228883622623,1790295330577727493,28485062383578,28485062386316,1790295330352000000,1000,1
1104,152228888772510,1790295330582876418,28485067383578,28485067387242,1790295330357000000,1000,1
1105,152228893932226,1790295330588036134,28485072383578,28485072390464,1790295330362000000,1000,1
1106,152228898752417,1790295330592856776,28485077383578,28485077392538,1790295330367000000,1000,1
1107,152228903624107,1790295330597730309,28485082383578,28485082386056,1790295330372000000,1000,1
1108,152228908587731,1790295330602690988,28485087383578,28485087389575,1790295330377000000,1000,1
1109,152228914401736,1790295330608506615,28485092383578,28485092387316,1790295330382000000,1000,1
1110,152228919098913,1790295330613203753,28485097383578,28485097443834,1790295330387000000,1000,1
1111,152228924817297,1790295330618922207,28485102383578,28485102387760,1790295330392000000,1000,1
1112,152228928789864,1790295330622894754,28485107383578,28485107385723,1790295330397000000,1000,1
1113,152228933549812,1790295330627655053,28485112383578,28485112389130,1790295330402000000,1000,1
1114,152228939144412,1790295330633249252,28485117383578,28485117387945,1790295330407000000,1000,1
1115,152228943957469,1790295330638062630,28485122383578,28485122391390,1790295330412000000,1000,1
1116,152228950945539,1790295330645050689,28485127383578,28485127388575,1790295330417000000,1000,1
1117,152228954625611,1790295330648730541,28485132383578,28485132389167,1790295330422000000,1000,1
1118,152228958535729,1790295330652639967,28485137383578,28485137386093,1790295330427000000,1000,1
1119,152228964945151,1790295330659050101,28485142383578,28485142442945,1790295330432000000,1000,1
1120,152228969693949,1790295330663797877,28485147383578,28485147390204,1790295330437000000,1000,1
1121,152228973875681,1790295330667979919,28485152383578,28485152386575,1790295330442000000,1000,1
1122,152228978718455,1790295330672823716,28485157383578,28485157387908,1790295330447000000,1000,1
1123,152228983972610,1790295330678078091,28485162383578,28485162388723,1790295330452000000,1000,1
1124,152228989194764,1790295330683299614,28485167383578,28485167391649,1790295330457000000,1000,1
1125,152228993666284,1790295330687770192,28485172383578,28485172387612,1790295330462000000,1000,1
1126,152228998763712,1790295330692868852,28485177383578,28485177388390,1790295330467000000,1000,1
1127,152229003500637,1790295330697604535,28485182383578,28485182386501,1790295330472000000,1000,1
1128,152229009190194,1790295330703295064,28485187383578,28485187441390,1790295330477000000,1000,1
1129,152229014602459,1790295330708707309,28485192383578,28485192389241,1790295330482000000,1000,1
1130,152229018741860,1790295330712846710,28485197383578,28485197386056,1790295330487000000,1000,1
1131,152229023839788,1790295330717944969,28485202383578,28485202387130,1790295330492000000,1000,1
1132,152229029031565,1790295330723136445,28485207383578,28485207388649,1790295330497000000,1000,1
1133,152229033838522,1790295330727943492,28485212383578,28485212391316,1790295330502000000,1000,1
1134,152229038516022,1790295330732620952,28485217383578,28485217389612,1790295330507000000,1000,1
1135,152229043531385,1790295330737636525,28485222383578,28485222387649,1790295330512000000,1000,1
1136,152229049342404,1790295330743447535,28485227383578,28485227385982,1790295330517000000,1000,1
1137,152229054050074,1790295330748154974,28485232383578,28485232506612,1790295330522000000,1000,1
1138,152229059735125,1790295330753840005,28485237383578,28485237389353,1790295330527000000,1000,1
1139,152229063752316,1790295330757857256,28485242383578,28485242386612,1790295330532000000,1000,1
1140,152229068612532,1790295330762717382,28485247383578,28485247388241,1790295330537000000,1000,1
1141,152229073829476,1790295330767934456,28485252383578,28485252390538,1790295330542000000,1000,1
1142,152229079056800,1790295330773161640,28485257383578,28485257392538,1790295330547000000,1000,1
1143,152229083513001,1790295330777617841,28485262383578,28485262386241,1790295330552000000,1000,1
1144,152229088605989,1790295330782710879,28485267383578,28485267389056,1790295330557000000,1000,1
1145,152229093422274,1790295330787527194,28485272383578,28485272387241,1790295330562000000,1000,1
1146,152229099001494,1790295330793105392,28485277383578,28485277490315,1790295330567000000,1000,1
1147,152229104616202,1790295330798721373,28485282383578,28485282387575,1790295330572000000,1000,1
1148,152229108453071,1790295330802558001,28485287383578,28485287385538,1790295330577000000,1000,1
1149,152229113523566,1790295330807628306,28485292383578,28485292387871,1790295330582000000,1000,1
1150,152229119543612,1790295330813648872,28485297383578,28485297388501,1790295330587000000,1000,1
1151,152229123900517,1790295330818005356,28485302383578,28485302390649,1790295330592000000,1000,1
1152,152229128508657,1790295330822613486,28485307383578,28485307388130,1790295330597000000,1000,1
1153,152229133575424,1790295330827680274,28485312383578,28485312389501,1790295330602000000,1000,1
1154,152229138485807,1790295330832590687,28485317383578,28485317385464,1790295330607000000,1000,1
1155,152229143885788,1790295330837990637,28485322383578,28485322457353,1790295330612000000,1000,1
1156,152229149599122,1790295330843704223,28485327383578,28485327388130,1790295330617000000,1000,1
1157,152229155305383,1790295330849408550,28485332383578,28485332386797,1790295330622000000,1000,1
1158,152229158408091,1790295330852511248,28485337383578,28485337389056,1790295330627000000,1000,1
1159,152229163517150,1790295330857620317,28485342383578,28485342387501,1790295330632000000,1000,1
1160,152229168727712,1790295330862830868,28485347383578,28485347392019,1790295330637000000,1000,1
1161,152229173550237,1790295330867653394,28485352383578,28485352388093,1790295330642000000,1000,1
1162,152229178633719,1790295330872736865,28485357383578,28485357389612,1790295330647000000,1000,1
1163,152229183977313,1790295330878082193,28485362383578,28485362387093,1790295330652000000,1000,1
1164,152229189243839,1790295330883348759,28485367383578,28485367428390,1790295330657000000,1000,1
1165,152229193867970,1790295330887972149,28485372383578,28485372388056,1790295330662000000,1000,1
1166,152229198698302,1790295330892803252,28485377383578,28485377386686,1790295330667000000,1000,1
1167,152229203641796,1790295330897746665,28485382383578,28485382388241,1790295330672000000,1000,1
1168,152229209029942,1790295330903134972,28485387383578,28485387388760,1790295330677000000,1000,1
1169,152229214044873,1790295330908149914,28485392383578,28485392392315,1790295330682000000,1000,1
1170,152229218755558,1790295330912860488,28485397383578,28485397387389,1790295330687000000,1000,1
1171,152229224061982,1790295330918167203,28485402383578,28485402388797,1790295330692000000,1000,1
1172,152229228426922,1790295330922531802,28485407383578,28485407386982,1790295330697000000,1000,1
1173,152229233921842,1790295330928026862,28485412383578,28485412473871,1790295330702000000,1000,1
1174,152229238769315,1790295330932874135,28485417383578,28485417388686,1790295330707000000,1000,1
1175,152229243488897,1790295330937593737,28485422383578,28485422386130,1790295330712000000,1000,1
1176,152229248643193,1790295330942748073,28485427383578,28485427390204,1790295330717000000,1000,1
1177,152229264784167,1790295330958889277,28485432383578,28485432390315,1790295330722000000,1000,1
1178,152229264826267,1790295330958929213,28485437383578,28485437390723,1790295330727000000,1000,1
1179,152229264834753,1790295330958937599,28485442383578,28485442386352,1790295330732000000,1000,1
1180,152229268664458,1790295330962769389,28485447383578,28485447387834,1790295330737000000,1000,1
1181,152229273854902,1790295330967959752,28485452383578,28485452390945,1790295330742000000,1000,1
1182,152229278765376,1790295330972870196,28485457383578,28485457446278,1790295330747000000,1000,1
1183,152229283605566,1790295330977710376,28485462383578,28485462385982,1790295330752000000,1000,1
1184,152229288417403,1790295330982522073,28485467383578,28485467386686,1790295330757000000,1000,1
1185,152229293833835,1790295330987938695,28485472383578,28485472390797,1790295330762000000,1000,1
1186,152229298733979,1790295330992838849,28485477383578,28485477389982,1790295330767000000,1000,1
1187,152229303648571,1790295330997753410,28485482383578,28485482388686,1790295330772000000,1000,1
1188,152229308541651,1790295331002646591,28485487383578,28485487386315,1790295330777000000,1000,1
1189,152229313847251,1790295331007952291,28485492383578,28485492389797,1790295330782000000,1000,1
1190,152229318718250,1790295331012823090,28485497383578,28485497387871,1790295330787000000,1000,1
1191,152229324381046,1790295331018486227,28485502383578,28485502389723,1790295330792000000,1000,1
1192,152229328532331,1790295331022637231,28485507383578,28485507386167,1790295330797000000,1000,1
1193,152229334245215,1790295331028350185,28485512383578,28485512388019,1790295330802000000,1000,1
1194,152229338627236,1790295331032732046,28485517383578,28485517388538,1790295330807000000,1000,1
1195,152229343397393,1790295331037501301,28485522383578,28485522386241,1790295330812000000,1000,1
1196,152229348595101,1790295331042699971,28485527383578,28485527389686,1790295330817000000,1000,1
1197,152229353861629,1790295331047966479,28485532383578,28485532387463,1790295330822000000,1000,1
1198,152229359440758,1790295331053545628,28485537383578,28485537391093,1790295330827000000,1000,1
1199,152229363815697,1790295331057920566,28485542383578,28485542387538,1790295330832000000,1000,1
1200,152229383561487,1790295331077666317,28485547383578,28485562245575,1790295330852000000,1000,1
1201,152229383605701,1790295331077708637,28485552383578,28485562698278,1790295330852000000,1000,1
1202,152229383854683,1790295331077957850,28485557383578,28485563046538,1790295330852000000,1000,1
1203,152229383866756,1790295331077969672,28485562383578,28485563334204,1790295330853000000,1000,1
1204,152229388758031,1790295331082862871,28485567383578,28485567390315,1790295330857000000,1000,1
1205,152229393782140,1790295331087887070,28485572383578,28485572391834,1790295330862000000,1000,1
1206,152229398516489,1790295331092621339,28485577383578,28485577387130,1790295330867000000,1000,1
1207,152229403690961,1790295331097795801,28485582383578,28485582387538,1790295330872000000,1000,1
1208,152229409428131,1790295331103533301,28485587383578,28485587388982,1790295330877000000,1000,1
1209,152229413899783,1790295331108004663,28485592383578,28485592392463,1790295330882000000,1000,1
1210,152229418951663,1790295331113056784,28485597383578,28485597387649,1790295330887000000,1000,1
1211,152229423419568,1790295331117524378,28485602383578,28485602388130,1790295330892000000,1000,1
1212,152229428534750,1790295331122639590,28485607383578,28485607388834,1790295330897000000,1000,1
1213,152229433744077,1790295331127848917,28485612383578,28485612389019,1790295330902000000,1000,1
1214,152229439750227,1790295331133855147,28485617383578,28485617392500,1790295330907000000,1000,1
1215,152229443475234,1790295331137580144,28485622383578,28485622387056,1790295330912000000,1000,1
1216,152229448733807,1790295331142838647,28485627383578,28485627389723,1790295330917000000,1000,1
1217,152229453483364,1790295331147588324,28485632383578,28485632386093,1790295330922000000,1000,1
1218,152229462528812,1790295331156633692,28485637383578,28485637434538,1790295330927000000,1000,1
1219,152229463901071,1790295331158005891,28485642383578,28485642387463,1790295330932000000,1000,1
1220,152229468603479,1790295331162708459,28485647383578,28485647385649,1790295330937000000,1000,1
1221,152229473718420,1790295331167823440,28485652383578,28485652390537,1790295330942000000,1000,1
1222,152229478594497,1790295331172698425,28485657383578,28485657387352,1790295330947000000,1000,1
1223,152229483842930,1790295331177947750,28485662383578,28485662391167,1790295330952000000,1000,1
1224,152229488599753,1790295331182705244,28485667383578,28485667387649,1790295330957000000,1000,1
1225,152229493563587,1790295331187667505,28485672383578,28485672388500,1790295330962000000,1000,1
1226,152229498836736,1790295331192941857,28485677383578,28485677387093,1790295330967000000,1000,1
1227,152229504027581,1790295331198132491,28485682383578,28485682521982,1790295330972000000,1000,1
1228,152229509606009,1790295331203709918,28485687383578,28485687388537,1790295330977000000,1000,1
1229,152229513652775,1790295331207756684,28485692383578,28485692386834,1790295330982000000,1000,1
1230,152229518693937,1790295331212798867,28485697383578,28485697389426,1790295330987000000,1000,1
1231,152229523748954,1790295331217853804,28485702383578,28485702387871,1790295330992000000,1000,1
1232,152229529656334,1790295331223761154,28485707383578,28485707390760,1790295330997000000,1000,1
1233,152229533543269,1790295331227647187,28485712383578,28485712389056,1790295331002000000,1000,1
1234,152229538673889,1790295331232778839,28485717383578,28485717387574,1790295331007000000,1000,1
1235,152229543750215,1790295331237854163,28485722383578,28485722386352,1790295331012000000,1000,1
1236,152229548993739,1790295331243097637,28485727383578,28485727445389,1790295331017000000,1000,1
1237,152229554693969,1790295331248798879,28485732383578,28485732391352,1790295331022000000,1000,1
1238,152229558707792,1790295331252812892,28485737383578,28485737386649,1790295331027000000,1000,1
1239,152229564218533,1790295331258323373,28485742383578,28485742387945,1790295331032000000,1000,1
1240,152229568995343,1790295331263100203,28485747383578,28485747389389,1790295331037000000,1000,1
1241,152229574014290,1790295331268119230,28485752383578,28485752393167,1790295331042000000,1000,1
1242,152229578559371,1790295331272664481,28485757383578,28485757387649,1790295331047000000,1000,1
1243,152229583567830,1790295331277672800,28485762383578,28485762389241,1790295331052000000,1000,1
1244,152229588521964,1790295331282627485,28485767383578,28485767385871,1790295331057000000,1000,1
1245,152229594043886,1790295331288148946,28485772383578,28485772510426,1790295331062000000,1000,1
1246,152229598854951,1790295331292959821,28485777383578,28485777388167,1790295331067000000,1000,1
1247,152229603895050,1790295331297999910,28485782383578,28485782387871,1790295331072000000,1000,1
1248,152229608638255,1790295331302743065,28485787383578,28485787387834,1790295331077000000,1000,1
1249,152229613971780,1790295331308076710,28485792383578,28485792390130,1790295331082000000,1000,1
1250,152229619818085,1790295331313922955,28485797383578,28485797391945,1790295331087000000,1000,1
1251,152229623489181,1790295331317594201,28485802383578,28485802387019,1790295331092000000,1000,1
1252,152229628826072,1790295331322930962,28485807383578,28485807387834,1790295331097000000,1000,1
1253,152229633903791,1790295331328007689,28485812383578,28485812392834,1790295331102000000,1000,1
1254,152229639004054,1790295331333109185,28485817383578,28485817389463,1790295331107000000,1000,1
1255,152229643558503,1790295331337663333,28485822383578,28485822387463,1790295331112000000,1000,1
1256,152229648652723,1790295331342757613,28485827383578,28485827386686,1790295331117000000,1000,1
1257,152229653921756,1790295331348026646,28485832383578,28485832392648,1790295331122000000,1000,1
1258,152229658745255,1790295331352850095,28485837383578,28485837388723,1790295331127000000,1000,1
1259,152229669112974,1790295331363218194,28485842383578,28485842389352,1790295331132000000,1000,1
1260,152229669178558,1790295331363281504,28485847383578,28485847387019,1790295331137000000,1000,1
1261,152229673965257,1790295331368070117,28485852383578,28485852390908,1790295331142000000,1000,1
1262,152229678985949,1790295331373089867,28485857383578,28485857389537,1790295331147000000,1000,1
1263,152229683693138,1790295331377798108,28485862383578,28485862390315,1790295331152000000,1000,1
1264,152229689143634,1790295331383248645,28485867383578,28485867387686,1790295331157000000,1000,1
1265,152229693533040,1790295331387636938,28485872383578,28485872387463,1790295331162000000,1000,1
1266,152229702099098,1790295331396204279,28485877383578,28485877389871,1790295331167000000,1000,1
1267,152229703648464,1790295331397752362,28485882383578,28485882388426,1790295331172000000,1000,1
1268,152229709317424,1790295331403422425,28485887383578,28485887390241,1790295331177000000,1000,1
1269,152229713503894,1790295331407608784,28485892383578,28485892386686,1790295331182000000,1000,1
1270,152229718970432,1790295331413075692,28485897383578,28485897393352,1790295331187000000,1000,1
1271,152229723833826,1790295331417938656,28485902383578,28485902388685,1790295331192000000,1000,1
1272,152229728650079,1790295331422755390,28485907383578,28485907390093,1790295331197000000,1000,1
1273,152229733479679,1790295331427584779,28485912383578,28485912387426,1790295331202000000,1000,1
1274,152229738802253,1790295331432907093,28485917383578,28485917385982,1790295331207000000,1000,1
1275,152229743670545,1790295331437775425,28485922383578,28485922389982,1790295331212000000,1000,1
1276,152229748681319,1790295331442786169,28485927383578,28485927388019,1790295331217000000,1000,1
1277,152229753844361,1790295331447949241,28485932383578,28485932392648,1790295331222000000,1000,1
1278,152229758741176,1790295331452846056,28485937383578,28485937388204,1790295331227000000,1000,1
1279,152229764442208,1790295331458547088,28485942383578,28485942389871,1790295331232000000,1000,1
1280,152229769552550,1790295331463657430,28485947383578,28485947387463,1790295331237000000,1000,1
1281,152229774204023,1790295331468308863,28485952383578,28485952393760,1790295331242000000,1000,1
1282,152229778839996,1790295331472944876,28485957383578,28485957388834,1790295331247000000,1000,1
1283,152229783885105,1790295331477989945,28485962383578,28485962592611,1790295331252000000,1000,1
1284,152229788220417,1790295331482324155,28485967383578,28485967387426,1790295331257000000,1000,1
1285,152229793826027,1790295331487929184,28485972383578,28485972386056,1790295331262000000,1000,1
1286,152229798578031,1790295331492681187,28485977383578,28485977392611,1790295331267000000,1000,1
1287,152229803364247,1790295331497467414,28485982383578,28485982387722,1790295331272000000,1000,1
1288,152229808242900,1790295331502346057,28485987383578,28485987388167,1790295331277000000,1000,1
1289,152229813124108,1790295331507227265,28485992383578,28485992387611,1790295331282000000,1000,1
1290,152229819196181,1790295331513301342,28485997383578,28485997559611,1790295331287000000,1000,1
1291,152229823824470,1790295331517929340,28486002383578,28486002387834,1790295331292000000,1000,1
1292,152229828392224,1790295331522497655,28486007383578,28486007388722,1790295331297000000,1000,1
1293,152229833515389,1790295331527620219,28486012383578,28486012388241,1790295331302000000,1000,1
1294,152229838625561,1790295331532730431,28486017383578,28486017386093,1790295331307000000,1000,1
1295,152229844037835,1790295331538142705,28486022383578,28486022390982,1790295331312000000,1000,1
1296,152229849509460,1790295331543614300,28486027383578,28486027388352,1790295331317000000,1000,1
1297,152229853864451,1790295331547968359,28486032383578,28486032389722,1790295331322000000,1000,1
1298,152229859279561,1790295331553384391,28486037383578,28486037387093,1790295331327000000,1000,1
1299,152229864141040,1790295331558245900,28486042383578,28486042390389,1790295331332000000,1000,1
1300,152229872805886,1790295331566910776,28486047383578,28486047389130,1790295331337000000,1000,1
1301,152229874294176,1790295331568399036,28486052383578,28486052390352,1790295331342000000,1000,1
1302,152229878849997,1790295331572954907,28486057383578,28486057389426,1790295331347000000,1000,1
1303,152229883645411,1790295331577750312,28486062383578,28486062388278,1790295331352000000,1000,1
1304,152229888560864,1790295331582664783,28486067383578,28486067389537,1790295331357000000,1000,1
1305,152229893394702,1790295331587498610,28486072383578,28486072387648,1790295331362000000,1000,1
1306,152229898748535,1790295331592852453,28486077383578,28486077391463,1790295331367000000,1000,1
1307,152229903593213,1790295331597698224,28486082383578,28486082389722,1790295331372000000,1000,1
1308,152229908483128,1790295331602586305,28486087383578,28486087389537,1790295331377000000,1000,1
1309,152229913330330,1790295331607433497,28486092383578,28486092387426,1790295331382000000,1000,1
1310,152229918886587,1790295331612989764,28486097383578,28486097388982,1790295331387000000,1000,1
1311,152229923683614,1790295331617786801,28486102383578,28486102388389,1790295331392000000,1000,1
1312,152229928153453,1790295331622256629,28486107383578,28486107387796,1790295331397000000,1000,1
1313,152229933808116,1790295331627912786,28486112383578,28486112388796,1790295331402000000,1000,1
1314,152229939094340,1790295331633198258,28486117383578,28486117386352,1790295331407000000,1000,1
1315,152229943569118,1790295331637674459,28486122383578,28486122392389,1790295331412000000,1000,1
1316,152229949089397,1790295331643194287,28486127383578,28486127389315,1790295331417000000,1000,1
1317,152229953565197,1790295331647670147,28486132383578,28486132388908,1790295331422000000,1000,1
1318,152229958498421,1790295331652603281,28486137383578,28486137387167,1790295331427000000,1000,1
1319,152229964115383,1790295331658220273,28486142383578,28486142389278,1790295331432000000,1000,1
1320,152229968484321,1790295331662589301,28486147383578,28486147389685,1790295331437000000,1000,1
1321,152229973603299,1790295331667708310,28486152383578,28486152387833,1790295331442000000,1000,1
1322,152229978702581,1790295331672807421,28486157383578,28486157389130,1790295331447000000,1000,1
1323,152229984192201,1790295331678297101,28486162383578,28486162387093,1790295331452000000,1000,1
1324,152229988866786,1790295331682971676,28486167383578,28486167390537,1790295331457000000,1000,1
1325,152229993644659,1790295331687748567,28486172383578,28486172389204,1790295331462000000,1000,1
1326,152229998493736,1790295331692597674,28486177383578,28486177391019,1790295331467000000,1000,1
1327,152230003637280,1790295331697742390,28486182383578,28486182386796,1790295331472000000,1000,1
1328,152230009093798,1790295331703198868,28486187383578,28486187388945,1790295331477000000,1000,1
1329,152230013860178,1790295331707963986,28486192383578,28486192388167,1790295331482000000,1000,1
1330,152230018670501,1790295331712775431,28486197383578,28486197389019,1790295331487000000,1000,1
1331,152230023705450,1790295331717810289,28486202383578,28486202389315,1790295331492000000,1000,1
1332,152230028629489,1790295331722734539,28486207383578,28486207386019,1790295331497000000,1000,1
1333,152230033961069,1790295331728064987,28486212383578,28486212391796,1790295331502000000,1000,1
1334,152230039001899,1790295331733107300,28486217383578,28486217389982,1790295331507000000,1000,1
1335,152230043649164,1790295331737754294,28486222383578,28486222389945,1790295331512000000,1000,1
1336,152230048632303,1790295331742737554,28486227383578,28486227386278,1790295331517000000,1000,1
1337,152230053958184,1790295331748063014,28486232383578,28486232389945,1790295331522000000,1000,1
1338,152230059750578,1790295331753855458,28486237383578,28486237390500,1790295331527000000,1000,1
1339,152230063496706,1790295331757601966,28486242383578,28486242386463,1790295331532000000,1000,1
1340,152230068411245,1790295331762516075,28486247383578,28486247389463,1790295331537000000,1000,1
1341,152230076224899,1790295331770329759,28486252383578,28486252387463,1790295331542000000,1000,1
1342,152230078891891,1790295331772997051,28486257383578,28486257392611,1790295331547000000,1000,1
1343,152230084047678,1790295331778152829,28486262383578,28486262388833,1790295331552000000,1000,1
1344,152230088729479,1790295331782834739,28486267383578,28486267390389,1790295331557000000,1000,1
1345,152230093544771,1790295331787649651,28486272383578,28486272386315,1790295331562000000,1000,1
1346,152230098787263,1790295331792891502,28486277383578,28486277385982,1790295331567000000,1000,1
1347,152230103897565,1790295331798002695,28486282383578,28486282391389,1790295331572000000,1000,1
1348,152230108820722,1790295331802925973,28486287383578,28486287387352,1790295331577000000,1000,1
1349,152230113583414,1790295331807688355,28486292383578,28486292388759,1790295331582000000,1000,1
1350,152230118414407,1790295331812518366,28486297383578,28486297386907,1790295331587000000,1000,1
1351,152230123952861,1790295331818057811,28486302383578,28486302392685,1790295331592000000,1000,1
1352,152230128723548,1790295331822828728,28486307383578,28486307388574,1790295331597000000,1000,1
1353,152230133578516,1790295331827683627,28486312383578,28486312391352,1790295331602000000,1000,1
1354,152230138372779,1790295331832477017,28486317383578,28486317386315,1790295331607000000,1000,1
1355,152230143937750,1790295331838042820,28486322383578,28486322386389,1790295331612000000,1000,1
1356,152230148883190,1790295331842988050,28486327383578,28486327392019,1790295331617000000,1000,1
1357,152230154282650,1790295331848387419,28486332383578,28486332388907,1790295331622000000,1000,1
1358,152230158270014,1790295331852373161,28486337383578,28486337388389,1790295331627000000,1000,1
1359,152230163321194,1790295331857424371,28486342383578,28486342386611,1790295331632000000,1000,1
1360,152230168464108,1790295331862567275,28486347383578,28486347391907,1790295331637000000,1000,1
1361,152230174340680,1790295331868445560,28486352383578,28486352389574,1790295331642000000,1000,1
1362,152230178961014,1790295331873065984,28486357383578,28486357389870,1790295331647000000,1000,1
1363,152230183676318,1790295331877781158,28486362383578,28486362386944,1790295331652000000,1000,1
1364,152230188651162,1790295331882756011,28486367383578,28486367386167,1790295331657000000,1000,1
1365,152230193925224,1790295331888030074,28486372383578,28486372393278,1790295331662000000,1000,1
1366,152230199013695,1790295331893118535,28486377383578,28486377387685,1790295331667000000,1000,1
1367,152230203700914,1790295331897805954,28486382383578,28486382389648,1790295331672000000,1000,1
1368,152230208620262,1790295331902725162,28486387383578,28486387387315,1790295331677000000,1000,1
1369,152230213984125,1790295331908088964,28486392383578,28486392391574,1790295331682000000,1000,1
1370,152230219088636,1790295331913193846,28486397383578,28486397388611,1790295331687000000,1000,1
1371,152230223477110,1790295331917581048,28486402383578,28486402389833,1790295331692000000,1000,1
1372,152230228502321,1790295331922607281,28486407383578,28486407386574,1790295331697000000,1000,1
1373,152230233493706,1790295331927598566,28486412383578,28486412386130,1790295331702000000,1000,1
1374,152230238729035,1790295331932833935,28486417383578,28486417389167,1790295331707000000,1000,1
1375,152230243710323,1790295331937815192,28486422383578,28486422388463,1790295331712000000,1000,1
1376,152230248399635,1790295331942504735,28486427383578,28486427389204,1790295331717000000,1000,1
1377,152230253445635,1790295331947550475,28486432383578,28486432386352,1790295331722000000,1000,1
1378,152230258827893,1790295331952932933,28486437383578,28486437391870,1790295331727000000,1000,1
1379,152230263796124,1790295331957900963,28486442383578,28486442390056,1790295331732000000,1000,1
1380,152230268646892,1790295331962752082,28486447383578,28486447390759,1790295331737000000,1000,1
1381,152230273453258,1790295331967558128,28486452383578,28486452386722,1790295331742000000,1000,1
1382,152230282309708,1790295331976413937,28486457383578,28486457386315,1790295331747000000,1000,1
1383,152230283602197,1790295331977706015,28486462383578,28486462390611,1790295331752000000,1000,1
1384,152230288500868,1790295331982606089,28486467383578,28486467388537,1790295331757000000,1000,1
1385,152230293901239,1790295331988006089,28486472383578,28486472391389,1790295331762000000,1000,1
1386,152230298686003,1790295331992790883,28486477383578,28486477388685,1790295331767000000,1000,1
1387,152230303362544,1790295331997467514,28486482383578,28486482388981,1790295331772000000,1000,1
1388,152230308873996,1790295332002978685,28486487383578,28486487385574,1790295331777000000,1000,1
1389,152230314001869,1790295332008106829,28486492383578,28486492392426,1790295331782000000,1000,1
1390,152230318735708,1790295332012840858,28486497383578,28486497386796,1790295331787000000,1000,1
1391,152230323563094,1790295332017668204,28486502383578,28486502387352,1790295331792000000,1000,1
1392,152230328363998,1790295332022468858,28486507383578,28486507387796,1790295331797000000,1000,1
1393,152230333654161,1790295332027759342,28486512383578,28486512386389,1790295331802000000,1000,1
1394,152230338809978,1790295332032914938,28486517383578,28486517392833,1790295331807000000,1000,1
1395,152230343943323,1790295332038047302,28486522383578,28486522391315,1790295331812000000,1000,1
1396,152230349296696,1790295332043400614,28486527383578,28486527388537,1790295331817000000,1000,1
1397,152230353442881,1790295332047546799,28486532383578,28486532386611,1790295331822000000,1000,1
1398,152230358894919,1790295332052999759,28486537383578,28486537422426,1790295331827000000,1000,1
1399,152230363639048,1790295332057743918,28486542383578,28486542388130,1790295331832000000,1000,1
1400,152230388366858,1790295332082471798,28486547383578,28486566871722,1790295331856000000,1000,1
1401,152230388408116,1790295332082511092,28486552383578,28486567324574,1790295331857000000,1000,1
1402,152230388594118,1790295332082697285,28486557383578,28486567654611,1790295331857000000,1000,1
1403,152230388609958,1790295332082712895,28486562383578,28486567962574,1790295331857000000,1000,1
1404,152230388884809,1790295332082987976,28486567383578,28486568286648,1790295331858000000,1000,1
1405,152230393815058,1790295332087919898,28486572383578,28486572391907,1790295331862000000,1000,1
1406,152230398723216,1790295332092828346,28486577383578,28486577388796,1790295331867000000,1000,1
1407,152230403710854,1790295332097815684,28486582383578,28486582389278,1790295331872000000,1000,1
1408,152230409076881,1790295332103181781,28486587383578,28486587387018,1790295331877000000,1000,1
1409,152230414044232,1790295332108149553,28486592383578,28486592388092,1790295331882000000,1000,1
1410,152230419074212,1790295332113179182,28486597383578,28486597388685,1790295331887000000,1000,1
1411,152230423479296,1790295332117584126,28486602383578,28486602387315,1790295331892000000,1000,1
1412,152230428254353,1790295332122357529,28486607383578,28486607389018,1790295331897000000,1000,1
1413,152230433649173,1790295332127754033,28486612383578,28486612386204,1790295331902000000,1000,1
1414,152230438810870,1790295332132915941,28486617383578,28486617391315,1790295331907000000,1000,1
1415,152230443776378,1790295332137881068,28486622383578,28486622388167,1790295331912000000,1000,1
1416,152230448629243,1790295332142734303,28486627383578,28486627391463,1790295331917000000,1000,1
1417,152230453420019,1790295332147523928,28486632383578,28486632386759,1790295331922000000,1000,1
1418,152230458666409,1790295332152771600,28486637383578,28486637385870,1790295331927000000,1000,1
1419,152230463838789,1790295332157943659,28486642383578,28486642393092,1790295331932000000,1000,1
1420,152230469000216,1790295332163105076,28486647383578,28486647387833,1790295331937000000,1000,1
1421,152230473532954,1790295332167637113,28486652383578,28486652389352,1790295331942000000,1000,1
1422,152230478763785,1790295332172868655,28486657383578,28486657388129,1790295331947000000,1000,1
1423,152230487260310,1790295332181365180,28486662383578,28486662391352,1790295331952000000,1000,1
1424,152230488831827,1790295332182936727,28486667383578,28486667387907,1790295331957000000,1000,1
1425,152230493588760,1790295332187692698,28486672383578,28486672389574,1790295331962000000,1000,1
1426,152230498290979,1790295332192395558,28486677383578,28486677387241,1790295331967000000,1000,1
1427,152230504155610,1790295332198260550,28486682383578,28486682386722,1790295331972000000,1000,1
1428,152230508759643,1790295332202863571,28486687383578,28486687387167,1790295331977000000,1000,1
1429,152230513869472,1790295332207974332,28486692383578,28486692387389,1790295331982000000,1000,1
1430,152230519037364,1790295332213142304,28486697383578,28486697390796,1790295331987000000,1000,1
1431,152230523691471,1790295332217796291,28486702383578,28486702388241,1790295331992000000,1000,1
1432,152230528806420,1790295332222911491,28486707383578,28486707387759,1790295331997000000,1000,1
1433,152230533574454,1790295332227679304,28486712383578,28486712387129,1790295332002000000,1000,1
1434,152230538649740,1790295332232754529,28486717383578,28486717392352,1790295332007000000,1000,1
1435,152230544079124,1790295332238184355,28486722383578,28486722387870,1790295332012000000,1000,1
1436,152230549008824,1790295332243113674,28486727383578,28486727388722,1790295332017000000,1000,1
1437,152230553897546,1790295332248002506,28486732383578,28486732387018,1790295332022000000,1000,1
1438,152230558639501,1790295332252744411,28486737383578,28486737385685,1790295332027000000,1000,1
1439,152230563830263,1790295332257935043,28486742383578,28486742391685,1790295332032000000,1000,1
1440,152230569662112,1790295332263767012,28486747383578,28486747390278,1790295332037000000,1000,1
1441,152230573532324,1790295332267636252,28486752383578,28486752389352,1790295332042000000,1000,1
1442,152230578787959,1790295332272892839,28486757383578,28486757385907,1790295332047000000,1000,1
1443,152230584382679,1790295332278487639,28486762383578,28486762392315,1790295332052000000,1000,1
1444,152230588688567,1790295332282793457,28486767383578,28486767388055,1790295332057000000,1000,1
1445,152230594073780,1790295332288178630,28486772383578,28486772386166,1790295332062000000,1000,1
1446,152230598797841,1790295332292902620,28486777383578,28486777387203,1790295332067000000,1000,1
1447,152230603399880,1790295332297504780,28486782383578,28486782386722,1790295332072000000,1000,1
1448,152230609160963,1790295332303265853,28486787383578,28486787392426,1790295332077000000,1000,1
1449,152230614571053,1790295332308675923,28486792383578,28486792388500,1790295332082000000,1000,1
1450,152230618560141,1790295332312665031,28486797383578,28486797387722,1790295332087000000,1000,1
1451,152230623458860,1790295332317563580,28486802383578,28486802387166,1790295332092000000,1000,1
1452,152230628851966,1790295332322956906,28486807383578,28486807390500,1790295332097000000,1000,1
1453,152230634118704,1790295332328223935,28486812383578,28486812389722,1790295332102000000,1000,1
1454,152230639466997,1790295332333572168,28486817383578,28486817389685,1790295332107000000,1000,1
1455,152230643489919,1790295332337594949,28486822383578,28486822386500,1790295332112000000,1000,1
1456,152230648378852,1790295332342483742,28486827383578,28486827385759,1790295332117000000,1000,1
1457,152230653849707,1790295332347954757,28486832383578,28486832391166,1790295332122000000,1000,1
1458,152230659027966,1790295332353132836,28486837383578,28486837389315,1790295332127000000,1000,1
1459,152230663548360,1790295332357653471,28486842383578,28486842387870,1790295332132000000,1000,1
1460,152230668497617,1790295332362602527,28486847383578,28486847385759,1790295332137000000,1000,1
1461,152230673847844,1790295332367952704,28486852383578,28486852390759,1790295332142000000,1000,1
1462,152230678869929,1790295332372974799,28486857383578,28486857389166,1790295332147000000,1000,1
1463,152230683857797,1790295332377962617,28486862383578,28486862388944,1790295332152000000,1000,1
1464,152230691324079,1790295332385428929,28486867383578,28486867387203,1790295332157000000,1000,1
1465,152230694446776,1790295332388551936,28486872383578,28486872385870,1790295332162000000,1000,1
1466,152230699344575,1790295332393449405,28486877383578,28486877392907,1790295332167000000,1000,1
1467,152230704092541,1790295332398198303,28486882383578,28486882389685,1790295332172000000,1000,1
1468,152230708975773,1790295332403080633,28486887383578,28486887389129,1790295332177000000,1000,1
1469,152230713514232,1790295332407619021,28486892383578,28486892387092,1790295332182000000,1000,1
1470,152230719191067,1790295332413296168,28486897383578,28486897394352,1790295332187000000,1000,1
1471,152230723709227,1790295332417814067,28486902383578,28486902388352,1790295332192000000,1000,1
1472,152230728906244,1790295332423011073,28486907383578,28486907590352,1790295332197000000,1000,1
1473,152230733505846,1790295332427610736,28486912383578,28486912386463,1790295332202000000,1000,1
1474,152230738588045,1790295332432693196,28486917383578,28486917386944,1790295332207000000,1000,1
1475,152230743988256,1790295332438093116,28486922383578,28486922393574,1790295332212000000,1000,1
1476,152230748861407,1790295332442966317,28486927383578,28486927388685,1790295332217000000,1000,1
1477,152230753544450,1790295332447649320,28486932383578,28486932389092,1790295332222000000,1000,1
1478,152230758728281,1790295332452833672,28486937383578,28486937386870,1790295332227000000,1000,1
1479,152230764036988,1790295332458141758,28486942383578,28486942446092,1790295332232000000,1000,1
1480,152230768740410,1790295332462845259,28486947383578,28486947387759,1790295332237000000,1000,1
1481,152230773759659,1790295332467864509,28486952383578,28486952595833,1790295332242000000,1000,1
1482,152230778533202,1790295332472638233,28486957383578,28486957388500,1790295332247000000,1000,1
1483,152230783421953,1790295332477527173,28486962383578,28486962387018,1790295332252000000,1000,1
1484,152230789346407,1790295332483450265,28486967383578,28486967391833,1790295332257000000,1000,1
1485,152230793913079,1790295332488016246,28486972383578,28486972387574,1790295332262000000,1000,1
1486,152230798332402,1790295332492435559,28486977383578,28486977388981,1790295332267000000,1000,1
1487,152230803242806,1790295332497345983,28486982383578,28486982387426,1790295332272000000,1000,1
1488,152230808793853,1790295332502897019,28486987383578,28486987393352,1790295332277000000,1000,1
1489,152230813399317,1790295332507502464,28486992383578,28486992389833,1790295332282000000,1000,1
1490,152230818837410,1790295332512942250,28486997383578,28486997385796,1790295332287000000,1000,1
1491,152230823421113,1790295332517525993,28487002383578,28487002388203,1790295332292000000,1000,1
1492,152230828405516,1790295332522510467,28487007383578,28487007386203,1790295332297000000,1000,1
1493,152230834694121,1790295332528799322,28487012383578,28487012390500,1790295332302000000,1000,1
1494,152230838785781,1790295332532891343,28487017383578,28487017390314,1790295332307000000,1000,1
1495,152230843649967,1790295332537754867,28487022383578,28487022387314,1790295332312000000,1000,1
1496,152230848767072,1790295332542871922,28487027383578,28487027386500,1790295332317000000,1000,1
1497,152230853893224,1790295332547998074,28487032383578,28487032392389,1790295332322000000,1000,1
1498,152230858826148,1790295332552931099,28487037383578,28487037388537,1790295332327000000,1000,1
1499,152230863875395,1790295332557980285,28487042383578,28487042390055,1790295332332000000,1000,1
1500,152230868648208,1790295332562753318,28487047383578,28487047388796,1790295332337000000,1000,1
1501,152230873731629,1790295332567836519,28487052383578,28487052386870,1790295332342000000,1000,1
1502,152230878598961,1790295332572704512,28487057383578,28487057389055,1790295332347000000,1000,1
1503,152230883444772,1790295332577549602,28487062383578,28487062385611,1790295332352000000,1000,1
1504,152230888742407,1790295332582847417,28487067383578,28487067389351,1790295332357000000,1000,1
1505,152230895760504,1790295332589865414,28487072383578,28487072389314,1790295332362000000,1000,1
1506,152230898506446,1790295332592611617,28487077383578,28487077390537,1790295332367000000,1000,1
1507,152230903277244,1790295332597381132,28487082383578,28487082386981,1790295332372000000,1000,1
1508,152230909639518,1790295332603744448,28487087383578,28487087388981,1790295332377000000,1000,1
1509,152230913649335,1790295332607753553,28487092383578,28487092388092,1790295332382000000,1000,1
1510,152230918514643,1790295332612619513,28487097383578,28487097389166,1790295332387000000,1000,1
1511,152230923668856,1790295332617774257,28487102383578,28487102388944,1790295332392000000,1000,1
1512,152230928357339,1790295332622462269,28487107383578,28487107386759,1790295332397000000,1000,1
1513,152230933964352,1790295332628069212,28487112383578,28487112391907,1790295332402000000,1000,1
1514,152230939520758,1790295332633625628,28487117383578,28487117387833,1790295332407000000,1000,1
1515,152230943597843,1790295332637702953,28487122383578,28487122389018,1790295332412000000,1000,1
1516,152230948497506,1790295332642602586,28487127383578,28487127386092,1790295332417000000,1000,1
1517,152230953588209,1790295332647692077,28487132383578,28487132386055,1790295332422000000,1000,1
1518,152230958952643,1790295332653057593,28487137383578,28487137389018,1790295332427000000,1000,1
1519,152230963824633,1790295332657929563,28487142383578,28487142389796,1790295332432000000,1000,1
1520,152230968319286,1790295332662424227,28487147383578,28487147389463,1790295332437000000,1000,1
1521,152230973455137,1790295332667560057,28487152383578,28487152386500,1790295332442000000,1000,1
1522,152230978865197,1790295332672970137,28487157383578,28487157391425,1790295332447000000,1000,1
1523,152230983693043,1790295332677797912,28487162383578,28487162387500,1790295332452000000,1000,1
1524,152230988992463,1790295332683097704,28487167383578,28487167390685,1790295332457000000,1000,1
1525,152230994202143,1790295332688306982,28487172383578,28487172387537,1790295332462000000,1000,1
1526,152230999053713,1790295332693157682,28487177383578,28487177385870,1790295332467000000,1000,1
1527,152231004060389,1790295332698164257,28487182383578,28487182392388,1790295332472000000,1000,1
1528,152231009652875,1790295332703757695,28487187383578,28487187389537,1790295332477000000,1000,1
1529,152231013569604,1790295332707674644,28487192383578,28487192389907,1790295332482000000,1000,1
1530,152231018526265,1790295332712631315,28487197383578,28487197385833,1790295332487000000,1000,1
1531,152231023941485,1790295332718046715,28487202383578,28487202393240,1790295332492000000,1000,1
1532,152231029218901,1790295332723323761,28487207383578,28487207389685,1790295332497000000,1000,1
1533,152231033919878,1790295332728025048,28487212383578,28487212390722,1790295332502000000,1000,1
1534,152231038717878,1790295332732822818,28487217383578,28487217387500,1790295332507000000,1000,1
1535,152231043665410,1790295332737770280,28487222383578,28487222386611,1790295332512000000,1000,1
1536,152231049176311,1790295332743281211,28487227383578,28487227391537,1790295332517000000,1000,1
1537,152231054960019,1790295332749064919,28487232383578,28487232388203,1790295332522000000,1000,1
1538,152231058872520,1790295332752977360,28487237383578,28487237387759,1790295332527000000,1000,1
1539,152231063671190,1790295332757776360,28487242383578,28487242386833,1790295332532000000,1000,1
1540,152231069099484,1790295332763204475,28487247383578,28487247391203,1790295332537000000,1000,1
1541,152231073892425,1790295332767997536,28487252383578,28487252389907,1790295332542000000,1000,1
1542,152231079156589,1790295332773261539,28487257383578,28487257391166,1790295332547000000,1000,1
1543,152231083706479,1790295332777811660,28487262383578,28487262387796,1790295332552000000,1000,1
1544,152231089091031,1790295332783195931,28487267383578,28487267386351,1790295332557000000,1000,1
1545,152231093936319,1790295332788041450,28487272383578,28487272392092,1790295332562000000,1000,1
1546,152231100538328,1790295332794643178,28487277383578,28487277388722,1790295332567000000,1000,1
1547,152231103705168,1790295332797809096,28487282383578,28487282389203,1790295332572000000,1000,1
1548,152231108681554,1790295332802786675,28487287383578,28487287386351,1790295332577000000,1000,1
1549,152231114030509,1790295332808135399,28487292383578,28487292391981,1790295332582000000,1000,1
1550,152231119177911,1790295332813282761,28487297383578,28487297389759,1790295332587000000,1000,1
1551,152231123769650,1790295332817873578,28487302383578,28487302389722,1790295332592000000,1000,1
1552,152231128501775,1790295332822607026,28487307383578,28487307386574,1790295332597000000,1000,1
1553,152231133757052,1790295332827862052,28487312383578,28487312386870,1790295332602000000,1000,1
1554,152231138963535,1790295332833067774,28487317383578,28487317390351,1790295332607000000,1000,1
1555,152231143945043,1790295332838049843,28487322383578,28487322388574,1790295332612000000,1000,1
1556,152231148786085,1790295332842891075,28487327383578,28487327389499,1790295332617000000,1000,1
1557,152231153896336,1790295332848000234,28487332383578,28487332386203,1790295332622000000,1000,1
1558,152231158880218,1790295332852983385,28487337383578,28487337392648,1790295332627000000,1000,1
1559,152231164137128,1790295332858242389,28487342383578,28487342390240,1790295332632000000,1000,1
1560,152231169065654,1790295332863170494,28487347383578,28487347390536,1790295332637000000,1000,1
1561,152231173865007,1790295332867969867,28487352383578,28487352388648,1790295332642000000,1000,1
1562,152231178961894,1790295332873066844,28487357383578,28487357386129,1790295332647000000,1000,1
1563,152231183903285,1790295332878008205,28487362383578,28487362389314,1790295332652000000,1000,1
1564,152231188667150,1790295332882771108,28487367383578,28487367386833,1790295332657000000,1000,1
1565,152231193762604,1790295332887866542,28487372383578,28487372389759,1790295332662000000,1000,1
1566,152231199268635,1790295332893373495,28487377383578,28487377385796,1790295332667000000,1000,1
1567,152231203913102,1790295332898018063,28487382383578,28487382392055,1790295332672000000,1000,1
1568,152231208889310,1790295332902994341,28487387383578,28487387387351,1790295332677000000,1000,1
1569,152231213919341,1790295332908024200,28487392383578,28487392389981,1790295332682000000,1000,1
1570,152231218544413,1790295332912648392,28487397383578,28487397387203,1790295332687000000,1000,1
1571,152231223987145,1790295332918092015,28487402383578,28487402387203,1790295332692000000,1000,1
1572,152231228961750,1790295332923066650,28487407383578,28487407389981,1790295332697000000,1000,1
1573,152231233715775,1790295332927820816,28487412383578,28487412390611,1790295332702000000,1000,1
1574,152231238660664,1790295332932765785,28487417383578,28487417388870,1790295332707000000,1000,1
1575,152231243790593,1790295332937895473,28487422383578,28487422387203,1790295332712000000,1000,1
1576,152231249589107,1790295332943694347,28487427383578,28487427391055,1790295332717000000,1000,1
1577,152231253856432,1790295332947961272,28487432383578,28487432389796,1790295332722000000,1000,1
1578,152231258686122,1790295332952790040,28487437383578,28487437389092,1790295332727000000,1000,1
1579,152231263530050,1790295332957634940,28487442383578,28487442387833,1790295332732000000,1000,1
1580,152231268524651,1790295332962629460,28487447383578,28487447386092,1790295332737000000,1000,1
1581,152231273997349,1790295332968102249,28487452383578,28487452392499,1790295332742000000,1000,1
1582,152231278803555,1790295332972908495,28487457383578,28487457388351,1790295332747000000,1000,1
1583,152231283311023,1790295332977414961,28487462383578,28487462389018,1790295332752000000,1000,1
1584,152231288469656,1790295332982573535,28487467383578,28487467386833,1790295332757000000,1000,1
1585,152231293761591,1790295332987864758,28487472383578,28487472392685,1790295332762000000,1000,1
1586,152231298709355,1790295332992813274,28487477383578,28487477389018,1790295332767000000,1000,1
1587,152231305123598,1790295332999228488,28487482383578,28487482389092,1790295332772000000,1000,1
1588,152231308852712,1790295333002957602,28487487383578,28487487387722,1790295332777000000,1000,1
1589,152231314493599,1790295333008597507,28487492383578,28487492388833,1790295332782000000,1000,1
1590,152231318897623,1790295333013003174,28487497383578,28487497390351,1790295332787000000,1000,1
1591,152231323381406,1790295333017486006,28487502383578,28487502389203,1790295332792000000,1000,1
1592,152231329364261,1790295333023469281,28487507383578,28487507389722,1790295332797000000,1000,1
1593,152231333456364,1790295333027560282,28487512383578,28487512386944,1790295332802000000,1000,1
1594,152231338902422,1790295333033007372,28487517383578,28487517391351,1790295332807000000,1000,1
1595,152231343688489,1790295333037793679,28487522383578,28487522388796,1790295332812000000,1000,1
1596,152231348781728,1790295333042886679,28487527383578,28487527389314,1790295332817000000,1000,1
1597,152231353499777,1790295333047604587,28487532383578,28487532387351,1790295332822000000,1000,1
1598,152231359653205,1790295333053758125,28487537383578,28487537388055,1790295332827000000,1000,1
1599,152231364197845,1790295333058302685,28487542383578,28487542390314,1790295332832000000,1000,1
1600,152231391291967,1790295333085397167,28487547383578,28487569734388,1790295332859000000,1000,1
1601,152231391336060,1790295333085438976,28487552383578,28487570257944,1790295332860000000,1000,1
1602,152231392121628,1790295333086226468,28487557383578,28487570646314,1790295332860000000,1000,1
1603,152231392164830,1790295333086267766,28487562383578,28487570924870,1790295332860000000,1000,1
1604,152231392711966,1790295333086816836,28487567383578,28487571197166,1790295332861000000,1000,1
1605,152231393562958,1790295333087667648,28487572383578,28487572384610,1790295332862000000,1000,1
1606,152231399451643,1790295333093556593,28487577383578,28487577385388,1790295332867000000,1000,1
1607,152231408947314,1790295333103052284,28487582383578,28487582387092,1790295332872000000,1000,1
1608,152231408989153,1790295333103092089,28487587383578,28487587384240,1790295332877000000,1000,1
1609,152231413570623,1790295333107675473,28487592383578,28487592385018,1790295332882000000,1000,1
1610,152231418981293,1790295333113086173,28487597383578,28487597386722,1790295332887000000,1000,1
1611,152231423904019,1790295333118008939,28487602383578,28487602386759,1790295332892000000,1000,1
1612,152231428992871,1790295333123097731,28487607383578,28487607386166,1790295332897000000,1000,1
1613,152231433791902,1790295333127896782,28487612383578,28487612384833,1790295332902000000,1000,1
1614,152231438885461,1790295333132990281,28487617383578,28487617386055,1790295332907000000,1000,1
1615,152231443653094,1790295333137757964,28487622383578,28487622384759,1790295332912000000,1000,1
1616,152231448452397,1790295333142557277,28487627383578,28487627384536,1790295332917000000,1000,1
1617,152231453488827,1790295333147592776,28487632383578,28487632385573,1790295332922000000,1000,1
1618,152231458538054,1790295333152643445,28487637383578,28487637385314,1790295332927000000,1000,1
1619,152231464085134,1790295333158190374,28487642383578,28487642387092,1790295332932000000,1000,1
1620,152231469552851,1790295333163657801,28487647383578,28487647384721,1790295332937000000,1000,1
1621,152231474489063,1790295333168593943,28487652383578,28487652385721,1790295332942000000,1000,1
1622,152231478665305,1790295333172770205,28487657383578,28487657385907,1790295332947000000,1000,1
1623,152231483850697,1790295333177955738,28487662383578,28487662386018,1790295332952000000,1000,1
1624,152231488635042,1790295333182739311,28487667383578,28487667386499,1790295332957000000,1000,1
1625,152231493549523,1790295333187654423,28487672383578,28487672385981,1790295332962000000,1000,1
1626,152231498565396,1790295333192670306,28487677383578,28487677385796,1790295332967000000,1000,1
1627,152231503312759,1790295333197417569,28487682383578,28487682385351,1790295332972000000,1000,1
1628,152231510445481,1790295333204550651,28487687383578,28487687384721,1790295332977000000,1000,1
1629,152231514652431,1790295333208757271,28487692383578,28487692386647,1790295332982000000,1000,1
1630,152231518616181,1790295333212721021,28487697383578,28487697384314,1790295332987000000,1000,1
1631,152231523481589,1790295333217586640,28487702383578,28487702385240,1790295332992000000,1000,1
1632,152231528837537,1790295333222942497,28487707383578,28487707386536,1790295332997000000,1000,1
1633,152231533717811,1790295333227822080,28487712383578,28487712384833,1790295333002000000,1000,1
1634,152231538816311,1790295333232921161,28487717383578,28487717386388,1790295333007000000,1000,1
1635,152231543633268,1790295333237738147,28487722383578,28487722386907,1790295333012000000,1000,1
1636,152231548605507,1790295333242710747,28487727383578,28487727385425,1790295333017000000,1000,1
1637,152231553567718,1790295333247671677,28487732383578,28487732385092,1790295333022000000,1000,1
1638,152231558562532,1790295333252667472,28487737383578,28487737384684,1790295333027000000,1000,1
1639,152231563597208,1790295333257701988,28487742383578,28487742387499,1790295333032000000,1000,1
1640,152231568745032,1790295333262849811,28487747383578,28487747386758,1790295333037000000,1000,1
1641,152231573666847,1790295333267772097,28487752383578,28487752385721,1790295333042000000,1000,1
1642,152231578736652,1790295333272841662,28487757383578,28487757385499,1790295333047000000,1000,1
1643,152231584143494,1790295333278248334,28487762383578,28487762387499,1790295333052000000,1000,1
1644,152231589662370,1790295333283767320,28487767383578,28487767386277,1790295333057000000,1000,1
1645,152231593485012,1790295333287590023,28487772383578,28487772385203,1790295333062000000,1000,1
1646,152231598617495,1790295333292722325,28487777383578,28487777384758,1790295333067000000,1000,1
1647,152231603608892,1790295333297713662,28487782383578,28487782385721,1790295333072000000,1000,1
1648,152231609631591,1790295333303736461,28487787383578,28487787387610,1790295333077000000,1000,1
1649,152231613674681,1790295333307779541,28487792383578,28487792384833,1790295333082000000,1000,1
1650,152231618737283,1790295333312842393,28487797383578,28487797385055,1790295333087000000,1000,1
1651,152231624687945,1790295333318792845,28487802383578,28487802384462,1790295333092000000,1000,1
1652,152231629108309,1790295333323213460,28487807383578,28487807385018,1790295333097000000,1000,1
1653,152231633849392,1790295333327954933,28487812383578,28487812385055,1790295333102000000,1000,1
1654,152231638719850,1790295333332824730,28487817383578,28487817385277,1790295333107000000,1000,1
1655,152231643700554,1790295333337805424,28487822383578,28487822384832,1790295333112000000,1000,1
1656,152231648914633,1790295333343019563,28487827383578,28487827385981,1790295333117000000,1000,1
1657,152231653833702,1790295333347937630,28487832383578,28487832386573,1790295333122000000,1000,1
1658,152231658416093,1790295333352520031,28487837383578,28487837385388,1790295333127000000,1000,1
1659,152231663812337,1790295333357917207,28487842383578,28487842385499,1790295333132000000,1000,1
1660,152231668573708,1790295333362678578,28487847383578,28487847384944,1790295333137000000,1000,1
1661,152231673876323,1790295333367981243,28487852383578,28487852384944,1790295333142000000,1000,1
1662,152231679455082,1790295333373559922,28487857383578,28487857386832,1790295333147000000,1000,1
1663,152231683492502,1790295333377597362,28487862383578,28487862385499,1790295333152000000,1000,1
1664,152231688376884,1790295333382481964,28487867383578,28487867385388,1790295333157000000,1000,1
1665,152231693687385,1790295333387792365,28487872383578,28487872384981,1790295333162000000,1000,1
1666,152231699019277,1790295333393124177,28487877383578,28487877386795,1790295333167000000,1000,1
1667,152231703263657,1790295333397367655,28487882383578,28487882385277,1790295333172000000,1000,1
1668,152231708848586,1790295333402953506,28487887383578,28487887385166,1790295333177000000,1000,1
1669,152231715054173,1790295333409159253,28487892383578,28487892384536,1790295333182000000,1000,1
1670,152231719062848,1790295333413167748,28487897383578,28487897387610,1790295333187000000,1000,1
1671,152231724032053,1790295333418136883,28487902383578,28487902387351,1790295333192000000,1000,1
1672,152231728378408,1790295333422483267,28487907383578,28487907384758,1790295333197000000,1000,1
1673,152231733628835,1790295333427733765,28487912383578,28487912384462,1790295333202000000,1000,1
1674,152231738750017,1790295333432854847,28487917383578,28487917384795,1790295333207000000,1000,1
1675,152231743571061,1790295333437676251,28487922383578,28487922386981,1790295333212000000,1000,1
1676,152231748503456,1790295333442608666,28487927383578,28487927384981,1790295333217000000,1000,1
1677,152231753559293,1790295333447664153,28487932383578,28487932385018,1790295333222000000,1000,1
1678,152231758607878,1790295333452712778,28487937383578,28487937385647,1790295333227000000,1000,1
1679,152231763963245,1790295333458068035,28487942383578,28487942386721,1790295333232000000,1000,1
1680,152231768650674,1790295333462755564,28487947383578,28487947386203,1790295333237000000,1000,1
1681,152231773473952,1790295333467578902,28487952383578,28487952384499,1790295333242000000,1000,1
1682,152231778607338,1790295333472712318,28487957383578,28487957385869,1790295333247000000,1000,1
1683,152231783759217,1790295333477864097,28487962383578,28487962387425,1790295333252000000,1000,1
1684,152231788954039,1790295333483058989,28487967383578,28487967385869,1790295333257000000,1000,1
1685,152231793285065,1790295333487388091,28487972383578,28487972384795,1790295333262000000,1000,1
1686,152231798682179,1790295333492786107,28487977383578,28487977386795,1790295333267000000,1000,1
1687,152231803623821,1790295333497728651,28487982383578,28487982384981,1790295333272000000,1000,1
1688,152231808565213,1790295333502670083,28487987383578,28487987384129,1790295333277000000,1000,1
1689,152231814299226,1790295333508404186,28487992383578,28487992385166,1790295333282000000,1000,1
1690,152231819105600,1790295333513210430,28487997383578,28487997385462,1790295333287000000,1000,1
1691,152231824090625,1790295333518195575,28488002383578,28488002388018,1790295333292000000,1000,1
1692,152231828640145,1790295333522745095,28488007383578,28488007385314,1790295333297000000,1000,1
1693,152231833644627,1790295333527748575,28488012383578,28488012385795,1790295333302000000,1000,1
1694,152231838849097,1790295333532953015,28488017383578,28488017385203,1790295333307000000,1000,1
1695,152231843919654,1790295333538024534,28488022383578,28488022384943,1790295333312000000,1000,1
1696,152231848416382,1790295333542521282,28488027383578,28488027386684,1790295333317000000,1000,1
1697,152231853519280,1790295333547624210,28488032383578,28488032384351,1790295333322000000,1000,1
1698,152231858437698,1790295333552541627,28488037383578,28488037384351,1790295333327000000,1000,1
1699,152231863788695,1790295333557893525,28488042383578,28488042386018,1790295333332000000,1000,1
1700,152231869721054,1790295333563825995,28488047383578,28488047385906,1790295333337000000,1000,1
1701,152231873503501,1790295333567608331,28488052383578,28488052384314,1790295333342000000,1000,1
1702,152231878553258,1790295333572658218,28488057383578,28488057384684,1790295333347000000,1000,1
1703,152231884496546,1790295333578601446,28488062383578,28488062386203,1790295333352000000,1000,1
1704,152231888807223,1790295333582911933,28488067383578,28488067385536,1790295333357000000,1000,1
1705,152231893676619,1790295333587781519,28488072383578,28488072386203,1790295333362000000,1000,1
1706,152231898517108,1790295333592622158,28488077383578,28488077384721,1790295333367000000,1000,1
1707,152231903240757,1790295333597344505,28488082383578,28488082385832,1790295333372000000,1000,1
1708,152231908657540,1790295333602761438,28488087383578,28488087387388,1790295333377000000,1000,1
1709,152231915388721,1790295333609493642,28488092383578,28488092387351,1790295333382000000,1000,1
1710,152231918809162,1790295333612913992,28488097383578,28488097385684,1790295333387000000,1000,1
1711,152231923636698,1790295333617741638,28488102383578,28488102385240,1790295333392000000,1000,1
1712,152231928838692,1790295333622943512,28488107383578,28488107387388,1790295333397000000,1000,1
1713,152231933777720,1790295333627882590,28488112383578,28488112387240,1790295333402000000,1000,1
1714,152231938536145,1790295333632641336,28488117383578,28488117384684,1790295333407000000,1000,1
1715,152231943457568,1790295333637562448,28488122383578,28488122385055,1790295333412000000,1000,1
1716,152231948379393,1790295333642483371,28488127383578,28488127384351,1790295333417000000,1000,1
1717,152231953712327,1790295333647817217,28488132383578,28488132386832,1790295333422000000,1000,1
1718,152231958910453,1790295333653015403,28488137383578,28488137385277,1790295333427000000,1000,1
1719,152231963446798,1790295333657551798,28488142383578,28488142385240,1790295333432000000,1000,1
1720,152231968435449,1790295333662540299,28488147383578,28488147384425,1790295333437000000,1000,1
1721,152231973656582,1790295333667760700,28488152383578,28488152387536,1790295333442000000,1000,1
1722,152231978811047,1790295333672915907,28488157383578,28488157385758,1790295333447000000,1000,1
1723,152231983817162,1790295333677922052,28488162383578,28488162384240,1790295333452000000,1000,1
1724,152231988388120,1790295333682492930,28488167383578,28488167384832,1790295333457000000,1000,1
1725,152231993720513,1790295333687825333,28488172383578,28488172384499,1790295333462000000,1000,1
1726,152231998652718,1790295333692757568,28488177383578,28488177386906,1790295333467000000,1000,1
1727,152232003582597,1790295333697686545,28488182383578,28488182387684,1790295333472000000,1000,1
1728,152232008614570,1790295333702717777,28488187383578,28488187387425,1790295333477000000,1000,1
1729,152232013594816,1790295333707698734,28488192383578,28488192385129,1790295333482000000,1000,1
1730,152232032823766,1790295333726928696,28488197383578,28488197384758,1790295333487000000,1000,1
1731,152232032866086,1790295333726969012,28488202383578,28488202385573,1790295333492000000,1000,1
1732,152232045831726,1790295333739936596,28488207383578,28488207385203,1790295333497000000,1000,1
1733,152232046040321,1790295333740143488,28488212383578,28488212385721,1790295333502000000,1000,1
1734,152232046053406,1790295333740156342,28488217383578,28488217385203,1790295333507000000,1000,1
1735,152232046061551,1790295333740164427,28488222383578,28488222384647,1790295333512000000,1000,1
1736,152232048985671,1790295333743090541,28488227383578,28488227387388,1790295333517000000,1000,1
1737,152232053835710,1790295333747940931,28488232383578,28488232386721,1790295333522000000,1000,1
1738,152232058572074,1790295333752676934,28488237383578,28488237385647,1790295333527000000,1000,1
1739,152232063539115,1790295333757644215,28488242383578,28488242385869,1790295333532000000,1000,1
1740,152232068829438,1790295333762934378,28488247383578,28488247385832,1790295333537000000,1000,1
1741,152232073735603,1790295333767840513,28488252383578,28488252384869,1790295333542000000,1000,1
1742,152232078576295,1790295333772681165,28488257383578,28488257385536,1790295333547000000,1000,1
1743,152232083600011,1790295333777704971,28488262383578,28488262384869,1790295333552000000,1000,1
1744,152232090039621,1790295333784144491,28488267383578,28488267384425,1790295333557000000,1000,1
1745,152232093893002,1790295333787996940,28488272383578,28488272387462,1790295333562000000,1000,1
1746,152232098732119,1790295333792837200,28488277383578,28488277385610,1790295333567000000,1000,1
1747,152232103727503,1790295333797832373,28488282383578,28488282384536,1790295333572000000,1000,1
1748,152232108398453,1790295333802502431,28488287383578,28488287384758,1790295333577000000,1000,1
1749,152232113802642,1790295333807907522,28488292383578,28488292385425,1790295333582000000,1000,1
1750,152232118764881,1790295333812869741,28488297383578,28488297387647,1790295333587000000,1000,1
1751,152232124406500,1790295333818511360,28488302383578,28488302385017,1790295333592000000,1000,1
1752,152232128592461,1790295333822696419,28488307383578,28488307385869,1790295333597000000,1000,1
1753,152232133755964,1790295333827861134,28488312383578,28488312384647,1790295333602000000,1000,1
1754,152232139015418,1790295333833120349,28488317383578,28488317384758,1790295333607000000,1000,1
1755,152232143729570,1790295333837834430,28488322383578,28488322384758,1790295333612000000,1000,1
1756,152232148306550,1790295333842410669,28488327383578,28488327385462,1790295333617000000,1000,1
1757,152232153297015,1790295333847402076,28488332383578,28488332385166,1790295333622000000,1000,1
1758,152232158524760,1790295333852627716,28488337383578,28488337387091,1790295333627000000,1000,1
1759,152232163289957,1790295333857393214,28488342383578,28488342385054,1790295333632000000,1000,1
1760,152232168194709,1790295333862298056,28488347383578,28488347386980,1790295333637000000,1000,1
1761,152232173655365,1790295333867760265,28488352383578,28488352385017,1790295333642000000,1000,1
1762,152232178530481,1790295333872635331,28488357383578,28488357385017,1790295333647000000,1000,1
1763,152232183881448,1790295333877986308,28488362383578,28488362387721,1790295333652000000,1000,1
1764,152232188562096,1790295333882666846,28488367383578,28488367386425,1790295333657000000,1000,1
1765,152232193543244,1790295333887648184,28488372383578,28488372384684,1790295333662000000,1000,1
1766,152232198444479,1790295333892549689,28488377383578,28488377385054,1790295333667000000,1000,1
1767,152232203708332,1790295333897812260,28488382383578,28488382385388,1790295333672000000,1000,1
1768,152232208953038,1790295333903057989,28488387383578,28488387386499,1790295333677000000,1000,1
1769,152232213511734,1790295333907616524,28488392383578,28488392385091,1790295333682000000,1000,1
1770,152232218572062,1790295333912676982,28488397383578,28488397385684,1790295333687000000,1000,1
1771,152232231997746,1790295333926101695,28488402383578,28488402385795,1790295333692000000,1000,1
1772,152232232631237,1790295333926735195,28488407383578,28488407387351,1790295333697000000,1000,1
1773,152232233743875,1790295333927847783,28488412383578,28488412387721,1790295333702000000,1000,1
1774,152232238598663,1790295333932702601,28488417383578,28488417384943,1790295333707000000,1000,1
1775,152232243458509,1790295333937563389,28488422383578,28488422385017,1790295333712000000,1000,1
1776,152232249031828,1790295333943136708,28488427383578,28488427386573,1790295333717000000,1000,1
1777,152232253939807,1790295333948043665,28488432383578,28488432387240,1790295333722000000,1000,1
1778,152232258526066,1790295333952631297,28488437383578,28488437385165,1790295333727000000,1000,1
1779,152232263502543,1790295333957607433,28488442383578,28488442384795,1790295333732000000,1000,1
1780,152232268509328,1790295333962614288,28488447383578,28488447385462,1790295333737000000,1000,1
1781,152232273932272,1790295333968037192,28488452383578,28488452384943,1790295333742000000,1000,1
1782,152232279590281,1790295333973695151,28488457383578,28488457386240,1790295333747000000,1000,1
1783,152232283544713,1790295333977649653,28488462383578,28488462384758,1790295333752000000,1000,1
1784,152232288484372,1790295333982589322,28488467383578,28488467384277,1790295333757000000,1000,1
1785,152232294559210,1790295333988664110,28488472383578,28488472385017,1790295333762000000,1000,1
1786,152232298772272,1790295333992877202,28488477383578,28488477385684,1790295333767000000,1000,1
1787,152232303520548,1790295333997625378,28488482383578,28488482384832,1790295333772000000,1000,1
1788,152232308469363,1790295334002574593,28488487383578,28488487384610,1790295333777000000,1000,1
1789,152232313490356,1790295334007595215,28488492383578,28488492385091,1790295333782000000,1000,1
1790,152232319030081,1790295334013135202,28488497383578,28488497386351,1790295333787000000,1000,1
1791,152232323759129,1790295334017864289,28488502383578,28488502385906,1790295333792000000,1000,1
1792,152232328808956,1790295334022913886,28488507383578,28488507385795,1790295333797000000,1000,1
1793,152232333574796,1790295334027679626,28488512383578,28488512385499,1790295333802000000,1000,1
1794,152232339161419,1790295334033266279,28488517383578,28488517385795,1790295333807000000,1000,1
1795,152232343806379,1790295334037911219,28488522383578,28488522385351,1790295333812000000,1000,1
1796,152232348555086,1790295334042660026,28488527383578,28488527386573,1790295333817000000,1000,1
1797,152232353634460,1790295334047739560,28488532383578,28488532384536,1790295333822000000,1000,1
1798,152232358619693,1790295334052724673,28488537383578,28488537384610,1790295333827000000,1000,1
1799,152232363625457,1790295334057730287,28488542383578,28488542387906,1790295333832000000,1000,1
1800,152232384224364,1790295334078329465,28488547383578,28488562854128,1790295333852000000,1000,1
1801,152232384271153,1790295334078374069,28488552383578,28488563296351,1790295333853000000,1000,1
1802,152232384293996,1790295334078396852,28488557383578,28488563606943,1790295333853000000,1000,1
1803,152232384299446,1790295334078402302,28488562383578,28488563890832,1790295333853000000,1000,1
1804,152232388373804,1790295334082478614,28488567383578,28488567384276,1790295333857000000,1000,1
1805,152232393650922,1790295334087756113,28488572383578,28488572386943,1790295333862000000,1000,1
1806,152232399638026,1790295334093743146,28488577383578,28488577385721,1790295333867000000,1000,1
1807,152232403656487,1790295334097761367,28488582383578,28488582385647,1790295333872000000,1000,1
1808,152232408621632,1790295334102726703,28488587383578,28488587384721,1790295333877000000,1000,1
1809,152232413519322,1790295334107624262,28488592383578,28488592384165,1790295333882000000,1000,1
1810,152232418959739,1790295334113064569,28488597383578,28488597385869,1790295333887000000,1000,1
1811,152232424767403,1790295334118872253,28488602383578,28488602387795,1790295333892000000,1000,1
1812,152232431681162,1790295334125786002,28488607383578,28488607385351,1790295333897000000,1000,1
1813,152232433606409,1790295334127711620,28488612383578,28488612384832,1790295333902000000,1000,1
1814,152232438918893,1790295334133023773,28488617383578,28488617386462,1790295333907000000,1000,1
1815,152232443924597,1790295334138028405,28488622383578,28488622386054,1790295333912000000,1000,1
1816,152232448314474,1790295334142418412,28488627383578,28488627387165,1790295333917000000,1000,1
1817,152232453557476,1790295334147662676,28488632383578,28488632384832,1790295333922000000,1000,1
1818,152232458440006,1790295334152544295,28488637383578,28488637385425,1790295333927000000,1000,1
1819,152232463811914,1790295334157916784,28488642383578,28488642384721,1790295333932000000,1000,1
1820,152232469517723,1790295334163622673,28488647383578,28488647387165,1790295333937000000,1000,1
1821,152232473518813,1790295334167624054,28488652383578,28488652385647,1790295333942000000,1000,1
1822,152232478513687,1790295334172618717,28488657383578,28488657385795,1790295333947000000,1000,1
1823,152232483939194,1790295334178044124,28488662383578,28488662386536,1790295333952000000,1000,1
1824,152232488847614,1790295334182952594,28488667383578,28488667384832,1790295333957000000,1000,1
1825,152232493556706,1790295334187661546,28488672383578,28488672386351,1790295333962000000,1000,1
1826,152232499385810,1790295334193490780,28488677383578,28488677385091,1790295333967000000,1000,1
1827,152232504405007,1790295334198509947,28488682383578,28488682385128,1790295333972000000,1000,1
1828,152232508894113,1790295334202998962,28488687383578,28488687384758,1790295333977000000,1000,1
1829,152232513703985,1790295334207809146,28488692383578,28488692387313,1790295333982000000,1000,1
1830,152232518589289,1790295334212694219,28488697383578,28488697384276,1790295333987000000,1000,1
1831,152232523492379,1790295334217597209,28488702383578,28488702385091,1790295333992000000,1000,1
1832,152232529654273,1790295334223758141,28488707383578,28488707386128,1790295333997000000,1000,1
1833,152232533633222,1790295334227737140,28488712383578,28488712387276,1790295334002000000,1000,1
1834,152232538651430,1790295334232756259,28488717383578,28488717385388,1790295334007000000,1000,1
1835,152232543616326,1790295334237720264,28488722383578,28488722385276,1790295334012000000,1000,1
1836,152232548633099,1790295334242737087,28488727383578,28488727384943,1790295334017000000,1000,1
1837,152232553861164,1790295334247965072,28488732383578,28488732386647,1790295334022000000,1000,1
1838,152232559559500,1790295334253664451,28488737383578,28488737384980,1790295334027000000,1000,1
1839,152232563729109,1790295334257834059,28488742383578,28488742385832,1790295334032000000,1000,1
1840,152232568665872,1790295334262770822,28488747383578,28488747384832,1790295334037000000,1000,1
1841,152232573619357,1790295334267724177,28488752383578,28488752386943,1790295334042000000,1000,1
1842,152232578762872,1790295334272867772,28488757383578,28488757386054,1790295334047000000,1000,1
1843,152232583625012,1790295334277729942,28488762383578,28488762384536,1790295334052000000,1000,1
1844,152232588717027,1790295334282821887,28488767383578,28488767384906,1790295334057000000,1000,1
1845,152232593469501,1790295334287573640,28488772383578,28488772384647,1790295334062000000,1000,1
1846,152232598979681,1790295334293084551,28488777383578,28488777387684,1790295334067000000,1000,1
1847,152232603841823,1790295334297946663,28488782383578,28488782385795,1790295334072000000,1000,1
1848,152232608396242,1790295334302501282,28488787383578,28488787385906,1790295334077000000,1000,1
1849,152232613636238,1790295334307740527,28488792383578,28488792384128,1790295334082000000,1000,1
1850,152232619017864,1790295334313121592,28488797383578,28488797387462,1790295334087000000,1000,1
1851,152232623869086,1790295334317974046,28488802383578,28488802384980,1790295334092000000,1000,1
1852,152232628489859,1790295334322594999,28488807383578,28488807387128,1790295334097000000,1000,1
1853,152232640352023,1790295334334456893,28488812383578,28488812384536,1790295334102000000,1000,1
1854,152232640458414,1790295334334561822,28488817383578,28488817384832,1790295334107000000,1000,1
1855,152232643796117,1790295334337900997,28488822383578,28488822387387,1790295334112000000,1000,1
1856,152232649120324,1790295334343225575,28488827383578,28488827387313,1790295334117000000,1000,1
1857,152232653498128,1790295334347603269,28488832383578,28488832385758,1790295334122000000,1000,1
1858,152232658689594,1790295334352794494,28488837383578,28488837384758,1790295334127000000,1000,1
1859,152232664553582,1790295334358658522,28488842383578,28488842384610,1790295334132000000,1000,1
1860,152232668784478,1790295334362889348,28488847383578,28488847386795,1790295334137000000,1000,1
1861,152232673733885,1790295334367839046,28488852383578,28488852385387,1790295334142000000,1000,1
1862,152232678559746,1790295334372665237,28488857383578,28488857385832,1790295334147000000,1000,1
1863,152232683735663,1790295334377840503,28488862383578,28488862385462,1790295334152000000,1000,1
1864,152232688968106,1790295334383073056,28488867383578,28488867386832,1790295334157000000,1000,1
1865,152232694439222,1790295334388543170,28488872383578,28488872385165,1790295334162000000,1000,1
1866,152232698847895,1790295334392952735,28488877383578,28488877385313,1790295334167000000,1000,1
1867,152232704182702,1790295334398287873,28488882383578,28488882385610,1790295334172000000,1000,1
1868,152232708839253,1790295334402944063,28488887383578,28488887387536,1790295334177000000,1000,1
1869,152232713815691,1790295334407920571,28488892383578,28488892387573,1790295334182000000,1000,1
1870,152232718818690,1790295334412923560,28488897383578,28488897386610,1790295334187000000,1000,1
1871,152232723859488,1790295334417964388,28488902383578,28488902386239,1790295334192000000,1000,1
1872,152232728414769,1790295334422519909,28488907383578,28488907385276,1790295334197000000,1000,1
1873,152232733787278,1790295334427892118,28488912383578,28488912385276,1790295334202000000,1000,1
1874,152232738870879,1790295334432975769,28488917383578,28488917384350,1790295334207000000,1000,1
1875,152232743961863,1790295334438066773,28488922383578,28488922386832,1790295334212000000,1000,1
1876,152232749693732,1790295334443798612,28488927383578,28488927385906,1790295334217000000,1000,1
1877,152232753526524,1790295334447631323,28488932383578,28488932384573,1790295334222000000,1000,1
1878,152232758634509,1790295334452740010,28488937383578,28488937385499,1790295334227000000,1000,1
1879,152232763991639,1790295334458096499,28488942383578,28488942387091,1790295334232000000,1000,1
1880,152232769188706,1790295334463293465,28488947383578,28488947385313,1790295334237000000,1000,1
1881,152232773662832,1790295334467767732,28488952383578,28488952386054,1790295334242000000,1000,1
1882,152232779000285,1790295334473105425,28488957383578,28488957386165,1790295334247000000,1000,1
1883,152232783525188,1790295334477630048,28488962383578,28488962384424,1790295334252000000,1000,1
1884,152232788845396,1790295334482949174,28488967383578,28488967386202,1790295334257000000,1000,1
1885,152232794233194,1790295334488336351,28488972383578,28488972387165,1790295334262000000,1000,1
1886,152232798200801,1790295334492303968,28488977383578,28488977385424,1790295334267000000,1000,1
1887,152232803258272,1790295334497361438,28488982383578,28488982385091,1790295334272000000,1000,1
1888,152232808132606,1790295334502235773,28488987383578,28488987384128,1790295334277000000,1000,1
1889,152232813500176,1790295334507603333,28488992383578,28488992385758,1790295334282000000,1000,1
1890,152232819378402,1790295334513481769,28488997383578,28488997387350,1790295334287000000,1000,1
1891,152232823604338,1790295334517709218,28489002383578,28489002384239,1790295334292000000,1000,1
1892,152232828828075,1790295334522933035,28489007383578,28489007385276,1790295334297000000,1000,1
1893,152232834029850,1790295334528134750,28489012383578,28489012385313,1790295334302000000,1000,1
1894,152232842488964,1790295334536593924,28489017383578,28489017386610,1790295334307000000,1000,1
1895,152232843667897,1790295334537772928,28489022383578,28489022384461,1790295334312000000,1000,1
1896,152232848701083,1790295334542806033,28489027383578,28489027385610,1790295334317000000,1000,1
1897,152232853674416,1790295334547779326,28489032383578,28489032384313,1790295334322000000,1000,1
1898,152232859077493,1790295334553182433,28489037383578,28489037384869,1790295334327000000,1000,1
1899,152232864262587,1790295334558367477,28489042383578,28489042386461,1790295334332000000,1000,1
1900,152232868853735,1790295334562958976,28489047383578,28489047385239,1790295334337000000,1000,1
1901,152232873377917,1790295334567481875,28489052383578,28489052384869,1790295334342000000,1000,1
1902,152232879124054,1790295334573228924,28489057383578,28489057385943,1790295334347000000,1000,1
1903,152232884137320,1790295334578242260,28489062383578,28489062387647,1790295334352000000,1000,1
1904,152232888752494,1790295334582857624,28489067383578,28489067385647,1790295334357000000,1000,1
1905,152232893464702,1790295334587569552,28489072383578,28489072384869,1790295334362000000,1000,1
1906,152232898445768,1790295334592549846,28489077383578,28489077384980,1790295334367000000,1000,1
1907,152232903581027,1790295334597684885,28489082383578,28489082386943,1790295334372000000,1000,1
1908,152232909265888,1790295334603369044,28489087383578,28489087387424,1790295334377000000,1000,1
1909,152232913340006,1790295334607443173,28489092383578,28489092385461,1790295334382000000,1000,1
1910,152232918182820,1790295334612285987,28489097383578,28489097384906,1790295334387000000,1000,1
1911,152232923643797,1790295334617746963,28489102383578,28489102386091,1790295334392000000,1000,1
1912,152232928707039,1790295334622812039,28489107383578,28489107386906,1790295334397000000,1000,1
1913,152232933591191,1790295334627696041,28489112383578,28489112386202,1790295334402000000,1000,1
1914,152232940729225,1790295334634834466,28489117383578,28489117384832,1790295334407000000,1000,1
1915,152232944407104,1790295334638512354,28489122383578,28489122385535,1790295334412000000,1000,1
1916,152232949307857,1790295334643412717,28489127383578,28489127386832,1790295334417000000,1000,1
1917,152232956822214,1790295334650927144,28489132383578,28489132385461,1790295334422000000,1000,1
1918,152232965297469,1790295334659402409,28489137383578,28489137385017,1790295334427000000,1000,1
1919,152232965339950,1790295334659442876,28489142383578,28489142384721,1790295334432000000,1000,1
1920,152232969166289,1790295334663270238,28489147383578,28489147387202,1790295334437000000,1000,1
1921,152232973749493,1790295334667854343,28489152383578,28489152384684,1790295334442000000,1000,1
1922,152233023510376,1790295334717615877,28489157383578,28489157385647,1790295334447000000,1000,1
1923,152233023578776,1790295334717681762,28489162383578,28489162384424,1790295334452000000,1000,1
1924,152233023586140,1790295334717689006,28489167383578,28489167384572,1790295334457000000,1000,1
1925,152233023592071,1790295334717694947,28489172383578,28489172387684,1790295334462000000,1000,1
1926,152233023596549,1790295334717699395,28489177383578,28489177386239,1790295334467000000,1000,1
1927,152233023601549,1790295334717704395,28489182383578,28489182384498,1790295334472000000,1000,1
1928,152233023606859,1790295334717709715,28489187383578,28489187384461,1790295334477000000,1000,1
1929,152233023612870,1790295334717715716,28489192383578,28489192386721,1790295334482000000,1000,1
1930,152233023617148,1790295334717719994,28489197383578,28489197384869,1790295334487000000,1000,1
1931,152233023648828,1790295334717751735,28489202383578,28489202386646,1790295334492000000,1000,1
1932,152233028606171,1790295334722711010,28489207383578,28489207384424,1790295334497000000,1000,1
1933,152233033685793,1790295334727790633,28489212383578,28489212384906,1790295334502000000,1000,1
1934,152233039120009,1790295334733224047,28489217383578,28489217387684,1790295334507000000,1000,1
1935,152233065529941,1790295334759634841,28489222383578,28489222386906,1790295334512000000,1000,1
1936,152233065571760,1790295334759674687,28489227383578,28489227384684,1790295334517000000,1000,1
1937,152233065579375,1790295334759682251,28489232383578,28489232385017,1790295334522000000,1000,1
1938,152233065585086,1790295334759687942,28489237383578,28489237386128,1790295334527000000,1000,1
1939,152233065590255,1790295334759693102,28489242383578,28489242384721,1790295334532000000,1000,1
1940,152233079600538,1790295334773705378,28489247383578,28489247384461,1790295334537000000,1000,1
1941,152233079641045,1790295334773743981,28489252383578,28489252385535,1790295334542000000,1000,1
1942,152233079649872,1790295334773752748,28489257383578,28489257384832,1790295334547000000,1000,1
1943,152233089212920,1790295334783318181,28489262383578,28489262385832,1790295334552000000,1000,1
1944,152233089255931,1790295334783358868,28489267383578,28489267386795,1790295334557000000,1000,1
1945,152233096322908,1790295334790427848,28489272383578,28489272384943,1790295334562000000,1000,1
1946,152233098709479,1790295334792814369,28489277383578,28489277385313,1790295334567000000,1000,1
1947,152233104288590,1790295334798392368,28489282383578,28489282386683,1790295334572000000,1000,1
1948,152233111674644,1790295334805779524,28489287383578,28489287385239,1790295334577000000,1000,1
1949,152233113843042,1790295334807947010,28489292383578,28489292386017,1790295334582000000,1000,1
1950,152233118588102,1790295334812693052,28489297383578,28489297385276,1790295334587000000,1000,1
1951,152233123486391,1790295334817591211,28489302383578,28489302384646,1790295334592000000,1000,1
1952,152233128926618,1790295334823031879,28489307383578,28489307384980,1790295334597000000,1000,1
1953,152233222291091,1790295334916396221,28489312383578,28489312384758,1790295334602000000,1000,1
1954,152233223118889,1790295334917224420,28489317383578,28489317384646,1790295334607000000,1000,1
1956,152233223161880,1790295334917264786,28489327383578,28489327385387,1790295334617000000,1000,1
1957,152233223167260,1790295334917270106,28489332383578,28489332385683,1790295334622000000,1000,1
1958,152233223171628,1790295334917274475,28489337383578,28489337387387,1790295334627000000,1000,1
1959,152233223175265,1790295334917278121,28489342383578,28489342384350,1790295334632000000,1000,1
1960,152233223179123,1790295334917281969,28489347383578,28489347385128,1790295334637000000,1000,1
1961,152233223184322,1790295334917287179,28489352383578,28489352386869,1790295334642000000,1000,1
1962,152233223188550,1790295334917291387,28489357383578,28489357386535,1790295334647000000,1000,1
1963,152233223212195,1790295334917315031,28489362383578,28489362385054,1790295334652000000,1000,1
1964,152233223245829,1790295334917348685,28489367383578,28489367384795,1790295334657000000,1000,1
1965,152233223250498,1790295334917353334,28489372383578,28489372385350,1790295334662000000,1000,1
1966,152233223271167,1790295334917374023,28489377383578,28489377387239,1790295334667000000,1000,1
1967,152233223299320,1790295334917402176,28489382383578,28489382385350,1790295334672000000,1000,1
1968,152233223303168,1790295334917405994,28489387383578,28489387384609,1790295334677000000,1000,1
1969,152233223325800,1790295334917428637,28489392383578,28489392384350,1790295334682000000,1000,1
1970,152233223351569,1790295334917454425,28489397383578,28489397385906,1790295334687000000,1000,1
1971,152233224428299,1790295334918531195,28489402383578,28489402385646,1790295334692000000,1000,1
1972,152233228979382,1790295334923084402,28489407383578,28489407385498,1790295334697000000,1000,1
1973,152233233788072,1790295334927892922,28489412383578,28489412384757,1790295334702000000,1000,1
1974,152233238740163,1790295334932844101,28489417383578,28489417386869,1790295334707000000,1000,1
1975,152233243924916,1790295334938029776,28489422383578,28489422384795,1790295334712000000,1000,1
1976,152233257410435,1790295334951515094,28489427383578,28489427386498,1790295334717000000,1000,1
1977,152233257452745,1790295334951555661,28489432383578,28489432385424,1790295334722000000,1000,1
1978,152233258598916,1790295334952703716,28489437383578,28489437385165,1790295334727000000,1000,1
1979,152233264070310,1790295334958175340,28489442383578,28489442386387,1790295334732000000,1000,1
1980,152233269886219,1790295334963991179,28489447383578,28489447385757,1790295334737000000,1000,1
1981,152233273703151,1790295334967808251,28489452383578,28489452384720,1790295334742000000,1000,1
1982,152233278662086,1790295334972766986,28489457383578,28489457385609,1790295334747000000,1000,1
1983,152233284057927,1790295334978162797,28489462383578,28489462387757,1790295334752000000,1000,1
1984,152233288966346,1790295334983071216,28489467383578,28489467385017,1790295334757000000,1000,1
1985,152233293968734,1790295334988073774,28489472383578,28489472385869,1790295334762000000,1000,1
1986,152233298634984,1790295334992738882,28489477383578,28489477385165,1790295334767000000,1000,1
1987,152233303473951,1790295334997577990,28489482383578,28489482384572,1790295334772000000,1000,1
1988,152233309152460,1790295335003257310,28489487383578,28489487385091,1790295334777000000,1000,1
1989,152233315077555,1790295335009182394,28489492383578,28489492385869,1790295334782000000,1000,1
1990,152233319067904,1790295335013172754,28489497383578,28489497384943,1790295334787000000,1000,1
1991,152233323719998,1790295335017825009,28489502383578,28489502385017,1790295334792000000,1000,1
1992,152233329166497,1790295335023271347,28489507383578,28489507384757,1790295334797000000,1000,1
1993,152233334008118,1790295335028113299,28489512383578,28489512386461,1790295334802000000,1000,1
1994,152233338904575,1790295335033008864,28489517383578,28489517386683,1790295334807000000,1000,1
1995,152233343767779,1790295335037872629,28489522383578,28489522385313,1790295334812000000,1000,1
1996,152233349176284,1790295335043279451,28489527383578,28489527384461,1790295334817000000,1000,1
1997,152233353777312,1790295335047880478,28489532383578,28489532387091,1790295334822000000,1000,1
1998,152233359696957,1790295335053800284,28489537383578,28489537387572,1790295334827000000,1000,1
1999,152233363498799,1790295335057602146,28489542383578,28489542385054,1790295334832000000,1000,1
2000,152233382811176,1790295335076916086,28489547383578,28489561436091,1790295334851000000,1000,1
2001,152233382855660,1790295335076958566,28489552383578,28489561868646,1790295334851000000,1000,1
2002,152233383587667,1790295335077692667,28489557383578,28489562170980,1790295334852000000,1000,1
2003,152233383628785,1790295335077731711,28489562383578,28489562443276,1790295334852000000,1000,1
2004,152233389106904,1790295335083212094,28489567383578,28489567385720,1790295334857000000,1000,1
2005,152233394345529,1790295335088450680,28489572383578,28489572386906,1790295334862000000,1000,1
2006,152233398662398,1790295335092767298,28489577383578,28489577384980,1790295334867000000,1000,1
2007,152233403440982,1790295335097544980,28489582383578,28489582384609,1790295334872000000,1000,1
2008,152233408944138,1790295335103049279,28489587383578,28489587385683,1790295334877000000,1000,1
2009,152233413726539,1790295335107831389,28489592383578,28489592386165,1790295334882000000,1000,1
2010,152233420641207,1790295335114746137,28489597383578,28489597384276,1790295334887000000,1000,1
2011,152233423485315,1790295335117590155,28489602383578,28489602384350,1790295334892000000,1000,1
2012,152233428374008,1790295335122478888,28489607383578,28489607385202,1790295334897000000,1000,1
2013,152233433472868,1790295335127576285,28489612383578,28489612387868,1790295334902000000,1000,1
2014,152233439302593,1790295335133405760,28489617383578,28489617387683,1790295334907000000,1000,1
2015,152233443334182,1790295335137437348,28489622383578,28489622384683,1790295334912000000,1000,1
2016,152233448232080,1790295335142335236,28489627383578,28489627384646,1790295334917000000,1000,1
2017,152233455412504,1790295335149515671,28489632383578,28489632387943,1790295334922000000,1000,1
2018,152233458726192,1790295335152831022,28489637383578,28489637387239,1790295334927000000,1000,1
2019,152233463664196,1790295335157769046,28489642383578,28489642385165,1790295334932000000,1000,1
2020,152233468519225,1790295335162624085,28489647383578,28489647384609,1790295334937000000,1000,1
2021,152233473481957,1790295335167586787,28489652383578,28489652384498,1790295334942000000,1000,1
2022,152233479673388,1790295335173778278,28489657383578,28489657387980,1790295334947000000,1000,1
2023,152233485275179,1790295335179380049,28489662383578,28489662387609,1790295334952000000,1000,1
2024,152233489085999,1790295335183190829,28489667383578,28489667385054,1790295334957000000,1000,1
2025,152233493690082,1790295335187795102,28489672383578,28489672384239,1790295334962000000,1000,1
2026,152233499070715,1790295335193175585,28489677383578,28489677387683,1790295334967000000,1000,1
2027,152233504093341,1790295335198198903,28489682383578,28489682387350,1790295334972000000,1000,1
2028,152233508768809,1790295335202873429,28489687383578,28489687385202,1790295334977000000,1000,1
2029,152233513956126,1790295335208060966,28489692383578,28489692384239,1790295334982000000,1000,1
2030,152233518709021,1790295335212813891,28489697383578,28489697384535,1790295334987000000,1000,1
2031,152233523699687,1790295335217804566,28489702383578,28489702384646,1790295334992000000,1000,1
2032,152233528649402,1790295335222754413,28489707383578,28489707384868,1790295334997000000,1000,1
2033,152233533562200,1790295335227667070,28489712383578,28489712384350,1790295335002000000,1000,1
2034,152233538270661,1790295335232374680,28489717383578,28489717385609,1790295335007000000,1000,1
2035,152233543506660,1790295335237610678,28489722383578,28489722386054,1790295335012000000,1000,1
2036,152233549422588,1790295335243527408,28489727383578,28489727385905,1790295335017000000,1000,1
2037,152233554511390,1790295335248616220,28489732383578,28489732384313,1790295335022000000,1000,1
2038,152233558526826,1790295335252631716,28489737383578,28489737385424,1790295335027000000,1000,1
2039,152233564077442,1790295335258182402,28489742383578,28489742386794,1790295335032000000,1000,1
2040,152233568662219,1790295335262766127,28489747383578,28489747387091,1790295335037000000,1000,1
2041,152233573559407,1790295335267664427,28489752383578,28489752385165,1790295335042000000,1000,1
2042,152233578513842,1790295335272618071,28489757383578,28489757385202,1790295335047000000,1000,1
2043,152233583533252,1790295335277638102,28489762383578,28489762385017,1790295335052000000,1000,1
2044,152233588936870,1790295335283041880,28489767383578,28489767386572,1790295335057000000,1000,1
2045,152233594335076,1790295335288439916,28489772383578,28489772387720,1790295335062000000,1000,1
2046,152233598723661,1790295335292828581,28489777383578,28489777385461,1790295335067000000,1000,1
2047,152233603663520,1790295335297768340,28489782383578,28489782419202,1790295335072000000,1000,1
2048,152233608902113,1790295335303006923,28489787383578,28489787385572,1790295335077000000,1000,1
2049,152233613850208,1790295335307955138,28489792383578,28489792387905,1790295335082000000,1000,1
2050,152233618671182,1790295335312776022,28489797383578,28489797384979,1790295335087000000,1000,1
2051,152233623725306,1790295335317830206,28489802383578,28489802385017,1790295335092000000,1000,1
2052,152233628635940,1790295335322740870,28489807383578,28489807385868,1790295335097000000,1000,1
2053,152233633651763,1790295335327756532,28489812383578,28489812385535,1790295335102000000,1000,1
2054,152233639272722,1790295335333376641,28489817383578,28489817385498,1790295335107000000,1000,1
2055,152233643961105,1790295335338065965,28489822383578,28489822385683,1790295335112000000,1000,1
2056,152233648851469,1790295335342955387,28489827383578,28489827385905,1790295335117000000,1000,1
2057,152233653646423,1790295335347750341,28489832383578,28489832384720,1790295335122000000,1000,1
2058,152233663049507,1790295335357154347,28489837383578,28489837384720,1790295335127000000,1000,1
2059,152233663890220,1790295335357994929,28489842383578,28489842387646,1790295335132000000,1000,1
2060,152233668963452,1790295335363068352,28489847383578,28489847385461,1790295335137000000,1000,1
2061,152233673723490,1790295335367828370,28489852383578,28489852386276,1790295335142000000,1000,1
2062,152233678677806,1790295335372782646,28489857383578,28489857385757,1790295335147000000,1000,1
2063,152233684319815,1790295335378424765,28489862383578,28489862384757,1790295335152000000,1000,1
2064,152233689173170,1790295335383278220,28489867383578,28489867385868,1790295335157000000,1000,1
2065,152233693775007,1790295335387880117,28489872383578,28489872384868,1790295335162000000,1000,1
2066,152233698683066,1790295335392788527,28489877383578,28489877390424,1790295335167000000,1000,1
2067,152233703552441,1790295335397657382,28489882383578,28489882384683,1790295335172000000,1000,1
2068,152233708817154,1790295335402922014,28489887383578,28489887385535,1790295335177000000,1000,1
2069,152233713993080,1790295335408097920,28489892383578,28489892386165,1790295335182000000,1000,1
2070,152233718567978,1790295335412673209,28489897383578,28489897384128,1790295335187000000,1000,1
2071,152233723761516,1790295335417866716,28489902383578,28489902384313,1790295335192000000,1000,1
2072,152233729470783,1790295335423575703,28489907383578,28489907384461,1790295335197000000,1000,1
2073,152233733848827,1790295335427953788,28489912383578,28489912385757,1790295335202000000,1000,1
2074,152233738855302,1790295335432960232,28489917383578,28489917387424,1790295335207000000,1000,1
2075,152233743519577,1790295335437624527,28489922383578,28489922384165,1790295335212000000,1000,1
2076,152233748595554,1790295335442700454,28489927383578,28489927384905,1790295335217000000,1000,1
2077,152233754004031,1790295335448107960,28489932383578,28489932385202,1790295335222000000,1000,1
2078,152233759540882,1790295335453645732,28489937383578,28489937387683,1790295335227000000,1000,1
2079,152233763962569,1790295335458067810,28489942383578,28489942385090,1790295335232000000,1000,1
2080,152233768416818,1790295335462521788,28489947383578,28489947385535,1790295335237000000,1000,1
2081,152233773658397,1790295335467763247,28489952383578,28489952384683,1790295335242000000,1000,1
2082,152233778902072,1790295335473006000,28489957383578,28489957387498,1790295335247000000,1000,1
2083,152233783848514,1790295335477953414,28489962383578,28489962386757,1790295335252000000,1000,1
2084,152233788366462,1790295335482470290,28489967383578,28489967386090,1790295335257000000,1000,1
2085,152233793283238,1790295335487386404,28489972383578,28489972385350,1790295335262000000,1000,1
2086,152233798337724,1790295335492440871,28489977383578,28489977384831,1790295335267000000,1000,1
2087,152233803807015,1790295335497910181,28489982383578,28489982386942,1790295335272000000,1000,1
2088,152233810028432,1790295335504131589,28489987383578,28489987385979,1790295335277000000,1000,1
2089,152233813485151,1790295335507588318,28489992383578,28489992385128,1790295335282000000,1000,1
2090,152233818448975,1790295335512552893,28489997383578,28489997385202,1790295335287000000,1000,1
2091,152233824133474,1790295335518238404,28490002383578,28490002387868,1790295335292000000,1000,1
2092,152233829216605,1790295335523321454,28490007383578,28490007386424,1790295335297000000,1000,1
2093,152233834012440,1790295335528116338,28490012383578,28490012387313,1790295335302000000,1000,1
2094,152233838632823,1790295335532737413,28490017383578,28490017385090,1790295335307000000,1000,1
2095,152233843630923,1790295335537734891,28490022383578,28490022487535,1790295335312000000,1000,1
2096,152233848681371,1790295335542786271,28490027383578,28490027385350,1790295335317000000,1000,1
2097,152233853488487,1790295335547593427,28490032383578,28490032384868,1790295335322000000,1000,1
2098,152233859007173,1790295335553112073,28490037383578,28490037386165,1790295335327000000,1000,1
2099,152233865454137,1790295335559559108,28490042383578,28490042386016,1790295335332000000,1000,1
2100,152233868947284,1790295335563052405,28490047383578,28490047387127,1790295335337000000,1000,1
2101,152233874016038,1790295335568120958,28490052383578,28490052406202,1790295335342000000,1000,1
2102,152233879174161,1790295335573279111,28490057383578,28490057385313,1790295335347000000,1000,1
2103,152233883610596,1790295335577715436,28490062383578,28490062384387,1790295335352000000,1000,1
2104,152233889216776,1790295335583321545,28490067383578,28490067385016,1790295335357000000,1000,1
2105,152233893956486,1790295335588060444,28490072383578,28490072384794,1790295335362000000,1000,1
2106,152233898723918,1790295335592828137,28490077383578,28490077386313,1790295335367000000,1000,1
2107,152233903362255,1790295335597466313,28490082383578,28490082385942,1790295335372000000,1000,1
2108,152233908947687,1790295335603050994,28490087383578,28490087385609,1790295335377000000,1000,1
2109,152233914386371,1790295335608489508,28490092383578,28490092387979,1790295335382000000,1000,1
2110,152233919194539,1790295335613299379,28490097383578,28490097387646,1790295335387000000,1000,1
2111,152233923523990,1790295335617628840,28490102383578,28490102384720,1790295335392000000,1000,1
2112,152233928736807,1790295335622841747,28490107383578,28490107385313,1790295335397000000,1000,1
2113,152233933500793,1790295335627605643,28490112383578,28490112385498,1790295335402000000,1000,1
2114,152233938780265,1790295335632885155,28490117383578,28490117387090,1790295335407000000,1000,1
2115,152233943754089,1790295335637858979,28490122383578,28490122385646,1790295335412000000,1000,1
2116,152233948416663,1790295335642521613,28490127383578,28490127385387,1790295335417000000,1000,1
2117,152233953473812,1790295335647578662,28490132383578,28490132384720,1790295335422000000,1000,1
2118,152233958793841,1790295335652898090,28490137383578,28490137385127,1790295335427000000,1000,1
2119,152233964592227,1790295335658697127,28490142383578,28490142385831,1790295335432000000,1000,1
2120,152233968434085,1790295335662538965,28490147383578,28490147386313,1790295335437000000,1000,1
2121,152233973658072,1790295335667762952,28490152383578,28490152384868,1790295335442000000,1000,1
2122,152233978482613,1790295335672586511,28490157383578,28490157384276,1790295335447000000,1000,1
2123,152233983626898,1790295335677731157,28490162383578,28490162387387,1790295335452000000,1000,1
2124,152233988824716,1790295335682929616,28490167383578,28490167386720,1790295335457000000,1000,1
2125,152233993677079,1790295335687780977,28490172383578,28490172385609,1790295335462000000,1000,1
2126,152233998569959,1790295335692675009,28490177383578,28490177384942,1790295335467000000,1000,1
2127,152234003549162,1790295335697653030,28490182383578,28490182385387,1790295335472000000,1000,1
2128,152234008819597,1790295335702923525,28490187383578,28490187386276,1790295335477000000,1000,1
2129,152234013519351,1790295335707623530,28490192383578,28490192385757,1790295335482000000,1000,1
2130,152234018565890,1790295335712670560,28490197383578,28490197384498,1790295335487000000,1000,1
2131,152234023510498,1790295335717615338,28490202383578,28490202384276,1790295335492000000,1000,1
2132,152234028784992,1790295335722888890,28490207383578,28490207385572,1790295335497000000,1000,1
2133,152234034409508,1790295335728513416,28490212383578,28490212387276,1790295335502000000,1000,1
2134,152234038540004,1790295335732643932,28490217383578,28490217385164,1790295335507000000,1000,1
2135,152234043401084,1790295335737504982,28490222383578,28490222384757,1790295335512000000,1000,1
2136,152234048884443,1790295335742989252,28490227383578,28490227387424,1790295335517000000,1000,1
2137,152234053724791,1790295335747829701,28490232383578,28490232386387,1790295335522000000,1000,1
2138,152234059400495,1790295335753505344,28490237383578,28490237385646,1790295335527000000,1000,1
2139,152234063573389,1790295335757677287,28490242383578,28490242384942,1790295335532000000,1000,1
2140,152234070513758,1790295335764618648,28490247383578,28490247384757,1790295335537000000,1000,1
2141,152234073652275,1790295335767757105,28490252383578,28490252385683,1790295335542000000,1000,1
2142,152234078577486,1790295335772682657,28490257383578,28490257385572,1790295335547000000,1000,1
2143,152234083966714,1790295335778071644,28490262383578,28490262387201,1790295335552000000,1000,1
2144,152234088757872,1790295335782862722,28490267383578,28490267385313,1790295335557000000,1000,1
2145,152234093886419,1790295335787991609,28490272383578,28490272385164,1790295335562000000,1000,1
2146,152234098672225,1790295335792777115,28490277383578,28490277384905,1790295335567000000,1000,1
2147,152234103394622,1790295335797498480,28490282383578,28490282385498,1790295335572000000,1000,1
2148,152234108582331,1790295335802686269,28490287383578,28490287387350,1790295335577000000,1000,1
2149,152234113488796,1790295335807592724,28490292383578,28490292385387,1790295335582000000,1000,1
2150,152234118661746,1790295335812766776,28490297383578,28490297385016,1790295335587000000,1000,1
2151,152234123603288,1790295335817708108,28490302383578,28490302384757,1790295335592000000,1000,1
2152,152234128969585,1790295335823074495,28490307383578,28490307387312,1790295335597000000,1000,1
2153,152234134066390,1790295335828171290,28490312383578,28490312386164,1790295335602000000,1000,1
2154,152234138620238,1790295335832725078,28490317383578,28490317385683,1790295335607000000,1000,1
2155,152234143423368,1790295335837527256,28490322383578,28490322384424,1790295335612000000,1000,1
2156,152234148357194,1790295335842462034,28490327383578,28490327385572,1790295335617000000,1000,1
2157,152234153604305,1790295335847709025,28490332383578,28490332386275,1790295335622000000,1000,1
2158,152234158335609,1790295335852438555,28490337383578,28490337386942,1790295335627000000,1000,1
2159,152234163228077,1790295335857331214,28490342383578,28490342385275,1790295335632000000,1000,1
2160,152234168867612,1790295335862970758,28490347383578,28490347385461,1790295335637000000,1000,1
2161,152234173860010,1790295335867963157,28490352383578,28490352386979,1790295335642000000,1000,1
2162,152234178778458,1790295335872881605,28490357383578,28490357385053,1790295335647000000,1000,1
2163,152234183422185,1790295335877525322,28490362383578,28490362385831,1790295335652000000,1000,1
2164,152234188713380,1790295335882818220,28490367383578,28490367384720,1790295335657000000,1000,1
2165,152234193971001,1790295335888074919,28490372383578,28490372385053,1790295335662000000,1000,1
2166,152234198964460,1790295335893069360,28490377383578,28490377386609,1790295335667000000,1000,1
2167,152234203447844,1790295335897551802,28490382383578,28490382386794,1790295335672000000,1000,1
2168,152234208438459,1790295335902543700,28490387383578,28490387384868,1790295335677000000,1000,1
2169,152234213509607,1790295335907614527,28490392383578,28490392385387,1790295335682000000,1000,1
2170,152234219086043,1790295335913190922,28490397383578,28490397385868,1790295335687000000,1000,1
2171,152234224518465,1790295335918622353,28490402383578,28490402385609,1790295335692000000,1000,1
2172,152234228608081,1790295335922712911,28490407383578,28490407385609,1790295335697000000,1000,1
2173,152234233585622,1790295335927690452,28490412383578,28490412384498,1790295335702000000,1000,1
2174,152234239739231,1790295335933844161,28490417383578,28490417385794,1790295335707000000,1000,1
2175,152234243609772,1790295335937715023,28490422383578,28490422387646,1790295335712000000,1000,1
2176,152234248567684,1790295335942672564,28490427383578,28490427386387,1790295335717000000,1000,1
2177,152234253582505,1790295335947687685,28490432383578,28490432385090,1790295335722000000,1000,1
2178,152234258578661,1790295335952683571,28490437383578,28490437384609,1790295335727000000,1000,1
2179,152234263882660,1790295335957987520,28490442383578,28490442387016,1790295335732000000,1000,1
2180,152234268828060,1790295335962932940,28490447383578,28490447386238,1790295335737000000,1000,1
2181,152234275294972,1790295335969400172,28490452383578,28490452384794,1790295335742000000,1000,1
2182,152234278292099,1790295335972397219,28490457383578,28490457384424,1790295335747000000,1000,1
2183,152234283459358,1790295335977563256,28490462383578,28490462384164,1790295335752000000,1000,1
2184,152234288899565,1790295335983004696,28490467383578,28490467385461,1790295335757000000,1000,1
2185,152234294060342,1790295335988165192,28490472383578,28490472386609,1790295335762000000,1000,1
2186,152234298948022,1790295335993052812,28490477383578,28490477385461,1790295335767000000,1000,1
2187,152234303513512,1790295335997617410,28490482383578,28490482384238,1790295335772000000,1000,1
2188,152234308893253,1790295336002998143,28490487383578,28490487385720,1790295335777000000,1000,1
2189,152234313767878,1790295336007872768,28490492383578,28490492386238,1790295335782000000,1000,1
2190,152234318539409,1790295336012643317,28490497383578,28490497385461,1790295335787000000,1000,1
2191,152234323412460,1790295336017516248,28490502383578,28490502384683,1790295335792000000,1000,1
2192,152234328438182,1790295336022543462,28490507383578,28490507384868,1790295335797000000,1000,1
2193,152234333981805,1790295336028085713,28490512383578,28490512386609,1790295335802000000,1000,1
2194,152234338610424,1790295336032715334,28490517383578,28490517384498,1790295335807000000,1000,1
2195,152234343920683,1790295336038025463,28490522383578,28490522385979,1790295335812000000,1000,1
2196,152234348760981,1790295336042865841,28490527383578,28490527386979,1790295335817000000,1000,1
2197,152234353753881,1790295336047858831,28490532383578,28490532385498,1790295335822000000,1000,1
2198,152234358412317,1790295336052516335,28490537383578,28490537384683,1790295335827000000,1000,1
2199,152234363843217,1790295336057948067,28490542383578,28490542386386,1790295335832000000,1000,1
2200,152234389115467,1790295336083220377,28490547383578,28490567734312,1790295335857000000,1000,1
2201,152234389178827,1790295336083281744,28490552383578,28490568256498,1790295335858000000,1000,1
2202,152234389186652,1790295336083289508,28490557383578,28490568566794,1790295335858000000,1000,1
2203,152234389888311,1790295336083993231,28490562383578,28490568841164,1790295335858000000,1000,1
2204,152234389930982,1790295336084033878,28490567383578,28490569098609,1790295335858000000,1000,1
2205,152234393697066,1790295336087801936,28490572383578,28490572386460,1790295335862000000,1000,1
2206,152234398724962,1790295336092829832,28490577383578,28490577385386,1790295335867000000,1000,1
2207,152234403324446,1790295336097428394,28490582383578,28490582384275,1790295335872000000,1000,1
2208,152234408614637,1790295336102719497,28490587383578,28490587385498,1790295335877000000,1000,1
2209,152234414359231,1790295336108464081,28490592383578,28490592385720,1790295335882000000,1000,1
2210,152234419184964,1790295336113290155,28490597383578,28490597387498,1790295335887000000,1000,1
2211,152234424899711,1790295336119004782,28490602383578,28490602385423,1790295335892000000,1000,1
2212,152234428364875,1790295336122469695,28490607383578,28490607385201,1790295335897000000,1000,1
2213,152234433476570,1790295336127580488,28490612383578,28490612385164,1790295335902000000,1000,1
2214,152234438818680,1790295336132922608,28490617383578,28490617385423,1790295335907000000,1000,1
2215,152234444384084,1790295336138489014,28490622383578,28490622387757,1790295335912000000,1000,1
2216,152234448549766,1790295336142654927,28490627383578,28490627384942,1790295335917000000,1000,1
2217,152234453604273,1790295336147709163,28490632383578,28490632384535,1790295335922000000,1000,1
2218,152234458549460,1790295336152654320,28490637383578,28490637385349,1790295335927000000,1000,1
2219,152234463998053,1790295336158102903,28490642383578,28490642387090,1790295335932000000,1000,1
2220,152234469617480,1790295336163722710,28490647383578,28490647385127,1790295335937000000,1000,1
2221,152234473831494,1790295336167936344,28490652383578,28490652385535,1790295335942000000,1000,1
2222,152234480246047,1790295336174351498,28490657383578,28490657386016,1790295335947000000,1000,1
2223,152234484096442,1790295336178201753,28490662383578,28490662385979,1790295335952000000,1000,1
2224,152234488899772,1790295336183004883,28490667383578,28490667386609,1790295335957000000,1000,1
2225,152234493690347,1790295336187795357,28490672383578,28490672386794,1790295335962000000,1000,1
2226,152234498632180,1790295336192736929,28490677383578,28490677385535,1790295335967000000,1000,1
2227,152234503562811,1790295336197666720,28490682383578,28490682384646,1790295335972000000,1000,1
2228,152234509071106,1790295336203175936,28490687383578,28490687385868,1790295335977000000,1000,1
2229,152234514502867,1790295336208607076,28490692383578,28490692386646,1790295335982000000,1000,1
2230,152234518488999,1790295336212592947,28490697383578,28490697385238,1790295335987000000,1000,1
2231,152234523431973,1790295336217536152,28490702383578,28490702384646,1790295335992000000,1000,1
2232,152234528847022,1790295336222951682,28490707383578,28490707387460,1790295335997000000,1000,1
2233,152234533733600,1790295336227837519,28490712383578,28490712386090,1790295336002000000,1000,1
2234,152234538618274,1790295336232722192,28490717383578,28490717385312,1790295336007000000,1000,1
2235,152234543559846,1790295336237664696,28490722383578,28490722384720,1790295336012000000,1000,1
2236,152234548435353,1790295336242540233,28490727383578,28490727384905,1790295336017000000,1000,1
2237,152234553940744,1790295336248045724,28490732383578,28490732387460,1790295336022000000,1000,1
2238,152234559626744,1790295336253731694,28490737383578,28490737387238,1790295336027000000,1000,1
2239,152234563794170,1790295336257899320,28490742383578,28490742385571,1790295336032000000,1000,1
2240,152234568620143,1790295336262725003,28490747383578,28490747385868,1790295336037000000,1000,1
2241,152234573466686,1790295336267570604,28490752383578,28490752384720,1790295336042000000,1000,1
2242,152234582154536,1790295336276258364,28490757383578,28490757385757,1790295336047000000,1000,1
2243,152234583786628,1790295336277890567,28490762383578,28490762387275,1790295336052000000,1000,1
2244,152234588755420,1790295336282860280,28490767383578,28490767384609,1790295336057000000,1000,1
2245,152234593771294,1790295336287876234,28490772383578,28490772395053,1790295336062000000,1000,1
2246,152234598534418,1790295336292639548,28490777383578,28490777385571,1790295336067000000,1000,1
2247,152234603860820,1790295336297965659,28490782383578,28490782385942,1790295336072000000,1000,1
2248,152234608681191,1790295336302786161,28490787383578,28490787385794,1790295336077000000,1000,1
2249,152234613333866,1790295336307437724,28490792383578,28490792385016,1790295336082000000,1000,1
2250,152234618517607,1790295336312620764,28490797383578,28490797385127,1790295336087000000,1000,1
2251,152234623755770,1790295336317859718,28490802383578,28490802385831,1790295336092000000,1000,1
2252,152234629083301,1790295336323188321,28490807383578,28490807384979,1790295336097000000,1000,1
2253,152234633600720,1790295336327705730,28490812383578,28490812384534,1790295336102000000,1000,1
2254,152234638540148,1790295336332645058,28490817383578,28490817384868,1790295336107000000,1000,1
2255,152234644645526,1790295336338750436,28490822383578,28490822384312,1790295336112000000,1000,1
2256,152234649684463,1790295336343789323,28490827383578,28490827386683,1790295336117000000,1000,1
2257,152234653786314,1790295336347891765,28490832383578,28490832386423,1790295336122000000,1000,1
2258,152234658646370,1790295336352751240,28490837383578,28490837384386,1790295336127000000,1000,1
2259,152234665044783,1790295336359149713,28490842383578,28490842384127,1790295336132000000,1000,1
2260,152234674116230,1790295336368221160,28490847383578,28490847385312,1790295336137000000,1000,1
2261,152234674158921,1790295336368261857,28490852383578,28490852385942,1790295336142000000,1000,1
2262,152234678633619,1790295336372738489,28490857383578,28490857384942,1790295336147000000,1000,1
2263,152234684894861,1790295336379000052,28490862383578,28490862385720,1790295336152000000,1000,1
2264,152234688614647,1790295336382719898,28490867383578,28490867385460,1790295336157000000,1000,1
2265,152234693970064,1790295336388074974,28490872383578,28490872387164,1790295336162000000,1000,1
2266,152234699049267,1790295336393154137,28490877383578,28490877385238,1790295336167000000,1000,1
2267,152234703638740,1790295336397744262,28490882383578,28490882385127,1790295336172000000,1000,1
2268,152234708643152,1790295336402748042,28490887383578,28490887385571,1790295336177000000,1000,1
2269,152234714114779,1790295336408219608,28490892383578,28490892385090,1790295336182000000,1000,1
2270,152234718730984,1790295336412834902,28490897383578,28490897386386,1790295336187000000,1000,1
2271,152234723780810,1790295336417885640,28490902383578,28490902386127,1790295336192000000,1000,1
2272,152234728742381,1790295336422847341,28490907383578,28490907384683,1790295336197000000,1000,1
2273,152234733714221,1790295336427819261,28490912383578,28490912384571,1790295336202000000,1000,1
2274,152234738706979,1790295336432811849,28490917383578,28490917385534,1790295336207000000,1000,1
2275,152234744297661,1790295336438402511,28490922383578,28490922384683,1790295336212000000,1000,1
2276,152234748996243,1790295336443101073,28490927383578,28490927387423,1790295336217000000,1000,1
2277,152234753873864,1790295336447978844,28490932383578,28490932386868,1790295336222000000,1000,1
2278,152234760491320,1790295336454595539,28490937383578,28490937384682,1790295336227000000,1000,1
2279,152234763395452,1790295336457499360,28490942383578,28490942384682,1790295336232000000,1000,1
2280,152234769009789,1790295336463114759,28490947383578,28490947386423,1790295336237000000,1000,1
2281,152234773723378,1790295336467827537,28490952383578,28490952386757,1790295336242000000,1000,1
2282,152234778802381,1790295336472907271,28490957383578,28490957386682,1790295336247000000,1000,1
2283,152234790216155,1790295336484320043,28490962383578,28490962385164,1790295336252000000,1000,1
2284,152234790240280,1790295336484343227,28490967383578,28490967385757,1790295336257000000,1000,1
2285,152234793592962,1790295336487696179,28490972383578,28490972386682,1790295336262000000,1000,1
2286,152234798586623,1790295336492689790,28490977383578,28490977386497,1790295336267000000,1000,1
2287,152234803829424,1790295336497934294,28490982383578,28490982385164,1790295336272000000,1000,1
2288,152234808457132,1790295336502561982,28490987383578,28490987385497,1790295336277000000,1000,1
2289,152234813818380,1790295336507923310,28490992383578,28490992387534,1790295336282000000,1000,1
2290,152234818865601,1790295336512971072,28490997383578,28490997385682,1790295336287000000,1000,1
2291,152234823672909,1790295336517777729,28491002383578,28491002386757,1790295336292000000,1000,1
2292,152234828585727,1790295336522690997,28491007383578,28491007385942,1790295336297000000,1000,1
2293,152234833574028,1790295336527678918,28491012383578,28491012384794,1790295336302000000,1000,1
2294,152234839002570,1790295336533107440,28491017383578,28491017384905,1790295336307000000,1000,1
2295,152234843494411,1790295336537599241,28491022383578,28491022385534,1790295336312000000,1000,1
2296,152234848618549,1790295336542723720,28491027383578,28491027385831,1790295336317000000,1000,1
2297,152234854352413,1790295336548457633,28491032383578,28491032385645,1790295336322000000,1000,1
2298,152234858998796,1790295336553103766,28491037383578,28491037385608,1790295336327000000,1000,1
2299,152234863779564,1790295336557884524,28491042383578,28491042385942,1790295336332000000,1000,1
2300,152234868686711,1790295336562791601,28491047383578,28491047385571,1790295336337000000,1000,1
2301,152234873574179,1790295336567679119,28491052383578,28491052384423,1790295336342000000,1000,1
2302,152234879377584,1790295336573482564,28491057383578,28491057384794,1790295336347000000,1000,1
2303,152234883989141,1790295336578094071,28491062383578,28491062385905,1790295336352000000,1000,1
2304,152234888970848,1790295336583075698,28491067383578,28491067387053,1790295336357000000,1000,1
2305,152234894006368,1790295336588111819,28491072383578,28491072384608,1790295336362000000,1000,1
2306,152234898685203,1790295336592790043,28491077383578,28491077385201,1790295336367000000,1000,1
2307,152234903669585,1790295336597773413,28491082383578,28491082386201,1790295336372000000,1000,1
2308,152234908402772,1790295336602505949,28491087383578,28491087386979,1790295336377000000,1000,1
2309,152234913250036,1790295336607353193,28491092383578,28491092385386,1790295336382000000,1000,1
2310,152234918355769,1790295336612458925,28491097383578,28491097384571,1790295336387000000,1000,1
2311,152234923076211,1790295336617179378,28491102383578,28491102384756,1790295336392000000,1000,1
2312,152234928680850,1790295336622784017,28491107383578,28491107387756,1790295336397000000,1000,1
2313,152234933742780,1790295336627847710,28491112383578,28491112387534,1790295336402000000,1000,1
2314,152234938526302,1790295336632630260,28491117383578,28491117385460,1790295336407000000,1000,1
2315,152234943440272,1790295336637545152,28491122383578,28491122384349,1790295336412000000,1000,1
2316,152234948914914,1790295336643019814,28491127383578,28491127385571,1790295336417000000,1000,1
2317,152234953531189,1790295336647635467,28491132383578,28491132386349,1790295336422000000,1000,1
2318,152234958460808,1790295336652565588,28491137383578,28491137384460,1790295336427000000,1000,1
2319,152234963591599,1790295336657696469,28491142383578,28491142384460,1790295336432000000,1000,1
2320,152234968506760,1790295336662612211,28491147383578,28491147384756,1790295336437000000,1000,1
2321,152234973886372,1790295336667991142,28491152383578,28491152385831,1790295336442000000,1000,1
2322,152234978804811,1790295336672909110,28491157383578,28491157385534,1790295336447000000,1000,1
2323,152234983358688,1790295336677463958,28491162383578,28491162385386,1790295336452000000,1000,1
2324,152234992320026,1790295336686424926,28491167383578,28491167385090,1790295336457000000,1000,1
2325,152234994363077,1790295336688466995,28491172383578,28491172387090,1790295336462000000,1000,1
2326,152234998700204,1790295336692804122,28491177383578,28491177385830,1790295336467000000,1000,1
2327,152235003319224,1790295336697423162,28491182383578,28491182385423,1790295336472000000,1000,1
2328,152235008339475,1790295336702443473,28491187383578,28491187385423,1790295336477000000,1000,1
2329,152235014226549,1790295336708330457,28491192383578,28491192384164,1790295336482000000,1000,1
2330,152235018945909,1790295336713050999,28491197383578,28491197386053,1790295336487000000,1000,1
2331,152235023732628,1790295336717837788,28491202383578,28491202385608,1790295336492000000,1000,1
2332,152235028631990,1790295336722736940,28491207383578,28491207385127,1790295336497000000,1000,1
2333,152235033305123,1790295336727410584,28491212383578,28491212384534,1790295336502000000,1000,1
2334,152235038813709,1790295336732917577,28491217383578,28491217385608,1790295336507000000,1000,1
2335,152235043763657,1790295336737868507,28491222383578,28491222387349,1790295336512000000,1000,1
2336,152235048486275,1790295336742591225,28491227383578,28491227386201,1790295336517000000,1000,1
2337,152235053574253,1790295336747678211,28491232383578,28491232384905,1790295336522000000,1000,1
2338,152235059426170,1790295336753531030,28491237383578,28491237384571,1790295336527000000,1000,1
2339,152235063903183,1790295336758007101,28491242383578,28491242386719,1790295336532000000,1000,1
2340,152235068932750,1790295336763037690,28491247383578,28491247386312,1790295336537000000,1000,1
2341,152235073590424,1790295336767695354,28491252383578,28491252385571,1790295336542000000,1000,1
2342,152235078502090,1790295336772607030,28491257383578,28491257384867,1790295336547000000,1000,1
2343,152235083840903,1790295336777945943,28491262383578,28491262385756,1790295336552000000,1000,1
2344,152235089165150,1790295336783270050,28491267383578,28491267384756,1790295336557000000,1000,1
2345,152235094000532,1790295336788105672,28491272383578,28491272385312,1790295336562000000,1000,1
2346,152235098690156,1790295336792794996,28491277383578,28491277385201,1790295336567000000,1000,1
2347,152235103519505,1790295336797623473,28491282383578,28491282385756,1790295336572000000,1000,1
2348,152235108789650,1790295336802894059,28491287383578,28491287387942,1790295336577000000,1000,1
2349,152235113858654,1790295336807963524,28491292383578,28491292385238,1790295336582000000,1000,1
2350,152235118905545,1790295336813010655,28491297383578,28491297386016,1790295336587000000,1000,1
2351,152235123605178,1790295336817710299,28491302383578,28491302385756,1790295336592000000,1000,1
2352,152235129049353,1790295336823154473,28491307383578,28491307472571,1790295336597000000,1000,1
2353,152235133749949,1790295336827854869,28491312383578,28491312385719,1790295336602000000,1000,1
2354,152235138807980,1790295336832912830,28491317383578,28491317601053,1790295336607000000,1000,1
2355,152235143660594,1790295336837765464,28491322383578,28491322384608,1790295336612000000,1000,1
2356,152235148332114,1790295336842436013,28491327383578,28491327384793,1790295336617000000,1000,1
2357,152235153822206,1790295336847926154,28491332383578,28491332387460,1790295336622000000,1000,1
2358,152235158448682,1790295336852552379,28491337383578,28491337385719,1790295336627000000,1000,1
2359,152235163635890,1790295336857741010,28491342383578,28491342385682,1790295336632000000,1000,1
2360,152235168552262,1790295336862657162,28491347383578,28491347385682,1790295336637000000,1000,1
2361,152235173969075,1790295336868074206,28491352383578,28491352482164,1790295336642000000,1000,1
2362,152235178758439,1790295336872863279,28491357383578,28491357386793,1790295336647000000,1000,1
2363,152235183680072,1790295336877785323,28491362383578,28491362588867,1790295336652000000,1000,1
2364,152235188592548,1790295336882697418,28491367383578,28491367384941,1790295336657000000,1000,1
2365,152235198020991,1790295336892124909,28491372383578,28491372385423,1790295336662000000,1000,1
2366,152235199021727,1790295336893126517,28491377383578,28491377386571,1790295336667000000,1000,1
2367,152235203580003,1790295336897684833,28491382383578,28491382386053,1790295336672000000,1000,1
2368,152235208665869,1790295336902770729,28491387383578,28491387385016,1790295336677000000,1000,1
2369,152235213641186,1790295336907746146,28491392383578,28491392385460,1790295336682000000,1000,1
2370,152235218875391,1790295336912980271,28491397383578,28491397385238,1790295336687000000,1000,1
2371,152235224035257,1790295336918140208,28491402383578,28491402387571,1790295336692000000,1000,1
2372,152235228848747,1790295336922953637,28491407383578,28491407599719,1790295336697000000,1000,1
2373,152235233681211,1790295336927786111,28491412383578,28491412384534,1790295336702000000,1000,1
2374,152235238543764,1790295336932648884,28491417383578,28491417385090,1790295336707000000,1000,1
2375,152235244044586,1790295336938149395,28491422383578,28491422385941,1790295336712000000,1000,1
2376,152235248843267,1790295336942948117,28491427383578,28491427385275,1790295336717000000,1000,1
2377,152235253567446,1790295336947672146,28491432383578,28491432384904,1790295336722000000,1000,1
2378,152235258403940,1790295336952507818,28491437383578,28491437385497,1790295336727000000,1000,1
2379,152235264458060,1790295336958562970,28491442383578,28491442386756,1790295336732000000,1000,1
2380,152235269019701,1790295336963124671,28491447383578,28491447385904,1790295336737000000,1000,1
2381,152235273800038,1790295336967904887,28491452383578,28491452586534,1790295336742000000,1000,1
2382,152235278502697,1790295336972608008,28491457383578,28491457384682,1790295336747000000,1000,1
2383,152235283542204,1790295336977647134,28491462383578,28491462385201,1790295336752000000,1000,1
2384,152235289229079,1790295336983333878,28491467383578,28491467387830,1790295336757000000,1000,1
2385,152235293825517,1790295336987929445,28491472383578,28491472386978,1790295336762000000,1000,1
2386,152235298529509,1790295336992633817,28491477383578,28491477385645,1790295336767000000,1000,1
2387,152235303613660,1790295336997718510,28491482383578,28491482385645,1790295336772000000,1000,1
2388,152235309016707,1790295337003121607,28491487383578,28491487443460,1790295336777000000,1000,1
2389,152235313871655,1790295337007975573,28491492383578,28491492385904,1790295336782000000,1000,1
2390,152235318850848,1790295337012954766,28491497383578,28491497384127,1790295336787000000,1000,1
2391,152235323603442,1790295337017708282,28491502383578,28491502384904,1790295336792000000,1000,1
2392,152235329298131,1790295337023403081,28491507383578,28491507541423,1790295336797000000,1000,1
2393,152235333847068,1790295337027952509,28491512383578,28491512386608,1790295336802000000,1000,1
2394,152235338887327,1790295337032992297,28491517383578,28491517386127,1790295336807000000,1000,1
2395,152235343577223,1790295337037682083,28491522383578,28491522384830,1790295336812000000,1000,1
2396,152235348558711,1790295337042663581,28491527383578,28491527385015,1790295336817000000,1000,1
2397,152235353913585,1790295337048017884,28491532383578,28491532386941,1790295336822000000,1000,1
2398,152235358956519,1790295337053061620,28491537383578,28491537386423,1790295336827000000,1000,1
2399,152235364393510,1790295337058498380,28491542383578,28491542588015,1790295336832000000,1000,1
2400,152235385968102,1790295337080072942,28491547383578,28491564458904,1790295336854000000,1000,1
2401,152235386031542,1790295337080134479,28491552383578,28491564889608,1790295336854000000,1000,1
2402,152235386038666,1790295337080141542,28491557383578,28491565245682,1790295336855000000,1000,1
2403,152235386687054,1790295337080791934,28491562383578,28491565551608,1790295336855000000,1000,1
2404,152235388579279,1790295337082683999,28491567383578,28491567384867,1790295336857000000,1000,1
2405,152235393984060,1790295337088089220,28491572383578,28491572386349,1790295336862000000,1000,1
2406,152235401664150,1790295337095769151,28491577383578,28491577387090,1790295336867000000,1000,1
2407,152235403832638,1790295337097937358,28491582383578,28491582385756,1790295336872000000,1000,1
2408,152235409015185,1790295337103120175,28491587383578,28491587385386,1790295336877000000,1000,1
2409,152235414082405,1790295337108187335,28491592383578,28491592384830,1790295336882000000,1000,1
2410,152235418822757,1790295337112927797,28491597383578,28491597386201,1790295336887000000,1000,1
2411,152235424074927,1790295337118179837,28491602383578,28491602385460,1790295336892000000,1000,1
2412,152235428675233,1790295337122779141,28491607383578,28491607384830,1790295336897000000,1000,1
2413,152235437232893,1790295337131337783,28491612383578,28491612385756,1790295336902000000,1000,1
2414,152235439095843,1790295337133200713,28491617383578,28491617387756,1790295336907000000,1000,1
2415,152235443803803,1790295337137907711,28491622383578,28491622385571,1790295336912000000,1000,1
2416,152235448790851,1790295337142896102,28491627383578,28491627385608,1790295336917000000,1000,1
2417,152235453692338,1790295337147797488,28491632383578,28491632385756,1790295336922000000,1000,1
2418,152235459243004,1790295337153348265,28491637383578,28491637384793,1790295336927000000,1000,1
2419,152235463885370,1790295337157990220,28491642383578,28491642385867,1790295336932000000,1000,1
2420,152235469542185,1790295337163647175,28491647383578,28491647385089,1790295336937000000,1000,1
2421,152235473749687,1790295337167854557,28491652383578,28491652384238,1790295336942000000,1000,1
2422,152235479151241,1790295337173256101,28491657383578,28491657385312,1790295336947000000,1000,1
2423,152235483933058,1790295337178037898,28491662383578,28491662386497,1790295336952000000,1000,1
2424,152235488592076,1790295337182696956,28491667383578,28491667385312,1790295336957000000,1000,1
2425,152235493750178,1790295337187855028,28491672383578,28491672384645,1790295336962000000,1000,1
2426,152235498937687,1790295337193042547,28491677383578,28491677384904,1790295336967000000,1000,1
2427,152235504195576,1790295337198300787,28491682383578,28491682387201,1790295336972000000,1000,1
2428,152235509613301,1790295337203717249,28491687383578,28491687384682,1790295336977000000,1000,1
2429,152235513677290,1790295337207781438,28491692383578,28491692384793,1790295336982000000,1000,1
2430,152235518749268,1790295337212853196,28491697383578,28491697385497,1790295336987000000,1000,1
2431,152235523844933,1790295337217949773,28491702383578,28491702387423,1790295336992000000,1000,1
2432,152235529148921,1790295337223252840,28491707383578,28491707386867,1790295336997000000,1000,1
2433,152235533574355,1790295337227678603,28491712383578,28491712385719,1790295337002000000,1000,1
2434,152235538452156,1790295337232556445,28491717383578,28491717385682,1790295337007000000,1000,1
2435,152235543898475,1790295337238003806,28491722383578,28491722384349,1790295337012000000,1000,1
2436,152235548990152,1790295337243095032,28491727383578,28491727385386,1790295337017000000,1000,1
2437,152235554889427,1790295337248994277,28491732383578,28491732385719,1790295337022000000,1000,1
2438,152235558514696,1790295337252618614,28491737383578,28491737385645,1790295337027000000,1000,1
2439,152235563517394,1790295337257622244,28491742383578,28491742384497,1790295337032000000,1000,1
2440,152235568901092,1790295337263006243,28491747383578,28491747386534,1790295337037000000,1000,1
2441,152235573387212,1790295337267490379,28491752383578,28491752385126,1790295337042000000,1000,1
2442,152235578763748,1790295337272867947,28491757383578,28491757386089,1790295337047000000,1000,1
2443,152235583598227,1790295337277703187,28491762383578,28491762384497,1790295337052000000,1000,1
2444,152235588550229,1790295337282655389,28491767383578,28491767385756,1790295337057000000,1000,1
2445,152235593923309,1790295337288028249,28491772383578,28491772386719,1790295337062000000,1000,1
2446,152235600416589,1790295337294521489,28491777383578,28491777385867,1790295337067000000,1000,1
2447,152235607071798,1790295337301176668,28491782383578,28491782385830,1790295337072000000,1000,1
2448,152235608393633,1790295337302498503,28491787383578,28491787384238,1790295337077000000,1000,1
2449,152235614114111,1790295337308219151,28491792383578,28491792385793,1790295337082000000,1000,1
2450,152235619029802,1790295337313134652,28491797383578,28491797386830,1790295337087000000,1000,1
2451,152235623605852,1790295337317710692,28491802383578,28491802384349,1790295337092000000,1000,1
2452,152235628790756,1790295337322895555,28491807383578,28491807384238,1790295337097000000,1000,1
2453,152235633560673,1790295337327664621,28491812383578,28491812384941,1790295337102000000,1000,1
2454,152235638785201,1790295337332889110,28491817383578,28491817385312,1790295337107000000,1000,1
2455,152235643682901,1790295337337787791,28491822383578,28491822385460,1790295337112000000,1000,1
2456,152235648889835,1790295337342993763,28491827383578,28491827385312,1790295337117000000,1000,1
2457,152235653783947,1790295337347887865,28491832383578,28491832387423,1790295337122000000,1000,1
2458,152235658629076,1790295337352732984,28491837383578,28491837385052,1790295337127000000,1000,1
2459,152235663637024,1790295337357741984,28491842383578,28491842385645,1790295337132000000,1000,1
2460,152235668947794,1790295337363053175,28491847383578,28491847386756,1790295337137000000,1000,1
2461,152235673900378,1790295337368004326,28491852383578,28491852386275,1790295337142000000,1000,1
2462,152235678569103,1790295337372673983,28491857383578,28491857385238,1790295337147000000,1000,1
2463,152235683576097,1790295337377681228,28491862383578,28491862385349,1790295337152000000,1000,1
2464,152235688592259,1790295337382697199,28491867383578,28491867384867,1790295337157000000,1000,1
2465,152235693772083,1790295337387875991,28491872383578,28491872385978,1790295337162000000,1000,1
2466,152235699668344,1790295337393773184,28491877383578,28491877385126,1790295337167000000,1000,1
2467,152235703799952,1790295337397905082,28491882383578,28491882384497,1790295337172000000,1000,1
2468,152235708610636,1790295337402714555,28491887383578,28491887385423,1790295337177000000,1000,1
2469,152235713998294,1790295337408103174,28491892383578,28491892387312,1790295337182000000,1000,1
2470,152235718898337,1790295337413003166,28491897383578,28491897386978,1790295337187000000,1000,1
2471,152235723707948,1790295337417813149,28491902383578,28491902386089,1790295337192000000,1000,1
2472,152235728698103,1790295337422803093,28491907383578,28491907385571,1790295337197000000,1000,1
2473,152235733649233,1790295337427754173,28491912383578,28491912384386,1790295337202000000,1000,1
2474,152235739001091,1790295337433105991,28491917383578,28491917387460,1790295337207000000,1000,1
2475,152235744665703,1790295337438770583,28491922383578,28491922384904,1790295337212000000,1000,1
2476,152235748670020,1790295337442775220,28491927383578,28491927385682,1790295337217000000,1000,1
2477,152235753686434,1790295337447790372,28491932383578,28491932385645,1790295337222000000,1000,1
2478,152235758972960,1790295337453077790,28491937383578,28491937384756,1790295337227000000,1000,1
2479,152235763844089,1790295337457949220,28491942383578,28491942387497,1790295337232000000,1000,1
2480,152235768716751,1790295337462822182,28491947383578,28491947386682,1790295337237000000,1000,1
2481,152235773747441,1790295337467851399,28491952383578,28491952385052,1790295337242000000,1000,1
2482,152235778806937,1790295337472911767,28491957383578,28491957385237,1790295337247000000,1000,1
2483,152235783874538,1790295337477979488,28491962383578,28491962387793,1790295337252000000,1000,1
2484,152235789321065,1790295337483424863,28491967383578,28491967384682,1790295337257000000,1000,1
2485,152235793765786,1790295337487869694,28491972383578,28491972385089,1790295337262000000,1000,1
2486,152235798495346,1790295337492599976,28491977383578,28491977385237,1790295337267000000,1000,1
2487,152235803978422,1790295337498083312,28491982383578,28491982385793,1790295337272000000,1000,1
2488,152235810803092,1790295337504908042,28491987383578,28491987386237,1790295337277000000,1000,1
2489,152235813812855,1790295337507916763,28491992383578,28491992386867,1790295337282000000,1000,1
2490,152235818668945,1790295337512773785,28491997383578,28491997385126,1790295337287000000,1000,1
2491,152235823644101,1790295337517749031,28492002383578,28492002385978,1790295337292000000,1000,1
2492,152235828848171,1790295337522953021,28492007383578,28492007387793,1790295337297000000,1000,1
2493,152235834939711,1790295337529044541,28492012383578,28492012385793,1790295337302000000,1000,1
2494,152235838843376,1790295337532948286,28492017383578,28492017384830,1790295337307000000,1000,1
2495,152235843522441,1790295337537627381,28492022383578,28492022384793,1790295337312000000,1000,1
2496,152235848894088,1790295337542998918,28492027383578,28492027386534,1790295337317000000,1000,1
2497,152235853906845,1790295337548010763,28492032383578,28492032385756,1790295337322000000,1000,1
2498,152235858663437,1790295337552768458,28492037383578,28492037385163,1790295337327000000,1000,1
2499,152235863720288,1790295337557825148,28492042383578,28492042385608,1790295337332000000,1000,1
2500,152235868543594,1790295337562648925,28492047383578,28492047384756,1790295337337000000,1000,1
2501,152235873897238,1790295337568002468,28492052383578,28492052385756,1790295337342000000,1000,1
2502,152235879575526,1790295337573680386,28492057383578,28492057386904,1790295337347000000,1000,1
2503,152235883603065,1790295337577707945,28492062383578,28492062385867,1790295337352000000,1000,1
2504,152235888617273,1790295337582722173,28492067383578,28492067385052,1790295337357000000,1000,1
2505,152235893954665,1790295337588059615,28492072383578,28492072387311,1790295337362000000,1000,1
2506,152235898819101,1790295337592923981,28492077383578,28492077387386,1790295337367000000,1000,1
2507,152235903356478,1790295337597460567,28492082383578,28492082386200,1790295337372000000,1000,1
2508,152235908263635,1790295337602366802,28492087383578,28492087385719,1790295337377000000,1000,1
2509,152235913413993,1790295337607517160,28492092383578,28492092384719,1790295337382000000,1000,1
2510,152235918740734,1790295337612843891,28492097383578,28492097385126,1790295337387000000,1000,1
2511,152235923750896,1790295337617854063,28492102383578,28492102386534,1790295337392000000,1000,1
2512,152235928326956,1790295337622430123,28492107383578,28492107385311,1790295337397000000,1000,1
2513,152235933506890,1790295337627611770,28492112383578,28492112384904,1790295337402000000,1000,1
2514,152235939036895,1790295337633141755,28492117383578,28492117386126,1790295337407000000,1000,1
2515,152235943760224,1790295337637865064,28492122383578,28492122386126,1790295337412000000,1000,1
2516,152235948590114,1790295337642695014,28492127383578,28492127386237,1790295337417000000,1000,1
2517,152235953559440,1790295337647664560,28492132383578,28492132385089,1790295337422000000,1000,1
2518,152235958537501,1790295337652642371,28492137383578,28492137385460,1790295337427000000,1000,1
2519,152235963923204,1790295337658028124,28492142383578,28492142386793,1790295337432000000,1000,1
2520,152235968911042,1790295337663015912,28492147383578,28492147386200,1790295337437000000,1000,1
2521,152235973635123,1790295337667739983,28492152383578,28492152384904,1790295337442000000,1000,1
2522,152235978590371,1790295337672694279,28492157383578,28492157384793,1790295337447000000,1000,1
2523,152235983935527,1790295337678040677,28492162383578,28492162386015,1790295337452000000,1000,1
2524,152235988782740,1790295337682887861,28492167383578,28492167385163,1790295337457000000,1000,1
2525,152235994511434,1790295337688615352,28492172383578,28492172387163,1790295337462000000,1000,1
2526,152235998659864,1790295337692764684,28492177383578,28492177385015,1790295337467000000,1000,1
2527,152236003423898,1790295337697527676,28492182383578,28492182384534,1790295337472000000,1000,1
2528,152236008786608,1790295337702891478,28492187383578,28492187386348,1790295337477000000,1000,1
2529,152236015516749,1790295337709619916,28492192383578,28492192387756,1790295337482000000,1000,1
2530,152236019397530,1790295337713502651,28492197383578,28492197385497,1790295337487000000,1000,1
2531,152236023745568,1790295337717850438,28492202383578,28492202384163,1790295337492000000,1000,1
2532,152236028986447,1790295337723091397,28492207383578,28492207387237,1790295337497000000,1000,1
2533,152236034098933,1790295337728202871,28492212383578,28492212386385,1790295337502000000,1000,1
2534,152236038553091,1790295337732657029,28492217383578,28492217385015,1790295337507000000,1000,1
2535,152236043682389,1790295337737787249,28492222383578,28492222385422,1790295337512000000,1000,1
2536,152236048703151,1790295337742808041,28492227383578,28492227385571,1790295337517000000,1000,1
2537,152236053980618,1790295337748085478,28492232383578,28492232386719,1790295337522000000,1000,1
2538,152236058780753,1790295337752885443,28492237383578,28492237387682,1790295337527000000,1000,1
2539,152236063806966,1790295337757911806,28492242383578,28492242384904,1790295337532000000,1000,1
2540,152236068945471,1790295337763050602,28492247383578,28492247384163,1790295337537000000,1000,1
2541,152236074098703,1790295337768203603,28492252383578,28492252387163,1790295337542000000,1000,1
2542,152236078897895,1790295337773001863,28492257383578,28492257386608,1790295337547000000,1000,1
2543,152236083861710,1790295337777966660,28492262383578,28492262386348,1790295337552000000,1000,1
2544,152236088751642,1790295337782856522,28492267383578,28492267384793,1790295337557000000,1000,1
2545,152236093553510,1790295337787658430,28492272383578,28492272384348,1790295337562000000,1000,1
2546,152236099044644,1790295337793149604,28492277383578,28492277385682,1790295337567000000,1000,1
2547,152236104472125,1790295337798576143,28492282383578,28492282387941,1790295337572000000,1000,1
2548,152236108747515,1790295337802852355,28492287383578,28492287384756,1790295337577000000,1000,1
2549,152236113576634,1790295337807680552,28492292383578,28492292385089,1790295337582000000,1000,1
2550,152236118906952,1790295337813010870,28492297383578,28492297385830,1790295337587000000,1000,1
2551,152236123826352,1790295337817931603,28492302383578,28492302386459,1790295337592000000,1000,1
2552,152236128851293,1790295337822956152,28492307383578,28492307386534,1790295337597000000,1000,1
2553,152236133591814,1790295337827696734,28492312383578,28492312385126,1790295337602000000,1000,1
2554,152236138540719,1790295337832645669,28492317383578,28492317384793,1790295337607000000,1000,1
2555,152236144037483,1790295337838142624,28492322383578,28492322387274,1790295337612000000,1000,1
2556,152236149553644,1790295337843658504,28492327383578,28492327385830,1790295337617000000,1000,1
2557,152236153670543,1790295337847774451,28492332383578,28492332385311,1790295337622000000,1000,1
2558,152236158120203,1790295337852223841,28492337383578,28492337384830,1790295337627000000,1000,1
2559,152236163531676,1790295337857634853,28492342383578,28492342384867,1790295337632000000,1000,1
2560,152236168716730,1790295337862819896,28492347383578,28492347385385,1790295337637000000,1000,1
2561,152236173439837,1790295337867543003,28492352383578,28492352386793,1790295337642000000,1000,1
2562,152236178708349,1790295337872813158,28492357383578,28492357386274,1790295337647000000,1000,1
2563,152236183686080,1790295337877790919,28492362383578,28492362384756,1790295337652000000,1000,1
2564,152236188877424,1790295337882982374,28492367383578,28492367385571,1790295337657000000,1000,1
2565,152236193425090,1790295337887529008,28492372383578,28492372385830,1790295337662000000,1000,1
2566,152236198778563,1790295337892882501,28492377383578,28492377385496,1790295337667000000,1000,1
2567,152236204590662,1790295337898695633,28492382383578,28492382387200,1790295337672000000,1000,1
2568,152236208402234,1790295337902507104,28492387383578,28492387384348,1790295337677000000,1000,1
2569,152236213647712,1790295337907752753,28492392383578,28492392384533,1790295337682000000,1000,1
2570,152236220427447,1790295337914532337,28492397383578,28492397387385,1790295337687000000,1000,1
2571,152236223916356,1790295337918021466,28492402383578,28492402385719,1790295337692000000,1000,1
2572,152236228454925,1790295337922559755,28492407383578,28492407386533,1790295337697000000,1000,1
2573,152236233615862,1790295337927720842,28492412383578,28492412385941,1790295337702000000,1000,1
2574,152236238626745,1790295337932731615,28492417383578,28492417385756,1790295337707000000,1000,1
2575,152236244304933,1790295337938409873,28492422383578,28492422385830,1790295337712000000,1000,1
2576,152236249658666,1790295337943763516,28492427383578,28492427387682,1790295337717000000,1000,1
2577,152236253657180,1790295337947761109,28492432383578,28492432384756,1790295337722000000,1000,1
2578,152236258759848,1790295337952864958,28492437383578,28492437384978,1790295337727000000,1000,1
2579,152236263770812,1790295337957875882,28492442383578,28492442386385,1790295337732000000,1000,1
2580,152236268909698,1790295337963014578,28492447383578,28492447385941,1790295337737000000,1000,1
2581,152236273827974,1790295337967932874,28492452383578,28492452384682,1790295337742000000,1000,1
2582,152236278850140,1790295337972955110,28492457383578,28492457386904,1790295337747000000,1000,1
2583,152236283541748,1790295337977646618,28492462383578,28492462384608,1790295337752000000,1000,1
2584,152236288727554,1790295337982832414,28492467383578,28492467384311,1790295337757000000,1000,1
2585,152236293489794,1790295337987594744,28492472383578,28492472385719,1790295337762000000,1000,1
2586,152236298881960,1790295337992986911,28492477383578,28492477387682,1790295337767000000,1000,1
2587,152236304782257,1790295337998886166,28492482383578,28492482386941,1790295337772000000,1000,1
2588,152236308578640,1790295338002683590,28492487383578,28492487384422,1790295337777000000,1000,1
2589,152236313585226,1790295338007690106,28492492383578,28492492384830,1790295337782000000,1000,1
2590,152236319458011,1790295338013561949,28492497383578,28492497386941,1790295337787000000,1000,1
2591,152236323936786,1790295338018041165,28492502383578,28492502385570,1790295337792000000,1000,1
2592,152236328628455,1790295338022732393,28492507383578,28492507384978,1790295337797000000,1000,1
2593,152236333828908,1790295338027933808,28492512383578,28492512385385,1790295337802000000,1000,1
2594,152236338524413,1790295338032629263,28492517383578,28492517385607,1790295337807000000,1000,1
2595,152236343866514,1790295338037971644,28492522383578,28492522385496,1790295337812000000,1000,1
2596,152236348919207,1790295338043024157,28492527383578,28492527387237,1790295337817000000,1000,1
2597,152236353701978,1790295338047806818,28492532383578,28492532385348,1790295337822000000,1000,1
2598,152236358521828,1790295338052625747,28492537383578,28492537385645,1790295337827000000,1000,1
2599,152236363594369,1790295338057699800,28492542383578,28492542385904,1790295337832000000,1000,1
2600,152236392343111,1790295338086448021,28492547383578,28492570637941,1790295337860000000,1000,1
2601,152236392390301,1790295338086493237,28492552383578,28492571062830,1790295337860000000,1000,1
2602,152236392398005,1790295338086500862,28492557383578,28492571388904,1790295337861000000,1000,1
2603,152236392403105,1790295338086505971,28492562383578,28492571659533,1790295337861000000,1000,1
2604,152236393175478,1790295338087280208,28492567383578,28492571928126,1790295337861000000,1000,1
2605,152236393214923,1790295338087317859,28492572383578,28492572384904,1790295337862000000,1000,1
2606,152236398742586,1790295338092847827,28492577383578,28492577386682,1790295337867000000,1000,1
2607,152236403768248,1790295338097873078,28492582383578,28492582385274,1790295337872000000,1000,1
2608,152236408592057,1790295338102697228,28492587383578,28492587384237,1790295337877000000,1000,1
2609,152236413701337,1790295338107806288,28492592383578,28492592385756,1790295337882000000,1000,1
2610,152236418977814,1790295338113082664,28492597383578,28492597387607,1790295337887000000,1000,1
2611,152236424986055,1790295338119090995,28492602383578,28492602386793,1790295337892000000,1000,1
2612,152236428664194,1790295338122769134,28492607383578,28492607387015,1790295337897000000,1000,1
2613,152236433702840,1790295338127807690,28492612383578,28492612384607,1790295337902000000,1000,1
2614,152236438577306,1790295338132682175,28492617383578,28492617384978,1790295337907000000,1000,1
2615,152236443996551,1790295338138101471,28492622383578,28492622385422,1790295337912000000,1000,1
2616,152236449240356,1790295338143345236,28492627383578,28492627387793,1790295337917000000,1000,1
2617,152236453610947,1790295338147716408,28492632383578,28492632384126,1790295337922000000,1000,1
2618,152236458710447,1790295338152814375,28492637383578,28492637385089,1790295337927000000,1000,1
2619,152236463627583,1790295338157732453,28492642383578,28492642386867,1790295337932000000,1000,1
2620,152236469067159,1790295338163172610,28492647383578,28492647384830,1790295337937000000,1000,1
2621,152236473581180,1790295338167686380,28492652383578,28492652384756,1790295337942000000,1000,1
2622,152236478762917,1790295338172868098,28492657383578,28492657384978,1790295337947000000,1000,1
2623,152236483809950,1790295338177914799,28492662383578,28492662386348,1790295337952000000,1000,1
2624,152236488851141,1790295338182956632,28492667383578,28492667386348,1790295337957000000,1000,1
2625,152236493636606,1790295338187741446,28492672383578,28492672386644,1790295337962000000,1000,1
2626,152236498535137,1790295338192640067,28492677383578,28492677385756,1790295337967000000,1000,1
2627,152236503646741,1790295338197751611,28492682383578,28492682384830,1790295337972000000,1000,1
2628,152236508801996,1790295338202907207,28492687383578,28492687386422,1790295337977000000,1000,1
2629,152236514835889,1790295338208940839,28492692383578,28492692385052,1790295337982000000,1000,1
2630,152236518559012,1790295338212663962,28492697383578,28492697384459,1790295337987000000,1000,1
2631,152236524331006,1790295338218436266,28492702383578,28492702385348,1790295337992000000,1000,1
2632,152236528570979,1790295338222675248,28492707383578,28492707384163,1790295337997000000,1000,1
2633,152236534011867,1790295338228116737,28492712383578,28492712385904,1790295338002000000,1000,1
2634,152236539283273,1790295338233388504,28492717383578,28492717385718,1790295338007000000,1000,1
2635,152236543564053,1790295338237668903,28492722383578,28492722384570,1790295338012000000,1000,1
2636,152236548458787,1790295338242563637,28492727383578,28492727385793,1790295338017000000,1000,1
2637,152236553710357,1790295338247814285,28492732383578,28492732386237,1790295338022000000,1000,1
2638,152236558761355,1790295338252865304,28492737383578,28492737384644,1790295338027000000,1000,1
2639,152236563530951,1790295338257635881,28492742383578,28492742385200,1790295338032000000,1000,1
2640,152236568637867,1790295338262742557,28492747383578,28492747384681,1790295338037000000,1000,1
2641,152236573534434,1790295338267639234,28492752383578,28492752385126,1790295338042000000,1000,1
2642,152236578906230,1790295338273010148,28492757383578,28492757387570,1790295338047000000,1000,1
2643,152236583981606,1790295338278086716,28492762383578,28492762386681,1790295338052000000,1000,1
2644,152236588728950,1790295338282833820,28492767383578,28492767384607,1790295338057000000,1000,1
2645,152236593775770,1790295338287880650,28492772383578,28492772384941,1790295338062000000,1000,1
2646,152236598688798,1790295338292792757,28492777383578,28492777384793,1790295338067000000,1000,1
2647,152236603867270,1790295338297972140,28492782383578,28492782384681,1790295338072000000,1000,1
2648,152236608420515,1790295338302525345,28492787383578,28492787385830,1790295338077000000,1000,1
2649,152236613760452,1790295338307865302,28492792383578,28492792384792,1790295338082000000,1000,1
2650,152236618505722,1790295338312610632,28492797383578,28492797385496,1790295338087000000,1000,1
2651,152236624139506,1790295338318244456,28492802383578,28492802385681,1790295338092000000,1000,1
2652,152236629975681,1790295338324080892,28492807383578,28492807386200,1790295338097000000,1000,1
2653,152236633648790,1790295338327752709,28492812383578,28492812384348,1790295338102000000,1000,1
2654,152236639330726,1790295338333434634,28492817383578,28492817384792,1790295338107000000,1000,1
2655,152236643973863,1790295338338078813,28492822383578,28492822387533,1790295338112000000,1000,1
2656,152236648984033,1790295338343088983,28492827383578,28492827386533,1790295338117000000,1000,1
2657,152236654033510,1790295338348138440,28492832383578,28492832385607,1790295338122000000,1000,1
2658,152236658633034,1790295338352736942,28492837383578,28492837385607,1790295338127000000,1000,1
2659,152236663560748,1790295338357665658,28492842383578,28492842385385,1790295338132000000,1000,1
2660,152236669461558,1790295338363566448,28492847383578,28492847385385,1790295338137000000,1000,1
2661,152236674244249,1790295338368349390,28492852383578,28492852384978,1790295338142000000,1000,1
2662,152236679086774,1790295338373191674,28492857383578,28492857385681,1790295338147000000,1000,1
2663,152236684183791,1790295338378288741,28492862383578,28492862384496,1790295338152000000,1000,1
2664,152236688910967,1790295338383015817,28492867383578,28492867387052,1790295338157000000,1000,1
2665,152236693986373,1790295338388091313,28492872383578,28492872385867,1790295338162000000,1000,1
2666,152236698801544,1790295338392906444,28492877383578,28492877386015,1790295338167000000,1000,1
2667,152236703655901,1790295338397760842,28492882383578,28492882384644,1790295338172000000,1000,1
2668,152236708549012,1790295338402654313,28492887383578,28492887384237,1790295338177000000,1000,1
2669,152236713877347,1790295338407981276,28492892383578,28492892385533,1790295338182000000,1000,1
2670,152236718866129,1790295338412970999,28492897383578,28492897387274,1790295338187000000,1000,1
2671,152236723534554,1790295338417639394,28492902383578,28492902385681,1790295338192000000,1000,1
2672,152236728375855,1790295338422479783,28492907383578,28492907385385,1790295338197000000,1000,1
2673,152236733928936,1790295338428033866,28492912383578,28492912387348,1790295338202000000,1000,1
2674,152236738976058,1790295338433080988,28492917383578,28492917386570,1790295338207000000,1000,1
2675,152236743785649,1790295338437890529,28492922383578,28492922387052,1790295338212000000,1000,1
2676,152236748814214,1790295338442919094,28492927383578,28492927384681,1790295338217000000,1000,1
2677,152236753559043,1790295338447663833,28492932383578,28492932385533,1790295338222000000,1000,1
2678,152236759033415,1790295338453138345,28492937383578,28492937385829,1790295338227000000,1000,1
2679,152236763866432,1790295338457971252,28492942383578,28492942387866,1790295338232000000,1000,1
2680,152236768681395,1790295338462786535,28492947383578,28492947385200,1790295338237000000,1000,1
2681,152236773654206,1790295338467759297,28492952383578,28492952384570,1790295338242000000,1000,1
2682,152236778982300,1790295338473086238,28492957383578,28492957384607,1790295338247000000,1000,1
2683,152236783905395,1790295338478010305,28492962383578,28492962386089,1790295338252000000,1000,1
2684,152236788576415,1790295338482681245,28492967383578,28492967386089,1790295338257000000,1000,1
2685,152236793292230,1790295338487395457,28492972383578,28492972385644,1790295338262000000,1000,1
2686,152236799014582,1790295338493118219,28492977383578,28492977385274,1790295338267000000,1000,1
2687,152236803734985,1790295338497838152,28492982383578,28492982386089,1790295338272000000,1000,1
2688,152236808628737,1790295338502731903,28492987383578,28492987386681,1790295338277000000,1000,1
2689,152236813250231,1790295338507353388,28492992383578,28492992385792,1790295338282000000,1000,1
2690,152236818382806,1790295338512485982,28492997383578,28492997385866,1790295338287000000,1000,1
2691,152236824363597,1790295338518468487,28493002383578,28493002384348,1790295338292000000,1000,1
2692,152236829209317,1790295338523314167,28493007383578,28493007385311,1790295338297000000,1000,1
2693,152236835976766,1790295338530081877,28493012383578,28493012386163,1790295338302000000,1000,1
2694,152236838869206,1790295338532974447,28493017383578,28493017384792,1790295338307000000,1000,1
2695,152236843649483,1790295338537754423,28493022383578,28493022384829,1790295338312000000,1000,1
2696,152236849115910,1790295338543220991,28493027383578,28493027386237,1790295338317000000,1000,1
2697,152236853824832,1790295338547929672,28493032383578,28493032385163,1790295338322000000,1000,1
2698,152236858870051,1790295338552973969,28493037383578,28493037384866,1790295338327000000,1000,1
2699,152236863914006,1790295338558018846,28493042383578,28493042385718,1790295338332000000,1000,1
2700,152236868544367,1790295338562649317,28493047383578,28493047385533,1790295338337000000,1000,1
2701,152236873870718,1790295338567974687,28493052383578,28493052384940,1790295338342000000,1000,1
2702,152236878944662,1790295338573050083,28493057383578,28493057386940,1790295338347000000,1000,1
2703,152236883885132,1790295338577990072,28493062383578,28493062384718,1790295338352000000,1000,1
2704,152236888559318,1790295338582664258,28493067383578,28493067384681,1790295338357000000,1000,1
2705,152236893998182,1790295338588103032,28493072383578,28493072387237,1790295338362000000,1000,1
2706,152236898910279,1790295338593015179,28493077383578,28493077387052,1790295338367000000,1000,1
2707,152236903276219,1790295338597380047,28493082383578,28493082385015,1790295338372000000,1000,1
2708,152236908327659,1790295338602430826,28493087383578,28493087385015,1790295338377000000,1000,1
2709,152236913178529,1790295338607281806,28493092383578,28493092385607,1790295338382000000,1000,1
2710,152236918602595,1790295338612705751,28493097383578,28493097385126,1790295338387000000,1000,1
2711,152236923522386,1790295338617625543,28493102383578,28493102387718,1790295338392000000,1000,1
2712,152236928710616,1790295338622815476,28493107383578,28493107384866,1790295338397000000,1000,1
2713,152236934234780,1790295338628338678,28493112383578,28493112385533,1790295338402000000,1000,1
2714,152236938535739,1790295338632639657,28493117383578,28493117384237,1790295338407000000,1000,1
2715,152236944051339,1790295338638156149,28493122383578,28493122385792,1790295338412000000,1000,1
2716,152236949733252,1790295338643838122,28493127383578,28493127387792,1790295338417000000,1000,1
2717,152236953825154,1790295338647930255,28493132383578,28493132385607,1790295338422000000,1000,1
2718,152236958303499,1790295338652407568,28493137383578,28493137384829,1790295338427000000,1000,1
2719,152236963934929,1790295338658038867,28493142383578,28493142387274,1790295338432000000,1000,1
2720,152236968777953,1790295338662881861,28493147383578,28493147384607,1790295338437000000,1000,1
2721,152236973623102,1790295338667728203,28493152383578,28493152384755,1790295338442000000,1000,1
2722,152236978498419,1790295338672603249,28493157383578,28493157384126,1790295338447000000,1000,1
2723,152236983596699,1790295338677702190,28493162383578,28493162385126,1790295338452000000,1000,1
2724,152236989089243,1790295338683194093,28493167383578,28493167384903,1790295338457000000,1000,1
2725,152236993700069,1790295338687803977,28493172383578,28493172385977,1790295338462000000,1000,1
2726,152236998749355,1790295338692854245,28493177383578,28493177384755,1790295338467000000,1000,1
2727,152237003952320,1790295338698056279,28493182383578,28493182385237,1790295338472000000,1000,1
2728,152237008953275,1790295338703058316,28493187383578,28493187385903,1790295338477000000,1000,1
2729,152237013839132,1790295338707944272,28493192383578,28493192385348,1790295338482000000,1000,1
2730,152237018551659,1790295338712655607,28493197383578,28493197384533,1790295338487000000,1000,1
2731,152237023566200,1790295338717671671,28493202383578,28493202384792,1790295338492000000,1000,1
2732,152237028405048,1790295338722509948,28493207383578,28493207385755,1790295338497000000,1000,1
2733,152237033894036,1790295338727999548,28493212383578,28493212385792,1790295338502000000,1000,1
2734,152237039385470,1790295338733490320,28493217383578,28493217385126,1790295338507000000,1000,1
2735,152237043660068,1790295338737763997,28493222383578,28493222384977,1790295338512000000,1000,1
2736,152237048429084,1790295338742533954,28493227383578,28493227384570,1790295338517000000,1000,1
2737,152237054183795,1790295338748289046,28493232383578,28493232385607,1790295338522000000,1000,1
2738,152237058663002,1790295338752767802,28493237383578,28493237386607,1790295338527000000,1000,1
2739,152237063387573,1790295338757491762,28493242383578,28493242385051,1790295338532000000,1000,1
2740,152237068655332,1790295338762760662,28493247383578,28493247384570,1790295338537000000,1000,1
2741,152237073621751,1790295338767727363,28493252383578,28493252385200,1790295338542000000,1000,1
2742,152237078983660,1790295338773088329,28493257383578,28493257385422,1790295338547000000,1000,1
2743,152237083769285,1790295338777874115,28493262383578,28493262384940,1790295338552000000,1000,1
2744,152237088669870,1790295338782773768,28493267383578,28493267384570,1790295338557000000,1000,1
2745,152237093512835,1790295338787617785,28493272383578,28493272385570,1790295338562000000,1000,1
2746,152237098964644,1790295338793068552,28493277383578,28493277385755,1790295338567000000,1000,1
2747,152237103680588,1790295338797784486,28493282383578,28493282385014,1790295338572000000,1000,1
2748,152237108412282,1790295338802517092,28493287383578,28493287386126,1790295338577000000,1000,1
2749,152237113247473,1790295338807351482,28493292383578,28493292384533,1790295338582000000,1000,1
2750,152237118496918,1790295338812601097,28493297383578,28493297385126,1790295338587000000,1000,1
2751,152237123888412,1790295338817993252,28493302383578,28493302387607,1790295338592000000,1000,1
2752,152237128785931,1790295338822889849,28493307383578,28493307387459,1790295338597000000,1000,1
2753,152237133688289,1790295338827793139,28493312383578,28493312384644,1790295338602000000,1000,1
2754,152237139233975,1790295338833337893,28493317383578,28493317385681,1790295338607000000,1000,1
2755,152237143942446,1790295338838047897,28493322383578,28493322385755,1790295338612000000,1000,1
2756,152237148784300,1790295338842889430,28493327383578,28493327386348,1790295338617000000,1000,1
2757,152237153982666,1790295338848087596,28493332383578,28493332387792,1790295338622000000,1000,1
2758,152237158496038,1790295338852599745,28493337383578,28493337387014,1790295338627000000,1000,1
2759,152237163128695,1790295338857231932,28493342383578,28493342386607,1790295338632000000,1000,1
2760,152237168414820,1790295338862517976,28493347383578,28493347385051,1790295338637000000,1000,1
2761,152237173380296,1790295338867483453,28493352383578,28493352385014,1790295338642000000,1000,1
2762,152237178827306,1790295338872931224,28493357383578,28493357386681,1790295338647000000,1000,1
2763,152237183711259,1790295338877815198,28493362383578,28493362387125,1790295338652000000,1000,1
2764,152237188707042,1790295338882810961,28493367383578,28493367384607,1790295338657000000,1000,1
2765,152237193534419,1790295338887638337,28493372383578,28493372384940,1790295338662000000,1000,1
2766,152237198946102,1790295338893051633,28493377383578,28493377386866,1790295338667000000,1000,1
2767,152237203744741,1790295338897849040,28493382383578,28493382385125,1790295338672000000,1000,1
2768,152237209584102,1790295338903688992,28493387383578,28493387384718,1790295338677000000,1000,1
2769,152237213617544,1790295338907722444,28493392383578,28493392384533,1790295338682000000,1000,1
2770,152237218578533,1790295338912683453,28493397383578,28493397384533,1790295338687000000,1000,1
2771,152237223926285,1790295338918031456,28493402383578,28493402387237,1790295338692000000,1000,1
2772,152237229608411,1790295338923712650,28493407383578,28493407386792,1790295338697000000,1000,1
2773,152237234608695,1790295338928713775,28493412383578,28493412384940,1790295338702000000,1000,1
2774,152237238671140,1790295338932776380,28493417383578,28493417386162,1790295338707000000,1000,1
2775,152237245605097,1790295338939709937,28493422383578,28493422385125,1790295338712000000,1000,1
2776,152237249054943,1790295338943159773,28493427383578,28493427387274,1790295338717000000,1000,1
2777,152237253743065,1790295338947848236,28493432383578,28493432386125,1790295338722000000,1000,1
2778,152237258837466,1790295338952941485,28493437383578,28493437385792,1790295338727000000,1000,1
2779,152237263488268,1790295338957592186,28493442383578,28493442384866,1790295338732000000,1000,1
2780,152237269096974,1790295338963200882,28493447383578,28493447385903,1790295338737000000,1000,1
2781,152237274284661,1790295338968388640,28493452383578,28493452384903,1790295338742000000,1000,1
2782,152237278716969,1790295338972821809,28493457383578,28493457384718,1790295338747000000,1000,1
2783,152237283678309,1790295338977782217,28493462383578,28493462385237,1790295338752000000,1000,1
2784,152237289043893,1790295338983149214,28493467383578,28493467384792,1790295338757000000,1000,1
2785,152237294076287,1790295338988181177,28493472383578,28493472385977,1790295338762000000,1000,1
2786,152237298913221,1790295338993018162,28493477383578,28493477384533,1790295338767000000,1000,1
2787,152237303791815,1790295338997897025,28493482383578,28493482386940,1790295338772000000,1000,1
2788,152237308718697,1790295339002823848,28493487383578,28493487386051,1790295338777000000,1000,1
2789,152237313436967,1790295339007541987,28493492383578,28493492384459,1790295338782000000,1000,1
2790,152237318796261,1790295339012901391,28493497383578,28493497384903,1790295338787000000,1000,1
2791,152237323987957,1790295339018092807,28493502383578,28493502386792,1790295338792000000,1000,1
2792,152237329606651,1790295339023710909,28493507383578,28493507386755,1790295338797000000,1000,1
2793,152237333748929,1790295339027853859,28493512383578,28493512385496,1790295338802000000,1000,1
2794,152237338742979,1790295339032847849,28493517383578,28493517385792,1790295338807000000,1000,1
2795,152237354134880,1790295339048239750,28493522383578,28493522384940,1790295338812000000,1000,1
2796,152237354178783,1790295339048281709,28493527383578,28493527385274,1790295338817000000,1000,1
2797,152237354779451,1790295339048884321,28493532383578,28493532385607,1790295338822000000,1000,1
2798,152237358507443,1790295339052612524,28493537383578,28493537385199,1790295338827000000,1000,1
2799,152237364312351,1790295339058417641,28493542383578,28493542385755,1790295338832000000,1000,1
2800,152237385871654,1790295339079976534,28493547383578,28493564612644,1790295338854000000,1000,1
2801,152237385914345,1790295339080017261,28493552383578,28493565038792,1790295338854000000,1000,1
2802,152237386145062,1790295339080248219,28493557383578,28493565366607,1790295338855000000,1000,1
2803,152237386156995,1790295339080259931,28493562383578,28493565632348,1790295338855000000,1000,1
2804,152237388358416,1790295339082463266,28493567383578,28493567385533,1790295338857000000,1000,1
2805,152237393848047,1790295339087952876,28493572383578,28493572385644,1790295338862000000,1000,1
2806,152237399630101,1790295339093734981,28493577383578,28493577386681,1790295338867000000,1000,1
2807,152237403442474,1790295339097547425,28493582383578,28493582385607,1790295338872000000,1000,1
2808,152237408691750,1790295339102796680,28493587383578,28493587386125,1790295338877000000,1000,1
2809,152237414011987,1790295339108116908,28493592383578,28493592385088,1790295338882000000,1000,1
2810,152237418921399,1790295339113026329,28493597383578,28493597385422,1790295338887000000,1000,1
2811,152237424071006,1790295339118176126,28493602383578,28493602420496,1790295338892000000,1000,1
2812,152237428926252,1790295339123031172,28493607383578,28493607385940,1790295338897000000,1000,1
2813,152237434170508,1790295339128275428,28493612383578,28493612581607,1790295338902000000,1000,1
2814,152237438648673,1790295339132753503,28493617383578,28493617385311,1790295338907000000,1000,1
2815,152237443493149,1790295339137598270,28493622383578,28493622385348,1790295338912000000,1000,1
2816,152237449422523,1790295339143527413,28493627383578,28493627385718,1790295338917000000,1000,1
2817,152237454981075,1790295339149085894,28493632383578,28493632385792,1790295338922000000,1000,1
2818,152237458748080,1790295339152852920,28493637383578,28493637384570,1790295338927000000,1000,1
2819,152237463479915,1790295339157584675,28493642383578,28493642384829,1790295338932000000,1000,1
2820,152237469058164,1790295339163162994,28493647383578,28493647419533,1790295338937000000,1000,1
2821,152237473807151,1790295339167912031,28493652383578,28493652387644,1790295338942000000,1000,1
2822,152237479437399,1790295339173542228,28493657383578,28493657386348,1790295338947000000,1000,1
2823,152237483722716,1790295339177827626,28493662383578,28493662384977,1790295338952000000,1000,1
2824,152237488813010,1790295339182917860,28493667383578,28493667487755,1790295338957000000,1000,1
2825,152237494063127,1790295339188168017,28493672383578,28493672384459,1790295338962000000,1000,1
2826,152237498839776,1790295339192944946,28493677383578,28493677385496,1790295338967000000,1000,1
2827,152237504081176,1790295339198186016,28493682383578,28493682385459,1790295338972000000,1000,1
2828,152237508937998,1790295339203042888,28493687383578,28493687387607,1790295338977000000,1000,1
2829,152237513635266,1790295339207739675,28493692383578,28493692384422,1790295338982000000,1000,1
2830,152237518533496,1790295339212638336,28493697383578,28493697385348,1790295338987000000,1000,1
2831,152237524327464,1790295339218432334,28493702383578,28493702386199,1790295338992000000,1000,1
2832,152237529114373,1790295339223219313,28493707383578,28493707385866,1790295338997000000,1000,1
2833,152237533829945,1790295339227935086,28493712383578,28493712579273,1790295339002000000,1000,1
2834,152237538757732,1790295339232861650,28493717383578,28493717385236,1790295339007000000,1000,1
2835,152237543703652,1790295339237808883,28493722383578,28493722385570,1790295339012000000,1000,1
2836,152237551776315,1790295339245880223,28493727383578,28493727386385,1790295339017000000,1000,1
2837,152237554050784,1790295339248154702,28493732383578,28493732387347,1790295339022000000,1000,1
2838,152237559274150,1790295339253379141,28493737383578,28493737386051,1790295339027000000,1000,1
2839,152237563736213,1790295339257841033,28493742383578,28493742384829,1790295339032000000,1000,1
2840,152237569236874,1790295339263340833,28493747383578,28493747386162,1790295339037000000,1000,1
2841,152237574210888,1790295339268315688,28493752383578,28493752387125,1790295339042000000,1000,1
2842,152237578916384,1790295339273020322,28493757383578,28493757386792,1790295339047000000,1000,1
2843,152237583993040,1790295339278098591,28493762383578,28493762385496,1790295339052000000,1000,1
2844,152237613327986,1790295339307432946,28493767383578,28493767490681,1790295339057000000,1000,1
2845,152237614949037,1790295339309053756,28493772383578,28493772385088,1790295339062000000,1000,1
2846,152237616627256,1790295339310731175,28493777383578,28493777385162,1790295339067000000,1000,1
2847,152237616653636,1790295339310756553,28493782383578,28493782419273,1790295339072000000,1000,1
2848,152237616660249,1790295339310763125,28493787383578,28493787386940,1790295339077000000,1000,1
2849,152237617337212,1790295339311440999,28493792383578,28493792385125,1790295339082000000,1000,1
2850,152237619242291,1790295339313346219,28493797383578,28493797384422,1790295339087000000,1000,1
2851,152237623760211,1790295339317865321,28493802383578,28493802385236,1790295339092000000,1000,1
2852,152237629147448,1790295339323252287,28493807383578,28493807387162,1790295339097000000,1000,1
2853,152237633890573,1790295339327994411,28493812383578,28493812386422,1790295339102000000,1000,1
2854,152237638749348,1790295339332853246,28493817383578,28493817385644,1790295339107000000,1000,1
2855,152237643800859,1790295339337906300,28493822383578,28493822384644,1790295339112000000,1000,1
2856,152237649773624,1790295339343877542,28493827383578,28493827386718,1790295339117000000,1000,1
2857,152237654807048,1790295339348912049,28493832383578,28493832386384,1790295339122000000,1000,1
2858,152237659587285,1790295339353692225,28493837383578,28493837386607,1790295339127000000,1000,1
2859,152237663674579,1790295339357778587,28493842383578,28493842384903,1790295339132000000,1000,1
2860,152237668750456,1790295339362855296,28493847383578,28493847385051,1790295339137000000,1000,1
2861,152237674148784,1790295339368253594,28493852383578,28493852387421,1790295339142000000,1000,1
2862,152237679694792,1790295339373799722,28493857383578,28493857385310,1790295339147000000,1000,1
2863,152237684031358,1790295339378136158,28493862383578,28493862385459,1790295339152000000,1000,1
2864,152237688481287,1790295339382586157,28493867383578,28493867385014,1790295339157000000,1000,1
2865,152237693797659,1790295339387901588,28493872383578,28493872385681,1790295339162000000,1000,1
2866,152237698735114,1790295339392839012,28493877383578,28493877385533,1790295339167000000,1000,1
2867,152237704220736,1790295339398325706,28493882383578,28493882385866,1790295339172000000,1000,1
2868,152237708878821,1790295339402983932,28493887383578,28493887386681,1790295339177000000,1000,1
2869,152237713583906,1790295339407688826,28493892383578,28493892385125,1790295339182000000,1000,1
2870,152237718713624,1790295339412818635,28493897383578,28493897385459,1790295339187000000,1000,1
2871,152237724514482,1790295339418619332,28493902383578,28493902384310,1790295339192000000,1000,1
2872,152237728945648,1790295339423049927,28493907383578,28493907384866,1790295339197000000,1000,1
2873,152237733881690,1790295339427986960,28493912383578,28493912386051,1790295339202000000,1000,1
2874,152237738678205,1790295339432783055,28493917383578,28493917384570,1790295339207000000,1000,1
2875,152237743531811,1790295339437636641,28493922383578,28493922384199,1790295339212000000,1000,1
2876,152237749251398,1790295339443356368,28493927383578,28493927386014,1790295339217000000,1000,1
2877,152237759731514,1790295339453836434,28493932383578,28493932386607,1790295339222000000,1000,1
2878,152237759774074,1790295339453877051,28493937383578,28493937384903,1790295339227000000,1000,1
2879,152237763862230,1790295339457967170,28493942383578,28493942385644,1790295339232000000,1000,1
2880,152237768675389,1790295339462780329,28493947383578,28493947384199,1790295339237000000,1000,1
2881,152237773942726,1790295339468047536,28493952383578,28493952386792,1790295339242000000,1000,1
2882,152237778901531,1790295339473006371,28493957383578,28493957387051,1790295339247000000,1000,1
2883,152237783727836,1790295339477832675,28493962383578,28493962385273,1790295339252000000,1000,1
2885,152237800347001,1790295339494451841,28493972383578,28493972385792,1790295339262000000,1000,1
2886,152237800387849,1790295339494490785,28493977383578,28493977385125,1790295339267000000,1000,1
2887,152237803763745,1790295339497866651,28493982383578,28493982387977,1790295339272000000,1000,1
2888,152237808695887,1790295339502798764,28493987383578,28493987385681,1790295339277000000,1000,1
2889,152237813645706,1790295339507750545,28493992383578,28493992386199,1790295339282000000,1000,1
2890,152237818707536,1790295339512812466,28493997383578,28493997385310,1790295339287000000,1000,1
2891,152237824247470,1790295339518352400,28494002383578,28494002384829,1790295339292000000,1000,1
2892,152237828945211,1790295339523050121,28494007383578,28494007387310,1790295339297000000,1000,1
2893,152237833814005,1790295339527918925,28494012383578,28494012385533,1790295339302000000,1000,1
2894,152237838793048,1790295339532897888,28494017383578,28494017385088,1790295339307000000,1000,1
2895,152237843746941,1790295339537851851,28494022383578,28494022384384,1790295339312000000,1000,1
2896,152237848667404,1790295339542772324,28494027383578,28494027386866,1790295339317000000,1000,1
2897,152237854325033,1790295339548428190,28494032383578,28494032386903,1790295339322000000,1000,1
2898,152237858293983,1790295339552397149,28494037383578,28494037386607,1790295339327000000,1000,1
2899,152237863424323,1790295339557527480,28494042383578,28494042385792,1790295339332000000,1000,1
2900,152237869445060,1790295339563548217,28494047383578,28494047385236,1790295339337000000,1000,1
2901,152237873611433,1790295339567714590,28494052383578,28494052386199,1790295339342000000,1000,1
2902,152237878554527,1790295339572657684,28494057383578,28494057385347,1790295339347000000,1000,1
2903,152237883802039,1790295339577906969,28494062383578,28494062385273,1790295339352000000,1000,1
2904,152237888396033,1790295339582499961,28494067383578,28494067385162,1790295339357000000,1000,1
2905,152237893831299,1790295339587935558,28494072383578,28494072385347,1790295339362000000,1000,1
2906,152237898959535,1790295339593064696,28494077383578,28494077386458,1790295339367000000,1000,1
2907,152237903414296,1790295339597518094,28494082383578,28494082386755,1790295339372000000,1000,1
2908,152237908529537,1790295339602632563,28494087383578,28494087386903,1790295339377000000,1000,1
2909,152237913245240,1790295339607348457,28494092383578,28494092384755,1790295339382000000,1000,1
2910,152237918524963,1790295339612628190,28494097383578,28494097385384,1790295339387000000,1000,1
2911,152237923975470,1790295339618078616,28494102383578,28494102385681,1790295339392000000,1000,1
2912,152237929055843,1790295339623160783,28494107383578,28494107386681,1790295339397000000,1000,1
2913,152237934549953,1790295339628654121,28494112383578,28494112385829,1790295339402000000,1000,1
2914,152237938457797,1790295339632561715,28494117383578,28494117385792,1790295339407000000,1000,1
2915,152237943663087,1790295339637767967,28494122383578,28494122384495,1790295339412000000,1000,1
2916,152237949204736,1790295339643309506,28494127383578,28494127387199,1790295339417000000,1000,1
2917,152237954612392,1790295339648717583,28494132383578,28494132386495,1790295339422000000,1000,1
2918,152237962251255,1790295339656356445,28494137383578,28494137387607,1790295339427000000,1000,1
2919,152237964343378,1790295339658448268,28494142383578,28494142384829,1790295339432000000,1000,1
2920,152237969477956,1790295339663582686,28494147383578,28494147384977,1790295339437000000,1000,1
2921,152237973962232,1790295339668067072,28494152383578,28494152386199,1790295339442000000,1000,1
2922,152237979088994,1790295339673193854,28494157383578,28494157387718,1790295339447000000,1000,1
2923,152237983302016,1790295339677407066,28494162383578,28494162385310,1790295339452000000,1000,1
2924,152237988759886,1790295339682864816,28494167383578,28494167385792,1790295339457000000,1000,1
2925,152237993658146,1790295339687763327,28494172383578,28494172384829,1790295339462000000,1000,1
2926,152237999033348,1790295339693138258,28494177383578,28494177385569,1790295339467000000,1000,1
2927,152238003815268,1790295339697920078,28494182383578,28494182387088,1790295339472000000,1000,1
2928,152238008580676,1790295339702686037,28494187383578,28494187385051,1790295339477000000,1000,1
2929,152238013540133,1790295339707645263,28494192383578,28494192385755,1790295339482000000,1000,1
2930,152238018845324,1790295339712950164,28494197383578,28494197385236,1790295339487000000,1000,1
2931,152238023869804,1790295339717974704,28494202383578,28494202387495,1790295339492000000,1000,1
2932,152238028600056,1790295339722704926,28494207383578,28494207384495,1790295339497000000,1000,1
2933,152238033606640,1790295339727711470,28494212383578,28494212385088,1790295339502000000,1000,1
2934,152238040119179,1790295339734224029,28494217383578,28494217385273,1790295339507000000,1000,1
2935,152238043846681,1790295339737951501,28494222383578,28494222386273,1790295339512000000,1000,1
2936,152238048992049,1790295339743096889,28494227383578,28494227387236,1790295339517000000,1000,1
2937,152238053692072,1790295339747797513,28494232383578,28494232385236,1790295339522000000,1000,1
2938,152238058846518,1790295339752951618,28494237383578,28494237384643,1790295339527000000,1000,1
2939,152238064370702,1790295339758475832,28494242383578,28494242386643,1790295339532000000,1000,1
2940,152238068590166,1790295339762695026,28494247383578,28494247384792,1790295339537000000,1000,1
2941,152238073622701,1790295339767727561,28494252383578,28494252384866,1790295339542000000,1000,1
2942,152238078430911,1790295339772536132,28494257383578,28494257385051,1790295339547000000,1000,1
2943,152238083516707,1790295339777621827,28494262383578,28494262384273,1790295339552000000,1000,1
2944,152238089007167,1790295339783112167,28494267383578,28494267385755,1790295339557000000,1000,1
2945,152238093854431,1790295339787959311,28494272383578,28494272384977,1790295339562000000,1000,1
2946,152238098657300,1790295339792762621,28494277383578,28494277385088,1790295339567000000,1000,1
2947,152238103569625,1790295339797674325,28494282383578,28494282384829,1790295339572000000,1000,1
2948,152238109509649,1790295339803613447,28494287383578,28494287385125,1790295339577000000,1000,1
2949,152238113977424,1790295339808082274,28494292383578,28494292387829,1790295339582000000,1000,1
2950,152238118718395,1790295339812822333,28494297383578,28494297385792,1790295339587000000,1000,1
2951,152238123810623,1790295339817915994,28494302383578,28494302384458,1790295339592000000,1000,1
2952,152238128386242,1790295339822490200,28494307383578,28494307385051,1790295339597000000,1000,1
2953,152238133802533,1790295339827906421,28494312383578,28494312386088,1790295339602000000,1000,1
2954,152238138847220,1790295339832951489,28494317383578,28494317385310,1790295339607000000,1000,1
2955,152238143682170,1790295339837787000,28494322383578,28494322385532,1790295339612000000,1000,1
2956,152238148577986,1790295339842683097,28494327383578,28494327385495,1790295339617000000,1000,1
2957,152238153713023,1790295339847818013,28494332383578,28494332384384,1790295339622000000,1000,1
2958,152238158614179,1790295339852717997,28494337383578,28494337385977,1790295339627000000,1000,1
2959,152238166039256,1790295339860142412,28494342383578,28494342385903,1790295339632000000,1000,1
2960,152238168582323,1790295339862685590,28494347383578,28494347385829,1790295339637000000,1000,1
2961,152238173558872,1790295339867662820,28494352383578,28494352385532,1790295339642000000,1000,1
2962,152238179163531,1790295339873268371,28494357383578,28494357387532,1790295339647000000,1000,1
2963,152238183661402,1790295339877765351,28494362383578,28494362385384,1790295339652000000,1000,1
2964,152238188475011,1790295339882580151,28494367383578,28494367385199,1790295339657000000,1000,1
2965,152238193481316,1790295339887585234,28494372383578,28494372384977,1790295339662000000,1000,1
2966,152238198642644,1790295339892747845,28494377383578,28494377385384,1790295339667000000,1000,1
2967,152238203918207,1790295339898022126,28494382383578,28494382386014,1790295339672000000,1000,1
2968,152238209836388,1790295339903941298,28494387383578,28494387385421,1790295339677000000,1000,1
2969,152238213761725,1790295339907866735,28494392383578,28494392384866,1790295339682000000,1000,1
2970,152238218600412,1790295339912705292,28494397383578,28494397384792,1790295339687000000,1000,1
2971,152238223901937,1790295339918007067,28494402383578,28494402385162,1790295339692000000,1000,1
2972,152238228763017,1790295339922866965,28494407383578,28494407387273,1790295339697000000,1000,1
2973,152238234503573,1790295339928608523,28494412383578,28494412384495,1790295339702000000,1000,1
2974,152238238561611,1790295339932666451,28494417383578,28494417385051,1790295339707000000,1000,1
2975,152238243548357,1790295339937653838,28494422383578,28494422384199,1790295339712000000,1000,1
2976,152238248998744,1790295339943103634,28494427383578,28494427387125,1790295339717000000,1000,1
2977,152238253810300,1790295339947915140,28494432383578,28494432386273,1790295339722000000,1000,1
2978,152238258778611,1790295339952883541,28494437383578,28494437385792,1790295339727000000,1000,1
2979,152238263357356,1790295339957462606,28494442383578,28494442385347,1790295339732000000,1000,1
2980,152238268724234,1790295339962829355,28494447383578,28494447386051,1790295339737000000,1000,1
2981,152238273892716,1790295339967997566,28494452383578,28494452386088,1790295339742000000,1000,1
2982,152238278927195,1790295339973032065,28494457383578,28494457385643,1790295339747000000,1000,1
2983,152238283745724,1790295339977849652,28494462383578,28494462385088,1790295339752000000,1000,1
2984,152238288613357,1790295339982718477,28494467383578,28494467385384,1790295339757000000,1000,1
2985,152238293752321,1790295339987857411,28494472383578,28494472385310,1790295339762000000,1000,1
2986,152238298694725,1790295339992799685,28494477383578,28494477384199,1790295339767000000,1000,1
2987,152238303671764,1790295339997776724,28494482383578,28494482385717,1790295339772000000,1000,1
2988,152238309650329,1790295340003755169,28494487383578,28494487386754,1790295339777000000,1000,1
2989,152238313763592,1790295340007868432,28494492383578,28494492385125,1790295339782000000,1000,1
2990,152238324130702,1790295340018235622,28494497383578,28494497466940,1790295339787000000,1000,1
2991,152238324172692,1790295340018275638,28494502383578,28494502385162,1790295339792000000,1000,1
2992,152238328802103,1790295340022906021,28494507383578,28494507387236,1790295339797000000,1000,1
2993,152238333956989,1790295340028060898,28494512383578,28494512386051,1790295339802000000,1000,1
2994,152238338702270,1790295340032807120,28494517383578,28494517384384,1790295339807000000,1000,1
2995,152238343713783,1790295340037819114,28494522383578,28494522384977,1790295339812000000,1000,1
2996,152238348969140,1790295340043074000,28494527383578,28494527388162,1790295339817000000,1000,1
2997,152238354712000,1790295340048816830,28494532383578,28494532386977,1790295339822000000,1000,1
2998,152238358775628,1790295340052880919,28494537383578,28494537385680,1790295339827000000,1000,1
2999,152238363717611,1790295340057822771,28494542383578,28494542385606,1790295339832000000,1000,1
3000,152238372297126,1790295340066401034,28494547383578,28494551047421,1790295339840000000,1000,1
3001,152238373481700,1790295340067585608,28494552383578,28494552385421,1790295339842000000,1000,1
3002,152238379214700,1790295340073319911,28494557383578,28494557385532,1790295339847000000,1000,1
3003,152238384416336,1790295340078520244,28494562383578,28494562387347,1790295339852000000,1000,1
3004,152238388645659,1790295340082750619,28494567383578,28494567384643,1790295339857000000,1000,1
3005,152238393830090,1790295340087934019,28494572383578,28494572385680,1790295339862000000,1000,1
3006,152238398944680,1790295340093049780,28494577383578,28494577386088,1790295339867000000,1000,1
3007,152238403757258,1790295340097862448,28494582383578,28494582386866,1790295339872000000,1000,1
3008,152238408618528,1790295340102723428,28494587383578,28494587385088,1790295339877000000,1000,1
3009,152238413700514,1790295340107805745,28494592383578,28494592385606,1790295339882000000,1000,1
3010,152238418622189,1790295340112727029,28494597383578,28494597384791,1790295339887000000,1000,1
3011,152238424037790,1790295340118142900,28494602383578,28494602385977,1790295339892000000,1000,1
3012,152238428924356,1790295340123029106,28494607383578,28494607387828,1790295339897000000,1000,1
3013,152238433627086,1790295340127731926,28494612383578,28494612384754,1790295339902000000,1000,1
3014,152238438898143,1790295340133003353,28494617383578,28494617384865,1790295339907000000,1000,1
3015,152238443748072,1790295340137853012,28494622383578,28494622386643,1790295339912000000,1000,1
3016,152238449142430,1790295340143247330,28494627383578,28494627386643,1790295339917000000,1000,1
3017,152238453632657,1790295340147737567,28494632383578,28494632386903,1790295339922000000,1000,1
3018,152238459457353,1790295340153562283,28494637383578,28494637384495,1790295339927000000,1000,1
3019,152238463571846,1790295340157676686,28494642383578,28494642384754,1790295339932000000,1000,1
3020,152238470150831,1790295340164255671,28494647383578,28494647385903,1790295339937000000,1000,1
3021,152238474605932,1790295340168710892,28494652383578,28494652385754,1790295339942000000,1000,1
3022,152238478763479,1790295340172868339,28494657383578,28494657384865,1790295339947000000,1000,1
3023,152238484201790,1790295340178306710,28494662383578,28494662385199,1790295339952000000,1000,1
3024,152238489061748,1790295340183167009,28494667383578,28494667387199,1790295339957000000,1000,1
3025,152238493999563,1790295340188104704,28494672383578,28494672384791,1790295339962000000,1000,1
3026,152238498724445,1790295340192829335,28494677383578,28494677385199,1790295339967000000,1000,1
3027,152238503662288,1790295340197767729,28494682383578,28494682385236,1790295339972000000,1000,1
3028,152238508598911,1790295340202703832,28494687383578,28494687385125,1790295339977000000,1000,1
3029,152238514360568,1790295340208465498,28494692383578,28494692386236,1790295339982000000,1000,1
3030,152238519124031,1790295340213229001,28494697383578,28494697385977,1790295339987000000,1000,1
3031,152238523835207,1790295340217940087,28494702383578,28494702385236,1790295339992000000,1000,1
3032,152238528771830,1790295340222876790,28494707383578,28494707385532,1790295339997000000,1000,1
3033,152238533444082,1790295340227548010,28494712383578,28494712384310,1790295340002000000,1000,1
3034,152238538936866,1790295340233042087,28494717383578,28494717387532,1790295340007000000,1000,1
3035,152238543840948,1790295340237945808,28494722383578,28494722387495,1790295340012000000,1000,1
3036,152238548709382,1790295340242814362,28494727383578,28494727385458,1790295340017000000,1000,1
3037,152238553587213,1790295340247692143,28494732383578,28494732384791,1790295340022000000,1000,1
3038,152238559304526,1790295340253409666,28494737383578,28494737386088,1790295340027000000,1000,1
3039,152238563847934,1790295340257953064,28494742383578,28494742385902,1790295340032000000,1000,1
3040,152238568793712,1790295340262898602,28494747383578,28494747387051,1790295340037000000,1000,1
3041,152238577177616,1790295340271281855,28494752383578,28494752385014,1790295340042000000,1000,1
3042,152238578491526,1790295340272595424,28494757383578,28494757385014,1790295340047000000,1000,1
3043,152238584058092,1790295340278162030,28494762383578,28494762386828,1790295340052000000,1000,1
3044,152238589731580,1790295340283836410,28494767383578,28494767384717,1790295340057000000,1000,1
3045,152238593598907,1790295340287702835,28494772383578,28494772385754,1790295340062000000,1000,1
3046,152238598466539,1790295340292570497,28494777383578,28494777384347,1790295340067000000,1000,1
3047,152238604198237,1790295340298303788,28494782383578,28494782393939,1790295340072000000,1000,1
3048,152238609035903,1790295340303141213,28494787383578,28494787387717,1790295340077000000,1000,1
3049,152238613779019,1790295340307883148,28494792383578,28494792586347,1790295340082000000,1000,1
3050,152238618726563,1790295340312831393,28494797383578,28494797384680,1790295340087000000,1000,1
3051,152238623538608,1790295340317643458,28494802383578,28494802385791,1790295340092000000,1000,1
3052,152238629679052,1790295340323783992,28494807383578,28494807385088,1790295340097000000,1000,1
3053,152238633868108,1790295340327972988,28494812383578,28494812384717,1790295340102000000,1000,1
3054,152238638705974,1790295340332810854,28494817383578,28494817385051,1790295340107000000,1000,1
3055,152238643699493,1790295340337804343,28494822383578,28494822385273,1790295340112000000,1000,1
3056,152238648747244,1790295340342852225,28494827383578,28494827384680,1790295340117000000,1000,1
3057,152238653813473,1790295340347918413,28494832383578,28494832387088,1790295340122000000,1000,1
3058,152238658639948,1790295340352744888,28494837383578,28494837385717,1790295340127000000,1000,1
3059,152238663711526,1790295340357816997,28494842383578,28494842385532,1790295340132000000,1000,1
3060,152238668600259,1790295340362705269,28494847383578,28494847385162,1790295340137000000,1000,1
3061,152238674517148,1790295340368621066,28494852383578,28494852387199,1790295340142000000,1000,1
3062,152238678822815,1790295340372926753,28494857383578,28494857385606,1790295340147000000,1000,1
3063,152238683887611,1790295340377992701,28494862383578,28494862385939,1790295340152000000,1000,1
3064,152238688831638,1790295340382935586,28494867383578,28494867384754,1790295340157000000,1000,1
3065,152238693867026,1790295340387971906,28494872383578,28494872387532,1790295340162000000,1000,1
3066,152238698856850,1790295340392961951,28494877383578,28494877386199,1790295340167000000,1000,1
3067,152238703793944,1790295340397898784,28494882383578,28494882384902,1790295340172000000,1000,1
3068,152238708915656,1790295340403020556,28494887383578,28494887384754,1790295340177000000,1000,1
3069,152238713714909,1790295340407819759,28494892383578,28494892488939,1790295340182000000,1000,1
3070,152238718420544,1790295340412525254,28494897383578,28494897384791,1790295340187000000,1000,1
3071,152238723524775,1790295340417628693,28494902383578,28494902385384,1790295340192000000,1000,1
3072,152238729143099,1790295340423247899,28494907383578,28494907385162,1790295340197000000,1000,1
3073,152238733775955,1790295340427879864,28494912383578,28494912384754,1790295340202000000,1000,1
3074,152238738625924,1790295340432731195,28494917383578,28494917385050,1790295340207000000,1000,1
3075,152238743637066,1790295340437741906,28494922383578,28494922384273,1790295340212000000,1000,1
3076,152238748917561,1790295340443022401,28494927383578,28494927385569,1790295340217000000,1000,1
3077,152238754104809,1790295340448209689,28494932383578,28494932386717,1790295340222000000,1000,1
3078,152238758554850,1790295340452659119,28494937383578,28494937384532,1790295340227000000,1000,1
3079,152238763660872,1790295340457765692,28494942383578,28494942385458,1790295340232000000,1000,1
3080,152238768676645,1790295340462780894,28494947383578,28494947384791,1790295340237000000,1000,1
3081,152238773837954,1790295340467941892,28494952383578,28494952386569,1790295340242000000,1000,1
3082,152238780558906,1790295340474663746,28494957383578,28494957387902,1790295340247000000,1000,1
3083,152238783610027,1790295340477713935,28494962383578,28494962385310,1790295340252000000,1000,1
3084,152238788507285,1790295340482612606,28494967383578,28494967384532,1790295340257000000,1000,1
3085,152238793550369,1790295340487654217,28494972383578,28494972385273,1790295340262000000,1000,1
3086,152238799769121,1790295340493872418,28494977383578,28494977386384,1790295340267000000,1000,1
3087,152238803600249,1790295340497703616,28494982383578,28494982384458,1790295340272000000,1000,1
3088,152238808621483,1790295340502724699,28494987383578,28494987385717,1790295340277000000,1000,1
3089,152238813775587,1790295340507878824,28494992383578,28494992385458,1790295340282000000,1000,1
3090,152238818988212,1790295340513091529,28494997383578,28494997564791,1790295340287000000,1000,1
3091,152238823797564,1790295340517902434,28495002383578,28495002593865,1790295340292000000,1000,1
3092,152238828640700,1790295340522745660,28495007383578,28495007385717,1790295340297000000,1000,1
3093,152238833726974,1790295340527831874,28495012383578,28495012385273,1790295340302000000,1000,1
3094,152238838883885,1790295340532989246,28495017383578,28495017385050,1790295340307000000,1000,1
3095,152238844152316,1790295340538257176,28495022383578,28495022387050,1790295340312000000,1000,1
3096,152238848676125,1790295340542781046,28495027383578,28495027384384,1790295340317000000,1000,1
3097,152238853693652,1790295340547798472,28495032383578,28495032385162,1790295340322000000,1000,1
3098,152238858926085,1790295340553030995,28495037383578,28495037386606,1790295340327000000,1000,1
3099,152238863916951,1790295340558021791,28495042383578,28495042416458,1790295340332000000,1000,1
3100,152238868831831,1790295340562936731,28495047383578,28495047585717,1790295340337000000,1000,1
3101,152238873678764,1790295340567783594,28495052383578,28495052384236,1790295340342000000,1000,1
3102,152238879353796,1790295340573458646,28495057383578,28495057385643,1790295340347000000,1000,1
3103,152238883966494,1790295340578071384,28495062383578,28495062386458,1790295340352000000,1000,1
3104,152238889124707,1790295340583229597,28495067383578,28495067386273,1790295340357000000,1000,1
3105,152238893801768,1790295340587905977,28495072383578,28495072384162,1790295340362000000,1000,1
3106,152238898603806,1790295340592708716,28495077383578,28495077384680,1790295340367000000,1000,1
3107,152238903550537,1790295340597654365,28495082383578,28495082385976,1790295340372000000,1000,1
3108,152238908662793,1790295340602766090,28495087383578,28495087441050,1790295340377000000,1000,1
3109,152238914032917,1790295340608136134,28495092383578,28495092586976,1790295340382000000,1000,1
3110,152238918942367,1790295340613045564,28495097383578,28495097384532,1790295340387000000,1000,1
3111,152238924581441,1790295340618684638,28495102383578,28495102385199,1790295340392000000,1000,1
3112,152238929270084,1790295340623373341,28495107383578,28495107387124,1790295340397000000,1000,1
3113,152238934415011,1790295340628518949,28495112383578,28495112385384,1790295340402000000,1000,1
3114,152238938460124,1790295340632564032,28495117383578,28495117384532,1790295340407000000,1000,1
3115,152238943643214,1790295340637748044,28495122383578,28495122384310,1790295340412000000,1000,1
3116,152238949571476,1790295340643676406,28495127383578,28495127385050,1790295340417000000,1000,1
3117,152238954086439,1790295340648191309,28495132383578,28495132460754,1790295340422000000,1000,1
3118,152238958532813,1790295340652636801,28495137383578,28495137385199,1790295340427000000,1000,1
3119,152238964091805,1790295340658196745,28495142383578,28495142384421,1790295340432000000,1000,1
3120,152238968703282,1790295340662808152,28495147383578,28495147385902,1790295340437000000,1000,1
3121,152238973864769,1790295340667969629,28495152383578,28495152386161,1790295340442000000,1000,1
3122,152238978955293,1790295340673060584,28495157383578,28495157385717,1790295340447000000,1000,1
3123,152238985972809,1790295340680078270,28495162383578,28495162385198,1790295340452000000,1000,1
3124,152238991085916,1790295340685190755,28495167383578,28495167384865,1790295340457000000,1000,1
3125,152238994019804,1790295340688124053,28495172383578,28495172387606,1790295340462000000,1000,1
3126,152238999039244,1790295340693143172,28495177383578,28495177445013,1790295340467000000,1000,1
3127,152239003346024,1790295340697450122,28495182383578,28495182385458,1790295340472000000,1000,1
3128,152239008613181,1790295340702718141,28495187383578,28495187384939,1790295340477000000,1000,1
3129,152239014048499,1790295340708153730,28495192383578,28495192386310,1790295340482000000,1000,1
3130,152239019084631,1790295340713189471,28495197383578,28495197386161,1790295340487000000,1000,1
3131,152239023717218,1790295340717822038,28495202383578,28495202384754,1790295340492000000,1000,1
3132,152239028580310,1790295340722685200,28495207383578,28495207385643,1790295340497000000,1000,1
3133,152239034061374,1790295340728166324,28495212383578,28495212386606,1790295340502000000,1000,1
3134,152239038850919,1790295340732955839,28495217383578,28495217387198,1790295340507000000,1000,1
3135,152239043678202,1790295340737783153,28495222383578,28495222384828,1790295340512000000,1000,1
3136,152239048598505,1790295340742703385,28495227383578,28495227384680,1790295340517000000,1000,1
3137,152239053883898,1790295340747988768,28495232383578,28495232386939,1790295340522000000,1000,1
3138,152239058857542,1790295340752962722,28495237383578,28495237384495,1790295340527000000,1000,1
3139,152239063618570,1790295340757723710,28495242383578,28495242385532,1790295340532000000,1000,1
3140,152239068960100,1790295340763064930,28495247383578,28495247385087,1790295340537000000,1000,1
3141,152239073574823,1790295340767679673,28495252383578,28495252384458,1790295340542000000,1000,1
3142,152239079114346,1790295340773219306,28495257383578,28495257386235,1790295340547000000,1000,1
3143,152239089333167,1790295340783438087,28495262383578,28495262387680,1790295340552000000,1000,1
3144,152239089376729,1790295340783479656,28495267383578,28495267385347,1790295340557000000,1000,1
3145,152239093806663,1790295340787911803,28495272383578,28495272385347,1790295340562000000,1000,1
3146,152239099835455,1790295340793940315,28495277383578,28495277387606,1790295340567000000,1000,1
3147,152239103736155,1790295340797841015,28495282383578,28495282385235,1790295340572000000,1000,1
3148,152239108626120,1790295340802730940,28495287383578,28495287384680,1790295340577000000,1000,1
3149,152239113880944,1790295340807985854,28495292383578,28495292384865,1790295340582000000,1000,1
3150,152239118494255,1790295340812598934,28495297383578,28495297385680,1790295340587000000,1000,1
3151,152239123895829,1790295340817999737,28495302383578,28495302384865,1790295340592000000,1000,1
3152,152239128735316,1790295340822839264,28495307383578,28495307385458,1790295340597000000,1000,1
3153,152239133579223,1790295340827683141,28495312383578,28495312385272,1790295340602000000,1000,1
3154,152239138601158,1790295340832705086,28495317383578,28495317385495,1790295340607000000,1000,1
3155,152239144324742,1790295340838429632,28495322383578,28495322384717,1790295340612000000,1000,1
3156,152239149136336,1790295340843241186,28495327383578,28495327385013,1790295340617000000,1000,1
3157,152239154536958,1790295340848640867,28495332383578,28495332477606,1790295340622000000,1000,1
3158,152239158561754,1790295340852665732,28495337383578,28495337385050,1790295340627000000,1000,1
3159,152239163426579,1790295340857529746,28495342383578,28495342385272,1790295340632000000,1000,1
3160,152239168971244,1790295340863074461,28495347383578,28495347387050,1790295340637000000,1000,1
3161,152239174654572,1790295340868758520,28495352383578,28495352386717,1790295340642000000,1000,1
3162,152239178917028,1790295340873022138,28495357383578,28495357385161,1790295340647000000,1000,1
3163,152239184092302,1790295340878197131,28495362383578,28495362384828,1790295340652000000,1000,1
3164,152239190204752,1790295340884308691,28495367383578,28495367384939,1790295340657000000,1000,1
3165,152239194291525,1790295340888395433,28495372383578,28495372385828,1790295340662000000,1000,1
3166,152239198696640,1790295340892800929,28495377383578,28495377385161,1790295340667000000,1000,1
3167,152239203820737,1790295340897925567,28495382383578,28495382384532,1790295340672000000,1000,1
3168,152239209360142,1790295340903465282,28495387383578,28495387561384,1790295340677000000,1000,1
3169,152239214215892,1790295340908320762,28495392383578,28495392386791,1790295340682000000,1000,1
3170,152239219052295,1790295340913157486,28495397383578,28495397603680,1790295340687000000,1000,1
3171,152239223832231,1790295340917937121,28495402383578,28495402384309,1790295340692000000,1000,1
3172,152239228758805,1790295340922862723,28495407383578,28495407385791,1790295340697000000,1000,1
3173,152239234149087,1790295340928253326,28495412383578,28495412386643,1790295340702000000,1000,1
3174,152239239180908,1790295340933285788,28495417383578,28495417386643,1790295340707000000,1000,1
3175,152239243771105,1790295340937875745,28495422383578,28495422385680,1790295340712000000,1000,1
3176,152239248697248,1790295340942802148,28495427383578,28495427385235,1790295340717000000,1000,1
3177,152239253569389,1790295340947674269,28495432383578,28495432385050,1790295340722000000,1000,1
3178,152239258704839,1790295340952809949,28495437383578,28495437387717,1790295340727000000,1000,1
3179,152239263816003,1790295340957920833,28495442383578,28495442385939,1790295340732000000,1000,1
3180,152239268853557,1790295340962958377,28495447383578,28495447384309,1790295340737000000,1000,1
3181,152239273669580,1790295340967774380,28495452383578,28495452384532,1790295340742000000,1000,1
3182,152239279091352,1790295340973196503,28495457383578,28495457387828,1790295340747000000,1000,1
3183,152239284156980,1790295340978262331,28495462383578,28495462385013,1790295340752000000,1000,1
3184,152239289611192,1790295340983715160,28495467383578,28495467596087,1790295340757000000,1000,1
3185,152239293683477,1790295340987787395,28495472383578,28495472385309,1790295340762000000,1000,1
3186,152239298564826,1790295340992668744,28495477383578,28495477385421,1790295340767000000,1000,1
3187,152239303930280,1790295340998035149,28495482383578,28495482385050,1790295340772000000,1000,1
3188,152239309050520,1790295341003155350,28495487383578,28495487385458,1790295340777000000,1000,1
3189,152239313638884,1790295341007742812,28495492383578,28495492385495,1790295340782000000,1000,1
3190,152239318846981,1790295341012950909,28495497383578,28495497384717,1790295340787000000,1000,1
3191,152239323665078,1790295341017768996,28495502383578,28495502385272,1790295340792000000,1000,1
3192,152239329062895,1790295341023167885,28495507383578,28495507385976,1790295340797000000,1000,1
3193,152239334056396,1790295341028160334,28495512383578,28495512386124,1790295340802000000,1000,1
3194,152239338768783,1790295341032873873,28495517383578,28495517385309,1790295340807000000,1000,1
3195,152239343915702,1790295341038020793,28495522383578,28495522384235,1790295340812000000,1000,1
3196,152239348985307,1790295341043090247,28495527383578,28495527385161,1790295340817000000,1000,1
3197,152239353794639,1790295341047899830,28495532383578,28495532385865,1790295340822000000,1000,1
3198,152239359356647,1790295341053461467,28495537383578,28495537398309,1790295340827000000,1000,1
3199,152239364105805,1790295341058211136,28495542383578,28495542385013,1790295340832000000,1000,1
3200,152239370737169,1790295341064842049,28495547383578,28495548441124,1790295340838000000,1000,1
3201,152239377030031,1790295341071134840,28495552383578,28495552386013,1790295340842000000,1000,1
3202,152239378860649,1790295341072964888,28495557383578,28495557386828,1790295340847000000,1000,1
3203,152239383835865,1790295341077940645,28495562383578,28495562386161,1790295340852000000,1000,1
3204,152239388732292,1790295341082837232,28495567383578,28495567385235,1790295340857000000,1000,1
3205,152239395268574,1790295341089373745,28495572383578,28495572385495,1790295340862000000,1000,1
3206,152239398780167,1790295341092884106,28495577383578,28495577385013,1790295340867000000,1000,1
3207,152239404080540,1790295341098185319,28495582383578,28495582435050,1790295340872000000,1000,1
3208,152239409777553,1790295341103882493,28495587383578,28495587385754,1790295340877000000,1000,1
3209,152239413577873,1790295341107682773,28495592383578,28495592384457,1790295340882000000,1000,1
3210,152239418873015,1790295341112978155,28495597383578,28495597385791,1790295340887000000,1000,1
3211,152239423941367,1790295341118046207,28495602383578,28495602385272,1790295340892000000,1000,1
3212,152239428772278,1790295341122877078,28495607383578,28495607385309,1790295340897000000,1000,1
3213,152239433613431,1790295341127718291,28495612383578,28495612385643,1790295340902000000,1000,1
3214,152239438898804,1790295341133004195,28495617383578,28495617384680,1790295340907000000,1000,1
3215,152239443665175,1790295341137770145,28495622383578,28495622384606,1790295340912000000,1000,1
3216,152239449165744,1790295341143270574,28495627383578,28495627402420,1790295340917000000,1000,1
3217,152239453932676,1790295341148037616,28495632383578,28495632387087,1790295340922000000,1000,1
3218,152239458531178,1790295341152635087,28495637383578,28495637384939,1790295340927000000,1000,1
3219,152239463939704,1790295341158044875,28495642383578,28495642385532,1790295340932000000,1000,1
3220,152239469526539,1790295341163631459,28495647383578,28495647386013,1790295340937000000,1000,1
3221,152239473987270,1790295341168092140,28495652383578,28495652384939,1790295340942000000,1000,1
3222,152239479027520,1790295341173132400,28495657383578,28495657384791,1790295340947000000,1000,1
3223,152239483721812,1790295341177826982,28495662383578,28495662384272,1790295340952000000,1000,1
3224,152239488617427,1790295341182722307,28495667383578,28495667385346,1790295340957000000,1000,1
3225,152239509642271,1790295341203747332,28495672383578,28495672455272,1790295340962000000,1000,1
3226,152239509707295,1790295341203810241,28495677383578,28495677385124,1790295340967000000,1000,1
3227,152239509713627,1790295341203816503,28495682383578,28495682385050,1790295340972000000,1000,1
3228,152239509720229,1790295341203823095,28495687383578,28495687385457,1790295340977000000,1000,1
3229,152239513450626,1790295341207555856,28495692383578,28495692385643,1790295340982000000,1000,1
3230,152239518752361,1790295341212857200,28495697383578,28495697385272,1790295340987000000,1000,1
3231,152239523664886,1790295341217770157,28495702383578,28495702385050,1790295340992000000,1000,1
3232,152239528881978,1790295341222987079,28495707383578,28495707385865,1790295340997000000,1000,1
3233,152239534627444,1790295341228732624,28495712383578,28495712387643,1790295341002000000,1000,1
3234,152239538656457,1790295341232761377,28495717383578,28495717385087,1790295341007000000,1000,1
3235,152239543550700,1790295341237655580,28495722383578,28495722384680,1790295341012000000,1000,1
3236,152239549184043,1790295341243288923,28495727383578,28495727385939,1790295341017000000,1000,1
3237,152239553777514,1790295341247881462,28495732383578,28495732386643,1790295341022000000,1000,1
3238,152239558720599,1790295341252825509,28495737383578,28495737384161,1790295341027000000,1000,1
3239,152239564380513,1790295341258485643,28495742383578,28495742385383,1790295341032000000,1000,1
3240,152239568554250,1790295341262659411,28495747383578,28495747385383,1790295341037000000,1000,1
3241,152239574095587,1790295341268199826,28495752383578,28495752385124,1790295341042000000,1000,1
3242,152239579581921,1790295341273686741,28495757383578,28495757386494,1790295341047000000,1000,1
3243,152239583670878,1790295341277775728,28495762383578,28495762385457,1790295341052000000,1000,1
3244,152239588575338,1790295341282680208,28495767383578,28495767385828,1790295341057000000,1000,1
3245,152239594115766,1790295341288220575,28495772383578,28495772386457,1790295341062000000,1000,1
3246,152239599305588,1790295341293409537,28495777383578,28495777385865,1790295341067000000,1000,1
3247,152239603693622,1790295341297798492,28495782383578,28495782386902,1790295341072000000,1000,1
3248,152239608521267,1790295341302626417,28495787383578,28495787384457,1790295341077000000,1000,1
3249,152239613580522,1790295341307685482,28495792383578,28495792385754,1790295341082000000,1000,1
3250,152239619254522,1790295341313359643,28495797383578,28495797387865,1790295341087000000,1000,1
3251,152239623791446,1790295341317896286,28495802383578,28495802387050,1790295341092000000,1000,1
3252,152239628790938,1790295341322895868,28495807383578,28495807385828,1790295341097000000,1000,1
3253,152239633688988,1790295341327793688,28495812383578,28495812384791,1790295341102000000,1000,1
3254,152239638600654,1790295341332705494,28495817383578,28495817384791,1790295341107000000,1000,1
3255,152239643942242,1790295341338046431,28495822383578,28495822385124,1790295341112000000,1000,1
3256,152239649950423,1790295341344055283,28495827383578,28495827386754,1790295341117000000,1000,1
3257,152239653790399,1790295341347895269,28495832383578,28495832384346,1790295341122000000,1000,1
3258,152239658612525,1790295341352717445,28495837383578,28495837384420,1790295341127000000,1000,1
3259,152239664037112,1790295341358142063,28495842383578,28495842386272,1790295341132000000,1000,1
3260,152239669273153,1790295341363378424,28495847383578,28495847384902,1790295341137000000,1000,1
3261,152239673672768,1790295341367777588,28495852383578,28495852384680,1790295341142000000,1000,1
3262,152239678457192,1790295341372561111,28495857383578,28495857385013,1790295341147000000,1000,1
3263,152239683950638,1790295341378055598,28495862383578,28495862385309,1790295341152000000,1000,1
3264,152239689163284,1790295341383268405,28495867383578,28495867386568,1790295341157000000,1000,1
3265,152239694984393,1790295341389089243,28495872383578,28495872385124,1790295341162000000,1000,1
3266,152239702569574,1790295341396674514,28495877383578,28495877385383,1790295341167000000,1000,1
3267,152239703716197,1790295341397821016,28495882383578,28495882385457,1790295341172000000,1000,1
3268,152239709071212,1790295341403176072,28495887383578,28495887386161,1790295341177000000,1000,1
3269,152239713955665,1790295341408060495,28495892383578,28495892385161,1790295341182000000,1000,1
3270,152239719449734,1790295341413554554,28495897383578,28495897504087,1790295341187000000,1000,1
3271,152239724036996,1790295341418141765,28495902383578,28495902386346,1790295341192000000,1000,1
3272,152239728899989,1790295341423004869,28495907383578,28495907386568,1790295341197000000,1000,1
3273,152239733967809,1790295341428073080,28495912383578,28495912384568,1790295341202000000,1000,1
3274,152239742020766,1790295341436126017,28495917383578,28495917384531,1790295341207000000,1000,1
3275,152239744104234,1790295341438209094,28495922383578,28495922387828,1790295341212000000,1000,1
3276,152239749819740,1790295341443924620,28495927383578,28495927385494,1790295341217000000,1000,1
3277,152239753869142,1790295341447973972,28495932383578,28495932385976,1790295341222000000,1000,1
3278,152239758738267,1790295341452843097,28495937383578,28495937384494,1790295341227000000,1000,1
3279,152239764107751,1790295341458212851,28495942383578,28495942386087,1790295341232000000,1000,1
3280,152239769746271,1790295341463851211,28495947383578,28495947387457,1790295341237000000,1000,1
3281,152239773859063,1790295341467964104,28495952383578,28495952384605,1790295341242000000,1000,1
3282,152239778721426,1790295341472825354,28495957383578,28495957385865,1790295341247000000,1000,1
3283,152239783679159,1790295341477784319,28495962383578,28495962384494,1790295341252000000,1000,1
3284,152239788823644,1790295341482929175,28495967383578,28495967386679,1790295341257000000,1000,1
3285,152239794679709,1790295341488784528,28495972383578,28495972384605,1790295341262000000,1000,1
3286,152239798669127,1790295341492772103,28495977383578,28495977384346,1790295341267000000,1000,1
3287,152239806630709,1790295341500735609,28495982383578,28495982384568,1790295341272000000,1000,1
3288,152239809309003,1790295341503413963,28495987383578,28495987384865,1790295341277000000,1000,1
3289,152239813919248,1790295341508024178,28495992383578,28495992386976,1790295341282000000,1000,1
3290,152239819182840,1790295341513286808,28495997383578,28495997385383,1790295341287000000,1000,1
3291,152239824135564,1790295341518240634,28496002383578,28496002386457,1790295341292000000,1000,1
3292,152239829082867,1790295341523188078,28496007383578,28496007385605,1790295341297000000,1000,1
3293,152239834007548,1790295341528112398,28496012383578,28496012385346,1790295341302000000,1000,1
3294,152239838759871,1790295341532865002,28496017383578,28496017384791,1790295341307000000,1000,1
3295,152239844289325,1790295341538394736,28496022383578,28496022387346,1790295341312000000,1000,1
3296,152239849833379,1790295341543938249,28496027383578,28496027386124,1790295341317000000,1000,1
3297,152239853747184,1790295341547852014,28496032383578,28496032384716,1790295341322000000,1000,1
3298,152239858640102,1790295341552745022,28496037383578,28496037385679,1790295341327000000,1000,1
3299,152239863909325,1790295341558014456,28496042383578,28496042387272,1790295341332000000,1000,1
3300,152239869095321,1790295341563200201,28496047383578,28496047387754,1790295341337000000,1000,1
3301,152239873474488,1790295341567579378,28496052383578,28496052386198,1790295341342000000,1000,1
3302,152239878706921,1790295341572811811,28496057383578,28496057384976,1790295341347000000,1000,1
3303,152239883563252,1790295341577668192,28496062383578,28496062385050,1790295341352000000,1000,1
3304,152239889030621,1790295341583135791,28496067383578,28496067385050,1790295341357000000,1000,1
3305,152239894770945,1790295341588875595,28496072383578,28496072384976,1790295341362000000,1000,1
3306,152239898783498,1790295341592888388,28496077383578,28496077385531,1790295341367000000,1000,1
3307,152239906676671,1790295341600781431,28496082383578,28496082385309,1790295341372000000,1000,1
3308,152239909107426,1790295341603210653,28496087383578,28496087386679,1790295341377000000,1000,1
3309,152239913966432,1790295341608069699,28496092383578,28496092385865,1790295341382000000,1000,1
3310,152239918819667,1790295341612922904,28496097383578,28496097384383,1790295341387000000,1000,1
3311,152239923698290,1790295341617801497,28496102383578,28496102385753,1790295341392000000,1000,1
3312,152239928353088,1790295341622456244,28496107383578,28496107385753,1790295341397000000,1000,1
3313,152239933972354,1790295341628077174,28496112383578,28496112386161,1790295341402000000,1000,1
3314,152239938872949,1790295341632977959,28496117383578,28496117385050,1790295341407000000,1000,1
3315,152239943824028,1790295341637928948,28496122383578,28496122385272,1790295341412000000,1000,1
3316,152239948601930,1790295341642706880,28496127383578,28496127384902,1790295341417000000,1000,1
3317,152239955247080,1790295341649351970,28496132383578,28496132387309,1790295341422000000,1000,1
3318,152239959085342,1790295341653190162,28496137383578,28496137387383,1790295341427000000,1000,1
3319,152239963571951,1790295341657677052,28496142383578,28496142385346,1790295341432000000,1000,1
3320,152239968698933,1790295341662804103,28496147383578,28496147385124,1790295341437000000,1000,1
3321,152239974710462,1790295341668815362,28496152383578,28496152385828,1790295341442000000,1000,1
3322,152239978797356,1790295341672901244,28496157383578,28496157386161,1790295341447000000,1000,1
3323,152239984033556,1790295341678138356,28496162383578,28496162385013,1790295341452000000,1000,1
3324,152239988578968,1790295341682682926,28496167383578,28496167385383,1790295341457000000,1000,1
3325,152239993588790,1790295341687694291,28496172383578,28496172385087,1790295341462000000,1000,1
3326,152239998873462,1790295341692978322,28496177383578,28496177384790,1790295341467000000,1000,1
3327,152240003624301,1790295341697728220,28496182383578,28496182386309,1790295341472000000,1000,1
3328,152240009144360,1790295341703249180,28496187383578,28496187386272,1790295341477000000,1000,1
3329,152240013962247,1790295341708066165,28496192383578,28496192384605,1790295341482000000,1000,1
3330,152240019036249,1790295341713141480,28496197383578,28496197385865,1790295341487000000,1000,1
3331,152240024084825,1790295341718189935,28496202383578,28496202387050,1790295341492000000,1000,1
3332,152240028877825,1790295341722982876,28496207383578,28496207385716,1790295341497000000,1000,1
3333,152240034008274,1790295341728112172,28496212383578,28496212385457,1790295341502000000,1000,1
3334,152240038622787,1790295341732726705,28496217383578,28496217384309,1790295341507000000,1000,1
3335,152240043965099,1790295341738070029,28496222383578,28496222387050,1790295341512000000,1000,1
3336,152240049238690,1790295341743343941,28496227383578,28496227387272,1790295341517000000,1000,1
3337,152240053990211,1790295341748095241,28496232383578,28496232582939,1790295341522000000,1000,1
3338,152240058604634,1790295341752708582,28496237383578,28496237385605,1790295341527000000,1000,1
3339,152240063701581,1790295341757806471,28496242383578,28496242384457,1790295341532000000,1000,1
3340,152240069054240,1790295341763159520,28496247383578,28496247387457,1790295341537000000,1000,1
3341,152240073875785,1790295341767980775,28496252383578,28496252386827,1790295341542000000,1000,1
3342,152240078658757,1790295341772763577,28496257383578,28496257384568,1790295341547000000,1000,1
3343,152240083478929,1790295341777582837,28496262383578,28496262384865,1790295341552000000,1000,1
3344,152240089042159,1790295341783146989,28496267383578,28496267385161,1790295341557000000,1000,1
3345,152240093901784,1790295341788006925,28496272383578,28496272386050,1790295341562000000,1000,1
3346,152240098756592,1790295341792861853,28496277383578,28496277385790,1790295341567000000,1000,1
3347,152240103460933,1790295341797566534,28496282383578,28496282384976,1790295341572000000,1000,1
3348,152240111808007,1790295341805911955,28496287383578,28496287384976,1790295341577000000,1000,1
3349,152240114043232,1790295341808147130,28496292383578,28496292386383,1790295341582000000,1000,1
3350,152240118862914,1790295341812966822,28496297383578,28496297384753,1790295341587000000,1000,1
3351,152240123709705,1790295341817814525,28496302383578,28496302384716,1790295341592000000,1000,1
3352,152240128611462,1790295341822715420,28496307383578,28496307385716,1790295341597000000,1000,1
3353,152240134164403,1790295341828269583,28496312383578,28496312387161,1790295341602000000,1000,1
3354,152240138854778,1790295341832959137,28496317383578,28496317386642,1790295341607000000,1000,1
3355,152240143591482,1790295341837696642,28496322383578,28496322384198,1790295341612000000,1000,1
3356,152240148710130,1790295341842815030,28496327383578,28496327385235,1790295341617000000,1000,1
3357,152240154254815,1790295341848358723,28496332383578,28496332385531,1790295341622000000,1000,1
3358,152240158984646,1790295341853089526,28496337383578,28496337387383,1790295341627000000,1000,1
3359,152240164480278,1790295341858585198,28496342383578,28496342385531,1790295341632000000,1000,1
3360,152240168369997,1790295341862473154,28496347383578,28496347385272,1790295341637000000,1000,1
3361,152240173223212,1790295341867326428,28496352383578,28496352385235,1790295341642000000,1000,1
3362,152240179051944,1790295341873155100,28496357383578,28496357384272,1790295341647000000,1000,1
3363,152240183553222,1790295341877656389,28496362383578,28496362385494,1790295341652000000,1000,1
3364,152240188841782,1790295341882946912,28496367383578,28496367385124,1790295341657000000,1000,1
3365,152240193645932,1790295341887751213,28496372383578,28496372385198,1790295341662000000,1000,1
3366,152240198478037,1790295341892582617,28496377383578,28496377384198,1790295341667000000,1000,1
3367,152240203722223,1790295341897827354,28496382383578,28496382387013,1790295341672000000,1000,1
3368,152240209549413,1790295341903654293,28496387383578,28496387386901,1790295341677000000,1000,1
3369,152240213730594,1790295341907835443,28496392383578,28496392385790,1790295341682000000,1000,1
3370,152240218666445,1790295341912771295,28496397383578,28496397385642,1790295341687000000,1000,1
3371,152240223797046,1790295341917902537,28496402383578,28496402385013,1790295341692000000,1000,1
3372,152240228644638,1790295341922748627,28496407383578,28496407385087,1790295341697000000,1000,1
3373,152240233551435,1790295341927655323,28496412383578,28496412385272,1790295341702000000,1000,1
3374,152240238692856,1790295341932796774,28496417383578,28496417385346,1790295341707000000,1000,1
3375,152240244087958,1790295341938192938,28496422383578,28496422385605,1790295341712000000,1000,1
3376,152240248924169,1790295341943029039,28496427383578,28496427386976,1790295341717000000,1000,1
3377,152240253681793,1790295341947785691,28496432383578,28496432387124,1790295341722000000,1000,1
3378,152240258947249,1790295341953052359,28496437383578,28496437385494,1790295341727000000,1000,1
3379,152240263574824,1790295341957678732,28496442383578,28496442384790,1790295341732000000,1000,1
3380,152240269435035,1790295341963539875,28496447383578,28496447521679,1790295341737000000,1000,1
3381,152240273603983,1790295341967708873,28496452383578,28496452385753,1790295341742000000,1000,1
3382,152240278582275,1790295341972687125,28496457383578,28496457384309,1790295341747000000,1000,1
3383,152240283837883,1790295341977942703,28496462383578,28496462386642,1790295341752000000,1000,1
3384,152240288855760,1790295341982960971,28496467383578,28496467387050,1790295341757000000,1000,1
3385,152240293629224,1790295341987734064,28496472383578,28496472384605,1790295341762000000,1000,1
3386,152240298572570,1790295341992677460,28496477383578,28496477385642,1790295341767000000,1000,1
3387,152240303816703,1790295341997921884,28496482383578,28496482386420,1790295341772000000,1000,1
3388,152240308913089,1790295342003017969,28496487383578,28496487387457,1790295341777000000,1000,1
3389,152240318904168,1790295342013009319,28496492383578,28496492581161,1790295341782000000,1000,1
3390,152240318947350,1790295342013050266,28496497383578,28496497385827,1790295341787000000,1000,1
3391,152240323669357,1790295342017774217,28496502383578,28496502384568,1790295341792000000,1000,1
3392,152240328918692,1790295342023022620,28496507383578,28496507386716,1790295341797000000,1000,1
3393,152240333816140,1790295342027920069,28496512383578,28496512384827,1790295341802000000,1000,1
3394,152240338786506,1790295342032890415,28496517383578,28496517385901,1790295341807000000,1000,1
3395,152240343711948,1790295342037817089,28496522383578,28496522385050,1790295341812000000,1000,1
3396,152240349017581,1790295342043122491,28496527383578,28496527385235,1790295341817000000,1000,1
3397,152240353790974,1790295342047896245,28496532383578,28496532387346,1790295341822000000,1000,1
3398,152240358647554,1790295342052752534,28496537383578,28496537599753,1790295341827000000,1000,1
3399,152240363760250,1790295342057865661,28496542383578,28496542384309,1790295341832000000,1000,1
3400,152240368713555,1790295342062818405,28496547383578,28496547385050,1790295341837000000,1000,1
3401,152240374063311,1790295342068168211,28496552383578,28496552388124,1790295341842000000,1000,1
3402,152240378861862,1790295342072965771,28496557383578,28496557387790,1790295341847000000,1000,1
3403,152240384063217,1790295342078167125,28496562383578,28496562384531,1790295341852000000,1000,1
3404,152240388760166,1790295342082865357,28496567383578,28496567384124,1790295341857000000,1000,1
3405,152240393988470,1790295342088093330,28496572383578,28496572385012,1790295341862000000,1000,1
3406,152240398935002,1790295342093040143,28496577383578,28496577385790,1790295341867000000,1000,1
3407,152240403733103,1790295342097837031,28496582383578,28496582385642,1790295341872000000,1000,1
3408,152240408810471,1790295342102915310,28496587383578,28496587387012,1790295341877000000,1000,1
3409,152240414543412,1790295342108648302,28496592383578,28496592479420,1790295341882000000,1000,1
3410,152240419475888,1790295342113581118,28496597383578,28496597385679,1790295341887000000,1000,1
3411,152240423710811,1790295342117815741,28496602383578,28496602385790,1790295341892000000,1000,1
3412,152240428916001,1790295342123020931,28496607383578,28496607386864,1790295341897000000,1000,1
3413,152240433839820,1790295342127944820,28496612383578,28496612387568,1790295341902000000,1000,1
3414,152240438765502,1790295342132870332,28496617383578,28496617384827,1790295341907000000,1000,1
3415,152240443420500,1790295342137525651,28496622383578,28496622384864,1790295341912000000,1000,1
3416,152240449349010,1790295342143453920,28496627383578,28496627384716,1790295341917000000,1000,1
3417,152240453852633,1790295342147957543,28496632383578,28496632385790,1790295341922000000,1000,1
3418,152240458799375,1790295342152904616,28496637383578,28496637386198,1790295341927000000,1000,1
3419,152240464099828,1790295342158204918,28496642383578,28496642384679,1790295341932000000,1000,1
3420,152240469110090,1790295342163214980,28496647383578,28496647476235,1790295341937000000,1000,1
3421,152240473825444,1790295342167930294,28496652383578,28496652385198,1790295341942000000,1000,1
3422,152240478640857,1790295342172745697,28496657383578,28496657384938,1790295341947000000,1000,1
3423,152240483891463,1790295342177995361,28496662383578,28496662385309,1790295341952000000,1000,1
3424,152240488866329,1790295342182971169,28496667383578,28496667386605,1790295341957000000,1000,1
3425,152240493633000,1790295342187737820,28496672383578,28496672385420,1790295341962000000,1000,1
3426,152240498645787,1790295342192750848,28496677383578,28496677384753,1790295341967000000,1000,1
3427,152240503885122,1790295342197989891,28496682383578,28496682385383,1790295341972000000,1000,1
3428,152240508894653,1790295342202999523,28496687383578,28496687385346,1790295341977000000,1000,1
3429,152240513807530,1790295342207912691,28496692383578,28496692484124,1790295341982000000,1000,1
3430,152240522926614,1790295342217031464,28496697383578,28496697385494,1790295341987000000,1000,1
3431,152240523585853,1790295342217691003,28496702383578,28496702384198,1790295341992000000,1000,1
3432,152240529272056,1790295342223377016,28496707383578,28496707386123,1790295341997000000,1000,1
3433,152240534007738,1790295342228112588,28496712383578,28496712387086,1790295342002000000,1000,1
3434,152240538664802,1790295342232769602,28496717383578,28496717384531,1790295342007000000,1000,1
3435,152240543609931,1790295342237714891,28496722383578,28496722384790,1790295342012000000,1000,1
3436,152240548950880,1790295342243055770,28496727383578,28496727386383,1790295342017000000,1000,1
3437,152240554066102,1790295342248171533,28496732383578,28496732385309,1790295342022000000,1000,1
3438,152240558766467,1790295342252871437,28496737383578,28496737385901,1790295342027000000,1000,1
3439,152240563791438,1790295342257896488,28496742383578,28496742385198,1790295342032000000,1000,1
3440,152240568866924,1790295342262971794,28496747383578,28496747480049,1790295342037000000,1000,1
3441,152240573711200,1790295342267816020,28496752383578,28496752385161,1790295342042000000,1000,1
3442,152240578435691,1790295342272540681,28496757383578,28496757385309,1790295342047000000,1000,1
3443,152240584563991,1790295342278668811,28496762383578,28496762385679,1790295342052000000,1000,1
3444,152240589671987,1790295342283777147,28496767383578,28496767385642,1790295342057000000,1000,1
3445,152240594299153,1790295342288404083,28496772383578,28496772385012,1790295342062000000,1000,1
3446,152240599401140,1790295342293506401,28496777383578,28496777385901,1790295342067000000,1000,1
3447,152240604335228,1790295342298439126,28496782383578,28496782386272,1790295342072000000,1000,1
3448,152240608803302,1790295342302908222,28496787383578,28496787384753,1790295342077000000,1000,1
3449,152240613665894,1790295342307770624,28496792383578,28496792485235,1790295342082000000,1000,1
3450,152240618748454,1790295342312852382,28496797383578,28496797385531,1790295342087000000,1000,1
3451,152240624444925,1790295342318549845,28496802383578,28496802385679,1790295342092000000,1000,1
3452,152240629133438,1790295342323238338,28496807383578,28496807387494,1790295342097000000,1000,1
3453,152240634875216,1790295342328980036,28496812383578,28496812385235,1790295342102000000,1000,1
3454,152240638627335,1790295342332732185,28496817383578,28496817384827,1790295342107000000,1000,1
3455,152240643427207,1790295342337532328,28496822383578,28496822384494,1790295342112000000,1000,1
3456,152240648944590,1790295342343049891,28496827383578,28496827385716,1790295342117000000,1000,1
3457,152240653970973,1790295342348075643,28496832383578,28496832387679,1790295342122000000,1000,1
3458,152240658826032,1790295342352930882,28496837383578,28496837386160,1790295342127000000,1000,1
3459,152240663970597,1790295342358075417,28496842383578,28496842386272,1790295342132000000,1000,1
3460,152240668605478,1790295342362710428,28496847383578,28496847384457,1790295342137000000,1000,1
3461,152240673894409,1790295342367999439,28496852383578,28496852384642,1790295342142000000,1000,1
3462,152240678656120,1790295342372760950,28496857383578,28496857385531,1790295342147000000,1000,1
3463,152240683629731,1790295342377734641,28496862383578,28496862386086,1790295342152000000,1000,1
3464,152240690552828,1790295342384658009,28496867383578,28496867386420,1790295342157000000,1000,1
3465,152240693567991,1790295342387672841,28496872383578,28496872384716,1790295342162000000,1000,1
3466,152240698733956,1790295342392838926,28496877383578,28496877385012,1790295342167000000,1000,1
3467,152240703863475,1790295342397968635,28496882383578,28496882385420,1790295342172000000,1000,1
3468,152240709046535,1790295342403151745,28496887383578,28496887386160,1790295342177000000,1000,1
3469,152240713579593,1790295342407684423,28496892383578,28496892385123,1790295342182000000,1000,1
3470,152240718701828,1790295342412806858,28496897383578,28496897384420,1790295342187000000,1000,1
3471,152240727188066,1790295342421292996,28496902383578,28496902385123,1790295342192000000,1000,1
3472,152240728860264,1790295342422965114,28496907383578,28496907387272,1790295342197000000,1000,1
3473,152240734903992,1790295342429008983,28496912383578,28496912386272,1790295342202000000,1000,1
3474,152240738537066,1790295342432641004,28496917383578,28496917385123,1790295342207000000,1000,1
3475,152240743745243,1790295342437850083,28496922383578,28496922384753,1790295342212000000,1000,1
3476,152240748873419,1790295342442978319,28496927383578,28496927385383,1790295342217000000,1000,1
3477,152240754059874,1790295342448164764,28496932383578,28496932385272,1790295342222000000,1000,1
3478,152240758653437,1790295342452758597,28496937383578,28496937387086,1790295342227000000,1000,1
3479,152240763585521,1790295342457690401,28496942383578,28496942384864,1790295342232000000,1000,1
3480,152240768692034,1790295342462797164,28496947383578,28496947385642,1790295342237000000,1000,1
3481,152240773908798,1790295342468014219,28496952383578,28496952386716,1790295342242000000,1000,1
3482,152240779712854,1790295342473817654,28496957383578,28496957386531,1790295342247000000,1000,1
3483,152240783598246,1790295342477703116,28496962383578,28496962385457,1790295342252000000,1000,1
3484,152240788593969,1790295342482698799,28496967383578,28496967384605,1790295342257000000,1000,1
3485,152240793642284,1790295342487746192,28496972383578,28496972384160,1790295342262000000,1000,1
3486,152240798661032,1790295342492764289,28496977383578,28496977385531,1790295342267000000,1000,1
3487,152240803533492,1790295342497636639,28496982383578,28496982386679,1790295342272000000,1000,1
3488,152240808483220,1790295342502586377,28496987383578,28496987386346,1790295342277000000,1000,1
3489,152240813334261,1790295342507437418,28496992383578,28496992384790,1790295342282000000,1000,1
3490,152240818300220,1790295342512403376,28496997383578,28496997385790,1790295342287000000,1000,1
3491,152240824056113,1790295342518161223,28497002383578,28497002387605,1790295342292000000,1000,1
3492,152240830514499,1790295342524619920,28497007383578,28497007386790,1790295342297000000,1000,1
3493,152240834604889,1790295342528709769,28497012383578,28497012384234,1790295342302000000,1000,1
3494,152240838780969,1790295342532886100,28497017383578,28497017384605,1790295342307000000,1000,1
3495,152240844103143,1790295342538208043,28497022383578,28497022386716,1790295342312000000,1000,1
3496,152240848861478,1790295342542966438,28497027383578,28497027384864,1790295342317000000,1000,1
3497,152240853769096,1790295342547873956,28497032383578,28497032387049,1790295342322000000,1000,1
3498,152240858698225,1790295342552803025,28497037383578,28497037384420,1790295342327000000,1000,1
3499,152240863560996,1790295342557665866,28497042383578,28497042384827,1790295342332000000,1000,1
3500,152240868946339,1790295342563051470,28497047383578,28497047387012,1790295342337000000,1000,1
3501,152240873963816,1790295342568068655,28497052383578,28497052386753,1790295342342000000,1000,1
3502,152240878676364,1790295342572781324,28497057383578,28497057385790,1790295342347000000,1000,1
3503,152240883476316,1790295342577580224,28497062383578,28497062385234,1790295342352000000,1000,1
3504,152240888648235,1790295342582751401,28497067383578,28497067385086,1790295342357000000,1000,1
3505,152240893491080,1790295342587594246,28497072383578,28497072384568,1790295342362000000,1000,1
3506,152240898365383,1790295342592468540,28497077383578,28497077385716,1790295342367000000,1000,1
3507,152240903430730,1790295342597534659,28497082383578,28497082385197,1790295342372000000,1000,1
3508,152240908196770,1790295342602299797,28497087383578,28497087385457,1790295342377000000,1000,1
3509,152240913761613,1790295342607864529,28497092383578,28497092385383,1790295342382000000,1000,1
3510,152240919603510,1790295342613706426,28497097383578,28497097385494,1790295342387000000,1000,1
3511,152240923425221,1790295342617528097,28497102383578,28497102385197,1790295342392000000,1000,1
3512,152240930891596,1790295342624994472,28497107383578,28497107384271,1790295342397000000,1000,1
3513,152240933720775,1790295342627823942,28497112383578,28497112386049,1790295342402000000,1000,1
3514,152240938757578,1790295342632860725,28497117383578,28497117385197,1790295342407000000,1000,1
3515,152240943842603,1790295342637947763,28497122383578,28497122385345,1790295342412000000,1000,1
3516,152240948781720,1790295342642886620,28497127383578,28497127385271,1790295342417000000,1000,1
3517,152240953620366,1790295342647725206,28497132383578,28497132385716,1790295342422000000,1000,1
3518,152240959096331,1790295342653201171,28497137383578,28497137387308,1790295342427000000,1000,1
3519,152240964874028,1790295342658978968,28497142383578,28497142384901,1790295342432000000,1000,1
3520,152240968434772,1790295342662540003,28497147383578,28497147384605,1790295342437000000,1000,1
3521,152240973579069,1790295342667684530,28497152383578,28497152385716,1790295342442000000,1000,1
3522,152240978854364,1790295342672959214,28497157383578,28497157386642,1790295342447000000,1000,1
3523,152240984040409,1790295342678144438,28497162383578,28497162385938,1790295342452000000,1000,1
3524,152240988738298,1790295342682843168,28497167383578,28497167386382,1790295342457000000,1000,1
3525,152240993624997,1790295342687729877,28497172383578,28497172385308,1790295342462000000,1000,1
3526,152240998854715,1790295342692959865,28497177383578,28497177384864,1790295342467000000,1000,1
3527,152241003864835,1790295342697968733,28497182383578,28497182385160,1790295342472000000,1000,1
3528,152241009564844,1790295342703669694,28497187383578,28497187385753,1790295342477000000,1000,1
3529,152241013642650,1790295342707747480,28497192383578,28497192384271,1790295342482000000,1000,1
3530,152241018534358,1790295342712639298,28497197383578,28497197385345,1790295342487000000,1000,1
3531,152241023953726,1790295342718058967,28497202383578,28497202386382,1790295342492000000,1000,1
3532,152241029857850,1790295342723962981,28497207383578,28497207384975,1790295342497000000,1000,1
3533,152241034468005,1790295342728572875,28497212383578,28497212385160,1790295342502000000,1000,1
3534,152241038983419,1790295342733088409,28497217383578,28497217385457,1790295342507000000,1000,1
3535,152241043448186,1790295342737553056,28497222383578,28497222385271,1790295342512000000,1000,1
3536,152241048442889,1790295342742547739,28497227383578,28497227384827,1790295342517000000,1000,1
3537,152241053561537,1790295342747666878,28497232383578,28497232385345,1790295342522000000,1000,1
3538,152241059144966,1790295342753249815,28497237383578,28497237387271,1790295342527000000,1000,1
3539,152241064818996,1790295342758923926,28497242383578,28497242387568,1790295342532000000,1000,1
3540,152241068572367,1790295342762676335,28497247383578,28497247384457,1790295342537000000,1000,1
3541,152241073664555,1790295342767769445,28497252383578,28497252385605,1790295342542000000,1000,1
3542,152241079586502,1790295342773691442,28497257383578,28497257387160,1790295342547000000,1000,1
3543,152241084034179,1790295342778139199,28497262383578,28497262386531,1790295342552000000,1000,1
3544,152241088582015,1790295342782686945,28497267383578,28497267387568,1790295342557000000,1000,1
3545,152241093758994,1790295342787864234,28497272383578,28497272385901,1790295342562000000,1000,1
3546,152241098592131,1790295342792697011,28497277383578,28497277385716,1790295342567000000,1000,1
3547,152241104047537,1790295342798151465,28497282383578,28497282387679,1790295342572000000,1000,1
3548,152241108871025,1790295342802975885,28497287383578,28497287386679,1790295342577000000,1000,1
3549,152241113774384,1790295342807879204,28497292383578,28497292384938,1790295342582000000,1000,1
3550,152241118600778,1790295342812705698,28497297383578,28497297385382,1790295342587000000,1000,1
3551,152241124155062,1790295342818260162,28497302383578,28497302386531,1790295342592000000,1000,1
3552,152241129049595,1790295342823154525,28497307383578,28497307387679,1790295342597000000,1000,1
3553,152241137192992,1790295342831297982,28497312383578,28497312386716,1790295342602000000,1000,1
3554,152241139405483,1790295342833509392,28497317383578,28497317385160,1790295342607000000,1000,1
3555,152241143463953,1790295342837569223,28497322383578,28497322384494,1790295342612000000,1000,1
3556,152241148481648,1790295342842586528,28497327383578,28497327385790,1790295342617000000,1000,1
3557,152241153525504,1790295342847630604,28497332383578,28497332384160,1790295342622000000,1000,1
3558,152241158914935,1790295342853019925,28497337383578,28497337386790,1790295342627000000,1000,1
3559,152241163894629,1790295342857998638,28497342383578,28497342386568,1790295342632000000,1000,1
3560,152241168266481,1790295342862369648,28497347383578,28497347385345,1790295342637000000,1000,1
3561,152241173527138,1790295342867630305,28497352383578,28497352385049,1790295342642000000,1000,1
3562,152241178708935,1790295342872812102,28497357383578,28497357387531,1790295342647000000,1000,1
3563,152241183914847,1790295342878019687,28497362383578,28497362387123,1790295342652000000,1000,1
3564,152241188626323,1790295342882731143,28497367383578,28497367387716,1790295342657000000,1000,1
3565,152241193432359,1790295342887537740,28497372383578,28497372385271,1790295342662000000,1000,1
3566,152241198551087,1790295342892656288,28497377383578,28497377384605,1790295342667000000,1000,1
3567,152241203894601,1790295342897999581,28497382383578,28497382386456,1790295342672000000,1000,1
3568,152241208774064,1790295342902878303,28497387383578,28497387385901,1790295342677000000,1000,1
3569,152241213598054,1790295342907702954,28497392383578,28497392384382,1790295342682000000,1000,1
3570,152241218648161,1790295342912752991,28497397383578,28497397385790,1790295342687000000,1000,1
3571,152241223519248,1790295342917624108,28497402383578,28497402384197,1790295342692000000,1000,1
3572,152241228912836,1790295342923017747,28497407383578,28497407385679,1790295342697000000,1000,1
3573,152241233914954,1790295342928019904,28497412383578,28497412385271,1790295342702000000,1000,1
3574,152241238757509,1790295342932862499,28497417383578,28497417385568,1790295342707000000,1000,1
3575,152241243634228,1790295342937739108,28497422383578,28497422385382,1790295342712000000,1000,1
3576,152241249055219,1790295342943160419,28497427383578,28497427386012,1790295342717000000,1000,1
3577,152241253890560,1790295342947995530,28497432383578,28497432387679,1790295342722000000,1000,1
3578,152241258607145,1790295342952711985,28497437383578,28497437384642,1790295342727000000,1000,1
3579,152241263635442,1790295342957739370,28497442383578,28497442385716,1790295342732000000,1000,1
3580,152241268588967,1790295342962693827,28497447383578,28497447384605,1790295342737000000,1000,1
3581,152241273898085,1790295342968002925,28497452383578,28497452387271,1790295342742000000,1000,1
3582,152241279128944,1790295342973233803,28497457383578,28497457385975,1790295342747000000,1000,1
3583,152241283620083,1790295342977724321,28497462383578,28497462384419,1790295342752000000,1000,1
3584,152241288661103,1790295342982765973,28497467383578,28497467384345,1790295342757000000,1000,1
3585,152241293923734,1790295342988028634,28497472383578,28497472386567,1790295342762000000,1000,1
3586,152241299488137,1790295342993593087,28497477383578,28497477385345,1790295342767000000,1000,1
3587,152241303717179,1790295342997822300,28497482383578,28497482385345,1790295342772000000,1000,1
3588,152241308516151,1790295343002621071,28497487383578,28497487385197,1790295342777000000,1000,1
3589,152241313568071,1790295343007673031,28497492383578,28497492384716,1790295342782000000,1000,1
3590,152241318933005,1790295343013037845,28497497383578,28497497386049,1790295342787000000,1000,1
3591,152241323799435,1790295343017904385,28497502383578,28497502385012,1790295342792000000,1000,1
3592,152241328692124,1790295343022796964,28497507383578,28497507384456,1790295342797000000,1000,1
3593,152241333649707,1790295343027754557,28497512383578,28497512384605,1790295342802000000,1000,1
3594,152241340543738,1790295343034648749,28497517383578,28497517385753,1790295342807000000,1000,1
3595,152241343740685,1790295343037845575,28497522383578,28497522387567,1790295342812000000,1000,1
3596,152241348741690,1790295343042846560,28497527383578,28497527387012,1790295342817000000,1000,1
3597,152241353795433,1790295343047900323,28497532383578,28497532385271,1790295342822000000,1000,1
3598,152241359499260,1790295343053604611,28497537383578,28497537384975,1790295342827000000,1000,1
3599,152241364533889,1790295343058638738,28497542383578,28497542386864,1790295342832000000,1000,1
3600,152241371993368,1790295343066098308,28497547383578,28497550281419,1790295342840000000,1000,1
3601,152241373604431,1790295343067709301,28497552383578,28497552385567,1790295342842000000,1000,1
3602,152241378567394,1790295343072672494,28497557383578,28497557384530,1790295342847000000,1000,1
3603,152241383883826,1790295343077988596,28497562383578,28497562387012,1790295342852000000,1000,1
3604,152241388821361,1790295343082926201,28497567383578,28497567385975,1790295342857000000,1000,1
3605,152241393698762,1790295343087803612,28497572383578,28497572385419,1790295342862000000,1000,1
3606,152241398676493,1790295343092781353,28497577383578,28497577384382,1790295342867000000,1000,1
3607,152241403599478,1790295343097704338,28497582383578,28497582385790,1790295342872000000,1000,1
3608,152241408869202,1790295343102973150,28497587383578,28497587386308,1790295342877000000,1000,1
3609,152241413821385,1790295343107926255,28497592383578,28497592384938,1790295342882000000,1000,1
3610,152241418671193,1790295343112776103,28497597383578,28497597385864,1790295342887000000,1000,1
3611,152241423641798,1790295343117746668,28497602383578,28497602385753,1790295342892000000,1000,1
3612,152241428942940,1790295343123048471,28497607383578,28497607385864,1790295342897000000,1000,1
3613,152241433826873,1790295343127931743,28497612383578,28497612385197,1790295342902000000,1000,1
3614,152241439435459,1790295343133540329,28497617383578,28497617384345,1790295342907000000,1000,1
3615,152241443777205,1790295343137882045,28497622383578,28497622385641,1790295342912000000,1000,1
3616,152241449629594,1790295343143734433,28497627383578,28497627384753,1790295342917000000,1000,1
3617,152241453902830,1790295343148006748,28497632383578,28497632384827,1790295342922000000,1000,1
3618,152241458908292,1790295343153013102,28497637383578,28497637385864,1790295342927000000,1000,1
3619,152241463713776,1790295343157818696,28497642383578,28497642384456,1790295342932000000,1000,1
3620,152241468773282,1790295343162878202,28497647383578,28497647384382,1790295342937000000,1000,1
3621,152241473798763,1790295343167903904,28497652383578,28497652386493,1790295342942000000,1000,1
3622,152241478784517,1790295343172889327,28497657383578,28497657384827,1790295342947000000,1000,1
3623,152241484370781,1790295343178475882,28497662383578,28497662384345,1790295342952000000,1000,1
3624,152241488868593,1790295343182973493,28497667383578,28497667385790,1790295342957000000,1000,1
3625,152241493789567,1790295343187894436,28497672383578,28497672384938,1790295342962000000,1000,1
3626,152241498987845,1790295343193093467,28497677383578,28497677385641,1790295342967000000,1000,1
3627,152241503821854,1790295343197926784,28497682383578,28497682387234,1790295342972000000,1000,1
3628,152241508819262,1790295343202924182,28497687383578,28497687384641,1790295342977000000,1000,1
3629,152241513470643,1790295343207576405,28497692383578,28497692384234,1790295342982000000,1000,1
3630,152241518978108,1790295343213083048,28497697383578,28497697384938,1790295342987000000,1000,1
3631,152241523877190,1790295343217982040,28497702383578,28497702387160,1790295342992000000,1000,1
3632,152241528859139,1790295343222964389,28497707383578,28497707385641,1790295342997000000,1000,1
3633,152241533721419,1790295343227826289,28497712383578,28497712384234,1790295343002000000,1000,1
3634,152241538658333,1790295343232763243,28497717383578,28497717385493,1790295343007000000,1000,1
3635,152241545533979,1790295343239638829,28497722383578,28497722387901,1790295343012000000,1000,1
3636,152241548644291,1790295343242748269,28497727383578,28497727385234,1790295343017000000,1000,1
3637,152241553982414,1790295343248087274,28497732383578,28497732385382,1790295343022000000,1000,1
3638,152241558709140,1790295343252814130,28497737383578,28497737384715,1790295343027000000,1000,1
3639,152241563918399,1790295343258023350,28497742383578,28497742385604,1790295343032000000,1000,1
3640,152241569433777,1790295343263538597,28497747383578,28497747385160,1790295343037000000,1000,1
3641,152241573687827,1790295343267792677,28497752383578,28497752385308,1790295343042000000,1000,1
3642,152241578730040,1790295343272834910,28497757383578,28497757384753,1790295343047000000,1000,1
3643,152241583592092,1790295343277696942,28497762383578,28497762384530,1790295343052000000,1000,1
3644,152241588683917,1790295343282788156,28497767383578,28497767387752,1790295343057000000,1000,1
3645,152241594010660,1790295343288114578,28497772383578,28497772385975,1790295343062000000,1000,1
3646,152241598538789,1790295343292643819,28497777383578,28497777385308,1790295343067000000,1000,1
3647,152241603514636,1790295343297619586,28497782383578,28497782384308,1790295343072000000,1000,1
3648,152241608783917,1790295343302888777,28497787383578,28497787386567,1790295343077000000,1000,1
3649,152241613730449,1790295343307835369,28497792383578,28497792386827,1790295343082000000,1000,1
3650,152241618690036,1790295343312795166,28497797383578,28497797386086,1790295343087000000,1000,1
3651,152241623640713,1790295343317745563,28497802383578,28497802385641,1790295343092000000,1000,1
3652,152241628661115,1790295343322766045,28497807383578,28497807384641,1790295343097000000,1000,1
3653,152241634046368,1790295343328151228,28497812383578,28497812385678,1790295343102000000,1000,1
3654,152241638905835,1790295343333010665,28497817383578,28497817387567,1790295343107000000,1000,1
3655,152241644323437,1790295343338428347,28497822383578,28497822385678,1790295343112000000,1000,1
3656,152241648507043,1790295343342612154,28497827383578,28497827385493,1790295343117000000,1000,1
3657,152241654087787,1790295343348192647,28497832383578,28497832387864,1790295343122000000,1000,1
3658,152241659097718,1790295343353202858,28497837383578,28497837384827,1790295343127000000,1000,1
3659,152241663626427,1790295343357731297,28497842383578,28497842386456,1790295343132000000,1000,1
3660,152241668627513,1790295343362732623,28497847383578,28497847384567,1790295343137000000,1000,1
3661,152241674570793,1790295343368675973,28497852383578,28497852384197,1790295343142000000,1000,1
3662,152241678929621,1790295343373034531,28497857383578,28497857387345,1790295343147000000,1000,1
3663,152241683882413,1790295343377987283,28497862383578,28497862387234,1790295343152000000,1000,1
3664,152241688424859,1790295343382529649,28497867383578,28497867385160,1790295343157000000,1000,1
3665,152241693595566,1790295343387700496,28497872383578,28497872385678,1790295343162000000,1000,1
3666,152241698946892,1790295343393051832,28497877383578,28497877386604,1790295343167000000,1000,1
3667,152241703915285,1790295343398020185,28497882383578,28497882385864,1790295343172000000,1000,1
3668,152241708982175,1790295343403087135,28497887383578,28497887386197,1790295343177000000,1000,1
3669,152241714352510,1790295343408457350,28497892383578,28497892384752,1790295343182000000,1000,1
3670,152241719501786,1790295343413606636,28497897383578,28497897385012,1790295343187000000,1000,1
3671,152241723987846,1790295343418092705,28497902383578,28497902387826,1790295343192000000,1000,1
3672,152241729321240,1790295343423426200,28497907383578,28497907386160,1790295343197000000,1000,1
3673,152241733842154,1790295343427947094,28497912383578,28497912384641,1790295343202000000,1000,1
3674,152241738766704,1790295343432871654,28497917383578,28497917384826,1790295343207000000,1000,1
3675,152241743828324,1790295343437932252,28497922383578,28497922386382,1790295343212000000,1000,1
3676,152241749831768,1790295343443936688,28497927383578,28497927384864,1790295343217000000,1000,1
3677,152241753741725,1790295343447846605,28497932383578,28497932384975,1790295343222000000,1000,1
3678,152241758660164,1790295343452764082,28497937383578,28497937385086,1790295343227000000,1000,1
3679,152241763804350,1790295343457909450,28497942383578,28497942387419,1790295343232000000,1000,1
3680,152241768992408,1790295343463097278,28497947383578,28497947386345,1790295343237000000,1000,1
3681,152241774079927,1790295343468184987,28497952383578,28497952590160,1790295343242000000,1000,1
3682,152241778765214,1790295343472870114,28497957383578,28497957384789,1790295343247000000,1000,1
3683,152241783551722,1790295343477656602,28497962383578,28497962385382,1790295343252000000,1000,1
3684,152241788840331,1790295343482945161,28497967383578,28497967386308,1790295343257000000,1000,1
3685,152241793543561,1790295343487647479,28497972383578,28497972386012,1790295343262000000,1000,1
3686,152241798315231,1790295343492418398,28497977383578,28497977385530,1790295343267000000,1000,1
3687,152241803433809,1790295343497536986,28497982383578,28497982385123,1790295343272000000,1000,1
3688,152241808705145,1790295343502808311,28497987383578,28497987385012,1790295343277000000,1000,1
3689,152241813605579,1790295343507708746,28497992383578,28497992387197,1790295343282000000,1000,1
3690,152241818454416,1790295343512557583,28497997383578,28497997583567,1790295343287000000,1000,1
3691,152241823767871,1790295343517872711,28498002383578,28498002384678,1790295343292000000,1000,1
3692,152241828606547,1790295343522711437,28498007383578,28498007384901,1790295343297000000,1000,1
3693,152241833925384,1790295343528030605,28498012383578,28498012387234,1790295343302000000,1000,1
3694,152241838955464,1790295343533060504,28498017383578,28498017385419,1790295343307000000,1000,1
3695,152241843626574,1790295343537731464,28498022383578,28498022385123,1790295343312000000,1000,1
3696,152241849480435,1790295343543585726,28498027383578,28498027385604,1790295343317000000,1000,1
3697,152241854080100,1790295343548185000,28498032383578,28498032385308,1790295343322000000,1000,1
3698,152241859310199,1790295343553415159,28498037383578,28498037386234,1790295343327000000,1000,1
3699,152241864036031,1790295343558140901,28498042383578,28498042385715,1790295343332000000,1000,1
3700,152241868991770,1790295343563096730,28498047383578,28498047386752,1790295343337000000,1000,1
3701,152241874112281,1790295343568217141,28498052383578,28498052387419,1790295343342000000,1000,1
3702,152241879277137,1790295343573382297,28498057383578,28498057385012,1790295343347000000,1000,1
3703,152241884047914,1790295343578152864,28498062383578,28498062583419,1790295343352000000,1000,1
3704,152241888816689,1790295343582921629,28498067383578,28498067384234,1790295343357000000,1000,1
3705,152241893872818,1790295343587977939,28498072383578,28498072385234,1790295343362000000,1000,1
3706,152241899083319,1790295343593187237,28498077383578,28498077387567,1790295343367000000,1000,1
3707,152241903872512,1790295343597976581,28498082383578,28498082387641,1790295343372000000,1000,1
3708,152241908448121,1790295343602551298,28498087383578,28498087385752,1790295343377000000,1000,1
3709,152241913657080,1790295343607760236,28498092383578,28498092384900,1790295343382000000,1000,1
3710,152241919315479,1790295343613418646,28498097383578,28498097385345,1790295343387000000,1000,1
3711,152241923989585,1790295343618092762,28498102383578,28498102387345,1790295343392000000,1000,1
3712,152241928807193,1790295343622910349,28498107383578,28498107386493,1790295343397000000,1000,1
3713,152241933843203,1790295343627948073,28498112383578,28498112384345,1790295343402000000,1000,1
3714,152241939027565,1790295343633132415,28498117383578,28498117384863,1790295343407000000,1000,1
3715,152241944245381,1790295343638350271,28498122383578,28498122387197,1790295343412000000,1000,1
3716,152241949550571,1790295343643654489,28498127383578,28498127387160,1790295343417000000,1000,1
3717,152241955069156,1790295343649173996,28498132383578,28498132384419,1790295343422000000,1000,1
3718,152241959811030,1790295343653915880,28498137383578,28498137385308,1790295343427000000,1000,1
3719,152241964963612,1790295343659068512,28498142383578,28498142387345,1790295343432000000,1000,1
3720,152241969218293,1790295343663323113,28498147383578,28498147385012,1790295343437000000,1000,1
3721,152241974135998,1790295343668240888,28498152383578,28498152581567,1790295343442000000,1000,1
3722,152241979028377,1790295343673133518,28498157383578,28498157385752,1790295343447000000,1000,1
3723,152241984036987,1790295343678141927,28498162383578,28498162385160,1790295343452000000,1000,1
3724,152241989088756,1790295343683193606,28498167383578,28498167385456,1790295343457000000,1000,1
3725,152241994249243,1790295343688354384,28498172383578,28498172387752,1790295343462000000,1000,1
3726,152241998857935,1790295343692962875,28498177383578,28498177385197,1790295343467000000,1000,1
3727,152242003759923,1790295343697864943,28498182383578,28498182385493,1790295343472000000,1000,1
3728,152242008688569,1790295343702791776,28498187383578,28498187386271,1790295343477000000,1000,1
3729,152242014079984,1790295343708184854,28498192383578,28498192386826,1790295343482000000,1000,1
3730,152242018676903,1790295343712780841,28498197383578,28498197385604,1790295343487000000,1000,1
3731,152242023626911,1790295343717731821,28498202383578,28498202385345,1790295343492000000,1000,1
3732,152242028575355,1790295343722680315,28498207383578,28498207385863,1790295343497000000,1000,1
3733,152242033837004,1790295343727940862,28498212383578,28498212387345,1790295343502000000,1000,1
3734,152242039830379,1790295343733935239,28498217383578,28498217386715,1790295343507000000,1000,1
3735,152242043585362,1790295343737690462,28498222383578,28498222384715,1790295343512000000,1000,1
3736,152242048517897,1790295343742622997,28498227383578,28498227384604,1790295343517000000,1000,1
3737,152242060388768,1790295343754494119,28498232383578,28498232385974,1790295343522000000,1000,1
3738,152242060431609,1790295343754534535,28498237383578,28498237384900,1790295343527000000,1000,1
3739,152242063863940,1790295343757968780,28498242383578,28498242385456,1790295343532000000,1000,1
3740,152242069011112,1790295343763116243,28498247383578,28498247384308,1790295343537000000,1000,1
3741,152242073952324,1790295343768056252,28498252383578,28498252386308,1790295343542000000,1000,1
3742,152242078594959,1790295343772698857,28498257383578,28498257386641,1790295343547000000,1000,1
3743,152242084082515,1790295343778187265,28498262383578,28498262387048,1790295343552000000,1000,1
3744,152242088866249,1790295343782970978,28498267383578,28498267385678,1790295343557000000,1000,1
3745,152242093648359,1790295343787753500,28498272383578,28498272384567,1790295343562000000,1000,1
3746,152242098507094,1790295343792611022,28498277383578,28498277384715,1790295343567000000,1000,1
3747,152242103950356,1790295343798055226,28498282383578,28498282385493,1790295343572000000,1000,1
3748,152242109192368,1790295343803297248,28498287383578,28498287384900,1790295343577000000,1000,1
3749,152242114472461,1790295343808576370,28498292383578,28498292386678,1790295343582000000,1000,1
3750,152242119081402,1790295343813186563,28498297383578,28498297385493,1790295343587000000,1000,1
3751,152242123749035,1790295343817853905,28498302383578,28498302385345,1790295343592000000,1000,1
3752,152242129000545,1790295343823105455,28498307383578,28498307384493,1790295343597000000,1000,1
3753,152242133527191,1790295343827632041,28498312383578,28498312385308,1790295343602000000,1000,1
3754,152242139152618,1790295343833257829,28498317383578,28498317387715,1790295343607000000,1000,1
3755,152242143848024,1790295343837953225,28498322383578,28498322386863,1790295343612000000,1000,1
3756,152242148714905,1790295343842819765,28498327383578,28498327384419,1790295343617000000,1000,1
3757,152242153595061,1790295343847699981,28498332383578,28498332384641,1790295343622000000,1000,1
3758,152242159657847,1790295343853762075,28498337383578,28498337385234,1790295343627000000,1000,1
3759,152242163773755,1790295343857877613,28498342383578,28498342385345,1790295343632000000,1000,1
3760,152242168650975,1790295343862754132,28498347383578,28498347387234,1790295343637000000,1000,1
3761,152242173364434,1790295343867467621,28498352383578,28498352385345,1790295343642000000,1000,1
3762,152242178220094,1790295343872323270,28498357383578,28498357384937,1790295343647000000,1000,1
3763,152242183569569,1790295343877672726,28498362383578,28498362387419,1790295343652000000,1000,1
3764,152242188566025,1790295343882669192,28498367383578,28498367386530,1790295343657000000,1000,1
3765,152242193614438,1790295343887718347,28498372383578,28498372384345,1790295343662000000,1000,1
3766,152242198536143,1790295343892640061,28498377383578,28498377384197,1790295343667000000,1000,1
3767,152242203580250,1790295343897685200,28498382383578,28498382385308,1790295343672000000,1000,1
3768,152242209206399,1790295343903310358,28498387383578,28498387385308,1790295343677000000,1000,1
3769,152242213845558,1790295343907950678,28498392383578,28498392385974,1790295343682000000,1000,1
3770,152242218654198,1790295343912758116,28498397383578,28498397385752,1790295343687000000,1000,1
3771,152242223542039,1790295343917646869,28498402383578,28498402384863,1790295343692000000,1000,1
3772,152242228762739,1790295343922867539,28498407383578,28498407385493,1790295343697000000,1000,1
3773,152242233519500,1790295343927623388,28498412383578,28498412385419,1790295343702000000,1000,1
3774,152242238868445,1790295343932973385,28498417383578,28498417386085,1790295343707000000,1000,1
3775,152242243679590,1790295343937784550,28498422383578,28498422385530,1790295343712000000,1000,1
3776,152242248606382,1790295343942711272,28498427383578,28498427384567,1790295343717000000,1000,1
3777,152242253723407,1790295343947828277,28498432383578,28498432385604,1790295343722000000,1000,1
3778,152242262735953,1790295343956840832,28498437383578,28498437385382,1790295343727000000,1000,1
3779,152242263905037,1790295343958009827,28498442383578,28498442387641,1790295343732000000,1000,1
3780,152242268960313,1790295343963065573,28498447383578,28498447386493,1790295343737000000,1000,1
3781,152242273778612,1790295343967883822,28498452383578,28498452385011,1790295343742000000,1000,1
3782,152242278541726,1790295343972646686,28498457383578,28498457384900,1790295343747000000,1000,1
3783,152242283788016,1790295343977892795,28498462383578,28498462438011,1790295343752000000,1000,1
3784,152242288963048,1790295343983068169,28498467383578,28498467386567,1790295343757000000,1000,1
3785,152242293583833,1790295343987688793,28498472383578,28498472385011,1790295343762000000,1000,1
3786,152242298747386,1790295343992852617,28498477383578,28498477385048,1790295343767000000,1000,1
3787,152242303545975,1790295343997651106,28498482383578,28498482384345,1790295343772000000,1000,1
3788,152242308975021,1790295344003079992,28498487383578,28498487385271,1790295343777000000,1000,1
3789,152242313924309,1790295344008029399,28498492383578,28498492387234,1790295343782000000,1000,1
3790,152242318664590,1790295344012769449,28498497383578,28498497385271,1790295343787000000,1000,1
3791,152242323558580,1790295344017663430,28498502383578,28498502384826,1790295343792000000,1000,1
3792,152242328925027,1790295344023029757,28498507383578,28498507388493,1790295343797000000,1000,1
3793,152242333707558,1790295344027812368,28498512383578,28498512385937,1790295343802000000,1000,1
3794,152242338767866,1790295344032872736,28498517383578,28498517385604,1790295343807000000,1000,1
3795,152242343664220,1790295344037769120,28498522383578,28498522385715,1790295343812000000,1000,1
3796,152242348809008,1790295344042914249,28498527383578,28498527385122,1790295343817000000,1000,1
3797,152242353919830,1790295344048024700,28498532383578,28498532387048,1790295343822000000,1000,1
3798,152242358954056,1790295344053059267,28498537383578,28498537387234,1790295343827000000,1000,1
3799,152242364404292,1790295344058508251,28498542383578,28498542384937,1790295343832000000,1000,1
3800,152242368827142,1790295344062932303,28498547383578,28498547384826,1790295343837000000,1000,1
3801,152242374493868,1790295344068598839,28498552383578,28498552595937,1790295343842000000,1000,1
3802,152242378744322,1790295344072849242,28498557383578,28498557387085,1790295343847000000,1000,1
3803,152242383976685,1790295344078081385,28498562383578,28498562613752,1790295343852000000,1000,1
3804,152242388654277,1790295344082759127,28498567383578,28498567384345,1790295343857000000,1000,1
3805,152242393567847,1790295344087671745,28498572383578,28498572385715,1790295343862000000,1000,1
3806,152242398961583,1790295344093066534,28498577383578,28498577386122,1790295343867000000,1000,1
3807,152242403912474,1790295344098017323,28498582383578,28498582385493,1790295343872000000,1000,1
3808,152242408821935,1790295344102926735,28498587383578,28498587385233,1790295343877000000,1000,1
3809,152242413596301,1790295344107701411,28498592383578,28498592385196,1790295343882000000,1000,1
3810,152242418891022,1790295344112994971,28498597383578,28498597385085,1790295343887000000,1000,1
3811,152242423860578,1790295344117965418,28498602383578,28498602386604,1790295343892000000,1000,1
3812,152242428976581,1790295344123081431,28498607383578,28498607591122,1790295343897000000,1000,1
3813,152242433531920,1790295344127637091,28498612383578,28498612384233,1790295343902000000,1000,1
3814,152242438369355,1790295344132472522,28498617383578,28498617384752,1790295343907000000,1000,1
3815,152242443662694,1790295344137765851,28498622383578,28498622387641,1790295343912000000,1000,1
3816,152242449090277,1790295344143195107,28498627383578,28498627386641,1790295343917000000,1000,1
3817,152242453566096,1790295344147670284,28498632383578,28498632384493,1790295343922000000,1000,1
3818,152242458698350,1790295344152802288,28498637383578,28498637384270,1790295343927000000,1000,1
3819,152242470846403,1790295344164951253,28498642383578,28498642386196,1790295343932000000,1000,1
3820,152242470919351,1790295344165022347,28498647383578,28498647386789,1790295343937000000,1000,1
3821,152242473999026,1790295344168104196,28498652383578,28498652608826,1790295343942000000,1000,1
3822,152242478801174,1790295344172906765,28498657383578,28498657384678,1790295343947000000,1000,1
3823,152242484247182,1790295344178352012,28498662383578,28498662384789,1790295343952000000,1000,1
3824,152242489028241,1790295344183133111,28498667383578,28498667385937,1790295343957000000,1000,1
3825,152242493909339,1790295344188013257,28498672383578,28498672386678,1790295343962000000,1000,1
3826,152242498747495,1790295344192852335,28498677383578,28498677385345,1790295343967000000,1000,1
3827,152242503579770,1790295344197685001,28498682383578,28498682385530,1790295343972000000,1000,1
3828,152242509034052,1790295344203138892,28498687383578,28498687386456,1790295343977000000,1000,1
3829,152242513725581,1790295344207830591,28498692383578,28498692387752,1790295343982000000,1000,1
3830,152242518904042,1790295344213008972,28498697383578,28498697584900,1790295343987000000,1000,1
3831,152242523628582,1790295344217733452,28498702383578,28498702385011,1790295343992000000,1000,1
3832,152242528650645,1790295344222755875,28498707383578,28498707385530,1790295343997000000,1000,1
3833,152242533921441,1790295344228026411,28498712383578,28498712386307,1790295344002000000,1000,1
3834,152242538933617,1790295344233038517,28498717383578,28498717387085,1790295344007000000,1000,1
3835,152242543636668,1790295344237741507,28498722383578,28498722385307,1790295344012000000,1000,1
3836,152242548429117,1790295344242533026,28498727383578,28498727384567,1790295344017000000,1000,1
3837,152242553820783,1790295344247924721,28498732383578,28498732387085,1790295344022000000,1000,1
3838,152242558934091,1790295344253038981,28498737383578,28498737387715,1790295344027000000,1000,1
3839,152242563874720,1790295344257979570,28498742383578,28498742579233,1790295344032000000,1000,1
3840,152242568907876,1790295344263012846,28498747383578,28498747384937,1790295344037000000,1000,1
3841,152242573657194,1790295344267762034,28498752383578,28498752384530,1790295344042000000,1000,1
3842,152242579061172,1790295344273166663,28498757383578,28498757385122,1790295344047000000,1000,1
3843,152242583603728,1790295344277709329,28498762383578,28498762385382,1790295344052000000,1000,1
3844,152242588680076,1790295344282785016,28498767383578,28498767384382,1790295344057000000,1000,1
3845,152242593461485,1790295344287565433,28498772383578,28498772384493,1790295344062000000,1000,1
3846,152242599079519,1790295344293184709,28498777383578,28498777387344,1790295344067000000,1000,1
3847,152242603942089,1790295344298047019,28498782383578,28498782386530,1790295344072000000,1000,1
3848,152242609225379,1790295344303330109,28498787383578,28498787384826,1790295344077000000,1000,1
3849,152242613649331,1790295344307754231,28498792383578,28498792385715,1790295344082000000,1000,1
3850,152242618585222,1790295344312690102,28498797383578,28498797384641,1790295344087000000,1000,1
3851,152242624041156,1790295344318145926,28498802383578,28498802386233,1790295344092000000,1000,1
3852,152242629112394,1790295344323217926,28498807383578,28498807385567,1790295344097000000,1000,1
3853,152242633676682,1790295344327781913,28498812383578,28498812385196,1790295344102000000,1000,1
3854,152242638727842,1790295344332832782,28498817383578,28498817384900,1790295344107000000,1000,1
3855,152242644038364,1790295344338143173,28498822383578,28498822386567,1790295344112000000,1000,1
3856,152242648799695,1790295344342904575,28498827383578,28498827386011,1790295344117000000,1000,1
3857,152242653875742,1790295344347980982,28498832383578,28498832604900,1790295344122000000,1000,1
3858,152242658606583,1790295344352711503,28498837383578,28498837384752,1790295344127000000,1000,1
3859,152242663542164,1790295344357647044,28498842383578,28498842384567,1790295344132000000,1000,1
3860,152242672144452,1790295344366249282,28498847383578,28498847387530,1790295344137000000,1000,1
3861,152242674053478,1790295344368158318,28498852383578,28498852387122,1790295344142000000,1000,1
3862,152242679065694,1790295344373170714,28498857383578,28498857385826,1790295344147000000,1000,1
3863,152242683683463,1790295344377788413,28498862383578,28498862385419,1790295344152000000,1000,1
3864,152242688806769,1790295344382912100,28498867383578,28498867386493,1790295344157000000,1000,1
3865,152242693799698,1790295344387904487,28498872383578,28498872385122,1790295344162000000,1000,1
3866,152242699194599,1790295344393299499,28498877383578,28498877385270,1790295344167000000,1000,1
3867,152242703633118,1790295344397737988,28498882383578,28498882384974,1790295344172000000,1000,1
3868,152242708609026,1790295344402713856,28498887383578,28498887384900,1790295344177000000,1000,1
3869,152242713928692,1790295344408033652,28498892383578,28498892387678,1790295344182000000,1000,1
3870,152242718907095,1790295344413012045,28498897383578,28498897385604,1790295344187000000,1000,1
3871,152242723762223,1790295344417867093,28498902383578,28498902385418,1790295344192000000,1000,1
3872,152242728580171,1790295344422685061,28498907383578,28498907385715,1790295344197000000,1000,1
3873,152242733909898,1790295344428015018,28498912383578,28498912385270,1790295344202000000,1000,1
3874,152242738696306,1790295344432800224,28498917383578,28498917387493,1790295344207000000,1000,1
3875,152242743805366,1790295344437910516,28498922383578,28498922578974,1790295344212000000,1000,1
3876,152242748406572,1790295344442511873,28498927383578,28498927385122,1790295344217000000,1000,1
3877,152242753609489,1790295344447714349,28498932383578,28498932384974,1790295344222000000,1000,1
3878,152242758934388,1790295344453039328,28498937383578,28498937387863,1790295344227000000,1000,1
3879,152242763843058,1790295344457948149,28498942383578,28498942387530,1790295344232000000,1000,1
3880,152242768826308,1790295344462931238,28498947383578,28498947384715,1790295344237000000,1000,1
3881,152242774584377,1790295344468689287,28498952383578,28498952384530,1790295344242000000,1000,1
3882,152242779594239,1790295344473699369,28498957383578,28498957385863,1790295344247000000,1000,1
3883,152242783927489,1790295344478032239,28498962383578,28498962387752,1790295344252000000,1000,1
3884,152242788864240,1790295344482969250,28498967383578,28498967597530,1790295344257000000,1000,1
3885,152242793290767,1790295344487394595,28498972383578,28498972384233,1790295344262000000,1000,1
3886,152242798294968,1790295344492398275,28498977383578,28498977384270,1790295344267000000,1000,1
3887,152242803820295,1790295344497923471,28498982383578,28498982385789,1790295344272000000,1000,1
3888,152242808644364,1790295344502747531,28498987383578,28498987386418,1790295344277000000,1000,1
3889,152242813336825,1790295344507439992,28498992383578,28498992384530,1790295344282000000,1000,1
3890,152242818391722,1790295344512494889,28498997383578,28498997385233,1790295344287000000,1000,1
3891,152242824840238,1790295344518945178,28499002383578,28499002387122,1790295344292000000,1000,1
3892,152242828916190,1790295344523021120,28499007383578,28499007385233,1790295344297000000,1000,1
3893,152242833982849,1790295344528087709,28499012383578,28499012588048,1790295344302000000,1000,1
3894,152242838668196,1790295344532773718,28499017383578,28499017384678,1790295344307000000,1000,1
3895,152242843790128,1790295344537895079,28499022383578,28499022385344,1790295344312000000,1000,1
3896,152242848961496,1790295344543066637,28499027383578,28499027385492,1790295344317000000,1000,1
3897,152242853889002,1790295344547993972,28499032383578,28499032387678,1790295344322000000,1000,1
3898,152242858771993,1790295344552877214,28499037383578,28499037385826,1790295344327000000,1000,1
3899,152242863565543,1790295344557670804,28499042383578,28499042385122,1790295344332000000,1000,1
3900,152242869022022,1790295344563126992,28499047383578,28499047384974,1790295344337000000,1000,1
3901,152242877494143,1790295344571599303,28499052383578,28499052385492,1790295344342000000,1000,1
3902,152242878963055,1790295344573067895,28499057383578,28499057581270,1790295344347000000,1000,1
3903,152242883679470,1790295344577784310,28499062383578,28499062384789,1790295344352000000,1000,1
3904,152242888669975,1790295344582774865,28499067383578,28499067385715,1790295344357000000,1000,1
3905,152242893902649,1790295344588008070,28499072383578,28499072385567,1790295344362000000,1000,1
3906,152242899014903,1790295344593118842,28499077383578,28499077387492,1790295344367000000,1000,1
3907,152242903566006,1790295344597669834,28499082383578,28499082385492,1790295344372000000,1000,1
3908,152242908246925,1790295344602350092,28499087383578,28499087384455,1790295344377000000,1000,1
3909,152242913581050,1790295344607684217,28499092383578,28499092384974,1790295344382000000,1000,1
3910,152242918647849,1790295344612751016,28499097383578,28499097385678,1790295344387000000,1000,1
3911,152242923565095,1790295344617668262,28499102383578,28499102384789,1790295344392000000,1000,1
3912,152242928455872,1790295344622559038,28499107383578,28499107386122,1790295344397000000,1000,1
3913,152242933816267,1790295344627921137,28499112383578,28499112492937,1790295344402000000,1000,1
3914,152242938843220,1790295344632947128,28499117383578,28499117385455,1790295344407000000,1000,1
3915,152242944327290,1790295344638432140,28499122383578,28499122384974,1790295344412000000,1000,1
3916,152242949218797,1790295344643322726,28499127383578,28499127384900,1790295344417000000,1000,1
3917,152242953727809,1790295344647831757,28499132383578,28499132384752,1790295344422000000,1000,1
3918,152242958707193,1790295344652812263,28499137383578,28499137384974,1790295344427000000,1000,1
3919,152242963707747,1790295344657812637,28499142383578,28499142385678,1790295344432000000,1000,1
3920,152242968965920,1790295344663071190,28499147383578,28499147387270,1790295344437000000,1000,1
3921,152242974643103,1790295344668748043,28499152383578,28499152384974,1790295344442000000,1000,1
3922,152242978801722,1790295344672906723,28499157383578,28499157581344,1790295344447000000,1000,1
3923,152242983753755,1790295344677858615,28499162383578,28499162385604,1790295344452000000,1000,1
3924,152242988726717,1790295344682831567,28499167383578,28499167385566,1790295344457000000,1000,1
3925,152242993809957,1790295344687914637,28499172383578,28499172387678,1790295344462000000,1000,1
3926,152242998823396,1790295344692927304,28499177383578,28499177387937,1790295344467000000,1000,1
3927,152243003490278,1790295344697595028,28499182383578,28499182385381,1790295344472000000,1000,1
3928,152243008805276,1790295344702910206,28499187383578,28499187384789,1790295344477000000,1000,1
3929,152243013844293,1790295344707948201,28499192383578,28499192384418,1790295344482000000,1000,1
3930,152243018914139,1790295344713018969,28499197383578,28499197387085,1790295344487000000,1000,1
3931,152243023818220,1790295344717923080,28499202383578,28499202385678,1790295344492000000,1000,1
3932,152243029148236,1790295344723252986,28499207383578,28499207385270,1790295344497000000,1000,1
3933,152243033498639,1790295344727603759,28499212383578,28499212384122,1790295344502000000,1000,1
3934,152243038953414,1790295344733058614,28499217383578,28499217386381,1790295344507000000,1000,1
3935,152243044056933,1790295344738161923,28499222383578,28499222386159,1790295344512000000,1000,1
3936,152243048511491,1790295344742616711,28499227383578,28499227385603,1790295344517000000,1000,1
3937,152243053585494,1790295344747690334,28499232383578,28499232385603,1790295344522000000,1000,1
3938,152243059161629,1790295344753266489,28499237383578,28499237384752,1790295344527000000,1000,1
3939,152243063828108,1790295344757933068,28499242383578,28499242386270,1790295344532000000,1000,1
3940,152243068988405,1790295344763093355,28499247383578,28499247386937,1790295344537000000,1000,1
3941,152243073907154,1790295344768012034,28499252383578,28499252385048,1790295344542000000,1000,1
3942,152243081600160,1790295344775705110,28499257383578,28499257387455,1790295344547000000,1000,1
3943,152243083846324,1790295344777951274,28499262383578,28499262384937,1790295344552000000,1000,1
3944,152243088882816,1790295344782987867,28499267383578,28499267384826,1790295344557000000,1000,1
3945,152243094276736,1790295344788381606,28499272383578,28499272386752,1790295344562000000,1000,1
3946,152243098902771,1790295344793006679,28499277383578,28499277386789,1790295344567000000,1000,1
3947,152243103307595,1790295344797411513,28499282383578,28499282384826,1790295344572000000,1000,1
3948,152243108902152,1790295344803007092,28499287383578,28499287385826,1790295344577000000,1000,1
3949,152243113484885,1790295344807588783,28499292383578,28499292385233,1790295344582000000,1000,1
3950,152243118961661,1790295344813066611,28499297383578,28499297385789,1790295344587000000,1000,1
3951,152243123934533,1790295344818039403,28499302383578,28499302386678,1790295344592000000,1000,1
3952,152243128570276,1790295344822675206,28499307383578,28499307385789,1790295344597000000,1000,1
3953,152243133618470,1790295344827723330,28499312383578,28499312385344,1790295344602000000,1000,1
3954,152243139078454,1790295344833182773,28499317383578,28499317386455,1790295344607000000,1000,1
3955,152243143985158,1790295344838090048,28499322383578,28499322385233,1790295344612000000,1000,1
3956,152243148797095,1790295344842901935,28499327383578,28499327384566,1790295344617000000,1000,1
3957,152243153708721,1790295344847812639,28499332383578,28499332386492,1790295344622000000,1000,1
3958,152243158612061,1790295344852717001,28499337383578,28499337385307,1790295344627000000,1000,1
3959,152243163536681,1790295344857641471,28499342383578,28499342385159,1790295344632000000,1000,1
3960,152243168355070,1790295344862458217,28499347383578,28499347384603,1790295344637000000,1000,1
3961,152243173808912,1790295344867912079,28499352383578,28499352385752,1790295344642000000,1000,1
3962,152243180082568,1790295344874185734,28499357383578,28499357385492,1790295344647000000,1000,1
3963,152243183340861,1790295344877444028,28499362383578,28499362385159,1790295344652000000,1000,1
3964,152243188369869,1790295344882473036,28499367383578,28499367385122,1790295344657000000,1000,1
3965,152243193436698,1790295344887539885,28499372383578,28499372384752,1790295344662000000,1000,1
3966,152243198505721,1790295344892608787,28499377383578,28499377387455,1790295344667000000,1000,1
3967,152243204659951,1790295344898764821,28499382383578,28499382386900,1790295344672000000,1000,1
3968,152243208765409,1790295344902870560,28499387383578,28499387384677,1790295344677000000,1000,1
3969,152243213520287,1790295344907624546,28499392383578,28499392384974,1790295344682000000,1000,1
3970,152243219199807,1790295344913304647,28499397383578,28499397385752,1790295344687000000,1000,1
3971,152243223876858,1790295344917981728,28499402383578,28499402387011,1790295344692000000,1000,1
3972,152243228629843,1790295344922734653,28499407383578,28499407385826,1790295344697000000,1000,1
3973,152243233680791,1790295344927785681,28499412383578,28499412385048,1790295344702000000,1000,1
3974,152243239248089,1790295344933353139,28499417383578,28499417384492,1790295344707000000,1000,1
3975,152243243924809,1790295344938029699,28499422383578,28499422387455,1790295344712000000,1000,1
3976,152243248944850,1790295344943050081,28499427383578,28499427387603,1790295344717000000,1000,1
3977,152243253973917,1790295344948079107,28499432383578,28499432385307,1790295344722000000,1000,1
3978,152243258610982,1790295344952715842,28499437383578,28499437384974,1790295344727000000,1000,1
3979,152243263914450,1790295344958019310,28499442383578,28499442385159,1790295344732000000,1000,1
3980,152243268948177,1790295344963053117,28499447383578,28499447387529,1790295344737000000,1000,1
3981,152243273680472,1790295344967785392,28499452383578,28499452385974,1790295344742000000,1000,1
3982,152243278638365,1790295344972743285,28499457383578,28499457385677,1790295344747000000,1000,1
3983,152243287764695,1790295344981868603,28499462383578,28499462384418,1790295344752000000,1000,1
3984,152243289051573,1790295344983156403,28499467383578,28499467387529,1790295344757000000,1000,1
3985,152243293664442,1790295344987768351,28499472383578,28499472384900,1790295344762000000,1000,1
3986,152243298838656,1790295344992942554,28499477383578,28499477385122,1790295344767000000,1000,1
3987,152243303554871,1790295344997659751,28499482383578,28499482384233,1790295344772000000,1000,1
3988,152243309048598,1790295345003153668,28499487383578,28499487385529,1790295344777000000,1000,1
3989,152243313966786,1790295345008071746,28499492383578,28499492384677,1790295344782000000,1000,1
3990,152243318743226,1790295345012848216,28499497383578,28499497384974,1790295344787000000,1000,1
3991,152243323459642,1790295345017564471,28499502383578,28499502384307,1790295344792000000,1000,1
3992,152243328701341,1790295345022806130,28499507383578,28499507385085,1790295344797000000,1000,1
3993,152243334076835,1790295345028181675,28499512383578,28499512386048,1790295344802000000,1000,1
3994,152243338934599,1790295345033039659,28499517383578,28499517385863,1790295344807000000,1000,1
3995,152243343746245,1790295345037851115,28499522383578,28499522384751,1790295344812000000,1000,1
3996,152243348539134,1790295345042643944,28499527383578,28499527384159,1790295344817000000,1000,1
3997,152243353946429,1790295345048051359,28499532383578,28499532387159,1790295344822000000,1000,1
3998,152243359790521,1790295345053895722,28499537383578,28499537385640,1790295344827000000,1000,1
3999,152243363778455,1790295345057883245,28499542383578,28499542385863,1790295344832000000,1000,1
