sequence,intended_ns,send_call_ns,send_done_ns,sender_wall_ns,status
0,29633199138780,29633199145261,29633206833224,1790296478489000000,sent
1,29633204138780,29633207060409,29633212562372,1790296478496000000,sent
2,29633209138780,29633212592261,29633218669076,1790296478502000000,sent
3,29633214138780,29633218697039,29633224101631,1790296478508000000,sent
4,29633219138780,29633224153150,29633231263631,1790296478514000000,sent
5,29633224138780,29633231294853,29633237816928,1790296478521000000,sent
6,29633229138780,29633237847039,29633249377298,1790296478527000000,sent
7,29633234138780,29633249407261,29633254779705,1790296478539000000,sent
8,29633239138780,29633254807335,29633260906520,1790296478544000000,sent
9,29633244138780,29633260934483,29633266246853,1790296478550000000,sent
10,29633249138780,29633266278150,29633271933965,1790296478556000000,sent
11,29633254138780,29633271963816,29633277260779,1790296478561000000,sent
12,29633259138780,29633277289742,29633282607742,1790296478567000000,sent
13,29633264138780,29633282648409,29633288565557,1790296478572000000,sent
14,29633269138780,29633288594631,29633294521409,1790296478578000000,sent
15,29633274138780,29633294552113,29633300239483,1790296478584000000,sent
16,29633279138780,29633300268372,29633306138594,1790296478590000000,sent
17,29633284138780,29633306167965,29633311917224,1790296478596000000,sent
18,29633289138780,29633311946335,29633317493890,1790296478601000000,sent
19,29633294138780,29633317520631,29633323546372,1790296478607000000,sent
20,29633299138780,29633323572853,29633329076594,1790296478613000000,sent
21,29633304138780,29633329106779,29633334427742,1790296478618000000,sent
22,29633309138780,29633334456446,29633340828446,1790296478624000000,sent
23,29633314138780,29633340858076,29633346300557,1790296478630000000,sent
24,29633319138780,29633346330002,29633352162409,1790296478636000000,sent
25,29633324138780,29633352255853,29633358774261,1790296478642000000,sent
26,29633329138780,29633358817372,29633364230705,1790296478648000000,sent
27,29633334138780,29633364268446,29633370612150,1790296478654000000,sent
28,29633339138780,29633370642520,29633376471779,1790296478660000000,sent
29,29633344138780,29633376500742,29633382181002,1790296478666000000,sent
30,29633349138780,29633382209557,29633389132002,1790296478672000000,sent
31,29633354138780,29633389161779,29633394593779,1790296478679000000,sent
32,29633359138780,29633394626853,29633399897631,1790296478684000000,sent
33,29633364138780,29633399925261,29633407241705,1790296478689000000,sent
34,29633369138780,29633407270890,29633412589409,1790296478697000000,sent
35,29633374138780,29633412616631,29633418131742,1790296478702000000,sent
36,29633379138780,29633418160335,29633423642372,1790296478708000000,sent
37,29633384138780,29633423672668,29633429372668,1790296478713000000,sent
38,29633389138780,29633429401187,29633434636187,1790296478719000000,sent
39,29633394138780,29633434665409,29633441612557,1790296478724000000,sent
40,29633399138780,29633441637446,29633446934742,1790296478731000000,sent
41,29633404138780,29633446977816,29633452725113,1790296478736000000,sent
42,29633409138780,29633452754187,29633460096409,1790296478742000000,sent
43,29633414138780,29633460124594,29633465485964,1790296478750000000,sent
44,29633419138780,29633465507705,29633471951520,1790296478755000000,sent
45,29633424138780,29633471974372,29633477484964,1790296478761000000,sent
46,29633429138780,29633477513298,29633483225150,1790296478767000000,sent
47,29633434138780,29633483252224,29633488639557,1790296478773000000,sent
48,29633439138780,29633488668039,29633494554298,1790296478778000000,sent
49,29633444138780,29633494582446,29633500136631,1790296478784000000,sent
50,29633449138780,29633500165298,29633505569890,1790296478790000000,sent
51,29633454138780,29633505597483,29633511306816,1790296478795000000,sent
52,29633459138780,29633511334483,29633517124483,1790296478801000000,sent
53,29633464138780,29633517151409,29633522512816,1790296478807000000,sent
54,29633469138780,29633522542705,29633528405001,1790296478812000000,sent
55,29633474138780,29633528432705,29633534006409,1790296478818000000,sent
56,29633479138780,29633534031113,29633541691890,1790296478823000000,sent
57,29633484138780,29633541715335,29633547446816,1790296478831000000,sent
58,29633489138780,29633547471187,29633555107187,1790296478837000000,sent
59,29633494138780,29633555224335,29633561041816,1790296478845000000,sent
60,29633499138780,29633561069001,29633566570261,1790296478850000000,sent
61,29633504138780,29633566594705,29633573196964,1790296478856000000,sent
62,29633509138780,29633573223705,29633578562631,1790296478863000000,sent
63,29633514138780,29633578586187,29633584617668,1790296478868000000,sent
64,29633519138780,29633584642816,29633591289446,1790296478874000000,sent
65,29633524138780,29633591313261,29633596724298,1790296478881000000,sent
66,29633529138780,29633596749001,29633602408483,1790296478886000000,sent
67,29633534138780,29633602435001,29633608910705,1790296478892000000,sent
68,29633539138780,29633608935557,29633614487853,1790296478898000000,sent
69,29633544138780,29633614512964,29633622849483,1790296478904000000,sent
70,29633549138780,29633622875668,29633629011631,1790296478912000000,sent
71,29633554138780,29633629036520,29633634385001,1790296478918000000,sent
72,29633559138780,29633634410446,29633643643853,1790296478924000000,sent
73,29633564138780,29633643668038,29633649191631,1790296478933000000,sent
74,29633569138780,29633649215964,29633656267964,1790296478939000000,sent
75,29633574138780,29633656293261,29633663090705,1790296478946000000,sent
76,29633579138780,29633663118779,29633668582298,1790296478952000000,sent
77,29633584138780,29633668609520,29633675586779,1790296478958000000,sent
78,29633589138780,29633675611483,29633682264298,1790296478965000000,sent
79,29633594138780,29633682292964,29633688469224,1790296478972000000,sent
80,29633599138780,29633688520927,29633693790075,1790296478978000000,sent
81,29633604138780,29633693813890,29633699931779,1790296478983000000,sent
82,29633609138780,29633699957779,29633705466520,1790296478989000000,sent
83,29633614138780,29633705491149,29633711615075,1790296478995000000,sent
84,29633619138780,29633711639779,29633717120038,1790296479001000000,sent
85,29633624138780,29633717144742,29633724394742,1790296479007000000,sent
86,29633629138780,29633724419261,29633730582409,1790296479014000000,sent
87,29633634138780,29633730607927,29633737520964,1790296479020000000,sent
88,29633639138780,29633737546298,29633743528816,1790296479027000000,sent
89,29633644138780,29633743554816,29633748949446,1790296479033000000,sent
90,29633649138780,29633748983001,29633756710261,1790296479038000000,sent
91,29633654138780,29633756740149,29633763634594,1790296479046000000,sent
92,29633659138780,29633763661409,29633769095631,1790296479053000000,sent
93,29633664138780,29633769123557,29633775654446,1790296479059000000,sent
94,29633669138780,29633775678668,29633781789224,1790296479065000000,sent
95,29633674138780,29633781968853,29633788445409,1790296479071000000,sent
96,29633679138780,29633788472372,29633793803927,1790296479078000000,sent
97,29633684138780,29633793826927,29633799538483,1790296479083000000,sent
98,29633689138780,29633799561557,29633805197186,1790296479089000000,sent
99,29633694138780,29633805221335,29633810611742,1790296479095000000,sent
100,29633699138780,29633810634890,29633816222224,1790296479100000000,sent
101,29633704138780,29633816246001,29633822165890,1790296479106000000,sent
102,29633709138780,29633822187668,29633827694446,1790296479112000000,sent
103,29633714138780,29633827717038,29633833511668,1790296479117000000,sent
104,29633719138780,29633833535075,29633838753149,1790296479123000000,sent
105,29633724138780,29633838777038,29633844299446,1790296479128000000,sent
106,29633729138780,29633844324001,29633849570038,1790296479134000000,sent
107,29633734138780,29633849593446,29633855166186,1790296479139000000,sent
108,29633739138780,29633855189779,29633860708038,1790296479145000000,sent
109,29633744138780,29633860731223,29633866269149,1790296479150000000,sent
110,29633749138780,29633866291594,29633871565075,1790296479156000000,sent
111,29633754138780,29633871588742,29633877248631,1790296479161000000,sent
112,29633759138780,29633877272927,29633882760594,1790296479167000000,sent
113,29633764138780,29633882784631,29633888231594,1790296479172000000,sent
114,29633769138780,29633888255149,29633893770409,1790296479178000000,sent
115,29633774138780,29633893795446,29633899041557,1790296479183000000,sent
116,29633779138780,29633899064186,29633904809372,1790296479188000000,sent
117,29633784138780,29633904832446,29633910179483,1790296479194000000,sent
118,29633789138780,29633910202927,29633915849927,1790296479200000000,sent
119,29633794138780,29633915904631,29633921202186,1790296479205000000,sent
120,29633799138780,29633921226483,29633926776594,1790296479211000000,sent
121,29633804138780,29633926801186,29633932433668,1790296479216000000,sent
122,29633809138780,29633932461335,29633937700112,1790296479222000000,sent
123,29633814138780,29633937723409,29633943255186,1790296479227000000,sent
124,29633819138780,29633943280631,29633948831890,1790296479233000000,sent
125,29633824138780,29633948854446,29633954139594,1790296479238000000,sent
126,29633829138780,29633954173631,29633959871520,1790296479244000000,sent
127,29633834138780,29633959895520,29633965352705,1790296479249000000,sent
128,29633839138780,29633965378816,29633970718483,1790296479255000000,sent
129,29633844138780,29633970742446,29633976352668,1790296479260000000,sent
130,29633849138780,29633976376742,29633981635890,1790296479266000000,sent
131,29633854138780,29633981659853,29633987177223,1790296479271000000,sent
132,29633859138780,29633987202705,29633992696853,1790296479277000000,sent
133,29633864138780,29633992726557,29633998284112,1790296479282000000,sent
134,29633869138780,29633998307964,29634003850260,1790296479288000000,sent
135,29633874138780,29634003874112,29634009138260,1790296479293000000,sent
136,29633879138780,29634009161779,29634014678149,1790296479299000000,sent
137,29633884138780,29634014702001,29634019909038,1790296479304000000,sent
138,29633889138780,29634019932668,29634025750112,1790296479309000000,sent
139,29633894138780,29634025773297,29634031007075,1790296479315000000,sent
140,29633899138780,29634031030409,29634036643853,1790296479320000000,sent
141,29633904138780,29634036668001,29634042165409,1790296479326000000,sent
142,29633909138780,29634042189520,29634047615631,1790296479332000000,sent
143,29633914138780,29634047640260,29634053243075,1790296479337000000,sent
144,29633919138780,29634053266964,29634058545372,1790296479343000000,sent
145,29633924138780,29634058568742,29634064125112,1790296479348000000,sent
146,29633929138780,29634064149927,29634069437668,1790296479354000000,sent
147,29633934138780,29634069461742,29634075160334,1790296479359000000,sent
148,29633939138780,29634075183557,29634080443964,1790296479365000000,sent
149,29633944138780,29634080467520,29634086017520,1790296479370000000,sent
150,29633949138780,29634086041779,29634091582334,1790296479375000000,sent
151,29633954138780,29634091606779,29634096876409,1790296479381000000,sent
152,29633959138780,29634096899927,29634102419742,1790296479386000000,sent
153,29633964138780,29634102443779,29634107928927,1790296479392000000,sent
154,29633969138780,29634107952223,29634113223223,1790296479397000000,sent
155,29633974138780,29634113249038,29634118961075,1790296479403000000,sent
156,29633979138780,29634118985112,29634124461483,1790296479408000000,sent
157,29633984138780,29634124485816,29634129858001,1790296479414000000,sent
158,29633989138780,29634129881594,29634135452371,1790296479419000000,sent
159,29633994138780,29634135477260,29634140766001,1790296479425000000,sent
160,29633999138780,29634140790001,29634146295371,1790296479430000000,sent
161,29634004138780,29634146319853,29634151751260,1790296479436000000,sent
162,29634009138780,29634151868297,29634157434742,1790296479441000000,sent
163,29634014138780,29634157461594,29634162717186,1790296479447000000,sent
164,29634019138780,29634162740594,29634168577705,1790296479452000000,sent
165,29634024138780,29634168603038,29634174088742,1790296479458000000,sent
166,29634029138780,29634174112594,29634179414408,1790296479463000000,sent
167,29634034138780,29634179440816,29634185298853,1790296479469000000,sent
168,29634039138780,29634185323371,29634190600001,1790296479475000000,sent
169,29634044138780,29634190624557,29634196184038,1790296479480000000,sent
170,29634049138780,29634196208260,29634201890408,1790296479486000000,sent
171,29634054138780,29634201914557,29634207246779,1790296479491000000,sent
172,29634059138780,29634207271223,29634212525631,1790296479497000000,sent
173,29634064138780,29634212547927,29634218298223,1790296479502000000,sent
174,29634069138780,29634218321038,29634223537075,1790296479508000000,sent
175,29634074138780,29634223561445,29634229162483,1790296479513000000,sent
176,29634079138780,29634229186483,29634234914816,1790296479519000000,sent
177,29634084138780,29634234938816,29634240303371,1790296479524000000,sent
178,29634089138780,29634240328408,29634245860223,1790296479530000000,sent
179,29634094138780,29634245884408,29634251502260,1790296479535000000,sent
180,29634099138780,29634251525964,29634256829223,1790296479541000000,sent
181,29634104138780,29634256853927,29634262748186,1790296479546000000,sent
182,29634109138780,29634262771260,29634268408408,1790296479552000000,sent
183,29634114138780,29634268432520,29634273935631,1790296479558000000,sent
184,29634119138780,29634273959964,29634279773075,1790296479563000000,sent
185,29634124138780,29634279797890,29634285340371,1790296479569000000,sent
186,29634129138780,29634285364371,29634290776260,1790296479575000000,sent
187,29634134138780,29634290800186,29634296425631,1790296479580000000,sent
188,29634139138780,29634296451668,29634301718557,1790296479586000000,sent
189,29634144138780,29634301742334,29634307264927,1790296479591000000,sent
190,29634149138780,29634307289371,29634312864186,1790296479597000000,sent
191,29634154138780,29634312888631,29634318464297,1790296479602000000,sent
192,29634159138780,29634318487371,29634324059557,1790296479608000000,sent
193,29634164138780,29634324086520,29634329354334,1790296479613000000,sent
194,29634169138780,29634329378149,29634334976260,1790296479619000000,sent
195,29634174138780,29634335001853,29634340290482,1790296479624000000,sent
196,29634179138780,29634340314964,29634346135445,1790296479630000000,sent
197,29634184138780,29634346159001,29634351408705,1790296479636000000,sent
198,29634189138780,29634351452371,29634357073075,1790296479641000000,sent
199,29634194138780,29634357096890,29634362731482,1790296479646000000,sent
200,29634199138780,29634371230631,29634377140631,1790296479661000000,sent
201,29634204138780,29634377166001,29634382525260,1790296479667000000,sent
202,29634209138780,29634382549038,29634388119334,1790296479672000000,sent
203,29634214138780,29634388144853,29634393919816,1790296479678000000,sent
204,29634219138780,29634393943186,29634399187260,1790296479683000000,sent
205,29634224138780,29634399209631,29634404800482,1790296479689000000,sent
206,29634229138780,29634404825223,29634410371779,1790296479694000000,sent
207,29634234138780,29634410394556,29634415637853,1790296479700000000,sent
208,29634239138780,29634415662927,29634421243482,1790296479705000000,sent
209,29634244138780,29634421266705,29634426796631,1790296479711000000,sent
210,29634249138780,29634426822705,29634432121556,1790296479716000000,sent
211,29634254138780,29634432146112,29634437839001,1790296479722000000,sent
212,29634259138780,29634437867297,29634443302964,1790296479727000000,sent
213,29634264138780,29634443326149,29634448709038,1790296479733000000,sent
214,29634269138780,29634448733297,29634454320112,1790296479738000000,sent
215,29634274138780,29634454342779,29634459587742,1790296479744000000,sent
216,29634279138780,29634459610482,29634465192112,1790296479749000000,sent
217,29634284138780,29634465215075,29634470561075,1790296479755000000,sent
218,29634289138780,29634470612556,29634476314927,1790296479760000000,sent
219,29634294138780,29634476338890,29634481593890,1790296479766000000,sent
220,29634299138780,29634481616075,29634487136334,1790296479771000000,sent
221,29634304138780,29634487161112,29634492761519,1790296479777000000,sent
222,29634309138780,29634492784890,29634498078334,1790296479782000000,sent
223,29634314138780,29634498102482,29634503609149,1790296479787000000,sent
224,29634319138780,29634503632853,29634509198705,1790296479793000000,sent
225,29634324138780,29634509222742,29634514494445,1790296479799000000,sent
226,29634329138780,29634514518149,29634520324556,1790296479804000000,sent
227,29634334138780,29634520349556,29634525706853,1790296479810000000,sent
228,29634339138780,29634525729779,29634531142742,1790296479815000000,sent
229,29634344138780,29634531167112,29634536752630,1790296479821000000,sent
230,29634349138780,29634536775297,29634542277371,1790296479826000000,sent
231,29634354138780,29634542302223,29634547837668,1790296479832000000,sent
232,29634359138780,29634547862297,29634553726075,1790296479837000000,sent
233,29634364138780,29634553749038,29634559039964,1790296479843000000,sent
234,29634369138780,29634559064556,29634564731482,1790296479848000000,sent
235,29634374138780,29634564755668,29634570351890,1790296479854000000,sent
236,29634379138780,29634570376038,29634575638927,1790296479860000000,sent
237,29634384138780,29634575662260,29634581280667,1790296479865000000,sent
238,29634389138780,29634581304260,29634586950705,1790296479871000000,sent
239,29634394138780,29634586974445,29634592277334,1790296479876000000,sent
240,29634399138780,29634592301001,29634597936890,1790296479882000000,sent
241,29634404138780,29634598039260,29634603474853,1790296479887000000,sent
242,29634409138780,29634603498816,29634608878742,1790296479893000000,sent
243,29634414138780,29634608901038,29634614414260,1790296479898000000,sent
244,29634419138780,29634614438186,29634619736519,1790296479904000000,sent
245,29634424138780,29634619760297,29634625310038,1790296479909000000,sent
246,29634429138780,29634625333482,29634630745779,1790296479915000000,sent
247,29634434138780,29634630769519,29634636427742,1790296479920000000,sent
248,29634439138780,29634636451816,29634641681593,1790296479926000000,sent
249,29634444138780,29634641704223,29634647229519,1790296479931000000,sent
250,29634449138780,29634647253927,29634652863445,1790296479937000000,sent
251,29634454138780,29634652888149,29634658124630,1790296479942000000,sent
252,29634459138780,29634658147779,29634663751964,1790296479948000000,sent
253,29634464138780,29634663775519,29634669329112,1790296479953000000,sent
254,29634469138780,29634669352853,29634674795260,1790296479959000000,sent
255,29634474138780,29634674822038,29634680728149,1790296479964000000,sent
256,29634479138780,29634680753223,29634686978408,1790296479970000000,sent
257,29634484138780,29634687004112,29634692441964,1790296479976000000,sent
258,29634489138780,29634692465704,29634698645704,1790296479982000000,sent
259,29634494138780,29634698670593,29634704221075,1790296479988000000,sent
260,29634499138780,29634704246186,29634710659704,1790296479994000000,sent
261,29634504138780,29634710684556,29634716273149,1790296480000000000,sent
262,29634509138780,29634716296223,29634722152890,1790296480006000000,sent
263,29634514138780,29634722176223,29634727692334,1790296480012000000,sent
264,29634519138780,29634727715816,29634734007186,1790296480017000000,sent
265,29634524138780,29634734031890,29634739237112,1790296480023000000,sent
266,29634529138780,29634739260704,29634745660001,1790296480029000000,sent
267,29634534138780,29634745683853,29634750977853,1790296480035000000,sent
268,29634539138780,29634751001334,29634757360408,1790296480040000000,sent
269,29634544138780,29634757385445,29634762964519,1790296480047000000,sent
270,29634549138780,29634762988704,29634768460519,1790296480052000000,sent
271,29634554138780,29634768485593,29634774386519,1790296480058000000,sent
272,29634559138780,29634774410445,29634781439482,1790296480064000000,sent
273,29634564138780,29634781464482,29634788086741,1790296480071000000,sent
274,29634569138780,29634788113704,29634793864334,1790296480077000000,sent
275,29634574138780,29634793888704,29634799140964,1790296480083000000,sent
276,29634579138780,29634799164816,29634805574964,1790296480089000000,sent
277,29634584138780,29634805601001,29634811499260,1790296480095000000,sent
278,29634589138780,29634811524927,29634816878593,1790296480101000000,sent
279,29634594138780,29634816903297,29634822911704,1790296480106000000,sent
280,29634599138780,29634822937001,29634828123890,1790296480112000000,sent
281,29634604138780,29634828148556,29634833864704,1790296480118000000,sent
282,29634609138780,29634833889593,29634839140704,1790296480123000000,sent
283,29634614138780,29634839164741,29634845171075,1790296480129000000,sent
284,29634619138780,29634845196038,29634850445556,1790296480135000000,sent
285,29634624138780,29634850469890,29634856351260,1790296480140000000,sent
286,29634629138780,29634856376038,29634861613815,1790296480146000000,sent
287,29634634138780,29634861637260,29634867633556,1790296480151000000,sent
288,29634639138780,29634867657223,29634872926112,1790296480157000000,sent
289,29634644138780,29634872948964,29634878792223,1790296480162000000,sent
290,29634649138780,29634878817075,29634884248815,1790296480168000000,sent
291,29634654138780,29634884279038,29634890321667,1790296480174000000,sent
292,29634659138780,29634890345223,29634895610667,1790296480180000000,sent
293,29634664138780,29634895634964,29634901568704,1790296480185000000,sent
294,29634669138780,29634901593704,29634906858149,1790296480191000000,sent
295,29634674138780,29634906882075,29634912931778,1790296480196000000,sent
296,29634679138780,29634912956371,29634918165778,1790296480202000000,sent
297,29634684138780,29634918189815,29634924091112,1790296480208000000,sent
298,29634689138780,29634924117371,29634929331630,1790296480214000000,sent
299,29634694138780,29634929354741,29634935416297,1790296480219000000,sent
300,29634699138780,29634935443260,29634940671075,1790296480225000000,sent
301,29634704138780,29634940695445,29634946543445,1790296480230000000,sent
302,29634709138780,29634946567186,29634951807297,1790296480236000000,sent
303,29634714138780,29634951830741,29634957612149,1790296480241000000,sent
304,29634719138780,29634957636408,29634963015482,1790296480247000000,sent
305,29634724138780,29634963040334,29634968898556,1790296480252000000,sent
306,29634729138780,29634968925075,29634974209038,1790296480258000000,sent
307,29634734138780,29634974233667,29634979907852,1790296480264000000,sent
308,29634739138780,29634979930852,29634985138741,1790296480269000000,sent
309,29634744138780,29634985162075,29634990836075,1790296480275000000,sent
310,29634749138780,29634990859964,29634996089297,1790296480280000000,sent
311,29634754138780,29634996112593,29635001984815,1790296480285000000,sent
312,29634759138780,29635002009556,29635007231815,1790296480291000000,sent
313,29634764138780,29635007253149,29635013066445,1790296480297000000,sent
314,29634769138780,29635013090186,29635018322408,1790296480302000000,sent
315,29634774138780,29635018346260,29635024366334,1790296480308000000,sent
316,29634779138780,29635024390704,29635029593408,1790296480314000000,sent
317,29634784138780,29635029617112,29635035428297,1790296480319000000,sent
318,29634789138780,29635035452445,29635040681001,1790296480325000000,sent
319,29634794138780,29635040705964,29635046648964,1790296480330000000,sent
320,29634799138780,29635046671408,29635051863889,1790296480336000000,sent
321,29634804138780,29635051887260,29635057648075,1790296480341000000,sent
322,29634809138780,29635057671630,29635062844704,1790296480347000000,sent
323,29634814138780,29635062868223,29635068914741,1790296480352000000,sent
324,29634819138780,29635068940630,29635074104371,1790296480358000000,sent
325,29634824138780,29635074125149,29635079837963,1790296480364000000,sent
326,29634829138780,29635079861371,29635085034112,1790296480369000000,sent
327,29634834138780,29635085055297,29635091250593,1790296480374000000,sent
328,29634839138780,29635091290001,29635096513482,1790296480381000000,sent
329,29634844138780,29635096537741,29635102325556,1790296480386000000,sent
330,29634849138780,29635102351371,29635107715297,1790296480392000000,sent
331,29634854138780,29635107737149,29635113647963,1790296480397000000,sent
332,29634859138780,29635113673260,29635118867852,1790296480403000000,sent
333,29634864138780,29635118890371,29635124103852,1790296480408000000,sent
334,29634869138780,29635124126741,29635129870371,1790296480414000000,sent
335,29634874138780,29635129895075,29635135189926,1790296480419000000,sent
336,29634879138780,29635135243815,29635141244519,1790296480425000000,sent
337,29634884138780,29635141270038,29635146514038,1790296480431000000,sent
338,29634889138780,29635146539149,29635152345593,1790296480436000000,sent
339,29634894138780,29635152372038,29635157590630,1790296480442000000,sent
340,29634899138780,29635157615260,29635163578815,1790296480447000000,sent
341,29634904138780,29635163602704,29635168866075,1790296480453000000,sent
342,29634909138780,29635168913778,29635174668815,1790296480458000000,sent
343,29634914138780,29635174694408,29635179919260,1790296480464000000,sent
344,29634919138780,29635179941815,29635185905667,1790296480469000000,sent
345,29634924138780,29635185930223,29635191139741,1790296480475000000,sent
346,29634929138780,29635191163186,29635197012037,1790296480481000000,sent
347,29634934138780,29635197036260,29635202253037,1790296480486000000,sent
348,29634939138780,29635202277482,29635208286075,1790296480492000000,sent
349,29634944138780,29635208311963,29635213513371,1790296480498000000,sent
350,29634949138780,29635213537112,29635219373556,1790296480503000000,sent
351,29634954138780,29635219398075,29635224603000,1790296480509000000,sent
352,29634959138780,29635224627704,29635230639000,1790296480514000000,sent
353,29634964138780,29635230663889,29635235833593,1790296480520000000,sent
354,29634969138780,29635235856741,29635241699704,1790296480525000000,sent
355,29634974138780,29635241724186,29635246905149,1790296480531000000,sent
356,29634979138780,29635246929260,29635252939149,1790296480536000000,sent
357,29634984138780,29635252962593,29635258149963,1790296480542000000,sent
358,29634989138780,29635258173630,29635263985889,1790296480548000000,sent
359,29634994138780,29635264054519,29635269260297,1790296480553000000,sent
360,29634999138780,29635269282519,29635275240704,1790296480559000000,sent
361,29635004138780,29635275265149,29635280493556,1790296480565000000,sent
362,29635009138780,29635280517223,29635286339556,1790296480570000000,sent
363,29635014138780,29635286364000,29635291580926,1790296480576000000,sent
364,29635019138780,29635291605519,29635297628963,1790296480581000000,sent
365,29635024138780,29635297653408,29635302852593,1790296480587000000,sent
366,29635029138780,29635302876408,29635308795889,1790296480592000000,sent
367,29635034138780,29635308821112,29635314025704,1790296480598000000,sent
368,29635039138780,29635314050519,29635320107297,1790296480603000000,sent
369,29635044138780,29635320132111,29635325300926,1790296480610000000,sent
370,29635049138780,29635325324519,29635331125000,1790296480615000000,sent
371,29635054138780,29635331150223,29635336511037,1790296480621000000,sent
372,29635059138780,29635336537371,29635342544926,1790296480626000000,sent
373,29635064138780,29635342577852,29635352666852,1790296480632000000,sent
374,29635069138780,29635352690630,29635357912334,1790296480642000000,sent
375,29635074138780,29635357965667,29635363916371,1790296480647000000,sent
376,29635079138780,29635363941630,29635369154482,1790296480653000000,sent
377,29635084138780,29635369177815,29635374994371,1790296480659000000,sent
378,29635089138780,29635375018778,29635380356037,1790296480664000000,sent
379,29635094138780,29635380380408,29635386361778,1790296480670000000,sent
380,29635099138780,29635386386037,29635391567074,1790296480676000000,sent
381,29635104138780,29635391590741,29635397691186,1790296480681000000,sent
382,29635109138780,29635397716111,29635402925815,1790296480687000000,sent
383,29635114138780,29635402951297,29635408976223,1790296480692000000,sent
384,29635119138780,29635409001334,29635414201778,1790296480698000000,sent
385,29635124138780,29635414226445,29635420404963,1790296480704000000,sent
386,29635129138780,29635420429667,29635425620408,1790296480710000000,sent
387,29635134138780,29635425644778,29635431756334,1790296480715000000,sent
388,29635139138780,29635431780037,29635437005593,1790296480721000000,sent
389,29635144138780,29635437029445,29635442862260,1790296480726000000,sent
390,29635149138780,29635442888148,29635448141260,1790296480732000000,sent
391,29635154138780,29635448165037,29635454199852,1790296480738000000,sent
392,29635159138780,29635454224334,29635459446000,1790296480744000000,sent
393,29635164138780,29635459474297,29635465371593,1790296480749000000,sent
394,29635169138780,29635465397371,29635470610926,1790296480755000000,sent
395,29635174138780,29635470634852,29635476667778,1790296480760000000,sent
396,29635179138780,29635476692741,29635481881889,1790296480766000000,sent
397,29635184138780,29635481905334,29635487757371,1790296480771000000,sent
398,29635189138780,29635487781704,29635492978260,1790296480777000000,sent
399,29635194138780,29635493002408,29635498976889,1790296480782000000,sent
400,29635199138780,29635510813185,29635516313371,1790296480800000000,sent
401,29635204138780,29635516342408,29635521940889,1790296480806000000,sent
402,29635209138780,29635521970222,29635527071667,1790296480811000000,sent
403,29635214138780,29635527098519,29635532668260,1790296480816000000,sent
404,29635219138780,29635532696630,29635537807741,1790296480822000000,sent
405,29635224138780,29635537834519,29635543470889,1790296480827000000,sent
406,29635229138780,29635543499519,29635548621482,1790296480833000000,sent
407,29635234138780,29635548647037,29635554224222,1790296480838000000,sent
408,29635239138780,29635554250222,29635559520704,1790296480844000000,sent
409,29635244138780,29635559547593,29635565249889,1790296480849000000,sent
410,29635249138780,29635565276778,29635570389704,1790296480855000000,sent
411,29635254138780,29635570416297,29635576043815,1790296480860000000,sent
412,29635259138780,29635576074815,29635581180000,1790296480865000000,sent
413,29635264138780,29635581206963,29635586822815,1790296480871000000,sent
414,29635269138780,29635586849593,29635591964963,1790296480876000000,sent
415,29635274138780,29635591991778,29635597644037,1790296480881000000,sent
416,29635279138780,29635597677371,29635602815037,1790296480887000000,sent
417,29635284138780,29635602841704,29635608553259,1790296480892000000,sent
418,29635289138780,29635608586926,29635613715334,1790296480898000000,sent
419,29635294138780,29635613741185,29635619037519,1790296480903000000,sent
420,29635299138780,29635619107519,29635624523926,1790296480908000000,sent
421,29635304138780,29635624552371,29635629630334,1790296480914000000,sent
422,29635309138780,29635629656111,29635635298445,1790296480919000000,sent
423,29635314138780,29635635326408,29635640479000,1790296480925000000,sent
424,29635319138780,29635640515000,29635646113074,1790296480930000000,sent
425,29635324138780,29635646140593,29635651239037,1790296480936000000,sent
426,29635329138780,29635651266630,29635656930148,1790296480941000000,sent
427,29635334138780,29635656958778,29635662225371,1790296480946000000,sent
428,29635339138780,29635662256852,29635667806482,1790296480952000000,sent
429,29635344138780,29635667834926,29635672979000,1790296480957000000,sent
430,29635349138780,29635673006704,29635678634630,1790296480962000000,sent
431,29635354138780,29635678662148,29635683732667,1790296480968000000,sent
432,29635359138780,29635683759222,29635689434889,1790296480973000000,sent
433,29635364138780,29635689462778,29635694570371,1790296480979000000,sent
434,29635369138780,29635694603000,29635700250482,1790296480984000000,sent
435,29635374138780,29635700283408,29635705411741,1790296480990000000,sent
436,29635379138780,29635705440111,29635711296000,1790296480995000000,sent
437,29635384138780,29635711324371,29635716446222,1790296481001000000,sent
438,29635389138780,29635716472556,29635722081889,1790296481006000000,sent
439,29635394138780,29635722110704,29635727210593,1790296481011000000,sent
440,29635399138780,29635727237519,29635732855630,1790296481017000000,sent
441,29635404138780,29635732882556,29635738007371,1790296481022000000,sent
442,29635409138780,29635738032630,29635743724926,1790296481027000000,sent
443,29635414138780,29635743754259,29635748878926,1790296481033000000,sent
444,29635419138780,29635748906333,29635754323408,1790296481038000000,sent
445,29635424138780,29635754353296,29635759673259,1790296481044000000,sent
446,29635429138780,29635759700556,29635764848852,1790296481049000000,sent
447,29635434138780,29635764876630,29635770652037,1790296481054000000,sent
448,29635439138780,29635770679074,29635775778259,1790296481060000000,sent
449,29635444138780,29635775803704,29635781390074,1790296481065000000,sent
450,29635449138780,29635781418370,29635786517889,1790296481071000000,sent
451,29635454138780,29635786543593,29635792205482,1790296481076000000,sent
452,29635459138780,29635792238852,29635797332222,1790296481082000000,sent
453,29635464138780,29635797357445,29635802913482,1790296481087000000,sent
454,29635469138780,29635802947148,29635808174741,1790296481092000000,sent
455,29635474138780,29635808203185,29635813831259,1790296481098000000,sent
456,29635479138780,29635813858741,29635818937296,1790296481103000000,sent
457,29635484138780,29635818962296,29635824666037,1790296481108000000,sent
458,29635489138780,29635824692852,29635829716370,1790296481114000000,sent
459,29635494138780,29635829738296,29635835327407,1790296481119000000,sent
460,29635499138780,29635835355407,29635840529370,1790296481125000000,sent
461,29635504138780,29635840555667,29635846101963,1790296481130000000,sent
462,29635509138780,29635846129556,29635851238519,1790296481136000000,sent
463,29635514138780,29635851264482,29635856956815,1790296481141000000,sent
464,29635519138780,29635856983000,29635862081815,1790296481146000000,sent
465,29635524138780,29635862107778,29635867693852,1790296481151000000,sent
466,29635529138780,29635867722111,29635872882259,1790296481157000000,sent
467,29635534138780,29635872908778,29635878734778,1790296481162000000,sent
468,29635539138780,29635878764185,29635883858963,1790296481168000000,sent
469,29635544138780,29635883885333,29635889511037,1790296481173000000,sent
470,29635549138780,29635889540259,29635894845370,1790296481179000000,sent
471,29635554138780,29635894873407,29635899966407,1790296481184000000,sent
472,29635559138780,29635900163926,29635905669630,1790296481190000000,sent
473,29635564138780,29635905696259,29635910788630,1790296481195000000,sent
474,29635569138780,29635910838074,29635916416815,1790296481200000000,sent
475,29635574138780,29635916444482,29635921579074,1790296481206000000,sent
476,29635579138780,29635921604741,29635927218370,1790296481211000000,sent
477,29635584138780,29635927245815,29635932410556,1790296481217000000,sent
478,29635589138780,29635932437148,29635938034037,1790296481222000000,sent
479,29635594138780,29635938062074,29635943130963,1790296481227000000,sent
480,29635599138780,29635943156222,29635948817444,1790296481233000000,sent
481,29635604138780,29635948846074,29635953973407,1790296481238000000,sent
482,29635609138780,29635953999037,29635959562111,1790296481243000000,sent
483,29635614138780,29635959589593,29635964691370,1790296481249000000,sent
484,29635619138780,29635964717407,29635970363185,1790296481254000000,sent
485,29635624138780,29635970390333,29635975466630,1790296481260000000,sent
486,29635629138780,29635975492148,29635981210481,1790296481265000000,sent
487,29635634138780,29635981238852,29635986316704,1790296481271000000,sent
488,29635639138780,29635986343259,29635991979852,1790296481276000000,sent
489,29635644138780,29635992045778,29635997145852,1790296481281000000,sent
490,29635649138780,29635997171889,29636002777556,1790296481287000000,sent
491,29635654138780,29636002804630,29636007908518,1790296481292000000,sent
492,29635659138780,29636007934963,29636013674481,1790296481297000000,sent
493,29635664138780,29636013703333,29636018812556,1790296481303000000,sent
494,29635669138780,29636018838148,29636024311074,1790296481308000000,sent
495,29635674138780,29636024340370,29636029636407,1790296481314000000,sent
496,29635679138780,29636029669741,29636034768296,1790296481319000000,sent
497,29635684138780,29636034795000,29636040490370,1790296481324000000,sent
498,29635689138780,29636040519000,29636045602370,1790296481330000000,sent
499,29635694138780,29636045629037,29636051230185,1790296481335000000,sent
500,29635699138780,29636051258667,29636056453148,1790296481341000000,sent
501,29635704138780,29636056480259,29636062079741,1790296481346000000,sent
502,29635709138780,29636062107963,29636067206778,1790296481351000000,sent
503,29635714138780,29636067232185,29636072839926,1790296481357000000,sent
504,29635719138780,29636072868926,29636077904481,1790296481362000000,sent
505,29635724138780,29636077928259,29636083503296,1790296481367000000,sent
506,29635729138780,29636083529333,29636088792593,1790296481373000000,sent
507,29635734138780,29636088817630,29636094346963,1790296481378000000,sent
508,29635739138780,29636094373889,29636099396963,1790296481384000000,sent
509,29635744138780,29636099419889,29636105034444,1790296481389000000,sent
510,29635749138780,29636105061111,29636110098518,1790296481394000000,sent
511,29635754138780,29636110123111,29636115708926,1790296481399000000,sent
512,29635759138780,29636115736815,29636120880074,1790296481405000000,sent
513,29635764138780,29636120905778,29636126538889,1790296481410000000,sent
514,29635769138780,29636126568518,29636131704333,1790296481416000000,sent
515,29635774138780,29636131730037,29636137384963,1790296481421000000,sent
516,29635779138780,29636137415592,29636142539592,1790296481427000000,sent
517,29635784138780,29636142565852,29636147969000,1790296481432000000,sent
518,29635789138780,29636147999852,29636153506963,1790296481437000000,sent
519,29635794138780,29636153534630,29636158676889,1790296481443000000,sent
520,29635799138780,29636158705592,29636164306741,1790296481448000000,sent
521,29635804138780,29636164334741,29636169440630,1790296481454000000,sent
522,29635809138780,29636169468555,29636175074592,1790296481459000000,sent
523,29635814138780,29636175101667,29636180247185,1790296481464000000,sent
524,29635819138780,29636180274852,29636185850370,1790296481470000000,sent
525,29635824138780,29636185877889,29636191131074,1790296481475000000,sent
526,29635829138780,29636191157963,29636196884629,1790296481481000000,sent
527,29635834138780,29636196911555,29636201999889,1790296481486000000,sent
528,29635839138780,29636202026148,29636207598037,1790296481491000000,sent
529,29635844138780,29636207626592,29636212732296,1790296481497000000,sent
530,29635849138780,29636212758370,29636218400296,1790296481502000000,sent
531,29635854138780,29636218427148,29636223528222,1790296481508000000,sent
532,29635859138780,29636223554000,29636229133555,1790296481513000000,sent
533,29635864138780,29636229161037,29636234266481,1790296481519000000,sent
534,29635869138780,29636234294111,29636239944111,1790296481524000000,sent
535,29635874138780,29636239972444,29636245066889,1790296481529000000,sent
536,29635879138780,29636245093555,29636250655407,1790296481534000000,sent
537,29635884138780,29636250683889,29636255764074,1790296481540000000,sent
538,29635889138780,29636255789741,29636261418333,1790296481545000000,sent
539,29635894138780,29636261446185,29636266548778,1790296481551000000,sent
540,29635899138780,29636266574852,29636272026815,1790296481556000000,sent
541,29635904138780,29636272057481,29636277348963,1790296481561000000,sent
542,29635909138780,29636277376000,29636282483815,1790296481567000000,sent
543,29635914138780,29636282754666,29636288292852,1790296481572000000,sent
544,29635919138780,29636288319518,29636293598592,1790296481578000000,sent
545,29635924138780,29636293625852,29636299213148,1790296481583000000,sent
546,29635929138780,29636299240815,29636304372037,1790296481589000000,sent
547,29635934138780,29636304398444,29636310038629,1790296481594000000,sent
548,29635939138780,29636310066963,29636315122555,1790296481599000000,sent
549,29635944138780,29636315147148,29636320856296,1790296481605000000,sent
550,29635949138780,29636320884000,29636325982518,1790296481610000000,sent
551,29635954138780,29636326010333,29636331638444,1790296481615000000,sent
552,29635959138780,29636331666111,29636336856185,1790296481621000000,sent
553,29635964138780,29636336884555,29636342477481,1790296481626000000,sent
554,29635969138780,29636342505629,29636347584370,1790296481632000000,sent
555,29635974138780,29636347610407,29636353277703,1790296481637000000,sent
556,29635979138780,29636353305629,29636358438555,1790296481643000000,sent
557,29635984138780,29636358466222,29636364121778,1790296481648000000,sent
558,29635989138780,29636364150407,29636369245518,1790296481654000000,sent
559,29635994138780,29636369277037,29636374916444,1790296481659000000,sent
560,29635999138780,29636374946037,29636380111889,1790296481664000000,sent
561,29636004138780,29636380138111,29636385707148,1790296481670000000,sent
562,29636009138780,29636385735592,29636390891592,1790296481675000000,sent
563,29636014138780,29636390918296,29636396693703,1790296481680000000,sent
564,29636019138780,29636396721185,29636401804666,1790296481686000000,sent
565,29636024138780,29636401832703,29636407449407,1790296481691000000,sent
566,29636029138780,29636407478333,29636412607555,1790296481697000000,sent
567,29636034138780,29636412633407,29636418006444,1790296481702000000,sent
568,29636039138780,29636418036555,29636423470815,1790296481707000000,sent
569,29636044138780,29636423499222,29636428609333,1790296481713000000,sent
570,29636049138780,29636428636629,29636434210852,1790296481718000000,sent
571,29636054138780,29636434239740,29636439362963,1790296481724000000,sent
572,29636059138780,29636439390222,29636445054555,1790296481729000000,sent
573,29636064138780,29636445083518,29636450188481,1790296481734000000,sent
574,29636069138780,29636450220555,29636455826963,1790296481740000000,sent
575,29636074138780,29636455854740,29636460971222,1790296481745000000,sent
576,29636079138780,29636460997000,29636466615852,1790296481750000000,sent
577,29636084138780,29636466641889,29636471942000,1790296481756000000,sent
578,29636089138780,29636471968889,29636477545407,1790296481761000000,sent
579,29636094138780,29636477576629,29636482674148,1790296481767000000,sent
580,29636099138780,29636482700740,29636488365926,1790296481772000000,sent
581,29636104138780,29636488393111,29636493457296,1790296481778000000,sent
582,29636109138780,29636493483444,29636499072703,1790296481783000000,sent
583,29636114138780,29636499099889,29636504409703,1790296481788000000,sent
584,29636119138780,29636504434777,29636510060889,1790296481794000000,sent
585,29636124138780,29636510088000,29636515182629,1790296481799000000,sent
586,29636129138780,29636515208740,29636520795370,1790296481805000000,sent
587,29636134138780,29636520823407,29636526096592,1790296481810000000,sent
588,29636139138780,29636526125111,29636531755666,1790296481816000000,sent
589,29636144138780,29636531782814,29636536907074,1790296481821000000,sent
590,29636149138780,29636536934481,29636542578963,1790296481826000000,sent
591,29636154138780,29636542612037,29636547707481,1790296481832000000,sent
592,29636159138780,29636547759814,29636553423666,1790296481837000000,sent
593,29636164138780,29636553457074,29636558625296,1790296481843000000,sent
594,29636169138780,29636558652407,29636563749074,1790296481848000000,sent
595,29636174138780,29636563774889,29636569367555,1790296481853000000,sent
596,29636179138780,29636569396518,29636574604555,1790296481859000000,sent
597,29636184138780,29636574631592,29636580274851,1790296481864000000,sent
598,29636189138780,29636580302481,29636585413518,1790296481870000000,sent
599,29636194138780,29636585442814,29636591033889,1790296481875000000,sent
600,29636199138780,29636605053185,29636610648333,1790296481894000000,sent
601,29636204138780,29636610676703,29636615737407,1790296481900000000,sent
602,29636209138780,29636615764222,29636621400889,1790296481905000000,sent
603,29636214138780,29636621428185,29636626545222,1790296481911000000,sent
604,29636219138780,29636626572555,29636631945370,1790296481916000000,sent
605,29636224138780,29636631974555,29636637332185,1790296481921000000,sent
606,29636229138780,29636637359333,29636642427555,1790296481927000000,sent
607,29636234138780,29636642452333,29636648148222,1790296481932000000,sent
608,29636239138780,29636648177296,29636653253555,1790296481938000000,sent
609,29636244138780,29636653279111,29636658876963,1790296481943000000,sent
610,29636249138780,29636658907555,29636663990296,1790296481948000000,sent
611,29636254138780,29636664058851,29636670596481,1790296481953000000,sent
612,29636259138780,29636670643037,29636675752074,1790296481960000000,sent
613,29636264138780,29636675779259,29636681401592,1790296481965000000,sent
614,29636269138780,29636681431111,29636685596185,1790296481971000000,sent
615,29636274138780,29636685622222,29636690028185,1790296481975000000,sent
616,29636279138780,29636690055963,29636693849629,1790296481979000000,sent
617,29636284138780,29636693876074,29636697692740,1790296481983000000,sent
618,29636289138780,29636697718296,29636702172370,1790296481987000000,sent
619,29636294138780,29636702220481,29636706065037,1790296481992000000,sent
620,29636299138780,29636706093296,29636710532444,1790296481995000000,sent
621,29636304138780,29636710562888,29636714591259,1790296482000000000,sent
622,29636309138780,29636714621814,29636718348851,1790296482004000000,sent
623,29636314138780,29636718381037,29636722601777,1790296482008000000,sent
624,29636319138780,29636722634481,29636726324000,1790296482012000000,sent
625,29636324138780,29636726352740,29636730177666,1790296482016000000,sent
626,29636329138780,29636730209888,29636734448814,1790296482020000000,sent
627,29636334138780,29636734481037,29636738206481,1790296482024000000,sent
628,29636339138780,29636738236629,29636742001629,1790296482028000000,sent
629,29636344138780,29636742031518,29636746223037,1790296482031000000,sent
630,29636349138780,29636746258888,29636749986148,1790296482036000000,sent
631,29636354138780,29636750018555,29636753703555,1790296482039000000,sent
632,29636359138780,29636753731407,29636757937000,1790296482043000000,sent
633,29636364138780,29636757968740,29636761678222,1790296482047000000,sent
634,29636369138780,29636761708111,29636765417481,1790296482051000000,sent
635,29636374138780,29636765446148,29636769648518,1790296482055000000,sent
636,29636379138780,29636769678925,29636773419777,1790296482059000000,sent
637,29636384138780,29636773452814,29636777157407,1790296482063000000,sent
638,29636389138780,29636777187296,29636781454703,1790296482067000000,sent
639,29636394138780,29636781489111,29636785198037,1790296482071000000,sent
640,29636399138780,29636785227481,29636789238592,1790296482075000000,sent
641,29636404138780,29636789280185,29636793246851,1790296482079000000,sent
642,29636409138780,29636793281074,29636797007000,1790296482083000000,sent
643,29636414138780,29636797035592,29636801203851,1790296482086000000,sent
644,29636419138780,29636801233962,29636804996481,1790296482091000000,sent
645,29636424138780,29636805028185,29636808737925,1790296482094000000,sent
646,29636429138780,29636808767888,29636813080814,1790296482098000000,sent
647,29636434138780,29636813113259,29636816808888,1790296482102000000,sent
648,29636439138780,29636816837629,29636820554814,1790296482106000000,sent
649,29636444138780,29636820584777,29636824837555,1790296482110000000,sent
650,29636449138780,29636824869111,29636828658851,1790296482114000000,sent
651,29636454138780,29636828709518,29636832419444,1790296482118000000,sent
652,29636459138780,29636832448074,29636836602925,1790296482122000000,sent
653,29636464138780,29636836634407,29636840332666,1790296482126000000,sent
654,29636469138780,29636840359296,29636844077925,1790296482130000000,sent
655,29636474138780,29636844108185,29636848356074,1790296482133000000,sent
656,29636479138780,29636848388259,29636852075962,1790296482138000000,sent
657,29636484138780,29636852105444,29636855763777,1790296482141000000,sent
658,29636489138780,29636855796777,29636860458851,1790296482145000000,sent
659,29636494138780,29636860492444,29636864189851,1790296482150000000,sent
660,29636499138780,29636864220333,29636868164296,1790296482154000000,sent
661,29636504138780,29636868201814,29636872433925,1790296482158000000,sent
662,29636509138780,29636872466518,29636876174296,1790296482162000000,sent
663,29636514138780,29636876205703,29636880397333,1790296482166000000,sent
664,29636519138780,29636880432111,29636884116629,1790296482170000000,sent
665,29636524138780,29636884146925,29636888513518,1790296482174000000,sent
666,29636529138780,29636888542925,29636889806222,1790296482178000000,sent
667,29636534138780,29636889830518,29636891548074,1790296482179000000,sent
668,29636539138780,29636891579296,29636893987592,1790296482181000000,sent
669,29636544138780,29636894019888,29636895182555,1790296482183000000,sent
670,29636549138780,29636895204740,29636899374666,1790296482185000000,sent
671,29636554138780,29636899402999,29636920228925,1790296482189000000,sent
672,29636559138780,29636920265333,29636921494407,1790296482210000000,sent
673,29636564138780,29636921520740,29636922706185,1790296482211000000,sent
674,29636569138780,29636922732703,29636924154814,1790296482212000000,sent
675,29636574138780,29636924292962,29636925743444,1790296482214000000,sent
676,29636579138780,29636925774296,29636926967185,1790296482215000000,sent
677,29636584138780,29636926994777,29636928229296,1790296482216000000,sent
678,29636589138780,29636928255222,29636929406814,1790296482218000000,sent
679,29636594138780,29636929429444,29636930616592,1790296482219000000,sent
680,29636599138780,29636930642555,29636931783777,1790296482220000000,sent
681,29636604138780,29636931808888,29636933039333,1790296482221000000,sent
682,29636609138780,29636933066111,29636934338074,1790296482222000000,sent
683,29636614138780,29636934362444,29636936181629,1790296482224000000,sent
684,29636619138780,29636936215740,29636937434629,1790296482226000000,sent
685,29636624138780,29636937461962,29636938625518,1790296482227000000,sent
686,29636629138780,29636938650592,29636939774185,1790296482228000000,sent
687,29636634138780,29636939794407,29636940940481,1790296482229000000,sent
688,29636639138780,29636940961073,29636942132740,1790296482230000000,sent
689,29636644138780,29636942154518,29636943260185,1790296482232000000,sent
690,29636649138780,29636943278407,29636944514888,1790296482233000000,sent
691,29636654138780,29636944538962,29636945643629,1790296482234000000,sent
692,29636659138780,29636945662851,29636947329518,1790296482235000000,sent
693,29636664138780,29636947359518,29636948615666,1790296482237000000,sent
694,29636669138780,29636948643185,29636949784777,1790296482238000000,sent
695,29636674138780,29636949806185,29636950960222,1790296482239000000,sent
696,29636679138780,29636950982444,29636952142592,1790296482240000000,sent
697,29636684138780,29636952164111,29636953326259,1790296482242000000,sent
698,29636689138780,29636953349333,29636954552333,1790296482243000000,sent
699,29636694138780,29636954573073,29636955693407,1790296482244000000,sent
700,29636699138780,29636955717999,29636956925111,1790296482245000000,sent
701,29636704138780,29636956947036,29636958715444,1790296482246000000,sent
702,29636709138780,29636958747962,29636959939703,1790296482248000000,sent
703,29636714138780,29636959964370,29636961307518,1790296482249000000,sent
704,29636719138780,29636961332666,29636962505740,1790296482251000000,sent
705,29636724138780,29636962532333,29636963644555,1790296482252000000,sent
706,29636729138780,29636963663888,29636964894407,1790296482253000000,sent
707,29636734138780,29636964921592,29636966048185,1790296482254000000,sent
708,29636739138780,29636966069592,29636967238851,1790296482255000000,sent
709,29636744138780,29636967262407,29636968434999,1790296482257000000,sent
710,29636749138780,29636968456888,29636970148999,1790296482258000000,sent
711,29636754138780,29636970180740,29636971363999,1790296482260000000,sent
712,29636759138780,29636971388407,29636972562333,1790296482261000000,sent
713,29636764138780,29636972585925,29636973743851,1790296482262000000,sent
714,29636769138780,29636973767555,29636974914481,1790296482263000000,sent
715,29636774138780,29636974935111,29636976143296,1790296482264000000,sent
716,29636779138780,29636976168036,29636977304592,1790296482266000000,sent
717,29636784138780,29636977324703,29636978449111,1790296482267000000,sent
718,29636789138780,29636978468814,29636979655814,1790296482268000000,sent
719,29636794138780,29636979680370,29636981414222,1790296482269000000,sent
720,29636799138780,29636981445333,29636982660185,1790296482271000000,sent
721,29636804138780,29636982687259,29636983816592,1790296482272000000,sent
722,29636809138780,29636983837888,29636985095296,1790296482273000000,sent
723,29636814138780,29636985121296,29636986243962,1790296482274000000,sent
724,29636819138780,29636986265407,29636987376444,1790296482276000000,sent
725,29636824138780,29636987396999,29636988602444,1790296482277000000,sent
726,29636829138780,29636988626036,29636989760073,1790296482278000000,sent
727,29636834138780,29636989780148,29636990930962,1790296482279000000,sent
728,29636839138780,29636990952740,29636992641111,1790296482280000000,sent
729,29636844138780,29636992672333,29636993881481,1790296482282000000,sent
730,29636849138780,29636993929629,29636995079407,1790296482283000000,sent
731,29636854138780,29636995101111,29636996261333,1790296482284000000,sent
732,29636859138780,29636996281888,29636997368629,1790296482286000000,sent
733,29636864138780,29636997387888,29636998538110,1790296482287000000,sent
734,29636869138780,29636998559110,29636999669703,1790296482288000000,sent
735,29636874138780,29636999696592,29637000877555,1790296482289000000,sent
736,29636879138780,29637000898814,29637002017259,1790296482290000000,sent
737,29636884138780,29637002038185,29637003755555,1790296482291000000,sent
738,29636889138780,29637003785703,29637005019925,1790296482293000000,sent
739,29636894138780,29637005043370,29637006170333,1790296482294000000,sent
740,29636899138780,29637006194222,29637007335148,1790296482296000000,sent
741,29636904138780,29637007357407,29637008512036,1790296482297000000,sent
742,29636909138780,29637008531925,29637009690259,1790296482298000000,sent
743,29636914138780,29637009712222,29637010827370,1790296482299000000,sent
744,29636919138780,29637010846962,29637012056110,1790296482300000000,sent
745,29636924138780,29637012081962,29637013237110,1790296482301000000,sent
746,29636929138780,29637013256777,29637014956259,1790296482303000000,sent
747,29636934138780,29637014990333,29637016230073,1790296482304000000,sent
748,29636939138780,29637016256148,29637017438814,1790296482306000000,sent
749,29636944138780,29637017464222,29637018594259,1790296482307000000,sent
750,29636949138780,29637018614073,29637019732370,1790296482308000000,sent
751,29636954138780,29637019750703,29637021129370,1790296482309000000,sent
752,29636959138780,29637021157555,29637022311185,1790296482311000000,sent
753,29636964138780,29637022331444,29637023496703,1790296482312000000,sent
754,29636969138780,29637023520259,29637024702185,1790296482313000000,sent
755,29636974138780,29637024723073,29637026467036,1790296482314000000,sent
756,29636979138780,29637026498962,29637027683740,1790296482316000000,sent
757,29636984138780,29637027706740,29637028895259,1790296482317000000,sent
758,29636989138780,29637028918296,29637030087481,1790296482318000000,sent
759,29636994138780,29637030110999,29637031230333,1790296482319000000,sent
760,29636999138780,29637031249407,29637032509740,1790296482321000000,sent
761,29637004138780,29637032534555,29637033667296,1790296482322000000,sent
762,29637009138780,29637033687444,29637034880851,1790296482323000000,sent
763,29637014138780,29637034904518,29637036101592,1790296482324000000,sent
764,29637019138780,29637036124925,29637037838888,1790296482326000000,sent
765,29637024138780,29637037870703,29637039031444,1790296482327000000,sent
766,29637029138780,29637039057555,29637040456370,1790296482328000000,sent
767,29637034138780,29637040480259,29637041628888,1790296482330000000,sent
768,29637039138780,29637041656777,29637042781407,1790296482331000000,sent
769,29637044138780,29637044144185,29637045362518,1790296482334000000,sent
770,29637049138780,29637049144073,29637050427148,1790296482339000000,sent
771,29637054138780,29637054144444,29637055423703,1790296482344000000,sent
772,29637059138780,29637059153185,29637060621999,1790296482349000000,sent
773,29637064138780,29637064142592,29637065411703,1790296482354000000,sent
774,29637069138780,29637069141962,29637070539333,1790296482359000000,sent
775,29637074138780,29637074144147,29637075429888,1790296482364000000,sent
776,29637079138780,29637079141407,29637080510592,1790296482369000000,sent
777,29637084138780,29637084144666,29637085430333,1790296482374000000,sent
778,29637089138780,29637089142999,29637090397407,1790296482379000000,sent
779,29637094138780,29637094144481,29637095408777,1790296482384000000,sent
780,29637099138780,29637099142185,29637100426147,1790296482389000000,sent
781,29637104138780,29637104144962,29637105679851,1790296482394000000,sent
782,29637109138780,29637109142962,29637110404110,1790296482399000000,sent
783,29637114138780,29637114144407,29637114682036,1790296482404000000,sent
784,29637119138780,29637119142629,29637120896296,1790296482409000000,sent
785,29637124138780,29637124144036,29637124684999,1790296482414000000,sent
786,29637129138780,29637129142370,29637129719370,1790296482419000000,sent
787,29637134138780,29637134143518,29637134712444,1790296482424000000,sent
788,29637139138780,29637139143703,29637139718851,1790296482429000000,sent
789,29637144138780,29637144144110,29637144691370,1790296482434000000,sent
790,29637149138780,29637149143962,29637150316555,1790296482439000000,sent
791,29637154138780,29637154143184,29637154678184,1790296482444000000,sent
792,29637159138780,29637159143481,29637159567592,1790296482449000000,sent
793,29637164138780,29637164142518,29637164635666,1790296482454000000,sent
794,29637169138780,29637169141407,29637169513666,1790296482459000000,sent
795,29637174138780,29637174143407,29637174640370,1790296482464000000,sent
796,29637179138780,29637179144222,29637179603777,1790296482469000000,sent
797,29637184138780,29637184143703,29637184689110,1790296482474000000,sent
798,29637189138780,29637189141666,29637189558925,1790296482479000000,sent
799,29637194138780,29637194143110,29637195094110,1790296482484000000,sent
800,29637199138780,29637212751407,29637213200999,1790296482502000000,sent
801,29637204138780,29637213220444,29637213574925,1790296482503000000,sent
802,29637209138780,29637213590333,29637213885703,1790296482503000000,sent
803,29637214138780,29637214141036,29637214434407,1790296482504000000,sent
804,29637219138780,29637219142703,29637219713888,1790296482509000000,sent
805,29637224138780,29637224141555,29637224632110,1790296482514000000,sent
806,29637229138780,29637229144184,29637229636777,1790296482519000000,sent
807,29637234138780,29637234142370,29637234571851,1790296482524000000,sent
808,29637239138780,29637239233444,29637240532851,1790296482529000000,sent
809,29637244138780,29637244143555,29637244713036,1790296482534000000,sent
810,29637249138780,29637249142962,29637249529036,1790296482539000000,sent
811,29637254138780,29637254141147,29637254633888,1790296482544000000,sent
812,29637259138780,29637259147999,29637259818333,1790296482549000000,sent
813,29637264138780,29637264143703,29637264861221,1790296482554000000,sent
814,29637269138780,29637269145777,29637269711851,1790296482559000000,sent
815,29637274138780,29637274143036,29637274791999,1790296482564000000,sent
816,29637279138780,29637279269666,29637279709666,1790296482569000000,sent
817,29637284138780,29637284141962,29637284842962,1790296482574000000,sent
818,29637289138780,29637289143925,29637289553999,1790296482579000000,sent
819,29637294138780,29637294147814,29637294798073,1790296482584000000,sent
820,29637299138780,29637299143370,29637300733258,1790296482589000000,sent
821,29637304138780,29637304143147,29637304583962,1790296482594000000,sent
822,29637309138780,29637309142962,29637309652962,1790296482599000000,sent
823,29637314138780,29637314141814,29637314521592,1790296482604000000,sent
824,29637319138780,29637319147184,29637319895888,1790296482609000000,sent
825,29637324138780,29637324144777,29637324785666,1790296482614000000,sent
826,29637329138780,29637329150481,29637330120407,1790296482619000000,sent
827,29637334138780,29637334141925,29637334567555,1790296482624000000,sent
828,29637339138780,29637339145666,29637339782036,1790296482629000000,sent
829,29637344138780,29637344144962,29637344896444,1790296482634000000,sent
830,29637349138780,29637349142518,29637349548777,1790296482639000000,sent
831,29637354138780,29637354141999,29637354613295,1790296482644000000,sent
832,29637359138780,29637359141962,29637359797629,1790296482649000000,sent
833,29637364138780,29637364146147,29637364886221,1790296482654000000,sent
834,29637369138780,29637369142036,29637369704184,1790296482659000000,sent
835,29637374138780,29637374165555,29637375412703,1790296482664000000,sent
836,29637379138780,29637379144555,29637379604592,1790296482669000000,sent
837,29637384138780,29637384142592,29637384504036,1790296482674000000,sent
838,29637389138780,29637389141184,29637389633221,1790296482679000000,sent
839,29637394138780,29637394146999,29637394805332,1790296482684000000,sent
840,29637399138780,29637399145147,29637400884444,1790296482689000000,sent
841,29637404138780,29637404142703,29637404649147,1790296482694000000,sent
842,29637409138780,29637409143555,29637409633332,1790296482699000000,sent
843,29637414138780,29637414144518,29637414840703,1790296482704000000,sent
844,29637419138780,29637419145295,29637420271666,1790296482709000000,sent
845,29637424138780,29637424394258,29637424831147,1790296482714000000,sent
846,29637429138780,29637429141851,29637429484925,1790296482719000000,sent
847,29637434138780,29637434144332,29637434643110,1790296482724000000,sent
848,29637439138780,29637439147777,29637439818740,1790296482729000000,sent
849,29637444138780,29637444146073,29637444860740,1790296482734000000,sent
850,29637449138780,29637449143703,29637449603147,1790296482739000000,sent
851,29637454138780,29637454141962,29637454636332,1790296482744000000,sent
852,29637459138780,29637459146925,29637459813295,1790296482749000000,sent
853,29637464138780,29637464175369,29637464847184,1790296482754000000,sent
854,29637469138780,29637469141740,29637469719444,1790296482759000000,sent
855,29637474138780,29637474141629,29637474710036,1790296482764000000,sent
856,29637479138780,29637479143814,29637479622703,1790296482769000000,sent
857,29637484138780,29637484142184,29637484525592,1790296482774000000,sent
858,29637489138780,29637489143925,29637489578147,1790296482779000000,sent
859,29637494138780,29637494142962,29637494791258,1790296482784000000,sent
860,29637499138780,29637499143555,29637499836481,1790296482789000000,sent
861,29637504138780,29637504142110,29637504547703,1790296482794000000,sent
862,29637509138780,29637509140740,29637509567406,1790296482799000000,sent
863,29637514138780,29637514141740,29637514531332,1790296482804000000,sent
864,29637519138780,29637519148444,29637519773703,1790296482809000000,sent
865,29637524138780,29637524146073,29637524842147,1790296482814000000,sent
866,29637529138780,29637529140369,29637529545073,1790296482819000000,sent
867,29637534138780,29637534143740,29637534603110,1790296482824000000,sent
868,29637539138780,29637539143925,29637539513666,1790296482829000000,sent
869,29637544138780,29637544146369,29637544861221,1790296482834000000,sent
870,29637549138780,29637549148147,29637549772295,1790296482839000000,sent
871,29637554138780,29637554142629,29637554565073,1790296482844000000,sent
872,29637559138780,29637559140851,29637559538888,1790296482849000000,sent
873,29637564138780,29637564142888,29637564492258,1790296482854000000,sent
874,29637569138780,29637569148777,29637569855666,1790296482859000000,sent
875,29637574138780,29637574148258,29637574771147,1790296482864000000,sent
876,29637579138780,29637579141703,29637579606777,1790296482869000000,sent
877,29637584138780,29637584141184,29637584586999,1790296482874000000,sent
878,29637589138780,29637589147592,29637589902184,1790296482879000000,sent
879,29637594138780,29637594145925,29637594782184,1790296482884000000,sent
880,29637599138780,29637599146295,29637600179036,1790296482889000000,sent
881,29637604138780,29637604141962,29637604543925,1790296482894000000,sent
882,29637609138780,29637609140258,29637609479703,1790296482899000000,sent
883,29637614138780,29637614147221,29637614879036,1790296482904000000,sent
884,29637619138780,29637619143888,29637619779629,1790296482909000000,sent
885,29637624138780,29637624143555,29637624617518,1790296482914000000,sent
886,29637629138780,29637629142332,29637629540406,1790296482919000000,sent
887,29637634138780,29637634146851,29637634880629,1790296482924000000,sent
888,29637639138780,29637639147555,29637639773443,1790296482929000000,sent
889,29637644138780,29637644148369,29637645156555,1790296482934000000,sent
890,29637649138780,29637649142888,29637649561369,1790296482939000000,sent
891,29637654138780,29637654143777,29637654496925,1790296482944000000,sent
892,29637659138780,29637659146666,29637659879258,1790296482949000000,sent
893,29637664138780,29637664146703,29637664781777,1790296482954000000,sent
894,29637669138780,29637669143480,29637669614036,1790296482959000000,sent
895,29637674138780,29637674141480,29637674536666,1790296482964000000,sent
896,29637679138780,29637679147851,29637679886147,1790296482969000000,sent
897,29637684138780,29637684142073,29637684776332,1790296482974000000,sent
898,29637689138780,29637689140555,29637690126221,1790296482979000000,sent
899,29637694138780,29637694140962,29637694538443,1790296482984000000,sent
900,29637699138780,29637699143406,29637699487258,1790296482989000000,sent
901,29637704138780,29637704148036,29637704891406,1790296482994000000,sent
902,29637709138780,29637709148555,29637710032555,1790296482999000000,sent
903,29637714138780,29637714142814,29637714622184,1790296483004000000,sent
904,29637719138780,29637719141962,29637719518740,1790296483009000000,sent
905,29637724138780,29637724144703,29637724885777,1790296483014000000,sent
906,29637729138780,29637729146332,29637729810962,1790296483019000000,sent
907,29637734138780,29637734142332,29637735416221,1790296483024000000,sent
908,29637739138780,29637739145851,29637739685443,1790296483029000000,sent
909,29637744138780,29637744144629,29637744524925,1790296483034000000,sent
910,29637749138780,29637749143110,29637749620517,1790296483039000000,sent
911,29637754138780,29637754140925,29637754548147,1790296483044000000,sent
912,29637759138780,29637759148554,29637759861666,1790296483049000000,sent
913,29637764138780,29637764146517,29637764786480,1790296483054000000,sent
914,29637769138780,29637769144221,29637769636480,1790296483059000000,sent
915,29637774138780,29637774143406,29637774545740,1790296483064000000,sent
916,29637779138780,29637779162814,29637780668629,1790296483069000000,sent
917,29637784138780,29637784143925,29637784860554,1790296483074000000,sent
918,29637789138780,29637789145184,29637789534592,1790296483079000000,sent
919,29637794138780,29637794143517,29637794619814,1790296483084000000,sent
920,29637799138780,29637799141629,29637799524258,1790296483089000000,sent
921,29637804138780,29637804149110,29637804872777,1790296483094000000,sent
922,29637809138780,29637809147666,29637809779851,1790296483099000000,sent
923,29637814138780,29637814143888,29637814662184,1790296483104000000,sent
924,29637819138780,29637819142962,29637819876147,1790296483109000000,sent
925,29637824138780,29637824146110,29637824872777,1790296483114000000,sent
926,29637829138780,29637829143814,29637829876925,1790296483119000000,sent
927,29637834138780,29637834143406,29637834775480,1790296483124000000,sent
928,29637839138780,29637839143629,29637839646888,1790296483129000000,sent
929,29637844138780,29637844143554,29637844595110,1790296483134000000,sent
930,29637849138780,29637849144221,29637849824888,1790296483139000000,sent
931,29637854138780,29637854143814,29637854748999,1790296483144000000,sent
932,29637859138780,29637859144073,29637859614517,1790296483149000000,sent
933,29637864138780,29637864142258,29637864519999,1790296483154000000,sent
934,29637869138780,29637869143110,29637870514110,1790296483159000000,sent
935,29637874138780,29637874144814,29637874718591,1790296483164000000,sent
936,29637879138780,29637879142777,29637879508332,1790296483169000000,sent
937,29637884138780,29637884142962,29637884583036,1790296483174000000,sent
938,29637889138780,29637889140888,29637889481295,1790296483179000000,sent
939,29637894138780,29637894145110,29637894795628,1790296483184000000,sent
940,29637899138780,29637899142480,29637899693147,1790296483189000000,sent
941,29637904138780,29637904144332,29637904597517,1790296483194000000,sent
942,29637909138780,29637909140703,29637909485591,1790296483199000000,sent
943,29637914138780,29637914143591,29637915495184,1790296483204000000,sent
944,29637919138780,29637919145517,29637919729814,1790296483209000000,sent
945,29637924138780,29637924143332,29637924533332,1790296483214000000,sent
946,29637929138780,29637929144258,29637929596554,1790296483219000000,sent
947,29637934138780,29637934141962,29637934480999,1790296483224000000,sent
948,29637939138780,29637939146703,29637939804147,1790296483229000000,sent
949,29637944138780,29637944143554,29637944701036,1790296483234000000,sent
950,29637949138780,29637949143591,29637949603851,1790296483239000000,sent
951,29637954138780,29637954141851,29637954487036,1790296483244000000,sent
952,29637959138780,29637959145814,29637960555703,1790296483249000000,sent
953,29637964138780,29637964143999,29637964733517,1790296483254000000,sent
954,29637969138780,29637969144184,29637969632443,1790296483259000000,sent
955,29637974138780,29637974144184,29637974720369,1790296483264000000,sent
956,29637979138780,29637979141591,29637979530740,1790296483269000000,sent
957,29637984138780,29637984143554,29637984620036,1790296483274000000,sent
958,29637989138780,29637989140851,29637989474591,1790296483279000000,sent
959,29637994138780,29637994147925,29637994827332,1790296483284000000,sent
960,29637999138780,29637999145295,29637999709591,1790296483289000000,sent
961,29638004138780,29638004142665,29638004628036,1790296483294000000,sent
962,29638009138780,29638009141258,29638009520073,1790296483299000000,sent
963,29638014138780,29638014144332,29638014717369,1790296483304000000,sent
964,29638019138780,29638019146999,29638019831406,1790296483309000000,sent
965,29638024138780,29638024144443,29638024582851,1790296483314000000,sent
966,29638029138780,29638029143036,29638029562258,1790296483319000000,sent
967,29638034138780,29638034141851,29638034491517,1790296483324000000,sent
968,29638039138780,29638039148814,29638039820591,1790296483329000000,sent
969,29638044138780,29638044144665,29638044749369,1790296483334000000,sent
970,29638049138780,29638049141369,29638049625147,1790296483339000000,sent
971,29638054138780,29638054141221,29638054500295,1790296483344000000,sent
972,29638059138780,29638059143443,29638059759814,1790296483349000000,sent
973,29638064138780,29638064146184,29638064815814,1790296483354000000,sent
974,29638069138780,29638069144888,29638069688369,1790296483359000000,sent
975,29638074138780,29638074145406,29638074709369,1790296483364000000,sent
976,29638079138780,29638079141221,29638079537184,1790296483369000000,sent
977,29638084138780,29638084144221,29638084590851,1790296483374000000,sent
978,29638089138780,29638089141739,29638089508369,1790296483379000000,sent
979,29638094138780,29638094166591,29638095565258,1790296483384000000,sent
980,29638099138780,29638099142480,29638099706888,1790296483389000000,sent
981,29638104138780,29638104141739,29638104478443,1790296483394000000,sent
982,29638109138780,29638109143369,29638109591591,1790296483399000000,sent
983,29638114138780,29638114144554,29638114727036,1790296483404000000,sent
984,29638119138780,29638119147295,29638119814776,1790296483409000000,sent
985,29638124138780,29638124149665,29638124694332,1790296483414000000,sent
986,29638129138780,29638129146851,29638129668739,1790296483419000000,sent
987,29638134138780,29638134146962,29638134686147,1790296483424000000,sent
988,29638139138780,29638139143221,29638139599591,1790296483429000000,sent
989,29638144138780,29638144144258,29638144675814,1790296483434000000,sent
990,29638149138780,29638149144962,29638149631073,1790296483439000000,sent
991,29638154138780,29638154147406,29638154788999,1790296483444000000,sent
992,29638159138780,29638159143999,29638159692332,1790296483449000000,sent
993,29638164138780,29638164144295,29638164558814,1790296483454000000,sent
994,29638169138780,29638169141925,29638169484480,1790296483459000000,sent
995,29638174138780,29638174146073,29638174794851,1790296483464000000,sent
996,29638179138780,29638179145147,29638179718665,1790296483469000000,sent
997,29638184138780,29638184183554,29638184773591,1790296483474000000,sent
998,29638189138780,29638189141036,29638189503925,1790296483479000000,sent
999,29638194138780,29638194142184,29638194452739,1790296483484000000,sent
1000,29638199138780,29638215609888,29638216105665,1790296483505000000,sent
1001,29638204138780,29638216132443,29638216543480,1790296483506000000,sent
1002,29638209138780,29638216567480,29638216907332,1790296483506000000,sent
1003,29638214138780,29638216927665,29638217241628,1790296483506000000,sent
1004,29638219138780,29638219146036,29638219628665,1790296483509000000,sent
1005,29638224138780,29638224146406,29638224729480,1790296483514000000,sent
1006,29638229138780,29638229139776,29638229739480,1790296483519000000,sent
1007,29638234138780,29638234141591,29638234719813,1790296483524000000,sent
1008,29638239138780,29638239140369,29638239620480,1790296483529000000,sent
1009,29638244138780,29638244860517,29638245276517,1790296483534000000,sent
1010,29638249138780,29638249139443,29638249459628,1790296483539000000,sent
1011,29638254138780,29638254140221,29638254517517,1790296483544000000,sent
1012,29638259138780,29638259142221,29638259695147,1790296483549000000,sent
1013,29638264138780,29638264142628,29638265615591,1790296483554000000,sent
1014,29638269138780,29638269140258,29638269497295,1790296483559000000,sent
1015,29638274138780,29638274140036,29638274496295,1790296483564000000,sent
1016,29638279138780,29638279142888,29638279744850,1790296483569000000,sent
1017,29638284138780,29638284141369,29638284718813,1790296483574000000,sent
1018,29638289138780,29638289139443,29638289553443,1790296483579000000,sent
1019,29638294138780,29638294139739,29638294446925,1790296483584000000,sent
1020,29638299138780,29638299140443,29638299759776,1790296483589000000,sent
1021,29638304138780,29638304140480,29638304711369,1790296483594000000,sent
1022,29638309138780,29638309140221,29638309561887,1790296483599000000,sent
1023,29638314138780,29638314140332,29638314475221,1790296483604000000,sent
1024,29638319138780,29638319140480,29638319831221,1790296483609000000,sent
1025,29638324138780,29638324139850,29638324705850,1790296483614000000,sent
1026,29638329138780,29638329140702,29638329702443,1790296483619000000,sent
1027,29638334138780,29638334139850,29638334623665,1790296483624000000,sent
1028,29638339138780,29638339139776,29638339480406,1790296483629000000,sent
1029,29638344138780,29638344140813,29638344760332,1790296483634000000,sent
1030,29638349138780,29638349141813,29638349670739,1790296483639000000,sent
1031,29638354138780,29638354139739,29638354564147,1790296483644000000,sent
1032,29638359138780,29638359140258,29638359470184,1790296483649000000,sent
1033,29638364138780,29638364178850,29638364891665,1790296483654000000,sent
1034,29638369138780,29638369141776,29638369736813,1790296483659000000,sent
1035,29638374138780,29638374158665,29638374632517,1790296483664000000,sent
1036,29638379138780,29638379140517,29638379559591,1790296483669000000,sent
1037,29638384138780,29638384139776,29638384570332,1790296483674000000,sent
1038,29638389138780,29638389142147,29638389744628,1790296483679000000,sent
1039,29638394138780,29638394141924,29638394685221,1790296483684000000,sent
1040,29638399138780,29638399139924,29638399553999,1790296483689000000,sent
1041,29638404138780,29638404140110,29638404491517,1790296483694000000,sent
1042,29638409138780,29638409149184,29638409774295,1790296483699000000,sent
1043,29638414138780,29638414140443,29638414610221,1790296483704000000,sent
1044,29638419138780,29638419141221,29638419526073,1790296483709000000,sent
1045,29638424138780,29638424140480,29638424550702,1790296483714000000,sent
1046,29638429138780,29638429139517,29638429511110,1790296483719000000,sent
1047,29638434138780,29638434140924,29638434791554,1790296483724000000,sent
1048,29638439138780,29638439141406,29638439667813,1790296483729000000,sent
1049,29638444138780,29638444140850,29638444568443,1790296483734000000,sent
1050,29638449138780,29638449139887,29638449482776,1790296483739000000,sent
1051,29638454138780,29638454143517,29638454840702,1790296483744000000,sent
1052,29638459138780,29638459142665,29638459692073,1790296483749000000,sent
1053,29638464138780,29638464141702,29638464513813,1790296483754000000,sent
1054,29638469138780,29638469141073,29638469546961,1790296483759000000,sent
1055,29638474138780,29638474139813,29638474438036,1790296483764000000,sent
1056,29638479138780,29638479141517,29638479746295,1790296483769000000,sent
1057,29638484138780,29638484142443,29638484723999,1790296483774000000,sent
1058,29638489138780,29638489140073,29638489573813,1790296483779000000,sent
1059,29638494138780,29638494140073,29638494482739,1790296483784000000,sent
1060,29638499138780,29638499140147,29638499590887,1790296483789000000,sent
1061,29638504138780,29638504140073,29638504625406,1790296483794000000,sent
1062,29638509138780,29638509142036,29638509594073,1790296483799000000,sent
1063,29638514138780,29638514140998,29638514767073,1790296483804000000,sent
1064,29638519138780,29638519139961,29638519674924,1790296483809000000,sent
1065,29638524138780,29638524139739,29638524543850,1790296483814000000,sent
1066,29638529138780,29638529140517,29638529477702,1790296483819000000,sent
1067,29638534138780,29638534143073,29638534759110,1790296483824000000,sent
1068,29638539138780,29638539141295,29638539675998,1790296483829000000,sent
1069,29638544138780,29638544142961,29638544648628,1790296483834000000,sent
1070,29638549138780,29638549140036,29638549478591,1790296483839000000,sent
1071,29638554138780,29638554140110,29638554444739,1790296483844000000,sent
1072,29638559138780,29638559140702,29638559769850,1790296483849000000,sent
1073,29638564138780,29638564142147,29638564772665,1790296483854000000,sent
1074,29638569138780,29638569140887,29638569654665,1790296483859000000,sent
1075,29638574138780,29638574140554,29638575292443,1790296483864000000,sent
1076,29638579138780,29638579140184,29638579604628,1790296483869000000,sent
1077,29638584138780,29638584140665,29638584692813,1790296483874000000,sent
1078,29638589138780,29638589140887,29638589704517,1790296483879000000,sent
1079,29638594138780,29638594140591,29638594626147,1790296483884000000,sent
1080,29638599138780,29638599141480,29638599676517,1790296483889000000,sent
1081,29638604138780,29638604141221,29638604689480,1790296483894000000,sent
1082,29638609138780,29638609141221,29638609663035,1790296483899000000,sent
1083,29638614138780,29638614140184,29638614731887,1790296483904000000,sent
1084,29638619138780,29638619140110,29638619497517,1790296483909000000,sent
1085,29638624138780,29638624140665,29638624556776,1790296483914000000,sent
1086,29638629138780,29638629140887,29638629493850,1790296483919000000,sent
1087,29638634138780,29638634140739,29638634874332,1790296483924000000,sent
1088,29638639138780,29638639141480,29638639688035,1790296483929000000,sent
1089,29638644138780,29638644140406,29638644475628,1790296483934000000,sent
1090,29638649138780,29638649141147,29638649557961,1790296483939000000,sent
1091,29638654138780,29638654142591,29638654699554,1790296483944000000,sent
1092,29638659138780,29638659142591,29638659734850,1790296483949000000,sent
1093,29638664138780,29638664140406,29638664527480,1790296483954000000,sent
1094,29638669138780,29638669140739,29638669555480,1790296483959000000,sent
1095,29638674138780,29638674139776,29638674493406,1790296483964000000,sent
1096,29638679138780,29638679154480,29638679932665,1790296483969000000,sent
1097,29638684138780,29638684142221,29638684821665,1790296483974000000,sent
1098,29638689138780,29638689140961,29638689530961,1790296483979000000,sent
1099,29638694138780,29638694140739,29638694615961,1790296483984000000,sent
1100,29638699138780,29638699142332,29638699712961,1790296483989000000,sent
1101,29638704138780,29638704142443,29638704713369,1790296483994000000,sent
1102,29638709138780,29638709140517,29638709678702,1790296483999000000,sent
1103,29638714138780,29638714140147,29638714609887,1790296484004000000,sent
1104,29638719138780,29638719139961,29638719578998,1790296484009000000,sent
1105,29638724138780,29638724140591,29638724883924,1790296484014000000,sent
1106,29638729138780,29638729141184,29638729630035,1790296484019000000,sent
1107,29638734138780,29638734140072,29638734532109,1790296484024000000,sent
1108,29638739138780,29638739139850,29638739552887,1790296484029000000,sent
1109,29638744138780,29638744141887,29638744697184,1790296484034000000,sent
1110,29638749138780,29638749142813,29638749731072,1790296484039000000,sent
1111,29638754138780,29638754141517,29638754507146,1790296484044000000,sent
1112,29638759138780,29638759141258,29638759542554,1790296484049000000,sent
1113,29638764138780,29638764139702,29638764455554,1790296484054000000,sent
1114,29638769138780,29638769140924,29638769845221,1790296484059000000,sent
1115,29638774138780,29638774140554,29638774682628,1790296484064000000,sent
1116,29638779138780,29638779140628,29638779501628,1790296484069000000,sent
1117,29638784138780,29638784140072,29638784606072,1790296484074000000,sent
1118,29638789138780,29638789141887,29638789749406,1790296484079000000,sent
1119,29638794138780,29638794142406,29638794715480,1790296484084000000,sent
1120,29638799138780,29638799141665,29638799517665,1790296484089000000,sent
1121,29638804138780,29638804140776,29638804524665,1790296484094000000,sent
1122,29638809138780,29638809140702,29638809456850,1790296484099000000,sent
1123,29638814138780,29638814142295,29638814855109,1790296484104000000,sent
1124,29638819138780,29638819141517,29638819685369,1790296484109000000,sent
1125,29638824138780,29638824140443,29638824474887,1790296484114000000,sent
1126,29638829138780,29638829139369,29638829525035,1790296484119000000,sent
1127,29638834138780,29638834141295,29638834681221,1790296484124000000,sent
1128,29638839138780,29638839140258,29638839704221,1790296484129000000,sent
1129,29638844138780,29638844140146,29638844565109,1790296484134000000,sent
1130,29638849138780,29638849140776,29638849574332,1790296484139000000,sent
1131,29638854138780,29638854139702,29638854459665,1790296484144000000,sent
1132,29638859138780,29638859156406,29638859848480,1790296484149000000,sent
1133,29638864138780,29638864142813,29638864688258,1790296484154000000,sent
1134,29638869138780,29638869140850,29638869468813,1790296484159000000,sent
1135,29638874138780,29638874140887,29638874551776,1790296484164000000,sent
1136,29638879138780,29638879141702,29638879715961,1790296484169000000,sent
1137,29638884138780,29638884141183,29638884766443,1790296484174000000,sent
1138,29638889138780,29638889142109,29638889531035,1790296484179000000,sent
1139,29638894138780,29638894139628,29638894559998,1790296484184000000,sent
1140,29638899138780,29638899141072,29638899558072,1790296484189000000,sent
1141,29638904138780,29638904168739,29638904919295,1790296484194000000,sent
1142,29638909138780,29638909142295,29638909688443,1790296484199000000,sent
1143,29638914138780,29638914139850,29638914467109,1790296484204000000,sent
1144,29638919138780,29638919141109,29638919560295,1790296484209000000,sent
1145,29638924138780,29638924139850,29638924697480,1790296484214000000,sent
1146,29638929138780,29638929140591,29638929749257,1790296484219000000,sent
1147,29638934138780,29638934142109,29638934512480,1790296484224000000,sent
1148,29638939138780,29638939141257,29638939565443,1790296484229000000,sent
1149,29638944138780,29638944140480,29638944473850,1790296484234000000,sent
1150,29638949138780,29638949141109,29638949830702,1790296484239000000,sent
1151,29638954138780,29638954141554,29638954679998,1790296484244000000,sent
1152,29638959138780,29638959139665,29638959466035,1790296484249000000,sent
1153,29638964138780,29638964140887,29638964548702,1790296484254000000,sent
1154,29638969138780,29638969141665,29638969701887,1790296484259000000,sent
1155,29638974138780,29638974142998,29638974741480,1790296484264000000,sent
1156,29638979138780,29638979139813,29638979521739,1790296484269000000,sent
1157,29638984138780,29638984139739,29638984624257,1790296484274000000,sent
1158,29638989138780,29638989140961,29638989513332,1790296484279000000,sent
1159,29638994138780,29638994142665,29638994839961,1790296484284000000,sent
1160,29638999138780,29638999141850,29638999690072,1790296484289000000,sent
1161,29639004138780,29639004140443,29639004487850,1790296484294000000,sent
1162,29639009138780,29639009140739,29639009584961,1790296484299000000,sent
1163,29639014138780,29639014141517,29639014696517,1790296484304000000,sent
1164,29639019138780,29639019140665,29639019738406,1790296484309000000,sent
1165,29639024138780,29639024141035,29639024639776,1790296484314000000,sent
1166,29639029138780,29639029141591,29639029702035,1790296484319000000,sent
1167,29639034138780,29639034246665,29639034608183,1790296484324000000,sent
1168,29639039138780,29639039140183,29639039595035,1790296484329000000,sent
1169,29639044138780,29639044140109,29639044477739,1790296484334000000,sent
1170,29639049138780,29639049140665,29639049682294,1790296484339000000,sent
1171,29639054138780,29639054141406,29639055617887,1790296484344000000,sent
1172,29639059138780,29639059139591,29639059559887,1790296484349000000,sent
1173,29639064138780,29639064140406,29639064568961,1790296484354000000,sent
1174,29639069138780,29639069141480,29639069719294,1790296484359000000,sent
1175,29639074138780,29639074141072,29639074765702,1790296484364000000,sent
1176,29639079138780,29639079140739,29639079515331,1790296484369000000,sent
1177,29639084138780,29639084139739,29639084637109,1790296484374000000,sent
1178,29639089138780,29639089139887,29639089485443,1790296484379000000,sent
1179,29639094138780,29639094140554,29639094668257,1790296484384000000,sent
1180,29639099138780,29639099141109,29639099762369,1790296484389000000,sent
1181,29639104138780,29639104140554,29639104498813,1790296484394000000,sent
1182,29639109138780,29639109140776,29639109559517,1790296484399000000,sent
1183,29639114138780,29639114141294,29639114688554,1790296484404000000,sent
1184,29639119138780,29639119142109,29639119759406,1790296484409000000,sent
1185,29639124138780,29639124141443,29639124542035,1790296484414000000,sent
1186,29639129138780,29639129160406,29639129664443,1790296484419000000,sent
1187,29639134138780,29639134140739,29639134516109,1790296484424000000,sent
1188,29639139138780,29639139142517,29639139728406,1790296484429000000,sent
1189,29639144138780,29639144142665,29639144759702,1790296484434000000,sent
1190,29639149138780,29639149139480,29639149499554,1790296484439000000,sent
1191,29639154138780,29639154140887,29639154537257,1790296484444000000,sent
1192,29639159138780,29639159142331,29639159695702,1790296484449000000,sent
1193,29639164138780,29639164167813,29639164792591,1790296484454000000,sent
1194,29639169138780,29639169142961,29639169659368,1790296484459000000,sent
1195,29639174138780,29639174140702,29639174582776,1790296484464000000,sent
1196,29639179138780,29639179140924,29639179472257,1790296484469000000,sent
1197,29639184138780,29639184141146,29639185385072,1790296484474000000,sent
1198,29639189138780,29639189141294,29639189809072,1790296484479000000,sent
1199,29639194138780,29639194142072,29639194519961,1790296484484000000,sent
1200,29639199138780,29639213833294,29639214239109,1790296484503000000,sent
1201,29639204138780,29639214253850,29639214559331,1790296484504000000,sent
1202,29639209138780,29639214569072,29639214813183,1790296484504000000,sent
1203,29639214138780,29639214821813,29639215068924,1790296484504000000,sent
1204,29639219138780,29639219140183,29639219742072,1790296484509000000,sent
1205,29639224138780,29639224140702,29639224606813,1790296484514000000,sent
1206,29639229138780,29639229139554,29639229472220,1790296484519000000,sent
1207,29639234138780,29639234141035,29639234556591,1790296484524000000,sent
1208,29639239138780,29639239139961,29639239495072,1790296484529000000,sent
1209,29639244138780,29639244140998,29639244759628,1790296484534000000,sent
1210,29639249138780,29639249141813,29639249669739,1790296484539000000,sent
1211,29639254138780,29639254140739,29639254567035,1790296484544000000,sent
1212,29639259138780,29639259139517,29639259466776,1790296484549000000,sent
1213,29639264138780,29639264141517,29639264842665,1790296484554000000,sent
1214,29639269138780,29639269140591,29639269680220,1790296484559000000,sent
1215,29639274138780,29639274140850,29639274590554,1790296484564000000,sent
1216,29639279138780,29639279140220,29639279680739,1790296484569000000,sent
1217,29639284138780,29639284141072,29639284506887,1790296484574000000,sent
1218,29639289138780,29639289139998,29639289566035,1790296484579000000,sent
1219,29639294138780,29639294140072,29639294474887,1790296484584000000,sent
1220,29639299138780,29639299142442,29639299780220,1790296484589000000,sent
1221,29639304138780,29639304140517,29639304722628,1790296484594000000,sent
1222,29639309138780,29639309140294,29639309605479,1790296484599000000,sent
1223,29639314138780,29639314140702,29639314479554,1790296484604000000,sent
1224,29639319138780,29639319141813,29639319678850,1790296484609000000,sent
1225,29639324138780,29639324141294,29639324760479,1790296484614000000,sent
1226,29639329138780,29639329140739,29639329621035,1790296484619000000,sent
1227,29639334138780,29639334142887,29639334659442,1790296484624000000,sent
1228,29639339138780,29639339139591,29639339488146,1790296484629000000,sent
1229,29639344138780,29639344140257,29639344556257,1790296484634000000,sent
1230,29639349138780,29639349140887,29639349472035,1790296484639000000,sent
1231,29639354138780,29639354140813,29639354834887,1790296484644000000,sent
1232,29639359138780,29639359140998,29639359729035,1790296484649000000,sent
1233,29639364138780,29639364140554,29639364478591,1790296484654000000,sent
1234,29639369138780,29639369140516,29639369570628,1790296484659000000,sent
1235,29639374138780,29639374140554,29639374708554,1790296484664000000,sent
1236,29639379138780,29639379140109,29639379744516,1790296484669000000,sent
1237,29639384138780,29639384140035,29639384536813,1790296484674000000,sent
1238,29639389138780,29639389140702,29639389599924,1790296484679000000,sent
1239,29639394138780,29639394140257,29639394472146,1790296484684000000,sent
1240,29639399138780,29639399141220,29639399842628,1790296484689000000,sent
1241,29639404138780,29639404141961,29639404706368,1790296484694000000,sent
1242,29639409138780,29639409139628,29639409484924,1790296484699000000,sent
1243,29639414138780,29639414139998,29639414559479,1790296484704000000,sent
1244,29639419138780,29639419140665,29639419453591,1790296484709000000,sent
1245,29639424138780,29639424141257,29639424766813,1790296484714000000,sent
1246,29639429138780,29639429140887,29639429669146,1790296484719000000,sent
1247,29639434138780,29639434139850,29639434568368,1790296484724000000,sent
1248,29639439138780,29639439140850,29639439466220,1790296484729000000,sent
1249,29639444138780,29639444140146,29639444567961,1790296484734000000,sent
1250,29639449138780,29639449140813,29639449626516,1790296484739000000,sent
1251,29639454138780,29639454140553,29639454551442,1790296484744000000,sent
1252,29639459138780,29639459141368,29639459780702,1790296484749000000,sent
1253,29639464138780,29639464140405,29639464687887,1790296484754000000,sent
1254,29639469138780,29639469140665,29639469547516,1790296484759000000,sent
1255,29639474138780,29639474140368,29639474455591,1790296484764000000,sent
1256,29639479138780,29639479139850,29639479774072,1790296484769000000,sent
1257,29639484138780,29639484140442,29639484676924,1790296484774000000,sent
1258,29639489138780,29639489143998,29639489661739,1790296484779000000,sent
1259,29639494138780,29639494139776,29639494501702,1790296484784000000,sent
1260,29639499138780,29639499139628,29639499458924,1790296484789000000,sent
1261,29639504138780,29639504142813,29639504769035,1790296484794000000,sent
1262,29639509138780,29639509142294,29639509715887,1790296484799000000,sent
1263,29639514138780,29639514140850,29639514526813,1790296484804000000,sent
1264,29639519138780,29639519140442,29639519491257,1790296484809000000,sent
1265,29639524138780,29639524141924,29639524766887,1790296484814000000,sent
1266,29639529138780,29639529141850,29639529675998,1790296484819000000,sent
1267,29639534138780,29639534159257,29639534633257,1790296484824000000,sent
1268,29639539138780,29639539139331,29639539481368,1790296484829000000,sent
1269,29639544138780,29639544140516,29639544466072,1790296484834000000,sent
1270,29639549138780,29639549140590,29639549728924,1790296484839000000,sent
1271,29639554138780,29639554140590,29639554602887,1790296484844000000,sent
1272,29639559138780,29639559140479,29639559544739,1790296484849000000,sent
1273,29639564138780,29639564139924,29639564488368,1790296484854000000,sent
1274,29639569138780,29639569142590,29639569779368,1790296484859000000,sent
1275,29639574138780,29639574140257,29639574667813,1790296484864000000,sent
1276,29639579138780,29639579148924,29639579619294,1790296484869000000,sent
1277,29639584138780,29639584139776,29639584483627,1790296484874000000,sent
1278,29639589138780,29639589140590,29639589478590,1790296484879000000,sent
1279,29639594138780,29639594141553,29639594803183,1790296484884000000,sent
1280,29639599138780,29639599141072,29639599651405,1790296484889000000,sent
1281,29639604138780,29639604140739,29639604536183,1790296484894000000,sent
1282,29639609138780,29639609140368,29639609471739,1790296484899000000,sent
1283,29639614138780,29639614141887,29639614778516,1790296484904000000,sent
1284,29639619138780,29639619141368,29639619675627,1790296484909000000,sent
1285,29639624138780,29639624143183,29639624654813,1790296484914000000,sent
1286,29639629138780,29639629140479,29639629507294,1790296484919000000,sent
1287,29639634138780,29639634139331,29639634452183,1790296484924000000,sent
1288,29639639138780,29639639141813,29639639776702,1790296484929000000,sent
1289,29639644138780,29639644140776,29639644687109,1790296484934000000,sent
1290,29639649138780,29639649140590,29639649524442,1790296484939000000,sent
1291,29639654138780,29639654140739,29639654475887,1790296484944000000,sent
1292,29639659138780,29639659140702,29639659709183,1790296484949000000,sent
1293,29639664138780,29639664141405,29639664609109,1790296484954000000,sent
1294,29639669138780,29639669283961,29639669680590,1790296484959000000,sent
1295,29639674138780,29639674140479,29639674492035,1790296484964000000,sent
1296,29639679138780,29639679140109,29639679472072,1790296484969000000,sent
1297,29639684138780,29639684141146,29639684689701,1790296484974000000,sent
1298,29639689138780,29639689140998,29639690411516,1790296484979000000,sent
1299,29639694138780,29639694140850,29639694539627,1790296484984000000,sent
1300,29639699138780,29639699140183,29639699538146,1790296484989000000,sent
1301,29639704138780,29639704141257,29639704759331,1790296484994000000,sent
1302,29639709138780,29639709141813,29639709720924,1790296484999000000,sent
1303,29639714138780,29639714140813,29639714786590,1790296485004000000,sent
1304,29639719138780,29639719139627,29639719601627,1790296485009000000,sent
1305,29639724138780,29639724140479,29639724495183,1790296485014000000,sent
1306,29639729138780,29639729139479,29639729526739,1790296485019000000,sent
1307,29639734138780,29639734139924,29639734590442,1790296485024000000,sent
1308,29639739138780,29639739141516,29639739763146,1790296485029000000,sent
1309,29639744138780,29639744142738,29639744688924,1790296485034000000,sent
1310,29639749138780,29639749139850,29639749558627,1790296485039000000,sent
1311,29639754138780,29639754139813,29639754453183,1790296485044000000,sent
1312,29639759138780,29639759141479,29639759719553,1790296485049000000,sent
1313,29639764138780,29639764142924,29639764683405,1790296485054000000,sent
1314,29639769138780,29639769340701,29639769669109,1790296485059000000,sent
1315,29639774138780,29639774141035,29639774549035,1790296485064000000,sent
1316,29639779138780,29639779140294,29639779456664,1790296485069000000,sent
1317,29639784138780,29639784141998,29639784756146,1790296485074000000,sent
1318,29639789138780,29639789141924,29639790631368,1790296485079000000,sent
1319,29639794138780,29639794140775,29639794536035,1790296485084000000,sent
1320,29639799138780,29639799140146,29639799483850,1790296485089000000,sent
1321,29639804138780,29639804148998,29639804746220,1790296485094000000,sent
1322,29639809138780,29639809142294,29639809688738,1790296485099000000,sent
1323,29639814138780,29639814338183,29639814668701,1790296485104000000,sent
1324,29639819138780,29639819139442,29639819549553,1790296485109000000,sent
1325,29639824138780,29639824140146,29639824485627,1790296485114000000,sent
1326,29639829138780,29639829140331,29639829736072,1790296485119000000,sent
1327,29639834138780,29639834140183,29639835537553,1790296485124000000,sent
1328,29639839138780,29639839140813,29639839557813,1790296485129000000,sent
1329,29639844138780,29639844140183,29639844500294,1790296485134000000,sent
1330,29639849138780,29639849149850,29639849895146,1790296485139000000,sent
1331,29639854138780,29639854142664,29639854686442,1790296485144000000,sent
1332,29639859138780,29639859140442,29639859493664,1790296485149000000,sent
1333,29639864138780,29639864140627,29639864543072,1790296485154000000,sent
1334,29639869138780,29639869140590,29639869492590,1790296485159000000,sent
1335,29639874138780,29639874140442,29639874732812,1790296485164000000,sent
1336,29639879138780,29639879141035,29639879707590,1790296485169000000,sent
1337,29639884138780,29639884140331,29639884559701,1790296485174000000,sent
1338,29639889138780,29639889140553,29639889501368,1790296485179000000,sent
1339,29639894138780,29639894142109,29639894914812,1790296485184000000,sent
1340,29639899138780,29639899141220,29639899674405,1790296485189000000,sent
1341,29639904138780,29639904141701,29639904538961,1790296485194000000,sent
1342,29639909138780,29639909139850,29639909569553,1790296485199000000,sent
1343,29639914138780,29639914140850,29639914528850,1790296485204000000,sent
1344,29639919138780,29639919142405,29639919774961,1790296485209000000,sent
1345,29639924138780,29639924142405,29639924689590,1790296485214000000,sent
1346,29639929138780,29639929140257,29639929563109,1790296485219000000,sent
1347,29639934138780,29639934139442,29639934465035,1790296485224000000,sent
1348,29639939138780,29639939157257,29639939852331,1790296485229000000,sent
1349,29639944138780,29639944141812,29639944699146,1790296485234000000,sent
1350,29639949138780,29639949141738,29639949480627,1790296485239000000,sent
1351,29639954138780,29639954140775,29639954547035,1790296485244000000,sent
1352,29639959138780,29639959140775,29639959444961,1790296485249000000,sent
1353,29639964138780,29639964141183,29639964742035,1790296485254000000,sent
1354,29639969138780,29639969140405,29639969659998,1790296485259000000,sent
1355,29639974138780,29639974140701,29639974545294,1790296485264000000,sent
1356,29639979138780,29639979140701,29639979460183,1790296485269000000,sent
1357,29639984138780,29639984153220,29639984826701,1790296485274000000,sent
1358,29639989138780,29639989141627,29639989624442,1790296485279000000,sent
1359,29639994138780,29639994139812,29639994473368,1790296485284000000,sent
1360,29639999138780,29639999140812,29639999539368,1790296485289000000,sent
1361,29640004138780,29640004139998,29640004485035,1790296485294000000,sent
1362,29640009138780,29640009141738,29640009747146,1790296485299000000,sent
1363,29640014138780,29640014140331,29640014665516,1790296485304000000,sent
1364,29640019138780,29640019140998,29640019569553,1790296485309000000,sent
1365,29640024138780,29640024140035,29640024491479,1790296485314000000,sent
1366,29640029138780,29640029199998,29640029559109,1790296485319000000,sent
1367,29640034138780,29640034141590,29640034622331,1790296485324000000,sent
1368,29640039138780,29640039140961,29640039562590,1790296485329000000,sent
1369,29640044138780,29640044140516,29640044769812,1790296485334000000,sent
1370,29640049138780,29640049140738,29640049658812,1790296485339000000,sent
1371,29640054138780,29640054140109,29640054530516,1790296485344000000,sent
1372,29640059138780,29640059140109,29640059469738,1790296485349000000,sent
1373,29640064138780,29640064140849,29640064769553,1790296485354000000,sent
1374,29640069138780,29640069142072,29640069667590,1790296485359000000,sent
1375,29640074138780,29640074156109,29640074607627,1790296485364000000,sent
1376,29640079138780,29640079139998,29640079469664,1790296485369000000,sent
1377,29640084138780,29640084140109,29640084446072,1790296485374000000,sent
1378,29640089138780,29640089142664,29640089792035,1790296485379000000,sent
1379,29640094138780,29640094140738,29640094697109,1790296485384000000,sent
1380,29640099138780,29640099140146,29640099540035,1790296485389000000,sent
1381,29640104138780,29640104140590,29640104474405,1790296485394000000,sent
1382,29640109138780,29640109141220,29640109704294,1790296485399000000,sent
1383,29640114138780,29640114139701,29640114612849,1790296485404000000,sent
1384,29640119138780,29640119152998,29640119841294,1790296485409000000,sent
1385,29640124138780,29640124142109,29640124686886,1790296485414000000,sent
1386,29640129138780,29640129140442,29640129468849,1790296485419000000,sent
1387,29640134138780,29640134140109,29640134534220,1790296485424000000,sent
1388,29640139138780,29640139140960,29640139450331,1790296485429000000,sent
1389,29640144138780,29640144141960,29640144746479,1790296485434000000,sent
1390,29640149138780,29640149142849,29640149669183,1790296485439000000,sent
1391,29640154138780,29640154140849,29640154543516,1790296485444000000,sent
1392,29640159138780,29640159140701,29640159455590,1790296485449000000,sent
1393,29640164138780,29640164139960,29640164562664,1790296485454000000,sent
1394,29640169138780,29640169140553,29640169628553,1790296485459000000,sent
1395,29640174138780,29640174140701,29640174563442,1790296485464000000,sent
1396,29640179138780,29640179139960,29640179575886,1790296485469000000,sent
1397,29640184138780,29640184139479,29640184473331,1790296485474000000,sent
1398,29640189138780,29640189142960,29640189775183,1790296485479000000,sent
1399,29640194138780,29640194142775,29640194672590,1790296485484000000,sent
1400,29640199138780,29640217809553,29640218205886,1790296485507000000,sent
1401,29640204138780,29640218219997,29640218514294,1790296485508000000,sent
1402,29640209138780,29640218523516,29640218775220,1790296485508000000,sent
1403,29640214138780,29640218784664,29640219027627,1790296485508000000,sent
1404,29640219138780,29640219140479,29640219373553,1790296485509000000,sent
1405,29640224138780,29640224140886,29640224695923,1790296485514000000,sent
1406,29640229138780,29640229140923,29640229574923,1790296485519000000,sent
1407,29640234138780,29640234140331,29640234529331,1790296485524000000,sent
1408,29640239138780,29640239139997,29640239474553,1790296485529000000,sent
1409,29640244138780,29640244140812,29640244758553,1790296485534000000,sent
1410,29640249138780,29640249141775,29640249674109,1790296485539000000,sent
1411,29640254138780,29640254141034,29640254623034,1790296485544000000,sent
1412,29640259138780,29640259139812,29640259490886,1790296485549000000,sent
1413,29640264138780,29640264140034,29640264448034,1790296485554000000,sent
1414,29640269138780,29640269140183,29640269759183,1790296485559000000,sent
1415,29640274138780,29640274142849,29640274669664,1790296485564000000,sent
1416,29640279138780,29640279140960,29640279520812,1790296485569000000,sent
1417,29640284138780,29640284140516,29640284471368,1790296485574000000,sent
1418,29640289138780,29640289142257,29640289786034,1790296485579000000,sent
1419,29640294138780,29640294142960,29640294681071,1790296485584000000,sent
1420,29640299138780,29640299140627,29640299618220,1790296485589000000,sent
1421,29640304138780,29640304139479,29640304483997,1790296485594000000,sent
1422,29640309138780,29640309140849,29640309438627,1790296485599000000,sent
1423,29640314138780,29640314143368,29640314772183,1790296485604000000,sent
1424,29640319138780,29640319140516,29640319654849,1790296485609000000,sent
1425,29640324138780,29640324139923,29640324535479,1790296485614000000,sent
1426,29640329138780,29640329140775,29640329451553,1790296485619000000,sent
1427,29640334138780,29640334141294,29640334696886,1790296485624000000,sent
1428,29640339138780,29640339141516,29640339598960,1790296485629000000,sent
1429,29640344138780,29640344322257,29640344731257,1790296485634000000,sent
1430,29640349138780,29640349139627,29640349465294,1790296485639000000,sent
1431,29640354138780,29640354139590,29640354420812,1790296485644000000,sent
1432,29640359138780,29640359140516,29640359756034,1790296485649000000,sent
1433,29640364138780,29640364142516,29640365623294,1790296485654000000,sent
1434,29640369138780,29640369140368,29640369546257,1790296485659000000,sent
1435,29640374138780,29640374140516,29640374464479,1790296485664000000,sent
1436,29640379138780,29640379141738,29640379755516,1790296485669000000,sent
1437,29640384138780,29640384141738,29640384735923,1790296485674000000,sent
1438,29640389138780,29640389356590,29640389815738,1790296485679000000,sent
1439,29640394138780,29640394140479,29640394487108,1790296485684000000,sent
1440,29640399138780,29640399139294,29640399430108,1790296485689000000,sent
1441,29640404138780,29640404141071,29640404763442,1790296485694000000,sent
1442,29640409138780,29640409141331,29640410507849,1790296485699000000,sent
1443,29640414138780,29640414140627,29640414547775,1790296485704000000,sent
1444,29640419138780,29640419140627,29640419451034,1790296485709000000,sent
1445,29640424138780,29640424143145,29640424759553,1790296485714000000,sent
1446,29640429138780,29640429141220,29640429669405,1790296485719000000,sent
1447,29640434138780,29640434142108,29640434672442,1790296485724000000,sent
1448,29640439138780,29640439140775,29640439596738,1790296485729000000,sent
1449,29640444138780,29640444278108,29640444618516,1790296485734000000,sent
1450,29640449138780,29640449139849,29640449511738,1790296485739000000,sent
1451,29640454138780,29640454139516,29640454451479,1790296485744000000,sent
1452,29640459138780,29640459141812,29640459734479,1790296485749000000,sent
1453,29640464138780,29640464204220,29640465630183,1790296485754000000,sent
1454,29640469138780,29640469139923,29640469535590,1790296485759000000,sent
1455,29640474138780,29640474140220,29640474457368,1790296485764000000,sent
1456,29640479138780,29640479140331,29640479742812,1790296485769000000,sent
1457,29640484138780,29640484141701,29640484686960,1790296485774000000,sent
1458,29640489138780,29640489342182,29640489677886,1790296485779000000,sent
1459,29640494138780,29640494139738,29640494566294,1790296485784000000,sent
1460,29640499138780,29640499140034,29640499453738,1790296485789000000,sent
1461,29640504138780,29640504140442,29640504740071,1790296485794000000,sent
1462,29640509138780,29640509140516,29640510502590,1790296485799000000,sent
1463,29640514138780,29640514139886,29640514556664,1790296485804000000,sent
1464,29640519138780,29640519140553,29640519496257,1790296485809000000,sent
1465,29640524138780,29640524141108,29640524652368,1790296485814000000,sent
1466,29640529138780,29640529141442,29640529605405,1790296485819000000,sent
1467,29640534138780,29640534234923,29640534568368,1790296485824000000,sent
1468,29640539138780,29640539140071,29640539509145,1790296485829000000,sent
1469,29640544138780,29640544140405,29640544456145,1790296485834000000,sent
1470,29640549138780,29640549140331,29640549738664,1790296485839000000,sent
1471,29640554138780,29640554142442,29640554653442,1790296485844000000,sent
1472,29640559138780,29640559140738,29640559551108,1790296485849000000,sent
1473,29640564138780,29640564140034,29640564455738,1790296485854000000,sent
1474,29640569138780,29640569142405,29640569883627,1790296485859000000,sent
1475,29640574138780,29640574141849,29640574706516,1790296485864000000,sent
1476,29640579138780,29640579140145,29640579491960,1790296485869000000,sent
1477,29640584138780,29640584140516,29640584581997,1790296485874000000,sent
1478,29640589138780,29640589140516,29640589462886,1790296485879000000,sent
1479,29640594138780,29640594140368,29640594760219,1790296485884000000,sent
1480,29640599138780,29640599141553,29640599664960,1790296485889000000,sent
1481,29640604138780,29640604139923,29640604567664,1790296485894000000,sent
1482,29640609138780,29640609140997,29640609464627,1790296485899000000,sent
1483,29640614138780,29640614140516,29640614774627,1790296485904000000,sent
1484,29640619138780,29640619141886,29640619615886,1790296485909000000,sent
1485,29640624138780,29640624140108,29640624492442,1790296485914000000,sent
1486,29640629138780,29640629140997,29640629568219,1790296485919000000,sent
1487,29640634138780,29640634140886,29640634470923,1790296485924000000,sent
1488,29640639138780,29640639141738,29640639732923,1790296485929000000,sent
1489,29640644138780,29640644142886,29640644663516,1790296485934000000,sent
1490,29640649138780,29640649140997,29640649565701,1790296485939000000,sent
1491,29640654138780,29640654140368,29640654450775,1790296485944000000,sent
1492,29640659138780,29640659154034,29640659835256,1790296485949000000,sent
1493,29640664138780,29640664142590,29640664676590,1790296485954000000,sent
1494,29640669138780,29640669361923,29640669816812,1790296485959000000,sent
1495,29640674138780,29640674140442,29640674568627,1790296485964000000,sent
1496,29640679138780,29640679139738,29640679455071,1790296485969000000,sent
1497,29640684138780,29640684142997,29640684745960,1790296485974000000,sent
1498,29640689138780,29640689142256,29640689648960,1790296485979000000,sent
1499,29640694138780,29640694140923,29640694573182,1790296485984000000,sent
1500,29640699138780,29640699140627,29640699452108,1790296485989000000,sent
1501,29640704138780,29640704147738,29640704844479,1790296485994000000,sent
1502,29640709138780,29640709165738,29640709897923,1790296485999000000,sent
1503,29640714138780,29640714140256,29640714517479,1790296486004000000,sent
1504,29640719138780,29640719139516,29640719544479,1790296486009000000,sent
1505,29640724138780,29640724140997,29640724716071,1790296486014000000,sent
1506,29640729138780,29640729142034,29640729733627,1790296486019000000,sent
1507,29640734138780,29640734140516,29640734557627,1790296486024000000,sent
1508,29640739138780,29640739140034,29640739572071,1790296486029000000,sent
1509,29640744138780,29640744140256,29640744497145,1790296486034000000,sent
1510,29640749138780,29640749141219,29640749824145,1790296486039000000,sent
1511,29640754138780,29640754141256,29640754683886,1790296486044000000,sent
1512,29640759138780,29640759140738,29640759519405,1790296486049000000,sent
1513,29640764138780,29640764141034,29640764547627,1790296486054000000,sent
1514,29640769138780,29640769142145,29640769693293,1790296486059000000,sent
1515,29640774138780,29640774140590,29640774727849,1790296486064000000,sent
1516,29640779138780,29640779141960,29640779519960,1790296486069000000,sent
1517,29640784138780,29640784140553,29640784547664,1790296486074000000,sent
1518,29640789138780,29640789140442,29640789470775,1790296486079000000,sent
1519,29640794138780,29640794142405,29640794858590,1790296486084000000,sent
1520,29640799138780,29640799142479,29640799687330,1790296486089000000,sent
1521,29640804138780,29640804140293,29640804488256,1790296486094000000,sent
1522,29640809138780,29640809140405,29640809568479,1790296486099000000,sent
1523,29640814138780,29640814139812,29640814706960,1790296486104000000,sent
1524,29640819138780,29640819141775,29640819720960,1790296486109000000,sent
1525,29640824138780,29640824140442,29640824730627,1790296486114000000,sent
1526,29640829138780,29640829142034,29640829759812,1790296486119000000,sent
1527,29640834138780,29640834140405,29640834550923,1790296486124000000,sent
1528,29640839138780,29640839140701,29640839614256,1790296486129000000,sent
1529,29640844138780,29640844139701,29640844484997,1790296486134000000,sent
1530,29640849138780,29640849139923,29640849676960,1790296486139000000,sent
1531,29640854138780,29640854141812,29640854771997,1790296486144000000,sent
1532,29640859138780,29640859340442,29640859696960,1790296486149000000,sent
1533,29640864138780,29640864139960,29640864540738,1790296486154000000,sent
1534,29640869138780,29640869139849,29640869452590,1790296486159000000,sent
1535,29640874138780,29640874141367,29640874762738,1790296486164000000,sent
1536,29640879138780,29640879142442,29640879652108,1790296486169000000,sent
1537,29640884138780,29640884140182,29640884565701,1790296486174000000,sent
1538,29640889138780,29640889140367,29640889490849,1790296486179000000,sent
1539,29640894138780,29640894142812,29640894752627,1790296486184000000,sent
1540,29640899138780,29640899141923,29640899734627,1790296486189000000,sent
1541,29640904138780,29640904391145,29640904758034,1790296486194000000,sent
1542,29640909138780,29640909139627,29640909525886,1790296486199000000,sent
1543,29640914138780,29640914140441,29640914451627,1790296486204000000,sent
1544,29640919138780,29640919140849,29640919758404,1790296486209000000,sent
1545,29640924138780,29640924140034,29640924693441,1790296486214000000,sent
1546,29640929138780,29640929141219,29640929642479,1790296486219000000,sent
1547,29640934138780,29640934140627,29640934489627,1790296486224000000,sent
1548,29640939138780,29640939140627,29640939429108,1790296486229000000,sent
1549,29640944138780,29640944142701,29640944759071,1790296486234000000,sent
1550,29640949138780,29640949141553,29640949668219,1790296486239000000,sent
1551,29640954138780,29640954139664,29640954528997,1790296486244000000,sent
1552,29640959138780,29640959140849,29640959458441,1790296486249000000,sent
1553,29640964138780,29640964143182,29640964763330,1790296486254000000,sent
1554,29640969138780,29640969140701,29640969671330,1790296486259000000,sent
1555,29640974138780,29640974140108,29640974739553,1790296486264000000,sent
1556,29640979138780,29640979141478,29640979656516,1790296486269000000,sent
1557,29640984138780,29640984139664,29640984492293,1790296486274000000,sent
1558,29640989138780,29640989140923,29640989542219,1790296486279000000,sent
1559,29640994138780,29640994140219,29640994489034,1790296486284000000,sent
1560,29640999138780,29640999140627,29640999736627,1790296486289000000,sent
1561,29641004138780,29641004142960,29641004669923,1790296486294000000,sent
1562,29641009138780,29641009140145,29641009556034,1790296486299000000,sent
1563,29641014138780,29641014139886,29641014447108,1790296486304000000,sent
1564,29641019138780,29641019139960,29641019860738,1790296486309000000,sent
1565,29641024138780,29641024140738,29641024722071,1790296486314000000,sent
1566,29641029138780,29641029142960,29641030545367,1790296486319000000,sent
1567,29641034138780,29641034139664,29641034548627,1790296486324000000,sent
1568,29641039138780,29641039140367,29641039444701,1790296486329000000,sent
1569,29641044138780,29641044141997,29641044745293,1790296486334000000,sent
1570,29641049138780,29641049142367,29641049667071,1790296486339000000,sent
1571,29641054138780,29641054140553,29641054544627,1790296486344000000,sent
1572,29641059138780,29641059140960,29641059466849,1790296486349000000,sent
1573,29641064138780,29641064140553,29641064497330,1790296486354000000,sent
1574,29641069138780,29641069142330,29641069638108,1790296486359000000,sent
1575,29641074138780,29641074141182,29641074561849,1790296486364000000,sent
1576,29641079138780,29641079140330,29641079762664,1790296486369000000,sent
1577,29641084138780,29641084142849,29641084680182,1790296486374000000,sent
1578,29641089138780,29641089140923,29641089549590,1790296486379000000,sent
1579,29641094138780,29641094140034,29641094493145,1790296486384000000,sent
1580,29641099138780,29641099140182,29641099757849,1790296486389000000,sent
1581,29641104138780,29641104142849,29641104686404,1790296486394000000,sent
1582,29641109138780,29641109393775,29641109799664,1790296486399000000,sent
1583,29641114138780,29641114139775,29641114470108,1790296486404000000,sent
1584,29641119138780,29641119140738,29641119428404,1790296486409000000,sent
1585,29641124138780,29641124141627,29641124760590,1790296486414000000,sent
1586,29641129138780,29641129140071,29641129667552,1790296486419000000,sent
1587,29641134138780,29641134140108,29641134563886,1790296486424000000,sent
1588,29641139138780,29641139139960,29641139468219,1790296486429000000,sent
1589,29641144138780,29641144139960,29641144754812,1790296486434000000,sent
1590,29641149138780,29641149141590,29641149664701,1790296486439000000,sent
1591,29641154138780,29641154385108,29641154783404,1790296486444000000,sent
1592,29641159138780,29641159140441,29641159453664,1790296486449000000,sent
1593,29641164138780,29641164140071,29641164430478,1790296486454000000,sent
1594,29641169138780,29641169141256,29641169761034,1790296486459000000,sent
1595,29641174138780,29641174141034,29641174704219,1790296486464000000,sent
1596,29641179138780,29641179140627,29641179521664,1790296486469000000,sent
1597,29641184138780,29641184139923,29641184470886,1790296486474000000,sent
1598,29641189138780,29641189141219,29641189751738,1790296486479000000,sent
1599,29641194138780,29641194141552,29641194740960,1790296486484000000,sent
1600,29641199138780,29641219755034,29641220178034,1790296486509000000,sent
1601,29641204138780,29641220191367,29641220505219,1790296486510000000,sent
1602,29641209138780,29641220514441,29641220760219,1790296486510000000,sent
1603,29641214138780,29641220768960,29641221015145,1790296486510000000,sent
1604,29641219138780,29641221023886,29641221253108,1790296486510000000,sent
1605,29641224138780,29641224140701,29641224669182,1790296486514000000,sent
1606,29641229138780,29641229142108,29641229588738,1790296486519000000,sent
1607,29641234138780,29641234140367,29641234746293,1790296486524000000,sent
1608,29641239138780,29641239139775,29641239638108,1790296486529000000,sent
1609,29641244138780,29641244140775,29641244632330,1790296486534000000,sent
1610,29641249138780,29641249139478,29641249490404,1790296486539000000,sent
1611,29641254138780,29641254139441,29641254431219,1790296486544000000,sent
1612,29641259138780,29641259141960,29641259765145,1790296486549000000,sent
1613,29641264138780,29641264140034,29641264670738,1790296486554000000,sent
1614,29641269138780,29641269141219,29641269521293,1790296486559000000,sent
1615,29641274138780,29641274140182,29641274479997,1790296486564000000,sent
1616,29641279138780,29641279140293,29641279762145,1790296486569000000,sent
1617,29641284138780,29641284142293,29641284675330,1790296486574000000,sent
1618,29641289138780,29641289140552,29641289614256,1790296486579000000,sent
1619,29641294138780,29641294139626,29641294501441,1790296486584000000,sent
1620,29641299138780,29641299139997,29641299479441,1790296486589000000,sent
1621,29641304138780,29641304141589,29641304768849,1790296486594000000,sent
1622,29641309138780,29641309141478,29641309670478,1790296486599000000,sent
1623,29641314138780,29641314139997,29641314522034,1790296486604000000,sent
1624,29641319138780,29641319140663,29641319453997,1790296486609000000,sent
1625,29641324138780,29641324141145,29641324757663,1790296486614000000,sent
1626,29641329138780,29641329140478,29641329657515,1790296486619000000,sent
1627,29641334138780,29641334139663,29641334580663,1790296486624000000,sent
1628,29641339138780,29641339139552,29641339488589,1790296486629000000,sent
1629,29641344138780,29641344139812,29641344445663,1790296486634000000,sent
1630,29641349138780,29641349140886,29641349773145,1790296486639000000,sent
1631,29641354138780,29641354140738,29641354661738,1790296486644000000,sent
1632,29641359138780,29641359140552,29641359515330,1790296486649000000,sent
1633,29641364138780,29641364140478,29641364453478,1790296486654000000,sent
1634,29641369138780,29641369143478,29641369776589,1790296486659000000,sent
1635,29641374138780,29641374142367,29641374671886,1790296486664000000,sent
1636,29641379138780,29641379146589,29641379620478,1790296486669000000,sent
1637,29641384138780,29641384140441,29641384484145,1790296486674000000,sent
1638,29641389138780,29641389139478,29641389441256,1790296486679000000,sent
1639,29641394138780,29641394140478,29641394760441,1790296486684000000,sent
1640,29641399138780,29641399142145,29641399702589,1790296486689000000,sent
1641,29641404138780,29641404140034,29641404580626,1790296486694000000,sent
1642,29641409138780,29641409140589,29641409458849,1790296486699000000,sent
1643,29641414138780,29641414141663,29641414767145,1790296486704000000,sent
1644,29641419138780,29641419141256,29641419675034,1790296486709000000,sent
1645,29641424138780,29641424229775,29641424643478,1790296486714000000,sent
1646,29641429138780,29641429140589,29641429488886,1790296486719000000,sent
1647,29641434138780,29641434140478,29641434432923,1790296486724000000,sent
1648,29641439138780,29641439140256,29641439831330,1790296486729000000,sent
1649,29641444138780,29641444142849,29641444666404,1790296486734000000,sent
1650,29641449138780,29641449140108,29641449560997,1790296486739000000,sent
1651,29641454138780,29641454140886,29641454465145,1790296486744000000,sent
1652,29641459138780,29641459141923,29641459774775,1790296486749000000,sent
1653,29641464138780,29641464141515,29641464686997,1790296486754000000,sent
1654,29641469138780,29641469140960,29641469587293,1790296486759000000,sent
1655,29641474138780,29641474139737,29641474484478,1790296486764000000,sent
1656,29641479138780,29641479140034,29641479444552,1790296486769000000,sent
1657,29641484138780,29641484141849,29641484772812,1790296486774000000,sent
1658,29641489138780,29641489140737,29641489664515,1790296486779000000,sent
1659,29641494138780,29641494140589,29641494519960,1790296486784000000,sent
1660,29641499138780,29641499140219,29641499490626,1790296486789000000,sent
1661,29641504138780,29641504141293,29641504769034,1790296486794000000,sent
1662,29641509138780,29641509142256,29641509665219,1790296486799000000,sent
1663,29641514138780,29641514139960,29641514612923,1790296486804000000,sent
1664,29641519138780,29641519140404,29641519473997,1790296486809000000,sent
1665,29641524138780,29641524140552,29641524445886,1790296486814000000,sent
1666,29641529138780,29641529141404,29641529700960,1790296486819000000,sent
1667,29641534138780,29641534140774,29641534593589,1790296486824000000,sent
1668,29641539138780,29641539140478,29641540157034,1790296486829000000,sent
1669,29641544138780,29641544142552,29641544680923,1790296486834000000,sent
1670,29641549138780,29641549141071,29641549587256,1790296486839000000,sent
1671,29641554138780,29641554140478,29641554457256,1790296486844000000,sent
1672,29641559138780,29641559140960,29641559485515,1790296486849000000,sent
1673,29641564138780,29641564141367,29641564634589,1790296486854000000,sent
1674,29641569138780,29641569140811,29641569552700,1790296486859000000,sent
1675,29641574138780,29641574141515,29641574757367,1790296486864000000,sent
1676,29641579138780,29641579141478,29641579662515,1790296486869000000,sent
1677,29641584138780,29641584139960,29641584542256,1790296486874000000,sent
1678,29641589138780,29641589140256,29641589456145,1790296486879000000,sent
1679,29641594138780,29641594140478,29641594745441,1790296486884000000,sent
1680,29641599138780,29641599141034,29641599727737,1790296486889000000,sent
1681,29641604138780,29641604433886,29641604845811,1790296486894000000,sent
1682,29641609138780,29641609140663,29641609498145,1790296486899000000,sent
1683,29641614138780,29641614139552,29641614459700,1790296486904000000,sent
1684,29641619138780,29641619141960,29641619770960,1790296486909000000,sent
1685,29641624138780,29641624142923,29641624664145,1790296486914000000,sent
1686,29641629138780,29641629140811,29641629532108,1790296486919000000,sent
1687,29641634138780,29641634140960,29641634473589,1790296486924000000,sent
1688,29641639138780,29641639143071,29641639767811,1790296486929000000,sent
1689,29641644138780,29641644140404,29641644695182,1790296486934000000,sent
1690,29641649138780,29641649140404,29641649606478,1790296486939000000,sent
1691,29641654138780,29641654140256,29641654470589,1790296486944000000,sent
1692,29641659138780,29641659139737,29641659436478,1790296486949000000,sent
1693,29641664138780,29641664141663,29641664768700,1790296486954000000,sent
1694,29641669138780,29641669143071,29641669700515,1790296486959000000,sent
1695,29641674138780,29641674140404,29641674533478,1790296486964000000,sent
1696,29641679138780,29641679139848,29641679460923,1790296486969000000,sent
1697,29641684138780,29641684140774,29641684767626,1790296486974000000,sent
1698,29641689138780,29641689142404,29641689671811,1790296486979000000,sent
1699,29641694138780,29641694156034,29641694622626,1790296486984000000,sent
1700,29641699138780,29641699140256,29641699505700,1790296486989000000,sent
1701,29641704138780,29641704140774,29641704458108,1790296486994000000,sent
1702,29641709138780,29641709288626,29641710091737,1790296486999000000,sent
1703,29641714138780,29641714140145,29641714732293,1790296487004000000,sent
1704,29641719138780,29641719139663,29641719534478,1790296487009000000,sent
1705,29641724138780,29641724139960,29641724471478,1790296487014000000,sent
1706,29641729138780,29641729140774,29641729728737,1790296487019000000,sent
1707,29641734138780,29641734141367,29641734675774,1790296487024000000,sent
1708,29641739138780,29641739140256,29641739616589,1790296487029000000,sent
1709,29641744138780,29641744140515,29641744496330,1790296487034000000,sent
1710,29641749138780,29641749140700,29641749459589,1790296487039000000,sent
1711,29641754138780,29641754140441,29641754771478,1790296487044000000,sent
1712,29641759138780,29641759140293,29641759687515,1790296487049000000,sent
1713,29641764138780,29641764141515,29641764538811,1790296487054000000,sent
1714,29641769138780,29641769139367,29641769460108,1790296487059000000,sent
1715,29641774138780,29641774140182,29641774715774,1790296487064000000,sent
1716,29641779138780,29641779141774,29641779618811,1790296487069000000,sent
1717,29641784138780,29641784321589,29641784745663,1790296487074000000,sent
1718,29641789138780,29641789140256,29641789475589,1790296487079000000,sent
1719,29641794138780,29641794139922,29641794427997,1790296487084000000,sent
1720,29641799138780,29641799141182,29641799787774,1790296487089000000,sent
1721,29641804138780,29641804142626,29641805528589,1790296487094000000,sent
1722,29641809138780,29641809139922,29641809525922,1790296487099000000,sent
1723,29641814138780,29641814139589,29641814475997,1790296487104000000,sent
1724,29641819138780,29641819141922,29641819772626,1790296487109000000,sent
1725,29641824138780,29641824142182,29641824687108,1790296487114000000,sent
1726,29641829138780,29641829140959,29641829610478,1790296487119000000,sent
1727,29641834138780,29641834140737,29641834483404,1790296487124000000,sent
1728,29641839138780,29641839140589,29641839455515,1790296487129000000,sent
1729,29641844138780,29641844140885,29641844769404,1790296487134000000,sent
1730,29641849138780,29641849140515,29641849687922,1790296487139000000,sent
1731,29641854138780,29641854140404,29641854535700,1790296487144000000,sent
1732,29641859138780,29641859139367,29641859455589,1790296487149000000,sent
1733,29641864138780,29641864142034,29641864805922,1790296487154000000,sent
1734,29641869138780,29641869140663,29641869662848,1790296487159000000,sent
1735,29641874138780,29641874141996,29641874614996,1790296487164000000,sent
1736,29641879138780,29641879139848,29641879478293,1790296487169000000,sent
1737,29641884138780,29641884140922,29641884456922,1790296487174000000,sent
1738,29641889138780,29641889143034,29641889773589,1790296487179000000,sent
1739,29641894138780,29641894141367,29641894671959,1790296487184000000,sent
1740,29641899138780,29641899139700,29641899547885,1790296487189000000,sent
1741,29641904138780,29641904140700,29641904470811,1790296487194000000,sent
1742,29641909138780,29641909142700,29641909771182,1790296487199000000,sent
1743,29641914138780,29641914142293,29641914661441,1790296487204000000,sent
1744,29641919138780,29641919141033,29641919633330,1790296487209000000,sent
1745,29641924138780,29641924140552,29641924494478,1790296487214000000,sent
1746,29641929138780,29641929140848,29641929449996,1790296487219000000,sent
1747,29641934138780,29641934140737,29641934793700,1790296487224000000,sent
1748,29641939138780,29641939140848,29641939665182,1790296487229000000,sent
1749,29641944138780,29641944140182,29641944532071,1790296487234000000,sent
1750,29641949138780,29641949140589,29641949462885,1790296487239000000,sent
1751,29641954138780,29641954141589,29641954705922,1790296487244000000,sent
1752,29641959138780,29641959141071,29641959595589,1790296487249000000,sent
1753,29641964138780,29641964289885,29641964703108,1790296487254000000,sent
1754,29641969138780,29641969140182,29641969460478,1790296487259000000,sent
1755,29641974138780,29641974140774,29641974418219,1790296487264000000,sent
1756,29641979138780,29641979142330,29641979758626,1790296487269000000,sent
1757,29641984138780,29641984140293,29641984666404,1790296487274000000,sent
1758,29641989138780,29641989139441,29641989522293,1790296487279000000,sent
1759,29641994138780,29641994139996,29641994456033,1790296487284000000,sent
1760,29641999138780,29641999142774,29641999784404,1790296487289000000,sent
1761,29642004138780,29642004141663,29642004686663,1790296487294000000,sent
1762,29642009138780,29642009161145,29642009661070,1790296487299000000,sent
1763,29642014138780,29642014139626,29642014491182,1790296487304000000,sent
1764,29642019138780,29642019140441,29642019438219,1790296487309000000,sent
1765,29642024138780,29642024140700,29642024774033,1790296487314000000,sent
1766,29642029138780,29642029142219,29642029687515,1790296487319000000,sent
1767,29642034138780,29642034140145,29642034520107,1790296487324000000,sent
1768,29642039138780,29642039140959,29642039455663,1790296487329000000,sent
1769,29642044138780,29642044142070,29642044759330,1790296487334000000,sent
1770,29642049138780,29642049142145,29642049666256,1790296487339000000,sent
1771,29642054138780,29642054202441,29642054609515,1790296487344000000,sent
1772,29642059138780,29642059139774,29642059469219,1790296487349000000,sent
1773,29642064138780,29642064139330,29642064454367,1790296487354000000,sent
1774,29642069138780,29642069142922,29642069757589,1790296487359000000,sent
1775,29642074138780,29642074140737,29642074666478,1790296487364000000,sent
1776,29642079138780,29642079140219,29642079653737,1790296487369000000,sent
1777,29642084138780,29642084140478,29642084588367,1790296487374000000,sent
1778,29642089138780,29642089141589,29642089775922,1790296487379000000,sent
1779,29642094138780,29642094141552,29642094672922,1790296487384000000,sent
1780,29642099138780,29642099154589,29642099679885,1790296487389000000,sent
1781,29642104138780,29642104140367,29642104490774,1790296487394000000,sent
1782,29642109138780,29642109139885,29642109436996,1790296487399000000,sent
1783,29642114138780,29642114142626,29642114772552,1790296487404000000,sent
1784,29642119138780,29642119141996,29642119656996,1790296487409000000,sent
1785,29642124138780,29642124141033,29642124549811,1790296487414000000,sent
1786,29642129138780,29642129139441,29642129481182,1790296487419000000,sent
1787,29642134138780,29642134143033,29642134778959,1790296487424000000,sent
1788,29642139138780,29642139142552,29642139679478,1790296487429000000,sent
1789,29642144138780,29642144140589,29642144646033,1790296487434000000,sent
1790,29642149138780,29642149140033,29642149477256,1790296487439000000,sent
1791,29642154138780,29642154140182,29642154457811,1790296487444000000,sent
1792,29642159138780,29642159141552,29642159774626,1790296487449000000,sent
1793,29642164138780,29642164142330,29642164677774,1790296487454000000,sent
1794,29642169138780,29642169140070,29642169538107,1790296487459000000,sent
1795,29642174138780,29642174140181,29642174467663,1790296487464000000,sent
1796,29642179138780,29642179142996,29642179778885,1790296487469000000,sent
1797,29642184138780,29642184142515,29642184678033,1790296487474000000,sent
1798,29642189138780,29642189198107,29642189585144,1790296487479000000,sent
1799,29642194138780,29642194140219,29642194474033,1790296487484000000,sent
1800,29642199138780,29642220975478,29642221372774,1790296487510000000,sent
1801,29642204138780,29642221385737,29642221696959,1790296487511000000,sent
1802,29642209138780,29642221706070,29642221963478,1790296487511000000,sent
1803,29642214138780,29642221972848,29642222205663,1790296487511000000,sent
1804,29642219138780,29642222214218,29642222586885,1790296487512000000,sent
1805,29642224138780,29642224140700,29642224531996,1790296487514000000,sent
1806,29642229138780,29642229140033,29642229588885,1790296487519000000,sent
1807,29642234138780,29642234139737,29642234688181,1790296487524000000,sent
1808,29642239138780,29642239140033,29642239516626,1790296487529000000,sent
1809,29642244138780,29642244140626,29642244443626,1790296487534000000,sent
1810,29642249138780,29642249141293,29642249734885,1790296487539000000,sent
1811,29642254138780,29642254142293,29642254629515,1790296487544000000,sent
1812,29642259138780,29642259142404,29642259749811,1790296487549000000,sent
1813,29642264138780,29642264140922,29642264664107,1790296487554000000,sent
1814,29642269138780,29642269140070,29642269573700,1790296487559000000,sent
1815,29642274138780,29642274139774,29642274494293,1790296487564000000,sent
1816,29642279138780,29642279140515,29642279481885,1790296487569000000,sent
1817,29642284138780,29642284140848,29642284636663,1790296487574000000,sent
1818,29642289138780,29642289140218,29642289562144,1790296487579000000,sent
1819,29642294138780,29642294141811,29642294763811,1790296487584000000,sent
1820,29642299138780,29642299142255,29642299701218,1790296487589000000,sent
1821,29642304138780,29642304140478,29642304542441,1790296487594000000,sent
1822,29642309138780,29642309139774,29642309452218,1790296487599000000,sent
1823,29642314138780,29642314142774,29642314746885,1790296487604000000,sent
1824,29642319138780,29642319140033,29642319659922,1790296487609000000,sent
1825,29642324138780,29642324385959,29642324791441,1790296487614000000,sent
1826,29642329138780,29642329139404,29642329472367,1790296487619000000,sent
1827,29642334138780,29642334139811,29642334425737,1790296487624000000,sent
1828,29642339138780,29642339141255,29642339789663,1790296487629000000,sent
1829,29642344138780,29642344141922,29642345619922,1790296487634000000,sent
1830,29642349138780,29642349140663,29642349597218,1790296487639000000,sent
1831,29642354138780,29642354140107,29642354639922,1790296487644000000,sent
1832,29642359138780,29642359144033,29642359906700,1790296487649000000,sent
1833,29642364138780,29642364141996,29642364677367,1790296487654000000,sent
1834,29642369138780,29642369140626,29642369537774,1790296487659000000,sent
1835,29642374138780,29642374140478,29642374465330,1790296487664000000,sent
1836,29642379138780,29642379142330,29642379688922,1790296487669000000,sent
1837,29642384138780,29642384140700,29642384754626,1790296487674000000,sent
1838,29642389138780,29642389140626,29642389519626,1790296487679000000,sent
1839,29642394138780,29642394140626,29642394526367,1790296487684000000,sent
1840,29642399138780,29642399140441,29642399559552,1790296487689000000,sent
1841,29642404138780,29642404141292,29642404804292,1790296487694000000,sent
1842,29642409138780,29642409142033,29642409684441,1790296487699000000,sent
1843,29642414138780,29642414140292,29642414574885,1790296487704000000,sent
1844,29642419138780,29642419139959,29642419484292,1790296487709000000,sent
1845,29642424138780,29642424140885,29642424452885,1790296487714000000,sent
1846,29642429138780,29642429143107,29642429809478,1790296487719000000,sent
1847,29642434138780,29642434140811,29642434677070,1790296487724000000,sent
1848,29642439138780,29642439141033,29642439667589,1790296487729000000,sent
1849,29642444138780,29642444139774,29642444603033,1790296487734000000,sent
1850,29642449138780,29642449140626,29642449750774,1790296487739000000,sent
1851,29642454138780,29642454140441,29642454668441,1790296487744000000,sent
1852,29642459138780,29642459142218,29642459622811,1790296487749000000,sent
1853,29642464138780,29642464140663,29642464496737,1790296487754000000,sent
1854,29642469138780,29642469139959,29642469434996,1790296487759000000,sent
1855,29642474138780,29642474141700,29642474754515,1790296487764000000,sent
1856,29642479138780,29642479140811,29642479682848,1790296487769000000,sent
1857,29642484138780,29642484139922,29642484532922,1790296487774000000,sent
1858,29642489138780,29642489140181,29642489474181,1790296487779000000,sent
1859,29642494138780,29642494141441,29642494753515,1790296487784000000,sent
1860,29642499138780,29642499140922,29642499684515,1790296487789000000,sent
1861,29642504138780,29642504157552,29642504667848,1790296487794000000,sent
1862,29642509138780,29642509139848,29642509484070,1790296487799000000,sent
1863,29642514138780,29642514139663,29642514436366,1790296487804000000,sent
1864,29642519138780,29642519141404,29642519759366,1790296487809000000,sent
1865,29642524138780,29642524140255,29642524662589,1790296487814000000,sent
1866,29642529138780,29642529139885,29642529527959,1790296487819000000,sent
1867,29642534138780,29642534139885,29642534444922,1790296487824000000,sent
1868,29642539138780,29642539141292,29642539681515,1790296487829000000,sent
1869,29642544138780,29642544141848,29642544608922,1790296487834000000,sent
1870,29642549138780,29642549139589,29642549581589,1790296487839000000,sent
1871,29642554138780,29642554140033,29642554510959,1790296487844000000,sent
1872,29642559138780,29642559140663,29642559428774,1790296487849000000,sent
1873,29642564138780,29642564140774,29642564752515,1790296487854000000,sent
1874,29642569138780,29642569141885,29642569646329,1790296487859000000,sent
1875,29642574138780,29642574140255,29642574544070,1790296487864000000,sent
1876,29642579138780,29642579140515,29642579474366,1790296487869000000,sent
1877,29642584138780,29642584141589,29642584749292,1790296487874000000,sent
1878,29642589138780,29642589141959,29642589686515,1790296487879000000,sent
1879,29642594138780,29642594142885,29642594609478,1790296487884000000,sent
1880,29642599138780,29642599140996,29642599471440,1790296487889000000,sent
1881,29642604138780,29642604140107,29642604488403,1790296487894000000,sent
1882,29642609138780,29642609141626,29642609748033,1790296487899000000,sent
1883,29642614138780,29642614142737,29642614673329,1790296487904000000,sent
1884,29642619138780,29642619139811,29642619518589,1790296487909000000,sent
1885,29642624138780,29642624140070,29642624458292,1790296487914000000,sent
1886,29642629138780,29642629139885,29642629678329,1790296487919000000,sent
1887,29642634138780,29642634141292,29642634593626,1790296487924000000,sent
1888,29642639138780,29642639141107,29642639595552,1790296487929000000,sent
1889,29642644138780,29642644140107,29642644483144,1790296487934000000,sent
1890,29642649138780,29642649139922,29642649479774,1790296487939000000,sent
1891,29642654138780,29642654142515,29642654811848,1790296487944000000,sent
1892,29642659138780,29642659142774,29642659680589,1790296487949000000,sent
1893,29642664138780,29642664140700,29642664544329,1790296487954000000,sent
1894,29642669138780,29642669139811,29642669474181,1790296487959000000,sent
1895,29642674138780,29642674142477,29642674762848,1790296487964000000,sent
1896,29642679138780,29642679139811,29642679668218,1790296487969000000,sent
1897,29642684138780,29642684155515,29642684669107,1790296487974000000,sent
1898,29642689138780,29642689140885,29642689493070,1790296487979000000,sent
1899,29642694138780,29642694139515,29642694429218,1790296487984000000,sent
1900,29642699138780,29642699141885,29642699761107,1790296487989000000,sent
1901,29642704138780,29642704140218,29642704714552,1790296487994000000,sent
1902,29642709138780,29642709139737,29642709870181,1790296487999000000,sent
1903,29642714138780,29642714140144,29642714597255,1790296488004000000,sent
1904,29642719138780,29642719141959,29642719702552,1790296488009000000,sent
1905,29642724138780,29642724141033,29642724720626,1790296488014000000,sent
1906,29642729138780,29642729140218,29642729761144,1790296488019000000,sent
1907,29642734138780,29642734139885,29642734637885,1790296488024000000,sent
1908,29642739138780,29642739140885,29642739643959,1790296488029000000,sent
1909,29642744138780,29642744140144,29642744767552,1790296488034000000,sent
1910,29642749138780,29642749146218,29642749828774,1790296488039000000,sent
1911,29642754138780,29642754140403,29642754643848,1790296488044000000,sent
1912,29642759138780,29642759140181,29642759626663,1790296488049000000,sent
1913,29642764138780,29642764140144,29642764694255,1790296488054000000,sent
1914,29642769138780,29642769140218,29642769685107,1790296488059000000,sent
1915,29642774138780,29642774215440,29642774741552,1790296488064000000,sent
1916,29642779138780,29642779140514,29642779636329,1790296488069000000,sent
1917,29642784138780,29642784139403,29642784635514,1790296488074000000,sent
1918,29642789138780,29642789140292,29642789665514,1790296488079000000,sent
1919,29642794138780,29642794141144,29642794663292,1790296488084000000,sent
1920,29642799138780,29642799140514,29642799644477,1790296488089000000,sent
1921,29642804138780,29642804141292,29642804632033,1790296488094000000,sent
1922,29642809138780,29642809139551,29642809648329,1790296488099000000,sent
1923,29642814138780,29642814140774,29642814663959,1790296488104000000,sent
1924,29642819138780,29642819141070,29642819924514,1790296488109000000,sent
1925,29642824138780,29642824140700,29642824636700,1790296488114000000,sent
1926,29642829138780,29642829141292,29642829649551,1790296488119000000,sent
1927,29642834138780,29642834141144,29642834670329,1790296488124000000,sent
1928,29642839138780,29642839140218,29642839618588,1790296488129000000,sent
1929,29642844138780,29642844140477,29642844667774,1790296488134000000,sent
1930,29642849138780,29642849140774,29642849631070,1790296488139000000,sent
1931,29642854138780,29642854140403,29642854626663,1790296488144000000,sent
1932,29642859138780,29642859140181,29642859640218,1790296488149000000,sent
1933,29642864138780,29642864141181,29642864665848,1790296488154000000,sent
1934,29642869138780,29642869140033,29642869602366,1790296488159000000,sent
1935,29642874138780,29642874140218,29642874673514,1790296488164000000,sent
1936,29642879138780,29642879140366,29642879667588,1790296488169000000,sent
1937,29642884138780,29642884140996,29642884643366,1790296488174000000,sent
1938,29642889138780,29642889139626,29642889633255,1790296488179000000,sent
1939,29642894138780,29642894140366,29642894637181,1790296488184000000,sent
1940,29642899138780,29642899140996,29642899654329,1790296488189000000,sent
1941,29642904138780,29642904140033,29642904643959,1790296488194000000,sent
1942,29642909138780,29642909139959,29642909624440,1790296488199000000,sent
1943,29642914138780,29642914140514,29642914624811,1790296488204000000,sent
1944,29642919138780,29642919140700,29642919656625,1790296488209000000,sent
1945,29642924138780,29642924140033,29642924647144,1790296488214000000,sent
1946,29642929138780,29642929139959,29642929604292,1790296488219000000,sent
1947,29642934138780,29642934140996,29642934657551,1790296488224000000,sent
1948,29642939138780,29642939139700,29642939629625,1790296488229000000,sent
1949,29642944138780,29642944140366,29642944653922,1790296488234000000,sent
1950,29642949138780,29642949139737,29642949674848,1790296488239000000,sent
1951,29642954138780,29642954140070,29642954677996,1790296488244000000,sent
1952,29642959138780,29642959139922,29642959625477,1790296488249000000,sent
1953,29642964138780,29642964141588,29642964651885,1790296488254000000,sent
1954,29642969138780,29642969140292,29642969650959,1790296488259000000,sent
1955,29642974138780,29642974141218,29642974636440,1790296488264000000,sent
1956,29642979138780,29642979140662,29642979667218,1790296488269000000,sent
1957,29642984138780,29642984140403,29642984613403,1790296488274000000,sent
1958,29642989138780,29642989141070,29642989626366,1790296488279000000,sent
1959,29642994138780,29642994141218,29642994658737,1790296488284000000,sent
1960,29642999138780,29642999140033,29642999621774,1790296488289000000,sent
1961,29643004138780,29643004139959,29643004653514,1790296488294000000,sent
1962,29643009138780,29643009139885,29643009617848,1790296488299000000,sent
1963,29643014138780,29643014139625,29643014643848,1790296488304000000,sent
1964,29643019138780,29643019140700,29643019637551,1790296488309000000,sent
1965,29643024138780,29643024139996,29643024659477,1790296488314000000,sent
1966,29643029138780,29643029140440,29643029640737,1790296488319000000,sent
1967,29643034138780,29643034140848,29643034616033,1790296488324000000,sent
1968,29643039138780,29643039140662,29643039649848,1790296488329000000,sent
1969,29643044138780,29643044139848,29643044622625,1790296488334000000,sent
1970,29643049138780,29643049140255,29643049686959,1790296488339000000,sent
1971,29643054138780,29643054139811,29643054659774,1790296488344000000,sent
1972,29643059138780,29643059140848,29643059643588,1790296488349000000,sent
1973,29643064138780,29643064243811,29643064727255,1790296488354000000,sent
1974,29643069138780,29643069140737,29643069626551,1790296488359000000,sent
1975,29643074138780,29643074141033,29643074660699,1790296488364000000,sent
1976,29643079138780,29643079140403,29643079620255,1790296488369000000,sent
1977,29643084138780,29643084140329,29643084624588,1790296488374000000,sent
1978,29643089138780,29643089140662,29643089637662,1790296488379000000,sent
1979,29643094138780,29643094140885,29643094678996,1790296488384000000,sent
1980,29643099138780,29643099140514,29643099622107,1790296488389000000,sent
1981,29643104138780,29643104139996,29643104648885,1790296488394000000,sent
1982,29643109138780,29643109140922,29643109627662,1790296488399000000,sent
1983,29643114138780,29643114140959,29643114623218,1790296488404000000,sent
1984,29643119138780,29643119139996,29643119664255,1790296488409000000,sent
1985,29643124138780,29643124140514,29643124618922,1790296488414000000,sent
1986,29643129138780,29643129140959,29643129645625,1790296488419000000,sent
1987,29643134138780,29643134140477,29643134661588,1790296488424000000,sent
1988,29643139138780,29643139141551,29643139647403,1790296488429000000,sent
1989,29643144138780,29643144139885,29643144655329,1790296488434000000,sent
1990,29643149138780,29643149139959,29643149633922,1790296488439000000,sent
1991,29643154138780,29643154140811,29643154621403,1790296488444000000,sent
1992,29643159138780,29643159140181,29643159636440,1790296488449000000,sent
1993,29643164138780,29643164140736,29643164630440,1790296488454000000,sent
1994,29643169138780,29643169140329,29643169649811,1790296488459000000,sent
1995,29643174138780,29643174141255,29643174624588,1790296488464000000,sent
1996,29643179138780,29643179140662,29643179623255,1790296488469000000,sent
1997,29643184138780,29643184140699,29643184641070,1790296488474000000,sent
1998,29643189138780,29643189139848,29643189624736,1790296488479000000,sent
1999,29643194138780,29643194139885,29643194660736,1790296488484000000,sent
2000,29643199138780,29643223287885,29643223794551,1790296488513000000,sent
2001,29643204138780,29643223813144,29643224343514,1790296488513000000,sent
2002,29643209138780,29643224361551,29643224748885,1790296488514000000,sent
2003,29643214138780,29643224764477,29643225140440,1790296488514000000,sent
2004,29643219138780,29643225154366,29643225463107,1790296488515000000,sent
2005,29643224138780,29643225474736,29643225739551,1790296488515000000,sent
2006,29643229138780,29643229139848,29643229663403,1790296488519000000,sent
2007,29643234138780,29643234139922,29643234675514,1790296488524000000,sent
2008,29643239138780,29643239139848,29643239676848,1790296488529000000,sent
2009,29643244138780,29643244140070,29643244664440,1790296488534000000,sent
2010,29643249138780,29643249140551,29643249647366,1790296488539000000,sent
2011,29643254138780,29643254141144,29643254667218,1790296488544000000,sent
2012,29643259138780,29643259140070,29643259649588,1790296488549000000,sent
2013,29643264138780,29643264140588,29643264634070,1790296488554000000,sent
2014,29643269138780,29643269141070,29643269910070,1790296488559000000,sent
2015,29643274138780,29643274140699,29643274671736,1790296488564000000,sent
2016,29643279138780,29643279140033,29643279631070,1790296488569000000,sent
2017,29643284138780,29643284140107,29643284673551,1790296488574000000,sent
2018,29643289138780,29643289139922,29643289665922,1790296488579000000,sent
2019,29643294138780,29643294140033,29643294656070,1790296488584000000,sent
2020,29643299138780,29643299140847,29643299625810,1790296488589000000,sent
2021,29643304138780,29643304140292,29643304650292,1790296488594000000,sent
2022,29643309138780,29643309141329,29643309645810,1790296488599000000,sent
2023,29643314138780,29643314220625,29643314938996,1790296488604000000,sent
2024,29643319138780,29643319140996,29643319634588,1790296488609000000,sent
2025,29643324138780,29643324141033,29643324643551,1790296488614000000,sent
2026,29643329138780,29643329141255,29643329670551,1790296488619000000,sent
2027,29643334138780,29643334140699,29643334620625,1790296488624000000,sent
2028,29643339138780,29643339140033,29643339679736,1790296488629000000,sent
2029,29643344138780,29643344140218,29643344631810,1790296488634000000,sent
2030,29643349138780,29643349140033,29643349652662,1790296488639000000,sent
2031,29643354138780,29643354139699,29643354623218,1790296488644000000,sent
2032,29643359138780,29643359141477,29643359941070,1790296488649000000,sent
2033,29643364138780,29643364140218,29643364652366,1790296488654000000,sent
2034,29643369138780,29643369140959,29643369661477,1790296488659000000,sent
2035,29643374138780,29643374139810,29643374659662,1790296488664000000,sent
2036,29643379138780,29643379139996,29643379627440,1790296488669000000,sent
2037,29643384138780,29643384139736,29643384644218,1790296488674000000,sent
2038,29643389138780,29643389139699,29643389630884,1790296488679000000,sent
2039,29643394138780,29643394139810,29643394647366,1790296488684000000,sent
2040,29643399138780,29643399141366,29643399658366,1790296488689000000,sent
2041,29643404138780,29643404140477,29643405287070,1790296488694000000,sent
2042,29643409138780,29643409140662,29643409646181,1790296488699000000,sent
2043,29643414138780,29643414139588,29643414644736,1790296488704000000,sent
2044,29643419138780,29643419140921,29643419666810,1790296488709000000,sent
2045,29643424138780,29643424140107,29643424628070,1790296488714000000,sent
2046,29643429138780,29643429141514,29643429662921,1790296488719000000,sent
2047,29643434138780,29643434140996,29643434535921,1790296488724000000,sent
2048,29643439138780,29643439140625,29643439607662,1790296488729000000,sent
2049,29643444138780,29643444139996,29643444483181,1790296488734000000,sent
2050,29643449138780,29643449140514,29643450037699,1790296488739000000,sent
2051,29643454138780,29643454140107,29643454565847,1790296488744000000,sent
2052,29643459138780,29643459139996,29643459481514,1790296488749000000,sent
2053,29643464138780,29643464140218,29643464583181,1790296488754000000,sent
2054,29643469138780,29643469139366,29643469464070,1790296488759000000,sent
2055,29643474138780,29643474141070,29643474541477,1790296488764000000,sent
2056,29643479138780,29643479141440,29643479659958,1790296488769000000,sent
2057,29643484138780,29643484140884,29643484745699,1790296488774000000,sent
2058,29643489138780,29643489139996,29643489525070,1790296488779000000,sent
2059,29643494138780,29643494196810,29643494749921,1790296488784000000,sent
2060,29643499138780,29643499140699,29643499746921,1790296488789000000,sent
2061,29643504138780,29643504141181,29643504702144,1790296488794000000,sent
2062,29643509138780,29643509140292,29643509633588,1790296488799000000,sent
2063,29643514138780,29643514140218,29643514510588,1790296488804000000,sent
2064,29643519138780,29643519141958,29643519756514,1790296488809000000,sent
2065,29643524138780,29643524140958,29643524681921,1790296488814000000,sent
2066,29643529138780,29643529139995,29643529588699,1790296488819000000,sent
2067,29643534138780,29643534140995,29643534490514,1790296488824000000,sent
2068,29643539138780,29643539139921,29643540330699,1790296488829000000,sent
2069,29643544138780,29643544140107,29643544582070,1790296488834000000,sent
2070,29643549138780,29643549141995,29643549632995,1790296488839000000,sent
2071,29643554138780,29643554141847,29643554761810,1790296488844000000,sent
2072,29643559138780,29643559141514,29643559505144,1790296488849000000,sent
2073,29643564138780,29643564140218,29643564538366,1790296488854000000,sent
2074,29643569138780,29643569140440,29643569448477,1790296488859000000,sent
2075,29643574138780,29643574141551,29643574777107,1790296488864000000,sent
2076,29643579138780,29643579141736,29643579660921,1790296488869000000,sent
2077,29643584138780,29643584140810,29643585038551,1790296488874000000,sent
2078,29643589138780,29643589140921,29643589494070,1790296488879000000,sent
2079,29643594138780,29643594140329,29643594641810,1790296488884000000,sent
2080,29643599138780,29643599140144,29643599759403,1790296488889000000,sent
2081,29643604138780,29643604141144,29643604541625,1790296488894000000,sent
2082,29643609138780,29643609140884,29643609572329,1790296488899000000,sent
2083,29643614138780,29643614140810,29643614467218,1790296488904000000,sent
2084,29643619138780,29643619140292,29643619779588,1790296488909000000,sent
2085,29643624138780,29643624142773,29643625540255,1790296488914000000,sent
2086,29643629138780,29643629139921,29643629557773,1790296488919000000,sent
2087,29643634138780,29643634139995,29643634569699,1790296488924000000,sent
2088,29643639138780,29643639141070,29643639714810,1790296488929000000,sent
2089,29643644138780,29643644142292,29643644736144,1790296488934000000,sent
2090,29643649138780,29643649337847,29643649694662,1790296488939000000,sent
2091,29643654138780,29643654140662,29643654630810,1790296488944000000,sent
2092,29643659138780,29643659140292,29643659488477,1790296488949000000,sent
2093,29643664138780,29643664140958,29643664784181,1790296488954000000,sent
2094,29643669138780,29643669140921,29643670518292,1790296488959000000,sent
2095,29643674138780,29643674139403,29643674567403,1790296488964000000,sent
2096,29643679138780,29643679139810,29643679571218,1790296488969000000,sent
2097,29643684138780,29643684140551,29643684804514,1790296488974000000,sent
2098,29643689138780,29643689140292,29643689783181,1790296488979000000,sent
2099,29643694138780,29643694358440,29643694739847,1790296488984000000,sent
2100,29643699138780,29643699139921,29643699540144,1790296488989000000,sent
2101,29643704138780,29643704140107,29643704458440,1790296488994000000,sent
2102,29643709138780,29643709140921,29643709793440,1790296488999000000,sent
2103,29643714138780,29643714141699,29643714725810,1790296489004000000,sent
2104,29643719138780,29643719146144,29643719542218,1790296489009000000,sent
2105,29643724138780,29643724140847,29643724499144,1790296489014000000,sent
2106,29643729138780,29643729141440,29643729730773,1790296489019000000,sent
2107,29643734138780,29643734142032,29643734778551,1790296489024000000,sent
2108,29643739138780,29643739141736,29643739607292,1790296489029000000,sent
2109,29643744138780,29643744264106,29643744817551,1790296489034000000,sent
2110,29643749138780,29643749277181,29643749709773,1790296489039000000,sent
2111,29643754138780,29643754140921,29643754558662,1790296489044000000,sent
2112,29643759138780,29643759140662,29643759560255,1790296489049000000,sent
2113,29643764138780,29643764141366,29643764745440,1790296489054000000,sent
2114,29643769138780,29643769141218,29643769730329,1790296489059000000,sent
2115,29643774138780,29643774140551,29643774494292,1790296489064000000,sent
2116,29643779138780,29643779140662,29643779607847,1790296489069000000,sent
2117,29643784138780,29643784141218,29643784718921,1790296489074000000,sent
2118,29643789138780,29643789140255,29643789708847,1790296489079000000,sent
2119,29643794138780,29643794139884,29643794517181,1790296489084000000,sent
2120,29643799138780,29643799140884,29643799513143,1790296489089000000,sent
2121,29643804138780,29643804139477,29643804467958,1790296489094000000,sent
2122,29643809138780,29643809140625,29643809755588,1790296489099000000,sent
2123,29643814138780,29643814141106,29643815518773,1790296489104000000,sent
2124,29643819138780,29643819140477,29643819468032,1790296489109000000,sent
2125,29643824138780,29643824139810,29643824504255,1790296489114000000,sent
2126,29643829138780,29643829141440,29643829691514,1790296489119000000,sent
2127,29643834138780,29643834142032,29643834723366,1790296489124000000,sent
2128,29643839138780,29643839140218,29643839498921,1790296489129000000,sent
2129,29643844138780,29643844140847,29643844564921,1790296489134000000,sent
2130,29643849138780,29643849140180,29643849478403,1790296489139000000,sent
2131,29643854138780,29643854140958,29643854734292,1790296489144000000,sent
2132,29643859138780,29643859140255,29643860518699,1790296489149000000,sent
2133,29643864138780,29643864140403,29643864470403,1790296489154000000,sent
2134,29643869138780,29643869139625,29643869495625,1790296489159000000,sent
2135,29643874138780,29643874141366,29643874672662,1790296489164000000,sent
2136,29643879138780,29643879141662,29643879700329,1790296489169000000,sent
2137,29643884138780,29643884378106,29643884722440,1790296489174000000,sent
2138,29643889138780,29643889140884,29643889510292,1790296489179000000,sent
2139,29643894138780,29643894139847,29643894438662,1790296489184000000,sent
2140,29643899138780,29643899142180,29643899769255,1790296489189000000,sent
2141,29643904138780,29643904142180,29643905530810,1790296489194000000,sent
2142,29643909138780,29643909140699,29643909484069,1790296489199000000,sent
2143,29643914138780,29643914139884,29643914512662,1790296489204000000,sent
2144,29643919138780,29643919140477,29643919612477,1790296489209000000,sent
2145,29643924138780,29643924141662,29643924612958,1790296489214000000,sent
2146,29643929138780,29643929140255,29643929505217,1790296489219000000,sent
2147,29643934138780,29643934140514,29643934536810,1790296489224000000,sent
2148,29643939138780,29643939140329,29643939463588,1790296489229000000,sent
2149,29643944138780,29643944142625,29643944742884,1790296489234000000,sent
2150,29643949138780,29643949141143,29643950528217,1790296489239000000,sent
2151,29643954138780,29643954140884,29643954469662,1790296489244000000,sent
2152,29643959138780,29643959139588,29643959511477,1790296489249000000,sent
2153,29643964138780,29643964142699,29643964728180,1790296489254000000,sent
2154,29643969138780,29643969142366,29643969696477,1790296489259000000,sent
2155,29643974138780,29643974331884,29643974670588,1790296489264000000,sent
2156,29643979138780,29643979140625,29643979505736,1790296489269000000,sent
2157,29643984138780,29643984140810,29643984455403,1790296489274000000,sent
2158,29643989138780,29643989153958,29643989720662,1790296489279000000,sent
2159,29643994138780,29643994142366,29643995514069,1790296489284000000,sent
2160,29643999138780,29643999140847,29643999475810,1790296489289000000,sent
2161,29644004138780,29644004141032,29644004525773,1790296489294000000,sent
2162,29644009138780,29644009140106,29644009705736,1790296489299000000,sent
2163,29644014138780,29644014140551,29644014702736,1790296489304000000,sent
2164,29644019138780,29644019346329,29644019696736,1790296489309000000,sent
2165,29644024138780,29644024139551,29644024508254,1790296489314000000,sent
2166,29644029138780,29644029139921,29644029459588,1790296489319000000,sent
2167,29644034138780,29644034141884,29644034701180,1790296489324000000,sent
2168,29644039138780,29644039140551,29644040514958,1790296489329000000,sent
2169,29644044138780,29644044140366,29644044481810,1790296489334000000,sent
2170,29644049138780,29644049140032,29644049512403,1790296489339000000,sent
2171,29644054138780,29644054141995,29644054680069,1790296489344000000,sent
2172,29644059138780,29644059142551,29644059683921,1790296489349000000,sent
2173,29644064138780,29644064384699,29644064730958,1790296489354000000,sent
2174,29644069138780,29644069140551,29644069508773,1790296489359000000,sent
2175,29644074138780,29644074140699,29644074436069,1790296489364000000,sent
2176,29644079138780,29644079140291,29644079692551,1790296489369000000,sent
2177,29644084138780,29644084142254,29644085512328,1790296489374000000,sent
2178,29644089138780,29644089139514,29644089467773,1790296489379000000,sent
2179,29644094138780,29644094140366,29644094514736,1790296489384000000,sent
2180,29644099138780,29644099140921,29644099438551,1790296489389000000,sent
2181,29644104138780,29644104213662,29644104826588,1790296489394000000,sent
2182,29644109138780,29644109142847,29644110518958,1790296489399000000,sent
2183,29644114138780,29644114139440,29644114531106,1790296489404000000,sent
2184,29644119138780,29644119140625,29644119445106,1790296489409000000,sent
2185,29644124138780,29644124142106,29644124710921,1790296489414000000,sent
2186,29644129138780,29644129142699,29644129672551,1790296489419000000,sent
2187,29644134138780,29644134334328,29644134658143,1790296489424000000,sent
2188,29644139138780,29644139140884,29644139509699,1790296489429000000,sent
2189,29644144138780,29644144140958,29644144443477,1790296489434000000,sent
2190,29644149138780,29644149142069,29644149725106,1790296489439000000,sent
2191,29644154138780,29644154140662,29644154647032,1790296489444000000,sent
2192,29644159138780,29644159140403,29644159534403,1790296489449000000,sent
2193,29644164138780,29644164140847,29644164459477,1790296489454000000,sent
2194,29644169138780,29644169143291,29644170117847,1790296489459000000,sent
2195,29644174138780,29644174139847,29644174681217,1790296489464000000,sent
2196,29644179138780,29644179140143,29644179507588,1790296489469000000,sent
2197,29644184138780,29644184140921,29644184545440,1790296489474000000,sent
2198,29644189138780,29644189140440,29644189452328,1790296489479000000,sent
2199,29644194138780,29644194141069,29644194735403,1790296489484000000,sent
2200,29644199138780,29644228501143,29644228894069,1790296489518000000,sent
2201,29644204138780,29644228907477,29644229207662,1790296489518000000,sent
2202,29644209138780,29644229216736,29644229468032,1790296489519000000,sent
2203,29644214138780,29644229476514,29644229702662,1790296489519000000,sent
2204,29644219138780,29644229710995,29644229944328,1790296489519000000,sent
2205,29644224138780,29644229952625,29644230175958,1790296489519000000,sent
2206,29644229138780,29644230183810,29644230417773,1790296489520000000,sent
2207,29644234138780,29644234141699,29644234599291,1790296489524000000,sent
2208,29644239138780,29644239141254,29644239590402,1790296489529000000,sent
2209,29644244138780,29644244141143,29644244624477,1790296489534000000,sent
2210,29644249138780,29644249141291,29644249697143,1790296489539000000,sent
2211,29644254138780,29644254139995,29644254504440,1790296489544000000,sent
2212,29644259138780,29644259139736,29644259487291,1790296489549000000,sent
2213,29644264138780,29644264140477,29644264485328,1790296489554000000,sent
2214,29644269138780,29644269141662,29644269674143,1790296489559000000,sent
2215,29644274138780,29644274141514,29644275557847,1790296489564000000,sent
2216,29644279138780,29644279140958,29644279474106,1790296489569000000,sent
2217,29644284138780,29644284140439,29644284513810,1790296489574000000,sent
2218,29644289138780,29644289139810,29644289435995,1790296489579000000,sent
2219,29644294138780,29644294139995,29644294746106,1790296489584000000,sent
2220,29644299138780,29644299142217,29644300486106,1790296489589000000,sent
2221,29644304138780,29644304140180,29644304507551,1790296489594000000,sent
2222,29644309138780,29644309140069,29644309500514,1790296489599000000,sent
2223,29644314138780,29644314140106,29644314697180,1790296489604000000,sent
2224,29644319138780,29644319142477,29644319704106,1790296489609000000,sent
2225,29644324138780,29644324381254,29644324733106,1790296489614000000,sent
2226,29644329138780,29644329141032,29644329501625,1790296489619000000,sent
2227,29644334138780,29644334140810,29644334456217,1790296489624000000,sent
2228,29644339138780,29644339140847,29644339751662,1790296489629000000,sent
2229,29644344138780,29644344142402,29644345508588,1790296489634000000,sent
2230,29644349138780,29644349140884,29644349502291,1790296489639000000,sent
2231,29644354138780,29644354140514,29644354465847,1790296489644000000,sent
2232,29644359138780,29644359140699,29644359665514,1790296489649000000,sent
2233,29644364138780,29644364140254,29644364699847,1790296489654000000,sent
2234,29644369138780,29644369140254,29644369503291,1790296489659000000,sent
2235,29644374138780,29644374140736,29644374509402,1790296489664000000,sent
2236,29644379138780,29644379140958,29644379446847,1790296489669000000,sent
2237,29644384138780,29644384141699,29644384746143,1790296489674000000,sent
2238,29644389138780,29644389140032,29644390493365,1790296489679000000,sent
2239,29644394138780,29644394140254,29644394495328,1790296489684000000,sent
2240,29644399138780,29644399139921,29644399463328,1790296489689000000,sent
2241,29644404138780,29644404141143,29644404673810,1790296489694000000,sent
2242,29644409138780,29644409140995,29644409739995,1790296489699000000,sent
2243,29644414138780,29644414344365,29644414707217,1790296489704000000,sent
2244,29644419138780,29644419139699,29644419527180,1790296489709000000,sent
2245,29644424138780,29644424140106,29644424451810,1790296489714000000,sent
2246,29644429138780,29644429142291,29644429744032,1790296489719000000,sent
2247,29644434138780,29644434141328,29644435503773,1790296489724000000,sent
2248,29644439138780,29644439139365,29644439501847,1790296489729000000,sent
2249,29644444138780,29644444140625,29644444470995,1790296489734000000,sent
2250,29644449138780,29644449139995,29644449682402,1790296489739000000,sent
2251,29644454138780,29644454141588,29644454741402,1790296489744000000,sent
2252,29644459138780,29644459142439,29644459495662,1790296489749000000,sent
2253,29644464138780,29644464139995,29644464519476,1790296489754000000,sent
2254,29644469138780,29644469139328,29644469432217,1790296489759000000,sent
2255,29644474138780,29644474140662,29644474739625,1790296489764000000,sent
2256,29644479138780,29644479142847,29644479695365,1790296489769000000,sent
2257,29644484138780,29644484380995,29644484780291,1790296489774000000,sent
2258,29644489138780,29644489140884,29644489469550,1790296489779000000,sent
2259,29644494138780,29644494140328,29644494423365,1790296489784000000,sent
2260,29644499138780,29644499142476,29644499744588,1790296489789000000,sent
2261,29644504138780,29644504141736,29644505504106,1790296489794000000,sent
2262,29644509138780,29644509139625,29644509676254,1790296489799000000,sent
2263,29644514138780,29644514140402,29644514466069,1790296489804000000,sent
2264,29644519138780,29644519142032,29644519739513,1790296489809000000,sent
2265,29644524138780,29644524142254,29644524732736,1790296489814000000,sent
2266,29644529138780,29644529391958,29644529779328,1790296489819000000,sent
2267,29644534138780,29644534139773,29644534454921,1790296489824000000,sent
2268,29644539138780,29644539140662,29644539426699,1790296489829000000,sent
2269,29644544138780,29644544140995,29644544751180,1790296489834000000,sent
2270,29644549138780,29644549141625,29644550499513,1790296489839000000,sent
2271,29644554138780,29644554140699,29644554511291,1790296489844000000,sent
2272,29644559138780,29644559139810,29644559448736,1790296489849000000,sent
2273,29644564138780,29644564141291,29644564742254,1790296489854000000,sent
2274,29644569138780,29644569142476,29644569649402,1790296489859000000,sent
2275,29644574138780,29644574353587,29644574746143,1790296489864000000,sent
2276,29644579138780,29644579139439,29644579453291,1790296489869000000,sent
2277,29644584138780,29644584140476,29644584425587,1790296489874000000,sent
2278,29644589138780,29644589141143,29644589749736,1790296489879000000,sent
2279,29644594138780,29644594141143,29644594666439,1790296489884000000,sent
2280,29644599138780,29644599139624,29644599519995,1790296489889000000,sent
2281,29644604138780,29644604139995,29644604460736,1790296489894000000,sent
2282,29644609138780,29644609142476,29644609750069,1790296489899000000,sent
2283,29644614138780,29644614141995,29644614679995,1790296489904000000,sent
2284,29644619138780,29644619400884,29644619801439,1790296489909000000,sent
2285,29644624138780,29644624140847,29644624486513,1790296489914000000,sent
2286,29644629138780,29644629140662,29644629433069,1790296489919000000,sent
2287,29644634138780,29644634141217,29644634747476,1790296489924000000,sent
2288,29644639138780,29644639141402,29644640477513,1790296489929000000,sent
2289,29644644138780,29644644140291,29644644519699,1790296489934000000,sent
2290,29644649138780,29644649140328,29644649443365,1790296489939000000,sent
2291,29644654138780,29644654141217,29644654744550,1790296489944000000,sent
2292,29644659138780,29644659142143,29644659670587,1790296489949000000,sent
2293,29644664138780,29644664419143,29644664808254,1790296489954000000,sent
2294,29644669138780,29644669139476,29644669440661,1790296489959000000,sent
2295,29644674138780,29644674140513,29644674431624,1790296489964000000,sent
2296,29644679138780,29644679140254,29644679737106,1790296489969000000,sent
2297,29644684138780,29644684141810,29644685496291,1790296489974000000,sent
2298,29644689138780,29644689140513,29644689509143,1790296489979000000,sent
2299,29644694138780,29644694139587,29644694448032,1790296489984000000,sent
2300,29644699138780,29644699141699,29644699731106,1790296489989000000,sent
2301,29644704138780,29644704140291,29644704656217,1790296489994000000,sent
2302,29644709138780,29644709192217,29644709859661,1790296489999000000,sent
2303,29644714138780,29644714139661,29644714549143,1790296490004000000,sent
2304,29644719138780,29644719140587,29644719482884,1790296490009000000,sent
2305,29644724138780,29644724141587,29644724752143,1790296490014000000,sent
2306,29644729138780,29644729140476,29644729678328,1790296490019000000,sent
2307,29644734138780,29644734141180,29644734531810,1790296490024000000,sent
2308,29644739138780,29644739139365,29644739457847,1790296490029000000,sent
2309,29644744138780,29644744142069,29644744741180,1790296490034000000,sent
2310,29644749138780,29644749142587,29644749657847,1790296490039000000,sent
2311,29644754138780,29644754144921,29644754605069,1790296490044000000,sent
2312,29644759138780,29644759139736,29644759462736,1790296490049000000,sent
2313,29644764138780,29644764139958,29644764482254,1790296490054000000,sent
2314,29644769138780,29644769142995,29644769831958,1790296490059000000,sent
2315,29644774138780,29644774142328,29644775531884,1790296490064000000,sent
2316,29644779138780,29644779139773,29644779528143,1790296490069000000,sent
2317,29644784138780,29644784140143,29644784500735,1790296490074000000,sent
2318,29644789138780,29644789141550,29644789735254,1790296490079000000,sent
2319,29644794138780,29644794142291,29644794651439,1790296490084000000,sent
2320,29644799138780,29644799141550,29644799747291,1790296490089000000,sent
2321,29644804138780,29644804140995,29644804596884,1790296490094000000,sent
2322,29644809138780,29644809141921,29644809691291,1790296490099000000,sent
2323,29644814138780,29644814140106,29644814751402,1790296490104000000,sent
2324,29644819138780,29644819140180,29644819533032,1790296490109000000,sent
2325,29644824138780,29644824139884,29644824520143,1790296490114000000,sent
2326,29644829138780,29644829139958,29644829437661,1790296490119000000,sent
2327,29644834138780,29644834143217,29644834742884,1790296490124000000,sent
2328,29644839138780,29644839141661,29644839648439,1790296490129000000,sent
2329,29644844138780,29644844190217,29644844563365,1790296490134000000,sent
2330,29644849138780,29644849140513,29644849479550,1790296490139000000,sent
2331,29644854138780,29644854140143,29644854420328,1790296490144000000,sent
2332,29644859138780,29644859140995,29644859739476,1790296490149000000,sent
2333,29644864138780,29644864141624,29644864654995,1790296490154000000,sent
2334,29644869138780,29644869140661,29644869510958,1790296490159000000,sent
2335,29644874138780,29644874139550,29644874442513,1790296490164000000,sent
2336,29644879138780,29644879143032,29644879789106,1790296490169000000,sent
2337,29644884138780,29644884140069,29644884760032,1790296490174000000,sent
2338,29644889138780,29644889139439,29644889793217,1790296490179000000,sent
2339,29644894138780,29644894140809,29644894503624,1790296490184000000,sent
2340,29644899138780,29644899140772,29644899430217,1790296490189000000,sent
2341,29644904138780,29644904142365,29644904744847,1790296490194000000,sent
2342,29644909138780,29644909140921,29644909717402,1790296490199000000,sent
2343,29644914138780,29644914140809,29644914552476,1790296490204000000,sent
2344,29644919138780,29644919139772,29644919486884,1790296490209000000,sent
2345,29644924138780,29644924140995,29644924753809,1790296490214000000,sent
2346,29644929138780,29644929141365,29644929689180,1790296490219000000,sent
2347,29644934138780,29644934190550,29644934738513,1790296490224000000,sent
2348,29644939138780,29644939140698,29644939527958,1790296490229000000,sent
2349,29644944138780,29644944140402,29644944695921,1790296490234000000,sent
2350,29644949138780,29644949142180,29644949700180,1790296490239000000,sent
2351,29644954138780,29644954139735,29644954485772,1790296490244000000,sent
2352,29644959138780,29644959140365,29644959493809,1790296490249000000,sent
2353,29644964138780,29644964139884,29644964453365,1790296490254000000,sent
2354,29644969138780,29644969142698,29644969740476,1790296490259000000,sent
2355,29644974138780,29644974141735,29644975498032,1790296490264000000,sent
2356,29644979138780,29644979139513,29644979494846,1790296490269000000,sent
2357,29644984138780,29644984139587,29644984469254,1790296490274000000,sent
2358,29644989138780,29644989141254,29644989702143,1790296490279000000,sent
2359,29644994138780,29644994142180,29644994715032,1790296490284000000,sent
2360,29644999138780,29644999337921,29644999676365,1790296490289000000,sent
2361,29645004138780,29645004140328,29645004508032,1790296490294000000,sent
2362,29645009138780,29645009139884,29645009429884,1790296490299000000,sent
2363,29645014138780,29645014140402,29645014769143,1790296490304000000,sent
2364,29645019138780,29645019142809,29645020538254,1790296490309000000,sent
2365,29645024138780,29645024139513,29645024538328,1790296490314000000,sent
2366,29645029138780,29645029140661,29645029498143,1790296490319000000,sent
2367,29645034138780,29645034140513,29645034605587,1790296490324000000,sent
2368,29645039138780,29645039140883,29645039632291,1790296490329000000,sent
2369,29645044138780,29645044268254,29645044632995,1790296490334000000,sent
2370,29645049138780,29645049140809,29645049509328,1790296490339000000,sent
2371,29645054138780,29645054139513,29645054439217,1790296490344000000,sent
2372,29645059138780,29645059142883,29645059748365,1790296490349000000,sent
2373,29645064138780,29645064141624,29645065511958,1790296490354000000,sent
2374,29645069138780,29645069140402,29645069496772,1790296490359000000,sent
2375,29645074138780,29645074140439,29645074460661,1790296490364000000,sent
2376,29645079138780,29645079142846,29645079663476,1790296490369000000,sent
2377,29645084138780,29645084141587,29645084706624,1790296490374000000,sent
2378,29645089138780,29645089139846,29645089511958,1790296490379000000,sent
2379,29645094138780,29645094140365,29645094513254,1790296490384000000,sent
2380,29645099138780,29645099140809,29645099447661,1790296490389000000,sent
2381,29645104138780,29645104140328,29645104736883,1790296490394000000,sent
2382,29645109138780,29645109142846,29645110490069,1790296490399000000,sent
2383,29645114138780,29645114140291,29645114578513,1790296490404000000,sent
2384,29645119138780,29645119140550,29645119487217,1790296490409000000,sent
2385,29645124138780,29645124140069,29645124691513,1790296490414000000,sent
2386,29645129138780,29645129141698,29645129708476,1790296490419000000,sent
2387,29645134138780,29645134140143,29645134618180,1790296490424000000,sent
2388,29645139138780,29645139140069,29645139620291,1790296490429000000,sent
2389,29645144138780,29645144141402,29645144534439,1790296490434000000,sent
2390,29645149138780,29645149140476,29645149545217,1790296490439000000,sent
2391,29645154138780,29645154140587,29645154493402,1790296490444000000,sent
2392,29645159138780,29645159140735,29645160500365,1790296490449000000,sent
2393,29645164138780,29645164141624,29645164693513,1790296490454000000,sent
2394,29645169138780,29645169139698,29645169476291,1790296490459000000,sent
2395,29645174138780,29645174140735,29645174548809,1790296490464000000,sent
2396,29645179138780,29645179141106,29645179703550,1790296490469000000,sent
2397,29645184138780,29645184139957,29645184738143,1790296490474000000,sent
2398,29645189138780,29645189142106,29645189524995,1790296490479000000,sent
2399,29645194138780,29645194140995,29645194544772,1790296490484000000,sent
2400,29645199138780,29645226076069,29645226501476,1790296490515000000,sent
2401,29645204138780,29645226517439,29645227476883,1790296490516000000,sent
2402,29645209138780,29645227495032,29645227838846,1790296490517000000,sent
2403,29645214138780,29645227852143,29645228227106,1790296490517000000,sent
2404,29645219138780,29645228240365,29645228528624,1790296490518000000,sent
2405,29645224138780,29645228538772,29645228784661,1790296490518000000,sent
2406,29645229138780,29645229140402,29645229370291,1790296490519000000,sent
2407,29645234138780,29645234140809,29645234466550,1790296490524000000,sent
2408,29645239138780,29645239141698,29645239619365,1790296490529000000,sent
2409,29645244138780,29645244139550,29645244555661,1790296490534000000,sent
2410,29645249138780,29645249140254,29645249846772,1790296490539000000,sent
2411,29645254138780,29645254140402,29645254636994,1790296490544000000,sent
2412,29645259138780,29645259141254,29645259541809,1790296490549000000,sent
2413,29645264138780,29645264140883,29645264569106,1790296490554000000,sent
2414,29645269138780,29645269140180,29645269457143,1790296490559000000,sent
2415,29645274138780,29645274142291,29645274739624,1790296490564000000,sent
2416,29645279138780,29645279140069,29645279695661,1790296490569000000,sent
2417,29645284138780,29645284141883,29645284672883,1790296490574000000,sent
2418,29645289138780,29645289142180,29645289594365,1790296490579000000,sent
2419,29645294138780,29645294139883,29645294787957,1790296490584000000,sent
2420,29645299138780,29645299140735,29645299480846,1790296490589000000,sent
2421,29645304138780,29645304140069,29645304429365,1790296490594000000,sent
2422,29645309138780,29645309141069,29645309754772,1790296490599000000,sent
2423,29645314138780,29645314142143,29645314684735,1790296490604000000,sent
2424,29645319138780,29645319139920,29645319532106,1790296490609000000,sent
2425,29645324138780,29645324139513,29645324492291,1790296490614000000,sent
2426,29645329138780,29645329142180,29645329780809,1790296490619000000,sent
2427,29645334138780,29645334142772,29645334704365,1790296490624000000,sent
2428,29645339138780,29645339139735,29645340114217,1790296490629000000,sent
2429,29645344138780,29645344139624,29645344508217,1790296490634000000,sent
2430,29645349138780,29645349140587,29645349483735,1790296490639000000,sent
2431,29645354138780,29645354142031,29645354773661,1790296490644000000,sent
2432,29645359138780,29645359140994,29645359678513,1790296490649000000,sent
2433,29645364138780,29645364140772,29645364545402,1790296490654000000,sent
2434,29645369138780,29645369140513,29645369488180,1790296490659000000,sent
2435,29645374138780,29645374142624,29645374774328,1790296490664000000,sent
2436,29645379138780,29645379140365,29645379666476,1790296490669000000,sent
2437,29645384138780,29645384141513,29645385305031,1790296490674000000,sent
2438,29645389138780,29645389140550,29645389588105,1790296490679000000,sent
2439,29645394138780,29645394139476,29645394453735,1790296490684000000,sent
2440,29645399138780,29645399140661,29645399558550,1790296490689000000,sent
2441,29645404138780,29645404140550,29645404484735,1790296490694000000,sent
2442,29645409138780,29645409142994,29645409790439,1790296490699000000,sent
2443,29645414138780,29645414142365,29645414682809,1790296490704000000,sent
2444,29645419138780,29645419140994,29645419578698,1790296490709000000,sent
2445,29645424138780,29645424139809,29645424468883,1790296490714000000,sent
2446,29645429138780,29645429142105,29645430087772,1790296490719000000,sent
2447,29645434138780,29645434141291,29645434702402,1790296490724000000,sent
2448,29645439138780,29645439141624,29645439505661,1790296490729000000,sent
2449,29645444138780,29645444140624,29645444568254,1790296490734000000,sent
2450,29645449138780,29645449140105,29645449460772,1790296490739000000,sent
2451,29645454138780,29645454141291,29645454755698,1790296490744000000,sent
2452,29645459138780,29645459142957,29645459686772,1790296490749000000,sent
2453,29645464138780,29645464139365,29645464557994,1790296490754000000,sent
2454,29645469138780,29645469140217,29645469457661,1790296490759000000,sent
2455,29645474138780,29645474189068,29645474746994,1790296490764000000,sent
2456,29645479138780,29645479139920,29645479693476,1790296490769000000,sent
2457,29645484138780,29645484140513,29645484635772,1790296490774000000,sent
2458,29645489138780,29645489140105,29645489586217,1790296490779000000,sent
2459,29645494138780,29645494140624,29645494460698,1790296490784000000,sent
2460,29645499138780,29645499140142,29645499409476,1790296490789000000,sent
2461,29645504138780,29645504141661,29645504759920,1790296490794000000,sent
2462,29645509138780,29645509140994,29645509778217,1790296490799000000,sent
2463,29645514138780,29645514140587,29645514508772,1790296490804000000,sent
2464,29645519138780,29645519140513,29645520078846,1790296490809000000,sent
2465,29645524138780,29645524140735,29645524475291,1790296490814000000,sent
2466,29645529138780,29645529141105,29645529647809,1790296490819000000,sent
2467,29645534138780,29645534142587,29645534801994,1790296490824000000,sent
2468,29645539138780,29645539140883,29645539527068,1790296490829000000,sent
2469,29645544138780,29645544139846,29645544555624,1790296490834000000,sent
2470,29645549138780,29645549140550,29645549696772,1790296490839000000,sent
2471,29645554138780,29645554141587,29645554761439,1790296490844000000,sent
2472,29645559138780,29645559141142,29645559511365,1790296490849000000,sent
2473,29645564138780,29645564139994,29645565047624,1790296490854000000,sent
2474,29645569138780,29645569139661,29645569451587,1790296490859000000,sent
2475,29645574138780,29645574142254,29645574640105,1790296490864000000,sent
2476,29645579138780,29645579142328,29645579763179,1790296490869000000,sent
2477,29645584138780,29645584140846,29645584495402,1790296490874000000,sent
2478,29645589138780,29645589140068,29645589539994,1790296490879000000,sent
2479,29645594138780,29645594140068,29645594599994,1790296490884000000,sent
2480,29645599138780,29645599141439,29645599687587,1790296490889000000,sent
2481,29645604138780,29645604140513,29645604505216,1790296490894000000,sent
2482,29645609138780,29645609187291,29645609759254,1790296490899000000,sent
2483,29645614138780,29645614140365,29645614513439,1790296490904000000,sent
2484,29645619138780,29645619142365,29645619683920,1790296490909000000,sent
2485,29645624138780,29645624140179,29645624758772,1790296490914000000,sent
2486,29645629138780,29645629140957,29645629517661,1790296490919000000,sent
2487,29645634138780,29645634141142,29645634569698,1790296490924000000,sent
2488,29645639138780,29645639141920,29645639627142,1790296490929000000,sent
2489,29645644138780,29645644140365,29645644690883,1790296490934000000,sent
2490,29645649138780,29645649142179,29645649690216,1790296490939000000,sent
2491,29645654138780,29645654141253,29645655446105,1790296490944000000,sent
2492,29645659138780,29645659140698,29645659513735,1790296490949000000,sent
2493,29645664138780,29645664139698,29645664526179,1790296490954000000,sent
2494,29645669138780,29645669140291,29645669765994,1790296490959000000,sent
2495,29645674138780,29645674142179,29645674670846,1790296490964000000,sent
2496,29645679138780,29645679140698,29645679557513,1790296490969000000,sent
2497,29645684138780,29645684139513,29645684474587,1790296490974000000,sent
2498,29645689138780,29645689140179,29645689778365,1790296490979000000,sent
2499,29645694138780,29645694142179,29645694670365,1790296490984000000,sent
2500,29645699138780,29645699140809,29645700132476,1790296490989000000,sent
2501,29645704138780,29645704140550,29645704487661,1790296490994000000,sent
2502,29645709138780,29645709139809,29645709416253,1790296490999000000,sent
2503,29645714138780,29645714142883,29645714793920,1790296491004000000,sent
2504,29645719138780,29645719140402,29645719671735,1790296491009000000,sent
2505,29645724138780,29645724139587,29645724557846,1790296491014000000,sent
2506,29645729138780,29645729140031,29645729465328,1790296491019000000,sent
2507,29645734138780,29645734141031,29645734772179,1790296491024000000,sent
2508,29645739138780,29645739140365,29645739690513,1790296491029000000,sent
2509,29645744138780,29645744140698,29645745302587,1790296491034000000,sent
2510,29645749138780,29645749141624,29645749578698,1790296491039000000,sent
2511,29645754138780,29645754139735,29645754444846,1790296491044000000,sent
2512,29645759138780,29645759140290,29645759560809,1790296491049000000,sent
2513,29645764138780,29645764139698,29645764471439,1790296491054000000,sent
2514,29645769138780,29645769140179,29645769761290,1790296491059000000,sent
2515,29645774138780,29645774142883,29645774667513,1790296491064000000,sent
2516,29645779138780,29645779141068,29645779582105,1790296491069000000,sent
2517,29645784138780,29645784139772,29645784464327,1790296491074000000,sent
2518,29645789138780,29645789140661,29645790469439,1790296491079000000,sent
2519,29645794138780,29645794140513,29645794675068,1790296491084000000,sent
2520,29645799138780,29645799139957,29645799578253,1790296491089000000,sent
2521,29645804138780,29645804142327,29645804730735,1790296491094000000,sent
2522,29645809138780,29645809140698,29645809491698,1790296491099000000,sent
2523,29645814138780,29645814140365,29645814560920,1790296491104000000,sent
2524,29645819138780,29645819140846,29645819552290,1790296491109000000,sent
2525,29645824138780,29645824142772,29645824778920,1790296491114000000,sent
2526,29645829138780,29645829142735,29645829656290,1790296491119000000,sent
2527,29645834138780,29645834139402,29645835032698,1790296491124000000,sent
2528,29645839138780,29645839139364,29645839466513,1790296491129000000,sent
2529,29645844138780,29645844142068,29645844674772,1790296491134000000,sent
2530,29645849138780,29645849143142,29645849768142,1790296491139000000,sent
2531,29645854138780,29645854139513,29645854502327,1790296491144000000,sent
2532,29645859138780,29645859140476,29645859542883,1790296491149000000,sent
2533,29645864138780,29645864140253,29645864465883,1790296491154000000,sent
2534,29645869138780,29645869141920,29645869784216,1790296491159000000,sent
2535,29645874138780,29645874141364,29645874680216,1790296491164000000,sent
2536,29645879138780,29645879140772,29645879584068,1790296491169000000,sent
2537,29645884138780,29645884139587,29645884485179,1790296491174000000,sent
2538,29645889138780,29645889141883,29645889664587,1790296491179000000,sent
2539,29645894138780,29645894141216,29645894750068,1790296491184000000,sent
2540,29645899138780,29645899141253,29645899517809,1790296491189000000,sent
2541,29645904138780,29645904141068,29645904532661,1790296491194000000,sent
2542,29645909138780,29645909139698,29645909457513,1790296491199000000,sent
2543,29645914138780,29645914140698,29645914748364,1790296491204000000,sent
2544,29645919138780,29645919142401,29645919775327,1790296491209000000,sent
2545,29645924138780,29645924192661,29645924624476,1790296491214000000,sent
2546,29645929138780,29645929140994,29645929506624,1790296491219000000,sent
2547,29645934138780,29645934140216,29645934668142,1790296491224000000,sent
2548,29645939138780,29645939139920,29645939755624,1790296491229000000,sent
2549,29645944138780,29645944140698,29645944508698,1790296491234000000,sent
2550,29645949138780,29645949140735,29645949710216,1790296491239000000,sent
2551,29645954138780,29645954140920,29645954625587,1790296491244000000,sent
2552,29645959138780,29645959142179,29645959668476,1790296491249000000,sent
2553,29645964138780,29645964140438,29645964488364,1790296491254000000,sent
2554,29645969138780,29645969188031,29645969576327,1790296491259000000,sent
2555,29645974138780,29645974141587,29645974697920,1790296491264000000,sent
2556,29645979138780,29645979140216,29645979645587,1790296491269000000,sent
2557,29645984138780,29645984140550,29645984595179,1790296491274000000,sent
2558,29645989138780,29645989140624,29645989449661,1790296491279000000,sent
2559,29645994138780,29645994140809,29645994536327,1790296491284000000,sent
2560,29645999138780,29645999141513,29645999715772,1790296491289000000,sent
2561,29646004138780,29646004139957,29646004738179,1790296491294000000,sent
2562,29646009138780,29646009140772,29646009488105,1790296491299000000,sent
2563,29646014138780,29646014189661,29646014596957,1790296491304000000,sent
2564,29646019138780,29646019142438,29646019731142,1790296491309000000,sent
2565,29646024138780,29646024141438,29646024663550,1790296491314000000,sent
2566,29646029138780,29646029140920,29646029552883,1790296491319000000,sent
2567,29646034138780,29646034140846,29646034488994,1790296491324000000,sent
2568,29646039138780,29646039140216,29646039687883,1790296491329000000,sent
2569,29646044138780,29646044140290,29646044608698,1790296491334000000,sent
2570,29646049138780,29646049140513,29646049752587,1790296491339000000,sent
2571,29646054138780,29646054141994,29646054651327,1790296491344000000,sent
2572,29646059138780,29646059188364,29646059567327,1790296491349000000,sent
2573,29646064138780,29646064140216,29646064478438,1790296491354000000,sent
2574,29646069138780,29646069140512,29646069648920,1790296491359000000,sent
2575,29646074138780,29646074142290,29646074708920,1790296491364000000,sent
2576,29646079138780,29646079141587,29646079488253,1790296491369000000,sent
2577,29646084138780,29646084140809,29646084514957,1790296491374000000,sent
2578,29646089138780,29646089140920,29646089449475,1790296491379000000,sent
2579,29646094138780,29646094142550,29646094751512,1790296491384000000,sent
2580,29646099138780,29646099142883,29646099651327,1790296491389000000,sent
2581,29646104138780,29646104165957,29646104639401,1790296491394000000,sent
2582,29646109138780,29646109140512,29646109465920,1790296491399000000,sent
2583,29646114138780,29646114140883,29646114427031,1790296491404000000,sent
2584,29646119138780,29646119142883,29646119758809,1790296491409000000,sent
2585,29646124138780,29646124142772,29646124705698,1790296491414000000,sent
2586,29646129138780,29646129140068,29646129623253,1790296491419000000,sent
2587,29646134138780,29646134140957,29646134550475,1790296491424000000,sent
2588,29646139138780,29646139141327,29646139745475,1790296491429000000,sent
2589,29646144138780,29646144140920,29646144673512,1790296491434000000,sent
2590,29646149138780,29646149188327,29646149598624,1790296491439000000,sent
2591,29646154138780,29646154139401,29646154469364,1790296491444000000,sent
2592,29646159138780,29646159139401,29646159424735,1790296491449000000,sent
2593,29646164138780,29646164142068,29646164741587,1790296491454000000,sent
2594,29646169138780,29646169142068,29646169651475,1790296491459000000,sent
2595,29646174138780,29646174140142,29646174530624,1790296491464000000,sent
2596,29646179138780,29646179140142,29646179446883,1790296491469000000,sent
2597,29646184138780,29646184142290,29646184749401,1790296491474000000,sent
2598,29646189138780,29646189140735,29646189657809,1790296491479000000,sent
2599,29646194138780,29646194141401,29646194720661,1790296491484000000,sent
2600,29646199138780,29646221789475,29646222192698,1790296491511000000,sent
2601,29646204138780,29646222206549,29646222486624,1790296491512000000,sent
2602,29646209138780,29646222495401,29646222740512,1790296491512000000,sent
2603,29646214138780,29646222748994,29646222987216,1790296491512000000,sent
2604,29646219138780,29646222995142,29646223217994,1790296491512000000,sent
2605,29646224138780,29646224140179,29646224373142,1790296491514000000,sent
2606,29646229138780,29646229140772,29646229641586,1790296491519000000,sent
2607,29646234138780,29646234140549,29646234554401,1790296491524000000,sent
2608,29646239138780,29646239193920,29646239581883,1790296491529000000,sent
2609,29646244138780,29646244140549,29646244493809,1790296491534000000,sent
2610,29646249138780,29646249140883,29646249435772,1790296491539000000,sent
2611,29646254138780,29646254142068,29646254795216,1790296491544000000,sent
2612,29646259138780,29646259143031,29646259710142,1790296491549000000,sent
2613,29646264138780,29646264139809,29646264550253,1790296491554000000,sent
2614,29646269138780,29646269139549,29646269504920,1790296491559000000,sent
2615,29646274138780,29646274140290,29646274767327,1790296491564000000,sent
2616,29646279138780,29646279140772,29646279699438,1790296491569000000,sent
2617,29646284138780,29646284140179,29646285060920,1790296491574000000,sent
2618,29646289138780,29646289140216,29646289481735,1790296491579000000,sent
2619,29646294138780,29646294139661,29646294432068,1790296491584000000,sent
2620,29646299138780,29646299140883,29646299775549,1790296491589000000,sent
2621,29646304138780,29646304141846,29646304663253,1790296491594000000,sent
2622,29646309138780,29646309139623,29646309548179,1790296491599000000,sent
2623,29646314138780,29646314139401,29646314540438,1790296491604000000,sent
2624,29646319138780,29646319141586,29646319780883,1790296491609000000,sent
2625,29646324138780,29646324140698,29646324677994,1790296491614000000,sent
2626,29646329138780,29646329141364,29646330072994,1790296491619000000,sent
2627,29646334138780,29646334140512,29646334496253,1790296491624000000,sent
2628,29646339138780,29646339139512,29646339457920,1790296491629000000,sent
2629,29646344138780,29646344142068,29646344777994,1790296491634000000,sent
2630,29646349138780,29646349140253,29646349663475,1790296491639000000,sent
2631,29646354138780,29646354141031,29646354558142,1790296491644000000,sent
2632,29646359138780,29646359139698,29646359443438,1790296491649000000,sent
2633,29646364138780,29646364142660,29646364774846,1790296491654000000,sent
2634,29646369138780,29646369142623,29646369656253,1790296491659000000,sent
2635,29646374138780,29646374139920,29646375069735,1790296491664000000,sent
2636,29646379138780,29646379140586,29646379473438,1790296491669000000,sent
2637,29646384138780,29646384140772,29646384432179,1790296491674000000,sent
2638,29646389138780,29646389141809,29646389775142,1790296491679000000,sent
2639,29646394138780,29646394142957,29646394682327,1790296491684000000,sent
2640,29646399138780,29646399140846,29646399556883,1790296491689000000,sent
2641,29646404138780,29646404140883,29646404481142,1790296491694000000,sent
2642,29646409138780,29646409140809,29646409775401,1790296491699000000,sent
2643,29646414138780,29646414142216,29646414661475,1790296491704000000,sent
2644,29646419138780,29646419140697,29646420158105,1790296491709000000,sent
2645,29646424138780,29646424139735,29646424484290,1790296491714000000,sent
2646,29646429138780,29646429139809,29646429429031,1790296491719000000,sent
2647,29646434138780,29646434140290,29646434766586,1790296491724000000,sent
2648,29646439138780,29646439142846,29646439669957,1790296491729000000,sent
2649,29646444138780,29646444140623,29646444547290,1790296491734000000,sent
2650,29646449138780,29646449140660,29646449472734,1790296491739000000,sent
2651,29646454138780,29646454141105,29646454771475,1790296491744000000,sent
2652,29646459138780,29646459141438,29646459673290,1790296491749000000,sent
2653,29646464138780,29646464143697,29646465067031,1790296491754000000,sent
2654,29646469138780,29646469139586,29646469460697,1790296491759000000,sent
2655,29646474138780,29646474140068,29646474417697,1790296491764000000,sent
2656,29646479138780,29646479141772,29646479767920,1790296491769000000,sent
2657,29646484138780,29646484140253,29646484666734,1790296491774000000,sent
2658,29646489138780,29646489140364,29646489558475,1790296491779000000,sent
2659,29646494138780,29646494140772,29646494505623,1790296491784000000,sent
2660,29646499138780,29646499141253,29646499783623,1790296491789000000,sent
2661,29646504138780,29646504140364,29646504659809,1790296491794000000,sent
2662,29646509138780,29646509141586,29646510188957,1790296491799000000,sent
2663,29646514138780,29646514140253,29646514507512,1790296491804000000,sent
2664,29646519138780,29646519140438,29646519464105,1790296491809000000,sent
2665,29646524138780,29646524143068,29646524799179,1790296491814000000,sent
2666,29646529138780,29646529141846,29646529657771,1790296491819000000,sent
2667,29646534138780,29646534140846,29646534546512,1790296491824000000,sent
2668,29646539138780,29646539139327,29646539466364,1790296491829000000,sent
2669,29646544138780,29646544141883,29646544751216,1790296491834000000,sent
2670,29646549138780,29646549142179,29646549670920,1790296491839000000,sent
2671,29646554138780,29646554143179,29646554600994,1790296491844000000,sent
2672,29646559138780,29646559140253,29646559504512,1790296491849000000,sent
2673,29646564138780,29646564140290,29646564447216,1790296491854000000,sent
2674,29646569138780,29646569141808,29646569755920,1790296491859000000,sent
2675,29646574138780,29646574141623,29646574670586,1790296491864000000,sent
2676,29646579138780,29646579139586,29646579538957,1790296491869000000,sent
2677,29646584138780,29646584140846,29646584474808,1790296491874000000,sent
2678,29646589138780,29646589141031,29646589756031,1790296491879000000,sent
2679,29646594138780,29646594142586,29646594660179,1790296491884000000,sent
2680,29646599138780,29646599140623,29646599604697,1790296491889000000,sent
2681,29646604138780,29646604141105,29646604579771,1790296491894000000,sent
2682,29646609138780,29646609140327,29646609466068,1790296491899000000,sent
2683,29646614138780,29646614142142,29646614746808,1790296491904000000,sent
2684,29646619138780,29646619140920,29646619682475,1790296491909000000,sent
2685,29646624138780,29646624139697,29646624533253,1790296491914000000,sent
2686,29646629138780,29646629140512,29646629474105,1790296491919000000,sent
2687,29646634138780,29646634141142,29646634691549,1790296491924000000,sent
2688,29646639138780,29646639140216,29646639597660,1790296491929000000,sent
2689,29646644138780,29646644205586,29646644609142,1790296491934000000,sent
2690,29646649138780,29646649140771,29646649477401,1790296491939000000,sent
2691,29646654138780,29646654140031,29646654433660,1790296491944000000,sent
2692,29646659138780,29646659142031,29646659779660,1790296491949000000,sent
2693,29646664138780,29646664142512,29646664671883,1790296491954000000,sent
2694,29646669138780,29646669139734,29646669533105,1790296491959000000,sent
2695,29646674138780,29646674140957,29646674462290,1790296491964000000,sent
2696,29646679138780,29646679140142,29646679728660,1790296491969000000,sent
2697,29646684138780,29646684140734,29646684649994,1790296491974000000,sent
2698,29646689138780,29646689140179,29646689642438,1790296491979000000,sent
2699,29646694138780,29646694140031,29646694470290,1790296491984000000,sent
2700,29646699138780,29646699139920,29646699427734,1790296491989000000,sent
2701,29646704138780,29646704141290,29646704745105,1790296491994000000,sent
2702,29646709138780,29646709142216,29646709643808,1790296491999000000,sent
2703,29646714138780,29646714141068,29646714556253,1790296492004000000,sent
2704,29646719138780,29646719140734,29646719483216,1790296492009000000,sent
2705,29646724138780,29646724140734,29646724735697,1790296492014000000,sent
2706,29646729138780,29646729140031,29646729748142,1790296492019000000,sent
2707,29646734138780,29646734217957,29646734768438,1790296492024000000,sent
2708,29646739138780,29646739141957,29646739618920,1790296492029000000,sent
2709,29646744138780,29646744139512,29646744483401,1790296492034000000,sent
2710,29646749138780,29646749140845,29646749517068,1790296492039000000,sent
2711,29646754138780,29646754140401,29646754457808,1790296492044000000,sent
2712,29646759138780,29646759141401,29646759713957,1790296492049000000,sent
2713,29646764138780,29646764141105,29646764674734,1790296492054000000,sent
2714,29646769138780,29646769141105,29646769539808,1790296492059000000,sent
2715,29646774138780,29646774139401,29646774470105,1790296492064000000,sent
2716,29646779138780,29646779220771,29646779714438,1790296492069000000,sent
2717,29646784138780,29646784142068,29646784708808,1790296492074000000,sent
2718,29646789138780,29646789140734,29646789482919,1790296492079000000,sent
2719,29646794138780,29646794140327,29646794531660,1790296492084000000,sent
2720,29646799138780,29646799140438,29646799455253,1790296492089000000,sent
2721,29646804138780,29646804140919,29646804715957,1790296492094000000,sent
2722,29646809138780,29646809141623,29646809661364,1790296492099000000,sent
2723,29646814138780,29646814140290,29646814536771,1790296492104000000,sent
2724,29646819138780,29646819139586,29646819475068,1790296492109000000,sent
2725,29646824138780,29646824142105,29646824847142,1790296492114000000,sent
2726,29646829138780,29646829141734,29646829674216,1790296492119000000,sent
2727,29646834138780,29646834140290,29646834457771,1790296492124000000,sent
2728,29646839138780,29646839140586,29646839581068,1790296492129000000,sent
2729,29646844138780,29646844139994,29646844490105,1790296492134000000,sent
2730,29646849138780,29646849141697,29646849726623,1790296492139000000,sent
2731,29646854138780,29646854140475,29646854652623,1790296492144000000,sent
2732,29646859138780,29646859139771,29646859536549,1790296492149000000,sent
2733,29646864138780,29646864140179,29646864455586,1790296492154000000,sent
2734,29646869138780,29646869139919,29646869812401,1790296492159000000,sent
2735,29646874138780,29646874139845,29646874656401,1790296492164000000,sent
2736,29646879138780,29646879142327,29646879469253,1790296492169000000,sent
2737,29646884138780,29646884140845,29646884527549,1790296492174000000,sent
2738,29646889138780,29646889139512,29646889482956,1790296492179000000,sent
2739,29646894138780,29646894142697,29646894727660,1790296492184000000,sent
2740,29646899138780,29646899142734,29646899647179,1790296492189000000,sent
2741,29646904138780,29646904139364,29646904540660,1790296492194000000,sent
2742,29646909138780,29646909140031,29646909434142,1790296492199000000,sent
2743,29646914138780,29646914141031,29646914842549,1790296492204000000,sent
2744,29646919138780,29646919141586,29646919661697,1790296492209000000,sent
2745,29646924138780,29646924142734,29646924541956,1790296492214000000,sent
2746,29646929138780,29646929139956,29646929533253,1790296492219000000,sent
2747,29646934138780,29646934140697,29646934447993,1790296492224000000,sent
2748,29646939138780,29646939295327,29646939896105,1790296492229000000,sent
2749,29646944138780,29646944141771,29646944739549,1790296492234000000,sent
2750,29646949138780,29646949140882,29646949532660,1790296492239000000,sent
2751,29646954138780,29646954140919,29646954452808,1790296492244000000,sent
2752,29646959138780,29646959140956,29646959566253,1790296492249000000,sent
2753,29646964138780,29646964141290,29646964626216,1790296492254000000,sent
2754,29646969138780,29646969140623,29646969483623,1790296492259000000,sent
2755,29646974138780,29646974140475,29646974522216,1790296492264000000,sent
2756,29646979138780,29646979140993,29646979455956,1790296492269000000,sent
2757,29646984138780,29646984141586,29646984714771,1790296492274000000,sent
2758,29646989138780,29646989140660,29646989648068,1790296492279000000,sent
2759,29646994138780,29646994140845,29646994520068,1790296492284000000,sent
2760,29646999138780,29646999140882,29646999453068,1790296492289000000,sent
2761,29647004138780,29647004140956,29647004707586,1790296492294000000,sent
2762,29647009138780,29647009142549,29647009669179,1790296492299000000,sent
2763,29647014138780,29647014141697,29647014477882,1790296492304000000,sent
2764,29647019138780,29647019140142,29647019522364,1790296492309000000,sent
2765,29647024138780,29647024140290,29647024483697,1790296492314000000,sent
2766,29647029138780,29647029142105,29647029736475,1790296492319000000,sent
2767,29647034138780,29647034140993,29647034683142,1790296492324000000,sent
2768,29647039138780,29647039140179,29647039541364,1790296492329000000,sent
2769,29647044138780,29647044139808,29647044461142,1790296492334000000,sent
2770,29647049138780,29647049139993,29647049701401,1790296492339000000,sent
2771,29647054138780,29647054139845,29647054659290,1790296492344000000,sent
2772,29647059138780,29647059141771,29647059486105,1790296492349000000,sent
2773,29647064138780,29647064140512,29647064517919,1790296492354000000,sent
2774,29647069138780,29647069139401,29647069603142,1790296492359000000,sent
2775,29647074138780,29647074141549,29647074764697,1790296492364000000,sent
2776,29647079138780,29647079140919,29647079661216,1790296492369000000,sent
2777,29647084138780,29647084139808,29647084602993,1790296492374000000,sent
2778,29647089138780,29647089140882,29647089464919,1790296492379000000,sent
2779,29647094138780,29647094139660,29647095033179,1790296492384000000,sent
2780,29647099138780,29647099140364,29647099678734,1790296492389000000,sent
2781,29647104138780,29647104140919,29647104637549,1790296492394000000,sent
2782,29647109138780,29647109139771,29647109570512,1790296492399000000,sent
2783,29647114138780,29647114140179,29647114450549,1790296492404000000,sent
2784,29647119138780,29647119140882,29647119750401,1790296492409000000,sent
2785,29647124138780,29647124140253,29647124695142,1790296492414000000,sent
2786,29647129138780,29647129141734,29647129707845,1790296492419000000,sent
2787,29647134138780,29647134141993,29647134587253,1790296492424000000,sent
2788,29647139138780,29647139140141,29647140113327,1790296492429000000,sent
2789,29647144138780,29647144140290,29647144480586,1790296492434000000,sent
2790,29647149138780,29647149139660,29647149417845,1790296492439000000,sent
2791,29647154138780,29647154140364,29647154755549,1790296492444000000,sent
2792,29647159138780,29647159140104,29647159647364,1790296492449000000,sent
2793,29647164138780,29647164140327,29647164549253,1790296492454000000,sent
2794,29647169138780,29647169139808,29647169454067,1790296492459000000,sent
2795,29647174138780,29647174141216,29647174767327,1790296492464000000,sent
2796,29647179138780,29647179142216,29647179671549,1790296492469000000,sent
2797,29647184138780,29647184141179,29647185078104,1790296492474000000,sent
2798,29647189138780,29647189140623,29647189481178,1790296492479000000,sent
2799,29647194138780,29647194140919,29647194417808,1790296492484000000,sent
2800,29647199138780,29647212738067,29647213255845,1790296492502000000,sent
2801,29647204138780,29647213273141,29647213675438,1790296492503000000,sent
2802,29647209138780,29647213688178,29647214061178,1790296492503000000,sent
2803,29647214138780,29647214141697,29647214490067,1790296492504000000,sent
2804,29647219138780,29647219141993,29647219802216,1790296492509000000,sent
2805,29647224138780,29647224142512,29647224738364,1790296492514000000,sent
2806,29647229138780,29647229141475,29647229820030,1790296492519000000,sent
2807,29647234138780,29647234139623,29647234633586,1790296492524000000,sent
2808,29647239138780,29647239139919,29647239494734,1790296492529000000,sent
2809,29647244138780,29647244140475,29647244554845,1790296492534000000,sent
2810,29647249138780,29647249139771,29647249518919,1790296492539000000,sent
2811,29647254138780,29647254143253,29647254744364,1790296492544000000,sent
2812,29647259138780,29647259140771,29647259691882,1790296492549000000,sent
2813,29647264138780,29647264139771,29647264580771,1790296492554000000,sent
2814,29647269138780,29647269139845,29647269521623,1790296492559000000,sent
2815,29647274138780,29647274140067,29647274878586,1790296492564000000,sent
2816,29647279138780,29647279142660,29647279707734,1790296492569000000,sent
2817,29647284138780,29647284142586,29647284536697,1790296492574000000,sent
2818,29647289138780,29647289140623,29647289560141,1790296492579000000,sent
2819,29647294138780,29647294139697,29647294455364,1790296492584000000,sent
2820,29647299138780,29647299143104,29647299741438,1790296492589000000,sent
2821,29647304138780,29647304142178,29647304680104,1790296492594000000,sent
2822,29647309138780,29647309140549,29647309556845,1790296492599000000,sent
2823,29647314138780,29647314139660,29647314467364,1790296492604000000,sent
2824,29647319138780,29647319140956,29647319596401,1790296492609000000,sent
2825,29647324138780,29647324141697,29647324755771,1790296492614000000,sent
2826,29647329138780,29647329141364,29647329671104,1790296492619000000,sent
2827,29647334138780,29647334140104,29647334557141,1790296492624000000,sent
2828,29647339138780,29647339140438,29647339495586,1790296492629000000,sent
2829,29647344138780,29647344139882,29647344737623,1790296492634000000,sent
2830,29647349138780,29647349141845,29647349675808,1790296492639000000,sent
2831,29647354138780,29647354140215,29647354556549,1790296492644000000,sent
2832,29647359138780,29647359139771,29647359475290,1790296492649000000,sent
2833,29647364138780,29647364141734,29647364809586,1790296492654000000,sent
2834,29647369138780,29647369140549,29647369623512,1790296492659000000,sent
2835,29647374138780,29647374139919,29647374471882,1790296492664000000,sent
2836,29647379138780,29647379140993,29647379596401,1790296492669000000,sent
2837,29647384138780,29647384139401,29647384470549,1790296492674000000,sent
2838,29647389138780,29647389142956,29647389740549,1790296492679000000,sent
2839,29647394138780,29647394141660,29647394660660,1790296492684000000,sent
2840,29647399138780,29647399139956,29647399546956,1790296492689000000,sent
2841,29647404138780,29647404140289,29647404474178,1790296492694000000,sent
2842,29647409138780,29647409139919,29647409840067,1790296492699000000,sent
2843,29647414138780,29647414140252,29647414666993,1790296492704000000,sent
2844,29647419138780,29647419140030,29647419475141,1790296492709000000,sent
2845,29647424138780,29647424140438,29647424566697,1790296492714000000,sent
2846,29647429138780,29647429139364,29647429460993,1790296492719000000,sent
2847,29647434138780,29647434142104,29647434742215,1790296492724000000,sent
2848,29647439138780,29647439140252,29647439656215,1790296492729000000,sent
2849,29647444138780,29647444139808,29647444553512,1790296492734000000,sent
2850,29647449138780,29647449140956,29647449481660,1790296492739000000,sent
2851,29647454138780,29647454141919,29647454861734,1790296492744000000,sent
2852,29647459138780,29647459140623,29647459752475,1790296492749000000,sent
2853,29647464138780,29647464140401,29647464516401,1790296492754000000,sent
2854,29647469138780,29647469141289,29647469562178,1790296492759000000,sent
2855,29647474138780,29647474139882,29647474447141,1790296492764000000,sent
2856,29647479138780,29647479140660,29647479738771,1790296492769000000,sent
2857,29647484138780,29647484140734,29647484735660,1790296492774000000,sent
2858,29647489138780,29647489140438,29647489565067,1790296492779000000,sent
2859,29647494138780,29647494139956,29647494460845,1790296492784000000,sent
2860,29647499138780,29647499140252,29647499768734,1790296492789000000,sent
2861,29647504138780,29647504140438,29647504593771,1790296492794000000,sent
2862,29647509138780,29647509140215,29647509450956,1790296492799000000,sent
2863,29647514138780,29647514140326,29647514549438,1790296492804000000,sent
2864,29647519138780,29647519140660,29647519450475,1790296492809000000,sent
2865,29647524138780,29647524141660,29647524758326,1790296492814000000,sent
2866,29647529138780,29647529140512,29647529678141,1790296492819000000,sent
2867,29647534138780,29647534139697,29647534555475,1790296492824000000,sent
2868,29647539138780,29647539140660,29647539500401,1790296492829000000,sent
2869,29647544138780,29647544141956,29647544869104,1790296492834000000,sent
2870,29647549138780,29647549140697,29647549713326,1790296492839000000,sent
2871,29647554138780,29647554139326,29647554468030,1790296492844000000,sent
2872,29647559138780,29647559140845,29647559545289,1790296492849000000,sent
2873,29647564138780,29647564140438,29647564470363,1790296492854000000,sent
2874,29647569138780,29647569142586,29647569732141,1790296492859000000,sent
2875,29647574138780,29647574141734,29647574657660,1790296492864000000,sent
2876,29647579138780,29647579140030,29647579578475,1790296492869000000,sent
2877,29647584138780,29647584140141,29647584520289,1790296492874000000,sent
2878,29647589138780,29647589140808,29647589871512,1790296492879000000,sent
2879,29647594138780,29647594141808,29647594760363,1790296492884000000,sent
2880,29647599138780,29647599140475,29647599546289,1790296492889000000,sent
2881,29647604138780,29647604139993,29647604572141,1790296492894000000,sent
2882,29647609138780,29647609140400,29647609530771,1790296492899000000,sent
2883,29647614138780,29647614142586,29647614751400,1790296492904000000,sent
2884,29647619138780,29647619141475,29647619657697,1790296492909000000,sent
2885,29647624138780,29647624140104,29647624566845,1790296492914000000,sent
2886,29647629138780,29647629139437,29647629447437,1790296492919000000,sent
2887,29647634138780,29647634140697,29647634873734,1790296492924000000,sent
2888,29647639138780,29647639139919,29647639692475,1790296492929000000,sent
2889,29647644138780,29647644142326,29647644517326,1790296492934000000,sent
2890,29647649138780,29647649140586,29647649548178,1790296492939000000,sent
2891,29647654138780,29647654140215,29647654456919,1790296492944000000,sent
2892,29647659138780,29647659140549,29647659736660,1790296492949000000,sent
2893,29647664138780,29647664140734,29647664657326,1790296492954000000,sent
2894,29647669138780,29647669140104,29647669552215,1790296492959000000,sent
2895,29647674138780,29647674139882,29647674470067,1790296492964000000,sent
2896,29647679138780,29647679142215,29647679863623,1790296492969000000,sent
2897,29647684138780,29647684140141,29647684683141,1790296492974000000,sent
2898,29647689138780,29647689141363,29647689583030,1790296492979000000,sent
2899,29647694138780,29647694140215,29647694681437,1790296492984000000,sent
2900,29647699138780,29647699140808,29647699502474,1790296492989000000,sent
2901,29647704138780,29647704140771,29647704525919,1790296492994000000,sent
2902,29647709138780,29647709139697,29647709447141,1790296492999000000,sent
2903,29647714138780,29647714140252,29647714773956,1790296493004000000,sent
2904,29647719138780,29647719142178,29647719660289,1790296493009000000,sent
2905,29647724138780,29647724155326,29647724651215,1790296493014000000,sent
2906,29647729138780,29647729139437,29647729483697,1790296493019000000,sent
2907,29647734138780,29647734140623,29647734434289,1790296493024000000,sent
2908,29647739138780,29647739141215,29647739766289,1790296493029000000,sent
2909,29647744138780,29647744141771,29647744683771,1790296493034000000,sent
2910,29647749138780,29647749141734,29647749671511,1790296493039000000,sent
2911,29647754138780,29647754142104,29647754572586,1790296493044000000,sent
2912,29647759138780,29647759140326,29647759770363,1790296493049000000,sent
2913,29647764138780,29647764142511,29647764671252,1790296493054000000,sent
2914,29647769138780,29647769141697,29647769627549,1790296493059000000,sent
2915,29647774138780,29647774139771,29647774532734,1790296493064000000,sent
2916,29647779138780,29647779140993,29647779447215,1790296493069000000,sent
2917,29647784138780,29647784140104,29647784767697,1790296493074000000,sent
2918,29647789138780,29647789140882,29647789687993,1790296493079000000,sent
2919,29647794138780,29647794139771,29647794540215,1790296493084000000,sent
2920,29647799138780,29647799140734,29647799472289,1790296493089000000,sent
2921,29647804138780,29647804143141,29647804759919,1790296493094000000,sent
2922,29647809138780,29647809141289,29647809658437,1790296493099000000,sent
2923,29647814138780,29647814141141,29647814607511,1790296493104000000,sent
2924,29647819138780,29647819140623,29647819496734,1790296493109000000,sent
2925,29647824138780,29647824141660,29647824738956,1790296493114000000,sent
2926,29647829138780,29647829140252,29647829762808,1790296493119000000,sent
2927,29647834138780,29647834142363,29647834657734,1790296493124000000,sent
2928,29647839138780,29647839139623,29647839564289,1790296493129000000,sent
2929,29647844138780,29647844140400,29647844479845,1790296493134000000,sent
2930,29647849138780,29647849142252,29647849712326,1790296493139000000,sent
2931,29647854138780,29647854140771,29647854636623,1790296493144000000,sent
2932,29647859138780,29647859140808,29647860194660,1790296493149000000,sent
2933,29647864138780,29647864139734,29647864483141,1790296493154000000,sent
2934,29647869138780,29647869140326,29647869460993,1790296493159000000,sent
2935,29647874138780,29647874142511,29647874771215,1790296493164000000,sent
2936,29647879138780,29647879141623,29647879658289,1790296493169000000,sent
2937,29647884138780,29647884139993,29647884582141,1790296493174000000,sent
2938,29647889138780,29647889140585,29647889491289,1790296493179000000,sent
2939,29647894138780,29647894141585,29647894763882,1790296493184000000,sent
2940,29647899138780,29647899140289,29647899664437,1790296493189000000,sent
2941,29647904138780,29647904142067,29647905081289,1790296493194000000,sent
2942,29647909138780,29647909141030,29647909503956,1790296493199000000,sent
2943,29647914138780,29647914139326,29647914412845,1790296493204000000,sent
2944,29647919138780,29647919142474,29647919776771,1790296493209000000,sent
2945,29647924138780,29647924141511,29647924671141,1790296493214000000,sent
2946,29647929138780,29647929139697,29647929583808,1790296493219000000,sent
2947,29647934138780,29647934140067,29647934472363,1790296493224000000,sent
2948,29647939138780,29647939139808,29647939688993,1790296493229000000,sent
2949,29647944138780,29647944141511,29647944596215,1790296493234000000,sent
2950,29647949138780,29647949140919,29647950453697,1790296493239000000,sent
2951,29647954138780,29647954142660,29647954684993,1790296493244000000,sent
2952,29647959138780,29647959141326,29647959488548,1790296493249000000,sent
2953,29647964138780,29647964140956,29647964588289,1790296493254000000,sent
2954,29647969138780,29647969139734,29647969508030,1790296493259000000,sent
2955,29647974138780,29647974140771,29647974756845,1790296493264000000,sent
2956,29647979138780,29647979142734,29647979661511,1790296493269000000,sent
2957,29647984138780,29647984141141,29647984567808,1790296493274000000,sent
2958,29647989138780,29647989139548,29647989477141,1790296493279000000,sent
2959,29647994138780,29647994140326,29647995450734,1790296493284000000,sent
2960,29647999138780,29647999140141,29647999672548,1790296493289000000,sent
2961,29648004138780,29648004142252,29648004500845,1790296493294000000,sent
2962,29648009138780,29648009140067,29648009569363,1790296493299000000,sent
2963,29648014138780,29648014139474,29648014472771,1790296493304000000,sent
2964,29648019138780,29648019142289,29648019753882,1790296493309000000,sent
2965,29648024138780,29648024141141,29648024671363,1790296493314000000,sent
2966,29648029138780,29648029141697,29648029567771,1790296493319000000,sent
2967,29648034138780,29648034140548,29648034488067,1790296493324000000,sent
2968,29648039138780,29648039140919,29648040507252,1790296493329000000,sent
2969,29648044138780,29648044140141,29648044691326,1790296493334000000,sent
2970,29648049138780,29648049140178,29648049590771,1790296493339000000,sent
2971,29648054138780,29648054141289,29648054683808,1790296493344000000,sent
2972,29648059138780,29648059141289,29648059511141,1790296493349000000,sent
2973,29648064138780,29648064140067,29648064551178,1790296493354000000,sent
2974,29648069138780,29648069139511,29648069438659,1790296493359000000,sent
2975,29648074138780,29648074142252,29648074768734,1790296493364000000,sent
2976,29648079138780,29648079141585,29648079656622,1790296493369000000,sent
2977,29648084138780,29648084140104,29648085037178,1790296493374000000,sent
2978,29648089138780,29648089139956,29648089474808,1790296493379000000,sent
2979,29648094138780,29648094139956,29648094661215,1790296493384000000,sent
2980,29648099138780,29648099140956,29648099758511,1790296493389000000,sent
2981,29648104138780,29648104140215,29648104525845,1790296493394000000,sent
2982,29648109138780,29648109139845,29648109535104,1790296493399000000,sent
2983,29648114138780,29648114139771,29648114451252,1790296493404000000,sent
2984,29648119138780,29648119140511,29648119784845,1790296493409000000,sent
2985,29648124138780,29648124141511,29648124709252,1790296493414000000,sent
2986,29648129138780,29648129140067,29648129682141,1790296493419000000,sent
2987,29648134138780,29648134139771,29648134526808,1790296493424000000,sent
2988,29648139138780,29648139141067,29648139700030,1790296493429000000,sent
2989,29648144138780,29648144141437,29648144757993,1790296493434000000,sent
2990,29648149138780,29648149141548,29648149617215,1790296493439000000,sent
2991,29648154138780,29648154140363,29648154665326,1790296493444000000,sent
2992,29648159138780,29648159140733,29648159484252,1790296493449000000,sent
2993,29648164138780,29648164140326,29648164554215,1790296493454000000,sent
2994,29648169138780,29648169139511,29648169475548,1790296493459000000,sent
2995,29648174138780,29648174140215,29648175433511,1790296493464000000,sent
2996,29648179138780,29648179142104,29648179678178,1790296493469000000,sent
2997,29648184138780,29648184140474,29648184452919,1790296493474000000,sent
2998,29648189138780,29648189141067,29648189556845,1790296493479000000,sent
2999,29648194138780,29648194142622,29648194694659,1790296493484000000,sent
3000,29648199138780,29648206535659,29648206935770,1790296493496000000,sent
3001,29648204138780,29648206948845,29648207223400,1790296493496000000,sent
3002,29648209138780,29648209140733,29648209561770,1790296493499000000,sent
3003,29648214138780,29648214140437,29648214460659,1790296493504000000,sent
3004,29648219138780,29648219140141,29648219853548,1790296493509000000,sent
3005,29648224138780,29648224140437,29648224694030,1790296493514000000,sent
3006,29648229138780,29648229140067,29648229507993,1790296493519000000,sent
3007,29648234138780,29648234139437,29648234552696,1790296493524000000,sent
3008,29648239138780,29648239140919,29648239677511,1790296493529000000,sent
3009,29648244138780,29648244140141,29648244723882,1790296493534000000,sent
3010,29648249138780,29648249139659,29648249673215,1790296493539000000,sent
3011,29648254138780,29648254140696,29648254683067,1790296493544000000,sent
3012,29648259138780,29648259140104,29648259497845,1790296493549000000,sent
3013,29648264138780,29648264140141,29648265031030,1790296493554000000,sent
3014,29648269138780,29648269139585,29648269463400,1790296493559000000,sent
3015,29648274138780,29648274139956,29648274648993,1790296493564000000,sent
3016,29648279138780,29648279140585,29648279751993,1790296493569000000,sent
3017,29648284138780,29648284139585,29648284493659,1790296493574000000,sent
3018,29648289138780,29648289139807,29648289535585,1790296493579000000,sent
3019,29648294138780,29648294141919,29648294675770,1790296493584000000,sent
3020,29648299138780,29648299140252,29648299759178,1790296493589000000,sent
3021,29648304138780,29648304140252,29648304529178,1790296493594000000,sent
3022,29648309138780,29648309139770,29648310033215,1790296493599000000,sent
3023,29648314138780,29648314139474,29648314468400,1790296493604000000,sent
3024,29648319138780,29648319141659,29648319658993,1790296493609000000,sent
3025,29648324138780,29648324142030,29648324763289,1790296493614000000,sent
3026,29648329138780,29648329140882,29648329506844,1790296493619000000,sent
3027,29648334138780,29648334140215,29648334563511,1790296493624000000,sent
3028,29648339138780,29648339141326,29648339705622,1790296493629000000,sent
3029,29648344138780,29648344141622,29648344755696,1790296493634000000,sent
3030,29648349138780,29648349142178,29648349627104,1790296493639000000,sent
3031,29648354138780,29648354139956,29648355295993,1790296493644000000,sent
3032,29648359138780,29648359139659,29648359487067,1790296493649000000,sent
3033,29648364138780,29648364140178,29648364444178,1790296493654000000,sent
3034,29648369138780,29648369139696,29648369557215,1790296493659000000,sent
3035,29648374138780,29648374141696,29648374698252,1790296493664000000,sent
3036,29648379138780,29648379141844,29648380574511,1790296493669000000,sent
3037,29648384138780,29648384140104,29648384478696,1790296493674000000,sent
3038,29648389138780,29648389140326,29648389546400,1790296493679000000,sent
3039,29648394138780,29648394141400,29648394678474,1790296493684000000,sent
3040,29648399138780,29648399141215,29648400457400,1790296493689000000,sent
3041,29648404138780,29648404141067,29648404535104,1790296493694000000,sent
3042,29648409138780,29648409139956,29648409434696,1790296493699000000,sent
3043,29648414138780,29648414141030,29648414551585,1790296493704000000,sent
3044,29648419138780,29648419142919,29648419713511,1790296493709000000,sent
3045,29648424138780,29648424142326,29648424747881,1790296493714000000,sent
3046,29648429138780,29648429140215,29648429490326,1790296493719000000,sent
3047,29648434138780,29648434139807,29648434552511,1790296493724000000,sent
3048,29648439138780,29648439141770,29648439689141,1790296493729000000,sent
3049,29648444138780,29648444142659,29648445429437,1790296493734000000,sent
3050,29648449138780,29648449140178,29648449617141,1790296493739000000,sent
3051,29648454138780,29648454140993,29648454540548,1790296493744000000,sent
3052,29648459138780,29648459141178,29648459563030,1790296493749000000,sent
3053,29648464138780,29648464140918,29648464460141,1790296493754000000,sent
3054,29648469138780,29648469140437,29648469527067,1790296493759000000,sent
3055,29648474138780,29648474139881,29648474685326,1790296493764000000,sent
3056,29648479138780,29648479141881,29648479748326,1790296493769000000,sent
3057,29648484138780,29648484139400,29648484489326,1790296493774000000,sent
3058,29648489138780,29648489139659,29648490039437,1790296493779000000,sent
3059,29648494138780,29648494140622,29648494456955,1790296493784000000,sent
3060,29648499138780,29648499140289,29648499648215,1790296493789000000,sent
3061,29648504138780,29648504142696,29648504759807,1790296493794000000,sent
3062,29648509138780,29648509140400,29648509472955,1790296493799000000,sent
3063,29648514138780,29648514141104,29648514571104,1790296493804000000,sent
3064,29648519138780,29648519140104,29648519443104,1790296493809000000,sent
3065,29648524138780,29648524140067,29648524757178,1790296493814000000,sent
3066,29648529138780,29648529141659,29648529682474,1790296493819000000,sent
3067,29648534138780,29648534140104,29648535039104,1790296493824000000,sent
3068,29648539138780,29648539139474,29648539469252,1790296493829000000,sent
3069,29648544138780,29648544141511,29648544578844,1790296493834000000,sent
3070,29648549138780,29648549141437,29648549673622,1790296493839000000,sent
3071,29648554138780,29648554140548,29648554468622,1790296493844000000,sent
3072,29648559138780,29648559139696,29648559529992,1790296493849000000,sent
3073,29648564138780,29648564140178,29648564454585,1790296493854000000,sent
3074,29648569138780,29648569142252,29648569768067,1790296493859000000,sent
3075,29648574138780,29648574140659,29648574666881,1790296493864000000,sent
3076,29648579138780,29648579140511,29648580074030,1790296493869000000,sent
3077,29648584138780,29648584139881,29648584472474,1790296493874000000,sent
3078,29648589138780,29648589142511,29648589647733,1790296493879000000,sent
3079,29648594138780,29648594141289,29648594751511,1790296493884000000,sent
3080,29648599138780,29648599139955,29648599484289,1790296493889000000,sent
3081,29648604138780,29648604140474,29648604540807,1790296493894000000,sent
3082,29648609138780,29648609139918,29648609694326,1790296493899000000,sent
3083,29648614138780,29648614141696,29648614748067,1790296493904000000,sent
3084,29648619138780,29648619140881,29648619502400,1790296493909000000,sent
3085,29648624138780,29648624140511,29648625035511,1790296493914000000,sent
3086,29648629138780,29648629140252,29648629487807,1790296493919000000,sent
3087,29648634138780,29648634142104,29648634660696,1790296493924000000,sent
3088,29648639138780,29648639142067,29648639757326,1790296493929000000,sent
3089,29648644138780,29648644140363,29648644486992,1790296493934000000,sent
3090,29648649138780,29648649140141,29648649542696,1790296493939000000,sent
3091,29648654138780,29648654141141,29648654674252,1790296493944000000,sent
3092,29648659138780,29648659140881,29648659758992,1790296493949000000,sent
3093,29648664138780,29648664141807,29648664526696,1790296493954000000,sent
3094,29648669138780,29648669140178,29648670016955,1790296493959000000,sent
3095,29648674138780,29648674139733,29648674461955,1790296493964000000,sent
3096,29648679138780,29648679141585,29648679641029,1790296493969000000,sent
3097,29648684138780,29648684142474,29648684763437,1790296493974000000,sent
3098,29648689138780,29648689139844,29648689488066,1790296493979000000,sent
3099,29648694138780,29648694139400,29648694534733,1790296493984000000,sent
3100,29648699138780,29648699141696,29648699686066,1790296493989000000,sent
3101,29648704138780,29648704141029,29648704746066,1790296493994000000,sent
3102,29648709138780,29648709141733,29648709494696,1790296493999000000,sent
3103,29648714138780,29648714140178,29648715029289,1790296494004000000,sent
3104,29648719138780,29648719139548,29648719463881,1790296494009000000,sent
3105,29648724138780,29648724141178,29648724646474,1790296494014000000,sent
3106,29648729138780,29648729141141,29648729771215,1790296494019000000,sent
3107,29648734138780,29648734140104,29648735087585,1790296494024000000,sent
3108,29648739138780,29648739140844,29648739600955,1790296494029000000,sent
3109,29648744138780,29648744140103,29648744735178,1790296494034000000,sent
3110,29648749138780,29648749142881,29648749766029,1790296494039000000,sent
3111,29648754138780,29648754139844,29648754529289,1790296494044000000,sent
3112,29648759138780,29648759140215,29648759625696,1790296494049000000,sent
3113,29648764138780,29648764140696,29648764507585,1790296494054000000,sent
3114,29648769138780,29648769140881,29648769692474,1790296494059000000,sent
3115,29648774138780,29648774140807,29648774762437,1790296494064000000,sent
3116,29648779138780,29648779140622,29648779514178,1790296494069000000,sent
3117,29648784138780,29648784140066,29648784546141,1790296494074000000,sent
3118,29648789138780,29648789140215,29648789714326,1790296494079000000,sent
3119,29648794138780,29648794140252,29648794770363,1790296494084000000,sent
3120,29648799138780,29648799140844,29648799577474,1790296494089000000,sent
3121,29648804138780,29648804140326,29648804611437,1790296494094000000,sent
3122,29648809138780,29648809141178,29648809715696,1790296494099000000,sent
3123,29648814138780,29648814141955,29648814698992,1790296494104000000,sent
3124,29648819138780,29648819139992,29648819722178,1790296494109000000,sent
3125,29648824138780,29648824139918,29648824639881,1790296494114000000,sent
3126,29648829138780,29648829141103,29648829571140,1790296494119000000,sent
3127,29648834138780,29648834140029,29648834515918,1790296494124000000,sent
3128,29648839138780,29648839139696,29648839588585,1790296494129000000,sent
3129,29648844138780,29648844143326,29648844723289,1790296494134000000,sent
3130,29648849138780,29648849140585,29648849850733,1790296494139000000,sent
3131,29648854138780,29648854140659,29648854491252,1790296494144000000,sent
3132,29648859138780,29648859140474,29648859431955,1790296494149000000,sent
3133,29648864138780,29648864140400,29648864767252,1790296494154000000,sent
3134,29648869138780,29648869140215,29648869650844,1790296494159000000,sent
3135,29648874138780,29648874139881,29648874547770,1790296494164000000,sent
3136,29648879138780,29648879140844,29648879453659,1790296494169000000,sent
3137,29648884138780,29648884141103,29648884780363,1790296494174000000,sent
3138,29648889138780,29648889141437,29648889683252,1790296494179000000,sent
3139,29648894138780,29648894142696,29648894692103,1790296494184000000,sent
3140,29648899138780,29648899139807,29648899523252,1790296494189000000,sent
3141,29648904138780,29648904140770,29648904443992,1790296494194000000,sent
3142,29648909138780,29648909141140,29648909764252,1790296494199000000,sent
3143,29648914138780,29648914141844,29648914677400,1790296494204000000,sent
3144,29648919138780,29648919139807,29648919529770,1790296494209000000,sent
3145,29648924138780,29648924139696,29648924465437,1790296494214000000,sent
3146,29648929138780,29648929141511,29648929770696,1790296494219000000,sent
3147,29648934138780,29648934141326,29648934660326,1790296494224000000,sent
3148,29648939138780,29648939143585,29648939648659,1790296494229000000,sent
3149,29648944138780,29648944140659,29648944492029,1790296494234000000,sent
3150,29648949138780,29648949140585,29648949437326,1790296494239000000,sent
3151,29648954138780,29648954141437,29648954752622,1790296494244000000,sent
3152,29648959138780,29648959141807,29648959654214,1790296494249000000,sent
3153,29648964138780,29648964139696,29648964543807,1790296494254000000,sent
3154,29648969138780,29648969140066,29648969464400,1790296494259000000,sent
3155,29648974138780,29648974142252,29648974765177,1790296494264000000,sent
3156,29648979138780,29648979139881,29648979661474,1790296494269000000,sent
3157,29648984138780,29648984141029,29648984654103,1790296494274000000,sent
3158,29648989138780,29648989139511,29648989483066,1790296494279000000,sent
3159,29648994138780,29648994140511,29648994450511,1790296494284000000,sent
3160,29648999138780,29648999141696,29648999754326,1790296494289000000,sent
3161,29649004138780,29649004142103,29649004662177,1790296494294000000,sent
3162,29649009138780,29649009139807,29649009532844,1790296494299000000,sent
3163,29649014138780,29649014140177,29649014462251,1790296494304000000,sent
3164,29649019138780,29649019140992,29649019706326,1790296494309000000,sent
3165,29649024138780,29649024139770,29649024586992,1790296494314000000,sent
3166,29649029138780,29649029140696,29649030503103,1790296494319000000,sent
3167,29649034138780,29649034142066,29649034707140,1790296494324000000,sent
3168,29649039138780,29649039142140,29649039494622,1790296494329000000,sent
3169,29649044138780,29649044140918,29649044578918,1790296494334000000,sent
3170,29649049138780,29649049140696,29649049491844,1790296494339000000,sent
3171,29649054138780,29649054140770,29649054755659,1790296494344000000,sent
3172,29649059138780,29649059140807,29649059662511,1790296494349000000,sent
3173,29649064138780,29649064139807,29649064558288,1790296494354000000,sent
3174,29649069138780,29649069140659,29649069471807,1790296494359000000,sent
3175,29649074138780,29649074140326,29649075442251,1790296494364000000,sent
3176,29649079138780,29649079141029,29649079662103,1790296494369000000,sent
3177,29649084138780,29649084140288,29649084516251,1790296494374000000,sent
3178,29649089138780,29649089140066,29649089563066,1790296494379000000,sent
3179,29649094138780,29649094139844,29649094461437,1790296494384000000,sent
3180,29649099138780,29649099141585,29649099756326,1790296494389000000,sent
3181,29649104138780,29649104141696,29649104669955,1790296494394000000,sent
3182,29649109138780,29649109140733,29649109570288,1790296494399000000,sent
3183,29649114138780,29649114140918,29649114524363,1790296494404000000,sent
3184,29649119138780,29649119141918,29649120522103,1790296494409000000,sent
3185,29649124138780,29649124140214,29649124669251,1790296494414000000,sent
3186,29649129138780,29649129141029,29649129633770,1790296494419000000,sent
3187,29649134138780,29649134139844,29649134595103,1790296494424000000,sent
3188,29649139138780,29649139140844,29649139467696,1790296494429000000,sent
3189,29649144138780,29649144140733,29649144753029,1790296494434000000,sent
3190,29649149138780,29649149140881,29649149666511,1790296494439000000,sent
3191,29649154138780,29649154140733,29649154570881,1790296494444000000,sent
3192,29649159138780,29649159140807,29649159462177,1790296494449000000,sent
3193,29649164138780,29649164139733,29649165044066,1790296494454000000,sent
3194,29649169138780,29649169140437,29649169671140,1790296494459000000,sent
3195,29649174138780,29649174140770,29649174624066,1790296494464000000,sent
3196,29649179138780,29649179141140,29649179575992,1790296494469000000,sent
3197,29649184138780,29649184140103,29649184475288,1790296494474000000,sent
3198,29649189138780,29649189141400,29649190453103,1790296494479000000,sent
3199,29649194138780,29649194140992,29649194709251,1790296494484000000,sent
3200,29649199138780,29649201294251,29649201687992,1790296494491000000,sent
3201,29649204138780,29649204139548,29649204471437,1790296494494000000,sent
3202,29649209138780,29649209142807,29649210476288,1790296494499000000,sent
3203,29649214138780,29649214142325,29649214721622,1790296494504000000,sent
3204,29649219138780,29649219140029,29649219487029,1790296494509000000,sent
3205,29649224138780,29649224139659,29649224566585,1790296494514000000,sent
3206,29649229138780,29649229140548,29649229459992,1790296494519000000,sent
3207,29649234138780,29649234142400,29649234784474,1790296494524000000,sent
3208,29649239138780,29649239141918,29649239774733,1790296494529000000,sent
3209,29649244138780,29649244140103,29649244578511,1790296494534000000,sent
3210,29649249138780,29649249139659,29649249481733,1790296494539000000,sent
3211,29649254138780,29649254142844,29649255461622,1790296494544000000,sent
3212,29649259138780,29649259140622,29649259666918,1790296494549000000,sent
3213,29649264138780,29649264139992,29649264460770,1790296494554000000,sent
3214,29649269138780,29649269139992,29649269558362,1790296494559000000,sent
3215,29649274138780,29649274139992,29649274443437,1790296494564000000,sent
3216,29649279138780,29649279140251,29649279812474,1790296494569000000,sent
3217,29649284138780,29649284140622,29649284757066,1790296494574000000,sent
3218,29649289138780,29649289139696,29649289579955,1790296494579000000,sent
3219,29649294138780,29649294139881,29649294475955,1790296494584000000,sent
3220,29649299138780,29649299140399,29649300492770,1790296494589000000,sent
3221,29649304138780,29649304142362,29649304679585,1790296494594000000,sent
3222,29649309138780,29649309140918,29649309491585,1790296494599000000,sent
3223,29649314138780,29649314139548,29649314550807,1790296494604000000,sent
3224,29649319138780,29649319139511,29649319467955,1790296494609000000,sent
3225,29649324138780,29649324140844,29649324760177,1790296494614000000,sent
3226,29649329138780,29649329142066,29649329651362,1790296494619000000,sent
3227,29649334138780,29649334140362,29649334577474,1790296494624000000,sent
3228,29649339138780,29649339139325,29649339462585,1790296494629000000,sent
3229,29649344138780,29649344142325,29649345482177,1790296494634000000,sent
3230,29649349138780,29649349141696,29649349664622,1790296494639000000,sent
3231,29649354138780,29649354140436,29649354455733,1790296494644000000,sent
3232,29649359138780,29649359140399,29649359548585,1790296494649000000,sent
3233,29649364138780,29649364139807,29649364465251,1790296494654000000,sent
3234,29649369138780,29649369140881,29649369759844,1790296494659000000,sent
3235,29649374138780,29649374142918,29649374669325,1790296494664000000,sent
3236,29649379138780,29649379140066,29649379568399,1790296494669000000,sent
3237,29649384138780,29649384139548,29649384466955,1790296494674000000,sent
3238,29649389138780,29649389140622,29649390503436,1790296494679000000,sent
3239,29649394138780,29649394140251,29649394672473,1790296494684000000,sent
3240,29649399138780,29649399141807,29649399472436,1790296494689000000,sent
3241,29649404138780,29649404140436,29649404569622,1790296494694000000,sent
3242,29649409138780,29649409139622,29649409455029,1790296494699000000,sent
3243,29649414138780,29649414140918,29649414741733,1790296494704000000,sent
3244,29649419138780,29649419142918,29649419649733,1790296494709000000,sent
3245,29649424138780,29649424141436,29649424566770,1790296494714000000,sent
3246,29649429138780,29649429139992,29649429510622,1790296494719000000,sent
3247,29649434138780,29649434140881,29649434897548,1790296494724000000,sent
3248,29649439138780,29649439142029,29649439682733,1790296494729000000,sent
3249,29649444138780,29649444141622,29649444509029,1790296494734000000,sent
3250,29649449138780,29649449140696,29649449561770,1790296494739000000,sent
3251,29649454138780,29649454139510,29649454462029,1790296494744000000,sent
3252,29649459138780,29649459140955,29649459748288,1790296494749000000,sent
3253,29649464138780,29649464141362,29649464681807,1790296494754000000,sent
3254,29649469138780,29649469139807,29649469559140,1790296494759000000,sent
3255,29649474138780,29649474139659,29649474456399,1790296494764000000,sent
3256,29649479138780,29649479140844,29649479861955,1790296494769000000,sent
3257,29649484138780,29649484140585,29649484676473,1790296494774000000,sent
3258,29649489138780,29649489141251,29649489470473,1790296494779000000,sent
3259,29649494138780,29649494140103,29649494549140,1790296494784000000,sent
3260,29649499138780,29649499140881,29649499452807,1790296494789000000,sent
3261,29649504138780,29649504142103,29649504742103,1790296494794000000,sent
3262,29649509138780,29649509140288,29649509662177,1790296494799000000,sent
3263,29649514138780,29649514139918,29649514552177,1790296494804000000,sent
3264,29649519138780,29649519139473,29649519480918,1790296494809000000,sent
3265,29649524138780,29649524139881,29649524578066,1790296494814000000,sent
3266,29649529138780,29649529141473,29649529722288,1790296494819000000,sent
3267,29649534138780,29649534140955,29649534679547,1790296494824000000,sent
3268,29649539138780,29649539141029,29649539578622,1790296494829000000,sent
3269,29649544138780,29649544139881,29649544466622,1790296494834000000,sent
3270,29649549138780,29649549141659,29649549747177,1790296494839000000,sent
3271,29649554138780,29649554142325,29649554646510,1790296494844000000,sent
3272,29649559138780,29649559140177,29649559576547,1790296494849000000,sent
3273,29649564138780,29649564140029,29649564485844,1790296494854000000,sent
3274,29649569138780,29649569140399,29649570048807,1790296494859000000,sent
3275,29649574138780,29649574141844,29649574692510,1790296494864000000,sent
3276,29649579138780,29649579142881,29649579613881,1790296494869000000,sent
3277,29649584138780,29649584140510,29649584561066,1790296494874000000,sent
3278,29649589138780,29649589140288,29649589462066,1790296494879000000,sent
3279,29649594138780,29649594140251,29649594673510,1790296494884000000,sent
3280,29649599138780,29649599140696,29649599623140,1790296494889000000,sent
3281,29649604138780,29649604140436,29649604775473,1790296494894000000,sent
3282,29649609138780,29649609140362,29649609670325,1790296494899000000,sent
3283,29649614138780,29649614141140,29649614666177,1790296494904000000,sent
3284,29649619138780,29649619140066,29649619495918,1790296494909000000,sent
3285,29649624138780,29649624140177,29649624453733,1790296494914000000,sent
3286,29649629138780,29649629141029,29649629795177,1790296494919000000,sent
3287,29649634138780,29649634142436,29649634699066,1790296494924000000,sent
3288,29649639138780,29649639140547,29649639553325,1790296494929000000,sent
3289,29649644138780,29649644140696,29649644483955,1790296494934000000,sent
3290,29649649138780,29649649142325,29649649757436,1790296494939000000,sent
3291,29649654138780,29649654142621,29649654662510,1790296494944000000,sent
3292,29649659138780,29649659140955,29649659627251,1790296494949000000,sent
3293,29649664138780,29649664140251,29649664487955,1790296494954000000,sent
3294,29649669138780,29649669140214,29649669430103,1790296494959000000,sent
3295,29649674138780,29649674142362,29649674764436,1790296494964000000,sent
3296,29649679138780,29649679140584,29649679641251,1790296494969000000,sent
3297,29649684138780,29649684141288,29649684545658,1790296494974000000,sent
3298,29649689138780,29649689139770,29649689462881,1790296494979000000,sent
3299,29649694138780,29649694140547,29649694702844,1790296494984000000,sent
3300,29649699138780,29649699140547,29649699607658,1790296494989000000,sent
3301,29649704138780,29649704140584,29649705078992,1790296494994000000,sent
3302,29649709138780,29649709139955,29649709523658,1790296494999000000,sent
3303,29649714138780,29649714140214,29649714512510,1790296495004000000,sent
3304,29649719138780,29649719142881,29649719772807,1790296495009000000,sent
3305,29649724138780,29649724141992,29649724731362,1790296495014000000,sent
3306,29649729138780,29649729140177,29649729545029,1790296495019000000,sent
3307,29649734138780,29649734140992,29649734543066,1790296495024000000,sent
3308,29649739138780,29649739142029,29649739765288,1790296495029000000,sent
3309,29649744138780,29649744141918,29649744700288,1790296495034000000,sent
3310,29649749138780,29649749140399,29649749596066,1790296495039000000,sent
3311,29649754138780,29649754140658,29649754475362,1790296495044000000,sent
3312,29649759138780,29649759139844,29649759439288,1790296495049000000,sent
3313,29649764138780,29649764140288,29649764758733,1790296495054000000,sent
3314,29649769138780,29649769142103,29649769675658,1790296495059000000,sent
3315,29649774138780,29649774140918,29649774554473,1790296495064000000,sent
3316,29649779138780,29649779139733,29649779455140,1790296495069000000,sent
3317,29649784138780,29649784141510,29649784769325,1790296495074000000,sent
3318,29649789138780,29649789141918,29649789697066,1790296495079000000,sent
3319,29649794138780,29649794141695,29649794751844,1790296495084000000,sent
3320,29649799138780,29649799140325,29649799602177,1790296495089000000,sent
3321,29649804138780,29649804139621,29649804481621,1790296495094000000,sent
3322,29649809138780,29649809140658,29649809536621,1790296495099000000,sent
3323,29649814138780,29649814139621,29649814459473,1790296495104000000,sent
3324,29649819138780,29649819140844,29649819749140,1790296495109000000,sent
3325,29649824138780,29649824142695,29649824671695,1790296495114000000,sent
3326,29649829138780,29649829140658,29649829564140,1790296495119000000,sent
3327,29649834138780,29649834140807,29649834560770,1790296495124000000,sent
3328,29649839138780,29649839141288,29649839855103,1790296495129000000,sent
3329,29649844138780,29649844142732,29649844765362,1790296495134000000,sent
3330,29649849138780,29649849141029,29649849688584,1790296495139000000,sent
3331,29649854138780,29649854140881,29649854696881,1790296495144000000,sent
3332,29649859138780,29649859140807,29649859506584,1790296495149000000,sent
3333,29649864138780,29649864140251,29649864534288,1790296495154000000,sent
3334,29649869138780,29649869139436,29649869449918,1790296495159000000,sent
3335,29649874138780,29649874140362,29649874755955,1790296495164000000,sent
3336,29649879138780,29649879141732,29649879705584,1790296495169000000,sent
3337,29649884138780,29649884140140,29649884608695,1790296495174000000,sent
3338,29649889138780,29649889139955,29649889502066,1790296495179000000,sent
3339,29649894138780,29649894140584,29649894616658,1790296495184000000,sent
3340,29649899138780,29649899140436,29649899667881,1790296495189000000,sent
3341,29649904138780,29649904140103,29649904506992,1790296495194000000,sent
3342,29649909138780,29649909139399,29649909526732,1790296495199000000,sent
3343,29649914138780,29649914139844,29649914462621,1790296495204000000,sent
3344,29649919138780,29649919142103,29649919763658,1790296495209000000,sent
3345,29649924138780,29649924141362,29649924677066,1790296495214000000,sent
3346,29649929138780,29649929139769,29649929582103,1790296495219000000,sent
3347,29649934138780,29649934141029,29649934512695,1790296495224000000,sent
3348,29649939138780,29649939140732,29649939690325,1790296495229000000,sent
3349,29649944138780,29649944141695,29649944757955,1790296495234000000,sent
3350,29649949138780,29649949140955,29649949499844,1790296495239000000,sent
3351,29649954138780,29649954140881,29649954532695,1790296495244000000,sent
3352,29649959138780,29649959139992,29649959453881,1790296495249000000,sent
3353,29649964138780,29649964140918,29649964769325,1790296495254000000,sent
3354,29649969138780,29649969142955,29649969653399,1790296495259000000,sent
3355,29649974138780,29649974139325,29649974584955,1790296495264000000,sent
3356,29649979138780,29649979139399,29649979457621,1790296495269000000,sent
3357,29649984138780,29649984142288,29649984652732,1790296495274000000,sent
3358,29649989138780,29649989139918,29649989749214,1790296495279000000,sent
3359,29649994138780,29649994139955,29649994623621,1790296495284000000,sent
3360,29649999138780,29649999141214,29649999645695,1790296495289000000,sent
3361,29650004138780,29650004141621,29650004499288,1790296495294000000,sent
3362,29650009138780,29650009139732,29650009546436,1790296495299000000,sent
3363,29650014138780,29650014140436,29650014469140,1790296495304000000,sent
3364,29650019138780,29650019142399,29650019823251,1790296495309000000,sent
3365,29650024138780,29650024140066,29650024683325,1790296495314000000,sent
3366,29650029138780,29650029140362,29650029455621,1790296495319000000,sent
3367,29650034138780,29650034140881,29650034557399,1790296495324000000,sent
3368,29650039138780,29650039164955,29650039739214,1790296495329000000,sent
3369,29650044138780,29650044140621,29650044734547,1790296495334000000,sent
3370,29650049138780,29650049139769,29650049486066,1790296495339000000,sent
3371,29650054138780,29650054140325,29650054533806,1790296495344000000,sent
3372,29650059138780,29650059139325,29650059466992,1790296495349000000,sent
3373,29650064138780,29650064141214,29650064857918,1790296495354000000,sent
3374,29650069138780,29650069141769,29650069675880,1790296495359000000,sent
3375,29650074138780,29650074140806,29650074466288,1790296495364000000,sent
3376,29650079138780,29650079139732,29650079534658,1790296495369000000,sent
3377,29650084138780,29650084139955,29650084691658,1790296495374000000,sent
3378,29650089138780,29650089141843,29650089726806,1790296495379000000,sent
3379,29650094138780,29650094141436,29650094628695,1790296495384000000,sent
3380,29650099138780,29650099141769,29650099667436,1790296495389000000,sent
3381,29650104138780,29650104140658,29650104684325,1790296495394000000,sent
3382,29650109138780,29650109163288,29650109836399,1790296495399000000,sent
3383,29650114138780,29650114140732,29650114494843,1790296495404000000,sent
3384,29650119138780,29650119140103,29650119475029,1790296495409000000,sent
3385,29650124138780,29650124139769,29650124538732,1790296495414000000,sent
3386,29650129138780,29650129140880,29650129688695,1790296495419000000,sent
3387,29650134138780,29650134140288,29650134734510,1790296495424000000,sent
3388,29650139138780,29650139139510,29650139538510,1790296495429000000,sent
3389,29650144138780,29650144140325,29650144560362,1790296495434000000,sent
3390,29650149138780,29650149140547,29650149457510,1790296495439000000,sent
3391,29650154138780,29650154140251,29650154829732,1790296495444000000,sent
3392,29650159138780,29650159140288,29650159659695,1790296495449000000,sent
3393,29650164138780,29650164140584,29650164468103,1790296495454000000,sent
3394,29650169138780,29650169139732,29650169545473,1790296495459000000,sent
3395,29650174138780,29650174141362,29650174684325,1790296495464000000,sent
3396,29650179138780,29650179141362,29650179726177,1790296495469000000,sent
3397,29650184138780,29650184140288,29650184485473,1790296495474000000,sent
3398,29650189138780,29650189140547,29650189550362,1790296495479000000,sent
3399,29650194138780,29650194140547,29650194619066,1790296495484000000,sent
3400,29650199138780,29650202423732,29650202933954,1790296495492000000,sent
3401,29650204138780,29650204139769,29650204464362,1790296495494000000,sent
3402,29650209138780,29650209140954,29650209477806,1790296495499000000,sent
3403,29650214138780,29650214140732,29650214546029,1790296495504000000,sent
3404,29650219138780,29650219141399,29650219693732,1790296495509000000,sent
3405,29650224138780,29650224140954,29650224732880,1790296495514000000,sent
3406,29650229138780,29650229140880,29650229479954,1790296495519000000,sent
3407,29650234138780,29650234139991,29650234538658,1790296495524000000,sent
3408,29650239138780,29650239140917,29650239700288,1790296495529000000,sent
3409,29650244138780,29650244142917,29650244876880,1790296495534000000,sent
3410,29650249138780,29650249139991,29650249523954,1790296495539000000,sent
3411,29650254138780,29650254140843,29650254443769,1790296495544000000,sent
3412,29650259138780,29650259139806,29650259547621,1790296495549000000,sent
3413,29650264138780,29650264140214,29650264695399,1790296495554000000,sent
3414,29650269138780,29650269141658,29650269720214,1790296495559000000,sent
3415,29650274138780,29650274139584,29650274486769,1790296495564000000,sent
3416,29650279138780,29650279139954,29650279531880,1790296495569000000,sent
3417,29650284138780,29650284140029,29650284687695,1790296495574000000,sent
3418,29650289138780,29650289141917,29650289816029,1790296495579000000,sent
3419,29650294138780,29650294140584,29650294616991,1790296495584000000,sent
3420,29650299138780,29650299140140,29650299560769,1790296495589000000,sent
3421,29650304138780,29650304141028,29650304577103,1790296495594000000,sent
3422,29650309138780,29650309140251,29650309453843,1790296495599000000,sent
3423,29650314138780,29650314139658,29650314536251,1790296495604000000,sent
3424,29650319138780,29650319141547,29650319676806,1790296495609000000,sent
3425,29650324138780,29650324141732,29650324730103,1790296495614000000,sent
3426,29650329138780,29650329140732,29650329494028,1790296495619000000,sent
3427,29650334138780,29650334140621,29650334587621,1790296495624000000,sent
3428,29650339138780,29650339141917,29650339717880,1790296495629000000,sent
3429,29650344138780,29650344142436,29650344659436,1790296495634000000,sent
3430,29650349138780,29650349140473,29650349557399,1790296495639000000,sent
3431,29650354138780,29650354139621,29650354460103,1790296495644000000,sent
3432,29650359138780,29650359143065,29650359741473,1790296495649000000,sent
3433,29650364138780,29650364140399,29650364662103,1790296495654000000,sent
3434,29650369138780,29650369139658,29650369551325,1790296495659000000,sent
3435,29650374138780,29650374140103,29650374459695,1790296495664000000,sent
3436,29650379138780,29650379139991,29650379580621,1790296495669000000,sent
3437,29650384138780,29650384140621,29650384616621,1790296495674000000,sent
3438,29650389138780,29650389141103,29650389561065,1790296495679000000,sent
3439,29650394138780,29650394141251,29650394756288,1790296495684000000,sent
3440,29650399138780,29650399142325,29650399665732,1790296495689000000,sent
3441,29650404138780,29650404141177,29650404679695,1790296495694000000,sent
3442,29650409138780,29650409141695,29650409578880,1790296495699000000,sent
3443,29650414138780,29650414140769,29650414586880,1790296495704000000,sent
3444,29650419138780,29650419140251,29650419466140,1790296495709000000,sent
3445,29650424138780,29650424140065,29650424564214,1790296495714000000,sent
3446,29650429138780,29650429142028,29650429615991,1790296495719000000,sent
3447,29650434138780,29650434140621,29650434536584,1790296495724000000,sent
3448,29650439138780,29650439141028,29650439564140,1790296495729000000,sent
3449,29650444138780,29650444140065,29650444492325,1790296495734000000,sent
3450,29650449138780,29650449142806,29650449744547,1790296495739000000,sent
3451,29650454138780,29650454141288,29650454699806,1790296495744000000,sent
3452,29650459138780,29650459139880,29650459597806,1790296495749000000,sent
3453,29650464138780,29650464140843,29650464555621,1790296495754000000,sent
3454,29650469138780,29650469141102,29650470690251,1790296495759000000,sent
3455,29650474138780,29650474142214,29650474670843,1790296495764000000,sent
3456,29650479138780,29650479139954,29650479493214,1790296495769000000,sent
3457,29650484138780,29650484140510,29650484543473,1790296495774000000,sent
3458,29650489138780,29650489140028,29650489450806,1790296495779000000,sent
3459,29650494138780,29650494140547,29650494749658,1790296495784000000,sent
3460,29650499138780,29650499139806,29650499643362,1790296495789000000,sent
3461,29650504138780,29650504139473,29650504553139,1790296495794000000,sent
3462,29650509138780,29650509140362,29650509448065,1790296495799000000,sent
3463,29650514138780,29650514142288,29650514814436,1790296495804000000,sent
3464,29650519138780,29650519141473,29650519654139,1790296495809000000,sent
3465,29650524138780,29650524140288,29650524505991,1790296495814000000,sent
3466,29650529138780,29650529140251,29650529539028,1790296495819000000,sent
3467,29650534138780,29650534140177,29650534450102,1790296495824000000,sent
3468,29650539138780,29650539140028,29650539730102,1790296495829000000,sent
3469,29650544138780,29650544139917,29650544656843,1790296495834000000,sent
3470,29650549138780,29650549140399,29650549541399,1790296495839000000,sent
3471,29650554138780,29650554139917,29650554475214,1790296495844000000,sent
3472,29650559138780,29650559141547,29650559864806,1790296495849000000,sent
3473,29650564138780,29650564140176,29650564675325,1790296495854000000,sent
3474,29650569138780,29650569139473,29650569462658,1790296495859000000,sent
3475,29650574138780,29650574140621,29650574545436,1790296495864000000,sent
3476,29650579138780,29650579139510,29650579453880,1790296495869000000,sent
3477,29650584138780,29650584140473,29650584734510,1790296495874000000,sent
3478,29650589138780,29650589142251,29650589645991,1790296495879000000,sent
3479,29650594138780,29650594140176,29650594544991,1790296495884000000,sent
3480,29650599138780,29650599140102,29650599457658,1790296495889000000,sent
3481,29650604138780,29650604141510,29650604722436,1790296495894000000,sent
3482,29650609138780,29650609140251,29650609583917,1790296495899000000,sent
3483,29650614138780,29650614142102,29650614651436,1790296495904000000,sent
3484,29650619138780,29650619140954,29650619725510,1790296495909000000,sent
3485,29650624138780,29650624141251,29650624542288,1790296495914000000,sent
3486,29650629138780,29650629139695,29650629525843,1790296495919000000,sent
3487,29650634138780,29650634139325,29650634466213,1790296495924000000,sent
3488,29650639138780,29650639142510,29650639731658,1790296495929000000,sent
3489,29650644138780,29650644142362,29650644686880,1790296495934000000,sent
3490,29650649138780,29650649140325,29650649593954,1790296495939000000,sent
3491,29650654138780,29650654139769,29650654499436,1790296495944000000,sent
3492,29650659138780,29650659140102,29650659443769,1790296495949000000,sent
3493,29650664138780,29650664141806,29650664743547,1790296495954000000,sent
3494,29650669138780,29650669140436,29650669647510,1790296495959000000,sent
3495,29650674138780,29650674139880,29650674532473,1790296495964000000,sent
3496,29650679138780,29650679140658,29650679448399,1790296495969000000,sent
3497,29650684138780,29650684141139,29650684739473,1790296495974000000,sent
3498,29650689138780,29650689142250,29650689648843,1790296495979000000,sent
3499,29650694138780,29650694140473,29650694744806,1790296495984000000,sent
3500,29650699138780,29650699142028,29650699589547,1790296495989000000,sent
3501,29650704138780,29650704141250,29650704655102,1790296495994000000,sent
3502,29650709138780,29650709141213,29650709721769,1790296495999000000,sent
3503,29650714138780,29650714140954,29650714550139,1790296496004000000,sent
3504,29650719138780,29650719139695,29650719519176,1790296496009000000,sent
3505,29650724138780,29650724139510,29650724459991,1790296496014000000,sent
3506,29650729138780,29650729141102,29650729733621,1790296496019000000,sent
3507,29650734138780,29650734142621,29650734661028,1790296496024000000,sent
3508,29650739138780,29650739139473,29650739553139,1790296496029000000,sent
3509,29650744138780,29650744139399,29650744488287,1790296496034000000,sent
3510,29650749138780,29650749141028,29650749652584,1790296496039000000,sent
3511,29650754138780,29650754142769,29650754760769,1790296496044000000,sent
3512,29650759138780,29650759140362,29650759504436,1790296496049000000,sent
3513,29650764138780,29650764140658,29650764522176,1790296496054000000,sent
3514,29650769138780,29650769140621,29650769435547,1790296496059000000,sent
3515,29650774138780,29650774141436,29650774736028,1790296496064000000,sent
3516,29650779138780,29650779140621,29650779647473,1790296496069000000,sent
3517,29650784138780,29650784140436,29650784509917,1790296496074000000,sent
3518,29650789138780,29650789139806,29650789485621,1790296496079000000,sent
3519,29650794138780,29650794140695,29650794590436,1790296496084000000,sent
3520,29650799138780,29650799140769,29650799637769,1790296496089000000,sent
3521,29650804138780,29650804140473,29650804523510,1790296496094000000,sent
3522,29650809138780,29650809140695,29650809522806,1790296496099000000,sent
3523,29650814138780,29650814139880,29650814521806,1790296496104000000,sent
3524,29650819138780,29650819140399,29650819732695,1790296496109000000,sent
3525,29650824138780,29650824141176,29650824656917,1790296496114000000,sent
3526,29650829138780,29650829139473,29650829491658,1790296496119000000,sent
3527,29650834138780,29650834139324,29650834453584,1790296496124000000,sent
3528,29650839138780,29650839142176,29650839672658,1790296496129000000,sent
3529,29650844138780,29650844141176,29650844728065,1790296496134000000,sent
3530,29650849138780,29650849139954,29650849505176,1790296496139000000,sent
3531,29650854138780,29650854140287,29650854524510,1790296496144000000,sent
3532,29650859138780,29650859142584,29650859692028,1790296496149000000,sent
3533,29650864138780,29650864142250,29650864718102,1790296496154000000,sent
3534,29650869138780,29650869139843,29650869512621,1790296496159000000,sent
3535,29650874138780,29650874139917,29650874491473,1790296496164000000,sent
3536,29650879138780,29650879140176,29650879464324,1790296496169000000,sent
3537,29650884138780,29650884140732,29650884661250,1790296496174000000,sent
3538,29650889138780,29650889141324,29650889715732,1790296496179000000,sent
3539,29650894138780,29650894139436,29650894490250,1790296496184000000,sent
3540,29650899138780,29650899139732,29650899559954,1790296496189000000,sent
3541,29650904138780,29650904140324,29650904615176,1790296496194000000,sent
3542,29650909138780,29650909140139,29650909655324,1790296496199000000,sent
3543,29650914138780,29650914139695,29650914486658,1790296496204000000,sent
3544,29650919138780,29650919139584,29650919483695,1790296496209000000,sent
3545,29650924138780,29650924140250,29650924470324,1790296496214000000,sent
3546,29650929138780,29650929141621,29650929646250,1790296496219000000,sent
3547,29650934138780,29650934142547,29650934719139,1790296496224000000,sent
3548,29650939138780,29650939140880,29650939479176,1790296496229000000,sent
3549,29650944138780,29650944140102,29650944538213,1790296496234000000,sent
3550,29650949138780,29650949142176,29650949673880,1790296496239000000,sent
3551,29650954138780,29650954140621,29650954711695,1790296496244000000,sent
3552,29650959138780,29650959140213,29650959503176,1790296496249000000,sent
3553,29650964138780,29650964140102,29650964509436,1790296496254000000,sent
3554,29650969138780,29650969139806,29650969477436,1790296496259000000,sent
3555,29650974138780,29650974140065,29650974665102,1790296496264000000,sent
3556,29650979138780,29650979140954,29650979732954,1790296496269000000,sent
3557,29650984138780,29650984141065,29650984485250,1790296496274000000,sent
3558,29650989138780,29650989140843,29650989513250,1790296496279000000,sent
3559,29650994138780,29650994141621,29650994679621,1790296496284000000,sent
3560,29650999138780,29650999140547,29650999706991,1790296496289000000,sent
3561,29651004138780,29651004140732,29651004558213,1790296496294000000,sent
3562,29651009138780,29651009139398,29651009522843,1790296496299000000,sent
3563,29651014138780,29651014140917,29651014477361,1790296496304000000,sent
3564,29651019138780,29651019142658,29651019652102,1790296496309000000,sent
3565,29651024138780,29651024140621,29651024711398,1790296496314000000,sent
3566,29651029138780,29651029140028,29651029480547,1790296496319000000,sent
3567,29651034138780,29651034140176,29651034515176,1790296496324000000,sent
3568,29651039138780,29651039139880,29651039623806,1790296496329000000,sent
3569,29651044138780,29651044140287,29651044650250,1790296496334000000,sent
3570,29651049138780,29651049140547,29651049486102,1790296496339000000,sent
3571,29651054138780,29651054140398,29651054515658,1790296496344000000,sent
3572,29651059138780,29651059140176,29651059472139,1790296496349000000,sent
3573,29651064138780,29651064141472,29651064672287,1790296496354000000,sent
3574,29651069138780,29651069140732,29651069704843,1790296496359000000,sent
3575,29651074138780,29651074139584,29651074467658,1790296496364000000,sent
3576,29651079138780,29651079139621,29651079492732,1790296496369000000,sent
3577,29651084138780,29651084140398,29651084639917,1790296496374000000,sent
3578,29651089138780,29651089142250,29651089641954,1790296496379000000,sent
3579,29651094138780,29651094140102,29651094489472,1790296496384000000,sent
3580,29651099138780,29651099140880,29651099484102,1790296496389000000,sent
3581,29651104138780,29651104140139,29651104474361,1790296496394000000,sent
3582,29651109138780,29651109141139,29651109646509,1790296496399000000,sent
3583,29651114138780,29651114141435,29651114715954,1790296496404000000,sent
3584,29651119138780,29651119140065,29651119478991,1790296496409000000,sent
3585,29651124138780,29651124139880,29651124515954,1790296496414000000,sent
3586,29651129138780,29651129140102,29651129439435,1790296496419000000,sent
3587,29651134138780,29651134141250,29651134734954,1790296496424000000,sent
3588,29651139138780,29651139142176,29651139685806,1790296496429000000,sent
3589,29651144138780,29651144139509,29651144535324,1790296496434000000,sent
3590,29651149138780,29651149140250,29651149487176,1790296496439000000,sent
3591,29651154138780,29651154140658,29651154435213,1790296496444000000,sent
3592,29651159138780,29651159142028,29651159753584,1790296496449000000,sent
3593,29651164138780,29651164140213,29651164663954,1790296496454000000,sent
3594,29651169138780,29651169139509,29651169542287,1790296496459000000,sent
3595,29651174138780,29651174139658,29651174475843,1790296496464000000,sent
3596,29651179138780,29651179142806,29651179757695,1790296496469000000,sent
3597,29651184138780,29651184141584,29651184673584,1790296496474000000,sent
3598,29651189138780,29651189139435,29651190030658,1790296496479000000,sent
3599,29651194138780,29651194139435,29651194483361,1790296496484000000,sent
3600,29651199138780,29651199707954,29651200152658,1790296496489000000,sent
3601,29651204138780,29651204140361,29651204680065,1790296496494000000,sent
3602,29651209138780,29651209140584,29651209577028,1790296496499000000,sent
3603,29651214138780,29651214140176,29651214750028,1790296496504000000,sent
3604,29651219138780,29651219142880,29651219645880,1790296496509000000,sent
3605,29651224138780,29651224140732,29651224559546,1790296496514000000,sent
3606,29651229138780,29651229140065,29651229449732,1790296496519000000,sent
3607,29651234138780,29651234140546,29651235049806,1790296496524000000,sent
3608,29651239138780,29651239142658,29651239694065,1790296496529000000,sent
3609,29651244138780,29651244140324,29651244698361,1790296496534000000,sent
3610,29651249138780,29651249139991,29651249568509,1790296496539000000,sent
3611,29651254138780,29651254140361,29651254475102,1790296496544000000,sent
3612,29651259138780,29651259140621,29651259734546,1790296496549000000,sent
3613,29651264138780,29651264142139,29651264651954,1790296496554000000,sent
3614,29651269138780,29651269139880,29651269565732,1790296496559000000,sent
3615,29651274138780,29651274139695,29651274476213,1790296496564000000,sent
3616,29651279138780,29651279139324,29651280048509,1790296496569000000,sent
3617,29651284138780,29651284139954,29651284472102,1790296496574000000,sent
3618,29651289138780,29651289142176,29651289637806,1790296496579000000,sent
3619,29651294138780,29651294140880,29651294777435,1790296496584000000,sent
3620,29651299138780,29651299142509,29651299527176,1790296496589000000,sent
3621,29651304138780,29651304140806,29651304538398,1790296496594000000,sent
3622,29651309138780,29651309139769,29651309439472,1790296496599000000,sent
3623,29651314138780,29651314142620,29651314745917,1790296496604000000,sent
3624,29651319138780,29651319140954,29651319650695,1790296496609000000,sent
3625,29651324138780,29651324139991,29651325019472,1790296496614000000,sent
3626,29651329138780,29651329139806,29651329469361,1790296496619000000,sent
3627,29651334138780,29651334141102,29651334628435,1790296496624000000,sent
3628,29651339138780,29651339142213,29651339752620,1790296496629000000,sent
3629,29651344138780,29651344140361,29651344544583,1790296496634000000,sent
3630,29651349138780,29651349139732,29651349528806,1790296496639000000,sent
3631,29651354138780,29651354140287,29651354458509,1790296496644000000,sent
3632,29651359138780,29651359140287,29651359749398,1790296496649000000,sent
3633,29651364138780,29651364140472,29651364659954,1790296496654000000,sent
3634,29651369138780,29651369140324,29651370028806,1790296496659000000,sent
3635,29651374138780,29651374139769,29651374479546,1790296496664000000,sent
3636,29651379138780,29651379141991,29651379654732,1790296496669000000,sent
3637,29651384138780,29651384142398,29651384744065,1790296496674000000,sent
3638,29651389138780,29651389140546,29651389497065,1790296496679000000,sent
3639,29651394138780,29651394139991,29651394532324,1790296496684000000,sent
3640,29651399138780,29651399140954,29651399629880,1790296496689000000,sent
3641,29651404138780,29651404140472,29651404672880,1790296496694000000,sent
3642,29651409138780,29651409139472,29651409483472,1790296496699000000,sent
3643,29651414138780,29651414140065,29651415011213,1790296496704000000,sent
3644,29651419138780,29651419140917,29651419449732,1790296496709000000,sent
3645,29651424138780,29651424141472,29651424633250,1790296496714000000,sent
3646,29651429138780,29651429141472,29651429750583,1790296496719000000,sent
3647,29651434138780,29651434140287,29651434481954,1790296496724000000,sent
3648,29651439138780,29651439140398,29651439438546,1790296496729000000,sent
3649,29651444138780,29651444142065,29651444684250,1790296496734000000,sent
3650,29651449138780,29651449141028,29651449679509,1790296496739000000,sent
3651,29651454138780,29651454142139,29651454689472,1790296496744000000,sent
3652,29651459138780,29651459142620,29651460456139,1790296496749000000,sent
3653,29651464138780,29651464141769,29651464611769,1790296496754000000,sent
3654,29651469138780,29651469140917,29651469526583,1790296496759000000,sent
3655,29651474138780,29651474140620,29651474560398,1790296496764000000,sent
3656,29651479138780,29651479140843,29651479436139,1790296496769000000,sent
3657,29651484138780,29651484140954,29651484533065,1790296496774000000,sent
3658,29651489138780,29651489142361,29651489668657,1790296496779000000,sent
3659,29651494138780,29651494142731,29651494783287,1790296496784000000,sent
3660,29651499138780,29651499139583,29651499500176,1790296496789000000,sent
3661,29651504138780,29651504139657,29651504628620,1790296496794000000,sent
3662,29651509138780,29651509140880,29651509628880,1790296496799000000,sent
3663,29651514138780,29651514139843,29651514549176,1790296496804000000,sent
3664,29651519138780,29651519139583,29651519537546,1790296496809000000,sent
3665,29651524138780,29651524139472,29651524464065,1790296496814000000,sent
3666,29651529138780,29651529142472,29651529724472,1790296496819000000,sent
3667,29651534138780,29651534140806,29651534659361,1790296496824000000,sent
3668,29651539138780,29651539140028,29651539548028,1790296496829000000,sent
3669,29651544138780,29651544139546,29651544513843,1790296496834000000,sent
3670,29651549138780,29651549140102,29651549830028,1790296496839000000,sent
3671,29651554138780,29651554141028,29651554659731,1790296496844000000,sent
3672,29651559138780,29651559141954,29651559481213,1790296496849000000,sent
3673,29651564138780,29651564140620,29651564534731,1790296496854000000,sent
3674,29651569138780,29651569139620,29651569459472,1790296496859000000,sent
3675,29651574138780,29651574142880,29651574721065,1790296496864000000,sent
3676,29651579138780,29651579142398,29651579662139,1790296496869000000,sent
3677,29651584138780,29651584141028,29651584547176,1790296496874000000,sent
3678,29651589138780,29651589140768,29651589462583,1790296496879000000,sent
3679,29651594138780,29651594139880,29651594559361,1790296496884000000,sent
3680,29651599138780,29651599141954,29651599610213,1790296496889000000,sent
3681,29651604138780,29651604140657,29651604553398,1790296496894000000,sent
3682,29651609138780,29651609140435,29651609742324,1790296496899000000,sent
3683,29651614138780,29651614140028,29651614653657,1790296496904000000,sent
3684,29651619138780,29651619139731,29651619538546,1790296496909000000,sent
3685,29651624138780,29651624140620,29651624457917,1790296496914000000,sent
3686,29651629138780,29651629141991,29651629738102,1790296496919000000,sent
3687,29651634138780,29651634142435,29651634678657,1790296496924000000,sent
3688,29651639138780,29651639142139,29651639612139,1790296496929000000,sent
3689,29651644138780,29651644139917,29651644568398,1790296496934000000,sent
3690,29651649138780,29651649140694,29651649433954,1790296496939000000,sent
3691,29651654138780,29651654141694,29651654735213,1790296496944000000,sent
3692,29651659138780,29651659140620,29651659652991,1790296496949000000,sent
3693,29651664138780,29651664139842,29651664529398,1790296496954000000,sent
3694,29651669138780,29651669140435,29651669455954,1790296496959000000,sent
3695,29651674138780,29651674140620,29651674653842,1790296496964000000,sent
3696,29651679138780,29651679140028,29651679603546,1790296496969000000,sent
3697,29651684138780,29651684141805,29651684595917,1790296496974000000,sent
3698,29651689138780,29651689140657,29651689475324,1790296496979000000,sent
3699,29651694138780,29651694139917,29651694476805,1790296496984000000,sent
3700,29651699138780,29651699140768,29651699716917,1790296496989000000,sent
3701,29651704138780,29651704141250,29651704662620,1790296496994000000,sent
3702,29651709138780,29651709140620,29651709504583,1790296496999000000,sent
3703,29651714138780,29651714139991,29651714508213,1790296497004000000,sent
3704,29651719138780,29651719142509,29651719707620,1790296497009000000,sent
3705,29651724138780,29651724142731,29651724651731,1790296497014000000,sent
3706,29651729138780,29651729140435,29651729595731,1790296497019000000,sent
3707,29651734138780,29651734140102,29651734474657,1790296497024000000,sent
3708,29651739138780,29651739139954,29651739427361,1790296497029000000,sent
3709,29651744138780,29651744140805,29651744751768,1790296497034000000,sent
3710,29651749138780,29651749140917,29651749650731,1790296497039000000,sent
3711,29651754138780,29651754139620,29651754509768,1790296497044000000,sent
3712,29651759138780,29651759140287,29651759447213,1790296497049000000,sent
3713,29651764138780,29651764142879,29651764725694,1790296497054000000,sent
3714,29651769138780,29651769142768,29651769649620,1790296497059000000,sent
3715,29651774138780,29651774141546,29651774716917,1790296497064000000,sent
3716,29651779138780,29651779139842,29651779606287,1790296497069000000,sent
3717,29651784138780,29651784139546,29651784477917,1790296497074000000,sent
3718,29651789138780,29651789140398,29651789519287,1790296497079000000,sent
3719,29651794138780,29651794140546,29651794426879,1790296497084000000,sent
3720,29651799138780,29651799140583,29651799707472,1790296497089000000,sent
3721,29651804138780,29651804140176,29651804656213,1790296497094000000,sent
3722,29651809138780,29651809140583,29651809530472,1790296497099000000,sent
3723,29651814138780,29651814140398,29651814445361,1790296497104000000,sent
3724,29651819138780,29651819140879,29651819835731,1790296497109000000,sent
3725,29651824138780,29651824140991,29651824676731,1790296497114000000,sent
3726,29651829138780,29651829139842,29651829452102,1790296497119000000,sent
3727,29651834138780,29651834141102,29651834498472,1790296497124000000,sent
3728,29651839138780,29651839139954,29651839435731,1790296497129000000,sent
3729,29651844138780,29651844142546,29651844745879,1790296497134000000,sent
3730,29651849138780,29651849139916,29651849633842,1790296497139000000,sent
3731,29651854138780,29651854140991,29651854527028,1790296497144000000,sent
3732,29651859138780,29651859140398,29651859466805,1790296497149000000,sent
3733,29651864138780,29651864140102,29651864804916,1790296497154000000,sent
3734,29651869138780,29651869142991,29651869656472,1790296497159000000,sent
3735,29651874138780,29651874140472,29651874465620,1790296497164000000,sent
3736,29651879138780,29651879139620,29651879502102,1790296497169000000,sent
3737,29651884138780,29651884140287,29651884459546,1790296497174000000,sent
3738,29651889138780,29651889142991,29651889695324,1790296497179000000,sent
3739,29651894138780,29651894141879,29651894654213,1790296497184000000,sent
3740,29651899138780,29651899139509,29651899522583,1790296497189000000,sent
3741,29651904138780,29651904140213,29651904484028,1790296497194000000,sent
3742,29651909138780,29651909141991,29651909744805,1790296497199000000,sent
3743,29651914138780,29651914140953,29651914576324,1790296497204000000,sent
3744,29651919138780,29651919139990,29651919453139,1790296497209000000,sent
3745,29651924138780,29651924140694,29651924515657,1790296497214000000,sent
3746,29651929138780,29651929140731,29651929660916,1790296497219000000,sent
3747,29651934138780,29651934142435,29651934775472,1790296497224000000,sent
3748,29651939138780,29651939141065,29651939510953,1790296497229000000,sent
3749,29651944138780,29651944140028,29651944548546,1790296497234000000,sent
3750,29651949138780,29651949139324,29651949443916,1790296497239000000,sent
3751,29651954138780,29651954140509,29651954793324,1790296497244000000,sent
3752,29651959138780,29651959141065,29651959665509,1790296497249000000,sent
3753,29651964138780,29651964139916,29651964478435,1790296497254000000,sent
3754,29651969138780,29651969140583,29651969505250,1790296497259000000,sent
3755,29651974138780,29651974140583,29651974429213,1790296497264000000,sent
3756,29651979138780,29651979140620,29651979707583,1790296497269000000,sent
3757,29651984138780,29651984141213,29651984931213,1790296497274000000,sent
3758,29651989138780,29651989140398,29651989526620,1790296497279000000,sent
3759,29651994138780,29651994140250,29651994458620,1790296497284000000,sent
3760,29651999138780,29651999139731,29651999576805,1790296497289000000,sent
3761,29652004138780,29652004140768,29652004613879,1790296497294000000,sent
3762,29652009138780,29652009142176,29652009572065,1790296497299000000,sent
3763,29652014138780,29652014142620,29652014738546,1790296497304000000,sent
3764,29652019138780,29652019140287,29652019643546,1790296497309000000,sent
3765,29652024138780,29652024140435,29652024513213,1790296497314000000,sent
3766,29652029138780,29652029140546,29652029452472,1790296497319000000,sent
3767,29652034138780,29652034140324,29652034722916,1790296497324000000,sent
3768,29652039138780,29652039141250,29652039674250,1790296497329000000,sent
3769,29652044138780,29652044142620,29652044764990,1790296497334000000,sent
3770,29652049138780,29652049140657,29652049468620,1790296497339000000,sent
3771,29652054138780,29652054139472,29652054422139,1790296497344000000,sent
3772,29652059138780,29652059141805,29652059718768,1790296497349000000,sent
3773,29652064138780,29652064142361,29652064654657,1790296497354000000,sent
3774,29652069138780,29652069140139,29652069499694,1790296497359000000,sent
3775,29652074138780,29652074139657,29652074445657,1790296497364000000,sent
3776,29652079138780,29652079141953,29652079719657,1790296497369000000,sent
3777,29652084138780,29652084142620,29652084652990,1790296497374000000,sent
3778,29652089138780,29652089141398,29652089632731,1790296497379000000,sent
3779,29652094138780,29652094140620,29652094528805,1790296497384000000,sent
3780,29652099138780,29652099140657,29652099452953,1790296497389000000,sent
3781,29652104138780,29652104141768,29652104748250,1790296497394000000,sent
3782,29652109138780,29652109142657,29652109652287,1790296497399000000,sent
3783,29652114138780,29652114139805,29652114510176,1790296497404000000,sent
3784,29652119138780,29652119139361,29652119451027,1790296497409000000,sent
3785,29652124138780,29652124237842,29652124834176,1790296497414000000,sent
3786,29652129138780,29652129142324,29652129643953,1790296497419000000,sent
3787,29652134138780,29652134141768,29652134810324,1790296497424000000,sent
3788,29652139138780,29652139140657,29652139473101,1790296497429000000,sent
3789,29652144138780,29652144140472,29652144495990,1790296497434000000,sent
3790,29652149138780,29652149140435,29652149762213,1790296497439000000,sent
3791,29652154138780,29652154141694,29652154686879,1790296497444000000,sent
3792,29652159138780,29652159141064,29652159554842,1790296497449000000,sent
3793,29652164138780,29652164139768,29652164501101,1790296497454000000,sent
3794,29652169138780,29652169142990,29652169757324,1790296497459000000,sent
3795,29652174138780,29652174141694,29652174699027,1790296497464000000,sent
3796,29652179138780,29652179140250,29652180098879,1790296497469000000,sent
3797,29652184138780,29652184140213,29652184490916,1790296497474000000,sent
3798,29652189138780,29652189140916,29652189505213,1790296497479000000,sent
3799,29652194138780,29652194142324,29652194752398,1790296497484000000,sent
3800,29652199138780,29652203471916,29652203865064,1790296497493000000,sent
3801,29652204138780,29652204140361,29652204472768,1790296497494000000,sent
3802,29652209138780,29652209140546,29652209415324,1790296497499000000,sent
3803,29652214138780,29652214140101,29652214766435,1790296497504000000,sent
3804,29652219138780,29652219142731,29652219647879,1790296497509000000,sent
3805,29652224138780,29652224142842,29652225078324,1790296497514000000,sent
3806,29652229138780,29652229140287,29652229469694,1790296497519000000,sent
3807,29652234138780,29652234140842,29652234409842,1790296497524000000,sent
3808,29652239138780,29652239141546,29652239757324,1790296497529000000,sent
3809,29652244138780,29652244139842,29652244684990,1790296497534000000,sent
3810,29652249138780,29652249140546,29652249471583,1790296497539000000,sent
3811,29652254138780,29652254140138,29652254556842,1790296497544000000,sent
3812,29652259138780,29652259140842,29652259691435,1790296497549000000,sent
3813,29652264138780,29652264140398,29652264593620,1790296497554000000,sent
3814,29652269138780,29652269139990,29652269758250,1790296497559000000,sent
3815,29652274138780,29652274140027,29652274470509,1790296497564000000,sent
3816,29652279138780,29652279140361,29652279417768,1790296497569000000,sent
3817,29652284138780,29652284141250,29652284751361,1790296497574000000,sent
3818,29652289138780,29652289142694,29652289653583,1790296497579000000,sent
3819,29652294138780,29652294140324,29652294549212,1790296497584000000,sent
3820,29652299138780,29652299140953,29652299481620,1790296497589000000,sent
3821,29652304138780,29652304139916,29652304749805,1790296497594000000,sent
3822,29652309138780,29652309142361,29652309648175,1790296497599000000,sent
3823,29652314138780,29652314140101,29652314514805,1790296497604000000,sent
3824,29652319138780,29652319140768,29652319469361,1790296497609000000,sent
3825,29652324138780,29652324143546,29652324471101,1790296497614000000,sent
3826,29652329138780,29652329141287,29652329748916,1790296497619000000,sent
3827,29652334138780,29652334140953,29652334639583,1790296497624000000,sent
3828,29652339138780,29652339140212,29652339541731,1790296497629000000,sent
3829,29652344138780,29652344139324,29652344488027,1790296497634000000,sent
3830,29652349138780,29652349139916,29652349746990,1790296497639000000,sent
3831,29652354138780,29652354141138,29652354642175,1790296497644000000,sent
3832,29652359138780,29652359344694,29652359740953,1790296497649000000,sent
3833,29652364138780,29652364139620,29652364467398,1790296497654000000,sent
3834,29652369138780,29652369139620,29652369415101,1790296497659000000,sent
3835,29652374138780,29652374142546,29652374742805,1790296497664000000,sent
3836,29652379138780,29652379140249,29652380486361,1790296497669000000,sent
3837,29652384138780,29652384140472,29652384561064,1790296497674000000,sent
3838,29652389138780,29652389140287,29652389441398,1790296497679000000,sent
3839,29652394138780,29652394142138,29652394763916,1790296497684000000,sent
3840,29652399138780,29652399142138,29652399680027,1790296497689000000,sent
3841,29652404138780,29652404367101,29652404788583,1790296497694000000,sent
3842,29652409138780,29652409139805,29652409520286,1790296497699000000,sent
3843,29652414138780,29652414140990,29652414421879,1790296497704000000,sent
3844,29652419138780,29652419142879,29652419768805,1790296497709000000,sent
3845,29652424138780,29652424142842,29652425512842,1790296497714000000,sent
3846,29652429138780,29652429140472,29652429536138,1790296497719000000,sent
3847,29652434138780,29652434139842,29652434448546,1790296497724000000,sent
3848,29652439138780,29652439142879,29652439752027,1790296497729000000,sent
3849,29652444138780,29652444142361,29652444688879,1790296497734000000,sent
3850,29652449138780,29652449384138,29652449785916,1790296497739000000,sent
3851,29652454138780,29652454139361,29652454460509,1790296497744000000,sent
3852,29652459138780,29652459140509,29652459426583,1790296497749000000,sent
3853,29652464138780,29652464140731,29652464756027,1790296497754000000,sent
3854,29652469138780,29652469142361,29652470505361,1790296497759000000,sent
3855,29652474138780,29652474140435,29652474512694,1790296497764000000,sent
3856,29652479138780,29652479140472,29652479457657,1790296497769000000,sent
3857,29652484138780,29652484143101,29652484745842,1790296497774000000,sent
3858,29652489138780,29652489141101,29652489632064,1790296497779000000,sent
3859,29652494138780,29652494356879,29652494735138,1790296497784000000,sent
3860,29652499138780,29652499140657,29652499467323,1790296497789000000,sent
3861,29652504138780,29652504140768,29652504425620,1790296497794000000,sent
3862,29652509138780,29652509141583,29652509749286,1790296497799000000,sent
3863,29652514138780,29652514142620,29652514631472,1790296497804000000,sent
3864,29652519138780,29652519139879,29652519515805,1790296497809000000,sent
3865,29652524138780,29652524139953,29652524444064,1790296497814000000,sent
3866,29652529138780,29652529142805,29652529745472,1790296497819000000,sent
3867,29652534138780,29652534140990,29652534667546,1790296497824000000,sent
3868,29652539138780,29652539387101,29652539769138,1790296497829000000,sent
3869,29652544138780,29652544140731,29652544453731,1790296497834000000,sent
3870,29652549138780,29652549140620,29652549451916,1790296497839000000,sent
3871,29652554138780,29652554140879,29652554739472,1790296497844000000,sent
3872,29652559138780,29652559140842,29652560494657,1790296497849000000,sent
3873,29652564138780,29652564140805,29652564505027,1790296497854000000,sent
3874,29652569138780,29652569140768,29652569441805,1790296497859000000,sent
3875,29652574138780,29652574140657,29652574744509,1790296497864000000,sent
3876,29652579138780,29652579141175,29652579632990,1790296497869000000,sent
3877,29652584138780,29652584424138,29652584817249,1790296497874000000,sent
3878,29652589138780,29652589140694,29652589452916,1790296497879000000,sent
3879,29652594138780,29652594140397,29652594454805,1790296497884000000,sent
3880,29652599138780,29652599140620,29652599764027,1790296497889000000,sent
3881,29652604138780,29652604141546,29652605499397,1790296497894000000,sent
3882,29652609138780,29652609139990,29652609509731,1790296497899000000,sent
3883,29652614138780,29652614139435,29652614442879,1790296497904000000,sent
3884,29652619138780,29652619143101,29652619738397,1790296497909000000,sent
3885,29652624138780,29652624142435,29652624649916,1790296497914000000,sent
3886,29652629138780,29652629343101,29652629722509,1790296497919000000,sent
3887,29652634138780,29652634139879,29652634437842,1790296497924000000,sent
3888,29652639138780,29652639140916,29652639433249,1790296497929000000,sent
3889,29652644138780,29652644140323,29652644751472,1790296497934000000,sent
3890,29652649138780,29652649140546,29652650548027,1790296497939000000,sent
3891,29652654138780,29652654139620,29652654527323,1790296497944000000,sent
3892,29652659138780,29652659140694,29652659452768,1790296497949000000,sent
3893,29652664138780,29652664140879,29652664744027,1790296497954000000,sent
3894,29652669138780,29652669141286,29652669707546,1790296497959000000,sent
3895,29652674138780,29652674140286,29652674524286,1790296497964000000,sent
3896,29652679138780,29652679139953,29652679456916,1790296497969000000,sent
3897,29652684138780,29652684139583,29652684431990,1790296497974000000,sent
3898,29652689138780,29652689142101,29652689762064,1790296497979000000,sent
3899,29652694138780,29652694142286,29652694654360,1790296497984000000,sent
3900,29652699138780,29652699141212,29652699645138,1790296497989000000,sent
3901,29652704138780,29652704141583,29652704605731,1790296497994000000,sent
3902,29652709138780,29652709140027,29652709747323,1790296497999000000,sent
3903,29652714138780,29652714141101,29652714700879,1790296498004000000,sent
3904,29652719138780,29652719406138,29652719792583,1790296498009000000,sent
3905,29652724138780,29652724139953,29652724458509,1790296498014000000,sent
3906,29652729138780,29652729140064,29652729415101,1790296498019000000,sent
3907,29652734138780,29652734142583,29652734764768,1790296498024000000,sent
3908,29652739138780,29652739141064,29652740590731,1790296498029000000,sent
3909,29652744138780,29652744141064,29652744520286,1790296498034000000,sent
3910,29652749138780,29652749139583,29652749482731,1790296498039000000,sent
3911,29652754138780,29652754142323,29652754710323,1790296498044000000,sent
3912,29652759138780,29652759141101,29652759576953,1790296498049000000,sent
3913,29652764138780,29652764141509,29652764770101,1790296498054000000,sent
3914,29652769138780,29652769140731,29652769464138,1790296498059000000,sent
3915,29652774138780,29652774139731,29652774430546,1790296498064000000,sent
3916,29652779138780,29652779143212,29652779740138,1790296498069000000,sent
3917,29652784138780,29652784140027,29652784648397,1790296498074000000,sent
3918,29652789138780,29652789140508,29652789522360,1790296498079000000,sent
3919,29652794138780,29652794140360,29652794441397,1790296498084000000,sent
3920,29652799138780,29652799142546,29652799752879,1790296498089000000,sent
3921,29652804138780,29652804140990,29652804671138,1790296498094000000,sent
3922,29652809138780,29652809141953,29652809644397,1790296498099000000,sent
3923,29652814138780,29652814140805,29652814588731,1790296498104000000,sent
3924,29652819138780,29652819237805,29652819569101,1790296498109000000,sent
3925,29652824138780,29652824139620,29652824517323,1790296498114000000,sent
3926,29652829138780,29652829140064,29652829513731,1790296498119000000,sent
3927,29652834138780,29652834142546,29652834747212,1790296498124000000,sent
3928,29652839138780,29652839140508,29652840484471,1790296498129000000,sent
3929,29652844138780,29652844143842,29652844552286,1790296498134000000,sent
3930,29652849138780,29652849139953,29652849474434,1790296498139000000,sent
3931,29652854138780,29652854141212,29652854735323,1790296498144000000,sent
3932,29652859138780,29652859140953,29652859617916,1790296498149000000,sent
3933,29652864138780,29652864140434,29652864474657,1790296498154000000,sent
3934,29652869138780,29652869140471,29652869517805,1790296498159000000,sent
3935,29652874138780,29652874140249,29652874446101,1790296498164000000,sent
3936,29652879138780,29652879140434,29652879706916,1790296498169000000,sent
3937,29652884138780,29652884139842,29652885480879,1790296498174000000,sent
3938,29652889138780,29652889140064,29652889541694,1790296498179000000,sent
3939,29652894138780,29652894139879,29652894450545,1790296498184000000,sent
3940,29652899138780,29652899140508,29652899628620,1790296498189000000,sent
3941,29652904138780,29652904140212,29652904582471,1790296498194000000,sent
3942,29652909138780,29652909142582,29652909758916,1790296498199000000,sent
3943,29652914138780,29652914142101,29652914735434,1790296498204000000,sent
3944,29652919138780,29652919344064,29652919697138,1790296498209000000,sent
3945,29652924138780,29652924139879,29652924490805,1790296498214000000,sent
3946,29652929138780,29652929140508,29652929440953,1790296498219000000,sent
3947,29652934138780,29652934141249,29652934759175,1790296498224000000,sent
3948,29652939138780,29652939140212,29652939648064,1790296498229000000,sent
3949,29652944138780,29652944181805,29652944565434,1790296498234000000,sent
3950,29652949138780,29652949139657,29652949522731,1790296498239000000,sent
3951,29652954138780,29652954140879,29652954662768,1790296498244000000,sent
3952,29652959138780,29652959143101,29652959719879,1790296498249000000,sent
3953,29652964138780,29652964141508,29652964528212,1790296498254000000,sent
3954,29652969138780,29652969181694,29652969682545,1790296498259000000,sent
3955,29652974138780,29652974140434,29652974498434,1790296498264000000,sent
3956,29652979138780,29652979142397,29652979985138,1790296498269000000,sent
3957,29652984138780,29652984142212,29652984679545,1790296498274000000,sent
3958,29652989138780,29652989193582,29652989574990,1790296498279000000,sent
3959,29652994138780,29652994140619,29652994463434,1790296498284000000,sent
3960,29652999138780,29652999142768,29652999663805,1790296498289000000,sent
3961,29653004138780,29653004142619,29653004713582,1790296498294000000,sent
3962,29653009138780,29653009141657,29653009607508,1790296498299000000,sent
3963,29653014138780,29653014139731,29653014620471,1790296498304000000,sent
3964,29653019138780,29653019139657,29653019463286,1790296498309000000,sent
3965,29653024138780,29653024140582,29653024522657,1790296498314000000,sent
3966,29653029138780,29653029139805,29653029440656,1790296498319000000,sent
3967,29653034138780,29653034141434,29653034800545,1790296498324000000,sent
3968,29653039138780,29653039140916,29653039659027,1790296498329000000,sent
3969,29653044138780,29653044140768,29653044453916,1790296498334000000,sent
3970,29653049138780,29653049140879,29653049557471,1790296498339000000,sent
3971,29653054138780,29653054140471,29653054702582,1790296498344000000,sent
3972,29653059138780,29653059142805,29653059704842,1790296498349000000,sent
3973,29653064138780,29653064142249,29653064526768,1790296498354000000,sent
3974,29653069138780,29653069140842,29653069524545,1790296498359000000,sent
3975,29653074138780,29653074140619,29653074437434,1790296498364000000,sent
3976,29653079138780,29653079142953,29653079833286,1790296498369000000,sent
3977,29653084138780,29653084141027,29653084659582,1790296498374000000,sent
3978,29653089138780,29653089140805,29653089444842,1790296498379000000,sent
3979,29653094138780,29653094140582,29653094514508,1790296498384000000,sent
3980,29653099138780,29653099140990,29653099593656,1790296498389000000,sent
3981,29653104138780,29653104141434,29653104623027,1790296498394000000,sent
3982,29653109138780,29653109139360,29653109474879,1790296498399000000,sent
3983,29653114138780,29653114140693,29653114514953,1790296498404000000,sent
3984,29653119138780,29653119140508,29653119447656,1790296498409000000,sent
3985,29653124138780,29653124185953,29653124841286,1790296498414000000,sent
3986,29653129138780,29653129142471,29653129655212,1790296498419000000,sent
3987,29653134138780,29653134139879,29653134451323,1790296498424000000,sent
3988,29653139138780,29653139140990,29653139524175,1790296498429000000,sent
3989,29653144138780,29653144141545,29653144675842,1790296498434000000,sent
3990,29653149138780,29653149142323,29653149738953,1790296498439000000,sent
3991,29653154138780,29653154141508,29653154493619,1790296498444000000,sent
3992,29653159138780,29653159140768,29653159519805,1790296498449000000,sent
3993,29653164138780,29653164139619,29653164455360,1790296498454000000,sent
3994,29653169138780,29653169168360,29653169501879,1790296498459000000,sent
3995,29653174138780,29653174139730,29653174603656,1790296498464000000,sent
3996,29653179138780,29653179139879,29653179536434,1790296498469000000,sent
3997,29653184138780,29653184140545,29653184739508,1790296498474000000,sent
3998,29653189138780,29653189141990,29653189643768,1790296498479000000,sent
3999,29653194138780,29653194140805,29653194531879,1790296498484000000,sent
