sequence,recv_perf_ns,recv_wall_ns,sender_intended_ns,sender_call_ns,sender_wall_ns,packet_bytes,valid
0,153377038586199,1790296478732690207,29633199138780,29633199145261,1790296478489000000,1000,1
1,153377044384169,1790296478738488849,29633204138780,29633207060409,1790296478496000000,1000,1
2,153377050875080,1790296478744978998,29633209138780,29633212592261,1790296478502000000,1000,1
3,153377055663775,1790296478749768655,29633214138780,29633218697039,1790296478508000000,1000,1
4,153377062170418,1790296478756275288,29633219138780,29633224153150,1790296478514000000,1000,1
5,153377070285166,1790296478764389816,29633224138780,29633231294853,1790296478521000000,1000,1
6,153377081051890,1790296478775157171,29633229138780,29633237847039,1790296478527000000,1000,1
7,153377086816788,1790296478780921658,29633234138780,29633249407261,1790296478539000000,1000,1
8,153377093141754,1790296478787246624,29633239138780,29633254807335,1790296478544000000,1000,1
9,153377097724990,1790296478791829789,29633244138780,29633260934483,1790296478550000000,1000,1
10,153377103373764,1790296478797477632,29633249138780,29633266278150,1790296478556000000,1000,1
11,153377108730948,1790296478802834917,29633254138780,29633271963816,1790296478561000000,1000,1
12,153377114140911,1790296478808244819,29633259138780,29633277289742,1790296478567000000,1000,1
13,153377122355971,1790296478816459809,29633264138780,29633282648409,1790296478572000000,1000,1
14,153377127754692,1790296478821859622,29633269138780,29633288594631,1790296478578000000,1000,1
15,153377136399247,1790296478830504628,29633274138780,29633294552113,1790296478584000000,1000,1
16,153377139279235,1790296478833383043,29633279138780,29633300268372,1790296478590000000,1000,1
17,153377143389324,1790296478837494194,29633284138780,29633306167965,1790296478596000000,1000,1
18,153377149045423,1790296478843150323,29633289138780,29633311946335,1790296478601000000,1000,1
19,153377154978239,1790296478849082858,29633294138780,29633317520631,1790296478607000000,1000,1
20,153377160634748,1790296478854738456,29633299138780,29633323572853,1790296478613000000,1000,1
21,153377165572766,1790296478859675913,29633304138780,29633329106779,1790296478618000000,1000,1
22,153377172121406,1790296478866224383,29633309138780,29633334456446,1790296478624000000,1000,1
23,153377177674441,1790296478871777327,29633314138780,29633340858076,1790296478630000000,1000,1
24,153377183838994,1790296478877941910,29633319138780,29633346330002,1790296478636000000,1000,1
25,153377189931371,1790296478884034247,29633324138780,29633352255853,1790296478642000000,1000,1
26,153377195687569,1790296478889792219,29633329138780,29633358817372,1790296478648000000,1000,1
27,153377202336671,1790296478896440489,29633334138780,29633364268446,1790296478654000000,1000,1
28,153377208351109,1790296478902455979,29633339138780,29633370642520,1790296478660000000,1000,1
29,153377213732319,1790296478907837139,29633344138780,29633376500742,1790296478666000000,1000,1
30,153377220436996,1790296478914540955,29633349138780,29633382209557,1790296478672000000,1000,1
31,153377225607505,1790296478919710732,29633354138780,29633389161779,1790296478679000000,1000,1
32,153377231473092,1790296478925576329,29633359138780,29633394626853,1790296478684000000,1000,1
33,153377238466014,1790296478932569171,29633364138780,29633399925261,1790296478689000000,1000,1
34,153377243758836,1790296478937862053,29633369138780,29633407270890,1790296478697000000,1000,1
35,153377249507350,1790296478943612170,29633374138780,29633412616631,1790296478702000000,1000,1
36,153377256410624,1790296478950515725,29633379138780,29633418160335,1790296478708000000,1000,1
37,153377261224948,1790296478955330028,29633384138780,29633423672668,1790296478713000000,1000,1
38,153377266115326,1790296478960220517,29633389138780,29633429401187,1790296478719000000,1000,1
39,153377273424438,1790296478967529388,29633394138780,29633434665409,1790296478724000000,1000,1
40,153377278688074,1790296478972793065,29633399138780,29633441637446,1790296478731000000,1000,1
41,153377285285949,1790296478979390758,29633404138780,29633446977816,1790296478736000000,1000,1
42,153377291604766,1790296478985709686,29633409138780,29633452754187,1790296478742000000,1000,1
43,153377297453280,1790296478991558491,29633414138780,29633460124594,1790296478750000000,1000,1
44,153377303706752,1790296478997811993,29633419138780,29633465507705,1790296478755000000,1000,1
45,153377311635328,1790296479005740499,29633424138780,29633471974372,1790296478761000000,1000,1
46,153377314686702,1790296479008790630,29633429138780,29633477513298,1790296478767000000,1000,1
47,153377321405416,1790296479015509324,29633434138780,29633483252224,1790296478773000000,1000,1
48,153377325979456,1790296479020084276,29633439138780,29633488668039,1790296478778000000,1000,1
49,153377331785819,1790296479025890930,29633444138780,29633494582446,1790296478784000000,1000,1
50,153377339040948,1790296479033145127,29633449138780,29633500165298,1790296478790000000,1000,1
51,153377342714770,1790296479036818699,29633454138780,29633505597483,1790296478795000000,1000,1
52,153377348944236,1790296479043049016,29633459138780,29633511334483,1790296478801000000,1000,1
53,153377353935366,1790296479048039284,29633464138780,29633517151409,1790296478807000000,1000,1
54,153377359996342,1790296479054101222,29633469138780,29633522542705,1790296478812000000,1000,1
55,153377365769364,1790296479059873302,29633474138780,29633528432705,1790296478818000000,1000,1
56,153377382807667,1790296479076912507,29633479138780,29633534031113,1790296478823000000,1000,1
57,153377382852041,1790296479076954967,29633484138780,29633541715335,1790296478831000000,1000,1
58,153377386567041,1790296479080671260,29633489138780,29633547471187,1790296478837000000,1000,1
59,153377392358356,1790296479086463236,29633494138780,29633555224335,1790296478845000000,1000,1
60,153377397860185,1790296479091965085,29633499138780,29633561069001,1790296478850000000,1000,1
61,153377404696931,1790296479098802141,29633504138780,29633566594705,1790296478856000000,1000,1
62,153377410436337,1790296479104541388,29633509138780,29633573223705,1790296478863000000,1000,1
63,153377416098089,1790296479110203250,29633514138780,29633578586187,1790296478868000000,1000,1
64,153377422886193,1790296479116991033,29633519138780,29633584642816,1790296478874000000,1000,1
65,153377428245602,1790296479122350402,29633524138780,29633591313261,1790296478881000000,1000,1
66,153377437122374,1790296479131227515,29633529138780,29633596749001,1790296478886000000,1000,1
67,153377441281438,1790296479135386318,29633534138780,29633602435001,1790296478892000000,1000,1
68,153377446012083,1790296479140116913,29633539138780,29633608935557,1790296478898000000,1000,1
69,153377454064796,1790296479148168704,29633544138780,29633614512964,1790296478904000000,1000,1
70,153377461169753,1790296479155274954,29633549138780,29633622875668,1790296478912000000,1000,1
71,153377465759110,1790296479159863029,29633554138780,29633629036520,1790296478918000000,1000,1
72,153377475102627,1790296479169206545,29633559138780,29633634410446,1790296478924000000,1000,1
73,153377480634992,1790296479174739862,29633564138780,29633643668038,1790296478933000000,1000,1
74,153377489690016,1790296479183795137,29633569138780,29633649215964,1790296478939000000,1000,1
75,153377494573601,1790296479188678461,29633574138780,29633656293261,1790296478946000000,1000,1
76,153377503421729,1790296479197526559,29633579138780,29633663118779,1790296478952000000,1000,1
77,153377507646765,1790296479201752006,29633584138780,29633668609520,1790296478958000000,1000,1
78,153377513777203,1790296479207881111,29633589138780,29633675611483,1790296478965000000,1000,1
79,153377519978696,1790296479214082624,29633594138780,29633682292964,1790296478972000000,1000,1
80,153377525376658,1790296479219481498,29633599138780,29633688520927,1790296478978000000,1000,1
81,153377531451851,1790296479225556731,29633604138780,29633693813890,1790296478983000000,1000,1
82,153377536998442,1790296479231103322,29633609138780,29633699957779,1790296478989000000,1000,1
83,153377543368737,1790296479237473547,29633614138780,29633705491149,1790296478995000000,1000,1
84,153377548660976,1790296479242765816,29633619138780,29633711639779,1790296479001000000,1000,1
85,153377555768105,1790296479249872915,29633624138780,29633717144742,1790296479007000000,1000,1
86,153377561940954,1790296479256046144,29633629138780,29633724419261,1790296479014000000,1000,1
87,153377568959135,1790296479263063053,29633634138780,29633730607927,1790296479020000000,1000,1
88,153377574905425,1790296479269009363,29633639138780,29633737546298,1790296479027000000,1000,1
89,153377580275883,1790296479274379801,29633644138780,29633743554816,1790296479033000000,1000,1
90,153377586149795,1790296479280253723,29633649138780,29633748983001,1790296479038000000,1000,1
91,153377595166583,1790296479289271383,29633654138780,29633756740149,1790296479046000000,1000,1
92,153377600827192,1790296479294932012,29633659138780,29633763661409,1790296479053000000,1000,1
93,153377606910942,1790296479301015031,29633664138780,29633769123557,1790296479059000000,1000,1
94,153377613062791,1790296479307167932,29633669138780,29633775678668,1790296479065000000,1000,1
95,153377619701353,1790296479313804640,29633674138780,29633781968853,1790296479071000000,1000,1
96,153377625355839,1790296479319459727,29633679138780,29633788472372,1790296479078000000,1000,1
97,153377631219422,1790296479325324262,29633684138780,29633793826927,1790296479083000000,1000,1
98,153377636493397,1790296479330598578,29633689138780,29633799561557,1790296479089000000,1000,1
99,153377642018579,1790296479336122497,29633694138780,29633805221335,1790296479095000000,1000,1
100,153377648085136,1790296479342189064,29633699138780,29633810634890,1790296479100000000,1000,1
101,153377653638160,1790296479347742068,29633704138780,29633816246001,1790296479106000000,1000,1
102,153377661395582,1790296479355500512,29633709138780,29633822187668,1790296479112000000,1000,1
103,153377664886179,1790296479358990097,29633714138780,29633827717038,1790296479117000000,1000,1
104,153377670254955,1790296479364358863,29633719138780,29633833535075,1790296479123000000,1000,1
105,153377676631008,1790296479370736379,29633724138780,29633838777038,1790296479128000000,1000,1
106,153377684881344,1790296479378986204,29633729138780,29633844324001,1790296479134000000,1000,1
107,153377686954374,1790296479381058282,29633734138780,29633849593446,1790296479139000000,1000,1
108,153377693632492,1790296479387737332,29633739138780,29633855189779,1790296479145000000,1000,1
109,153377697755696,1790296479391860546,29633744138780,29633860731223,1790296479150000000,1000,1
110,153377702965940,1790296479397069868,29633749138780,29633866291594,1790296479156000000,1000,1
111,153377708535805,1790296479402640805,29633754138780,29633871588742,1790296479161000000,1000,1
112,153377714297694,1790296479408402534,29633759138780,29633877272927,1790296479167000000,1000,1
113,153377719643585,1790296479413747824,29633764138780,29633882784631,1790296479172000000,1000,1
114,153377725418299,1790296479419523229,29633769138780,29633888255149,1790296479178000000,1000,1
115,153377730618997,1790296479424724197,29633774138780,29633893795446,1790296479183000000,1000,1
116,153377736375899,1790296479430480739,29633779138780,29633899064186,1790296479188000000,1000,1
117,153377741561155,1790296479435665484,29633784138780,29633904832446,1790296479194000000,1000,1
118,153377748882182,1790296479442987042,29633789138780,29633910202927,1790296479200000000,1000,1
119,153377752679879,1790296479446784849,29633794138780,29633915904631,1790296479205000000,1000,1
120,153377758391844,1790296479452496684,29633799138780,29633921226483,1790296479211000000,1000,1
121,153377763801277,1790296479457905176,29633804138780,29633926801186,1790296479216000000,1000,1
122,153377769085664,1790296479463190614,29633809138780,29633932461335,1790296479222000000,1000,1
123,153377774983551,1790296479469088491,29633814138780,29633937723409,1790296479227000000,1000,1
124,153377780755933,1790296479474861053,29633819138780,29633943280631,1790296479233000000,1000,1
125,153377785603088,1790296479479707968,29633824138780,29633948854446,1790296479238000000,1000,1
126,153377791491820,1790296479485596851,29633829138780,29633954173631,1790296479244000000,1000,1
127,153377797489587,1790296479491594577,29633834138780,29633959895520,1790296479249000000,1000,1
128,153377802186420,1790296479496291259,29633839138780,29633965378816,1790296479255000000,1000,1
129,153377808462735,1790296479502567584,29633844138780,29633970742446,1790296479260000000,1000,1
130,153377815709259,1790296479509814129,29633849138780,29633976376742,1790296479266000000,1000,1
131,153377818600849,1790296479512704677,29633854138780,29633981659853,1790296479271000000,1000,1
132,153377824619185,1790296479518723093,29633859138780,29633987202705,1790296479277000000,1000,1
133,153377829905365,1790296479524010535,29633864138780,29633992726557,1790296479282000000,1000,1
134,153377835608532,1790296479529713412,29633869138780,29633998307964,1790296479288000000,1000,1
135,153377840657651,1790296479534762511,29633874138780,29634003874112,1790296479293000000,1000,1
136,153377846226564,1790296479540331384,29633879138780,29634009161779,1790296479299000000,1000,1
137,153377851554654,1790296479545659494,29633884138780,29634014702001,1790296479304000000,1000,1
138,153377857265178,1790296479551370138,29633889138780,29634019932668,1790296479309000000,1000,1
139,153377862288618,1790296479556393538,29633894138780,29634025773297,1790296479315000000,1000,1
140,153377868143834,1790296479562248674,29633899138780,29634031030409,1790296479320000000,1000,1
141,153377873704221,1790296479567809161,29633904138780,29634036668001,1790296479326000000,1000,1
142,153377879211709,1790296479573316879,29633909138780,29634042189520,1790296479332000000,1000,1
143,153377884615031,1790296479578719880,29633914138780,29634047640260,1790296479337000000,1000,1
144,153377890376349,1790296479584481289,29633919138780,29634053266964,1790296479343000000,1000,1
145,153377895918554,1790296479590023364,29633924138780,29634058568742,1790296479348000000,1000,1
146,153377902029194,1790296479596133132,29633929138780,29634064149927,1790296479354000000,1000,1
147,153377906717259,1790296479600821168,29633934138780,29634069461742,1790296479359000000,1000,1
148,153377911944558,1790296479606049378,29633939138780,29634075183557,1790296479365000000,1000,1
149,153377917921925,1790296479612026775,29633944138780,29634080467520,1790296479370000000,1000,1
150,153377923074991,1790296479617179240,29633949138780,29634086041779,1790296479375000000,1000,1
151,153377928576789,1790296479622681669,29633954138780,29634091606779,1790296479381000000,1000,1
152,153377934031416,1790296479628136246,29633959138780,29634096899927,1790296479386000000,1000,1
153,153377939584763,1790296479633689543,29633964138780,29634102443779,1790296479392000000,1000,1
154,153377944739101,1790296479638844031,29633969138780,29634107952223,1790296479397000000,1000,1
155,153377950523012,1790296479644627882,29633974138780,29634113249038,1790296479403000000,1000,1
156,153377955958403,1790296479650063554,29633979138780,29634118985112,1790296479408000000,1000,1
157,153377961366261,1790296479655470991,29633984138780,29634124485816,1790296479414000000,1000,1
158,153377967003978,1790296479661108848,29633989138780,29634129881594,1790296479419000000,1000,1
159,153377972328348,1790296479666433508,29633994138780,29634135477260,1790296479425000000,1000,1
160,153377977841708,1790296479671946538,29633999138780,29634140790001,1790296479430000000,1000,1
161,153377983161159,1790296479677265067,29634004138780,29634146319853,1790296479436000000,1000,1
162,153377992441526,1790296479686546406,29634009138780,29634151868297,1790296479441000000,1000,1
163,153377994110820,1790296479688214728,29634014138780,29634157461594,1790296479447000000,1000,1
164,153377999911574,1790296479694015482,29634019138780,29634162740594,1790296479452000000,1000,1
165,153378005346745,1790296479699450563,29634024138780,29634168603038,1790296479458000000,1000,1
166,153378011602471,1790296479705705688,29634029138780,29634174112594,1790296479463000000,1000,1
167,153378016848092,1790296479710951249,29634034138780,29634179440816,1790296479469000000,1000,1
168,153378023117525,1790296479717220731,29634039138780,29634185323371,1790296479475000000,1000,1
169,153378028386820,1790296479722489977,29634044138780,29634190624557,1790296479480000000,1000,1
170,153378033766136,1790296479727870044,29634049138780,29634196208260,1790296479486000000,1000,1
171,153378039487118,1790296479733591246,29634054138780,29634201914557,1790296479491000000,1000,1
172,153378047332898,1790296479741437157,29634059138780,29634207271223,1790296479497000000,1000,1
173,153378050154295,1790296479744258524,29634064138780,29634212547927,1790296479502000000,1000,1
174,153378056056871,1790296479750161631,29634069138780,29634218321038,1790296479508000000,1000,1
175,153378061384808,1790296479755488616,29634074138780,29634223561445,1790296479513000000,1000,1
176,153378066398991,1790296479760502949,29634079138780,29634229186483,1790296479519000000,1000,1
177,153378071576774,1790296479765681103,29634084138780,29634234938816,1790296479524000000,1000,1
178,153378077458070,1790296479771562950,29634089138780,29634240328408,1790296479530000000,1000,1
179,153378082906647,1790296479777010896,29634094138780,29634245884408,1790296479535000000,1000,1
180,153378088359111,1790296479782464042,29634099138780,29634251525964,1790296479541000000,1000,1
181,153378094572907,1790296479788676835,29634104138780,29634256853927,1790296479546000000,1000,1
182,153378099824851,1790296479793930613,29634109138780,29634262771260,1790296479552000000,1000,1
183,153378105459750,1790296479799564310,29634114138780,29634268432520,1790296479558000000,1000,1
184,153378111234866,1790296479805339736,29634119138780,29634273959964,1790296479563000000,1000,1
185,153378116885995,1790296479810990875,29634124138780,29634279797890,1790296479569000000,1000,1
186,153378122168367,1790296479816272285,29634129138780,29634285364371,1790296479575000000,1000,1
187,153378128105880,1790296479822210669,29634134138780,29634290800186,1790296479580000000,1000,1
188,153378133253425,1790296479827357343,29634139138780,29634296451668,1790296479586000000,1000,1
189,153378138706811,1790296479832810719,29634144138780,29634301742334,1790296479591000000,1000,1
190,153378144257010,1790296479838360908,29634149138780,29634307289371,1790296479597000000,1000,1
191,153378150403751,1790296479844508591,29634154138780,29634312888631,1790296479602000000,1000,1
192,153378155414657,1790296479849518576,29634159138780,29634318487371,1790296479608000000,1000,1
193,153378160615563,1790296479854720403,29634164138780,29634324086520,1790296479613000000,1000,1
194,153378166193114,1790296479860296441,29634169138780,29634329378149,1790296479619000000,1000,1
195,153378171635940,1790296479865739096,29634174138780,29634335001853,1790296479624000000,1000,1
196,153378181477442,1790296479875580608,29634179138780,29634340314964,1790296479630000000,1000,1
197,153378184638051,1790296479878742911,29634184138780,29634346159001,1790296479636000000,1000,1
198,153378189625063,1790296479883729983,29634189138780,29634351452371,1790296479641000000,1000,1
199,153378195303164,1790296479889408014,29634194138780,29634357096890,1790296479646000000,1000,1
200,153378208773122,1790296479902878032,29634199138780,29634371230631,1790296479661000000,1000,1
201,153378222647938,1790296479916751866,29634204138780,29634377166001,1790296479667000000,1000,1
202,153378223050791,1790296479917153948,29634209138780,29634382549038,1790296479672000000,1000,1
203,153378225095797,1790296479919198964,29634214138780,29634388144853,1790296479678000000,1000,1
204,153378230372629,1790296479924475835,29634219138780,29634393943186,1790296479683000000,1000,1
205,153378236164837,1790296479930268044,29634224138780,29634399209631,1790296479689000000,1000,1
206,153378241633681,1790296479935736918,29634229138780,29634404825223,1790296479694000000,1000,1
207,153378250436985,1790296479944541825,29634234138780,29634410394556,1790296479700000000,1000,1
208,153378252949106,1790296479947053004,29634239138780,29634415662927,1790296479705000000,1000,1
209,153378261426221,1790296479955531061,29634244138780,29634421266705,1790296479711000000,1000,1
210,153378263925989,1790296479958029917,29634249138780,29634426822705,1790296479716000000,1000,1
211,153378269856170,1790296479963961290,29634254138780,29634432146112,1790296479722000000,1000,1
212,153378274848804,1790296479968953643,29634259138780,29634437867297,1790296479727000000,1000,1
213,153378280264467,1790296479974369327,29634264138780,29634443326149,1790296479733000000,1000,1
214,153378288948013,1790296479983052883,29634269138780,29634448733297,1790296479738000000,1000,1
215,153378290965877,1790296479985070075,29634274138780,29634454342779,1790296479744000000,1000,1
216,153378297662078,1790296479991766928,29634279138780,29634459610482,1790296479749000000,1000,1
217,153378301975673,1790296479996080733,29634284138780,29634465215075,1790296479755000000,1000,1
218,153378307834055,1790296480001937954,29634289138780,29634470612556,1790296479760000000,1000,1
219,153378313047427,1790296480007151656,29634294138780,29634476338890,1790296479766000000,1000,1
220,153378318462130,1790296480012566078,29634299138780,29634481616075,1790296479771000000,1000,1
221,153378323967864,1790296480018071031,29634304138780,29634487161112,1790296479777000000,1000,1
222,153378329247391,1790296480023350537,29634309138780,29634492784890,1790296479782000000,1000,1
223,153378334750880,1790296480028854047,29634314138780,29634498102482,1790296479787000000,1000,1
224,153378342089848,1790296480036194708,29634319138780,29634503632853,1790296479793000000,1000,1
225,153378348112374,1790296480042217254,29634324138780,29634509222742,1790296479799000000,1000,1
226,153378351788402,1790296480045893282,29634329138780,29634514518149,1790296479804000000,1000,1
227,153378357842435,1790296480051946233,29634334138780,29634520349556,1790296479810000000,1000,1
228,153378362585464,1790296480056689463,29634339138780,29634525729779,1790296479815000000,1000,1
229,153378368196068,1790296480062299986,29634344138780,29634531167112,1790296479821000000,1000,1
230,153378373827369,1790296480067932239,29634349138780,29634536775297,1790296479826000000,1000,1
231,153378380996789,1790296480075101869,29634354138780,29634542302223,1790296479832000000,1000,1
232,153378385195767,1790296480079300446,29634359138780,29634547862297,1790296479837000000,1000,1
233,153378390634395,1790296480084739616,29634364138780,29634553749038,1790296479843000000,1000,1
234,153378396212687,1790296480090317567,29634369138780,29634559064556,1790296479848000000,1000,1
235,153378401945791,1790296480096050631,29634374138780,29634564755668,1790296479854000000,1000,1
236,153378409884868,1790296480103989718,29634379138780,29634570376038,1790296479860000000,1000,1
237,153378412469356,1790296480106573294,29634384138780,29634575662260,1790296479865000000,1000,1
238,153378418683433,1790296480112787752,29634389138780,29634581304260,1790296479871000000,1000,1
239,153378423662279,1790296480117766167,29634394138780,29634586974445,1790296479876000000,1000,1
240,153378429546320,1790296480123651160,29634399138780,29634592301001,1790296479882000000,1000,1
241,153378434974219,1790296480129079099,29634404138780,29634598039260,1790296479887000000,1000,1
242,153378440683358,1790296480134788248,29634409138780,29634603498816,1790296479893000000,1000,1
243,153378445892811,1790296480139997711,29634414138780,29634608901038,1790296479898000000,1000,1
244,153378451164471,1790296480145268399,29634419138780,29634614438186,1790296479904000000,1000,1
245,153378456605594,1790296480150711175,29634424138780,29634619760297,1790296479909000000,1000,1
246,153378462777049,1790296480156881348,29634429138780,29634625333482,1790296479915000000,1000,1
247,153378468026948,1790296480162131898,29634434138780,29634630769519,1790296479920000000,1000,1
248,153378473269726,1790296480167374586,29634439138780,29634636451816,1790296479926000000,1000,1
249,153378479373204,1790296480173477032,29634444138780,29634641704223,1790296479931000000,1000,1
250,153378487220847,1790296480181324765,29634449138780,29634647253927,1790296479937000000,1000,1
251,153378491985166,1790296480186090296,29634454138780,29634652888149,1790296479942000000,1000,1
252,153378504203021,1790296480198306789,29634459138780,29634658147779,1790296479948000000,1000,1
253,153378504238408,1790296480198341345,29634464138780,29634663775519,1790296479953000000,1000,1
254,153378506172333,1790296480200276903,29634469138780,29634669352853,1790296479959000000,1000,1
255,153378515031845,1790296480209135763,29634474138780,29634674822038,1790296479964000000,1000,1
256,153378519453334,1790296480213558184,29634479138780,29634680753223,1790296479970000000,1000,1
257,153378524374341,1790296480218479281,29634484138780,29634687004112,1790296479976000000,1000,1
258,153378530947538,1790296480225052779,29634489138780,29634692465704,1790296479982000000,1000,1
259,153378536393170,1790296480230497759,29634494138780,29634698670593,1790296479988000000,1000,1
260,153378542764975,1790296480236868923,29634499138780,29634704246186,1790296479994000000,1000,1
261,153378548343899,1790296480242449050,29634504138780,29634710684556,1790296480000000000,1000,1
262,153378554199967,1790296480248304807,29634509138780,29634716296223,1790296480006000000,1000,1
263,153378559790865,1790296480253894863,29634514138780,29634722176223,1790296480012000000,1000,1
264,153378566266627,1790296480260370445,29634519138780,29634727715816,1790296480017000000,1000,1
265,153378571380751,1790296480265484639,29634524138780,29634734031890,1790296480023000000,1000,1
266,153378577948420,1790296480272053270,29634529138780,29634739260704,1790296480029000000,1000,1
267,153378583183892,1790296480277287800,29634534138780,29634745683853,1790296480035000000,1000,1
268,153378608467237,1790296480302572468,29634539138780,29634751001334,1790296480040000000,1000,1
269,153378608510409,1790296480302613335,29634544138780,29634757385445,1790296480047000000,1000,1
270,153378608517282,1790296480302620168,29634549138780,29634762988704,1790296480052000000,1000,1
271,153378608522552,1790296480302625408,29634554138780,29634768485593,1790296480058000000,1000,1
272,153378643911101,1790296480338016201,29634559138780,29634774410445,1790296480064000000,1000,1
273,153378643954232,1790296480338057159,29634564138780,29634781464482,1790296480071000000,1000,1
274,153378643961075,1790296480338063952,29634569138780,29634788113704,1790296480077000000,1000,1
275,153378643966395,1790296480338069252,29634574138780,29634793888704,1790296480083000000,1000,1
276,153378643972247,1790296480338075093,29634579138780,29634799164816,1790296480089000000,1000,1
277,153378644053370,1790296480338156307,29634584138780,29634805601001,1790296480095000000,1000,1
278,153378648448852,1790296480342553692,29634589138780,29634811524927,1790296480101000000,1000,1
279,153378654551056,1790296480348656337,29634594138780,29634816903297,1790296480106000000,1000,1
280,153378659602812,1790296480353706720,29634599138780,29634822937001,1790296480112000000,1000,1
281,153378665392556,1790296480359497466,29634604138780,29634828148556,1790296480118000000,1000,1
282,153378670751642,1790296480364856672,29634609138780,29634833889593,1790296480123000000,1000,1
283,153378676725603,1790296480370830383,29634614138780,29634839164741,1790296480129000000,1000,1
284,153378681706602,1790296480375810481,29634619138780,29634845196038,1790296480135000000,1000,1
285,153378687782607,1790296480381887437,29634624138780,29634850469890,1790296480140000000,1000,1
286,153378693182350,1790296480387287190,29634629138780,29634856376038,1790296480146000000,1000,1
287,153378699188575,1790296480393293745,29634634138780,29634861637260,1790296480151000000,1000,1
288,153378708771958,1790296480402876797,29634639138780,29634867657223,1790296480157000000,1000,1
289,153378710299823,1790296480404404372,29634644138780,29634872948964,1790296480162000000,1000,1
290,153378715832468,1790296480409937568,29634649138780,29634878817075,1790296480168000000,1000,1
291,153378721897113,1790296480416001953,29634654138780,29634884279038,1790296480174000000,1000,1
292,153378727256359,1790296480421361189,29634659138780,29634890345223,1790296480180000000,1000,1
293,153378732847736,1790296480426951664,29634664138780,29634895634964,1790296480185000000,1000,1
294,153378738607762,1790296480432711710,29634669138780,29634901593704,1790296480191000000,1000,1
295,153378744506643,1790296480438611643,29634674138780,29634906882075,1790296480196000000,1000,1
296,153378749803632,1790296480443908502,29634679138780,29634912956371,1790296480202000000,1000,1
297,153378755695390,1790296480449800220,29634684138780,29634918189815,1790296480208000000,1000,1
298,153378760933587,1790296480455038416,29634689138780,29634924117371,1790296480214000000,1000,1
299,153378766861420,1790296480460965318,29634694138780,29634929354741,1790296480219000000,1000,1
300,153378772206279,1790296480466311119,29634699138780,29634935443260,1790296480225000000,1000,1
301,153378778050016,1790296480472154856,29634704138780,29634940695445,1790296480230000000,1000,1
302,153378783422908,1790296480477527778,29634709138780,29634946567186,1790296480236000000,1000,1
303,153378789374817,1790296480483479928,29634714138780,29634951830741,1790296480241000000,1000,1
304,153378794601865,1790296480488706695,29634719138780,29634957636408,1790296480247000000,1000,1
305,153378800377090,1790296480494482190,29634724138780,29634963040334,1790296480252000000,1000,1
306,153378805786551,1790296480499891381,29634729138780,29634968925075,1790296480258000000,1000,1
307,153378811531561,1790296480505636391,29634734138780,29634974233667,1790296480264000000,1000,1
308,153378816699996,1790296480510803905,29634739138780,29634979930852,1790296480269000000,1000,1
309,153378822225919,1790296480516330808,29634744138780,29634985162075,1790296480275000000,1000,1
310,153378827648946,1790296480521753866,29634749138780,29634990859964,1790296480280000000,1000,1
311,153378833529592,1790296480527634432,29634754138780,29634996112593,1790296480285000000,1000,1
312,153378838833985,1790296480532939035,29634759138780,29635002009556,1790296480291000000,1000,1
313,153378844826591,1790296480538931441,29634764138780,29635007253149,1790296480297000000,1000,1
314,153378850001899,1790296480544106729,29634769138780,29635013090186,1790296480302000000,1000,1
315,153378855990440,1790296480550095290,29634774138780,29635018346260,1790296480308000000,1000,1
316,153378861190615,1790296480555295715,29634779138780,29635024390704,1790296480314000000,1000,1
317,153378867029723,1790296480561134533,29634784138780,29635029617112,1790296480319000000,1000,1
318,153378872203337,1790296480566308237,29634789138780,29635035452445,1790296480325000000,1000,1
319,153378878210213,1790296480572315083,29634794138780,29635040705964,1790296480330000000,1000,1
320,153378883522030,1790296480577626879,29634799138780,29635046671408,1790296480336000000,1000,1
321,153378889218855,1790296480583323665,29634804138780,29635051887260,1790296480341000000,1000,1
322,153378894403451,1790296480588508331,29634809138780,29635057671630,1790296480347000000,1000,1
323,153378900589136,1790296480594693986,29634814138780,29635062868223,1790296480352000000,1000,1
324,153378905613708,1790296480599718828,29634819138780,29635068940630,1790296480358000000,1000,1
325,153378913736374,1790296480607841264,29634824138780,29635074125149,1790296480364000000,1000,1
326,153378916577939,1790296480610682829,29634829138780,29635079861371,1790296480369000000,1000,1
327,153378922852049,1790296480616956879,29634834138780,29635085055297,1790296480374000000,1000,1
328,153378928103120,1790296480622208030,29634839138780,29635091290001,1790296480381000000,1000,1
329,153378933380474,1790296480627485534,29634844138780,29635096537741,1790296480386000000,1000,1
330,153378939198740,1790296480633303559,29634849138780,29635102351371,1790296480392000000,1000,1
331,153378945116674,1790296480639221544,29634854138780,29635107737149,1790296480397000000,1000,1
332,153378950397983,1790296480644502813,29634859138780,29635113673260,1790296480403000000,1000,1
333,153378955693800,1790296480649798660,29634864138780,29635118890371,1790296480408000000,1000,1
334,153378961555208,1790296480655660038,29634869138780,29635124126741,1790296480414000000,1000,1
335,153378966476527,1790296480660581667,29634874138780,29635129895075,1790296480419000000,1000,1
336,153378972732074,1790296480666837505,29634879138780,29635135243815,1790296480425000000,1000,1
337,153378978327518,1790296480672432388,29634884138780,29635141270038,1790296480431000000,1000,1
338,153378984161283,1790296480678266464,29634889138780,29635146539149,1790296480436000000,1000,1
339,153378989083692,1790296480683187640,29634894138780,29635152372038,1790296480442000000,1000,1
340,153378995076231,1790296480689181081,29634899138780,29635157615260,1790296480447000000,1000,1
341,153379000270896,1790296480694374984,29634904138780,29635163602704,1790296480453000000,1000,1
342,153379005955700,1790296480700060430,29634909138780,29635168913778,1790296480458000000,1000,1
343,153379014213601,1790296480708317510,29634914138780,29635174694408,1790296480464000000,1000,1
344,153379017427722,1790296480711531651,29634919138780,29635179941815,1790296480469000000,1000,1
345,153379023287959,1790296480717392769,29634924138780,29635185930223,1790296480475000000,1000,1
346,153379028819222,1790296480722924933,29634929138780,29635191163186,1790296480481000000,1000,1
347,153379033675325,1790296480727779283,29634934138780,29635197036260,1790296480486000000,1000,1
348,153379039600886,1790296480733704794,29634939138780,29635202277482,1790296480492000000,1000,1
349,153379045197542,1790296480739301440,29634944138780,29635208311963,1790296480498000000,1000,1
350,153379051112633,1790296480745216571,29634949138780,29635213537112,1790296480503000000,1000,1
351,153379056303801,1790296480750407719,29634954138780,29635219398075,1790296480509000000,1000,1
352,153379062267734,1790296480756371643,29634959138780,29635224627704,1790296480514000000,1000,1
353,153379067300692,1790296480761404861,29634964138780,29635230663889,1790296480520000000,1000,1
354,153379073241733,1790296480767345891,29634969138780,29635235856741,1790296480525000000,1000,1
355,153379078349212,1790296480772453120,29634974138780,29635241724186,1790296480531000000,1000,1
356,153379084304970,1790296480778408938,29634979138780,29635246929260,1790296480536000000,1000,1
357,153379090039237,1790296480784144047,29634984138780,29635252962593,1790296480542000000,1000,1
358,153379095566825,1790296480789671685,29634989138780,29635258173630,1790296480548000000,1000,1
359,153379100840339,1790296480794944267,29634994138780,29635264054519,1790296480553000000,1000,1
360,153379106845831,1790296480800949759,29634999138780,29635269282519,1790296480559000000,1000,1
361,153379112059391,1790296480806164121,29635004138780,29635275265149,1790296480565000000,1000,1
362,153379118018696,1790296480812123266,29635009138780,29635280517223,1790296480570000000,1000,1
363,153379123260780,1790296480817365640,29635014138780,29635286364000,1790296480576000000,1000,1
364,153379129307211,1790296480823411109,29635019138780,29635291605519,1790296480581000000,1000,1
365,153379134581787,1790296480828686637,29635024138780,29635297653408,1790296480587000000,1000,1
366,153379140591558,1790296480834696448,29635029138780,29635302876408,1790296480592000000,1000,1
367,153379145801652,1790296480839906692,29635034138780,29635308821112,1790296480598000000,1000,1
368,153379151742322,1790296480845846240,29635039138780,29635314050519,1790296480603000000,1000,1
369,153379157076052,1790296480851180922,29635044138780,29635320132111,1790296480610000000,1000,1
370,153379162562159,1790296480856665987,29635049138780,29635325324519,1790296480615000000,1000,1
371,153379170287390,1790296480864391338,29635054138780,29635331150223,1790296480621000000,1000,1
372,153379174222017,1790296480868325915,29635059138780,29635336537371,1790296480626000000,1000,1
373,153379184438358,1790296480878543528,29635064138780,29635342577852,1790296480632000000,1000,1
374,153379189429628,1790296480883534559,29635069138780,29635352690630,1790296480642000000,1000,1
375,153379195724007,1790296480889828867,29635074138780,29635357965667,1790296480647000000,1000,1
376,153379200693544,1790296480894797453,29635079138780,29635363941630,1790296480653000000,1000,1
377,153379206640796,1790296480900744714,29635084138780,29635369177815,1790296480659000000,1000,1
378,153379212054897,1790296480906159687,29635089138780,29635375018778,1790296480664000000,1000,1
379,153379219300840,1790296480913404648,29635094138780,29635380380408,1790296480670000000,1000,1
380,153379222918536,1790296480917021522,29635099138780,29635386386037,1790296480676000000,1000,1
381,153379229042211,1790296480923145368,29635104138780,29635391590741,1790296480681000000,1000,1
382,153379234238670,1790296480928341837,29635109138780,29635397716111,1790296480687000000,1000,1
383,153379240824853,1790296480934928751,29635114138780,29635402951297,1790296480692000000,1000,1
384,153379245814649,1790296480939918868,29635119138780,29635409001334,1790296480698000000,1000,1
385,153379251748666,1790296480945851833,29635124138780,29635414226445,1790296480704000000,1000,1
386,153379256924445,1790296480951027601,29635129138780,29635420429667,1790296480710000000,1000,1
387,153379263154943,1790296480957258110,29635134138780,29635425644778,1790296480715000000,1000,1
388,153379268372041,1790296480962475207,29635139138780,29635431780037,1790296480721000000,1000,1
389,153379274562563,1790296480968667443,29635144138780,29635437029445,1790296480726000000,1000,1
390,153379279815949,1790296480973921350,29635149138780,29635442888148,1790296480732000000,1000,1
391,153379285609540,1790296480979713458,29635154138780,29635448165037,1790296480738000000,1000,1
392,153379290856223,1790296480984960141,29635159138780,29635454224334,1790296480744000000,1000,1
393,153379296946494,1790296480991051635,29635164138780,29635459474297,1790296480749000000,1000,1
394,153379301998840,1790296480996103049,29635169138780,29635465397371,1790296480755000000,1000,1
395,153379308236722,1790296481002340790,29635174138780,29635470634852,1790296480760000000,1000,1
396,153379313449853,1790296481007553801,29635179138780,29635476692741,1790296480766000000,1000,1
397,153379323481786,1790296481017586816,29635184138780,29635481905334,1790296480771000000,1000,1
398,153379324146566,1790296481018249732,29635189138780,29635487781704,1790296480777000000,1000,1
399,153379330854828,1790296481024959788,29635194138780,29635493002408,1790296480782000000,1000,1
400,153379347840884,1790296481041945714,29635199138780,29635510813185,1790296480800000000,1000,1
401,153379353470592,1790296481047575713,29635204138780,29635516342408,1790296480806000000,1000,1
402,153379358642353,1790296481052747343,29635209138780,29635521970222,1790296480811000000,1000,1
403,153379364291830,1790296481058396679,29635214138780,29635527098519,1790296480816000000,1000,1
404,153379369572408,1790296481063677288,29635219138780,29635532696630,1790296480822000000,1000,1
405,153379374964086,1790296481069068325,29635224138780,29635537834519,1790296480827000000,1000,1
406,153379380106031,1790296481074209949,29635229138780,29635543499519,1790296480833000000,1000,1
407,153379385644950,1790296481079749228,29635234138780,29635548647037,1790296480838000000,1000,1
408,153379390926890,1790296481085030819,29635239138780,29635554250222,1790296480844000000,1000,1
409,153379396763223,1790296481090868414,29635244138780,29635559547593,1790296480849000000,1000,1
410,153379401805068,1790296481095909246,29635249138780,29635565276778,1790296480855000000,1000,1
411,153379407482858,1790296481101586776,29635254138780,29635570416297,1790296480860000000,1000,1
412,153379412521308,1790296481106626168,29635259138780,29635576074815,1790296480865000000,1000,1
413,153379418146277,1790296481112250526,29635264138780,29635581206963,1790296480871000000,1000,1
414,153379423790585,1790296481117894513,29635269138780,29635586849593,1790296480876000000,1000,1
415,153379429321447,1790296481123426297,29635274138780,29635591991778,1790296480881000000,1000,1
416,153379434602385,1790296481128707245,29635279138780,29635597677371,1790296480887000000,1000,1
417,153379440073623,1790296481134178794,29635284138780,29635602841704,1790296480892000000,1000,1
418,153379445445974,1790296481139551115,29635289138780,29635608586926,1790296480898000000,1000,1
419,153379450621935,1790296481144726785,29635294138780,29635613741185,1790296480903000000,1000,1
420,153379456256135,1790296481150361125,29635299138780,29635619107519,1790296480908000000,1000,1
421,153379461344358,1790296481155449238,29635304138780,29635624552371,1790296480914000000,1000,1
422,153379467014294,1790296481161119434,29635309138780,29635629656111,1790296480919000000,1000,1
423,153379472137906,1790296481166242786,29635314138780,29635635326408,1790296480925000000,1000,1
424,153379477698223,1790296481171803193,29635319138780,29635640515000,1790296480930000000,1000,1
425,153379482737533,1790296481176841461,29635324138780,29635646140593,1790296480936000000,1000,1
426,153379488504161,1790296481182609261,29635329138780,29635651266630,1790296480941000000,1000,1
427,153379493757599,1790296481187862459,29635334138780,29635656958778,1790296480946000000,1000,1
428,153379499278361,1790296481193382309,29635339138780,29635662256852,1790296480952000000,1000,1
429,153379504370100,1790296481198474950,29635344138780,29635667834926,1790296480957000000,1000,1
430,153379510192434,1790296481204297284,29635349138780,29635673006704,1790296480962000000,1000,1
431,153379515262544,1790296481209367394,29635354138780,29635678662148,1790296480968000000,1000,1
432,153379520931307,1790296481215035255,29635359138780,29635683759222,1790296480973000000,1000,1
433,153379526116494,1790296481220221364,29635364138780,29635689462778,1790296480979000000,1000,1
434,153379531887663,1790296481225992513,29635369138780,29635694603000,1790296480984000000,1000,1
435,153379537068000,1790296481231172880,29635374138780,29635700283408,1790296480990000000,1000,1
436,153379542741033,1790296481236844961,29635379138780,29635705440111,1790296480995000000,1000,1
437,153379548036930,1790296481242141700,29635384138780,29635711324371,1790296481001000000,1000,1
438,153379553604872,1790296481247709722,29635389138780,29635716472556,1790296481006000000,1000,1
439,153379558861296,1790296481252966176,29635394138780,29635722110704,1790296481011000000,1000,1
440,153379564483290,1790296481258588430,29635399138780,29635727237519,1790296481017000000,1000,1
441,153379569605878,1790296481263709786,29635404138780,29635732882556,1790296481022000000,1000,1
442,153379575262559,1790296481269366477,29635409138780,29635738032630,1790296481027000000,1000,1
443,153379580384355,1790296481274489516,29635414138780,29635743754259,1790296481033000000,1000,1
444,153379585708938,1790296481279813778,29635419138780,29635748906333,1790296481038000000,1000,1
445,153379591018109,1790296481285123250,29635424138780,29635754353296,1790296481044000000,1000,1
446,153379596398525,1790296481290503405,29635429138780,29635759700556,1790296481049000000,1000,1
447,153379602056377,1790296481296160286,29635434138780,29635764876630,1790296481054000000,1000,1
448,153379607264128,1790296481301368347,29635439138780,29635770679074,1790296481060000000,1000,1
449,153379612955504,1790296481307060384,29635444138780,29635775803704,1790296481065000000,1000,1
450,153379618104864,1790296481312209724,29635449138780,29635781418370,1790296481071000000,1000,1
451,153379623714254,1790296481317819485,29635454138780,29635786543593,1790296481076000000,1000,1
452,153379628968894,1790296481323073774,29635459138780,29635792238852,1790296481082000000,1000,1
453,153379634422509,1790296481328526407,29635464138780,29635797357445,1790296481087000000,1000,1
454,153379639687217,1790296481333791115,29635469138780,29635802947148,1790296481092000000,1000,1
455,153379645253356,1790296481339357585,29635474138780,29635808203185,1790296481098000000,1000,1
456,153379650384572,1790296481344488861,29635479138780,29635813858741,1790296481103000000,1000,1
457,153379656210333,1790296481350315413,29635484138780,29635818962296,1790296481108000000,1000,1
458,153379661401051,1790296481355504979,29635489138780,29635824692852,1790296481114000000,1000,1
459,153379667145308,1790296481361250167,29635494138780,29635829738296,1790296481119000000,1000,1
460,153379672168287,1790296481366273126,29635499138780,29635835355407,1790296481125000000,1000,1
461,153379677537864,1790296481371641772,29635504138780,29635840555667,1790296481130000000,1000,1
462,153379682777023,1790296481376882283,29635509138780,29635846129556,1790296481136000000,1000,1
463,153379688394851,1790296481382499781,29635514138780,29635851264482,1790296481141000000,1000,1
464,153379693500807,1790296481387604725,29635519138780,29635856983000,1790296481146000000,1000,1
465,153379699272427,1790296481393377317,29635524138780,29635862107778,1790296481151000000,1000,1
466,153379704542575,1790296481398647445,29635529138780,29635867722111,1790296481157000000,1000,1
467,153379710245855,1790296481404350815,29635534138780,29635872908778,1790296481162000000,1000,1
468,153379715460217,1790296481409565077,29635539138780,29635878764185,1790296481168000000,1000,1
469,153379721083143,1790296481415187932,29635544138780,29635883885333,1790296481173000000,1000,1
470,153379728186384,1790296481422291324,29635549138780,29635889540259,1790296481179000000,1000,1
471,153379731611737,1790296481425716567,29635554138780,29635894873407,1790296481184000000,1000,1
472,153379737363078,1790296481431467968,29635559138780,29635900163926,1790296481190000000,1000,1
473,153379742387089,1790296481436492069,29635564138780,29635905696259,1790296481195000000,1000,1
474,153379747986200,1790296481442091431,29635569138780,29635910838074,1790296481200000000,1000,1
475,153379753239485,1790296481447344516,29635574138780,29635916444482,1790296481206000000,1000,1
476,153379758501547,1790296481452606628,29635579138780,29635921604741,1790296481211000000,1000,1
477,153379763869179,1790296481457973087,29635584138780,29635927245815,1790296481217000000,1000,1
478,153379769397667,1790296481463501605,29635589138780,29635932437148,1790296481222000000,1000,1
479,153379774769720,1790296481468874660,29635594138780,29635938062074,1790296481227000000,1000,1
480,153379780404018,1790296481474508868,29635599138780,29635943156222,1790296481233000000,1000,1
481,153379785511307,1790296481479616137,29635604138780,29635948846074,1790296481238000000,1000,1
482,153379791146428,1790296481485251639,29635609138780,29635953999037,1790296481243000000,1000,1
483,153379796317069,1790296481490421919,29635614138780,29635959589593,1790296481249000000,1000,1
484,153379801808766,1790296481495913646,29635619138780,29635964717407,1790296481254000000,1000,1
485,153379807027226,1790296481501132106,29635624138780,29635970390333,1790296481260000000,1000,1
486,153379812802373,1790296481506907453,29635629138780,29635975492148,1790296481265000000,1000,1
487,153379817828027,1790296481511932846,29635634138780,29635981238852,1790296481271000000,1000,1
488,153379823551175,1790296481517656025,29635639138780,29635986343259,1790296481276000000,1000,1
489,153379828664926,1790296481522770056,29635644138780,29635992045778,1790296481281000000,1000,1
490,153379834445260,1790296481528550430,29635649138780,29635997171889,1790296481287000000,1000,1
491,153379839562440,1790296481533667320,29635654138780,29636002804630,1790296481292000000,1000,1
492,153379845396347,1790296481539501187,29635659138780,29636007934963,1790296481297000000,1000,1
493,153379850135147,1790296481544239917,29635664138780,29636013703333,1790296481303000000,1000,1
494,153379855693402,1790296481549798332,29635669138780,29636018838148,1790296481308000000,1000,1
495,153379861127821,1790296481555231789,29635674138780,29636024340370,1790296481314000000,1000,1
496,153379866526272,1790296481560631132,29635679138780,29636029669741,1790296481319000000,1000,1
497,153379872098082,1790296481566202922,29635684138780,29636034795000,1790296481324000000,1000,1
498,153379877219378,1790296481571324248,29635689138780,29636040519000,1790296481330000000,1000,1
499,153379882770960,1790296481576876030,29635694138780,29636045629037,1790296481335000000,1000,1
500,153379888057839,1790296481582162388,29635699138780,29636051258667,1790296481341000000,1000,1
501,153379893702498,1790296481587807338,29635704138780,29636056480259,1790296481346000000,1000,1
502,153379898835896,1790296481592941016,29635709138780,29636062107963,1790296481351000000,1000,1
503,153379904535347,1790296481598640567,29635714138780,29636067232185,1790296481357000000,1000,1
504,153379909623642,1790296481603728772,29635719138780,29636072868926,1790296481362000000,1000,1
505,153379915137511,1790296481609242291,29635724138780,29636077928259,1790296481367000000,1000,1
506,153379920057535,1790296481614161803,29635729138780,29636083529333,1790296481373000000,1000,1
507,153379926871370,1790296481620976270,29635734138780,29636088817630,1790296481378000000,1000,1
508,153379930919933,1790296481625024803,29635739138780,29636094373889,1790296481384000000,1000,1
509,153379936634332,1790296481630739222,29635744138780,29636099419889,1790296481389000000,1000,1
510,153379941742562,1790296481635847863,29635749138780,29636105061111,1790296481394000000,1000,1
511,153379947366082,1790296481641471032,29635754138780,29636110123111,1790296481399000000,1000,1
512,153379952366859,1790296481646471809,29635759138780,29636115736815,1790296481405000000,1000,1
513,153379958096738,1790296481652201478,29635764138780,29636120905778,1790296481410000000,1000,1
514,153379963109529,1790296481657213417,29635769138780,29636126568518,1790296481416000000,1000,1
515,153379968955237,1790296481663059145,29635774138780,29636131730037,1790296481421000000,1000,1
516,153379974164812,1790296481668270012,29635779138780,29636137415592,1790296481427000000,1000,1
517,153379979661378,1790296481673766238,29635784138780,29636142565852,1790296481432000000,1000,1
518,153379984885198,1790296481678989116,29635789138780,29636147999852,1790296481437000000,1000,1
519,153379990223745,1790296481684328765,29635794138780,29636153534630,1790296481443000000,1000,1
520,153379995759558,1790296481689864428,29635799138780,29636158705592,1790296481448000000,1000,1
521,153380000946278,1790296481695051007,29635804138780,29636164334741,1790296481454000000,1000,1
522,153380006342014,1790296481700446293,29635809138780,29636169468555,1790296481459000000,1000,1
523,153380011405761,1790296481705508927,29635814138780,29636175101667,1790296481464000000,1000,1
524,153380017060909,1790296481711164066,29635819138780,29636180274852,1790296481470000000,1000,1
525,153380022721937,1790296481716825104,29635824138780,29636185877889,1790296481475000000,1000,1
526,153380028046029,1790296481722149065,29635829138780,29636191157963,1790296481481000000,1000,1
527,153380033164929,1790296481727268096,29635834138780,29636196911555,1790296481486000000,1000,1
528,153380038825848,1790296481732929005,29635839138780,29636202026148,1790296481491000000,1000,1
529,153380044397838,1790296481738502708,29635844138780,29636207626592,1790296481497000000,1000,1
530,153380050001248,1790296481744106108,29635849138780,29636212758370,1790296481502000000,1000,1
531,153380054930480,1790296481749034388,29635854138780,29636218427148,1790296481508000000,1000,1
532,153380060480518,1790296481754585418,29635859138780,29636223554000,1790296481513000000,1000,1
533,153380065822844,1790296481759927774,29635864138780,29636229161037,1790296481519000000,1000,1
534,153380071461811,1790296481765566650,29635869138780,29636234294111,1790296481524000000,1000,1
535,153380076853578,1790296481770958538,29635874138780,29636239972444,1790296481529000000,1000,1
536,153380082252561,1790296481776357401,29635879138780,29636245093555,1790296481534000000,1000,1
537,153380087386962,1790296481781492102,29635884138780,29636250683889,1790296481540000000,1000,1
538,153380092823344,1790296481786928144,29635889138780,29636255789741,1790296481545000000,1000,1
539,153380098077072,1790296481792182283,29635894138780,29636261446185,1790296481551000000,1000,1
540,153380103895619,1790296481798000489,29635899138780,29636266574852,1790296481556000000,1000,1
541,153380108893220,1790296481802998090,29635904138780,29636272057481,1790296481561000000,1000,1
542,153380114107892,1790296481808212792,29635909138780,29636277376000,1790296481567000000,1000,1
543,153380119934476,1790296481814039396,29635914138780,29636282754666,1790296481572000000,1000,1
544,153380125099006,1790296481819203846,29635919138780,29636288319518,1790296481578000000,1000,1
545,153380130766656,1790296481824871536,29635924138780,29636293625852,1790296481583000000,1000,1
546,153380136031954,1790296481830136804,29635929138780,29636299240815,1790296481589000000,1000,1
547,153380141615827,1790296481835720957,29635934138780,29636304398444,1790296481594000000,1000,1
548,153380146699672,1790296481840804562,29635939138780,29636310066963,1790296481599000000,1000,1
549,153380152379658,1790296481846484588,29635944138780,29636315147148,1790296481605000000,1000,1
550,153380157381126,1790296481851485375,29635949138780,29636320884000,1790296481610000000,1000,1
551,153380162881311,1790296481856985259,29635954138780,29636326010333,1790296481615000000,1000,1
552,153380168053152,1790296481862156319,29635959138780,29636331666111,1790296481621000000,1000,1
553,153380174136361,1790296481868239528,29635964138780,29636336884555,1790296481626000000,1000,1
554,153380179064652,1790296481873167818,29635969138780,29636342505629,1790296481632000000,1000,1
555,153380184528777,1790296481878631933,29635974138780,29636347610407,1790296481637000000,1000,1
556,153380190087072,1790296481884190228,29635979138780,29636353305629,1790296481643000000,1000,1
557,153380195619205,1790296481889724256,29635984138780,29636358466222,1790296481648000000,1000,1
558,153380200425305,1790296481894528362,29635989138780,29636364150407,1790296481654000000,1000,1
559,153380206046197,1790296481900149364,29635994138780,29636369277037,1790296481659000000,1000,1
560,153380211566670,1790296481905671510,29635999138780,29636374946037,1790296481664000000,1000,1
561,153380217021618,1790296481911125617,29636004138780,29636380138111,1790296481670000000,1000,1
562,153380222109231,1790296481916213410,29636009138780,29636385735592,1790296481675000000,1000,1
563,153380227869858,1790296481921973035,29636014138780,29636390918296,1790296481680000000,1000,1
564,153380232987328,1790296481927090535,29636019138780,29636396721185,1790296481686000000,1000,1
565,153380238684204,1790296481932787360,29636024138780,29636401832703,1790296481691000000,1000,1
566,153380244230505,1790296481938334423,29636029138780,29636407478333,1790296481697000000,1000,1
567,153380249793118,1790296481943897347,29636034138780,29636412633407,1790296481702000000,1000,1
568,153380255357915,1790296481949461813,29636039138780,29636418036555,1790296481707000000,1000,1
569,153380260660617,1790296481954765426,29636044138780,29636423499222,1790296481713000000,1000,1
570,153380265632328,1790296481959736577,29636049138780,29636428636629,1790296481718000000,1000,1
571,153380270899580,1790296481965004701,29636054138780,29636434239740,1790296481724000000,1000,1
572,153380276601736,1790296481970706576,29636059138780,29636439390222,1790296481729000000,1000,1
573,153380282064330,1790296481976169190,29636064138780,29636445083518,1790296481734000000,1000,1
574,153380287522523,1790296481981627544,29636069138780,29636450220555,1790296481740000000,1000,1
575,153380292892410,1790296481986997270,29636074138780,29636455854740,1790296481745000000,1000,1
576,153380298357649,1790296481992462479,29636079138780,29636460997000,1790296481750000000,1000,1
577,153380303571823,1790296481997676693,29636084138780,29636466641889,1790296481756000000,1000,1
578,153380308871005,1790296482002975254,29636089138780,29636471968889,1790296481761000000,1000,1
579,153380314031845,1790296482008135723,29636094138780,29636477576629,1790296481767000000,1000,1
580,153380319609305,1790296482013713213,29636099138780,29636482700740,1790296481772000000,1000,1
581,153380324980877,1790296482019085706,29636104138780,29636488393111,1790296481778000000,1000,1
582,153380330639440,1790296482024744280,29636109138780,29636493483444,1790296481783000000,1000,1
583,153380335951850,1790296482030057060,29636114138780,29636499099889,1790296481788000000,1000,1
584,153380341603340,1790296482035708200,29636119138780,29636504434777,1790296481794000000,1000,1
585,153380346738884,1790296482040842833,29636124138780,29636510088000,1790296481799000000,1000,1
586,153380352430062,1790296482046534942,29636129138780,29636515208740,1790296481805000000,1000,1
587,153380357782956,1790296482051887846,29636134138780,29636520823407,1790296481810000000,1000,1
588,153380363089312,1790296482057194052,29636139138780,29636526125111,1790296481816000000,1000,1
589,153380368120960,1790296482062224126,29636144138780,29636531782814,1790296481821000000,1000,1
590,153380373741471,1790296482067844638,29636149138780,29636536934481,1790296481826000000,1000,1
591,153380378878066,1790296482072981233,29636154138780,29636542612037,1790296481832000000,1000,1
592,153380384490042,1790296482078593199,29636159138780,29636547759814,1790296481837000000,1000,1
593,153380390073965,1790296482084177132,29636164138780,29636553457074,1790296481843000000,1000,1
594,153380395188047,1790296482089291214,29636169138780,29636558652407,1790296481848000000,1000,1
595,153380401012195,1790296482095117025,29636174138780,29636563774889,1790296481853000000,1000,1
596,153380406191412,1790296482100296242,29636179138780,29636569396518,1790296481859000000,1000,1
597,153380411828274,1790296482105933134,29636184138780,29636574631592,1790296481864000000,1000,1
598,153380416852626,1790296482110956554,29636189138780,29636580302481,1790296481870000000,1000,1
599,153380422611179,1790296482116716640,29636194138780,29636585442814,1790296481875000000,1000,1
600,153380442198180,1790296482136303040,29636199138780,29636605053185,1790296481894000000,1000,1
601,153380447475232,1790296482141580453,29636204138780,29636610676703,1790296481900000000,1000,1
602,153380453018417,1790296482147123086,29636209138780,29636615764222,1790296481905000000,1000,1
603,153380458915623,1790296482153020473,29636214138780,29636621428185,1790296481911000000,1000,1
604,153380463649555,1790296482157754485,29636219138780,29636626572555,1790296481916000000,1000,1
605,153380469067895,1790296482163172775,29636224138780,29636631974555,1790296481921000000,1000,1
606,153380473877050,1790296482167980948,29636229138780,29636637359333,1790296481927000000,1000,1
607,153380479685868,1790296482173791299,29636234138780,29636642452333,1790296481932000000,1000,1
608,153380484605874,1790296482178711044,29636239138780,29636648177296,1790296481938000000,1000,1
609,153380490646050,1790296482184750930,29636244138780,29636653279111,1790296481943000000,1000,1
610,153380495698126,1790296482189802986,29636249138780,29636658907555,1790296481948000000,1000,1
611,153380502124044,1790296482196228934,29636254138780,29636664058851,1790296481953000000,1000,1
612,153380507282800,1790296482201387690,29636259138780,29636670643037,1790296481960000000,1000,1
613,153380512985750,1790296482207089548,29636264138780,29636675779259,1790296481965000000,1000,1
614,153380517209305,1790296482211314015,29636269138780,29636681431111,1790296481971000000,1000,1
615,153380521576622,1790296482215680560,29636274138780,29636685622222,1790296481975000000,1000,1
616,153380525357697,1790296482219462808,29636279138780,29636690055963,1790296481979000000,1000,1
617,153380529357148,1790296482223461988,29636284138780,29636693876074,1790296481983000000,1000,1
618,153380534174910,1790296482228278818,29636289138780,29636697718296,1790296481987000000,1000,1
619,153380537579151,1790296482231684312,29636294138780,29636702220481,1790296481992000000,1000,1
620,153380542476534,1790296482236580442,29636299138780,29636706093296,1790296481995000000,1000,1
621,153380546000782,1790296482240104720,29636304138780,29636710562888,1790296482000000000,1000,1
622,153380550769439,1790296482244874369,29636309138780,29636714621814,1790296482004000000,1000,1
623,153380554267590,1790296482248372450,29636314138780,29636718381037,1790296482008000000,1000,1
624,153380558322264,1790296482252427545,29636319138780,29636722634481,1790296482012000000,1000,1
625,153380561778986,1790296482255883856,29636324138780,29636726352740,1790296482016000000,1000,1
626,153380565879296,1790296482259983215,29636329138780,29636730209888,1790296482020000000,1000,1
627,153380569563969,1790296482263668829,29636334138780,29636734481037,1790296482024000000,1000,1
628,153380573503786,1790296482267608645,29636339138780,29636738236629,1790296482028000000,1000,1
629,153380577915027,1790296482272019967,29636344138780,29636742031518,1790296482031000000,1000,1
630,153380581527292,1790296482275632022,29636349138780,29636746258888,1790296482036000000,1000,1
631,153380585240129,1790296482279344979,29636354138780,29636750018555,1790296482039000000,1000,1
632,153380589596286,1790296482283701126,29636359138780,29636753731407,1790296482043000000,1000,1
633,153380593115697,1790296482287220557,29636364138780,29636757968740,1790296482047000000,1000,1
634,153380596810871,1790296482290915701,29636369138780,29636761708111,1790296482051000000,1000,1
635,153380601155685,1790296482295260425,29636374138780,29636765446148,1790296482055000000,1000,1
636,153380604909258,1790296482299014118,29636379138780,29636769678925,1790296482059000000,1000,1
637,153380608793070,1790296482302897980,29636384138780,29636773452814,1790296482063000000,1000,1
638,153380613013318,1790296482307118228,29636389138780,29636777187296,1790296482067000000,1000,1
639,153380616518561,1790296482310624052,29636394138780,29636781489111,1790296482071000000,1000,1
640,153380621316364,1790296482315420182,29636399138780,29636785227481,1790296482075000000,1000,1
641,153380624921096,1790296482319026266,29636404138780,29636789280185,1790296482079000000,1000,1
642,153380628490550,1790296482322595390,29636409138780,29636793281074,1790296482083000000,1000,1
643,153380632481946,1790296482326587206,29636414138780,29636797035592,1790296482086000000,1000,1
644,153380636578659,1790296482330683880,29636419138780,29636801233962,1790296482091000000,1000,1
645,153380640276707,1790296482334381557,29636424138780,29636805028185,1790296482094000000,1000,1
646,153380644778601,1790296482338883441,29636429138780,29636808767888,1790296482098000000,1000,1
647,153380648525401,1790296482342630201,29636434138780,29636813113259,1790296482102000000,1000,1
648,153380653058101,1790296482347162961,29636439138780,29636816837629,1790296482106000000,1000,1
649,153380656403462,1790296482350508312,29636444138780,29636820584777,1790296482110000000,1000,1
650,153380661720017,1790296482355824887,29636449138780,29636824869111,1790296482114000000,1000,1
651,153380663969712,1790296482358074752,29636454138780,29636828709518,1790296482118000000,1000,1
652,153380667822865,1790296482361926042,29636459138780,29636832448074,1790296482122000000,1000,1
653,153380671514682,1790296482365617849,29636464138780,29636836634407,1790296482126000000,1000,1
654,153380675584376,1790296482369689236,29636469138780,29636840359296,1790296482130000000,1000,1
655,153380679991057,1790296482374095897,29636474138780,29636844108185,1790296482133000000,1000,1
656,153380683559740,1790296482377664630,29636479138780,29636848388259,1790296482138000000,1000,1
657,153380687379179,1790296482381484069,29636484138780,29636852105444,1790296482141000000,1000,1
658,153380692165151,1790296482386270001,29636489138780,29636855796777,1790296482145000000,1000,1
659,153380695797194,1790296482389902645,29636494138780,29636860492444,1790296482150000000,1000,1
660,153380699573831,1790296482393677759,29636499138780,29636864220333,1790296482154000000,1000,1
661,153380704077205,1790296482398181955,29636504138780,29636868201814,1790296482158000000,1000,1
662,153380707697997,1790296482401802867,29636509138780,29636872466518,1790296482162000000,1000,1
663,153380712075915,1790296482406180965,29636514138780,29636876205703,1790296482166000000,1000,1
664,153380716363851,1790296482410468641,29636519138780,29636880432111,1790296482170000000,1000,1
665,153380720133615,1790296482414237924,29636524138780,29636884146925,1790296482174000000,1000,1
666,153380721096720,1790296482415200639,29636529138780,29636888542925,1790296482178000000,1000,1
667,153380723193305,1790296482417298154,29636534138780,29636889830518,1790296482179000000,1000,1
668,153380725398233,1790296482419502162,29636539138780,29636891579296,1790296482181000000,1000,1
669,153380726610481,1790296482420714329,29636544138780,29636894019888,1790296482183000000,1000,1
670,153380730666487,1790296482424771538,29636549138780,29636895204740,1790296482185000000,1000,1
671,153380751817976,1790296482445922926,29636554138780,29636899402999,1790296482189000000,1000,1
672,153380755278103,1790296482449382973,29636559138780,29636920265333,1790296482210000000,1000,1
673,153380755320133,1790296482449423079,29636564138780,29636921520740,1790296482211000000,1000,1
674,153380755327306,1790296482449430163,29636569138780,29636922732703,1790296482212000000,1000,1
675,153380757392711,1790296482451497601,29636574138780,29636924292962,1790296482214000000,1000,1
676,153380758491583,1790296482452596423,29636579138780,29636925774296,1790296482215000000,1000,1
677,153380759679725,1790296482453783442,29636584138780,29636926994777,1790296482216000000,1000,1
678,153380760885850,1790296482454989658,29636589138780,29636928255222,1790296482218000000,1000,1
679,153380762130088,1790296482456234006,29636594138780,29636929429444,1790296482219000000,1000,1
680,153380764279912,1790296482458383850,29636599138780,29636930642555,1790296482220000000,1000,1
681,153380764308897,1790296482458411844,29636604138780,29636931808888,1790296482221000000,1000,1
682,153380765696968,1790296482459800796,29636609138780,29636933066111,1790296482222000000,1000,1
683,153380767638018,1790296482461741916,29636614138780,29636934362444,1790296482224000000,1000,1
684,153380768654745,1790296482462758643,29636619138780,29636936215740,1790296482226000000,1000,1
685,153380770061941,1790296482464165890,29636624138780,29636937461962,1790296482227000000,1000,1
686,153380771326177,1790296482465430095,29636629138780,29636938650592,1790296482228000000,1000,1
687,153380772268613,1790296482466372361,29636634138780,29636939794407,1790296482229000000,1000,1
688,153380773527118,1790296482467631046,29636639138780,29636940961073,1790296482230000000,1000,1
689,153380774694961,1790296482468798789,29636644138780,29636942154518,1790296482232000000,1000,1
690,153380775660691,1790296482469763738,29636649138780,29636943278407,1790296482233000000,1000,1
691,153380777082727,1790296482471186665,29636654138780,29636944538962,1790296482234000000,1000,1
692,153380778584563,1790296482472688492,29636659138780,29636945662851,1790296482235000000,1000,1
693,153380780099525,1790296482474203443,29636664138780,29636947359518,1790296482237000000,1000,1
694,153380781172208,1790296482475276106,29636669138780,29636948643185,1790296482238000000,1000,1
695,153380782354889,1790296482476459168,29636674138780,29636949806185,1790296482239000000,1000,1
696,153380783536188,1790296482477640096,29636679138780,29636950982444,1790296482240000000,1000,1
697,153380784752272,1790296482478856090,29636684138780,29636952164111,1790296482242000000,1000,1
698,153380786093484,1790296482480197412,29636689138780,29636953349333,1790296482243000000,1000,1
699,153380786900594,1790296482481003760,29636694138780,29636954573073,1790296482244000000,1000,1
700,153380788282312,1790296482482386901,29636699138780,29636955717999,1790296482245000000,1000,1
701,153380790321387,1790296482484426237,29636704138780,29636956947036,1790296482246000000,1000,1
702,153380791419829,1790296482485523787,29636709138780,29636958747962,1790296482248000000,1000,1
703,153380792707400,1790296482486811979,29636714138780,29636959964370,1790296482249000000,1000,1
704,153380794116239,1790296482488220067,29636719138780,29636961332666,1790296482251000000,1000,1
705,153380795115824,1790296482489219732,29636724138780,29636962532333,1790296482252000000,1000,1
706,153380796284839,1790296482490388767,29636729138780,29636963663888,1790296482253000000,1000,1
707,153380797450899,1790296482491554827,29636734138780,29636964921592,1790296482254000000,1000,1
708,153380798737477,1790296482492841375,29636739138780,29636966069592,1790296482255000000,1000,1
709,153380799857830,1790296482493961628,29636744138780,29636967262407,1790296482257000000,1000,1
710,153380801684322,1790296482495788240,29636749138780,29636968456888,1790296482258000000,1000,1
711,153380802849150,1790296482496952968,29636754138780,29636970180740,1790296482260000000,1000,1
712,153380803957852,1790296482498061660,29636759138780,29636971388407,1790296482261000000,1000,1
713,153380805141815,1790296482499245703,29636764138780,29636972585925,1790296482262000000,1000,1
714,153380806374672,1790296482500478600,29636769138780,29636973767555,1790296482263000000,1000,1
715,153380807558615,1790296482501662824,29636774138780,29636974935111,1790296482264000000,1000,1
716,153380808630246,1790296482502734054,29636779138780,29636976168036,1790296482266000000,1000,1
717,153380809847734,1790296482503951552,29636784138780,29636977324703,1790296482267000000,1000,1
718,153380811143781,1790296482505247679,29636789138780,29636978468814,1790296482268000000,1000,1
719,153380812844294,1790296482506948863,29636794138780,29636979680370,1790296482269000000,1000,1
720,153380813839209,1790296482507942266,29636799138780,29636981445333,1790296482271000000,1000,1
721,153380815261805,1790296482509364962,29636804138780,29636982687259,1790296482272000000,1000,1
722,153380816369565,1790296482510473793,29636809138780,29636983837888,1790296482273000000,1000,1
723,153380817671472,1790296482511775400,29636814138780,29636985121296,1790296482274000000,1000,1
724,153380819552166,1790296482513656054,29636819138780,29636986265407,1790296482276000000,1000,1
725,153380820066240,1790296482514170158,29636824138780,29636987396999,1790296482277000000,1000,1
726,153380821178709,1790296482515282617,29636829138780,29636988626036,1790296482278000000,1000,1
727,153380822338507,1790296482516442435,29636834138780,29636989780148,1790296482279000000,1000,1
728,153380824394444,1790296482518499545,29636839138780,29636990952740,1790296482280000000,1000,1
729,153380825450185,1790296482519554133,29636844138780,29636992672333,1790296482282000000,1000,1
730,153380826510144,1790296482520614032,29636849138780,29636993929629,1790296482283000000,1000,1
731,153380827681944,1790296482521785852,29636854138780,29636995101111,1790296482284000000,1000,1
732,153380828783021,1790296482522887029,29636859138780,29636996281888,1790296482286000000,1000,1
733,153380829990189,1790296482524094107,29636864138780,29636997387888,1790296482287000000,1000,1
734,153380830882620,1790296482524985776,29636869138780,29636998559110,1790296482288000000,1000,1
735,153380832257716,1790296482526361674,29636874138780,29636999696592,1790296482289000000,1000,1
736,153380833435789,1790296482527539717,29636879138780,29637000898814,1790296482290000000,1000,1
737,153380835406053,1790296482529511254,29636884138780,29637002038185,1790296482291000000,1000,1
738,153380836511258,1790296482530615206,29636889138780,29637003785703,1790296482293000000,1000,1
739,153380837999639,1790296482532103557,29636894138780,29637005043370,1790296482294000000,1000,1
740,153380838796529,1790296482532900437,29636899138780,29637006194222,1790296482296000000,1000,1
741,153380839859023,1790296482533963271,29636904138780,29637007357407,1790296482297000000,1000,1
742,153380841217828,1790296482535321776,29636909138780,29637008531925,1790296482298000000,1000,1
743,153380842277486,1790296482536381414,29636914138780,29637009712222,1790296482299000000,1000,1
744,153380843457864,1790296482537561782,29636919138780,29637010846962,1790296482300000000,1000,1
745,153380844623493,1790296482538727401,29636924138780,29637012081962,1790296482301000000,1000,1
746,153380846459303,1790296482540563552,29636929138780,29637013256777,1790296482303000000,1000,1
747,153380847683874,1790296482541787862,29636934138780,29637014990333,1790296482304000000,1000,1
748,153380848885081,1790296482542988949,29636939138780,29637016256148,1790296482306000000,1000,1
749,153380850020473,1790296482544124361,29636944138780,29637017464222,1790296482307000000,1000,1
750,153380851234964,1790296482545338872,29636949138780,29637018614073,1790296482308000000,1000,1
751,153380852547592,1790296482546651891,29636954138780,29637019750703,1790296482309000000,1000,1
752,153380853761893,1790296482547865811,29636959138780,29637021157555,1790296482311000000,1000,1
753,153380857922679,1790296482552026567,29636964138780,29637022331444,1790296482312000000,1000,1
754,153380857960150,1790296482552063086,29636969138780,29637023520259,1790296482313000000,1000,1
755,153380857967243,1790296482552070089,29636974138780,29637024723073,1790296482314000000,1000,1
756,153380859241949,1790296482553345837,29636979138780,29637026498962,1790296482316000000,1000,1
757,153380860266501,1790296482554370470,29636984138780,29637027706740,1790296482317000000,1000,1
758,153380861522071,1790296482555625999,29636989138780,29637028918296,1790296482318000000,1000,1
759,153380862755488,1790296482556859436,29636994138780,29637030110999,1790296482319000000,1000,1
760,153380863908082,1790296482558012041,29636999138780,29637031249407,1790296482321000000,1000,1
761,153380865310670,1790296482559414588,29637004138780,29637032534555,1790296482322000000,1000,1
762,153380866683101,1790296482560786999,29637009138780,29637033687444,1790296482323000000,1000,1
763,153380868272323,1790296482562376261,29637014138780,29637034904518,1790296482324000000,1000,1
764,153380869800229,1790296482563904117,29637019138780,29637036124925,1790296482326000000,1000,1
765,153380870536194,1790296482564640122,29637024138780,29637037870703,1790296482327000000,1000,1
766,153380871646409,1790296482565750317,29637029138780,29637039057555,1790296482328000000,1000,1
767,153380873050069,1790296482567153887,29637034138780,29637040480259,1790296482330000000,1000,1
768,153380874283727,1790296482568387695,29637039138780,29637041656777,1790296482331000000,1000,1
769,153380877030883,1790296482571135723,29637044138780,29637044144185,1790296482334000000,1000,1
770,153380882030988,1790296482576135838,29637049138780,29637049144073,1790296482339000000,1000,1
771,153380886859170,1790296482580963078,29637054138780,29637054144444,1790296482344000000,1000,1
772,153380892222937,1790296482586328078,29637059138780,29637059153185,1790296482349000000,1000,1
773,153380897046528,1790296482591151368,29637064138780,29637064142592,1790296482354000000,1000,1
774,153380902198472,1790296482596303632,29637069138780,29637069141962,1790296482359000000,1000,1
775,153380907139277,1790296482601244217,29637074138780,29637074144147,1790296482364000000,1000,1
776,153380912068238,1790296482606173078,29637079138780,29637079141407,1790296482369000000,1000,1
777,153380916951224,1790296482611056083,29637084138780,29637084144666,1790296482374000000,1000,1
778,153380922685180,1790296482616790050,29637089138780,29637089142999,1790296482379000000,1000,1
779,153380927091520,1790296482621196360,29637094138780,29637094144481,1790296482384000000,1000,1
780,153380931980036,1790296482626084886,29637099138780,29637099142185,1790296482389000000,1000,1
781,153380937349041,1790296482631453911,29637104138780,29637104144962,1790296482394000000,1000,1
782,153380941918292,1790296482636023222,29637109138780,29637109142962,1790296482399000000,1000,1
783,153380946118031,1790296482640221929,29637114138780,29637114144407,1790296482404000000,1000,1
784,153380952558558,1790296482646663488,29637119138780,29637119142629,1790296482409000000,1000,1
785,153380956214055,1790296482650318965,29637124138780,29637124144036,1790296482414000000,1000,1
786,153380961315956,1790296482655420886,29637129138780,29637129142370,1790296482419000000,1000,1
787,153380966563029,1790296482660667949,29637134138780,29637134143518,1790296482424000000,1000,1
788,153380971166333,1790296482665270241,29637139138780,29637139143703,1790296482429000000,1000,1
789,153380976285344,1790296482670390164,29637144138780,29637144144110,1790296482434000000,1000,1
790,153380981913580,1790296482676018430,29637149138780,29637149143962,1790296482439000000,1000,1
791,153380986172041,1790296482680276901,29637154138780,29637154143184,1790296482444000000,1000,1
792,153380991129757,1790296482685234887,29637159138780,29637159143481,1790296482449000000,1000,1
793,153380996645201,1790296482690750071,29637164138780,29637164142518,1790296482454000000,1000,1
794,153381001148696,1790296482695253476,29637169138780,29637169141407,1790296482459000000,1000,1
795,153381006189399,1790296482700293197,29637174138780,29637174143407,1790296482464000000,1000,1
796,153381010898003,1790296482705001210,29637179138780,29637179144222,1790296482469000000,1000,1
797,153381015915021,1790296482710017937,29637184138780,29637184143703,1790296482474000000,1000,1
798,153381020737882,1790296482714840778,29637189138780,29637189141666,1790296482479000000,1000,1
799,153381026774672,1790296482720877929,29637194138780,29637194143110,1790296482484000000,1000,1
800,153381044785039,1790296482738889929,29637199138780,29637212751407,1790296482502000000,1000,1
801,153381044930324,1790296482739033311,29637204138780,29637213220444,1790296482503000000,1000,1
802,153381044937738,1790296482739040584,29637209138780,29637213590333,1790296482503000000,1000,1
803,153381045913097,1790296482740017946,29637214138780,29637214141036,1790296482504000000,1000,1
804,153381051228780,1790296482745333650,29637219138780,29637219142703,1790296482509000000,1000,1
805,153381056753650,1790296482750858771,29637224138780,29637224141555,1790296482514000000,1000,1
806,153381062630598,1790296482756735257,29637229138780,29637229144184,1790296482519000000,1000,1
807,153381066079785,1790296482760184625,29637234138780,29637234142370,1790296482524000000,1000,1
808,153381072152086,1790296482766256855,29637239138780,29637239233444,1790296482529000000,1000,1
809,153381077017957,1790296482771123137,29637244138780,29637244143555,1790296482534000000,1000,1
810,153381081201194,1790296482775306154,29637249138780,29637249142962,1790296482539000000,1000,1
811,153381085947399,1790296482780052710,29637254138780,29637254141147,1790296482544000000,1000,1
812,153381091404693,1790296482785509583,29637259138780,29637259147999,1790296482549000000,1000,1
813,153381096459823,1790296482790564683,29637264138780,29637264143703,1790296482554000000,1000,1
814,153381101223572,1790296482795328292,29637269138780,29637269145777,1790296482559000000,1000,1
815,153381106264015,1790296482800367242,29637274138780,29637274143036,1790296482564000000,1000,1
816,153381110991174,1790296482805094401,29637279138780,29637279269666,1790296482569000000,1000,1
817,153381116864154,1790296482810968954,29637284138780,29637284141962,1790296482574000000,1000,1
818,153381121065197,1790296482815170067,29637289138780,29637289143925,1790296482579000000,1000,1
819,153381127082039,1790296482821186899,29637294138780,29637294147814,1790296482584000000,1000,1
820,153381131560388,1790296482825665218,29637299138780,29637299143370,1790296482589000000,1000,1
821,153381136239285,1790296482830344275,29637304138780,29637304143147,1790296482594000000,1000,1
822,153381141236525,1790296482835341696,29637309138780,29637309142962,1790296482599000000,1000,1
823,153381145912960,1790296482840017098,29637314138780,29637314141814,1790296482604000000,1000,1
824,153381151357619,1790296482845461507,29637319138780,29637319147184,1790296482609000000,1000,1
825,153381156706766,1790296482850811706,29637324138780,29637324144777,1790296482614000000,1000,1
826,153381162093065,1790296482856197203,29637329138780,29637329150481,1790296482619000000,1000,1
827,153381165882507,1790296482859985653,29637334138780,29637334141925,1790296482624000000,1000,1
828,153381171395375,1790296482865498542,29637339138780,29637339145666,1790296482629000000,1000,1
829,153381176942298,1790296482871045495,29637344138780,29637344144962,1790296482634000000,1000,1
830,153381181134263,1790296482875237439,29637349138780,29637349142518,1790296482639000000,1000,1
831,153381186291767,1790296482880395024,29637354138780,29637354141999,1790296482644000000,1000,1
832,153381191097976,1790296482885201193,29637359138780,29637359141962,1790296482649000000,1000,1
833,153381196398151,1790296482890503241,29637364138780,29637364146147,1790296482654000000,1000,1
834,153381201902564,1790296482896006472,29637369138780,29637369142036,1790296482659000000,1000,1
835,153381207189122,1790296482901293051,29637374138780,29637374165555,1790296482664000000,1000,1
836,153381211340550,1790296482905445510,29637379138780,29637379144555,1790296482669000000,1000,1
837,153381216086213,1790296482910191494,29637384138780,29637384142592,1790296482674000000,1000,1
838,153381220892742,1790296482914996660,29637389138780,29637389141184,1790296482679000000,1000,1
839,153381226112345,1790296482920215502,29637394138780,29637394146999,1790296482684000000,1000,1
840,153381231302851,1790296482925406008,29637399138780,29637399145147,1790296482689000000,1000,1
841,153381236181549,1790296482930286429,29637404138780,29637404142703,1790296482694000000,1000,1
842,153381241232831,1790296482935338092,29637409138780,29637409143555,1790296482699000000,1000,1
843,153381246314242,1790296482940418170,29637414138780,29637414144518,1790296482704000000,1000,1
844,153381252141485,1790296482946246375,29637419138780,29637419145295,1790296482709000000,1000,1
845,153381256356184,1790296482950461645,29637424138780,29637424394258,1790296482714000000,1000,1
846,153381260957284,1790296482955062114,29637429138780,29637429141851,1790296482719000000,1000,1
847,153381267289235,1790296482961394355,29637434138780,29637434144332,1790296482724000000,1000,1
848,153381271456172,1790296482965561042,29637439138780,29637439147777,1790296482729000000,1000,1
849,153381276463761,1790296482970567740,29637444138780,29637444146073,1790296482734000000,1000,1
850,153381281251456,1790296482975355364,29637449138780,29637449143703,1790296482739000000,1000,1
851,153381286529789,1790296482980634729,29637454138780,29637454141962,1790296482744000000,1000,1
852,153381291624936,1790296482985730347,29637459138780,29637459146925,1790296482749000000,1000,1
853,153381296433509,1790296482990538329,29637464138780,29637464175369,1790296482754000000,1000,1
854,153381301475815,1790296482995579733,29637469138780,29637469141740,1790296482759000000,1000,1
855,153381306747637,1790296483000852467,29637474138780,29637474141629,1790296482764000000,1000,1
856,153381311303390,1790296483005407318,29637479138780,29637479143814,1790296482769000000,1000,1
857,153381316174481,1790296483010278450,29637484138780,29637484142184,1790296482774000000,1000,1
858,153381321203604,1790296483015307542,29637489138780,29637489143925,1790296482779000000,1000,1
859,153381326781427,1790296483020886277,29637494138780,29637494142962,1790296482784000000,1000,1
860,153381331956113,1790296483026060993,29637499138780,29637499143555,1790296482789000000,1000,1
861,153381336393072,1790296483030498573,29637504138780,29637504142110,1790296482794000000,1000,1
862,153381341298418,1790296483035403278,29637509138780,29637509140740,1790296482799000000,1000,1
863,153381346429593,1790296483040535084,29637514138780,29637514141740,1790296482804000000,1000,1
864,153381351570606,1790296483045674514,29637519138780,29637519148444,1790296482809000000,1000,1
865,153381356649301,1790296483050754141,29637524138780,29637524146073,1790296482814000000,1000,1
866,153381361367815,1790296483055472654,29637529138780,29637529140369,1790296482819000000,1000,1
867,153381366655345,1790296483060760205,29637534138780,29637534143740,1790296482824000000,1000,1
868,153381371040455,1790296483065145265,29637539138780,29637539143925,1790296482829000000,1000,1
869,153381376637983,1790296483070742812,29637544138780,29637544146369,1790296482834000000,1000,1
870,153381381835142,1790296483075940022,29637549138780,29637549148147,1790296482839000000,1000,1
871,153381386231625,1790296483080336465,29637554138780,29637554142629,1790296482844000000,1000,1
872,153381391240828,1790296483085345668,29637559138780,29637559140851,1790296482849000000,1000,1
873,153381396511448,1790296483090616308,29637564138780,29637564142888,1790296482854000000,1000,1
874,153381401515693,1790296483095619601,29637569138780,29637569148777,1790296482859000000,1000,1
875,153381406659273,1790296483100764113,29637574138780,29637574148258,1790296482864000000,1000,1
876,153381411456875,1790296483105561825,29637579138780,29637579141703,1790296482869000000,1000,1
877,153381416535048,1790296483110639908,29637584138780,29637584141184,1790296482874000000,1000,1
878,153381421686851,1790296483115791681,29637589138780,29637589147592,1790296482879000000,1000,1
879,153381426614301,1790296483120718230,29637594138780,29637594145925,1790296482884000000,1000,1
880,153381431938011,1790296483126042891,29637599138780,29637599146295,1790296482889000000,1000,1
881,153381436284418,1790296483130389238,29637604138780,29637604141962,1790296482894000000,1000,1
882,153381441228229,1790296483135333079,29637609138780,29637609140258,1790296482899000000,1000,1
883,153381446706901,1790296483140811781,29637614138780,29637614147221,1790296482904000000,1000,1
884,153381451504754,1790296483145609523,29637619138780,29637619143888,1790296482909000000,1000,1
885,153381456149916,1790296483150254887,29637624138780,29637624143555,1790296482914000000,1000,1
886,153381461118983,1790296483155224114,29637629138780,29637629142332,1790296482919000000,1000,1
887,153381466580565,1790296483160685665,29637634138780,29637634146851,1790296482924000000,1000,1
888,153381472045001,1790296483166149741,29637639138780,29637639147555,1790296482929000000,1000,1
889,153381476841493,1790296483170946363,29637644138780,29637644148369,1790296482934000000,1000,1
890,153381481539496,1790296483175644306,29637649138780,29637649142888,1790296482939000000,1000,1
891,153381486013797,1790296483180118988,29637654138780,29637654143777,1790296482944000000,1000,1
892,153381491602769,1790296483185707579,29637659138780,29637659146666,1790296482949000000,1000,1
893,153381496277628,1790296483190381586,29637664138780,29637664146703,1790296482954000000,1000,1
894,153381500929163,1790296483195033903,29637669138780,29637669143480,1790296482959000000,1000,1
895,153381506067491,1790296483200172350,29637674138780,29637674141480,1790296482964000000,1000,1
896,153381511644542,1790296483205749742,29637679138780,29637679147851,1790296482969000000,1000,1
897,153381516407057,1790296483210512138,29637684138780,29637684142073,1790296482974000000,1000,1
898,153381522262476,1790296483216367697,29637689138780,29637689140555,1790296482979000000,1000,1
899,153381526030998,1790296483220136198,29637694138780,29637694140962,1790296482984000000,1000,1
900,153381531076590,1790296483225181440,29637699138780,29637699143406,1790296482989000000,1000,1
901,153381537045361,1790296483231150181,29637704138780,29637704148036,1790296482994000000,1000,1
902,153381541396619,1790296483235501629,29637709138780,29637709148555,1790296482999000000,1000,1
903,153381546151990,1790296483240256840,29637714138780,29637714142814,1790296483004000000,1000,1
904,153381551104736,1790296483245209586,29637719138780,29637719141962,1790296483009000000,1000,1
905,153381556509729,1790296483250614599,29637724138780,29637724144703,1790296483014000000,1000,1
906,153381561573626,1790296483255678486,29637729138780,29637729146332,1790296483019000000,1000,1
907,153381567123937,1790296483261228897,29637734138780,29637734142332,1790296483024000000,1000,1
908,153381571043074,1790296483265148144,29637739138780,29637739145851,1790296483029000000,1000,1
909,153381576071884,1790296483270175782,29637744138780,29637744144629,1790296483034000000,1000,1
910,153381581296685,1790296483275401665,29637749138780,29637749143110,1790296483039000000,1000,1
911,153381586159611,1790296483280264481,29637754138780,29637754140925,1790296483044000000,1000,1
912,153381591444869,1790296483285549709,29637759138780,29637759148554,1790296483049000000,1000,1
913,153381596381104,1790296483290485944,29637764138780,29637764146517,1790296483054000000,1000,1
914,153381601284208,1790296483295388937,29637769138780,29637769144221,1790296483059000000,1000,1
915,153381606079215,1790296483300184085,29637774138780,29637774143406,1790296483064000000,1000,1
916,153381612292379,1790296483306397560,29637779138780,29637779162814,1790296483069000000,1000,1
917,153381616511244,1790296483310616024,29637784138780,29637784143925,1790296483074000000,1000,1
918,153381621385413,1790296483315490524,29637789138780,29637789145184,1790296483079000000,1000,1
919,153381626180420,1790296483320285260,29637794138780,29637794143517,1790296483084000000,1000,1
920,153381631089643,1790296483325194483,29637799138780,29637799141629,1790296483089000000,1000,1
921,153381636391751,1790296483330495689,29637804138780,29637804149110,1790296483094000000,1000,1
922,153381641474003,1790296483335578852,29637809138780,29637809147666,1790296483099000000,1000,1
923,153381646180764,1790296483340285604,29637814138780,29637814143888,1790296483104000000,1000,1
924,153381651540833,1790296483345645973,29637819138780,29637819142962,1790296483109000000,1000,1
925,153381656365688,1790296483350470829,29637824138780,29637824146110,1790296483114000000,1000,1
926,153381662233799,1790296483356338639,29637829138780,29637829143814,1790296483119000000,1000,1
927,153381666425013,1790296483360528921,29637834138780,29637834143406,1790296483124000000,1000,1
928,153381671221624,1790296483365326494,29637839138780,29637839143629,1790296483129000000,1000,1
929,153381677060950,1790296483371165800,29637844138780,29637844143554,1790296483134000000,1000,1
930,153381681663734,1790296483375768915,29637849138780,29637849144221,1790296483139000000,1000,1
931,153381686364202,1790296483380469222,29637854138780,29637854143814,1790296483144000000,1000,1
932,153381691223110,1790296483385328521,29637859138780,29637859144073,1790296483149000000,1000,1
933,153381696228616,1790296483390333486,29637864138780,29637864142258,1790296483154000000,1000,1
934,153381702110766,1790296483396215565,29637869138780,29637869143110,1790296483159000000,1000,1
935,153381706150221,1790296483400254119,29637874138780,29637874144814,1790296483164000000,1000,1
936,153381711175464,1790296483405280274,29637879138780,29637879142777,1790296483169000000,1000,1
937,153381716332827,1790296483410437697,29637884138780,29637884142962,1790296483174000000,1000,1
938,153381720932214,1790296483415036172,29637889138780,29637889140888,1790296483179000000,1000,1
939,153381726853447,1790296483420958277,29637894138780,29637894145110,1790296483184000000,1000,1
940,153381731287600,1790296483425392470,29637899138780,29637899142480,1790296483189000000,1000,1
941,153381736155826,1790296483430260586,29637904138780,29637904144332,1790296483194000000,1000,1
942,153381741867771,1790296483435972611,29637909138780,29637909140703,1790296483199000000,1000,1
943,153381747105248,1790296483441209177,29637914138780,29637914143591,1790296483204000000,1000,1
944,153381751286533,1790296483445391463,29637919138780,29637919145517,1790296483209000000,1000,1
945,153381756103221,1790296483450208151,29637924138780,29637924143332,1790296483214000000,1000,1
946,153381761172259,1790296483455277409,29637929138780,29637929144258,1790296483219000000,1000,1
947,153381766207110,1790296483460312311,29637934138780,29637934141962,1790296483224000000,1000,1
948,153381771234458,1790296483465339548,29637939138780,29637939146703,1790296483229000000,1000,1
949,153381781540421,1790296483475645872,29637944138780,29637944143554,1790296483234000000,1000,1
950,153381781583002,1790296483475685948,29637949138780,29637949143591,1790296483239000000,1000,1
951,153381786251649,1790296483480356489,29637954138780,29637954141851,1790296483244000000,1000,1
952,153381792278671,1790296483486382609,29637959138780,29637959145814,1790296483249000000,1000,1
953,153381796435989,1790296483490540929,29637964138780,29637964143999,1790296483254000000,1000,1
954,153381801236818,1790296483495340726,29637969138780,29637969144184,1790296483259000000,1000,1
955,153381806337776,1790296483500442706,29637974138780,29637974144184,1790296483264000000,1000,1
956,153381811210510,1790296483505315450,29637979138780,29637979141591,1790296483269000000,1000,1
957,153381815938640,1790296483510043470,29637984138780,29637984143554,1790296483274000000,1000,1
958,153381821233026,1790296483515337885,29637989138780,29637989140851,1790296483279000000,1000,1
959,153381826691119,1790296483520795979,29637994138780,29637994147925,1790296483284000000,1000,1
960,153381831596736,1790296483525701575,29637999138780,29637999145295,1790296483289000000,1000,1
961,153381836362549,1790296483530467399,29638004138780,29638004142665,1790296483294000000,1000,1
962,153381841113893,1790296483535218813,29638009138780,29638009141258,1790296483299000000,1000,1
963,153381847118522,1790296483541223382,29638014138780,29638014144332,1790296483304000000,1000,1
964,153381851426608,1790296483545531719,29638019138780,29638019146999,1790296483309000000,1000,1
965,153381856061372,1790296483550165340,29638024138780,29638024144443,1790296483314000000,1000,1
966,153381861136261,1790296483555241151,29638029138780,29638029143036,1790296483319000000,1000,1
967,153381866051366,1790296483560155655,29638034138780,29638034141851,1790296483324000000,1000,1
968,153381871456501,1790296483565561331,29638039138780,29638039148814,1790296483329000000,1000,1
969,153381877147238,1790296483571252058,29638044138780,29638044144665,1790296483334000000,1000,1
970,153381881435875,1790296483575540775,29638049138780,29638049141369,1790296483339000000,1000,1
971,153381886560337,1790296483580665176,29638054138780,29638054141221,1790296483344000000,1000,1
972,153381891422481,1790296483585527341,29638059138780,29638059143443,1790296483349000000,1000,1
973,153381896420875,1790296483590525715,29638064138780,29638064146184,1790296483354000000,1000,1
974,153381901835868,1790296483595940708,29638069138780,29638069144888,1790296483359000000,1000,1
975,153381906809284,1790296483600914194,29638074138780,29638074145406,1790296483364000000,1000,1
976,153381911588721,1790296483605693551,29638079138780,29638079141221,1790296483369000000,1000,1
977,153381916617974,1790296483610723064,29638084138780,29638084144221,1790296483374000000,1000,1
978,153381921114565,1790296483615219495,29638089138780,29638089141739,1790296483379000000,1000,1
979,153381927453819,1790296483621558689,29638094138780,29638094166591,1790296483384000000,1000,1
980,153381932078915,1790296483626183755,29638099138780,29638099142480,1790296483389000000,1000,1
981,153381935932638,1790296483630037508,29638104138780,29638104141739,1790296483394000000,1000,1
982,153381941147641,1790296483635252501,29638109138780,29638109143369,1790296483399000000,1000,1
983,153381946621206,1790296483640726256,29638114138780,29638114144554,1790296483404000000,1000,1
984,153381951483962,1790296483645588792,29638119138780,29638119147295,1790296483409000000,1000,1
985,153381956409317,1790296483650513235,29638124138780,29638124149665,1790296483414000000,1000,1
986,153381961391208,1790296483655495117,29638129138780,29638129146851,1790296483419000000,1000,1
987,153381966244917,1790296483660349857,29638134138780,29638134146962,1790296483424000000,1000,1
988,153381971219434,1790296483665324284,29638139138780,29638139143221,1790296483429000000,1000,1
989,153381976335120,1790296483670440231,29638144138780,29638144144258,1790296483434000000,1000,1
990,153381984848344,1790296483678953194,29638149138780,29638149144962,1790296483439000000,1000,1
991,153381986527587,1790296483680632767,29638154138780,29638154147406,1790296483444000000,1000,1
992,153381991352893,1790296483685457733,29638159138780,29638159143999,1790296483449000000,1000,1
993,153381996180993,1790296483690285802,29638164138780,29638164144295,1790296483454000000,1000,1
994,153382001053496,1790296483695158366,29638169138780,29638169141925,1790296483459000000,1000,1
995,153382006129206,1790296483700233695,29638174138780,29638174146073,1790296483464000000,1000,1
996,153382010932610,1790296483705035756,29638179138780,29638179145147,1790296483469000000,1000,1
997,153382015953915,1790296483710056972,29638184138780,29638184183554,1790296483474000000,1000,1
998,153382020674904,1790296483714777960,29638189138780,29638189141036,1790296483479000000,1000,1
999,153382025765371,1790296483719868397,29638194138780,29638194142184,1790296483484000000,1000,1
1000,153382047721222,1790296483741826082,29638199138780,29638215609888,1790296483505000000,1000,1
1001,153382047764113,1790296483741867050,29638204138780,29638216132443,1790296483506000000,1000,1
1002,153382048490370,1790296483742595570,29638209138780,29638216567480,1790296483506000000,1000,1
1003,153382048532129,1790296483742635216,29638214138780,29638216927665,1790296483506000000,1000,1
1004,153382051923547,1790296483746028417,29638219138780,29638219146036,1790296483509000000,1000,1
1005,153382056770905,1790296483750874803,29638224138780,29638224146406,1790296483514000000,1000,1
1006,153382061313052,1790296483755418183,29638229138780,29638229139776,1790296483519000000,1000,1
1007,153382066292970,1790296483760397850,29638234138780,29638234141591,1790296483524000000,1000,1
1008,153382071247238,1790296483765352108,29638239138780,29638239140369,1790296483529000000,1000,1
1009,153382076845798,1790296483770950859,29638244138780,29638244860517,1790296483534000000,1000,1
1010,153382081152842,1790296483775257842,29638249138780,29638249139443,1790296483539000000,1000,1
1011,153382086070662,1790296483780175502,29638254138780,29638254140221,1790296483544000000,1000,1
1012,153382091388121,1790296483785493242,29638259138780,29638259142221,1790296483549000000,1000,1
1013,153382096532881,1790296483790637711,29638264138780,29638264142628,1790296483554000000,1000,1
1014,153382100778729,1790296483794883829,29638269138780,29638269140258,1790296483559000000,1000,1
1015,153382106021825,1790296483800126665,29638274138780,29638274140036,1790296483564000000,1000,1
1016,153382111548560,1790296483805653590,29638279138780,29638279142888,1790296483569000000,1000,1
1017,153382116362975,1790296483810467976,29638284138780,29638284141369,1790296483574000000,1000,1
1018,153382121117325,1790296483815222155,29638289138780,29638289139443,1790296483579000000,1000,1
1019,153382126098445,1790296483820203365,29638294138780,29638294139739,1790296483584000000,1000,1
1020,153382131296607,1790296483825401557,29638299138780,29638299140443,1790296483589000000,1000,1
1021,153382136362337,1790296483830467358,29638304138780,29638304140480,1790296483594000000,1000,1
1022,153382141212259,1790296483835317089,29638309138780,29638309140221,1790296483599000000,1000,1
1023,153382146005434,1790296483840110324,29638314138780,29638314140332,1790296483604000000,1000,1
1024,153382151448179,1790296483845553359,29638319138780,29638319140480,1790296483609000000,1000,1
1025,153382156125252,1790296483850230032,29638324138780,29638324139850,1790296483614000000,1000,1
1026,153382161225878,1790296483855331169,29638329138780,29638329140702,1790296483619000000,1000,1
1027,153382165908974,1790296483860012902,29638334138780,29638334139850,1790296483624000000,1000,1
1028,153382170744318,1790296483864847485,29638339138780,29638339139776,1790296483629000000,1000,1
1029,153382176082083,1790296483870185230,29638344138780,29638344140813,1790296483634000000,1000,1
1030,153382180914613,1790296483875017780,29638349138780,29638349141813,1790296483639000000,1000,1
1031,153382189943254,1790296483884046411,29638354138780,29638354139739,1790296483644000000,1000,1
1032,153382190650084,1790296483884753240,29638359138780,29638359140258,1790296483649000000,1000,1
1033,153382197482954,1790296483891587834,29638364138780,29638364178850,1790296483654000000,1000,1
1034,153382201265483,1790296483895370333,29638369138780,29638369141776,1790296483659000000,1000,1
1035,153382206151943,1790296483900255911,29638374138780,29638374158665,1790296483664000000,1000,1
1036,153382211098859,1790296483905203749,29638379138780,29638379140517,1790296483669000000,1000,1
1037,153382216094156,1790296483910199036,29638384138780,29638384139776,1790296483674000000,1000,1
1038,153382221059005,1790296483915162914,29638389138780,29638389142147,1790296483679000000,1000,1
1039,153382227104443,1790296483921209313,29638394138780,29638394141924,1790296483684000000,1000,1
1040,153382231461791,1790296483925566631,29638399138780,29638399139924,1790296483689000000,1000,1
1041,153382236268632,1790296483930373452,29638404138780,29638404140110,1790296483694000000,1000,1
1042,153382241260602,1790296483935364500,29638409138780,29638409149184,1790296483699000000,1000,1
1043,153382246050931,1790296483940154829,29638414138780,29638414140443,1790296483704000000,1000,1
1044,153382251085643,1790296483945190803,29638419138780,29638419141221,1790296483709000000,1000,1
1045,153382256088083,1790296483950192903,29638424138780,29638424140480,1790296483714000000,1000,1
1046,153382261083492,1790296483955188362,29638429138780,29638429139517,1790296483719000000,1000,1
1047,153382266379219,1790296483960483117,29638434138780,29638434140924,1790296483724000000,1000,1
1048,153382272438222,1790296483966542380,29638439138780,29638439141406,1790296483729000000,1000,1
1049,153382276103297,1790296483970208157,29638444138780,29638444140850,1790296483734000000,1000,1
1050,153382281165172,1790296483975270012,29638449138780,29638449139887,1790296483739000000,1000,1
1051,153382286425731,1790296483980530621,29638454138780,29638454143517,1790296483744000000,1000,1
1052,153382291268149,1790296483985373310,29638459138780,29638459142665,1790296483749000000,1000,1
1053,153382296282061,1790296483990387192,29638464138780,29638464141702,1790296483754000000,1000,1
1054,153382301191345,1790296483995295263,29638469138780,29638469141073,1790296483759000000,1000,1
1055,153382305835628,1790296483999939556,29638474138780,29638474139813,1790296483764000000,1000,1
1056,153382311496397,1790296484005601256,29638479138780,29638479141517,1790296483769000000,1000,1
1057,153382317325515,1790296484011430646,29638484138780,29638484142443,1790296483774000000,1000,1
1058,153382321065834,1790296484015169802,29638489138780,29638489140073,1790296483779000000,1000,1
1059,153382326280125,1790296484020385085,29638494138780,29638494140073,1790296483784000000,1000,1
1060,153382331243962,1790296484025348942,29638499138780,29638499140147,1790296483789000000,1000,1
1061,153382336373424,1790296484030478314,29638504138780,29638504140073,1790296483794000000,1000,1
1062,153382341299712,1790296484035404572,29638509138780,29638509142036,1790296483799000000,1000,1
1063,153382346381522,1790296484040486362,29638514138780,29638514140998,1790296483804000000,1000,1
1064,153382351454936,1790296484045560157,29638519138780,29638519139961,1790296483809000000,1000,1
1065,153382356861011,1790296484050966212,29638524138780,29638524139739,1790296483814000000,1000,1
1066,153382360958688,1790296484055063598,29638529138780,29638529140517,1790296483819000000,1000,1
1067,153382366326992,1790296484060431882,29638534138780,29638534143073,1790296483824000000,1000,1
1068,153382371596309,1790296484065701420,29638539138780,29638539141295,1790296483829000000,1000,1
1069,153382376033789,1790296484070138779,29638544138780,29638544142961,1790296483834000000,1000,1
1070,153382381297514,1790296484075402424,29638549138780,29638549140036,1790296483839000000,1000,1
1071,153382385980460,1790296484080085340,29638554138780,29638554140110,1790296483844000000,1000,1
1072,153382393947599,1790296484088052439,29638559138780,29638559140702,1790296483849000000,1000,1
1073,153382396530765,1790296484090635625,29638564138780,29638564142147,1790296483854000000,1000,1
1074,153382402341178,1790296484096446088,29638569138780,29638569140887,1790296483859000000,1000,1
1075,153382406893655,1790296484100998505,29638574138780,29638574140554,1790296483864000000,1000,1
1076,153382411097073,1790296484105200971,29638579138780,29638579140184,1790296483869000000,1000,1
1077,153382416398702,1790296484110503592,29638584138780,29638584140665,1790296483874000000,1000,1
1078,153382421401543,1790296484115506653,29638589138780,29638589140887,1790296483879000000,1000,1
1079,153382426006492,1790296484120111332,29638594138780,29638594140591,1790296483884000000,1000,1
1080,153382431228540,1790296484125333410,29638599138780,29638599141480,1790296483889000000,1000,1
1081,153382436554463,1790296484130659624,29638604138780,29638604141221,1790296483894000000,1000,1
1082,153382441462564,1790296484135567474,29638609138780,29638609141221,1790296483899000000,1000,1
1083,153382446447722,1790296484140552591,29638614138780,29638614140184,1790296483904000000,1000,1
1084,153382451018495,1790296484145123555,29638619138780,29638619140110,1790296483909000000,1000,1
1085,153382456162383,1790296484150267343,29638624138780,29638624140665,1790296483914000000,1000,1
1086,153382461300721,1790296484155405561,29638629138780,29638629140887,1790296483919000000,1000,1
1087,153382466805525,1790296484160910455,29638634138780,29638634140739,1790296483924000000,1000,1
1088,153382472029054,1790296484166133964,29638639138780,29638639141480,1790296483929000000,1000,1
1089,153382476188468,1790296484170293659,29638644138780,29638644140406,1790296483934000000,1000,1
1090,153382481526845,1790296484175631765,29638649138780,29638649141147,1790296483939000000,1000,1
1091,153382486676626,1790296484180781436,29638654138780,29638654142591,1790296483944000000,1000,1
1092,153382491542257,1790296484185647097,29638659138780,29638659142591,1790296483949000000,1000,1
1093,153382496377641,1790296484190482521,29638664138780,29638664140406,1790296483954000000,1000,1
1094,153382501293309,1790296484195398569,29638669138780,29638669140739,1790296483959000000,1000,1
1095,153382506102833,1790296484200207633,29638674138780,29638674139776,1790296483964000000,1000,1
1096,153382511677828,1790296484205782878,29638679138780,29638679154480,1790296483969000000,1000,1
1097,153382517472479,1790296484211577420,29638684138780,29638684142221,1790296483974000000,1000,1
1098,153382520879998,1790296484214984858,29638689138780,29638689140961,1790296483979000000,1000,1
1099,153382526195654,1790296484220300855,29638694138780,29638694140739,1790296483984000000,1000,1
1100,153382531364980,1790296484225469911,29638699138780,29638699142332,1790296483989000000,1000,1
1101,153382536648754,1790296484230753834,29638704138780,29638704142443,1790296483994000000,1000,1
1102,153382541427420,1790296484235532540,29638709138780,29638709140517,1790296483999000000,1000,1
1103,153382546169338,1790296484240274208,29638714138780,29638714140147,1790296484004000000,1000,1
1104,153382551228488,1790296484245333327,29638719138780,29638719139961,1790296484009000000,1000,1
1105,153382557009503,1790296484251114363,29638724138780,29638724140591,1790296484014000000,1000,1
1106,153382561153156,1790296484255257364,29638729138780,29638729141184,1790296484019000000,1000,1
1107,153382566154556,1790296484260259426,29638734138780,29638734140072,1790296484024000000,1000,1
1108,153382571118312,1790296484265223303,29638739138780,29638739139850,1790296484029000000,1000,1
1109,153382576286778,1790296484270390696,29638744138780,29638744141887,1790296484034000000,1000,1
1110,153382581839451,1790296484275944331,29638749138780,29638749142813,1790296484039000000,1000,1
1111,153382586048920,1790296484280153970,29638754138780,29638754141517,1790296484044000000,1000,1
1112,153382591179926,1790296484285284806,29638759138780,29638759141258,1790296484049000000,1000,1
1113,153382600106272,1790296484294211062,29638764138780,29638764139702,1790296484054000000,1000,1
1114,153382601415673,1790296484295520413,29638769138780,29638769140924,1790296484059000000,1000,1
1115,153382607980775,1790296484302086005,29638774138780,29638774140554,1790296484064000000,1000,1
1116,153382611045253,1790296484305150224,29638779138780,29638779140628,1790296484069000000,1000,1
1117,153382616181028,1790296484310286319,29638784138780,29638784140072,1790296484074000000,1000,1
1118,153382621265293,1790296484315370113,29638789138780,29638789141887,1790296484079000000,1000,1
1119,153382626282912,1790296484320387171,29638794138780,29638794142406,1790296484084000000,1000,1
1120,153382631285663,1790296484325390513,29638799138780,29638799141665,1790296484089000000,1000,1
1121,153382636129655,1790296484330234835,29638804138780,29638804140776,1790296484094000000,1000,1
1122,153382641283522,1790296484335388733,29638809138780,29638809140702,1790296484099000000,1000,1
1123,153382646855454,1790296484340960303,29638814138780,29638814142295,1790296484104000000,1000,1
1124,153382652203819,1790296484346308669,29638819138780,29638819141517,1790296484109000000,1000,1
1125,153382656057672,1790296484350162542,29638824138780,29638824140443,1790296484114000000,1000,1
1126,153382661185029,1790296484355288907,29638829138780,29638829139369,1790296484119000000,1000,1
1127,153382666193312,1790296484360297201,29638834138780,29638834141295,1790296484124000000,1000,1
1128,153382672052899,1790296484366158230,29638839138780,29638839140258,1790296484129000000,1000,1
1129,153382676123403,1790296484370228233,29638844138780,29638844140146,1790296484134000000,1000,1
1130,153382681179585,1790296484375284715,29638849138780,29638849140776,1790296484139000000,1000,1
1131,153382686035177,1790296484380139076,29638854138780,29638854139702,1790296484144000000,1000,1
1132,153382691484726,1790296484385589586,29638859138780,29638859156406,1790296484149000000,1000,1
1133,153382697140204,1790296484391245024,29638864138780,29638864142813,1790296484154000000,1000,1
1134,153382701005370,1790296484395110240,29638869138780,29638869140850,1790296484159000000,1000,1
1135,153382706102950,1790296484400207029,29638874138780,29638874140887,1790296484164000000,1000,1
1136,153382712064088,1790296484406167906,29638879138780,29638879141702,1790296484169000000,1000,1
1137,153382716311569,1790296484410416649,29638884138780,29638884141183,1790296484174000000,1000,1
1138,153382721055349,1790296484415159157,29638889138780,29638889142109,1790296484179000000,1000,1
1139,153382726315410,1790296484420420249,29638894138780,29638894139628,1790296484184000000,1000,1
1140,153382731220295,1790296484425324493,29638899138780,29638899141072,1790296484189000000,1000,1
1141,153382736381686,1790296484430486706,29638904138780,29638904168739,1790296484194000000,1000,1
1142,153382742056620,1790296484436159597,29638909138780,29638909142295,1790296484199000000,1000,1
1143,153382746078052,1790296484440180968,29638914138780,29638914139850,1790296484204000000,1000,1
1144,153382750867830,1790296484444970836,29638919138780,29638919141109,1790296484209000000,1000,1
1145,153382756049349,1790296484450152386,29638924138780,29638924139850,1790296484214000000,1000,1
1146,153382761008188,1790296484455111215,29638929138780,29638929140591,1790296484219000000,1000,1
1147,153382765705641,1790296484459808848,29638934138780,29638934142109,1790296484224000000,1000,1
1148,153382771202689,1790296484465307690,29638939138780,29638939141257,1790296484229000000,1000,1
1149,153382776159934,1790296484470264804,29638944138780,29638944140480,1790296484234000000,1000,1
1150,153382781439050,1790296484475544191,29638949138780,29638949141109,1790296484239000000,1000,1
1151,153382787111179,1790296484481216039,29638954138780,29638954141554,1790296484244000000,1000,1
1152,153382791117331,1790296484485222191,29638959138780,29638959139665,1790296484249000000,1000,1
1153,153382796143005,1790296484490247875,29638964138780,29638964140887,1790296484254000000,1000,1
1154,153382805023607,1790296484499128697,29638969138780,29638969141665,1790296484259000000,1000,1
1155,153382806323851,1790296484500428701,29638974138780,29638974142998,1790296484264000000,1000,1
1156,153382810977951,1790296484505082781,29638979138780,29638979139813,1790296484269000000,1000,1
1157,153382816271664,1790296484510376824,29638984138780,29638984139739,1790296484274000000,1000,1
1158,153382821208872,1790296484515313722,29638989138780,29638989140961,1790296484279000000,1000,1
1159,153382826554002,1790296484520658842,29638994138780,29638994142665,1790296484284000000,1000,1
1160,153382832300704,1790296484526405904,29638999138780,29638999141850,1790296484289000000,1000,1
1161,153382836084786,1790296484530189937,29639004138780,29639004140443,1790296484294000000,1000,1
1162,153382841329816,1790296484535434997,29639009138780,29639009140739,1790296484299000000,1000,1
1163,153382846557104,1790296484540661974,29639014138780,29639014141517,1790296484304000000,1000,1
1164,153382851387037,1790296484545491887,29639019138780,29639019140665,1790296484309000000,1000,1
1165,153382856265312,1790296484550370172,29639024138780,29639024141035,1790296484314000000,1000,1
1166,153382861408871,1790296484555514042,29639029138780,29639029141591,1790296484319000000,1000,1
1167,153382866928461,1790296484561033331,29639034138780,29639034246665,1790296484324000000,1000,1
1168,153382871280871,1790296484565385731,29639039138780,29639039140183,1790296484329000000,1000,1
1169,153382875972182,1790296484570077112,29639044138780,29639044140109,1790296484334000000,1000,1
1170,153382881325357,1790296484575430187,29639049138780,29639049140665,1790296484339000000,1000,1
1171,153382886432507,1790296484580537336,29639054138780,29639054141406,1790296484344000000,1000,1
1172,153382891409108,1790296484585513998,29639059138780,29639059139591,1790296484349000000,1000,1
1173,153382896127491,1790296484590232381,29639064138780,29639064140406,1790296484354000000,1000,1
1174,153382901314832,1790296484595419692,29639069138780,29639069141480,1790296484359000000,1000,1
1175,153382906516541,1790296484600621401,29639074138780,29639074141072,1790296484364000000,1000,1
1176,153382911122109,1790296484605227029,29639079138780,29639079140739,1790296484369000000,1000,1
1177,153382916755647,1790296484610860577,29639084138780,29639084139739,1790296484374000000,1000,1
1178,153382921145075,1790296484615250175,29639089138780,29639089139887,1790296484379000000,1000,1
1179,153382926497648,1790296484620602579,29639094138780,29639094140554,1790296484384000000,1000,1
1180,153382932203414,1790296484626308254,29639099138780,29639099141109,1790296484389000000,1000,1
1181,153382936101641,1790296484630207052,29639104138780,29639104140554,1790296484394000000,1000,1
1182,153382941175368,1790296484635280238,29639109138780,29639109140776,1790296484399000000,1000,1
1183,153382946654061,1790296484640758991,29639114138780,29639114141294,1790296484404000000,1000,1
1184,153382951470630,1790296484645575761,29639119138780,29639119142109,1790296484409000000,1000,1
1185,153382956197829,1790296484650303340,29639124138780,29639124141443,1790296484414000000,1000,1
1186,153382961252268,1790296484655357138,29639129138780,29639129160406,1790296484419000000,1000,1
1187,153382966092021,1790296484660196741,29639134138780,29639134140739,1790296484424000000,1000,1
1188,153382971475033,1790296484665580534,29639139138780,29639139142517,1790296484429000000,1000,1
1189,153382977192598,1790296484671297818,29639144138780,29639144142665,1790296484434000000,1000,1
1190,153382980944548,1790296484675048426,29639149138780,29639149139480,1790296484439000000,1000,1
1191,153382986136619,1790296484680240858,29639154138780,29639154140887,1790296484444000000,1000,1
1192,153382991295796,1790296484685400796,29639159138780,29639159142331,1790296484449000000,1000,1
1193,153382996804127,1790296484690909238,29639164138780,29639164167813,1790296484454000000,1000,1
1194,153383002064205,1790296484696168895,29639169138780,29639169142961,1790296484459000000,1000,1
1195,153383007884988,1790296484701988796,29639174138780,29639174140702,1790296484464000000,1000,1
1196,153383010741411,1790296484704844397,29639179138780,29639179140924,1790296484469000000,1000,1
1197,153383017514347,1790296484711617494,29639184138780,29639184141146,1790296484474000000,1000,1
1198,153383021151330,1790296484715254477,29639189138780,29639189141294,1790296484479000000,1000,1
1199,153383025737171,1790296484719840328,29639194138780,29639194142072,1790296484484000000,1000,1
1200,153383046040131,1790296484740145121,29639199138780,29639213833294,1790296484503000000,1000,1
1201,153383046082150,1790296484740185087,29639204138780,29639214253850,1790296484504000000,1000,1
1202,153383046091568,1790296484740194454,29639209138780,29639214569072,1790296484504000000,1000,1
1203,153383046172331,1790296484740275227,29639214138780,29639214821813,1790296484504000000,1000,1
1204,153383051622650,1790296484745727500,29639219138780,29639219140183,1790296484509000000,1000,1
1205,153383056232506,1790296484750337416,29639224138780,29639224140702,1790296484514000000,1000,1
1206,153383061023656,1790296484755128606,29639229138780,29639229139554,1790296484519000000,1000,1
1207,153383066111018,1790296484760216149,29639234138780,29639234141035,1790296484524000000,1000,1
1208,153383071838001,1790296484765942931,29639239138780,29639239139961,1790296484529000000,1000,1
1209,153383076361846,1790296484770466696,29639244138780,29639244140998,1790296484534000000,1000,1
1210,153383082075824,1790296484776180865,29639249138780,29639249141813,1790296484539000000,1000,1
1211,153383086007576,1790296484780111464,29639254138780,29639254140739,1790296484544000000,1000,1
1212,153383090940585,1790296484785044524,29639259138780,29639259139517,1790296484549000000,1000,1
1213,153383096446510,1790296484790551610,29639264138780,29639264141517,1790296484554000000,1000,1
1214,153383100944074,1790296484795047792,29639269138780,29639269140591,1790296484559000000,1000,1
1215,153383106298802,1790296484800403642,29639274138780,29639274140850,1790296484564000000,1000,1
1216,153383111350247,1790296484805455047,29639279138780,29639279140220,1790296484569000000,1000,1
1217,153383116210528,1790296484810315458,29639284138780,29639284141072,1790296484574000000,1000,1
1218,153383121180298,1790296484815285118,29639289138780,29639289139998,1790296484579000000,1000,1
1219,153383126022044,1790296484820126883,29639294138780,29639294140072,1790296484584000000,1000,1
1220,153383131414274,1790296484825519154,29639299138780,29639299142442,1790296484589000000,1000,1
1221,153383136338206,1790296484830443136,29639304138780,29639304140517,1790296484594000000,1000,1
1222,153383141200711,1790296484835305821,29639309138780,29639309140294,1790296484599000000,1000,1
1223,153383146028932,1790296484840133893,29639314138780,29639314140702,1790296484604000000,1000,1
1224,153383151398218,1790296484845503448,29639319138780,29639319141813,1790296484609000000,1000,1
1225,153383156510195,1790296484850615025,29639324138780,29639324141294,1790296484614000000,1000,1
1226,153383161147784,1790296484855253054,29639329138780,29639329140739,1790296484619000000,1000,1
1227,153383165954283,1790296484860057350,29639334138780,29639334142887,1790296484624000000,1000,1
1228,153383170691952,1790296484864795109,29639339138780,29639339139591,1790296484629000000,1000,1
1229,153383175794302,1790296484869897458,29639344138780,29639344140257,1790296484634000000,1000,1
1230,153383180663401,1790296484874766557,29639349138780,29639349140887,1790296484639000000,1000,1
1231,153383186322837,1790296484880425984,29639354138780,29639354140813,1790296484644000000,1000,1
1232,153383191220559,1790296484885323706,29639359138780,29639359140998,1790296484649000000,1000,1
1233,153383196389064,1790296484890493934,29639364138780,29639364140554,1790296484654000000,1000,1
1234,153383202097964,1790296484896202904,29639369138780,29639369140516,1790296484659000000,1000,1
1235,153383206390229,1790296484900495369,29639374138780,29639374140554,1790296484664000000,1000,1
1236,153383212770352,1790296484906875222,29639379138780,29639379140109,1790296484669000000,1000,1
1237,153383216139968,1790296484910245469,29639384138780,29639384140035,1790296484674000000,1000,1
1238,153383221662845,1790296484915766633,29639389138780,29639389140702,1790296484679000000,1000,1
1239,153383225911758,1790296484920015636,29639394138780,29639394140257,1790296484684000000,1000,1
1240,153383231597162,1790296484925702032,29639399138780,29639399141220,1790296484689000000,1000,1
1241,153383236428558,1790296484930533408,29639404138780,29639404141961,1790296484694000000,1000,1
1242,153383241031002,1790296484935135841,29639409138780,29639409139628,1790296484699000000,1000,1
1243,153383246631977,1790296484940735875,29639414138780,29639414139998,1790296484704000000,1000,1
1244,153383251297591,1790296484945402430,29639419138780,29639419140665,1790296484709000000,1000,1
1245,153383256391233,1790296484950496654,29639424138780,29639424141257,1790296484714000000,1000,1
1246,153383261362214,1790296484955467444,29639429138780,29639429140887,1790296484719000000,1000,1
1247,153383266036223,1790296484960140122,29639434138780,29639434139850,1790296484724000000,1000,1
1248,153383271156438,1790296484965261207,29639439138780,29639439140850,1790296484729000000,1000,1
1249,153383277097206,1790296484971201424,29639444138780,29639444140146,1790296484734000000,1000,1
1250,153383281461108,1790296484975565957,29639449138780,29639449140813,1790296484739000000,1000,1
1251,153383286134825,1790296484980239995,29639454138780,29639454140553,1790296484744000000,1000,1
1252,153383291431011,1790296484985535941,29639459138780,29639459141368,1790296484749000000,1000,1
1253,153383296441356,1790296484990546166,29639464138780,29639464140405,1790296484754000000,1000,1
1254,153383301387430,1790296484995492129,29639469138780,29639469140665,1790296484759000000,1000,1
1255,153383306128306,1790296485000233256,29639474138780,29639474140368,1790296484764000000,1000,1
1256,153383311366793,1790296485005471964,29639479138780,29639479139850,1790296484769000000,1000,1
1257,153383316155098,1790296485010258886,29639484138780,29639484140442,1790296484774000000,1000,1
1258,153383321263919,1790296485015367817,29639489138780,29639489143998,1790296484779000000,1000,1
1259,153383325994284,1790296485020098102,29639494138780,29639494139776,1790296484784000000,1000,1
1260,153383330888270,1790296485024992168,29639499138780,29639499139628,1790296484789000000,1000,1
1261,153383336459608,1790296485030564458,29639504138780,29639504142813,1790296484794000000,1000,1
1262,153383341393470,1790296485035498330,29639509138780,29639509142294,1790296484799000000,1000,1
1263,153383346277095,1790296485040381955,29639514138780,29639514140850,1790296484804000000,1000,1
1264,153383351198112,1790296485045302952,29639519138780,29639519140442,1790296484809000000,1000,1
1265,153383356494078,1790296485050599089,29639524138780,29639524141924,1790296484814000000,1000,1
1266,153383361306810,1790296485055410729,29639529138780,29639529141850,1790296484819000000,1000,1
1267,153383366444617,1790296485060549517,29639534138780,29639534159257,1790296484824000000,1000,1
1268,153383371101243,1790296485065206173,29639539138780,29639539139331,1790296484829000000,1000,1
1269,153383376378425,1790296485070483305,29639544138780,29639544140516,1790296484834000000,1000,1
1270,153383381300673,1790296485075404551,29639549138780,29639549140590,1790296484839000000,1000,1
1271,153383386994874,1790296485081100085,29639554138780,29639554140590,1790296484844000000,1000,1
1272,153383391299832,1790296485085404762,29639559138780,29639559140479,1790296484849000000,1000,1
1273,153383396095513,1790296485090200733,29639564138780,29639564139924,1790296484854000000,1000,1
1274,153383401600586,1790296485095705486,29639569138780,29639569142590,1790296484859000000,1000,1
1275,153383406454987,1790296485100559937,29639574138780,29639574140257,1790296484864000000,1000,1
1276,153383411307232,1790296485105412353,29639579138780,29639579148924,1790296484869000000,1000,1
1277,153383418418158,1790296485112523008,29639584138780,29639584139776,1790296484874000000,1000,1
1278,153383421041219,1790296485115145348,29639589138780,29639589140590,1790296484879000000,1000,1
1279,153383427347771,1790296485121452611,29639594138780,29639594141553,1790296484884000000,1000,1
1280,153383432102614,1790296485126207434,29639599138780,29639599141072,1790296484889000000,1000,1
1281,153383436109828,1790296485130214708,29639604138780,29639604140739,1790296484894000000,1000,1
1282,153383441062035,1790296485135167155,29639609138780,29639609140368,1790296484899000000,1000,1
1283,153383446812903,1790296485140917723,29639614138780,29639614141887,1790296484904000000,1000,1
1284,153383451571533,1790296485145676423,29639619138780,29639619141368,1790296484909000000,1000,1
1285,153383456775134,1790296485150879994,29639624138780,29639624143183,1790296484914000000,1000,1
1286,153383461262328,1790296485155367178,29639629138780,29639629140479,1790296484919000000,1000,1
1287,153383466220566,1790296485160325386,29639634138780,29639634139331,1790296484924000000,1000,1
1288,153383471603449,1790296485165708650,29639639138780,29639639141813,1790296484929000000,1000,1
1289,153383477486670,1790296485171590478,29639644138780,29639644140776,1790296484934000000,1000,1
1290,153383482006987,1790296485176110905,29639649138780,29639649140590,1790296484939000000,1000,1
1291,153383486486856,1790296485180592398,29639654138780,29639654140739,1790296484944000000,1000,1
1292,153383491434763,1790296485185538701,29639659138780,29639659140702,1790296484949000000,1000,1
1293,153383496484094,1790296485190589024,29639664138780,29639664141405,1790296484954000000,1000,1
1294,153383501574040,1790296485195678960,29639669138780,29639669283961,1790296484959000000,1000,1
1295,153383506106761,1790296485200210950,29639674138780,29639674140479,1790296484964000000,1000,1
1296,153383511594272,1790296485205699121,29639679138780,29639679140109,1790296484969000000,1000,1
1297,153383516431919,1790296485210537380,29639684138780,29639684141146,1790296484974000000,1000,1
1298,153383521527588,1790296485215632458,29639689138780,29639689140998,1790296484979000000,1000,1
1299,153383526169314,1790296485220273232,29639694138780,29639694140850,1790296484984000000,1000,1
1300,153383531299157,1790296485225403987,29639699138780,29639699140183,1790296484989000000,1000,1
1301,153383536697239,1790296485230802169,29639704138780,29639704141257,1790296484994000000,1000,1
1302,153383541591193,1790296485235695963,29639709138780,29639709141813,1790296484999000000,1000,1
1303,153383546695046,1790296485240799905,29639714138780,29639714140813,1790296485004000000,1000,1
1304,153383551412868,1790296485245517858,29639719138780,29639719139627,1790296485009000000,1000,1
1305,153383556993334,1790296485251098183,29639724138780,29639724140479,1790296485014000000,1000,1
1306,153383561394153,1790296485255498983,29639729138780,29639729139479,1790296485019000000,1000,1
1307,153383566433205,1790296485260538155,29639734138780,29639734139924,1790296485024000000,1000,1
1308,153383571774459,1790296485265879309,29639739138780,29639739141516,1790296485029000000,1000,1
1309,153383577491544,1790296485271596384,29639744138780,29639744142738,1790296485034000000,1000,1
1310,153383581263953,1790296485275368773,29639749138780,29639749139850,1790296485039000000,1000,1
1311,153383586110167,1790296485280215087,29639754138780,29639754139813,1790296485044000000,1000,1
1312,153383591463524,1790296485285568243,29639759138780,29639759141479,1790296485049000000,1000,1
1313,153383596820175,1790296485290924985,29639764138780,29639764142924,1790296485054000000,1000,1
1314,153383601349139,1790296485295453048,29639769138780,29639769340701,1790296485059000000,1000,1
1315,153383606206986,1790296485300311225,29639774138780,29639774141035,1790296485064000000,1000,1
1316,153383610996514,1790296485305101163,29639779138780,29639779140294,1790296485069000000,1000,1
1317,153383616437435,1790296485310542275,29639784138780,29639784141998,1790296485074000000,1000,1
1318,153383623717362,1790296485317822202,29639789138780,29639789141924,1790296485079000000,1000,1
1319,153383626110988,1790296485320214896,29639794138780,29639794140775,1790296485084000000,1000,1
1320,153383631769744,1790296485325873632,29639799138780,29639799140146,1790296485089000000,1000,1
1321,153383636423032,1790296485330528203,29639804138780,29639804148998,1790296485094000000,1000,1
1322,153383641410725,1790296485335516276,29639809138780,29639809142294,1790296485099000000,1000,1
1323,153383646175786,1790296485340279694,29639814138780,29639814338183,1790296485104000000,1000,1
1324,153383651245784,1790296485345350634,29639819138780,29639819139442,1790296485109000000,1000,1
1325,153383656071200,1790296485350176110,29639824138780,29639824140146,1790296485114000000,1000,1
1326,153383661806679,1790296485355911549,29639829138780,29639829140331,1790296485119000000,1000,1
1327,153383666374526,1790296485360478324,29639834138780,29639834140183,1790296485124000000,1000,1
1328,153383671201266,1790296485365306105,29639839138780,29639839140813,1790296485129000000,1000,1
1329,153383676085221,1790296485370190111,29639844138780,29639844140183,1790296485134000000,1000,1
1330,153383681589212,1790296485375694061,29639849138780,29639849149850,1790296485139000000,1000,1
1331,153383686294761,1790296485380399681,29639854138780,29639854142664,1790296485144000000,1000,1
1332,153383691148489,1790296485385253249,29639859138780,29639859140442,1790296485149000000,1000,1
1333,153383695989263,1790296485390093151,29639864138780,29639864140627,1790296485154000000,1000,1
1334,153383701252429,1790296485395357579,29639869138780,29639869140590,1790296485159000000,1000,1
1335,153383706536302,1790296485400640210,29639874138780,29639874140442,1790296485164000000,1000,1
1336,153383712187612,1790296485406292352,29639879138780,29639879141035,1790296485169000000,1000,1
1337,153383716267333,1790296485410372474,29639884138780,29639884140331,1790296485174000000,1000,1
1338,153383721062220,1790296485415166118,29639889138780,29639889140553,1790296485179000000,1000,1
1339,153383726713521,1790296485420817409,29639894138780,29639894142109,1790296485184000000,1000,1
1340,153383731647311,1790296485425752181,29639899138780,29639899141220,1790296485189000000,1000,1
1341,153383736070455,1790296485430174243,29639904138780,29639904141701,1790296485194000000,1000,1
1342,153383741081231,1790296485435185119,29639909138780,29639909139850,1790296485199000000,1000,1
1343,153383746040070,1790296485440143938,29639914138780,29639914140850,1790296485204000000,1000,1
1344,153383751491912,1790296485445596751,29639919138780,29639919142405,1790296485209000000,1000,1
1345,153383757262860,1790296485451366738,29639924138780,29639924142405,1790296485214000000,1000,1
1346,153383761303868,1790296485455407766,29639929138780,29639929140257,1790296485219000000,1000,1
1347,153383766038922,1790296485460142800,29639934138780,29639934139442,1790296485224000000,1000,1
1348,153383771586506,1790296485465691396,29639939138780,29639939157257,1790296485229000000,1000,1
1349,153383776314516,1790296485470419376,29639944138780,29639944141812,1790296485234000000,1000,1
1350,153383781305376,1790296485475409614,29639949138780,29639949141738,1790296485239000000,1000,1
1351,153383786595351,1790296485480699259,29639954138780,29639954140775,1790296485244000000,1000,1
1352,153383791127610,1790296485485232450,29639959138780,29639959140775,1790296485249000000,1000,1
1353,153383796382290,1790296485490486078,29639964138780,29639964141183,1790296485254000000,1000,1
1354,153383801939181,1790296485496043090,29639969138780,29639969140405,1790296485259000000,1000,1
1355,153383806009706,1790296485500113614,29639974138780,29639974140701,1790296485264000000,1000,1
1356,153383811112497,1790296485505217407,29639979138780,29639979140701,1790296485269000000,1000,1
1357,153383816373328,1790296485510477888,29639984138780,29639984153220,1790296485274000000,1000,1
1358,153383821385678,1790296485515489506,29639989138780,29639989141627,1790296485279000000,1000,1
1359,153383828456581,1790296485522561611,29639994138780,29639994139812,1790296485284000000,1000,1
1360,153383831222342,1790296485525327472,29639999138780,29639999140812,1790296485289000000,1000,1
1361,153383836848013,1790296485530953083,29640004138780,29640004139998,1790296485294000000,1000,1
1362,153383841436018,1790296485535539916,29640009138780,29640009141738,1790296485299000000,1000,1
1363,153383847273331,1790296485541378171,29640014138780,29640014140331,1790296485304000000,1000,1
1364,153383851694821,1790296485545799681,29640019138780,29640019140998,1790296485309000000,1000,1
1365,153383856184689,1790296485550289539,29640024138780,29640024140035,1790296485314000000,1000,1
1366,153383861243188,1790296485555348058,29640029138780,29640029199998,1790296485319000000,1000,1
1367,153383866246109,1790296485560349987,29640034138780,29640034141590,1790296485324000000,1000,1
1368,153383871269659,1790296485565375090,29640039138780,29640039140961,1790296485329000000,1000,1
1369,153383876495863,1790296485570601013,29640044138780,29640044140516,1790296485334000000,1000,1
1370,153383881358919,1790296485575463819,29640049138780,29640049140738,1790296485339000000,1000,1
1371,153383886266010,1790296485580371221,29640054138780,29640054140109,1790296485344000000,1000,1
1372,153383891314900,1790296485585419740,29640059138780,29640059140109,1790296485349000000,1000,1
1373,153383896513812,1790296485590618742,29640064138780,29640064140849,1790296485354000000,1000,1
1374,153383901272220,1790296485595377150,29640069138780,29640069142072,1790296485359000000,1000,1
1375,153383906959710,1790296485601064911,29640074138780,29640074156109,1790296485364000000,1000,1
1376,153383911293363,1790296485605398403,29640079138780,29640079139998,1790296485369000000,1000,1
1377,153383915997810,1790296485610102680,29640084138780,29640084140109,1790296485374000000,1000,1
1378,153383921439372,1790296485615544222,29640089138780,29640089142664,1790296485379000000,1000,1
1379,153383931338154,1790296485625443134,29640094138780,29640094140738,1790296485384000000,1000,1
1380,153383931382017,1790296485625484963,29640099138780,29640099140146,1790296485389000000,1000,1
1381,153383936121709,1790296485630226649,29640104138780,29640104140590,1790296485394000000,1000,1
1382,153383941636031,1790296485635740871,29640109138780,29640109141220,1790296485399000000,1000,1
1383,153383946213746,1790296485640318906,29640114138780,29640114139701,1790296485404000000,1000,1
1384,153383951479968,1790296485645584888,29640119138780,29640119152998,1790296485409000000,1000,1
1385,153383956570337,1790296485650675277,29640124138780,29640124142109,1790296485414000000,1000,1
1386,153383961018757,1790296485655123627,29640129138780,29640129140442,1790296485419000000,1000,1
1387,153383966473684,1790296485660578424,29640134138780,29640134140109,1790296485424000000,1000,1
1388,153383971087087,1790296485665191947,29640139138780,29640139140960,1790296485429000000,1000,1
1389,153383976369821,1790296485670475071,29640144138780,29640144141960,1790296485434000000,1000,1
1390,153383982117924,1790296485676223085,29640149138780,29640149142849,1790296485439000000,1000,1
1391,153383986164304,1790296485680268112,29640154138780,29640154140849,1790296485444000000,1000,1
1392,153383990920557,1790296485685024816,29640159138780,29640159140701,1790296485449000000,1000,1
1393,153383997465072,1790296485691570272,29640164138780,29640164139960,1790296485454000000,1000,1
1394,153384001701901,1790296485695806771,29640169138780,29640169140553,1790296485459000000,1000,1
1395,153384005942597,1790296485700047197,29640174138780,29640174140701,1790296485464000000,1000,1
1396,153384010876257,1790296485704980826,29640179138780,29640179139960,1790296485469000000,1000,1
1397,153384015671785,1790296485709774721,29640184138780,29640184139479,1790296485474000000,1000,1
1398,153384021140781,1790296485715243667,29640189138780,29640189142960,1790296485479000000,1000,1
1399,153384025867759,1790296485719970686,29640194138780,29640194142775,1790296485484000000,1000,1
1400,153384050003291,1790296485744108522,29640199138780,29640217809553,1790296485507000000,1000,1
1401,153384050045771,1790296485744148698,29640204138780,29640218219997,1790296485508000000,1000,1
1402,153384050053616,1790296485744156493,29640209138780,29640218523516,1790296485508000000,1000,1
1403,153384050196397,1790296485744299363,29640214138780,29640218784664,1790296485508000000,1000,1
1404,153384050879161,1790296485744983931,29640219138780,29640219140479,1790296485509000000,1000,1
1405,153384056562614,1790296485750667484,29640224138780,29640224140886,1790296485514000000,1000,1
1406,153384062604454,1790296485756709404,29640229138780,29640229140923,1790296485519000000,1000,1
1407,153384066095581,1790296485760200712,29640234138780,29640234140331,1790296485524000000,1000,1
1408,153384071271841,1790296485765376711,29640239138780,29640239139997,1790296485529000000,1000,1
1409,153384076593859,1790296485770698999,29640244138780,29640244140812,1790296485534000000,1000,1
1410,153384081346856,1790296485775452117,29640249138780,29640249141775,1790296485539000000,1000,1
1411,153384086237616,1790296485780343047,29640254138780,29640254141034,1790296485544000000,1000,1
1412,153384090859976,1790296485784965077,29640259138780,29640259139812,1790296485549000000,1000,1
1413,153384096758216,1790296485790863066,29640264138780,29640264140034,1790296485554000000,1000,1
1414,153384101344888,1790296485795450349,29640269138780,29640269140183,1790296485559000000,1000,1
1415,153384107376658,1790296485801481528,29640274138780,29640274142849,1790296485564000000,1000,1
1416,153384111080259,1790296485805185419,29640279138780,29640279140960,1790296485569000000,1000,1
1417,153384116024791,1790296485810129871,29640284138780,29640284140516,1790296485574000000,1000,1
1418,153384121461123,1790296485815565793,29640289138780,29640289142257,1790296485579000000,1000,1
1419,153384126303881,1790296485820408911,29640294138780,29640294142960,1790296485584000000,1000,1
1420,153384131996521,1790296485826101371,29640299138780,29640299140627,1790296485589000000,1000,1
1421,153384136716025,1790296485830820905,29640304138780,29640304139479,1790296485594000000,1000,1
1422,153384141224649,1790296485835329860,29640309138780,29640309140849,1790296485599000000,1000,1
1423,153384146728522,1790296485840833472,29640314138780,29640314143368,1790296485604000000,1000,1
1424,153384152066718,1790296485846171458,29640319138780,29640319140516,1790296485609000000,1000,1
1425,153384156098210,1790296485850203070,29640324138780,29640324139923,1790296485614000000,1000,1
1426,153384161004157,1790296485855108927,29640329138780,29640329140775,1790296485619000000,1000,1
1427,153384166171310,1790296485860275178,29640334138780,29640334141294,1790296485624000000,1000,1
1428,153384171280032,1790296485865384882,29640339138780,29640339141516,1790296485629000000,1000,1
1429,153384176762882,1790296485870867682,29640344138780,29640344322257,1790296485634000000,1000,1
1430,153384181217596,1790296485875322526,29640349138780,29640349139627,1790296485639000000,1000,1
1431,153384185886183,1790296485879990112,29640354138780,29640354139590,1790296485644000000,1000,1
1432,153384191388250,1790296485885493090,29640359138780,29640359140516,1790296485649000000,1000,1
1433,153384196428201,1790296485890533051,29640364138780,29640364142516,1790296485654000000,1000,1
1434,153384200905408,1790296485895010238,29640369138780,29640369140368,1790296485659000000,1000,1
1435,153384206025962,1790296485900130812,29640374138780,29640374140516,1790296485664000000,1000,1
1436,153384211522120,1790296485905626949,29640379138780,29640379141738,1790296485669000000,1000,1
1437,153384216415924,1790296485910520864,29640384138780,29640384141738,1790296485674000000,1000,1
1438,153384221052881,1790296485915156679,29640389138780,29640389356590,1790296485679000000,1000,1
1439,153384225755424,1790296485919858731,29640394138780,29640394140479,1790296485684000000,1000,1
1440,153384231103070,1790296485925208010,29640399138780,29640399139294,1790296485689000000,1000,1
1441,153384236330296,1790296485930435196,29640404138780,29640404141071,1790296485694000000,1000,1
1442,153384241361161,1790296485935465971,29640409138780,29640409141331,1790296485699000000,1000,1
1443,153384247034934,1790296485941139814,29640414138780,29640414140627,1790296485704000000,1000,1
1444,153384251030616,1790296485945135546,29640419138780,29640419140627,1790296485709000000,1000,1
1445,153384256708949,1790296485950814390,29640424138780,29640424143145,1790296485714000000,1000,1
1446,153384261266396,1790296485955371256,29640429138780,29640429141220,1790296485719000000,1000,1
1447,153384266363858,1790296485960467766,29640434138780,29640434142108,1790296485724000000,1000,1
1448,153384271326365,1790296485965431826,29640439138780,29640439140775,1790296485729000000,1000,1
1449,153384276280773,1790296485970385904,29640444138780,29640444278108,1790296485734000000,1000,1
1450,153384281327588,1790296485975431446,29640449138780,29640449139849,1790296485739000000,1000,1
1451,153384285767532,1790296485979871740,29640454138780,29640454139516,1790296485744000000,1000,1
1452,153384291191402,1790296485985296412,29640459138780,29640459141812,1790296485749000000,1000,1
1453,153384296395053,1790296485990499953,29640464138780,29640464204220,1790296485754000000,1000,1
1454,153384301779930,1790296485995883828,29640469138780,29640469139923,1790296485759000000,1000,1
1455,153384305909726,1790296486000013614,29640474138780,29640474140220,1790296485764000000,1000,1
1456,153384311798577,1790296486005903528,29640479138780,29640479140331,1790296485769000000,1000,1
1457,153384316269861,1790296486010374771,29640484138780,29640484141701,1790296485774000000,1000,1
1458,153384321418889,1790296486015522677,29640489138780,29640489342182,1790296485779000000,1000,1
1459,153384326144796,1790296486020250378,29640494138780,29640494139738,1790296485784000000,1000,1
1460,153384331172294,1790296486025277525,29640499138780,29640499140034,1790296485789000000,1000,1
1461,153384340141141,1790296486034245960,29640504138780,29640504140442,1790296485794000000,1000,1
1462,153384341446816,1790296486035552307,29640509138780,29640509140516,1790296485799000000,1000,1
1463,153384346289775,1790296486040393664,29640514138780,29640514139886,1790296485804000000,1000,1
1464,153384351133607,1790296486045238777,29640519138780,29640519140553,1790296485809000000,1000,1
1465,153384356244563,1790296486050349392,29640524138780,29640524141108,1790296485814000000,1000,1
1466,153384361213259,1790296486055317157,29640529138780,29640529141442,1790296485819000000,1000,1
1467,153384366178208,1790296486060282977,29640534138780,29640534234923,1790296485824000000,1000,1
1468,153384371254760,1790296486065359620,29640539138780,29640539140071,1790296485829000000,1000,1
1469,153384376197898,1790296486070302798,29640544138780,29640544140405,1790296485834000000,1000,1
1470,153384381553489,1790296486075657688,29640549138780,29640549140331,1790296485839000000,1000,1
1471,153384386444729,1790296486080549558,29640554138780,29640554142442,1790296485844000000,1000,1
1472,153384391327544,1790296486085432374,29640559138780,29640559140738,1790296485849000000,1000,1
1473,153384396032831,1790296486090137911,29640564138780,29640564140034,1790296485854000000,1000,1
1474,153384401488280,1790296486095593020,29640569138780,29640569142405,1790296485859000000,1000,1
1475,153384405998859,1790296486100101996,29640574138780,29640574141849,1790296485864000000,1000,1
1476,153384410892002,1790296486104995038,29640579138780,29640579140145,1790296485869000000,1000,1
1477,153384416248635,1790296486110353455,29640584138780,29640584140516,1790296485874000000,1000,1
1478,153384421041548,1790296486115146398,29640589138780,29640589140516,1790296485879000000,1000,1
1479,153384426379965,1790296486120484814,29640594138780,29640594140368,1790296485884000000,1000,1
1480,153384432103784,1790296486126208925,29640599138780,29640599141553,1790296485889000000,1000,1
1481,153384436308424,1790296486130413274,29640604138780,29640604139923,1790296485894000000,1000,1
1482,153384441758883,1790296486135863813,29640609138780,29640609140997,1790296485899000000,1000,1
1483,153384446544823,1790296486140649643,29640614138780,29640614140516,1790296485904000000,1000,1
1484,153384452038195,1790296486146143055,29640619138780,29640619141886,1790296485909000000,1000,1
1485,153384456477649,1790296486150582549,29640624138780,29640624140108,1790296485914000000,1000,1
1486,153384461324185,1790296486155429095,29640629138780,29640629140997,1790296485919000000,1000,1
1487,153384466008161,1790296486160112991,29640634138780,29640634140886,1790296485924000000,1000,1
1488,153384471459093,1790296486165564283,29640639138780,29640639141738,1790296485929000000,1000,1
1489,153384476511978,1790296486170616888,29640644138780,29640644142886,1790296485934000000,1000,1
1490,153384480962442,1790296486175067493,29640649138780,29640649140997,1790296485939000000,1000,1
1491,153384486100361,1790296486180205472,29640654138780,29640654140368,1790296485944000000,1000,1
1492,153384491517177,1790296486185621886,29640659138780,29640659154034,1790296485949000000,1000,1
1493,153384496438603,1790296486190543423,29640664138780,29640664142590,1790296485954000000,1000,1
1494,153384501703571,1790296486195808701,29640669138780,29640669361923,1790296485959000000,1000,1
1495,153384506921892,1790296486201026792,29640674138780,29640674140442,1790296485964000000,1000,1
1496,153384510915080,1790296486205019239,29640679138780,29640679139738,1790296485969000000,1000,1
1497,153384516462242,1790296486210567072,29640684138780,29640684142997,1790296485974000000,1000,1
1498,153384522087334,1790296486216192535,29640689138780,29640689142256,1790296485979000000,1000,1
1499,153384526190531,1790296486220294419,29640694138780,29640694140923,1790296485984000000,1000,1
1500,153384531023951,1790296486225128791,29640699138780,29640699140627,1790296485989000000,1000,1
1501,153384536460865,1790296486230565975,29640704138780,29640704147738,1790296485994000000,1000,1
1502,153384543776040,1790296486237881181,29640709138780,29640709165738,1790296485999000000,1000,1
1503,153384546184735,1790296486240289565,29640714138780,29640714140256,1790296486004000000,1000,1
1504,153384551338051,1790296486245442931,29640719138780,29640719139516,1790296486009000000,1000,1
1505,153384556527044,1790296486250631854,29640724138780,29640724140997,1790296486014000000,1000,1
1506,153384561335316,1790296486255440156,29640729138780,29640729142034,1790296486019000000,1000,1
1507,153384566553467,1790296486260658277,29640734138780,29640734140516,1790296486024000000,1000,1
1508,153384571128789,1790296486265233990,29640739138780,29640739140034,1790296486029000000,1000,1
1509,153384576096313,1790296486270201133,29640744138780,29640744140256,1790296486034000000,1000,1
1510,153384581209463,1790296486275314523,29640749138780,29640749141219,1790296486039000000,1000,1
1511,153384587363608,1790296486281468468,29640754138780,29640754141256,1790296486044000000,1000,1
1512,153384591089369,1790296486285194219,29640759138780,29640759140738,1790296486049000000,1000,1
1513,153384596104122,1790296486290209273,29640764138780,29640764141034,1790296486054000000,1000,1
1514,153384601316109,1790296486295421169,29640769138780,29640769142145,1790296486059000000,1000,1
1515,153384606310846,1790296486300415675,29640774138780,29640774140590,1790296486064000000,1000,1
1516,153384611285534,1790296486305390634,29640779138780,29640779141960,1790296486069000000,1000,1
1517,153384616195629,1790296486310300759,29640784138780,29640784140553,1790296486074000000,1000,1
1518,153384621161351,1790296486315266211,29640789138780,29640789140442,1790296486079000000,1000,1
1519,153384626512221,1790296486320617262,29640794138780,29640794142405,1790296486084000000,1000,1
1520,153384631756111,1790296486325860761,29640799138780,29640799142479,1790296486089000000,1000,1
1521,153384636539839,1790296486330644679,29640804138780,29640804140293,1790296486094000000,1000,1
1522,153384641144154,1790296486335249014,29640809138780,29640809140405,1790296486099000000,1000,1
1523,153384646423339,1790296486340528219,29640814138780,29640814139812,1790296486104000000,1000,1
1524,153384651699619,1790296486345804529,29640819138780,29640819141775,1790296486109000000,1000,1
1525,153384657089856,1790296486351195007,29640824138780,29640824140442,1790296486114000000,1000,1
1526,153384661481829,1790296486355587301,29640829138780,29640829142034,1790296486119000000,1000,1
1527,153384666094621,1790296486360199501,29640834138780,29640834140405,1790296486124000000,1000,1
1528,153384671156414,1790296486365261264,29640839138780,29640839140701,1790296486129000000,1000,1
1529,153384676063946,1790296486370168726,29640844138780,29640844139701,1790296486134000000,1000,1
1530,153384681323454,1790296486375428274,29640849138780,29640849139923,1790296486139000000,1000,1
1531,153384686525103,1790296486380629963,29640854138780,29640854141812,1790296486144000000,1000,1
1532,153384691392279,1790296486385497109,29640859138780,29640859340442,1790296486149000000,1000,1
1533,153384696180804,1790296486390286255,29640864138780,29640864139960,1790296486154000000,1000,1
1534,153384701104905,1790296486395209825,29640869138780,29640869139849,1790296486159000000,1000,1
1535,153384706472457,1790296486400577287,29640874138780,29640874141367,1790296486164000000,1000,1
1536,153384711436006,1790296486405541176,29640879138780,29640879142442,1790296486169000000,1000,1
1537,153384716159008,1790296486410263858,29640884138780,29640884140182,1790296486174000000,1000,1
1538,153384721207355,1790296486415312125,29640889138780,29640889140367,1790296486179000000,1000,1
1539,153384726269358,1790296486420373256,29640894138780,29640894142812,1790296486184000000,1000,1
1540,153384731381367,1790296486425485285,29640899138780,29640899141923,1790296486189000000,1000,1
1541,153384736342960,1790296486430447800,29640904138780,29640904391145,1790296486194000000,1000,1
1542,153384741229601,1790296486435334461,29640909138780,29640909139627,1790296486199000000,1000,1
1543,153384749470692,1790296486443575652,29640914138780,29640914140441,1790296486204000000,1000,1
1544,153384751587163,1790296486445692093,29640919138780,29640919140849,1790296486209000000,1000,1
1545,153384756907725,1790296486451012806,29640924138780,29640924140034,1790296486214000000,1000,1
1546,153384761336198,1790296486455440937,29640929138780,29640929141219,1790296486219000000,1000,1
1547,153384766024784,1790296486460129624,29640934138780,29640934140627,1790296486224000000,1000,1
1548,153384770924641,1790296486465029892,29640939138780,29640939140627,1790296486229000000,1000,1
1549,153384776025047,1790296486470128213,29640944138780,29640944142701,1790296486234000000,1000,1
1550,153384781961637,1790296486476064804,29640949138780,29640949141553,1790296486239000000,1000,1
1551,153384786093648,1790296486480197927,29640954138780,29640954139664,1790296486244000000,1000,1
1552,153384791119705,1790296486485224595,29640959138780,29640959140849,1790296486249000000,1000,1
1553,153384796384412,1790296486490489352,29640964138780,29640964143182,1790296486254000000,1000,1
1554,153384801376813,1790296486495481753,29640969138780,29640969140701,1790296486259000000,1000,1
1555,153384806516954,1790296486500621844,29640974138780,29640974140108,1790296486264000000,1000,1
1556,153384811250836,1790296486505356017,29640979138780,29640979141478,1790296486269000000,1000,1
1557,153384816044481,1790296486510149551,29640984138780,29640984139664,1790296486274000000,1000,1
1558,153384821390643,1790296486515494862,29640989138780,29640989140923,1790296486279000000,1000,1
1559,153384825937310,1790296486520041198,29640994138780,29640994140219,1790296486284000000,1000,1
1560,153384831347453,1790296486525452373,29640999138780,29640999140627,1790296486289000000,1000,1
1561,153384836947528,1790296486531051436,29641004138780,29641004142960,1790296486294000000,1000,1
1562,153384841367685,1790296486535471513,29641009138780,29641009140145,1790296486299000000,1000,1
1563,153384845951623,1790296486540055521,29641014138780,29641014139886,1790296486304000000,1000,1
1564,153384851496871,1790296486545601711,29641019138780,29641019139960,1790296486309000000,1000,1
1565,153384856393813,1790296486550498974,29641024138780,29641024140738,1790296486314000000,1000,1
1566,153384862163247,1790296486556268097,29641029138780,29641029142960,1790296486319000000,1000,1
1567,153384866121620,1790296486560225879,29641034138780,29641034139664,1790296486324000000,1000,1
1568,153384871229671,1790296486565334561,29641039138780,29641039140367,1790296486329000000,1000,1
1569,153384876480131,1790296486570585462,29641044138780,29641044141997,1790296486334000000,1000,1
1570,153384881233180,1790296486575337108,29641049138780,29641049142367,1790296486339000000,1000,1
1571,153384886209050,1790296486580313289,29641054138780,29641054140553,1790296486344000000,1000,1
1572,153384891301632,1790296486585406492,29641059138780,29641059140960,1790296486349000000,1000,1
1573,153384896299874,1790296486590404714,29641064138780,29641064140553,1790296486354000000,1000,1
1574,153384901321581,1790296486595426461,29641069138780,29641069142330,1790296486359000000,1000,1
1575,153384906073699,1790296486600177627,29641074138780,29641074141182,1790296486364000000,1000,1
1576,153384911385798,1790296486605490648,29641079138780,29641079140330,1790296486369000000,1000,1
1577,153384916250126,1790296486610354976,29641084138780,29641084142849,1790296486374000000,1000,1
1578,153384921300167,1790296486615405006,29641089138780,29641089140923,1790296486379000000,1000,1
1579,153384925959118,1790296486620063036,29641094138780,29641094140034,1790296486384000000,1000,1
1580,153384931375593,1790296486625479511,29641099138780,29641099140182,1790296486389000000,1000,1
1581,153384935981884,1790296486630086073,29641104138780,29641104142849,1790296486394000000,1000,1
1582,153384941185275,1790296486635289213,29641109138780,29641109393775,1790296486399000000,1000,1
1583,153384946305148,1790296486640409057,29641114138780,29641114139775,1790296486404000000,1000,1
1584,153384954908706,1790296486649013586,29641119138780,29641119140738,1790296486409000000,1000,1
1585,153384956557531,1790296486650662782,29641124138780,29641124141627,1790296486414000000,1000,1
1586,153384962399743,1790296486656504592,29641129138780,29641129140071,1790296486419000000,1000,1
1587,153384966497839,1790296486660603019,29641134138780,29641134140108,1790296486424000000,1000,1
1588,153384971043152,1790296486665148363,29641139138780,29641139139960,1790296486429000000,1000,1
1589,153384976406286,1790296486670511126,29641144138780,29641144139960,1790296486434000000,1000,1
1590,153384981265045,1790296486675369935,29641149138780,29641149141590,1790296486439000000,1000,1
1591,153384986264099,1790296486680367997,29641154138780,29641154385108,1790296486444000000,1000,1
1592,153384991046754,1790296486685151604,29641159138780,29641159140441,1790296486449000000,1000,1
1593,153384996123547,1790296486690228667,29641164138780,29641164140071,1790296486454000000,1000,1
1594,153385001424232,1790296486695529232,29641169138780,29641169141256,1790296486459000000,1000,1
1595,153385006599159,1790296486700704009,29641174138780,29641174141034,1790296486464000000,1000,1
1596,153385010792796,1790296486704896915,29641179138780,29641179140627,1790296486469000000,1000,1
1597,153385016028420,1790296486710131626,29641184138780,29641184139923,1790296486474000000,1000,1
1598,153385021012104,1790296486715115271,29641189138780,29641189141219,1790296486479000000,1000,1
1599,153385026372714,1790296486720476632,29641194138780,29641194141552,1790296486484000000,1000,1
1600,153385051933718,1790296486746038618,29641199138780,29641219755034,1790296486509000000,1000,1
1601,153385051998140,1790296486746101107,29641204138780,29641220191367,1790296486510000000,1000,1
1602,153385052033407,1790296486746136283,29641209138780,29641220514441,1790296486510000000,1000,1
1603,153385052752360,1790296486746857190,29641214138780,29641220768960,1790296486510000000,1000,1
1604,153385052812904,1790296486746915801,29641219138780,29641221023886,1790296486510000000,1000,1
1605,153385056194333,1790296486750298261,29641224138780,29641224140701,1790296486514000000,1000,1
1606,153385061266166,1790296486755371056,29641229138780,29641229142108,1790296486519000000,1000,1
1607,153385066580988,1790296486760685828,29641234138780,29641234140367,1790296486524000000,1000,1
1608,153385071225741,1790296486765330601,29641239138780,29641239139775,1790296486529000000,1000,1
1609,153385076275192,1790296486770380042,29641244138780,29641244140775,1790296486534000000,1000,1
1610,153385081060220,1790296486775165171,29641249138780,29641249139478,1790296486539000000,1000,1
1611,153385086394760,1790296486780499880,29641254138780,29641254139441,1790296486544000000,1000,1
1612,153385091392591,1790296486785497721,29641259138780,29641259141960,1790296486549000000,1000,1
1613,153385097238953,1790296486791343842,29641264138780,29641264140034,1790296486554000000,1000,1
1614,153385101072067,1790296486795177067,29641269138780,29641269141219,1790296486559000000,1000,1
1615,153385106120764,1790296486800225875,29641274138780,29641274140182,1790296486564000000,1000,1
1616,153385111416019,1790296486805520809,29641279138780,29641279140293,1790296486569000000,1000,1
1617,153385116239272,1790296486810344192,29641284138780,29641284142293,1790296486574000000,1000,1
1618,153385121222996,1790296486815327836,29641289138780,29641289140552,1790296486579000000,1000,1
1619,153385126032261,1790296486820137191,29641294138780,29641294139626,1790296486584000000,1000,1
1620,153385131035513,1790296486825140744,29641299138780,29641299139997,1790296486589000000,1000,1
1621,153385136648400,1790296486830753481,29641304138780,29641304141589,1790296486594000000,1000,1
1622,153385142123428,1790296486836228298,29641309138780,29641309141478,1790296486599000000,1000,1
1623,153385146091889,1790296486840196739,29641314138780,29641314139997,1790296486604000000,1000,1
1624,153385151038843,1790296486845143693,29641319138780,29641319140663,1790296486609000000,1000,1
1625,153385158525301,1790296486852630231,29641324138780,29641324141145,1790296486614000000,1000,1
1626,153385161296774,1790296486855401885,29641329138780,29641329140478,1790296486619000000,1000,1
1627,153385166854537,1790296486860959687,29641334138780,29641334139663,1790296486624000000,1000,1
1628,153385170705865,1790296486864809032,29641339138780,29641339139552,1790296486629000000,1000,1
1629,153385175628716,1790296486869731873,29641344138780,29641344139812,1790296486634000000,1000,1
1630,153385181047936,1790296486875151103,29641349138780,29641349140886,1790296486639000000,1000,1
1631,153385186983255,1790296486881086412,29641354138780,29641354140738,1790296486644000000,1000,1
1632,153385190901200,1790296486885004367,29641359138780,29641359140552,1790296486649000000,1000,1
1633,153385195661733,1790296486889764900,29641364138780,29641364140478,1790296486654000000,1000,1
1634,153385201423122,1790296486895528012,29641369138780,29641369143478,1790296486659000000,1000,1
1635,153385206451642,1790296486900556682,29641374138780,29641374142367,1790296486664000000,1000,1
1636,153385211230830,1790296486905335710,29641379138780,29641379146589,1790296486669000000,1000,1
1637,153385216058008,1790296486910162777,29641384138780,29641384140441,1790296486674000000,1000,1
1638,153385220694937,1790296486914798624,29641389138780,29641389139478,1790296486679000000,1000,1
1639,153385226067819,1790296486920170975,29641394138780,29641394140478,1790296486684000000,1000,1
1640,153385230957176,1790296486925060342,29641399138780,29641399142145,1790296486689000000,1000,1
1641,153385235820553,1790296486929923719,29641404138780,29641404140034,1790296486694000000,1000,1
1642,153385240659693,1790296486934762850,29641409138780,29641409140589,1790296486699000000,1000,1
1643,153385246136834,1790296486940240001,29641414138780,29641414141663,1790296486704000000,1000,1
1644,153385251415850,1790296486945520580,29641419138780,29641419141256,1790296486709000000,1000,1
1645,153385256475769,1790296486950580649,29641424138780,29641424229775,1790296486714000000,1000,1
1646,153385261166118,1790296486955271259,29641429138780,29641429140589,1790296486719000000,1000,1
1647,153385266039024,1790296486960144155,29641434138780,29641434140478,1790296486724000000,1000,1
1648,153385271917985,1790296486966022865,29641439138780,29641439140256,1790296486729000000,1000,1
1649,153385276079453,1790296486970184333,29641444138780,29641444142849,1790296486734000000,1000,1
1650,153385281310687,1790296486975415647,29641449138780,29641449140108,1790296486739000000,1000,1
1651,153385285979647,1790296486980084527,29641454138780,29641454140886,1790296486744000000,1000,1
1652,153385291514145,1790296486985619085,29641459138780,29641459141923,1790296486749000000,1000,1
1653,153385296366982,1790296486990471762,29641464138780,29641464141515,1790296486754000000,1000,1
1654,153385301209330,1790296486995314270,29641469138780,29641469140960,1790296486759000000,1000,1
1655,153385306097524,1790296487000202674,29641474138780,29641474139737,1790296486764000000,1000,1
1656,153385310980509,1790296487005084407,29641479138780,29641479140034,1790296486769000000,1000,1
1657,153385316602846,1790296487010707736,29641484138780,29641484141849,1790296486774000000,1000,1
1658,153385322141853,1790296487016246091,29641489138780,29641489140737,1790296486779000000,1000,1
1659,153385326132074,1790296487020237004,29641494138780,29641494140589,1790296486784000000,1000,1
1660,153385331115049,1790296487025219929,29641499138780,29641499140219,1790296486789000000,1000,1
1661,153385336530913,1790296487030635793,29641504138780,29641504141293,1790296486794000000,1000,1
1662,153385341249144,1790296487035353984,29641509138780,29641509142256,1790296486799000000,1000,1
1663,153385346261936,1790296487040367166,29641514138780,29641514139960,1790296486804000000,1000,1
1664,153385351056602,1790296487045161482,29641519138780,29641519140404,1790296486809000000,1000,1
1665,153385356092127,1790296487050197257,29641524138780,29641524140552,1790296486814000000,1000,1
1666,153385363259640,1790296487057364500,29641529138780,29641529141404,1790296486819000000,1000,1
1667,153385366152042,1790296487060255960,29641534138780,29641534140774,1790296486824000000,1000,1
1668,153385372314972,1790296487066419902,29641539138780,29641539140478,1790296486829000000,1000,1
1669,153385376405795,1790296487070510635,29641544138780,29641544142552,1790296486834000000,1000,1
1670,153385382153970,1790296487076257878,29641549138780,29641549141071,1790296486839000000,1000,1
1671,153385386275141,1790296487080379029,29641554138780,29641554140478,1790296486844000000,1000,1
1672,153385390866373,1790296487084971123,29641559138780,29641559140960,1790296486849000000,1000,1
1673,153385396135729,1790296487090241200,29641564138780,29641564141367,1790296486854000000,1000,1
1674,153385401324132,1790296487095428080,29641569138780,29641569140811,1790296486859000000,1000,1
1675,153385406433023,1790296487100536931,29641574138780,29641574141515,1790296486864000000,1000,1
1676,153385411303122,1790296487105408002,29641579138780,29641579141478,1790296486869000000,1000,1
1677,153385416214432,1790296487110319582,29641584138780,29641584139960,1790296486874000000,1000,1
1678,153385421011553,1790296487115116403,29641589138780,29641589140256,1790296486879000000,1000,1
1679,153385426902469,1790296487121007289,29641594138780,29641594140478,1790296486884000000,1000,1
1680,153385431337233,1790296487125442344,29641599138780,29641599141034,1790296486889000000,1000,1
1681,153385436445303,1790296487130550143,29641604138780,29641604433886,1790296486894000000,1000,1
1682,153385441041684,1790296487135146504,29641609138780,29641609140663,1790296486899000000,1000,1
1683,153385446279380,1790296487140384520,29641614138780,29641614139552,1790296486904000000,1000,1
1684,153385451430874,1790296487145535744,29641619138780,29641619141960,1790296486909000000,1000,1
1685,153385456260218,1790296487150365068,29641624138780,29641624142923,1790296486914000000,1000,1
1686,153385461130488,1790296487155235368,29641629138780,29641629140811,1790296486919000000,1000,1
1687,153385466144229,1790296487160249109,29641634138780,29641634140960,1790296486924000000,1000,1
1688,153385471507025,1790296487165612155,29641639138780,29641639143071,1790296486929000000,1000,1
1689,153385476545613,1790296487170650453,29641644138780,29641644140404,1790296486934000000,1000,1
1690,153385481363576,1790296487175468496,29641649138780,29641649140404,1790296486939000000,1000,1
1691,153385486192226,1790296487180296144,29641654138780,29641654140256,1790296486944000000,1000,1
1692,153385491413501,1790296487185518391,29641659138780,29641659139737,1790296486949000000,1000,1
1693,153385496900840,1790296487191005770,29641664138780,29641664141663,1790296486954000000,1000,1
1694,153385502313006,1790296487196418167,29641669138780,29641669143071,1790296486959000000,1000,1
1695,153385506442093,1790296487200547234,29641674138780,29641674140404,1790296486964000000,1000,1
1696,153385511229588,1790296487205334488,29641679138780,29641679139848,1790296486969000000,1000,1
1697,153385516655991,1790296487210760841,29641684138780,29641684140774,1790296486974000000,1000,1
1698,153385521636931,1790296487215741781,29641689138780,29641689142404,1790296486979000000,1000,1
1699,153385526227162,1790296487220332042,29641694138780,29641694156034,1790296486984000000,1000,1
1700,153385531010937,1790296487225114836,29641699138780,29641699140256,1790296486989000000,1000,1
1701,153385535931933,1790296487230035841,29641704138780,29641704140774,1790296486994000000,1000,1
1702,153385541742765,1790296487235847715,29641709138780,29641709288626,1790296486999000000,1000,1
1703,153385546513899,1790296487240619019,29641714138780,29641714140145,1790296487004000000,1000,1
1704,153385551273610,1790296487245378490,29641719138780,29641719139663,1790296487009000000,1000,1
1705,153385556076461,1790296487250181392,29641724138780,29641724139960,1790296487014000000,1000,1
1706,153385561454916,1790296487255560076,29641729138780,29641729140774,1790296487019000000,1000,1
1707,153385567946448,1790296487262051187,29641734138780,29641734141367,1790296487024000000,1000,1
1708,153385571466690,1790296487265571580,29641739138780,29641739140256,1790296487029000000,1000,1
1709,153385576898995,1790296487271003875,29641744138780,29641744140515,1790296487034000000,1000,1
1710,153385581058207,1790296487275163218,29641749138780,29641749140700,1790296487039000000,1000,1
1711,153385586795331,1790296487280900191,29641754138780,29641754140441,1790296487044000000,1000,1
1712,153385592082572,1790296487286187793,29641759138780,29641759140293,1790296487049000000,1000,1
1713,153385596109494,1790296487290214434,29641764138780,29641764141515,1790296487054000000,1000,1
1714,153385601005091,1790296487295110011,29641769138780,29641769139367,1790296487059000000,1000,1
1715,153385606556172,1790296487300660080,29641774138780,29641774140182,1790296487064000000,1000,1
1716,153385611666487,1790296487305771327,29641779138780,29641779141774,1790296487069000000,1000,1
1717,153385616659601,1790296487310764441,29641784138780,29641784321589,1790296487074000000,1000,1
1718,153385621966659,1790296487316072120,29641789138780,29641789140256,1790296487079000000,1000,1
1719,153385626944244,1790296487321049474,29641794138780,29641794139922,1790296487084000000,1000,1
1720,153385631849690,1790296487325954490,29641799138780,29641799141182,1790296487089000000,1000,1
1721,153385636679002,1790296487330783882,29641804138780,29641804142626,1790296487094000000,1000,1
1722,153385641372257,1790296487335477137,29641809138780,29641809139922,1790296487099000000,1000,1
1723,153385646665178,1790296487340770008,29641814138780,29641814139589,1790296487104000000,1000,1
1724,153385651406094,1790296487345509992,29641819138780,29641819141922,1790296487109000000,1000,1
1725,153385656654683,1790296487350759563,29641824138780,29641824142182,1790296487114000000,1000,1
1726,153385661673985,1790296487355778825,29641829138780,29641829140959,1790296487119000000,1000,1
1727,153385666674281,1790296487360779171,29641834138780,29641834140737,1790296487124000000,1000,1
1728,153385671364121,1790296487365468991,29641839138780,29641839140589,1790296487129000000,1000,1
1729,153385677328393,1790296487371433874,29641844138780,29641844140885,1790296487134000000,1000,1
1730,153385682308303,1790296487376413143,29641849138780,29641849140515,1790296487139000000,1000,1
1731,153385686246406,1790296487380351286,29641854138780,29641854140404,1790296487144000000,1000,1
1732,153385691340951,1790296487385445871,29641859138780,29641859139367,1790296487149000000,1000,1
1733,153385696729876,1790296487390834816,29641864138780,29641864142034,1790296487154000000,1000,1
1734,153385701411819,1790296487395516699,29641869138780,29641869140663,1790296487159000000,1000,1
1735,153385707216962,1790296487401321802,29641874138780,29641874141996,1790296487164000000,1000,1
1736,153385711231630,1790296487405336590,29641879138780,29641879139848,1790296487169000000,1000,1
1737,153385716241965,1790296487410346915,29641884138780,29641884140922,1790296487174000000,1000,1
1738,153385721581897,1790296487415686737,29641889138780,29641889143034,1790296487179000000,1000,1
1739,153385727237195,1790296487421342416,29641894138780,29641894141367,1790296487184000000,1000,1
1740,153385731200067,1790296487425304927,29641899138780,29641899139700,1790296487189000000,1000,1
1741,153385736105904,1790296487430209852,29641904138780,29641904140700,1790296487194000000,1000,1
1742,153385741577553,1790296487435682413,29641909138780,29641909142700,1790296487199000000,1000,1
1743,153385746832862,1790296487440937732,29641914138780,29641914142293,1790296487204000000,1000,1
1744,153385751430025,1790296487445533963,29641919138780,29641919141033,1790296487209000000,1000,1
1745,153385756272953,1790296487450377883,29641924138780,29641924140552,1790296487214000000,1000,1
1746,153385761223325,1790296487455328165,29641929138780,29641929140848,1790296487219000000,1000,1
1747,153385767399020,1790296487461503900,29641934138780,29641934140737,1790296487224000000,1000,1
1748,153385772875428,1790296487466980358,29641939138780,29641939140848,1790296487229000000,1000,1
1749,153385776401672,1790296487470506512,29641944138780,29641944140182,1790296487234000000,1000,1
1750,153385781174126,1790296487475278986,29641949138780,29641949140589,1790296487239000000,1000,1
1751,153385786510690,1790296487480615781,29641954138780,29641954141589,1790296487244000000,1000,1
1752,153385791433821,1790296487485537999,29641959138780,29641959141071,1790296487249000000,1000,1
1753,153385796262451,1790296487490367281,29641964138780,29641964289885,1790296487254000000,1000,1
1754,153385801198137,1790296487495302856,29641969138780,29641969140182,1790296487259000000,1000,1
1755,153385806014425,1790296487500119284,29641974138780,29641974140774,1790296487264000000,1000,1
1756,153385811499981,1790296487505604861,29641979138780,29641979142330,1790296487269000000,1000,1
1757,153385816393855,1790296487510498695,29641984138780,29641984140293,1790296487274000000,1000,1
1758,153385821052515,1790296487515157325,29641989138780,29641989139441,1790296487279000000,1000,1
1759,153385826122033,1790296487520227193,29641994138780,29641994139996,1790296487284000000,1000,1
1760,153385831554710,1790296487525659590,29641999138780,29641999142774,1790296487289000000,1000,1
1761,153385837056486,1790296487531161326,29642004138780,29642004141663,1790296487294000000,1000,1
1762,153385841475080,1790296487535579960,29642009138780,29642009161145,1790296487299000000,1000,1
1763,153385846062947,1790296487540167807,29642014138780,29642014139626,1790296487304000000,1000,1
1764,153385851194682,1790296487545299552,29642019138780,29642019140441,1790296487309000000,1000,1
1765,153385856305447,1790296487550409385,29642024138780,29642024140700,1790296487314000000,1000,1
1766,153385862099257,1790296487556204417,29642029138780,29642029142219,1790296487319000000,1000,1
1767,153385866176946,1790296487560280744,29642034138780,29642034140145,1790296487324000000,1000,1
1768,153385871068668,1790296487565173508,29642039138780,29642039140959,1790296487329000000,1000,1
1769,153385876515530,1790296487570620430,29642044138780,29642044142070,1790296487334000000,1000,1
1770,153385881339182,1790296487575444041,29642049138780,29642049142145,1790296487339000000,1000,1
1771,153385886964954,1790296487581068852,29642054138780,29642054202441,1790296487344000000,1000,1
1772,153385891031542,1790296487585136432,29642059138780,29642059139774,1790296487349000000,1000,1
1773,153385896236676,1790296487590341526,29642064138780,29642064139330,1790296487354000000,1000,1
1774,153385901407054,1790296487595512225,29642069138780,29642069142922,1790296487359000000,1000,1
1775,153385906255372,1790296487600360422,29642074138780,29642074140737,1790296487364000000,1000,1
1776,153385911297510,1790296487605402400,29642079138780,29642079140219,1790296487369000000,1000,1
1777,153385916281374,1790296487610386224,29642084138780,29642084140478,1790296487374000000,1000,1
1778,153385921495656,1790296487615600516,29642089138780,29642089141589,1790296487379000000,1000,1
1779,153385926233967,1790296487620338867,29642094138780,29642094141552,1790296487384000000,1000,1
1780,153385931167990,1790296487625272840,29642099138780,29642099154589,1790296487389000000,1000,1
1781,153385936284957,1790296487630389807,29642104138780,29642104140367,1790296487394000000,1000,1
1782,153385941232764,1790296487635336692,29642109138780,29642109139885,1790296487399000000,1000,1
1783,153385946327550,1790296487640431789,29642114138780,29642114142626,1790296487404000000,1000,1
1784,153385951369294,1790296487645474134,29642119138780,29642119141996,1790296487409000000,1000,1
1785,153385956124356,1790296487650229246,29642124138780,29642124141033,1790296487414000000,1000,1
1786,153385961275790,1790296487655379698,29642129138780,29642129139441,1790296487419000000,1000,1
1787,153385966275836,1790296487660379794,29642134138780,29642134143033,1790296487424000000,1000,1
1788,153385971251727,1790296487665356937,29642139138780,29642139142552,1790296487429000000,1000,1
1789,153385977585249,1790296487671690680,29642144138780,29642144140589,1790296487434000000,1000,1
1790,153385981280544,1790296487675385684,29642149138780,29642149140033,1790296487439000000,1000,1
1791,153385986660551,1790296487680764439,29642154138780,29642154140182,1790296487444000000,1000,1
1792,153385991796935,1790296487685901785,29642159138780,29642159141552,1790296487449000000,1000,1
1793,153385997302338,1790296487691406246,29642164138780,29642164142330,1790296487454000000,1000,1
1794,153386001449899,1790296487695553066,29642169138780,29642169140070,1790296487459000000,1000,1
1795,153386006357109,1790296487700460266,29642174138780,29642174140181,1790296487464000000,1000,1
1796,153386011420356,1790296487705525216,29642179138780,29642179142996,1790296487469000000,1000,1
1797,153386016452653,1790296487710557743,29642184138780,29642184142515,1790296487474000000,1000,1
1798,153386021427440,1790296487715532280,29642189138780,29642189198107,1790296487479000000,1000,1
1799,153386025935335,1790296487720039243,29642194138780,29642194140219,1790296487484000000,1000,1
1800,153386053130467,1790296487747235237,29642199138780,29642220975478,1790296487510000000,1000,1
1801,153386053169872,1790296487747272798,29642204138780,29642221385737,1790296487511000000,1000,1
1802,153386053176845,1790296487747279681,29642209138780,29642221706070,1790296487511000000,1000,1
1803,153386053841354,1790296487747946124,29642214138780,29642221972848,1790296487511000000,1000,1
1804,153386053882272,1790296487747985148,29642219138780,29642222214218,1790296487512000000,1000,1
1805,153386056133158,1790296487750237968,29642224138780,29642224140700,1790296487514000000,1000,1
1806,153386061150757,1790296487755255687,29642229138780,29642229140033,1790296487519000000,1000,1
1807,153386066874435,1790296487760979305,29642234138780,29642234139737,1790296487524000000,1000,1
1808,153386071074846,1790296487765179736,29642239138780,29642239140033,1790296487529000000,1000,1
1809,153386076062628,1790296487770167388,29642244138780,29642244140626,1790296487534000000,1000,1
1810,153386081475638,1790296487775580538,29642249138780,29642249141293,1790296487539000000,1000,1
1811,153386086301824,1790296487780406724,29642254138780,29642254142293,1790296487544000000,1000,1
1812,153386091250282,1790296487785355032,29642259138780,29642259142404,1790296487549000000,1000,1
1813,153386096578459,1790296487790683319,29642264138780,29642264140922,1790296487554000000,1000,1
1814,153386101489316,1790296487795594346,29642269138780,29642269140070,1790296487559000000,1000,1
1815,153386105950151,1790296487800054079,29642274138780,29642274139774,1790296487564000000,1000,1
1816,153386111204832,1790296487805309671,29642279138780,29642279140515,1790296487569000000,1000,1
1817,153386116976299,1790296487811081189,29642284138780,29642284140848,1790296487574000000,1000,1
1818,153386121262882,1790296487815367983,29642289138780,29642289140218,1790296487579000000,1000,1
1819,153386126569441,1790296487820674561,29642294138780,29642294141811,1790296487584000000,1000,1
1820,153386131577642,1790296487825682422,29642299138780,29642299142255,1790296487589000000,1000,1
1821,153386136092588,1790296487830196516,29642304138780,29642304140478,1790296487594000000,1000,1
1822,153386141283465,1790296487835388555,29642309138780,29642309139774,1790296487599000000,1000,1
1823,153386146393239,1790296487840498049,29642314138780,29642314142774,1790296487604000000,1000,1
1824,153386151297023,1790296487845401903,29642319138780,29642319140033,1790296487609000000,1000,1
1825,153386156437685,1790296487850542816,29642324138780,29642324385959,1790296487614000000,1000,1
1826,153386161065698,1790296487855170447,29642329138780,29642329139404,1790296487619000000,1000,1
1827,153386165719146,1790296487859823265,29642334138780,29642334139811,1790296487624000000,1000,1
1828,153386171397589,1790296487865502459,29642339138780,29642339141255,1790296487629000000,1000,1
1829,153386176590610,1790296487870695801,29642344138780,29642344141922,1790296487634000000,1000,1
1830,153386184915117,1790296487879019997,29642349138780,29642349140663,1790296487639000000,1000,1
1831,153386186281497,1790296487880386357,29642354138780,29642354140107,1790296487644000000,1000,1
1832,153386192182502,1790296487886287322,29642359138780,29642359144033,1790296487649000000,1000,1
1833,153386196530973,1790296487890635853,29642364138780,29642364141996,1790296487654000000,1000,1
1834,153386201183109,1790296487895287869,29642369138780,29642369140626,1790296487659000000,1000,1
1835,153386206031570,1790296487900136409,29642374138780,29642374140478,1790296487664000000,1000,1
1836,153386211358174,1790296487905463054,29642379138780,29642379142330,1790296487669000000,1000,1
1837,153386216323694,1790296487910428554,29642384138780,29642384140700,1790296487674000000,1000,1
1838,153386220929562,1790296487915033320,29642389138780,29642389140626,1790296487679000000,1000,1
1839,153386226286706,1790296487920389872,29642394138780,29642394140626,1790296487684000000,1000,1
1840,153386231697490,1790296487925800657,29642399138780,29642399140441,1790296487689000000,1000,1
1841,153386236169555,1790296487930272722,29642404138780,29642404141292,1790296487694000000,1000,1
1842,153386241437109,1790296487935540266,29642409138780,29642409142033,1790296487699000000,1000,1
1843,153386246581859,1790296487940685026,29642414138780,29642414140292,1790296487704000000,1000,1
1844,153386251067491,1790296487945172341,29642419138780,29642419139959,1790296487709000000,1000,1
1845,153386256036619,1790296487950140507,29642424138780,29642424140885,1790296487714000000,1000,1
1846,153386261539848,1790296487955644728,29642429138780,29642429143107,1790296487719000000,1000,1
1847,153386266355174,1790296487960459062,29642434138780,29642434140811,1790296487724000000,1000,1
1848,153386271262224,1790296487965367715,29642439138780,29642439141033,1790296487729000000,1000,1
1849,153386276241110,1790296487970345980,29642444138780,29642444139774,1790296487734000000,1000,1
1850,153386281393805,1790296487975499206,29642449138780,29642449140626,1790296487739000000,1000,1
1851,153386286517096,1790296487980621856,29642454138780,29642454140441,1790296487744000000,1000,1
1852,153386291308769,1790296487985413638,29642459138780,29642459142218,1790296487749000000,1000,1
1853,153386296047439,1790296487990151277,29642464138780,29642464140663,1790296487754000000,1000,1
1854,153386301569824,1790296487995674594,29642469138780,29642469139959,1790296487759000000,1000,1
1855,153386306479751,1790296488000584591,29642474138780,29642474141700,1790296487764000000,1000,1
1856,153386312176827,1790296488006281677,29642479138780,29642479140811,1790296487769000000,1000,1
1857,153386316127234,1790296488010232164,29642484138780,29642484139922,1790296487774000000,1000,1
1858,153386321414896,1790296488015519806,29642489138780,29642489140181,1790296487779000000,1000,1
1859,153386326551651,1790296488020655549,29642494138780,29642494141441,1790296487784000000,1000,1
1860,153386331359052,1790296488025464293,29642499138780,29642499140922,1790296487789000000,1000,1
1861,153386336118853,1790296488030223943,29642504138780,29642504157552,1790296487794000000,1000,1
1862,153386340976661,1790296488035081571,29642509138780,29642509139848,1790296487799000000,1000,1
1863,153386346016642,1790296488040120550,29642514138780,29642514139663,1790296487804000000,1000,1
1864,153386351434579,1790296488045539459,29642519138780,29642519141404,1790296487809000000,1000,1
1865,153386357279628,1790296488051384759,29642524138780,29642524140255,1790296487814000000,1000,1
1866,153386361333681,1790296488055438511,29642529138780,29642529139885,1790296487819000000,1000,1
1867,153386366039078,1790296488060143928,29642534138780,29642534139885,1790296487824000000,1000,1
1868,153386371290380,1790296488065395260,29642539138780,29642539141292,1790296487829000000,1000,1
1869,153386376216397,1790296488070321327,29642544138780,29642544141848,1790296487834000000,1000,1
1870,153386381166007,1790296488075270877,29642549138780,29642549139589,1790296487839000000,1000,1
1871,153386387450909,1790296488081555799,29642554138780,29642554140033,1790296487844000000,1000,1
1872,153386390979746,1790296488085083655,29642559138780,29642559140663,1790296487849000000,1000,1
1873,153386397125124,1790296488091229023,29642564138780,29642564140774,1790296487854000000,1000,1
1874,153386401752995,1790296488095857023,29642569138780,29642569141885,1790296487859000000,1000,1
1875,153386406222525,1790296488100327375,29642574138780,29642574140255,1790296487864000000,1000,1
1876,153386410987236,1790296488105091175,29642579138780,29642579140515,1790296487869000000,1000,1
1877,153386416507520,1790296488110612630,29642584138780,29642584141589,1790296487874000000,1000,1
1878,153386421266368,1790296488115371248,29642589138780,29642589141959,1790296487879000000,1000,1
1879,153386426187003,1790296488120291222,29642594138780,29642594142885,1790296487884000000,1000,1
1880,153386431041935,1790296488125145893,29642599138780,29642599140996,1790296487889000000,1000,1
1881,153386435907969,1790296488130012879,29642604138780,29642604140107,1790296487894000000,1000,1
1882,153386441423180,1790296488135528291,29642609138780,29642609141626,1790296487899000000,1000,1
1883,153386447080241,1790296488141185091,29642614138780,29642614142737,1790296487904000000,1000,1
1884,153386451835202,1790296488145940052,29642619138780,29642619139811,1790296487909000000,1000,1
1885,153386455938620,1790296488150043470,29642624138780,29642624140070,1790296487914000000,1000,1
1886,153386461326010,1790296488155431130,29642629138780,29642629139885,1790296487919000000,1000,1
1887,153386466372034,1790296488160476904,29642634138780,29642634141292,1790296487924000000,1000,1
1888,153386471782858,1790296488165887688,29642639138780,29642639141107,1790296487929000000,1000,1
1889,153386476064634,1790296488170169434,29642644138780,29642644140107,1790296487934000000,1000,1
1890,153386481227348,1790296488175332218,29642649138780,29642649139922,1790296487939000000,1000,1
1891,153386487066254,1790296488181170163,29642654138780,29642654142515,1790296487944000000,1000,1
1892,153386491272225,1790296488185376434,29642659138780,29642659142774,1790296487949000000,1000,1
1893,153386496298681,1790296488190402609,29642664138780,29642664140700,1790296487954000000,1000,1
1894,153386501082889,1790296488195187769,29642669138780,29642669139811,1790296487959000000,1000,1
1895,153386506550381,1790296488200655501,29642674138780,29642674142477,1790296487964000000,1000,1
1896,153386511333416,1790296488205437334,29642679138780,29642679139811,1790296487969000000,1000,1
1897,153386516669348,1790296488210774198,29642684138780,29642684155515,1790296487974000000,1000,1
1898,153386521330994,1790296488215435844,29642689138780,29642689140885,1790296487979000000,1000,1
1899,153386526330148,1790296488220434988,29642694138780,29642694139515,1790296487984000000,1000,1
1900,153386531554619,1790296488225659509,29642699138780,29642699141885,1790296487989000000,1000,1
1901,153386537324553,1790296488231428472,29642704138780,29642704140218,1790296487994000000,1000,1
1902,153386541352256,1790296488235457196,29642709138780,29642709139737,1790296487999000000,1000,1
1903,153386546106398,1790296488240210306,29642714138780,29642714140144,1790296488004000000,1000,1
1904,153386551370344,1790296488245475174,29642719138780,29642719141959,1790296488009000000,1000,1
1905,153386556558438,1790296488250663288,29642724138780,29642724141033,1790296488014000000,1000,1
1906,153386561391307,1790296488255496547,29642729138780,29642729140218,1790296488019000000,1000,1
1907,153386566268291,1790296488260373151,29642734138780,29642734139885,1790296488024000000,1000,1
1908,153386571419032,1790296488265523882,29642739138780,29642739140885,1790296488029000000,1000,1
1909,153386576746368,1790296488270851248,29642744138780,29642744140144,1790296488034000000,1000,1
1910,153386582550790,1790296488276655901,29642749138780,29642749146218,1790296488039000000,1000,1
1911,153386586245923,1790296488280350803,29642754138780,29642754140403,1790296488044000000,1000,1
1912,153386591830085,1790296488285934174,29642759138780,29642759140181,1790296488049000000,1000,1
1913,153386596881128,1790296488290985977,29642764138780,29642764140144,1790296488054000000,1000,1
1914,153386601913095,1790296488296017945,29642769138780,29642769140218,1790296488059000000,1000,1
1915,153386606567966,1790296488300672816,29642774138780,29642774215440,1790296488064000000,1000,1
1916,153386611264889,1790296488305369769,29642779138780,29642779140514,1790296488069000000,1000,1
1917,153386616270095,1790296488310374915,29642784138780,29642784139403,1790296488074000000,1000,1
1918,153386621514604,1790296488315619444,29642789138780,29642789140292,1790296488079000000,1000,1
1919,153386626189906,1790296488320294796,29642794138780,29642794141144,1790296488084000000,1000,1
1920,153386631381975,1790296488325486895,29642799138780,29642799140514,1790296488089000000,1000,1
1921,153386636782863,1790296488330887632,29642804138780,29642804141292,1790296488094000000,1000,1
1922,153386641417646,1790296488335522476,29642809138780,29642809139551,1790296488099000000,1000,1
1923,153386646262770,1790296488340367890,29642814138780,29642814140774,1790296488104000000,1000,1
1924,153386651575338,1790296488345680187,29642819138780,29642819141070,1790296488109000000,1000,1
1925,153386656952308,1790296488351057168,29642824138780,29642824140700,1790296488114000000,1000,1
1926,153386661224466,1790296488355329386,29642829138780,29642829141292,1790296488119000000,1000,1
1927,153386666608128,1790296488360713169,29642834138780,29642834141144,1790296488124000000,1000,1
1928,153386671235580,1790296488365340450,29642839138780,29642839140218,1790296488129000000,1000,1
1929,153386676274749,1790296488370379689,29642844138780,29642844140477,1790296488134000000,1000,1
1930,153386681304483,1790296488375409323,29642849138780,29642849140774,1790296488139000000,1000,1
1931,153386686258201,1790296488380363081,29642854138780,29642854140403,1790296488144000000,1000,1
1932,153386692092347,1790296488386197237,29642859138780,29642859140181,1790296488149000000,1000,1
1933,153386696411191,1790296488390516051,29642864138780,29642864141181,1790296488154000000,1000,1
1934,153386701313061,1790296488395417951,29642869138780,29642869140033,1790296488159000000,1000,1
1935,153386706675555,1790296488400780776,29642874138780,29642874140218,1790296488164000000,1000,1
1936,153386711365944,1790296488405469852,29642879138780,29642879140366,1790296488169000000,1000,1
1937,153386716277251,1790296488410382091,29642884138780,29642884140996,1790296488174000000,1000,1
1938,153386721295053,1790296488415399822,29642889138780,29642889139626,1790296488179000000,1000,1
1939,153386726430234,1790296488420535375,29642894138780,29642894140366,1790296488184000000,1000,1
1940,153386731295043,1790296488425399893,29642899138780,29642899140996,1790296488189000000,1000,1
1941,153386736357088,1790296488430461968,29642904138780,29642904140033,1790296488194000000,1000,1
1942,153386741476079,1790296488435580909,29642909138780,29642909139959,1790296488199000000,1000,1
1943,153386746234057,1790296488440338886,29642914138780,29642914140514,1790296488204000000,1000,1
1944,153386751316671,1790296488445421771,29642919138780,29642919140700,1790296488209000000,1000,1
1945,153386756300586,1790296488450405435,29642924138780,29642924140033,1790296488214000000,1000,1
1946,153386761207765,1790296488455312605,29642929138780,29642929139959,1790296488219000000,1000,1
1947,153386766265330,1790296488460370200,29642934138780,29642934140996,1790296488224000000,1000,1
1948,153386771265638,1790296488465370528,29642939138780,29642939139700,1790296488229000000,1000,1
1949,153386777052094,1790296488471157214,29642944138780,29642944140366,1790296488234000000,1000,1
1950,153386781528968,1790296488475634158,29642949138780,29642949139737,1790296488239000000,1000,1
1951,153386786484772,1790296488480588680,29642954138780,29642954140070,1790296488244000000,1000,1
1952,153386791303606,1790296488485407514,29642959138780,29642959139922,1790296488249000000,1000,1
1953,153386796367993,1790296488490472974,29642964138780,29642964141588,1790296488254000000,1000,1
1954,153386801468249,1790296488495573159,29642969138780,29642969140292,1790296488259000000,1000,1
1955,153386807127075,1790296488501231945,29642974138780,29642974141218,1790296488264000000,1000,1
1956,153386811269816,1790296488505375257,29642979138780,29642979140662,1790296488269000000,1000,1
1957,153386816311121,1790296488510415961,29642984138780,29642984140403,1790296488274000000,1000,1
1958,153386821291319,1790296488515396189,29642989138780,29642989141070,1790296488279000000,1000,1
1959,153386826156059,1790296488520259967,29642994138780,29642994141218,1790296488284000000,1000,1
1960,153386831433833,1790296488525538713,29642999138780,29642999140033,1790296488289000000,1000,1
1961,153386836679945,1790296488530784895,29643004138780,29643004139959,1790296488294000000,1000,1
1962,153386841390852,1790296488535495923,29643009138780,29643009139885,1790296488299000000,1000,1
1963,153386846490629,1790296488540595509,29643014138780,29643014139625,1790296488304000000,1000,1
1964,153386851437915,1790296488545542805,29643019138780,29643019140700,1790296488309000000,1000,1
1965,153386856071706,1790296488550176836,29643024138780,29643024139996,1790296488314000000,1000,1
1966,153386861999963,1790296488556104923,29643029138780,29643029140440,1790296488319000000,1000,1
1967,153386866264985,1790296488560369936,29643034138780,29643034140848,1790296488324000000,1000,1
1968,153386871209205,1790296488565314045,29643039138780,29643039140662,1790296488329000000,1000,1
1969,153386876411604,1790296488570516454,29643044138780,29643044139848,1790296488334000000,1000,1
1970,153386881153480,1790296488575257428,29643049138780,29643049140255,1790296488339000000,1000,1
1971,153386886539700,1790296488580644820,29643054138780,29643054139811,1790296488344000000,1000,1
1972,153386891196715,1790296488585300934,29643059138780,29643059140848,1790296488349000000,1000,1
1973,153386899946176,1790296488594051086,29643064138780,29643064243811,1790296488354000000,1000,1
1974,153386901224679,1790296488595328607,29643069138780,29643069140737,1790296488359000000,1000,1
1975,153386906318373,1790296488600422301,29643074138780,29643074141033,1790296488364000000,1000,1
1976,153386911439650,1790296488605544510,29643079138780,29643079140403,1790296488369000000,1000,1
1977,153386916234747,1790296488610339857,29643084138780,29643084140329,1790296488374000000,1000,1
1978,153386921290538,1790296488615394446,29643089138780,29643089140662,1790296488379000000,1000,1
1979,153386926462459,1790296488620567339,29643094138780,29643094140885,1790296488384000000,1000,1
1980,153386931298837,1790296488625403717,29643099138780,29643099140514,1790296488389000000,1000,1
1981,153386936309202,1790296488630414052,29643104138780,29643104139996,1790296488394000000,1000,1
1982,153386941340248,1790296488635445118,29643109138780,29643109140922,1790296488399000000,1000,1
1983,153386946359019,1790296488640463959,29643114138780,29643114140959,1790296488404000000,1000,1
1984,153386951324850,1790296488645429660,29643119138780,29643119139996,1790296488409000000,1000,1
1985,153386956420527,1790296488650525367,29643124138780,29643124140514,1790296488414000000,1000,1
1986,153386961261120,1790296488655366000,29643129138780,29643129140959,1790296488419000000,1000,1
1987,153386966398949,1790296488660503789,29643134138780,29643134140477,1790296488424000000,1000,1
1988,153386971286211,1790296488665391051,29643139138780,29643139141551,1790296488429000000,1000,1
1989,153386976242473,1790296488670347353,29643144138780,29643144139885,1790296488434000000,1000,1
1990,153386981436526,1790296488675541366,29643149138780,29643149139959,1790296488439000000,1000,1
1991,153386986250010,1790296488680353909,29643154138780,29643154140811,1790296488444000000,1000,1
1992,153386991280395,1790296488685384333,29643159138780,29643159140181,1790296488449000000,1000,1
1993,153386996383195,1790296488690488326,29643164138780,29643164140736,1790296488454000000,1000,1
1994,153387001366960,1790296488695470898,29643169138780,29643169140329,1790296488459000000,1000,1
1995,153387006434533,1790296488700539403,29643174138780,29643174141255,1790296488464000000,1000,1
1996,153387011205577,1790296488705309846,29643179138780,29643179140662,1790296488469000000,1000,1
1997,153387015909892,1790296488710012949,29643184138780,29643184140699,1790296488474000000,1000,1
1998,153387021792903,1790296488715896079,29643189138780,29643189139848,1790296488479000000,1000,1
1999,153387025946544,1790296488720049711,29643194138780,29643194139885,1790296488484000000,1000,1
2000,153387056051347,1790296488750156668,29643199138780,29643223287885,1790296488513000000,1000,1
2001,153387056182595,1790296488750285582,29643204138780,29643223813144,1790296488513000000,1000,1
2002,153387056213314,1790296488750316190,29643209138780,29643224361551,1790296488514000000,1000,1
2003,153387056246376,1790296488750349222,29643214138780,29643224764477,1790296488514000000,1000,1
2004,153387056713211,1790296488750816258,29643219138780,29643225154366,1790296488515000000,1000,1
2005,153387056722028,1790296488750824914,29643224138780,29643225474736,1790296488515000000,1000,1
2006,153387061371571,1790296488755476682,29643229138780,29643229139848,1790296488519000000,1000,1
2007,153387066678200,1790296488760783070,29643234138780,29643234139922,1790296488524000000,1000,1
2008,153387071548380,1790296488765653260,29643239138780,29643239139848,1790296488529000000,1000,1
2009,153387076398832,1790296488770504063,29643244138780,29643244140070,1790296488534000000,1000,1
2010,153387081075967,1790296488775180817,29643249138780,29643249140551,1790296488539000000,1000,1
2011,153387085920258,1790296488780023425,29643254138780,29643254141144,1790296488544000000,1000,1
2012,153387091446622,1790296488785551572,29643259138780,29643259140070,1790296488549000000,1000,1
2013,153387096137812,1790296488790241791,29643264138780,29643264140588,1790296488554000000,1000,1
2014,153387104744525,1790296488798849415,29643269138780,29643269141070,1790296488559000000,1000,1
2015,153387106439968,1790296488800544848,29643274138780,29643274140699,1790296488564000000,1000,1
2016,153387112126334,1790296488806231124,29643279138780,29643279140033,1790296488569000000,1000,1
2017,153387116566829,1790296488810672270,29643284138780,29643284140107,1790296488574000000,1000,1
2018,153387121290653,1790296488815395533,29643289138780,29643289139922,1790296488579000000,1000,1
2019,153387126304685,1790296488820409525,29643294138780,29643294140033,1790296488584000000,1000,1
2020,153387131251219,1790296488825356069,29643299138780,29643299140847,1790296488589000000,1000,1
2021,153387136290479,1790296488830395469,29643304138780,29643304140292,1790296488594000000,1000,1
2022,153387141367250,1790296488835472170,29643309138780,29643309141329,1790296488599000000,1000,1
2023,153387146780341,1790296488840885160,29643314138780,29643314220625,1790296488604000000,1000,1
2024,153387151328209,1790296488845433089,29643319138780,29643319140996,1790296488609000000,1000,1
2025,153387156563272,1790296488850668252,29643324138780,29643324141033,1790296488614000000,1000,1
2026,153387161272476,1790296488855377607,29643329138780,29643329141255,1790296488619000000,1000,1
2027,153387165915386,1790296488860019174,29643334138780,29643334140699,1790296488624000000,1000,1
2028,153387171399840,1790296488865505091,29643339138780,29643339140033,1790296488629000000,1000,1
2029,153387176597783,1790296488870702803,29643344138780,29643344140218,1790296488634000000,1000,1
2030,153387181272552,1790296488875377201,29643349138780,29643349140033,1790296488639000000,1000,1
2031,153387186181635,1790296488880286595,29643354138780,29643354139699,1790296488644000000,1000,1
2032,153387191571461,1790296488885676331,29643359138780,29643359141477,1790296488649000000,1000,1
2033,153387196621682,1790296488890726532,29643364138780,29643364140218,1790296488654000000,1000,1
2034,153387201378306,1790296488895483266,29643369138780,29643369140959,1790296488659000000,1000,1
2035,153387206323968,1790296488900427887,29643374138780,29643374139810,1790296488664000000,1000,1
2036,153387211734774,1790296488905839664,29643379138780,29643379139996,1790296488669000000,1000,1
2037,153387216958353,1790296488911063383,29643384138780,29643384139736,1790296488674000000,1000,1
2038,153387221452921,1790296488915556839,29643389138780,29643389139699,1790296488679000000,1000,1
2039,153387226479127,1790296488920582274,29643394138780,29643394139810,1790296488684000000,1000,1
2040,153387231421293,1790296488925524450,29643399138780,29643399141366,1790296488689000000,1000,1
2041,153387237087182,1790296488931190339,29643404138780,29643404140477,1790296488694000000,1000,1
2042,153387241099787,1790296488935202954,29643409138780,29643409140662,1790296488699000000,1000,1
2043,153387246231002,1790296488940334169,29643414138780,29643414139588,1790296488704000000,1000,1
2044,153387251283527,1790296488945388367,29643419138780,29643419140921,1790296488709000000,1000,1
2045,153387256300566,1790296488950405406,29643424138780,29643424140107,1790296488714000000,1000,1
2046,153387261286645,1790296488955390894,29643429138780,29643429141514,1790296488719000000,1000,1
2047,153387266067286,1790296488960171194,29643434138780,29643434140996,1790296488724000000,1000,1
2048,153387271584302,1790296488965689172,29643439138780,29643439140625,1790296488729000000,1000,1
2049,153387276077276,1790296488970182096,29643444138780,29643444139996,1790296488734000000,1000,1
2050,153387281681509,1790296488975786399,29643449138780,29643449140514,1790296488739000000,1000,1
2051,153387286047303,1790296488980151201,29643454138780,29643454140107,1790296488744000000,1000,1
2052,153387291200258,1790296488985305108,29643459138780,29643459139996,1790296488749000000,1000,1
2053,153387296305623,1790296488990410493,29643464138780,29643464140218,1790296488754000000,1000,1
2054,153387301040596,1790296488995145456,29643469138780,29643469139366,1790296488759000000,1000,1
2055,153387313040410,1790296489007145300,29643474138780,29643474141070,1790296488764000000,1000,1
2056,153387313081808,1790296489007184755,29643479138780,29643479141440,1790296488769000000,1000,1
2057,153387317898807,1790296489012003647,29643484138780,29643484140884,1790296488774000000,1000,1
2058,153387320959058,1790296489015062996,29643489138780,29643489139996,1790296488779000000,1000,1
2059,153387325991506,1790296489020095414,29643494138780,29643494196810,1790296488784000000,1000,1
2060,153387331377904,1790296489025483034,29643499138780,29643499140699,1790296488789000000,1000,1
2061,153387336504211,1790296489030609061,29643504138780,29643504141181,1790296488794000000,1000,1
2062,153387341309737,1790296489035415168,29643509138780,29643509140292,1790296488799000000,1000,1
2063,153387346493952,1790296489040598802,29643514138780,29643514140218,1790296488804000000,1000,1
2064,153387351540608,1790296489045645448,29643519138780,29643519141958,1790296488809000000,1000,1
2065,153387356430565,1790296489050535425,29643524138780,29643524140958,1790296488814000000,1000,1
2066,153387361222017,1790296489055326887,29643529138780,29643529139995,1790296488819000000,1000,1
2067,153387366202856,1790296489060307706,29643534138780,29643534140995,1790296488824000000,1000,1
2068,153387372702076,1790296489066807216,29643539138780,29643539139921,1790296488829000000,1000,1
2069,153387376145521,1790296489070250491,29643544138780,29643544140107,1790296488834000000,1000,1
2070,153387381146561,1790296489075250479,29643549138780,29643549141995,1790296488839000000,1000,1
2071,153387386418933,1790296489080523783,29643554138780,29643554141847,1790296488844000000,1000,1
2072,153387391077974,1790296489085182914,29643559138780,29643559141514,1790296488849000000,1000,1
2073,153387395901755,1790296489090005673,29643564138780,29643564140218,1790296488854000000,1000,1
2074,153387401559909,1790296489095663817,29643569138780,29643569140440,1790296488859000000,1000,1
2075,153387406407287,1790296489100512517,29643574138780,29643574141551,1790296488864000000,1000,1
2076,153387411188217,1790296489105292165,29643579138780,29643579141736,1790296488869000000,1000,1
2077,153387416861959,1790296489110966809,29643584138780,29643584140810,1790296488874000000,1000,1
2078,153387421847006,1790296489115951766,29643589138780,29643589140921,1790296488879000000,1000,1
2079,153387426174258,1790296489120278166,29643594138780,29643594140329,1790296488884000000,1000,1
2080,153387431460767,1790296489125565627,29643599138780,29643599140144,1790296488889000000,1000,1
2081,153387436122122,1790296489130227062,29643604138780,29643604141144,1790296488894000000,1000,1
2082,153387441173525,1790296489135278695,29643609138780,29643609140884,1790296488899000000,1000,1
2083,153387446167008,1790296489140271848,29643614138780,29643614140810,1790296488904000000,1000,1
2084,153387451797681,1790296489145902521,29643619138780,29643619140292,1790296488909000000,1000,1
2085,153387456538515,1790296489150642444,29643624138780,29643624142773,1790296488914000000,1000,1
2086,153387461100793,1790296489155204701,29643629138780,29643629139921,1790296488919000000,1000,1
2087,153387466375068,1790296489160479327,29643634138780,29643634139995,1790296488924000000,1000,1
2088,153387471376828,1790296489165481678,29643639138780,29643639141070,1790296488929000000,1000,1
2089,153387476393776,1790296489170498616,29643644138780,29643644142292,1790296488934000000,1000,1
2090,153387481466950,1790296489175570848,29643649138780,29643649337847,1790296488939000000,1000,1
2091,153387486123486,1790296489180227394,29643654138780,29643654140662,1790296488944000000,1000,1
2092,153387490901711,1790296489185006812,29643659138780,29643659140292,1790296488949000000,1000,1
2093,153387496324941,1790296489190428859,29643664138780,29643664140958,1790296488954000000,1000,1
2094,153387501283728,1790296489195388608,29643669138780,29643669140921,1790296488959000000,1000,1
2095,153387506108062,1790296489200212000,29643674138780,29643674139403,1790296488964000000,1000,1
2096,153387519336233,1790296489213441073,29643679138780,29643679139810,1790296488969000000,1000,1
2097,153387519378834,1790296489213481901,29643684138780,29643684140551,1790296488974000000,1000,1
2098,153387521386158,1790296489215490086,29643689138780,29643689140292,1790296488979000000,1000,1
2099,153387526296303,1790296489220401183,29643694138780,29643694358440,1790296488984000000,1000,1
2100,153387531283735,1790296489225388825,29643699138780,29643699139921,1790296488989000000,1000,1
2101,153387536957337,1790296489231062227,29643704138780,29643704140107,1790296488994000000,1000,1
2102,153387541200279,1790296489235304999,29643709138780,29643709140921,1790296488999000000,1000,1
2103,153387546527284,1790296489240632124,29643714138780,29643714141699,1790296489004000000,1000,1
2104,153387551321151,1790296489245426021,29643719138780,29643719146144,1790296489009000000,1000,1
2105,153387556332528,1790296489250437348,29643724138780,29643724140847,1790296489014000000,1000,1
2106,153387561446019,1790296489255550869,29643729138780,29643729141440,1790296489019000000,1000,1
2107,153387566518643,1790296489260623513,29643734138780,29643734142032,1790296489024000000,1000,1
2108,153387571377671,1790296489265482511,29643739138780,29643739141736,1790296489029000000,1000,1
2109,153387577894804,1790296489271998652,29643744138780,29643744264106,1790296489034000000,1000,1
2110,153387581336707,1790296489275440966,29643749138780,29643749277181,1790296489039000000,1000,1
2111,153387586101318,1790296489280205256,29643754138780,29643754140921,1790296489044000000,1000,1
2112,153387591046950,1790296489285150878,29643759138780,29643759140662,1790296489049000000,1000,1
2113,153387596277594,1790296489290381502,29643764138780,29643764141366,1790296489054000000,1000,1
2114,153387601418537,1790296489295523417,29643769138780,29643769141218,1790296489059000000,1000,1
2115,153387605959663,1790296489300063571,29643774138780,29643774140551,1790296489064000000,1000,1
2116,153387611220794,1790296489305325614,29643779138780,29643779140662,1790296489069000000,1000,1
2117,153387616462999,1790296489310566857,29643784138780,29643784141218,1790296489074000000,1000,1
2118,153387621470520,1790296489315574418,29643789138780,29643789140255,1790296489079000000,1000,1
2119,153387627251766,1790296489321356616,29643794138780,29643794139884,1790296489084000000,1000,1
2120,153387631162567,1790296489325267447,29643799138780,29643799140884,1790296489089000000,1000,1
2121,153387636076081,1790296489330181261,29643804138780,29643804139477,1790296489094000000,1000,1
2122,153387641777157,1790296489335881947,29643809138780,29643809140625,1790296489099000000,1000,1
2123,153387646283427,1790296489340388317,29643814138780,29643814141106,1790296489104000000,1000,1
2124,153387651335411,1790296489345440241,29643819138780,29643819140477,1790296489109000000,1000,1
2125,153387656123575,1790296489350228415,29643824138780,29643824139810,1790296489114000000,1000,1
2126,153387661509021,1790296489355613911,29643829138780,29643829141440,1790296489119000000,1000,1
2127,153387666547612,1790296489360652452,29643834138780,29643834142032,1790296489124000000,1000,1
2128,153387671385009,1790296489365489849,29643839138780,29643839140218,1790296489129000000,1000,1
2129,153387676162563,1790296489370267443,29643844138780,29643844140847,1790296489134000000,1000,1
2130,153387681058190,1790296489375163461,29643849138780,29643849140180,1790296489139000000,1000,1
2131,153387686570216,1790296489380675858,29643854138780,29643854140958,1790296489144000000,1000,1
2132,153387691200052,1790296489385304642,29643859138780,29643859140255,1790296489149000000,1000,1
2133,153387695827774,1790296489389932584,29643864138780,29643864140403,1790296489154000000,1000,1
2134,153387701125854,1790296489395230694,29643869138780,29643869139625,1790296489159000000,1000,1
2135,153387706259062,1790296489400363952,29643874138780,29643874141366,1790296489164000000,1000,1
2136,153387711610795,1790296489405716016,29643879138780,29643879141662,1790296489169000000,1000,1
2137,153387721668455,1790296489415773335,29643884138780,29643884378106,1790296489174000000,1000,1
2138,153387721713341,1790296489415816247,29643889138780,29643889140884,1790296489179000000,1000,1
2139,153387726666079,1790296489420770958,29643894138780,29643894139847,1790296489184000000,1000,1
2140,153387731494180,1790296489425599030,29643899138780,29643899142180,1790296489189000000,1000,1
2141,153387736483185,1790296489430588035,29643904138780,29643904142180,1790296489194000000,1000,1
2142,153387741070107,1790296489435176149,29643909138780,29643909140699,1790296489199000000,1000,1
2143,153387746097557,1790296489440202397,29643914138780,29643914139884,1790296489204000000,1000,1
2144,153387751249340,1790296489445354280,29643919138780,29643919140477,1790296489209000000,1000,1
2145,153387756201575,1790296489450306425,29643924138780,29643924141662,1790296489214000000,1000,1
2146,153387761119244,1790296489455224164,29643929138780,29643929140255,1790296489219000000,1000,1
2147,153387766075048,1790296489460180349,29643934138780,29643934140514,1790296489224000000,1000,1
2148,153387771284620,1790296489465389500,29643939138780,29643939140329,1790296489229000000,1000,1
2149,153387776810703,1790296489470916094,29643944138780,29643944142625,1790296489234000000,1000,1
2150,153387781556426,1790296489475661266,29643949138780,29643949141143,1790296489239000000,1000,1
2151,153387786238010,1790296489480342760,29643954138780,29643954140884,1790296489244000000,1000,1
2152,153387791290445,1790296489485395225,29643959138780,29643959139588,1790296489249000000,1000,1
2153,153387796539442,1790296489490643481,29643964138780,29643964142699,1790296489254000000,1000,1
2154,153387801368996,1790296489495473926,29643969138780,29643969142366,1790296489259000000,1000,1
2155,153387806831869,1790296489500936729,29643974138780,29643974331884,1790296489264000000,1000,1
2156,153387811423963,1790296489505529084,29643979138780,29643979140625,1790296489269000000,1000,1
2157,153387816472921,1790296489510577751,29643984138780,29643984140810,1790296489274000000,1000,1
2158,153387822076892,1790296489516180820,29643989138780,29643989153958,1790296489279000000,1000,1
2159,153387826663937,1790296489520769057,29643994138780,29643994142366,1790296489284000000,1000,1
2160,153387831239838,1790296489525344698,29643999138780,29643999140847,1790296489289000000,1000,1
2161,153387836242890,1790296489530348110,29644004138780,29644004141032,1790296489294000000,1000,1
2162,153387841508148,1790296489535613279,29644009138780,29644009140106,1790296489299000000,1000,1
2163,153387846559462,1790296489540663721,29644014138780,29644014140551,1790296489304000000,1000,1
2164,153387851529300,1790296489545634230,29644019138780,29644019346329,1790296489309000000,1000,1
2165,153387856268872,1790296489550373962,29644024138780,29644024139551,1790296489314000000,1000,1
2166,153387861232019,1790296489555336869,29644029138780,29644029139921,1790296489319000000,1000,1
2167,153387866486717,1790296489560591577,29644034138780,29644034141884,1790296489324000000,1000,1
2168,153387871505601,1790296489565610471,29644039138780,29644039140551,1790296489329000000,1000,1
2169,153387876667643,1790296489570772753,29644044138780,29644044140366,1790296489334000000,1000,1
2170,153387881286418,1790296489575391398,29644049138780,29644049140032,1790296489339000000,1000,1
2171,153387886653219,1790296489580758109,29644054138780,29644054141995,1790296489344000000,1000,1
2172,153387891490118,1790296489585594908,29644059138780,29644059142551,1790296489349000000,1000,1
2173,153387896414670,1790296489590519450,29644064138780,29644064384699,1790296489354000000,1000,1
2174,153387901299167,1790296489595404207,29644069138780,29644069140551,1790296489359000000,1000,1
2175,153387906220082,1790296489600324932,29644074138780,29644074140699,1790296489364000000,1000,1
2176,153387911465796,1790296489605570655,29644079138780,29644079140291,1790296489369000000,1000,1
2177,153387916420014,1790296489610525536,29644084138780,29644084142254,1790296489374000000,1000,1
2178,153387924299588,1790296489618404519,29644089138780,29644089139514,1790296489379000000,1000,1
2179,153387926276545,1790296489620381415,29644094138780,29644094140366,1790296489384000000,1000,1
2180,153387931539388,1790296489625644298,29644099138780,29644099140921,1790296489389000000,1000,1
2181,153387936562860,1790296489630666768,29644104138780,29644104213662,1790296489394000000,1000,1
2182,153387941369750,1790296489635474509,29644109138780,29644109142847,1790296489399000000,1000,1
2183,153387946171802,1790296489640275710,29644114138780,29644114139440,1790296489404000000,1000,1
2184,153387951184282,1790296489645289162,29644119138780,29644119140625,1790296489409000000,1000,1
2185,153387956441687,1790296489650546817,29644124138780,29644124142106,1790296489414000000,1000,1
2186,153387961082742,1790296489655187963,29644129138780,29644129142699,1790296489419000000,1000,1
2187,153387966233774,1790296489660338664,29644134138780,29644134334328,1790296489424000000,1000,1
2188,153387971145965,1790296489665250805,29644139138780,29644139140884,1790296489429000000,1000,1
2189,153387976129138,1790296489670233978,29644144138780,29644144140958,1790296489434000000,1000,1
2190,153387981375182,1790296489675480182,29644149138780,29644149142069,1790296489439000000,1000,1
2191,153387986301328,1790296489680406157,29644154138780,29644154140662,1790296489444000000,1000,1
2192,153387991950243,1790296489686055083,29644159138780,29644159140403,1790296489449000000,1000,1
2193,153387996157846,1790296489690262736,29644164138780,29644164140847,1790296489454000000,1000,1
2194,153388001573369,1790296489695678680,29644169138780,29644169143291,1790296489459000000,1000,1
2195,153388006276003,1790296489700380302,29644174138780,29644174139847,1790296489464000000,1000,1
2196,153388010873707,1790296489704977595,29644179138780,29644179140143,1790296489469000000,1000,1
2197,153388016156520,1790296489710259687,29644184138780,29644184140921,1790296489474000000,1000,1
2198,153388020845797,1790296489714948954,29644189138780,29644189140440,1790296489479000000,1000,1
2199,153388026781076,1790296489720884243,29644194138780,29644194141069,1790296489484000000,1000,1
2200,153388060588673,1790296489754693703,29644199138780,29644228501143,1790296489518000000,1000,1
2201,153388060630192,1790296489754733118,29644204138780,29644228907477,1790296489518000000,1000,1
2202,153388060639489,1790296489754742345,29644209138780,29644229216736,1790296489519000000,1000,1
2203,153388060928447,1790296489755031614,29644214138780,29644229476514,1790296489519000000,1000,1
2204,153388061640055,1790296489755744775,29644219138780,29644229710995,1790296489519000000,1000,1
2205,153388062283074,1790296489756387814,29644224138780,29644229952625,1790296489519000000,1000,1
2206,153388062332999,1790296489756435925,29644229138780,29644230183810,1790296489520000000,1000,1
2207,153388066291761,1790296489760396781,29644234138780,29644234141699,1790296489524000000,1000,1
2208,153388071335930,1790296489765440780,29644239138780,29644239141254,1790296489529000000,1000,1
2209,153388076433420,1790296489770538270,29644244138780,29644244141143,1790296489534000000,1000,1
2210,153388081357802,1790296489775461710,29644249138780,29644249141291,1790296489539000000,1000,1
2211,153388086028513,1790296489780132742,29644254138780,29644254139995,1790296489544000000,1000,1
2212,153388091445871,1790296489785550701,29644259138780,29644259139736,1790296489549000000,1000,1
2213,153388096079933,1790296489790185124,29644264138780,29644264140477,1790296489554000000,1000,1
2214,153388101758355,1790296489795862403,29644269138780,29644269141662,1790296489559000000,1000,1
2215,153388106533746,1790296489800638636,29644274138780,29644274141514,1790296489564000000,1000,1
2216,153388111403564,1790296489805508444,29644279138780,29644279140958,1790296489569000000,1000,1
2217,153388116144000,1790296489810249000,29644284138780,29644284140439,1790296489574000000,1000,1
2218,153388121048434,1790296489815153314,29644289138780,29644289139810,1790296489579000000,1000,1
2219,153388128438339,1790296489822543219,29644294138780,29644294139995,1790296489584000000,1000,1
2220,153388131413899,1790296489825519039,29644299138780,29644299142217,1790296489589000000,1000,1
2221,153388136980520,1790296489831085731,29644304138780,29644304140180,1790296489594000000,1000,1
2222,153388141000929,1790296489835105799,29644309138780,29644309140069,1790296489599000000,1000,1
2223,153388146440288,1790296489840545138,29644314138780,29644314140106,1790296489604000000,1000,1
2224,153388151490190,1790296489845595130,29644319138780,29644319142477,1790296489609000000,1000,1
2225,153388156313250,1790296489850418240,29644324138780,29644324381254,1790296489614000000,1000,1
2226,153388161161177,1790296489855266027,29644329138780,29644329141032,1790296489619000000,1000,1
2227,153388165728182,1790296489859831970,29644334138780,29644334140810,1790296489624000000,1000,1
2228,153388171492107,1790296489865595283,29644339138780,29644339140847,1790296489629000000,1000,1
2229,153388176248330,1790296489870351497,29644344138780,29644344142402,1790296489634000000,1000,1
2230,153388181241613,1790296489875344780,29644349138780,29644349140884,1790296489639000000,1000,1
2231,153388185903660,1790296489880006826,29644354138780,29644354140514,1790296489644000000,1000,1
2232,153388191859997,1790296489885963174,29644359138780,29644359140699,1790296489649000000,1000,1
2233,153388195968154,1790296489890071351,29644364138780,29644364140254,1790296489654000000,1000,1
2234,153388201012103,1790296489895115951,29644369138780,29644369140254,1790296489659000000,1000,1
2235,153388205987632,1790296489900091550,29644374138780,29644374140736,1790296489664000000,1000,1
2236,153388211032895,1790296489905136814,29644379138780,29644379140958,1790296489669000000,1000,1
2237,153388216500880,1790296489910605910,29644384138780,29644384141699,1790296489674000000,1000,1
2238,153388249667988,1790296489943773149,29644389138780,29644389140032,1790296489679000000,1000,1
2239,153388249729775,1790296489943832712,29644394138780,29644394140254,1790296489684000000,1000,1
2240,153388249736248,1790296489943839124,29644399138780,29644399139921,1790296489689000000,1000,1
2241,153388249745164,1790296489943848021,29644404138780,29644404141143,1790296489694000000,1000,1
2242,153388249750394,1790296489943853241,29644409138780,29644409140995,1790296489699000000,1000,1
2243,153388249755554,1790296489943858400,29644414138780,29644414344365,1790296489704000000,1000,1
2244,153388251013889,1790296489945117848,29644419138780,29644419139699,1790296489709000000,1000,1
2245,153388256953706,1790296489951057614,29644424138780,29644424140106,1790296489714000000,1000,1
2246,153388261498339,1790296489955603179,29644429138780,29644429142291,1790296489719000000,1000,1
2247,153388266338232,1790296489960442161,29644434138780,29644434141328,1790296489724000000,1000,1
2248,153388271237106,1790296489965341936,29644439138780,29644439139365,1790296489729000000,1000,1
2249,153388276072241,1790296489970177071,29644444138780,29644444140625,1790296489734000000,1000,1
2250,153388281424424,1790296489975529294,29644449138780,29644449139995,1790296489739000000,1000,1
2251,153388286731072,1790296489980835952,29644454138780,29644454141588,1790296489744000000,1000,1
2252,153388291030722,1790296489985135582,29644459138780,29644459142439,1790296489749000000,1000,1
2253,153388296101802,1790296489990206692,29644464138780,29644464139995,1790296489754000000,1000,1
2254,153388301210343,1790296489995314252,29644469138780,29644469139328,1790296489759000000,1000,1
2255,153388306389599,1790296490000493818,29644474138780,29644474140662,1790296489764000000,1000,1
2256,153388311214203,1790296490005318091,29644479138780,29644479142847,1790296489769000000,1000,1
2257,153388316468561,1790296490010573441,29644484138780,29644484380995,1790296489774000000,1000,1
2258,153388320815270,1790296490014919929,29644489138780,29644489140884,1790296489779000000,1000,1
2259,153388326094514,1790296490020199354,29644494138780,29644494140328,1790296489784000000,1000,1
2260,153388335308726,1790296490029413616,29644499138780,29644499142476,1790296489789000000,1000,1
2261,153388336269717,1790296490030374557,29644504138780,29644504141736,1790296489794000000,1000,1
2262,153388342105209,1790296490036210038,29644509138780,29644509139625,1790296489799000000,1000,1
2263,153388346037581,1790296490040142361,29644514138780,29644514140402,1790296489804000000,1000,1
2264,153388351479003,1790296490045584013,29644519138780,29644519142032,1790296489809000000,1000,1
2265,153388356383229,1790296490050488079,29644524138780,29644524142254,1790296489814000000,1000,1
2266,153388361880768,1790296490055985658,29644529138780,29644529391958,1790296489819000000,1000,1
2267,153388366062674,1790296490060167494,29644534138780,29644534139773,1790296489824000000,1000,1
2268,153388371088017,1790296490065192867,29644539138780,29644539140662,1790296489829000000,1000,1
2269,153388376386901,1790296490070491700,29644544138780,29644544140995,1790296489834000000,1000,1
2270,153388381292377,1790296490075397257,29644549138780,29644549141625,1790296489839000000,1000,1
2271,153388386110417,1790296490080215247,29644554138780,29644554140699,1790296489844000000,1000,1
2272,153388391187581,1790296490085292451,29644559138780,29644559139810,1790296489849000000,1000,1
2273,153388396424406,1790296490090529516,29644564138780,29644564141291,1790296489854000000,1000,1
2274,153388401731195,1790296490095836175,29644569138780,29644569142476,1790296489859000000,1000,1
2275,153388406456840,1790296490100561650,29644574138780,29644574353587,1790296489864000000,1000,1
2276,153388411274280,1790296490105379140,29644579138780,29644579139439,1790296489869000000,1000,1
2277,153388415673366,1790296490109776914,29644584138780,29644584140476,1790296489874000000,1000,1
2278,153388421374843,1790296490115479683,29644589138780,29644589141143,1790296489879000000,1000,1
2279,153388426180400,1790296490120284308,29644594138780,29644594141143,1790296489884000000,1000,1
2280,153388431040662,1790296490125144570,29644599138780,29644599139624,1790296489889000000,1000,1
2281,153388436304178,1790296490130409008,29644604138780,29644604139995,1790296489894000000,1000,1
2282,153388441572923,1790296490135677743,29644609138780,29644609142476,1790296489899000000,1000,1
2283,153388446106084,1790296490140209982,29644614138780,29644614141995,1790296489904000000,1000,1
2284,153388451443459,1790296490145548329,29644619138780,29644619400884,1790296489909000000,1000,1
2285,153388456266010,1790296490150370890,29644624138780,29644624140847,1790296489914000000,1000,1
2286,153388461177087,1790296490155281977,29644629138780,29644629140662,1790296489919000000,1000,1
2287,153388466637916,1790296490160743047,29644634138780,29644634141217,1790296489924000000,1000,1
2288,153388471809798,1790296490165915419,29644639138780,29644639141402,1790296489929000000,1000,1
2289,153388476233633,1790296490170338493,29644644138780,29644644140291,1790296489934000000,1000,1
2290,153388481233418,1790296490175338248,29644649138780,29644649140328,1790296489939000000,1000,1
2291,153388486646046,1790296490180750886,29644654138780,29644654141217,1790296489944000000,1000,1
2292,153388491317921,1790296490185422731,29644659138780,29644659142143,1790296489949000000,1000,1
2293,153388496409041,1790296490190513300,29644664138780,29644664419143,1790296489954000000,1000,1
2294,153388501164503,1790296490195269303,29644669138780,29644669139476,1790296489959000000,1000,1
2295,153388506259298,1790296490200364178,29644674138780,29644674140513,1790296489964000000,1000,1
2296,153388511451870,1790296490205556830,29644679138780,29644679140254,1790296489969000000,1000,1
2297,153388516538069,1790296490210642879,29644684138780,29644684141810,1790296489974000000,1000,1
2298,153388521569644,1790296490215674765,29644689138780,29644689140513,1790296489979000000,1000,1
2299,153388526223666,1790296490220328616,29644694138780,29644694139587,1790296489984000000,1000,1
2300,153388532259808,1790296490226364648,29644699138780,29644699141699,1790296489989000000,1000,1
2301,153388541678447,1790296490235783637,29644704138780,29644704140291,1790296489994000000,1000,1
2302,153388541721769,1790296490235824695,29644709138780,29644709192217,1790296489999000000,1000,1
2303,153388546989403,1790296490241094133,29644714138780,29644714139661,1790296490004000000,1000,1
2304,153388551089002,1790296490245193822,29644719138780,29644719140587,1790296490009000000,1000,1
2305,153388556561435,1790296490250666295,29644724138780,29644724141587,1790296490014000000,1000,1
2306,153388561336875,1790296490255441695,29644729138780,29644729140476,1790296490019000000,1000,1
2307,153388566297868,1790296490260402708,29644734138780,29644734141180,1790296490024000000,1000,1
2308,153388571002063,1790296490265107534,29644739138780,29644739139365,1790296490029000000,1000,1
2309,153388576617715,1790296490270722555,29644744138780,29644744142069,1790296490034000000,1000,1
2310,153388581368380,1790296490275473270,29644749138780,29644749142587,1790296490039000000,1000,1
2311,153388586335934,1790296490280440744,29644754138780,29644754144921,1790296490044000000,1000,1
2312,153388590999993,1790296490285103931,29644759138780,29644759139736,1790296490049000000,1000,1
2313,153388596084138,1790296490290188938,29644764138780,29644764139958,1790296490054000000,1000,1
2314,153388602439213,1790296490296544083,29644769138780,29644769142995,1790296490059000000,1000,1
2315,153388606209107,1790296490300312996,29644774138780,29644774142328,1790296490064000000,1000,1
2316,153388611224204,1790296490305329023,29644779138780,29644779139773,1790296490069000000,1000,1
2317,153388616102919,1790296490310207879,29644784138780,29644784140143,1790296490074000000,1000,1
2318,153388621346326,1790296490315450585,29644789138780,29644789141550,1790296490079000000,1000,1
2319,153388626282792,1790296490320386680,29644794138780,29644794142291,1790296490084000000,1000,1
2320,153388631396874,1790296490325501724,29644799138780,29644799141550,1790296490089000000,1000,1
2321,153388636273467,1790296490330378618,29644804138780,29644804140995,1790296490094000000,1000,1
2322,153388641528446,1790296490335633566,29644809138780,29644809141921,1790296490099000000,1000,1
2323,153388646527942,1790296490340631831,29644814138780,29644814140106,1790296490104000000,1000,1
2324,153388651483895,1790296490345588705,29644819138780,29644819140180,1790296490109000000,1000,1
2325,153388656140820,1790296490350246241,29644824138780,29644824139884,1790296490114000000,1000,1
2326,153388661075664,1790296490355180504,29644829138780,29644829139958,1790296490119000000,1000,1
2327,153388666925722,1790296490361029640,29644834138780,29644834143217,1790296490124000000,1000,1
2328,153388671282179,1790296490365387099,29644839138780,29644839141661,1790296490129000000,1000,1
2329,153388676950612,1790296490371055522,29644844138780,29644844190217,1790296490134000000,1000,1
2330,153388681599331,1790296490375704151,29644849138780,29644849140513,1790296490139000000,1000,1
2331,153388686030779,1790296490380135679,29644854138780,29644854140143,1790296490144000000,1000,1
2332,153388691632918,1790296490385737808,29644859138780,29644859140995,1790296490149000000,1000,1
2333,153388696062302,1790296490390167142,29644864138780,29644864141624,1790296490154000000,1000,1
2334,153388701113635,1790296490395218565,29644869138780,29644869140661,1790296490159000000,1000,1
2335,153388706019554,1790296490400125236,29644874138780,29644874139550,1790296490164000000,1000,1
2336,153388711549885,1790296490405654775,29644879138780,29644879143032,1790296490169000000,1000,1
2337,153388716590958,1790296490410695788,29644884138780,29644884140069,1790296490174000000,1000,1
2338,153388721426592,1790296490415531542,29644889138780,29644889139439,1790296490179000000,1000,1
2339,153388726085342,1790296490420190513,29644894138780,29644894140809,1790296490184000000,1000,1
2340,153388731166462,1790296490425271322,29644899138780,29644899140772,1790296490189000000,1000,1
2341,153388736405753,1790296490430510863,29644904138780,29644904142365,1790296490194000000,1000,1
2342,153388742702195,1790296490436807305,29644909138780,29644909140921,1790296490199000000,1000,1
2343,153388746050972,1790296490440155221,29644914138780,29644914140809,1790296490204000000,1000,1
2344,153388751867515,1790296490445971404,29644919138780,29644919139772,1790296490209000000,1000,1
2345,153388756897879,1790296490451001787,29644924138780,29644924140995,1790296490214000000,1000,1
2346,153388761543724,1790296490455647642,29644929138780,29644929141365,1790296490219000000,1000,1
2347,153388766744821,1790296490460850172,29644934138780,29644934190550,1790296490224000000,1000,1
2348,153388771230242,1790296490465335343,29644939138780,29644939140698,1790296490229000000,1000,1
2349,153388775990925,1790296490470095314,29644944138780,29644944140402,1790296490234000000,1000,1
2350,153388781483885,1790296490475588694,29644949138780,29644949142180,1790296490239000000,1000,1
2351,153388785962814,1790296490480066602,29644954138780,29644954139735,1790296490244000000,1000,1
2352,153388791231129,1790296490485335929,29644959138780,29644959140365,1790296490249000000,1000,1
2353,153388796062816,1790296490490167595,29644964138780,29644964139884,1790296490254000000,1000,1
2354,153388801358672,1790296490495462600,29644969138780,29644969142698,1790296490259000000,1000,1
2355,153388806900335,1790296490501004243,29644974138780,29644974141735,1790296490264000000,1000,1
2356,153388811517595,1790296490505622776,29644979138780,29644979139513,1790296490269000000,1000,1
2357,153388816080905,1790296490510186015,29644984138780,29644984139587,1790296490274000000,1000,1
2358,153388821340041,1790296490515444911,29644989138780,29644989141254,1790296490279000000,1000,1
2359,153388826298950,1790296490520402858,29644994138780,29644994142180,1790296490284000000,1000,1
2360,153388831424685,1790296490525529535,29644999138780,29644999337921,1790296490289000000,1000,1
2361,153388836118581,1790296490530223431,29645004138780,29645004140328,1790296490294000000,1000,1
2362,153388841083840,1790296490535188710,29645009138780,29645009139884,1790296490299000000,1000,1
2363,153388846653125,1790296490540757884,29645014138780,29645014140402,1790296490304000000,1000,1
2364,153388851571698,1790296490545676528,29645019138780,29645019142809,1790296490309000000,1000,1
2365,153388856400879,1790296490550505729,29645024138780,29645024139513,1790296490314000000,1000,1
2366,153388861112490,1790296490555217300,29645029138780,29645029140661,1790296490319000000,1000,1
2367,153388866135108,1790296490560238996,29645034138780,29645034140513,1790296490324000000,1000,1
2368,153388871390979,1790296490565495848,29645039138780,29645039140883,1790296490329000000,1000,1
2369,153388876549687,1790296490570654637,29645044138780,29645044268254,1790296490334000000,1000,1
2370,153388881504957,1790296490575609797,29645049138780,29645049140809,1790296490339000000,1000,1
2371,153388886245153,1790296490580350042,29645054138780,29645054139513,1790296490344000000,1000,1
2372,153388891487998,1790296490585592858,29645059138780,29645059142883,1790296490349000000,1000,1
2373,153388896310018,1790296490590415098,29645064138780,29645064141624,1790296490354000000,1000,1
2374,153388900928991,1790296490595033831,29645069138780,29645069140402,1790296490359000000,1000,1
2375,153388905906855,1790296490600011996,29645074138780,29645074140439,1790296490364000000,1000,1
2376,153388911295800,1790296490605400650,29645079138780,29645079142846,1790296490369000000,1000,1
2377,153388916417226,1790296490610522677,29645084138780,29645084141587,1790296490374000000,1000,1
2378,153388921170143,1790296490615274852,29645089138780,29645089139846,1790296490379000000,1000,1
2379,153388926091049,1790296490620195889,29645094138780,29645094140365,1790296490384000000,1000,1
2380,153388931190665,1790296490625295505,29645099138780,29645099140809,1790296490389000000,1000,1
2381,153388936420586,1790296490630525426,29645104138780,29645104140328,1790296490394000000,1000,1
2382,153388941221454,1790296490635326575,29645109138780,29645109142846,1790296490399000000,1000,1
2383,153388947954404,1790296490642058322,29645114138780,29645114140291,1790296490404000000,1000,1
2384,153388951202591,1790296490645307831,29645119138780,29645119140550,1790296490409000000,1000,1
2385,153388957171302,1790296490651276172,29645124138780,29645124140069,1790296490414000000,1000,1
2386,153388961389386,1790296490655494236,29645129138780,29645129141698,1790296490419000000,1000,1
2387,153388966167583,1790296490660271511,29645134138780,29645134140143,1790296490424000000,1000,1
2388,153388971361495,1790296490665466385,29645139138780,29645139140069,1790296490429000000,1000,1
2389,153388975821228,1790296490669925357,29645144138780,29645144141402,1790296490434000000,1000,1
2390,153388981169524,1790296490675274404,29645149138780,29645149140476,1790296490439000000,1000,1
2391,153388986129425,1790296490680233363,29645154138780,29645154140587,1790296490444000000,1000,1
2392,153388992275823,1790296490686379601,29645159138780,29645159140735,1790296490449000000,1000,1
2393,153388996126873,1790296490690231733,29645164138780,29645164141624,1790296490454000000,1000,1
2394,153389001077615,1790296490695181533,29645169138780,29645169139698,1790296490459000000,1000,1
2395,153389006069445,1790296490700173353,29645174138780,29645174140735,1790296490464000000,1000,1
2396,153389011759349,1790296490705863187,29645179138780,29645179141106,1790296490469000000,1000,1
2397,153389016111938,1790296490710215164,29645184138780,29645184139957,1790296490474000000,1000,1
2398,153389020872381,1790296490714975337,29645189138780,29645189142106,1790296490479000000,1000,1
2399,153389025803325,1790296490719906282,29645194138780,29645194140995,1790296490484000000,1000,1
2400,153389058756001,1790296490752861121,29645199138780,29645226076069,1790296490515000000,1000,1
2401,153389059636399,1790296490753741119,29645204138780,29645226517439,1790296490516000000,1000,1
2402,153389059675944,1790296490753778871,29645209138780,29645227495032,1790296490517000000,1000,1
2403,153389059682918,1790296490753785764,29645214138780,29645227852143,1790296490517000000,1000,1
2404,153389059769642,1790296490753872688,29645219138780,29645228240365,1790296490518000000,1000,1
2405,153389060114606,1790296490754217652,29645224138780,29645228538772,1790296490518000000,1000,1
2406,153389060881779,1790296490754986579,29645229138780,29645229140402,1790296490519000000,1000,1
2407,153389066070833,1790296490760175793,29645234138780,29645234140809,1790296490524000000,1000,1
2408,153389071391476,1790296490765496336,29645239138780,29645239141698,1790296490529000000,1000,1
2409,153389076277485,1790296490770382596,29645244138780,29645244139550,1790296490534000000,1000,1
2410,153389081392589,1790296490775496507,29645249138780,29645249140254,1790296490539000000,1000,1
2411,153389086296222,1790296490780401072,29645254138780,29645254140402,1790296490544000000,1000,1
2412,153389091301379,1790296490785406329,29645259138780,29645259141254,1790296490549000000,1000,1
2413,153389096587767,1790296490790692607,29645264138780,29645264140883,1790296490554000000,1000,1
2414,153389100757430,1790296490794860597,29645269138780,29645269140180,1790296490559000000,1000,1
2415,153389106152245,1790296490800255412,29645274138780,29645274142291,1790296490564000000,1000,1
2416,153389111240158,1790296490805344366,29645279138780,29645279140069,1790296490569000000,1000,1
2417,153389116418110,1790296490810523171,29645284138780,29645284141883,1790296490574000000,1000,1
2418,153389121207368,1790296490815312218,29645289138780,29645289142180,1790296490579000000,1000,1
2419,153389126588466,1790296490820693346,29645294138780,29645294139883,1790296490584000000,1000,1
2420,153389131023212,1790296490825127120,29645299138780,29645299140735,1790296490589000000,1000,1
2421,153389136148647,1790296490830253447,29645304138780,29645304140069,1790296490594000000,1000,1
2422,153389141411631,1790296490835516641,29645309138780,29645309141069,1790296490599000000,1000,1
2423,153389146407058,1790296490840512098,29645314138780,29645314142143,1790296490604000000,1000,1
2424,153389152254119,1790296490846359520,29645319138780,29645319139920,1790296490609000000,1000,1
2425,153389156224995,1790296490850329825,29645324138780,29645324139513,1790296490614000000,1000,1
2426,153389161758111,1790296490855863051,29645329138780,29645329142180,1790296490619000000,1000,1
2427,153389166409828,1790296490860513656,29645334138780,29645334142772,1790296490624000000,1000,1
2428,153389171379106,1790296490865482083,29645339138780,29645339139735,1790296490629000000,1000,1
2429,153389175759189,1790296490869862135,29645344138780,29645344139624,1790296490634000000,1000,1
2430,153389180700373,1790296490874803279,29645349138780,29645349140587,1790296490639000000,1000,1
2431,153389186228470,1790296490880331366,29645354138780,29645354142031,1790296490644000000,1000,1
2432,153389191083050,1790296490885185926,29645359138780,29645359140994,1790296490649000000,1000,1
2433,153389196191682,1790296490890296662,29645364138780,29645364140772,1790296490654000000,1000,1
2434,153389201261571,1790296490895366511,29645369138780,29645369140513,1790296490659000000,1000,1
2435,153389206393577,1790296490900497495,29645374138780,29645374142624,1790296490664000000,1000,1
2436,153389211276461,1790296490905380400,29645379138780,29645379140365,1790296490669000000,1000,1
2437,153389217077996,1790296490911182976,29645384138780,29645384141513,1790296490674000000,1000,1
2438,153389221062948,1790296490915166606,29645389138780,29645389140550,1790296490679000000,1000,1
2439,153389225714715,1790296490919817922,29645394138780,29645394139476,1790296490684000000,1000,1
2440,153389231084993,1790296490925188891,29645399138780,29645399140661,1790296490689000000,1000,1
2441,153389236096982,1790296490930201962,29645404138780,29645404140550,1790296490694000000,1000,1
2442,153389241635478,1790296490935739387,29645409138780,29645409142994,1790296490699000000,1000,1
2443,153389246344063,1790296490940448872,29645414138780,29645414142365,1790296490704000000,1000,1
2444,153389251979893,1790296490946083831,29645419138780,29645419140994,1790296490709000000,1000,1
2445,153389256399911,1790296490950505492,29645424138780,29645424139809,1790296490714000000,1000,1
2446,153389261853346,1790296490955958266,29645429138780,29645429142105,1790296490719000000,1000,1
2447,153389266685976,1790296490960790816,29645434138780,29645434141291,1790296490724000000,1000,1
2448,153389271099541,1790296490965204751,29645439138780,29645439141624,1790296490729000000,1000,1
2449,153389276220305,1790296490970325135,29645444138780,29645444140624,1790296490734000000,1000,1
2450,153389281116706,1790296490975221797,29645449138780,29645449140105,1790296490739000000,1000,1
2451,153389286691671,1790296490980796561,29645454138780,29645454141291,1790296490744000000,1000,1
2452,153389291311378,1790296490985416348,29645459138780,29645459142957,1790296490749000000,1000,1
2453,153389296278912,1790296490990383702,29645464138780,29645464139365,1790296490754000000,1000,1
2454,153389300947290,1790296490995050427,29645469138780,29645469140217,1790296490759000000,1000,1
2455,153389306196207,1790296491000299384,29645474138780,29645474189068,1790296490764000000,1000,1
2456,153389311721370,1790296491005826230,29645479138780,29645479139920,1790296490769000000,1000,1
2457,153389316270653,1790296491010375833,29645484138780,29645484140513,1790296490774000000,1000,1
2458,153389321368974,1790296491015472893,29645489138780,29645489140105,1790296490779000000,1000,1
2459,153389326064713,1790296491020169693,29645494138780,29645494140624,1790296490784000000,1000,1
2460,153389330975570,1790296491025079498,29645499138780,29645499140142,1790296490789000000,1000,1
2461,153389336406103,1790296491030510953,29645504138780,29645504141661,1790296490794000000,1000,1
2462,153389341449060,1790296491035553889,29645509138780,29645509140994,1790296490799000000,1000,1
2463,153389346115495,1790296491040220325,29645514138780,29645514140587,1790296490804000000,1000,1
2464,153389352084547,1790296491046189447,29645519138780,29645519140513,1790296490809000000,1000,1
2465,153389357644775,1790296491051749615,29645524138780,29645524140735,1790296490814000000,1000,1
2466,153389361618426,1790296491055723226,29645529138780,29645529141105,1790296490819000000,1000,1
2467,153389366951112,1790296491061055992,29645534138780,29645534142587,1790296490824000000,1000,1
2468,153389371274246,1790296491065379387,29645539138780,29645539140883,1790296490829000000,1000,1
2469,153389376293248,1790296491070398188,29645544138780,29645544139846,1790296490834000000,1000,1
2470,153389381344372,1790296491075449403,29645549138780,29645549140550,1790296490839000000,1000,1
2471,153389386413880,1790296491080518739,29645554138780,29645554141587,1790296490844000000,1000,1
2472,153389391142152,1790296491085246992,29645559138780,29645559141142,1790296490849000000,1000,1
2473,153389396901306,1790296491091006747,29645564138780,29645564139994,1790296490854000000,1000,1
2474,153389401872708,1790296491095977638,29645569138780,29645569139661,1790296490859000000,1000,1
2475,153389406487345,1790296491100592225,29645574138780,29645574142254,1790296490864000000,1000,1
2476,153389411457494,1790296491105561412,29645579138780,29645579142328,1790296490869000000,1000,1
2477,153389416107456,1790296491110212336,29645584138780,29645584140846,1790296490874000000,1000,1
2478,153389421947513,1790296491116052333,29645589138780,29645589140068,1790296490879000000,1000,1
2479,153389426143637,1790296491120247555,29645594138780,29645594140068,1790296490884000000,1000,1
2480,153389431376364,1790296491125481224,29645599138780,29645599141439,1790296490889000000,1000,1
2481,153389440540495,1790296491134645325,29645604138780,29645604140513,1790296490894000000,1000,1
2482,153389441352534,1790296491135457444,29645609138780,29645609187291,1790296490899000000,1000,1
2483,153389446271205,1790296491140376085,29645614138780,29645614140365,1790296490904000000,1000,1
2484,153389451325313,1790296491145430093,29645619138780,29645619142365,1790296490909000000,1000,1
2485,153389461496650,1790296491155601480,29645624138780,29645624140179,1790296490914000000,1000,1
2486,153389461538560,1790296491155641486,29645629138780,29645629140957,1790296490919000000,1000,1
2487,153389466506464,1790296491160611755,29645634138780,29645634141142,1790296490924000000,1000,1
2488,153389471372847,1790296491165477696,29645639138780,29645639141920,1790296490929000000,1000,1
2489,153389476497087,1790296491170601967,29645644138780,29645644140365,1790296490934000000,1000,1
2490,153389481313176,1790296491175418046,29645649138780,29645649142179,1790296490939000000,1000,1
2491,153389487135650,1790296491181240470,29645654138780,29645654141253,1790296490944000000,1000,1
2492,153389491088412,1790296491185193292,29645659138780,29645659140698,1790296490949000000,1000,1
2493,153389496291031,1790296491190395841,29645664138780,29645664139698,1790296490954000000,1000,1
2494,153389501310394,1790296491195414322,29645669138780,29645669140291,1790296490959000000,1000,1
2495,153389506170636,1790296491200273792,29645674138780,29645674142179,1790296490964000000,1000,1
2496,153389511457836,1790296491205561744,29645679138780,29645679140698,1790296490969000000,1000,1
2497,153389516156272,1790296491210261102,29645684138780,29645684139513,1790296490974000000,1000,1
2498,153389521352739,1790296491215457569,29645689138780,29645689140179,1790296490979000000,1000,1
2499,153389526423699,1790296491220528850,29645694138780,29645694142179,1790296490984000000,1000,1
2500,153389531816071,1790296491225920911,29645699138780,29645699140809,1790296490989000000,1000,1
2501,153389536192055,1790296491230296895,29645704138780,29645704140550,1790296490994000000,1000,1
2502,153389541187682,1790296491235292552,29645709138780,29645709139809,1790296490999000000,1000,1
2503,153389546773628,1790296491240878468,29645714138780,29645714142883,1790296491004000000,1000,1
2504,153389551733779,1790296491245838629,29645719138780,29645719140402,1790296491009000000,1000,1
2505,153389556197599,1790296491250302468,29645724138780,29645724139587,1790296491014000000,1000,1
2506,153389562045223,1790296491256150113,29645729138780,29645729140031,1790296491019000000,1000,1
2507,153389566549649,1790296491260654519,29645734138780,29645734141031,1790296491024000000,1000,1
2508,153389571663580,1790296491265768460,29645739138780,29645739140365,1790296491029000000,1000,1
2509,153389577401504,1790296491271506414,29645744138780,29645744140698,1790296491034000000,1000,1
2510,153389581267622,1790296491275372542,29645749138780,29645749141624,1790296491039000000,1000,1
2511,153389585932394,1790296491280036673,29645754138780,29645754139735,1790296491044000000,1000,1
2512,153389591400266,1790296491285505276,29645759138780,29645759140290,1790296491049000000,1000,1
2513,153389595969907,1790296491290073805,29645764138780,29645764139698,1790296491054000000,1000,1
2514,153389601548419,1790296491295653440,29645769138780,29645769140179,1790296491059000000,1000,1
2515,153389606473183,1790296491300577091,29645774138780,29645774142883,1790296491064000000,1000,1
2516,153389611345598,1790296491305449506,29645779138780,29645779141068,1790296491069000000,1000,1
2517,153389616094690,1790296491310199550,29645784138780,29645784139772,1790296491074000000,1000,1
2518,153389622211181,1790296491316315109,29645789138780,29645789140661,1790296491079000000,1000,1
2519,153389626631449,1790296491320735367,29645794138780,29645794140513,1790296491084000000,1000,1
2520,153389631583725,1790296491325688555,29645799138780,29645799139957,1790296491089000000,1000,1
2521,153389636388380,1790296491330493341,29645804138780,29645804142327,1790296491094000000,1000,1
2522,153389641092766,1790296491335197986,29645809138780,29645809140698,1790296491099000000,1000,1
2523,153389646017558,1790296491340121477,29645814138780,29645814140365,1790296491104000000,1000,1
2524,153389651350686,1790296491345454885,29645819138780,29645819140846,1790296491109000000,1000,1
2525,153389656558285,1790296491350663175,29645824138780,29645824142772,1790296491114000000,1000,1
2526,153389664344923,1790296491358449753,29645829138780,29645829142735,1790296491119000000,1000,1
2527,153389666674518,1790296491360778647,29645834138780,29645834139402,1790296491124000000,1000,1
2528,153389671103883,1790296491365207792,29645839138780,29645839139364,1790296491129000000,1000,1
2529,153389676497315,1790296491370602155,29645844138780,29645844142068,1790296491134000000,1000,1
2530,153389681462524,1790296491375567514,29645849138780,29645849143142,1790296491139000000,1000,1
2531,153389686128759,1790296491380233569,29645854138780,29645854139513,1790296491144000000,1000,1
2532,153389691211662,1790296491385316492,29645859138780,29645859140476,1790296491149000000,1000,1
2533,153389696086522,1790296491390191362,29645864138780,29645864140253,1790296491154000000,1000,1
2534,153389701378811,1790296491395482739,29645869138780,29645869141920,1790296491159000000,1000,1
2535,153389707294632,1790296491401399492,29645874138780,29645874141364,1790296491164000000,1000,1
2536,153389711442404,1790296491405547224,29645879138780,29645879140772,1790296491169000000,1000,1
2537,153389716120690,1790296491410225549,29645884138780,29645884139587,1790296491174000000,1000,1
2538,153389721365341,1790296491415470561,29645889138780,29645889141883,1790296491179000000,1000,1
2539,153389728156541,1790296491422261621,29645894138780,29645894141216,1790296491184000000,1000,1
2540,153389731095911,1790296491425200791,29645899138780,29645899141253,1790296491189000000,1000,1
2541,153389736166630,1790296491430271470,29645904138780,29645904141068,1790296491194000000,1000,1
2542,153389741073351,1790296491435178191,29645909138780,29645909139698,1790296491199000000,1000,1
2543,153389746428980,1790296491440533870,29645914138780,29645914140698,1790296491204000000,1000,1
2544,153389751652882,1790296491445756700,29645919138780,29645919142401,1790296491209000000,1000,1
2545,153389756338342,1790296491450443452,29645924138780,29645924192661,1790296491214000000,1000,1
2546,153389761178755,1790296491455283565,29645929138780,29645929140994,1790296491219000000,1000,1
2547,153389766758861,1790296491460863781,29645934138780,29645934140216,1790296491224000000,1000,1
2548,153389771613231,1790296491465718321,29645939138780,29645939139920,1790296491229000000,1000,1
2549,153389776332315,1790296491470437135,29645944138780,29645944140698,1790296491234000000,1000,1
2550,153389781382225,1790296491475487105,29645949138780,29645949140735,1790296491239000000,1000,1
2551,153389786656783,1790296491480762184,29645954138780,29645954140920,1790296491244000000,1000,1
2552,153389791342213,1790296491485447323,29645959138780,29645959142179,1790296491249000000,1000,1
2553,153389796093980,1790296491490198779,29645964138780,29645964140438,1790296491254000000,1000,1
2554,153389801775557,1790296491495880667,29645969138780,29645969188031,1790296491259000000,1000,1
2555,153389806694148,1790296491500798998,29645974138780,29645974141587,1790296491264000000,1000,1
2556,153389811353779,1790296491505458700,29645979138780,29645979140216,1790296491269000000,1000,1
2557,153389816223889,1790296491510328719,29645984138780,29645984140550,1790296491274000000,1000,1
2558,153389821061017,1790296491515164915,29645989138780,29645989140624,1790296491279000000,1000,1
2559,153389826151745,1790296491520256635,29645994138780,29645994140809,1790296491284000000,1000,1
2560,153389832131259,1790296491526236139,29645999138780,29645999141513,1790296491289000000,1000,1
2561,153389836743619,1790296491530848459,29646004138780,29646004139957,1790296491294000000,1000,1
2562,153389841106898,1790296491535211778,29646009138780,29646009140772,1790296491299000000,1000,1
2563,153389846282778,1790296491540387648,29646014138780,29646014189661,1790296491304000000,1000,1
2564,153389851291812,1790296491545396752,29646019138780,29646019142438,1790296491309000000,1000,1
2565,153389856286608,1790296491550391468,29646024138780,29646024141438,1790296491314000000,1000,1
2566,153389861218284,1790296491555323755,29646029138780,29646029140920,1790296491319000000,1000,1
2567,153389869355867,1790296491563459675,29646034138780,29646034140846,1790296491324000000,1000,1
2568,153389871462629,1790296491565566527,29646039138780,29646039140216,1790296491329000000,1000,1
2569,153389877158694,1790296491571263864,29646044138780,29646044140290,1790296491334000000,1000,1
2570,153389881506455,1790296491575611515,29646049138780,29646049140513,1790296491339000000,1000,1
2571,153389886288668,1790296491580393548,29646054138780,29646054141994,1790296491344000000,1000,1
2572,153389891206330,1790296491585311139,29646059138780,29646059188364,1790296491349000000,1000,1
2573,153389896093721,1790296491590198581,29646064138780,29646064140216,1790296491354000000,1000,1
2574,153389901265633,1790296491595370452,29646069138780,29646069140512,1790296491359000000,1000,1
2575,153389906331142,1790296491600435050,29646074138780,29646074142290,1790296491364000000,1000,1
2576,153389911181063,1790296491605285913,29646079138780,29646079141587,1790296491369000000,1000,1
2577,153389916222800,1790296491610327650,29646084138780,29646084140809,1790296491374000000,1000,1
2578,153389921097539,1790296491615202379,29646089138780,29646089140920,1790296491379000000,1000,1
2579,153389926306391,1790296491620410629,29646094138780,29646094142550,1790296491384000000,1000,1
2580,153389931525012,1790296491625630172,29646099138780,29646099142883,1790296491389000000,1000,1
2581,153389937692330,1790296491631797189,29646104138780,29646104165957,1790296491394000000,1000,1
2582,153389941283716,1790296491635388626,29646109138780,29646109140512,1790296491399000000,1000,1
2583,153389946506795,1790296491640610703,29646114138780,29646114140883,1790296491404000000,1000,1
2584,153389951415057,1790296491645519857,29646119138780,29646119142883,1790296491409000000,1000,1
2585,153389957502455,1790296491651607335,29646124138780,29646124142772,1790296491414000000,1000,1
2586,153389961326271,1790296491655431041,29646129138780,29646129140068,1790296491419000000,1000,1
2587,153389966747705,1790296491660852926,29646134138780,29646134140957,1790296491424000000,1000,1
2588,153389971573170,1790296491665678050,29646139138780,29646139141327,1790296491429000000,1000,1
2589,153389977230663,1790296491671335403,29646144138780,29646144140920,1790296491434000000,1000,1
2590,153389982134096,1790296491676238966,29646149138780,29646149188327,1790296491439000000,1000,1
2591,153389986274202,1790296491680379082,29646154138780,29646154139401,1790296491444000000,1000,1
2592,153389992076119,1790296491686181059,29646159138780,29646159139401,1790296491449000000,1000,1
2593,153389996747212,1790296491690852061,29646164138780,29646164142068,1790296491454000000,1000,1
2594,153390002383574,1790296491696487472,29646169138780,29646169142068,1790296491459000000,1000,1
2595,153390006351444,1790296491700455372,29646174138780,29646174140142,1790296491464000000,1000,1
2596,153390011071941,1790296491705176230,29646179138780,29646179140142,1790296491469000000,1000,1
2597,153390016309427,1790296491710412433,29646184138780,29646184142290,1790296491474000000,1000,1
2598,153390021142917,1790296491715246094,29646189138780,29646189140735,1790296491479000000,1000,1
2599,153390026342422,1790296491720445588,29646194138780,29646194141401,1790296491484000000,1000,1
2600,153390054134113,1790296491748239094,29646199138780,29646221789475,1790296491511000000,1000,1
2601,153390054184870,1790296491748287796,29646204138780,29646222206549,1790296491512000000,1000,1
2602,153390054191382,1790296491748294238,29646209138780,29646222495401,1790296491512000000,1000,1
2603,153390054196281,1790296491748299147,29646214138780,29646222748994,1790296491512000000,1000,1
2604,153390054824923,1790296491748929813,29646219138780,29646222995142,1790296491512000000,1000,1
2605,153390056027202,1790296491750131922,29646224138780,29646224140179,1790296491514000000,1000,1
2606,153390061492619,1790296491755597459,29646229138780,29646229140772,1790296491519000000,1000,1
2607,153390067263789,1790296491761368929,29646234138780,29646234140549,1790296491524000000,1000,1
2608,153390075307182,1790296491769412132,29646239138780,29646239193920,1790296491529000000,1000,1
2609,153390076471769,1790296491770576589,29646244138780,29646244140549,1790296491534000000,1000,1
2610,153390082691409,1790296491776796549,29646249138780,29646249140883,1790296491539000000,1000,1
2611,153390086556964,1790296491780660892,29646254138780,29646254142068,1790296491544000000,1000,1
2612,153390092310207,1790296491786415047,29646259138780,29646259143031,1790296491549000000,1000,1
2613,153390096403204,1790296491790508043,29646264138780,29646264139809,1790296491554000000,1000,1
2614,153390101238709,1790296491795342617,29646269138780,29646269139549,1790296491559000000,1000,1
2615,153390106417603,1790296491800521832,29646274138780,29646274140290,1790296491564000000,1000,1
2616,153390111204807,1790296491805308715,29646279138780,29646279140772,1790296491569000000,1000,1
2617,153390116953323,1790296491811058193,29646284138780,29646284140179,1790296491574000000,1000,1
2618,153390121323264,1790296491815427172,29646289138780,29646289140216,1790296491579000000,1000,1
2619,153390125950473,1790296491820054391,29646294138780,29646294139661,1790296491584000000,1000,1
2620,153390131745746,1790296491825850525,29646299138780,29646299140883,1790296491589000000,1000,1
2621,153390136436898,1790296491830541798,29646304138780,29646304141846,1790296491594000000,1000,1
2622,153390141180287,1790296491835285177,29646309138780,29646309139623,1790296491599000000,1000,1
2623,153390146230348,1790296491840334256,29646314138780,29646314139401,1790296491604000000,1000,1
2624,153390151626907,1790296491845731776,29646319138780,29646319141586,1790296491609000000,1000,1
2625,153390156457070,1790296491850561900,29646324138780,29646324140698,1790296491614000000,1000,1
2626,153390161874707,1790296491855979867,29646329138780,29646329141364,1790296491619000000,1000,1
2627,153390165787273,1790296491859891111,29646334138780,29646334140512,1790296491624000000,1000,1
2628,153390170979824,1790296491865083121,29646339138780,29646339139512,1790296491629000000,1000,1
2629,153390176166644,1790296491870269831,29646344138780,29646344142068,1790296491634000000,1000,1
2630,153390181892226,1790296491875995503,29646349138780,29646349140253,1790296491639000000,1000,1
2631,153390186106572,1790296491880209829,29646354138780,29646354141031,1790296491644000000,1000,1
2632,153390190973818,1790296491885077034,29646359138780,29646359139698,1790296491649000000,1000,1
2633,153390196950504,1790296491891055504,29646364138780,29646364142660,1790296491654000000,1000,1
2634,153390201416999,1790296491895522120,29646369138780,29646369142623,1790296491659000000,1000,1
2635,153390206753874,1790296491900858834,29646374138780,29646374139920,1790296491664000000,1000,1
2636,153390210809730,1790296491904914310,29646379138780,29646379140586,1790296491669000000,1000,1
2637,153390216334670,1790296491910439500,29646384138780,29646384140772,1790296491674000000,1000,1
2638,153390221439807,1790296491915543705,29646389138780,29646389141809,1790296491679000000,1000,1
2639,153390226651173,1790296491920756053,29646394138780,29646394142957,1790296491684000000,1000,1
2640,153390231742443,1790296491925846411,29646399138780,29646399140846,1790296491689000000,1000,1
2641,153390236382779,1790296491930487969,29646404138780,29646404140883,1790296491694000000,1000,1
2642,153390241653327,1790296491935757165,29646409138780,29646409140809,1790296491699000000,1000,1
2643,153390246282861,1790296491940386789,29646414138780,29646414142216,1790296491704000000,1000,1
2644,153390251841526,1790296491945946366,29646419138780,29646419140697,1790296491709000000,1000,1
2645,153390255824825,1790296491949928723,29646424138780,29646424139735,1790296491714000000,1000,1
2646,153390261081919,1790296491955186929,29646429138780,29646429139809,1790296491719000000,1000,1
2647,153390266732358,1790296491960836256,29646434138780,29646434140290,1790296491724000000,1000,1
2648,153390272222212,1790296491966327052,29646439138780,29646439142846,1790296491729000000,1000,1
2649,153390278831569,1790296491972936489,29646444138780,29646444140623,1790296491734000000,1000,1
2650,153390281163278,1790296491975268118,29646449138780,29646449140660,1790296491739000000,1000,1
2651,153390287341088,1790296491981445908,29646454138780,29646454141105,1790296491744000000,1000,1
2652,153390291206824,1790296491985310722,29646459138780,29646459141438,1790296491749000000,1000,1
2653,153390296796326,1790296491990901797,29646464138780,29646464143697,1790296491754000000,1000,1
2654,153390300957963,1790296491995061861,29646469138780,29646469139586,1790296491759000000,1000,1
2655,153390305986363,1790296492000090272,29646474138780,29646474140068,1790296491764000000,1000,1
2656,153390311345980,1790296492005450770,29646479138780,29646479141772,1790296491769000000,1000,1
2657,153390316383469,1790296492010488318,29646484138780,29646484140253,1790296491774000000,1000,1
2658,153390321251013,1790296492015354911,29646489138780,29646489140364,1790296491779000000,1000,1
2659,153390326087189,1790296492020191077,29646494138780,29646494140772,1790296491784000000,1000,1
2660,153390331687573,1790296492025792743,29646499138780,29646499141253,1790296491789000000,1000,1
2661,153390336330491,1790296492030435311,29646504138780,29646504140364,1790296491794000000,1000,1
2662,153390342722126,1790296492036827016,29646509138780,29646509141586,1790296491799000000,1000,1
2663,153390345980561,1790296492040084459,29646514138780,29646514140253,1790296491804000000,1000,1
2664,153390351123608,1790296492045228478,29646519138780,29646519140438,1790296491809000000,1000,1
2665,153390356249093,1790296492050353031,29646524138780,29646524143068,1790296491814000000,1000,1
2666,153390362082489,1790296492056187319,29646529138780,29646529141846,1790296491819000000,1000,1
2667,153390366277278,1790296492060382158,29646534138780,29646534140846,1790296491824000000,1000,1
2668,153390371125737,1790296492065230967,29646539138780,29646539139327,1790296491829000000,1000,1
2669,153390376436263,1790296492070541093,29646544138780,29646544141883,1790296491834000000,1000,1
2670,153390381417243,1790296492075522062,29646549138780,29646549142179,1790296491839000000,1000,1
2671,153390386230385,1790296492080334313,29646554138780,29646554143179,1790296491844000000,1000,1
2672,153390391867027,1790296492085972207,29646559138780,29646559140253,1790296491849000000,1000,1
2673,153390396340406,1790296492090444334,29646564138780,29646564140290,1790296491854000000,1000,1
2674,153390401402519,1790296492095506417,29646569138780,29646569141808,1790296491859000000,1000,1
2675,153390406183631,1790296492100287409,29646574138780,29646574141623,1790296491864000000,1000,1
2676,153390411153560,1790296492105258490,29646579138780,29646579139586,1790296491869000000,1000,1
2677,153390416202890,1790296492110307670,29646584138780,29646584140846,1790296491874000000,1000,1
2678,153390421566134,1790296492115671024,29646589138780,29646589141031,1790296491879000000,1000,1
2679,153390427148977,1790296492121253806,29646594138780,29646594142586,1790296491884000000,1000,1
2680,153390431431182,1790296492125536062,29646599138780,29646599140623,1790296491889000000,1000,1
2681,153390436200200,1790296492130305250,29646604138780,29646604141105,1790296491894000000,1000,1
2682,153390441167866,1790296492135272976,29646609138780,29646609140327,1790296491899000000,1000,1
2683,153390446589741,1790296492140694571,29646614138780,29646614142142,1790296491904000000,1000,1
2684,153390452146814,1790296492146251694,29646619138780,29646619140920,1790296491909000000,1000,1
2685,153390456188093,1790296492150292912,29646624138780,29646624139697,1790296491914000000,1000,1
2686,153390461243222,1790296492155348062,29646629138780,29646629140512,1790296491919000000,1000,1
2687,153390466419825,1790296492160524695,29646634138780,29646634141142,1790296491924000000,1000,1
2688,153390471276088,1790296492165380918,29646639138780,29646639140216,1790296491929000000,1000,1
2689,153390476238852,1790296492170343692,29646644138780,29646644205586,1790296491934000000,1000,1
2690,153390484462378,1790296492178567268,29646649138780,29646649140771,1790296491939000000,1000,1
2691,153390486099821,1790296492180204661,29646654138780,29646654140031,1790296491944000000,1000,1
2692,153390492409880,1790296492186514750,29646659138780,29646659142031,1790296491949000000,1000,1
2693,153390497136709,1790296492191241589,29646664138780,29646664142512,1790296491954000000,1000,1
2694,153390501145847,1790296492195250647,29646669138780,29646669139734,1790296491959000000,1000,1
2695,153390506019133,1790296492200123352,29646674138780,29646674140957,1790296491964000000,1000,1
2696,153390511397698,1790296492205502889,29646679138780,29646679140142,1790296491969000000,1000,1
2697,153390516235516,1790296492210340476,29646684138780,29646684140734,1790296491974000000,1000,1
2698,153390521375376,1790296492215480116,29646689138780,29646689140179,1790296491979000000,1000,1
2699,153390526218695,1790296492220323545,29646694138780,29646694140031,1790296491984000000,1000,1
2700,153390531286288,1790296492225391239,29646699138780,29646699139920,1790296491989000000,1000,1
2701,153390536414249,1790296492230519399,29646704138780,29646704141290,1790296491994000000,1000,1
2702,153390542452523,1790296492236557664,29646709138780,29646709142216,1790296491999000000,1000,1
2703,153390546932082,1790296492241036962,29646714138780,29646714141068,1790296492004000000,1000,1
2704,153390551129859,1790296492245235280,29646719138780,29646719140734,1790296492009000000,1000,1
2705,153390556379948,1790296492250483857,29646724138780,29646724140734,1790296492014000000,1000,1
2706,153390561393630,1790296492255498510,29646729138780,29646729140031,1790296492019000000,1000,1
2707,153390566444103,1790296492260548953,29646734138780,29646734217957,1790296492024000000,1000,1
2708,153390571311898,1790296492265416748,29646739138780,29646739141957,1790296492029000000,1000,1
2709,153390576204081,1790296492270309221,29646744138780,29646744139512,1790296492034000000,1000,1
2710,153390581323142,1790296492275428002,29646749138780,29646749140845,1790296492039000000,1000,1
2711,153390587190703,1790296492281295533,29646754138780,29646754140401,1790296492044000000,1000,1
2712,153390591524767,1790296492285630208,29646759138780,29646759141401,1790296492049000000,1000,1
2713,153390597307177,1790296492291412037,29646764138780,29646764141105,1790296492054000000,1000,1
2714,153390601217808,1790296492295322988,29646769138780,29646769141105,1790296492059000000,1000,1
2715,153390605862661,1790296492299967491,29646774138780,29646774139401,1790296492064000000,1000,1
2716,153390611448297,1790296492305553107,29646779138780,29646779220771,1790296492069000000,1000,1
2717,153390617235174,1790296492311340014,29646784138780,29646784142068,1790296492074000000,1000,1
2718,153390621724142,1790296492315828741,29646789138780,29646789140734,1790296492079000000,1000,1
2719,153390627350514,1790296492321455404,29646794138780,29646794140327,1790296492084000000,1000,1
2720,153390631806278,1790296492325911218,29646799138780,29646799140438,1790296492089000000,1000,1
2721,153390636566752,1790296492330671592,29646804138780,29646804140919,1790296492094000000,1000,1
2722,153390642096632,1790296492336201512,29646809138780,29646809141623,1790296492099000000,1000,1
2723,153390646053742,1790296492340157630,29646814138780,29646814140290,1790296492104000000,1000,1
2724,153390651401847,1790296492345506697,29646819138780,29646819139586,1790296492109000000,1000,1
2725,153390656870663,1790296492350974571,29646824138780,29646824142105,1790296492114000000,1000,1
2726,153390661454911,1790296492355559791,29646829138780,29646829141734,1790296492119000000,1000,1
2727,153390666217438,1790296492360321306,29646834138780,29646834140290,1790296492124000000,1000,1
2728,153390671368682,1790296492365473672,29646839138780,29646839140586,1790296492129000000,1000,1
2729,153390676094458,1790296492370199348,29646844138780,29646844139994,1790296492134000000,1000,1
2730,153390681457802,1790296492375561770,29646849138780,29646849141697,1790296492139000000,1000,1
2731,153390688448401,1790296492382553371,29646854138780,29646854140475,1790296492144000000,1000,1
2732,153390691480297,1790296492385585187,29646859138780,29646859139771,1790296492149000000,1000,1
2733,153390696181396,1790296492390286617,29646864138780,29646864140179,1790296492154000000,1000,1
2734,153390702288541,1790296492396392439,29646869138780,29646869139919,1790296492159000000,1000,1
2735,153390706049519,1790296492400153777,29646874138780,29646874139845,1790296492164000000,1000,1
2736,153390711198949,1790296492405303689,29646879138780,29646879142327,1790296492169000000,1000,1
2737,153390716157606,1790296492410262446,29646884138780,29646884140845,1790296492174000000,1000,1
2738,153390721084134,1790296492415189034,29646889138780,29646889139512,1790296492179000000,1000,1
2739,153390726587524,1790296492420692363,29646894138780,29646894142697,1790296492184000000,1000,1
2740,153390732169313,1790296492426274153,29646899138780,29646899142734,1790296492189000000,1000,1
2741,153390736168141,1790296492430272049,29646904138780,29646904139364,1790296492194000000,1000,1
2742,153390741036207,1790296492435141137,29646909138780,29646909140031,1790296492199000000,1000,1
2743,153390746841279,1790296492440945268,29646914138780,29646914141031,1790296492204000000,1000,1
2744,153390752072182,1790296492446176852,29646919138780,29646919141586,1790296492209000000,1000,1
2745,153390756063398,1790296492450167316,29646924138780,29646924142734,1790296492214000000,1000,1
2746,153390761131693,1790296492455235621,29646929138780,29646929139956,1790296492219000000,1000,1
2747,153390765947980,1790296492460051889,29646934138780,29646934140697,1790296492224000000,1000,1
2748,153390771558504,1790296492465663664,29646939138780,29646939295327,1790296492229000000,1000,1
2749,153390776455905,1790296492470560725,29646944138780,29646944141771,1790296492234000000,1000,1
2750,153390781646814,1790296492475750772,29646949138780,29646949140882,1790296492239000000,1000,1
2751,153390786103469,1790296492480208339,29646954138780,29646954140919,1790296492244000000,1000,1
2752,153390791374440,1790296492485479591,29646959138780,29646959140956,1790296492249000000,1000,1
2753,153390796440672,1790296492490545843,29646964138780,29646964141290,1790296492254000000,1000,1
2754,153390801237665,1790296492495342545,29646969138780,29646969140623,1790296492259000000,1000,1
2755,153390806173038,1790296492500276946,29646974138780,29646974140475,1790296492264000000,1000,1
2756,153390811929456,1790296492506034316,29646979138780,29646979140993,1790296492269000000,1000,1
2757,153390816483559,1790296492510588419,29646984138780,29646984141586,1790296492274000000,1000,1
2758,153390821792500,1790296492515897350,29646989138780,29646989140660,1790296492279000000,1000,1
2759,153390826068455,1790296492520172404,29646994138780,29646994140845,1790296492284000000,1000,1
2760,153390831224687,1790296492525329537,29646999138780,29646999140882,1790296492289000000,1000,1
2761,153390836400726,1790296492530505876,29647004138780,29647004140956,1790296492294000000,1000,1
2762,153390841448011,1790296492535552851,29647009138780,29647009142549,1790296492299000000,1000,1
2763,153390846137009,1790296492540241849,29647014138780,29647014141697,1790296492304000000,1000,1
2764,153390851223298,1790296492545328178,29647019138780,29647019140142,1790296492309000000,1000,1
2765,153390856156619,1790296492550261449,29647024138780,29647024140290,1790296492314000000,1000,1
2766,153390861484465,1790296492555589376,29647029138780,29647029142105,1790296492319000000,1000,1
2767,153390867183998,1790296492561288868,29647034138780,29647034140993,1790296492324000000,1000,1
2768,153390871168509,1790296492565273319,29647039138780,29647039140179,1790296492329000000,1000,1
2769,153390876091579,1790296492570196629,29647044138780,29647044139808,1790296492334000000,1000,1
2770,153390881830637,1790296492575935547,29647049138780,29647049139993,1790296492339000000,1000,1
2771,153390886291110,1790296492580395950,29647054138780,29647054139845,1790296492344000000,1000,1
2772,153390893050590,1790296492587155420,29647059138780,29647059141771,1790296492349000000,1000,1
2773,153390896215007,1790296492590319806,29647064138780,29647064140512,1790296492354000000,1000,1
2774,153390902077198,1790296492596181987,29647069138780,29647069139401,1790296492359000000,1000,1
2775,153390906185563,1790296492600289501,29647074138780,29647074141549,1790296492364000000,1000,1
2776,153390911417689,1790296492605522559,29647079138780,29647079140919,1790296492369000000,1000,1
2777,153390916240721,1790296492610345531,29647084138780,29647084139808,1790296492374000000,1000,1
2778,153390923538653,1790296492617643472,29647089138780,29647089140882,1790296492379000000,1000,1
2779,153390926511488,1790296492620615466,29647094138780,29647094139660,1790296492384000000,1000,1
2780,153390931638133,1790296492625743013,29647099138780,29647099140364,1790296492389000000,1000,1
2781,153390936434552,1790296492630539382,29647104138780,29647104140919,1790296492394000000,1000,1
2782,153390941202588,1790296492635307468,29647109138780,29647109139771,1790296492399000000,1000,1
2783,153390946240245,1790296492640345155,29647114138780,29647114140179,1790296492404000000,1000,1
2784,153390951565970,1790296492645670900,29647119138780,29647119140882,1790296492409000000,1000,1
2785,153390957179028,1790296492651283877,29647124138780,29647124140253,1790296492414000000,1000,1
2786,153390961444412,1790296492655549402,29647129138780,29647129141734,1790296492419000000,1000,1
2787,153390966253586,1790296492660358396,29647134138780,29647134141993,1790296492424000000,1000,1
2788,153390972094217,1790296492666199347,29647139138780,29647139140141,1790296492429000000,1000,1
2789,153390976043531,1790296492670147539,29647144138780,29647144140290,1790296492434000000,1000,1
2790,153390981083915,1790296492675188775,29647149138780,29647149139660,1790296492439000000,1000,1
2791,153390986426670,1790296492680531530,29647154138780,29647154140364,1790296492444000000,1000,1
2792,153390992973076,1790296492687077956,29647159138780,29647159140104,1790296492449000000,1000,1
2793,153390997018995,1790296492691123885,29647164138780,29647164140327,1790296492454000000,1000,1
2794,153391001252478,1790296492695356376,29647169138780,29647169139808,1790296492459000000,1000,1
2795,153391006271721,1790296492700375649,29647174138780,29647174141216,1790296492464000000,1000,1
2796,153391011230839,1790296492705335909,29647179138780,29647179142216,1790296492469000000,1000,1
2797,153391016705045,1790296492710809294,29647184138780,29647184141179,1790296492474000000,1000,1
2798,153391020895266,1790296492714998192,29647189138780,29647189140623,1790296492479000000,1000,1
2799,153391026090773,1790296492720193640,29647194138780,29647194140919,1790296492484000000,1000,1
2800,153391045307883,1790296492739413044,29647199138780,29647212738067,1790296492502000000,1000,1
2801,153391045351716,1790296492739454622,29647204138780,29647213273141,1790296492503000000,1000,1
2802,153391045493385,1790296492739596541,29647209138780,29647213688178,1790296492503000000,1000,1
2803,153391046311596,1790296492740416315,29647214138780,29647214141697,1790296492504000000,1000,1
2804,153391051531029,1790296492745635869,29647219138780,29647219141993,1790296492509000000,1000,1
2805,153391056366382,1790296492750471202,29647224138780,29647224142512,1790296492514000000,1000,1
2806,153391061427193,1790296492755532033,29647229138780,29647229141475,1790296492519000000,1000,1
2807,153391066244632,1790296492760348530,29647234138780,29647234139623,1790296492524000000,1000,1
2808,153391071144248,1790296492765249709,29647239138780,29647239139919,1790296492529000000,1000,1
2809,153391076104338,1790296492770208256,29647244138780,29647244140475,1790296492534000000,1000,1
2810,153391081258226,1790296492775363076,29647249138780,29647249139771,1790296492539000000,1000,1
2811,153391086327163,1790296492780431091,29647254138780,29647254143253,1790296492544000000,1000,1
2812,153391092175838,1790296492786280718,29647259138780,29647259140771,1790296492549000000,1000,1
2813,153391097680871,1790296492791785681,29647264138780,29647264139771,1790296492554000000,1000,1
2814,153391101234025,1790296492795338314,29647269138780,29647269139845,1790296492559000000,1000,1
2815,153391107312155,1790296492801416083,29647274138780,29647274140067,1790296492564000000,1000,1
2816,153391111584962,1790296492805689792,29647279138780,29647279142660,1790296492569000000,1000,1
2817,153391116415238,1790296492810520037,29647284138780,29647284142586,1790296492574000000,1000,1
2818,153391121364787,1790296492815469677,29647289138780,29647289140623,1790296492579000000,1000,1
2819,153391126279632,1790296492820383560,29647294138780,29647294139697,1790296492584000000,1000,1
2820,153391131468045,1790296492825572875,29647299138780,29647299143104,1790296492589000000,1000,1
2821,153391137270792,1790296492831375732,29647304138780,29647304142178,1790296492594000000,1000,1
2822,153391141313936,1790296492835418766,29647309138780,29647309140549,1790296492599000000,1000,1
2823,153391146297991,1790296492840402841,29647314138780,29647314139660,1790296492604000000,1000,1
2824,153391152125056,1790296492846229986,29647319138780,29647319140956,1790296492609000000,1000,1
2825,153391156355694,1790296492850460504,29647324138780,29647324141697,1790296492614000000,1000,1
2826,153391162335698,1790296492856439646,29647329138780,29647329141364,1790296492619000000,1000,1
2827,153391165948505,1790296492860052373,29647334138780,29647334140104,1790296492624000000,1000,1
2828,153391170747530,1790296492864850757,29647339138780,29647339140438,1790296492629000000,1000,1
2829,153391176087140,1790296492870190357,29647344138780,29647344139882,1790296492634000000,1000,1
2830,153391181030628,1790296492875133855,29647349138780,29647349141845,1790296492639000000,1000,1
2831,153391186310816,1790296492880414033,29647354138780,29647354140215,1790296492644000000,1000,1
2832,153391191013638,1790296492885116795,29647359138780,29647359139771,1790296492649000000,1000,1
2833,153391196317451,1790296492890420738,29647364138780,29647364141734,1790296492654000000,1000,1
2834,153391201421824,1790296492895525752,29647369138780,29647369140549,1790296492659000000,1000,1
2835,153391206637279,1790296492900742059,29647374138780,29647374139919,1790296492664000000,1000,1
2836,153391211287983,1790296492905391911,29647379138780,29647379140993,1790296492669000000,1000,1
2837,153391215919362,1790296492910023290,29647384138780,29647384139401,1790296492674000000,1000,1
2838,153391221229966,1790296492915333784,29647389138780,29647389142956,1790296492679000000,1000,1
2839,153391226739347,1790296492920842333,29647394138780,29647394141660,1790296492684000000,1000,1
2840,153391231090613,1790296492925193599,29647399138780,29647399139956,1790296492689000000,1000,1
2841,153391235756746,1790296492929859662,29647404138780,29647404140289,1790296492694000000,1000,1
2842,153391241255829,1790296492935358745,29647409138780,29647409139919,1790296492699000000,1000,1
2843,153391246220176,1790296492940323052,29647414138780,29647414140252,1790296492704000000,1000,1
2844,153391251047155,1790296492945151123,29647419138780,29647419140030,1790296492709000000,1000,1
2845,153391256046790,1790296492950151740,29647424138780,29647424140438,1790296492714000000,1000,1
2846,153391260860413,1790296492954964240,29647429138780,29647429139364,1790296492719000000,1000,1
2847,153391266433035,1790296492960536943,29647434138780,29647434142104,1790296492724000000,1000,1
2848,153391271895997,1790296492966000857,29647439138780,29647439140252,1790296492729000000,1000,1
2849,153391276109144,1790296492970213052,29647444138780,29647444139808,1790296492734000000,1000,1
2850,153391281252451,1790296492975357401,29647449138780,29647449140956,1790296492739000000,1000,1
2851,153391287099283,1790296492981204253,29647454138780,29647454141919,1790296492744000000,1000,1
2852,153391291405273,1790296492985510424,29647459138780,29647459140623,1790296492749000000,1000,1
2853,153391296258871,1790296492990364102,29647464138780,29647464140401,1790296492754000000,1000,1
2854,153391302446287,1790296492996550185,29647469138780,29647469141289,1790296492759000000,1000,1
2855,153391306038124,1790296493000142033,29647474138780,29647474139882,1790296492764000000,1000,1
2856,153391311933027,1790296493006036965,29647479138780,29647479140660,1790296492769000000,1000,1
2857,153391316112898,1790296493010216065,29647484138780,29647484140734,1790296492774000000,1000,1
2858,153391321040127,1790296493015144055,29647489138780,29647489140438,1790296492779000000,1000,1
2859,153391326331455,1790296493020436344,29647494138780,29647494139956,1790296492784000000,1000,1
2860,153391331308308,1790296493025413058,29647499138780,29647499140252,1790296492789000000,1000,1
2861,153391336284739,1790296493030389589,29647504138780,29647504140438,1790296492794000000,1000,1
2862,153391341315414,1790296493035420294,29647509138780,29647509140215,1790296492799000000,1000,1
2863,153391346854892,1790296493040959702,29647514138780,29647514140326,1790296492804000000,1000,1
2864,153391351175552,1790296493045279801,29647519138780,29647519140660,1790296492809000000,1000,1
2865,153391356679773,1790296493050784613,29647524138780,29647524141660,1790296492814000000,1000,1
2866,153391362010096,1790296493056114344,29647529138780,29647529140512,1790296492819000000,1000,1
2867,153391366994784,1790296493061099614,29647534138780,29647534139697,1790296492824000000,1000,1
2868,153391371347613,1790296493065452483,29647539138780,29647539140660,1790296492829000000,1000,1
2869,153391376556845,1790296493070661725,29647544138780,29647544141956,1790296492834000000,1000,1
2870,153391381338717,1790296493075443557,29647549138780,29647549140697,1790296492839000000,1000,1
2871,153391386057479,1790296493080162319,29647554138780,29647554139326,1790296492844000000,1000,1
2872,153391391321107,1790296493085425987,29647559138780,29647559140845,1790296492849000000,1000,1
2873,153391396096538,1790296493090201348,29647564138780,29647564140438,1790296492854000000,1000,1
2874,153391401494518,1790296493095599368,29647569138780,29647569142586,1790296492859000000,1000,1
2875,153391406784736,1790296493100889616,29647574138780,29647574141734,1790296492864000000,1000,1
2876,153391411232304,1790296493105336222,29647579138780,29647579140030,1790296492869000000,1000,1
2877,153391416044624,1790296493110149514,29647584138780,29647584140141,1790296492874000000,1000,1
2878,153391421835781,1790296493115940761,29647589138780,29647589140808,1790296492879000000,1000,1
2879,153391426443843,1790296493120547761,29647594138780,29647594141808,1790296492884000000,1000,1
2880,153391431044984,1790296493125149213,29647599138780,29647599140475,1790296492889000000,1000,1
2881,153391436344237,1790296493130449137,29647604138780,29647604139993,1790296492894000000,1000,1
2882,153391441878435,1790296493135982384,29647609138780,29647609140400,1790296492899000000,1000,1
2883,153391446431725,1790296493140535613,29647614138780,29647614142586,1790296492904000000,1000,1
2884,153391452203595,1790296493146308445,29647619138780,29647619141475,1790296492909000000,1000,1
2885,153391456155204,1790296493150259462,29647624138780,29647624140104,1790296492914000000,1000,1
2886,153391461105695,1790296493155210615,29647629138780,29647629139437,1790296492919000000,1000,1
2887,153391466684950,1790296493160789810,29647634138780,29647634140697,1790296492924000000,1000,1
2888,153391471362725,1790296493165467604,29647639138780,29647639139919,1790296492929000000,1000,1
2889,153391476064776,1790296493170168995,29647644138780,29647644142326,1790296492934000000,1000,1
2890,153391481306380,1790296493175411220,29647649138780,29647649140586,1790296492939000000,1000,1
2891,153391486192980,1790296493180297860,29647654138780,29647654140215,1790296492944000000,1000,1
2892,153391491418916,1790296493185523756,29647659138780,29647659140549,1790296492949000000,1000,1
2893,153391497237192,1790296493191342032,29647664138780,29647664140734,1790296492954000000,1000,1
2894,153391501289463,1790296493195394363,29647669138780,29647669140104,1790296492959000000,1000,1
2895,153391508532479,1790296493202637239,29647674138780,29647674139882,1790296492964000000,1000,1
2896,153391511524521,1790296493205629280,29647679138780,29647679142215,1790296492969000000,1000,1
2897,153391516974399,1790296493211079639,29647684138780,29647684140141,1790296492974000000,1000,1
2898,153391520977436,1790296493215082827,29647689138780,29647689141363,1790296492979000000,1000,1
2899,153391526517736,1790296493220622586,29647694138780,29647694140215,1790296492984000000,1000,1
2900,153391531159915,1790296493225264885,29647699138780,29647699140808,1790296492989000000,1000,1
2901,153391536574178,1790296493230679058,29647704138780,29647704140771,1790296492994000000,1000,1
2902,153391541433076,1790296493235537915,29647709138780,29647709139697,1790296492999000000,1000,1
2903,153391546673557,1790296493240778677,29647714138780,29647714140252,1790296493004000000,1000,1
2904,153391552281624,1790296493246386504,29647719138780,29647719142178,1790296493009000000,1000,1
2905,153391556671315,1790296493250776746,29647724138780,29647724155326,1790296493014000000,1000,1
2906,153391561308643,1790296493255413583,29647729138780,29647729139437,1790296493019000000,1000,1
2907,153391566877607,1790296493260982747,29647734138780,29647734140623,1790296493024000000,1000,1
2908,153391572180068,1790296493266284998,29647739138780,29647739141215,1790296493029000000,1000,1
2909,153391576344321,1790296493270449171,29647744138780,29647744141771,1790296493034000000,1000,1
2910,153391581566968,1790296493275672129,29647749138780,29647749141734,1790296493039000000,1000,1
2911,153391586250977,1790296493280355857,29647754138780,29647754142104,1790296493044000000,1000,1
2912,153391591721624,1790296493285826584,29647759138780,29647759140326,1790296493049000000,1000,1
2913,153391596296714,1790296493290401885,29647764138780,29647764142511,1790296493054000000,1000,1
2914,153391601285661,1790296493295390530,29647769138780,29647769141697,1790296493059000000,1000,1
2915,153391606266610,1790296493300371450,29647774138780,29647774139771,1790296493064000000,1000,1
2916,153391611057670,1790296493305161899,29647779138780,29647779140993,1790296493069000000,1000,1
2917,153391616386890,1790296493310491810,29647784138780,29647784140104,1790296493074000000,1000,1
2918,153391622522118,1790296493316626046,29647789138780,29647789140882,1790296493079000000,1000,1
2919,153391626234534,1790296493320338452,29647794138780,29647794139771,1790296493084000000,1000,1
2920,153391631217587,1790296493325322698,29647799138780,29647799140734,1790296493089000000,1000,1
2921,153391636480734,1790296493330585563,29647804138780,29647804143141,1790296493094000000,1000,1
2922,153391641306379,1790296493335411198,29647809138780,29647809141289,1790296493099000000,1000,1
2923,153391646586677,1790296493340691567,29647814138780,29647814141141,1790296493104000000,1000,1
2924,153391651250065,1790296493345354965,29647819138780,29647819140623,1790296493109000000,1000,1
2925,153391656536373,1790296493350641213,29647824138780,29647824141660,1790296493114000000,1000,1
2926,153391661416040,1790296493355520930,29647829138780,29647829140252,1790296493119000000,1000,1
2927,153391666267174,1790296493360371393,29647834138780,29647834142363,1790296493124000000,1000,1
2928,153391671462180,1790296493365567030,29647839138780,29647839139623,1790296493129000000,1000,1
2929,153391676100690,1790296493370205570,29647844138780,29647844140400,1790296493134000000,1000,1
2930,153391681455751,1790296493375560621,29647849138780,29647849142252,1790296493139000000,1000,1
2931,153391686422143,1790296493380526982,29647854138780,29647854140771,1790296493144000000,1000,1
2932,153391692038887,1790296493386143967,29647859138780,29647859140808,1790296493149000000,1000,1
2933,153391696085606,1790296493390190486,29647864138780,29647864139734,1790296493154000000,1000,1
2934,153391701007495,1790296493395112305,29647869138780,29647869140326,1790296493159000000,1000,1
2935,153391706285126,1790296493400389355,29647874138780,29647874142511,1790296493164000000,1000,1
2936,153391712096641,1790296493406201822,29647879138780,29647879141623,1790296493169000000,1000,1
2937,153391716595237,1790296493410700087,29647884138780,29647884139993,1790296493174000000,1000,1
2938,153391721737683,1790296493415841611,29647889138780,29647889140585,1790296493179000000,1000,1
2939,153391726441528,1790296493420545767,29647894138780,29647894141585,1790296493184000000,1000,1
2940,153391731664536,1790296493425769386,29647899138780,29647899140289,1790296493189000000,1000,1
2941,153391736776575,1790296493430881435,29647904138780,29647904142067,1790296493194000000,1000,1
2942,153391741139413,1790296493435244283,29647909138780,29647909141030,1790296493199000000,1000,1
2943,153391746293010,1790296493440397850,29647914138780,29647914139326,1790296493204000000,1000,1
2944,153391751570633,1790296493445675473,29647919138780,29647919142474,1790296493209000000,1000,1
2945,153391756606118,1790296493450711279,29647924138780,29647924141511,1790296493214000000,1000,1
2946,153391761293451,1790296493455398351,29647929138780,29647929139697,1790296493219000000,1000,1
2947,153391766018817,1790296493460122795,29647934138780,29647934140067,1790296493224000000,1000,1
2948,153391771513782,1790296493465618432,29647939138780,29647939139808,1790296493229000000,1000,1
2949,153391777001342,1790296493471106312,29647944138780,29647944141511,1790296493234000000,1000,1
2950,153391782278663,1790296493476383523,29647949138780,29647949140919,1790296493239000000,1000,1
2951,153391786513268,1790296493480618138,29647954138780,29647954142660,1790296493244000000,1000,1
2952,153391791125069,1790296493485229959,29647959138780,29647959141326,1790296493249000000,1000,1
2953,153391796336956,1790296493490442107,29647964138780,29647964140956,1790296493254000000,1000,1
2954,153391801078832,1790296493495182751,29647969138780,29647969139734,1790296493259000000,1000,1
2955,153391806571914,1790296493500676784,29647974138780,29647974140771,1790296493264000000,1000,1
2956,153391812176987,1790296493506281836,29647979138780,29647979142734,1790296493269000000,1000,1
2957,153391816280152,1790296493510384902,29647984138780,29647984141141,1790296493274000000,1000,1
2958,153391821118692,1790296493515223602,29647989138780,29647989139548,1790296493279000000,1000,1
2959,153391827128282,1790296493521232190,29647994138780,29647994140326,1790296493284000000,1000,1
2960,153391831254702,1790296493525359561,29647999138780,29647999140141,1790296493289000000,1000,1
2961,153391836118579,1790296493530223459,29648004138780,29648004142252,1790296493294000000,1000,1
2962,153391841619546,1790296493535724396,29648009138780,29648009140067,1790296493299000000,1000,1
2963,153391846105467,1790296493540210317,29648014138780,29648014139474,1790296493304000000,1000,1
2964,153391851460976,1790296493545565856,29648019138780,29648019142289,1790296493309000000,1000,1
2965,153391856656162,1790296493550761002,29648024138780,29648024141141,1790296493314000000,1000,1
2966,153391861226074,1790296493555330924,29648029138780,29648029141697,1790296493319000000,1000,1
2967,153391866126370,1790296493560230299,29648034138780,29648034140548,1790296493324000000,1000,1
2968,153391872093882,1790296493566197790,29648039138780,29648039140919,1790296493329000000,1000,1
2969,153391876522454,1790296493570627304,29648044138780,29648044140141,1790296493334000000,1000,1
2970,153391881531108,1790296493575635898,29648049138780,29648049140178,1790296493339000000,1000,1
2971,153391886807647,1790296493580912527,29648054138780,29648054141289,1790296493344000000,1000,1
2972,153391891157332,1790296493585262172,29648059138780,29648059141289,1790296493349000000,1000,1
2973,153391896466183,1790296493590571043,29648064138780,29648064140067,1790296493354000000,1000,1
2974,153391902073600,1790296493596178470,29648069138780,29648069139511,1790296493359000000,1000,1
2975,153391906329687,1790296493600433625,29648074138780,29648074142252,1790296493364000000,1000,1
2976,153391911233600,1790296493605337518,29648079138780,29648079141585,1790296493369000000,1000,1
2977,153391916785371,1790296493610890251,29648084138780,29648084140104,1790296493374000000,1000,1
2978,153391921251636,1790296493615356566,29648089138780,29648089139956,1790296493379000000,1000,1
2979,153391926590524,1790296493620695654,29648094138780,29648094139956,1790296493384000000,1000,1
2980,153391931534105,1790296493625638985,29648099138780,29648099140956,1790296493389000000,1000,1
2981,153391936377956,1790296493630482715,29648104138780,29648104140215,1790296493394000000,1000,1
2982,153391941186127,1790296493635291238,29648109138780,29648109139845,1790296493399000000,1000,1
2983,153391947087152,1790296493641192182,29648114138780,29648114139771,1790296493404000000,1000,1
2984,153391951575028,1790296493645679908,29648119138780,29648119140511,1790296493409000000,1000,1
2985,153391957188767,1790296493651293607,29648124138780,29648124141511,1790296493414000000,1000,1
2986,153391961280822,1790296493655385812,29648129138780,29648129140067,1790296493419000000,1000,1
2987,153391966126284,1790296493660230192,29648134138780,29648134139771,1790296493424000000,1000,1
2988,153391971389981,1790296493665494831,29648139138780,29648139141067,1790296493429000000,1000,1
2989,153391976448918,1790296493670553758,29648144138780,29648144141437,1790296493434000000,1000,1
2990,153391981986343,1790296493676091233,29648149138780,29648149141548,1790296493439000000,1000,1
2991,153391986323494,1790296493680428344,29648154138780,29648154140363,1790296493444000000,1000,1
2992,153391991133690,1790296493685238540,29648159138780,29648159140733,1790296493449000000,1000,1
2993,153391996201313,1790296493690306183,29648164138780,29648164140326,1790296493454000000,1000,1
2994,153392000949932,1790296493695054862,29648169138780,29648169139511,1790296493459000000,1000,1
2995,153392007115067,1790296493701219927,29648174138780,29648174140215,1790296493464000000,1000,1
2996,153392011995736,1790296493706099865,29648179138780,29648179142104,1790296493469000000,1000,1
2997,153392015888164,1790296493709993425,29648184138780,29648184140474,1790296493474000000,1000,1
2998,153392020987498,1790296493715090675,29648189138780,29648189141067,1790296493479000000,1000,1
2999,153392026355622,1790296493720459520,29648194138780,29648194142622,1790296493484000000,1000,1
3000,153392038674859,1790296493732779739,29648199138780,29648206535659,1790296493496000000,1000,1
3001,153392038717369,1790296493732820296,29648204138780,29648206948845,1790296493496000000,1000,1
3002,153392041176240,1790296493735281100,29648209138780,29648209140733,1790296493499000000,1000,1
3003,153392046133316,1790296493740238196,29648214138780,29648214140437,1790296493504000000,1000,1
3004,153392051741995,1790296493745846825,29648219138780,29648219140141,1790296493509000000,1000,1
3005,153392057429123,1790296493751534323,29648224138780,29648224140437,1790296493514000000,1000,1
3006,153392061343022,1790296493755447872,29648229138780,29648229140067,1790296493519000000,1000,1
3007,153392066262997,1790296493760367846,29648234138780,29648234139437,1790296493524000000,1000,1
3008,153392071507946,1790296493765612786,29648239138780,29648239140919,1790296493529000000,1000,1
3009,153392076431729,1790296493770536599,29648244138780,29648244140141,1790296493534000000,1000,1
3010,153392081325283,1790296493775430132,29648249138780,29648249139659,1790296493539000000,1000,1
3011,153392086398308,1790296493780503167,29648254138780,29648254140696,1790296493544000000,1000,1
3012,153392091148800,1790296493785253670,29648259138780,29648259140104,1790296493549000000,1000,1
3013,153392096750287,1790296493790855127,29648264138780,29648264140141,1790296493554000000,1000,1
3014,153392101452799,1790296493795557568,29648269138780,29648269139585,1790296493559000000,1000,1
3015,153392106717889,1790296493800821787,29648274138780,29648274139956,1790296493564000000,1000,1
3016,153392112516148,1790296493806621028,29648279138780,29648279140585,1790296493569000000,1000,1
3017,153392116278038,1790296493810382738,29648284138780,29648284139585,1790296493574000000,1000,1
3018,153392122263641,1790296493816368511,29648289138780,29648289139807,1790296493579000000,1000,1
3019,153392126681646,1790296493820786526,29648294138780,29648294141919,1790296493584000000,1000,1
3020,153392131616698,1790296493825721728,29648299138780,29648299140252,1790296493589000000,1000,1
3021,153392136428827,1790296493830533677,29648304138780,29648304140252,1790296493594000000,1000,1
3022,153392141897834,1790296493836003285,29648309138780,29648309139770,1790296493599000000,1000,1
3023,153392147215241,1790296493841320081,29648314138780,29648314139474,1790296493604000000,1000,1
3024,153392151961205,1790296493846066065,29648319138780,29648319141659,1790296493609000000,1000,1
3025,153392157956096,1790296493852060976,29648324138780,29648324142030,1790296493614000000,1000,1
3026,153392162020199,1790296493856125029,29648329138780,29648329140882,1790296493619000000,1000,1
3027,153392166579109,1790296493860682916,29648334138780,29648334140215,1790296493624000000,1000,1
3028,153392171387051,1790296493865490208,29648339138780,29648339141326,1790296493629000000,1000,1
3029,153392176369764,1790296493870472921,29648344138780,29648344141622,1790296493634000000,1000,1
3030,153392181104698,1790296493875207865,29648349138780,29648349142178,1790296493639000000,1000,1
3031,153392187277777,1790296493881382938,29648354138780,29648354139956,1790296493644000000,1000,1
3032,153392191400711,1790296493885505601,29648359138780,29648359139659,1790296493649000000,1000,1
3033,153392196326946,1790296493890431796,29648364138780,29648364140178,1790296493654000000,1000,1
3034,153392201390985,1790296493895496145,29648369138780,29648369139696,1790296493659000000,1000,1
3035,153392206567265,1790296493900671163,29648374138780,29648374141696,1790296493664000000,1000,1
3036,153392212345616,1790296493906449545,29648379138780,29648379141844,1790296493669000000,1000,1
3037,153392216394269,1790296493910499109,29648384138780,29648384140104,1790296493674000000,1000,1
3038,153392224665305,1790296493918770054,29648389138780,29648389140326,1790296493679000000,1000,1
3039,153392226395273,1790296493920498430,29648394138780,29648394141400,1790296493684000000,1000,1
3040,153392232392590,1790296493926497370,29648399138780,29648399141215,1790296493689000000,1000,1
3041,153392236399794,1790296493930504734,29648404138780,29648404141067,1790296493694000000,1000,1
3042,153392241215161,1790296493935320292,29648409138780,29648409139956,1790296493699000000,1000,1
3043,153392246576942,1790296493940680850,29648414138780,29648414141030,1790296493704000000,1000,1
3044,153392251584503,1790296493945689393,29648419138780,29648419142919,1790296493709000000,1000,1
3045,153392257461150,1790296493951566301,29648424138780,29648424142326,1790296493714000000,1000,1
3046,153392261268087,1790296493955372966,29648429138780,29648429140215,1790296493719000000,1000,1
3047,153392266479855,1790296493960584655,29648434138780,29648434139807,1790296493724000000,1000,1
3048,153392272047496,1790296493966152286,29648439138780,29648439141770,1790296493729000000,1000,1
3049,153392277191825,1790296493971296915,29648444138780,29648444142659,1790296493734000000,1000,1
3050,153392281163512,1790296493975268171,29648449138780,29648449140178,1790296493739000000,1000,1
3051,153392286506818,1790296493980611688,29648454138780,29648454140993,1790296493744000000,1000,1
3052,153392291224340,1790296493985329300,29648459138780,29648459141178,1790296493749000000,1000,1
3053,153392296095613,1790296493990200563,29648464138780,29648464140918,1790296493754000000,1000,1
3054,153392301798891,1790296493995903651,29648469138780,29648469140437,1790296493759000000,1000,1
3055,153392306303619,1790296494000408449,29648474138780,29648474139881,1790296493764000000,1000,1
3056,153392311400649,1790296494005504608,29648479138780,29648479141881,1790296493769000000,1000,1
3057,153392316118039,1790296494010223140,29648484138780,29648484139400,1790296493774000000,1000,1
3058,153392321533684,1790296494015637873,29648489138780,29648489139659,1790296493779000000,1000,1
3059,153392326258768,1790296494020363879,29648494138780,29648494140622,1790296493784000000,1000,1
3060,153392331569924,1790296494025674743,29648499138780,29648499140289,1790296493789000000,1000,1
3061,153392336745945,1790296494030850795,29648504138780,29648504142696,1790296493794000000,1000,1
3062,153392341121497,1790296494035226347,29648509138780,29648509140400,1790296493799000000,1000,1
3063,153392346324870,1790296494040430120,29648514138780,29648514141104,1790296493804000000,1000,1
3064,153392351129355,1790296494045234184,29648519138780,29648519140104,1790296493809000000,1000,1
3065,153392356616253,1790296494050721193,29648524138780,29648524140067,1790296493814000000,1000,1
3066,153392361397484,1790296494055502364,29648529138780,29648529141659,1790296493819000000,1000,1
3067,153392366807808,1790296494060912658,29648534138780,29648534140104,1790296493824000000,1000,1
3068,153392371165156,1790296494065270026,29648539138780,29648539139474,1790296493829000000,1000,1
3069,153392376406400,1790296494070511290,29648544138780,29648544141511,1790296493834000000,1000,1
3070,153392381534508,1790296494075639328,29648549138780,29648549141437,1790296493839000000,1000,1
3071,153392386259064,1790296494080364184,29648554138780,29648554140548,1790296493844000000,1000,1
3072,153392391211429,1790296494085316539,29648559138780,29648559139696,1790296493849000000,1000,1
3073,153392396146411,1790296494090251271,29648564138780,29648564140178,1790296493854000000,1000,1
3074,153392401478507,1790296494095583337,29648569138780,29648569142252,1790296493859000000,1000,1
3075,153392406284585,1790296494100389425,29648574138780,29648574140659,1790296493864000000,1000,1
3076,153392411981363,1790296494106086453,29648579138780,29648579140511,1790296493869000000,1000,1
3077,153392416187143,1790296494110291983,29648584138780,29648584139881,1790296493874000000,1000,1
3078,153392421245160,1790296494115349069,29648589138780,29648589142511,1790296493879000000,1000,1
3079,153392430079543,1790296494124184353,29648594138780,29648594141289,1790296493884000000,1000,1
3080,153392431155272,1790296494125260252,29648599138780,29648599139955,1790296493889000000,1000,1
3081,153392437860830,1790296494131964979,29648604138780,29648604140474,1790296493894000000,1000,1
3082,153392441837727,1790296494135941655,29648609138780,29648609139918,1790296493899000000,1000,1
3083,153392447002165,1790296494141106975,29648614138780,29648614141696,1790296493904000000,1000,1
3084,153392451632541,1790296494145737391,29648619138780,29648619140881,1790296493909000000,1000,1
3085,153392456657886,1790296494150762966,29648624138780,29648624140511,1790296493914000000,1000,1
3086,153392461172832,1790296494155278003,29648629138780,29648629140252,1790296493919000000,1000,1
3087,153392466468890,1790296494160573720,29648634138780,29648634142104,1790296493924000000,1000,1
3088,153392471536694,1790296494165641614,29648639138780,29648639142067,1790296493929000000,1000,1
3089,153392476202598,1790296494170308139,29648644138780,29648644140363,1790296493934000000,1000,1
3090,153392481324024,1790296494175429014,29648649138780,29648649140141,1790296493939000000,1000,1
3091,153392486386528,1790296494180491358,29648654138780,29648654141141,1790296493944000000,1000,1
3092,153392491479712,1790296494185584542,29648659138780,29648659140881,1790296493949000000,1000,1
3093,153392496149772,1790296494190254893,29648664138780,29648664141807,1790296493954000000,1000,1
3094,153392501702037,1790296494195806947,29648669138780,29648669140178,1790296493959000000,1000,1
3095,153392506124067,1790296494200228967,29648674138780,29648674139733,1790296493964000000,1000,1
3096,153392511333749,1790296494205438569,29648679138780,29648679141585,1790296493969000000,1000,1
3097,153392516555234,1790296494210660355,29648684138780,29648684142474,1790296493974000000,1000,1
3098,153392521114765,1790296494215219645,29648689138780,29648689139844,1790296493979000000,1000,1
3099,153392526071620,1790296494220176370,29648694138780,29648694139400,1790296493984000000,1000,1
3100,153392531448570,1790296494225553410,29648699138780,29648699141696,1790296493989000000,1000,1
3101,153392536382332,1790296494230487162,29648704138780,29648704141029,1790296493994000000,1000,1
3102,153392541213517,1790296494235318437,29648709138780,29648709141733,1790296493999000000,1000,1
3103,153392546694576,1790296494240799375,29648714138780,29648714140178,1790296494004000000,1000,1
3104,153392551210764,1790296494245316235,29648719138780,29648719139548,1790296494009000000,1000,1
3105,153392556513074,1790296494250618215,29648724138780,29648724141178,1790296494014000000,1000,1
3106,153392561489215,1790296494255594054,29648729138780,29648729141141,1790296494019000000,1000,1
3107,153392566585094,1790296494260689032,29648734138780,29648734140104,1790296494024000000,1000,1
3108,153392571437640,1790296494265542460,29648739138780,29648739140844,1790296494029000000,1000,1
3109,153392576617909,1790296494270722759,29648744138780,29648744140103,1790296494034000000,1000,1
3110,153392581533907,1790296494275638997,29648749138780,29648749142881,1790296494039000000,1000,1
3111,153392586150766,1790296494280254664,29648754138780,29648754139844,1790296494044000000,1000,1
3112,153392591295376,1790296494285400486,29648759138780,29648759140215,1790296494049000000,1000,1
3113,153392596291003,1790296494290395843,29648764138780,29648764140696,1790296494054000000,1000,1
3114,153392601556583,1790296494295661463,29648769138780,29648769140881,1790296494059000000,1000,1
3115,153392607295278,1790296494301400158,29648774138780,29648774140807,1790296494064000000,1000,1
3116,153392611137351,1790296494305242181,29648779138780,29648779140622,1790296494069000000,1000,1
3117,153392616231335,1790296494310336465,29648784138780,29648784140066,1790296494074000000,1000,1
3118,153392621310871,1790296494315414849,29648789138780,29648789140215,1790296494079000000,1000,1
3119,153392626448629,1790296494320553519,29648794138780,29648794140252,1790296494084000000,1000,1
3120,153392633883419,1790296494327988209,29648799138780,29648799140844,1790296494089000000,1000,1
3121,153392636499216,1790296494330604667,29648804138780,29648804140326,1790296494094000000,1000,1
3122,153392642351707,1790296494336456547,29648809138780,29648809141178,1790296494099000000,1000,1
3123,153392646503767,1790296494340608607,29648814138780,29648814141955,1790296494104000000,1000,1
3124,153392651405968,1790296494345510858,29648819138780,29648819139992,1790296494109000000,1000,1
3125,153392656472019,1790296494350576818,29648824138780,29648824139918,1790296494114000000,1000,1
3126,153392661271546,1790296494355376676,29648829138780,29648829141103,1790296494119000000,1000,1
3127,153392666102121,1790296494360206019,29648834138780,29648834140029,1790296494124000000,1000,1
3128,153392671336110,1790296494365440940,29648839138780,29648839139696,1790296494129000000,1000,1
3129,153392676663156,1790296494370767986,29648844138780,29648844143326,1790296494134000000,1000,1
3130,153392682308015,1790296494376411923,29648849138780,29648849140585,1790296494139000000,1000,1
3131,153392686298617,1790296494380402545,29648854138780,29648854140659,1790296494144000000,1000,1
3132,153392691081341,1790296494385186401,29648859138780,29648859140474,1790296494149000000,1000,1
3133,153392696387238,1790296494390492118,29648864138780,29648864140400,1790296494154000000,1000,1
3134,153392701328863,1790296494395434094,29648869138780,29648869140215,1790296494159000000,1000,1
3135,153392706326155,1790296494400430083,29648874138780,29648874139881,1790296494164000000,1000,1
3136,153392711008530,1790296494405112478,29648879138780,29648879140844,1790296494169000000,1000,1
3137,153392716477915,1790296494410583136,29648884138780,29648884141103,1790296494174000000,1000,1
3138,153392721505844,1790296494415610774,29648889138780,29648889141437,1790296494179000000,1000,1
3139,153392726538542,1790296494420642440,29648894138780,29648894142696,1790296494184000000,1000,1
3140,153392731423480,1790296494425528380,29648899138780,29648899139807,1790296494189000000,1000,1
3141,153392736093531,1790296494430198381,29648904138780,29648904140770,1790296494194000000,1000,1
3142,153392741474779,1790296494435578677,29648909138780,29648909141140,1790296494199000000,1000,1
3143,153392747451447,1790296494441556407,29648914138780,29648914141844,1790296494204000000,1000,1
3144,153392751378120,1790296494445482910,29648919138780,29648919139807,1790296494209000000,1000,1
3145,153392756511678,1790296494450616508,29648924138780,29648924139696,1790296494214000000,1000,1
3146,153392761411945,1790296494455517055,29648929138780,29648929141511,1790296494219000000,1000,1
3147,153392766515577,1790296494460620376,29648934138780,29648934141326,1790296494224000000,1000,1
3148,153392771290477,1790296494465394396,29648939138780,29648939143585,1790296494229000000,1000,1
3149,153392776237565,1790296494470342445,29648944138780,29648944140659,1790296494234000000,1000,1
3150,153392781081514,1790296494475185452,29648949138780,29648949140585,1790296494239000000,1000,1
3151,153392786500494,1790296494480604472,29648954138780,29648954141437,1790296494244000000,1000,1
3152,153392792164038,1790296494486268898,29648959138780,29648959141807,1790296494249000000,1000,1
3153,153392796196991,1790296494490301911,29648964138780,29648964139696,1790296494254000000,1000,1
3154,153392800890856,1790296494494995606,29648969138780,29648969140066,1790296494259000000,1000,1
3155,153392806516890,1790296494500621870,29648974138780,29648974142252,1790296494264000000,1000,1
3156,153392811358445,1790296494505463526,29648979138780,29648979139881,1790296494269000000,1000,1
3157,153392816146148,1790296494510250036,29648984138780,29648984141029,1790296494274000000,1000,1
3158,153392821233058,1790296494515337908,29648989138780,29648989139511,1790296494279000000,1000,1
3159,153392826156550,1790296494520261319,29648994138780,29648994140511,1790296494284000000,1000,1
3160,153392831551806,1790296494525656776,29648999138780,29648999141696,1790296494289000000,1000,1
3161,153392839015671,1790296494533120541,29649004138780,29649004142103,1790296494294000000,1000,1
3162,153392841358370,1790296494535463861,29649009138780,29649009139807,1790296494299000000,1000,1
3163,153392847193709,1790296494541298970,29649014138780,29649014140177,1790296494304000000,1000,1
3164,153392851414880,1790296494545519750,29649019138780,29649019140992,1790296494309000000,1000,1
3165,153392856274700,1790296494550379630,29649024138780,29649024139770,1790296494314000000,1000,1
3166,153392862265435,1790296494556370405,29649029138780,29649029140696,1790296494319000000,1000,1
3167,153392866443773,1790296494560548633,29649034138780,29649034142066,1790296494324000000,1000,1
3168,153392871078176,1790296494565182084,29649039138780,29649039142140,1790296494329000000,1000,1
3169,153392876248524,1790296494570353364,29649044138780,29649044140918,1790296494334000000,1000,1
3170,153392881163930,1790296494575267828,29649049138780,29649049140696,1790296494339000000,1000,1
3171,153392886753413,1790296494580858273,29649054138780,29649054140770,1790296494344000000,1000,1
3172,153392892136116,1790296494586241246,29649059138780,29649059140807,1790296494349000000,1000,1
3173,153392896233370,1790296494590338220,29649064138780,29649064139807,1790296494354000000,1000,1
3174,153392901206024,1790296494595309942,29649069138780,29649069140659,1790296494359000000,1000,1
3175,153392907150302,1790296494601255182,29649074138780,29649074140326,1790296494364000000,1000,1
3176,153392911307570,1790296494605412430,29649079138780,29649079141029,1790296494369000000,1000,1
3177,153392916093850,1790296494610197758,29649084138780,29649084140288,1790296494374000000,1000,1
3178,153392921743828,1790296494615848677,29649089138780,29649089140066,1790296494379000000,1000,1
3179,153392925975389,1790296494620079307,29649094138780,29649094139844,1790296494384000000,1000,1
3180,153392931447481,1790296494625552341,29649099138780,29649099141585,1790296494389000000,1000,1
3181,153392937217345,1790296494631322305,29649104138780,29649104141696,1790296494394000000,1000,1
3182,153392941245208,1790296494635350629,29649109138780,29649109140733,1790296494399000000,1000,1
3183,153392946277375,1790296494640382225,29649114138780,29649114140918,1790296494404000000,1000,1
3184,153392952330367,1790296494646435137,29649119138780,29649119141918,1790296494409000000,1000,1
3185,153392956360154,1790296494650465404,29649124138780,29649124140214,1790296494414000000,1000,1
3186,153392962002098,1790296494656106918,29649129138780,29649129141029,1790296494419000000,1000,1
3187,153392965983323,1790296494660086359,29649134138780,29649134139844,1790296494424000000,1000,1
3188,153392970831520,1790296494664934667,29649139138780,29649139140844,1790296494429000000,1000,1
3189,153392976196858,1790296494670300005,29649144138780,29649144140733,1790296494434000000,1000,1
3190,153392981482615,1790296494675587475,29649149138780,29649149140881,1790296494439000000,1000,1
3191,153392986339111,1790296494680444031,29649154138780,29649154140733,1790296494444000000,1000,1
3192,153392991272029,1790296494685376959,29649159138780,29649159140807,1790296494449000000,1000,1
3193,153392996793775,1790296494690898585,29649164138780,29649164139733,1790296494454000000,1000,1
3194,153393001343187,1790296494695447966,29649169138780,29649169140437,1790296494459000000,1000,1
3195,153393006348574,1790296494700453433,29649174138780,29649174140770,1790296494464000000,1000,1
3196,153393011236967,1790296494705341787,29649179138780,29649179141140,1790296494469000000,1000,1
3197,153393015930384,1790296494710034322,29649184138780,29649184140103,1790296494474000000,1000,1
3198,153393021082167,1790296494715185334,29649189138780,29649189141400,1790296494479000000,1000,1
3199,153393026098113,1790296494720201280,29649194138780,29649194140992,1790296494484000000,1000,1
3200,153393032991267,1790296494727094434,29649199138780,29649201294251,1790296494491000000,1000,1
3201,153393035743463,1790296494729846630,29649204138780,29649204139548,1790296494494000000,1000,1
3202,153393043009625,1790296494737112801,29649209138780,29649209142807,1790296494499000000,1000,1
3203,153393046624655,1790296494740729555,29649214138780,29649214142325,1790296494504000000,1000,1
3204,153393052141171,1790296494746246312,29649219138780,29649219140029,1790296494509000000,1000,1
3205,153393056191066,1790296494750296006,29649224138780,29649224139659,1790296494514000000,1000,1
3206,153393061133041,1790296494755237921,29649229138780,29649229140548,1790296494519000000,1000,1
3207,153393066443807,1790296494760548637,29649234138780,29649234142400,1790296494524000000,1000,1
3208,153393071157491,1790296494765261419,29649239138780,29649239141918,1790296494529000000,1000,1
3209,153393076143290,1790296494770246447,29649244138780,29649244140103,1790296494534000000,1000,1
3210,153393081067693,1790296494775171591,29649249138780,29649249139659,1790296494539000000,1000,1
3211,153393087385829,1790296494781490669,29649254138780,29649254142844,1790296494544000000,1000,1
3212,153393091606818,1790296494785711938,29649259138780,29649259140622,1790296494549000000,1000,1
3213,153393096113588,1790296494790218468,29649264138780,29649264139992,1790296494554000000,1000,1
3214,153393101230906,1790296494795336037,29649269138780,29649269139992,1790296494559000000,1000,1
3215,153393106097489,1790296494800201388,29649274138780,29649274139992,1790296494564000000,1000,1
3216,153393111534855,1790296494805639815,29649279138780,29649279140251,1790296494569000000,1000,1
3217,153393117398346,1790296494811503527,29649284138780,29649284140622,1790296494574000000,1000,1
3218,153393121024249,1790296494815128969,29649289138780,29649289139696,1790296494579000000,1000,1
3219,153393126169550,1790296494820274510,29649294138780,29649294139881,1790296494584000000,1000,1
3220,153393132217584,1790296494826322825,29649299138780,29649299140399,1790296494589000000,1000,1
3221,153393136318456,1790296494830423315,29649304138780,29649304142362,1790296494594000000,1000,1
3222,153393141160063,1790296494835264903,29649309138780,29649309140918,1790296494599000000,1000,1
3223,153393146234389,1790296494840339239,29649314138780,29649314139548,1790296494604000000,1000,1
3224,153393151210501,1790296494845315371,29649319138780,29649319139511,1790296494609000000,1000,1
3225,153393156542185,1790296494850647606,29649324138780,29649324140844,1790296494614000000,1000,1
3226,153393162273998,1790296494856379158,29649329138780,29649329142066,1790296494619000000,1000,1
3227,153393165995702,1790296494860100512,29649334138780,29649334140362,1790296494624000000,1000,1
3228,153393170845794,1790296494864949071,29649339138780,29649339139325,1790296494629000000,1000,1
3229,153393176835467,1790296494870938624,29649344138780,29649344142325,1790296494634000000,1000,1
3230,153393180980362,1790296494875083599,29649349138780,29649349141696,1790296494639000000,1000,1
3231,153393185863237,1790296494879966394,29649354138780,29649354140436,1790296494644000000,1000,1
3232,153393190889171,1790296494884992328,29649359138780,29649359140399,1790296494649000000,1000,1
3233,153393195870563,1790296494889973730,29649364138780,29649364139807,1790296494654000000,1000,1
3234,153393201537432,1790296494895642252,29649369138780,29649369140881,1790296494659000000,1000,1
3235,153393207299164,1790296494901403062,29649374138780,29649374142918,1790296494664000000,1000,1
3236,153393211137949,1790296494905241917,29649379138780,29649379140066,1790296494669000000,1000,1
3237,153393215825502,1790296494909929741,29649384138780,29649384139548,1790296494674000000,1000,1
3238,153393221888333,1790296494915992141,29649389138780,29649389140622,1790296494679000000,1000,1
3239,153393225985318,1790296494920088474,29649394138780,29649394140251,1790296494684000000,1000,1
3240,153393231178470,1790296494925282719,29649399138780,29649399141807,1790296494689000000,1000,1
3241,153393236196400,1790296494930300338,29649404138780,29649404140436,1790296494694000000,1000,1
3242,153393241102037,1790296494935206907,29649409138780,29649409139622,1790296494699000000,1000,1
3243,153393247967580,1790296494942072500,29649414138780,29649414140918,1790296494704000000,1000,1
3244,153393252213216,1790296494946318337,29649419138780,29649419142918,1790296494709000000,1000,1
3245,153393257194987,1790296494951299877,29649424138780,29649424141436,1790296494714000000,1000,1
3246,153393261125005,1790296494955229875,29649429138780,29649429139992,1790296494719000000,1000,1
3247,153393266579613,1790296494960683572,29649434138780,29649434140881,1790296494724000000,1000,1
3248,153393271529143,1790296494965634033,29649439138780,29649439142029,1790296494729000000,1000,1
3249,153393276063428,1790296494970167346,29649444138780,29649444141622,1790296494734000000,1000,1
3250,153393281495181,1790296494975600021,29649449138780,29649449140696,1790296494739000000,1000,1
3251,153393286190672,1790296494980295541,29649454138780,29649454139510,1790296494744000000,1000,1
3252,153393291545590,1790296494985650530,29649459138780,29649459140955,1790296494749000000,1000,1
3253,153393297161212,1790296494991266232,29649464138780,29649464141362,1790296494754000000,1000,1
3254,153393301218021,1790296494995323062,29649469138780,29649469139807,1790296494759000000,1000,1
3255,153393305991247,1790296495000095165,29649474138780,29649474139659,1790296494764000000,1000,1
3256,153393312335362,1790296495006440202,29649479138780,29649479140844,1790296494769000000,1000,1
3257,153393316129833,1790296495010233891,29649484138780,29649484140585,1790296494774000000,1000,1
3258,153393320886579,1790296495014991579,29649489138780,29649489141251,1790296494779000000,1000,1
3259,153393326101291,1790296495020205500,29649494138780,29649494140103,1790296494784000000,1000,1
3260,153393331008693,1790296495025112621,29649499138780,29649499140881,1790296494789000000,1000,1
3261,153393336559974,1790296495030664213,29649504138780,29649504142103,1790296494794000000,1000,1
3262,153393342135320,1790296495036240160,29649509138780,29649509140288,1790296494799000000,1000,1
3263,153393346190545,1790296495040295465,29649514138780,29649514139918,1790296494804000000,1000,1
3264,153393351024566,1790296495045128484,29649519138780,29649519139473,1790296494809000000,1000,1
3265,153393356340700,1790296495050445540,29649524138780,29649524139881,1790296494814000000,1000,1
3266,153393361566766,1790296495055671626,29649529138780,29649529141473,1790296494819000000,1000,1
3267,153393366402321,1790296495060507462,29649534138780,29649534140955,1790296494824000000,1000,1
3268,153393371238476,1790296495065343326,29649539138780,29649539141029,1790296494829000000,1000,1
3269,153393375990383,1790296495070094612,29649544138780,29649544139881,1790296494834000000,1000,1
3270,153393381511907,1790296495075615835,29649549138780,29649549141659,1790296494839000000,1000,1
3271,153393387088387,1790296495081193638,29649554138780,29649554142325,1790296494844000000,1000,1
3272,153393391315267,1790296495085420137,29649559138780,29649559140177,1790296494849000000,1000,1
3273,153393396047647,1790296495090151875,29649564138780,29649564140029,1790296494854000000,1000,1
3274,153393401789820,1790296495095894710,29649569138780,29649569140399,1790296494859000000,1000,1
3275,153393406988653,1790296495101093503,29649574138780,29649574141844,1790296494864000000,1000,1
3276,153393411300255,1790296495105405135,29649579138780,29649579142881,1790296494869000000,1000,1
3277,153393416376575,1790296495110481365,29649584138780,29649584140510,1790296494874000000,1000,1
3278,153393421027631,1790296495115132191,29649589138780,29649589140288,1790296494879000000,1000,1
3279,153393426320422,1790296495120424220,29649594138780,29649594140251,1790296494884000000,1000,1
3280,153393431162098,1790296495125265996,29649599138780,29649599140696,1790296494889000000,1000,1
3281,153393436501928,1790296495130606998,29649604138780,29649604140436,1790296494894000000,1000,1
3282,153393441443653,1790296495135548764,29649609138780,29649609140362,1790296494899000000,1000,1
3283,153393446387394,1790296495140492254,29649614138780,29649614141140,1790296494904000000,1000,1
3284,153393453218770,1790296495147323610,29649619138780,29649619140066,1790296494909000000,1000,1
3285,153393456362329,1790296495150467259,29649624138780,29649624140177,1790296494914000000,1000,1
3286,153393462275705,1790296495156380565,29649629138780,29649629141029,1790296494919000000,1000,1
3287,153393467173799,1790296495161278920,29649634138780,29649634142436,1790296494924000000,1000,1
3288,153393471402966,1790296495165508066,29649639138780,29649639140547,1790296494929000000,1000,1
3289,153393475999967,1790296495170118623,29649644138780,29649644140696,1790296494934000000,1000,1
3290,153393481464653,1790296495175569523,29649649138780,29649649142325,1790296494939000000,1000,1
3291,153393486801329,1790296495180906169,29649654138780,29649654142621,1790296494944000000,1000,1
3292,153393491535240,1790296495185640170,29649659138780,29649659140955,1790296494949000000,1000,1
3293,153393496253211,1790296495190358081,29649664138780,29649664140251,1790296494954000000,1000,1
3294,153393501382985,1790296495195487825,29649669138780,29649669140214,1790296494959000000,1000,1
3295,153393506390053,1790296495200493951,29649674138780,29649674142362,1790296494964000000,1000,1
3296,153393511415729,1790296495205520579,29649679138780,29649679140584,1790296494969000000,1000,1
3297,153393516698621,1790296495210803380,29649684138780,29649684141288,1790296494974000000,1000,1
3298,153393521171137,1790296495215276167,29649689138780,29649689139770,1790296494979000000,1000,1
3299,153393526522210,1790296495220627080,29649694138780,29649694140547,1790296494984000000,1000,1
3300,153393531245330,1790296495225350451,29649699138780,29649699140547,1790296494989000000,1000,1
3301,153393536880720,1790296495230985560,29649704138780,29649704140584,1790296494994000000,1000,1
3302,153393541212830,1790296495235317790,29649709138780,29649709139955,1790296494999000000,1000,1
3303,153393546093100,1790296495240197008,29649714138780,29649714140214,1790296495004000000,1000,1
3304,153393552270476,1790296495246375416,29649719138780,29649719142881,1790296495009000000,1000,1
3305,153393557765672,1790296495251870542,29649724138780,29649724141992,1790296495014000000,1000,1
3306,153393561301002,1790296495255406113,29649729138780,29649729140177,1790296495019000000,1000,1
3307,153393566121567,1790296495260225476,29649734138780,29649734140992,1790296495024000000,1000,1
3308,153393571749914,1790296495265854784,29649739138780,29649739142029,1790296495029000000,1000,1
3309,153393576616216,1790296495270720104,29649744138780,29649744141918,1790296495034000000,1000,1
3310,153393581383001,1790296495275487921,29649749138780,29649749140399,1790296495039000000,1000,1
3311,153393586108356,1790296495280213486,29649754138780,29649754140658,1790296495044000000,1000,1
3312,153393591047378,1790296495285151286,29649759138780,29649759139844,1790296495049000000,1000,1
3313,153393597437117,1790296495291542558,29649764138780,29649764140288,1790296495054000000,1000,1
3314,153393602055782,1790296495296159690,29649769138780,29649769142103,1790296495059000000,1000,1
3315,153393606906776,1790296495301011015,29649774138780,29649774140918,1790296495064000000,1000,1
3316,153393611311034,1790296495305416174,29649779138780,29649779139733,1790296495069000000,1000,1
3317,153393617340111,1790296495311443909,29649784138780,29649784141510,1790296495074000000,1000,1
3318,153393621445150,1790296495315550642,29649789138780,29649789141918,1790296495079000000,1000,1
3319,153393627204856,1790296495321309996,29649794138780,29649794141695,1790296495084000000,1000,1
3320,153393632149326,1790296495326254166,29649799138780,29649799140325,1790296495089000000,1000,1
3321,153393636322266,1790296495330426194,29649804138780,29649804139621,1790296495094000000,1000,1
3322,153393641259562,1790296495335364442,29649809138780,29649809140658,1790296495099000000,1000,1
3323,153393646433467,1790296495340538297,29649814138780,29649814139621,1790296495104000000,1000,1
3324,153393651555837,1790296495345660727,29649819138780,29649819140844,1790296495109000000,1000,1
3325,153393657998859,1790296495352103819,29649824138780,29649824142695,1790296495114000000,1000,1
3326,153393661870256,1790296495355975466,29649829138780,29649829140658,1790296495119000000,1000,1
3327,153393666863959,1790296495360968809,29649834138780,29649834140807,1790296495124000000,1000,1
3327,153393673778232,1790296495367883122,29649834138780,29649834140807,1790296495124000000,1000,1
3328,153393673846422,1790296495367949348,29649839138780,29649839141288,1790296495129000000,1000,1
3329,153393676574162,1790296495370679022,29649844138780,29649844142732,1790296495134000000,1000,1
3330,153393681394489,1790296495375499379,29649849138780,29649849141029,1790296495139000000,1000,1
3331,153393686353577,1790296495380457485,29649854138780,29649854140881,1790296495144000000,1000,1
3332,153393691196927,1790296495385302048,29649859138780,29649859140807,1790296495149000000,1000,1
3333,153393696339253,1790296495390444393,29649864138780,29649864140251,1790296495154000000,1000,1
3334,153393701221755,1790296495395326906,29649869138780,29649869139436,1790296495159000000,1000,1
3335,153393706556998,1790296495400661828,29649874138780,29649874140362,1790296495164000000,1000,1
3336,153393712254956,1790296495406359987,29649879138780,29649879141732,1790296495169000000,1000,1
3337,153393716246591,1790296495410351441,29649884138780,29649884140140,1790296495174000000,1000,1
3338,153393721934711,1790296495416040132,29649889138780,29649889139955,1790296495179000000,1000,1
3339,153393726241714,1790296495420347175,29649894138780,29649894140584,1790296495184000000,1000,1
3340,153393731461406,1790296495425566306,29649899138780,29649899140436,1790296495189000000,1000,1
3341,153393736173517,1790296495430277806,29649904138780,29649904140103,1790296495194000000,1000,1
3342,153393741343114,1790296495435447974,29649909138780,29649909139399,1790296495199000000,1000,1
3343,153393746102204,1790296495440207024,29649914138780,29649914139844,1790296495204000000,1000,1
3344,153393751494544,1790296495445599664,29649919138780,29649919142103,1790296495209000000,1000,1
3345,153393759908549,1790296495454013460,29649924138780,29649924141362,1790296495214000000,1000,1
3346,153393761315306,1790296495455420266,29649929138780,29649929139769,1790296495219000000,1000,1
3347,153393766373895,1790296495460477793,29649934138780,29649934141029,1790296495224000000,1000,1
3348,153393772150923,1790296495466255763,29649939138780,29649939140732,1790296495229000000,1000,1
3349,153393776520975,1790296495470625855,29649944138780,29649944141695,1790296495234000000,1000,1
3350,153393781139930,1790296495475244790,29649949138780,29649949140955,1790296495239000000,1000,1
3351,153393786162368,1790296495480267127,29649954138780,29649954140881,1790296495244000000,1000,1
3352,153393791015997,1790296495485119885,29649959138780,29649959139992,1790296495249000000,1000,1
3353,153393796647269,1790296495490752189,29649964138780,29649964140918,1790296495254000000,1000,1
3354,153393802223787,1790296495496328817,29649969138780,29649969142955,1790296495259000000,1000,1
3355,153393806410463,1790296495500515133,29649974138780,29649974139325,1790296495264000000,1000,1
3356,153393811161188,1790296495505266048,29649979138780,29649979139399,1790296495269000000,1000,1
3357,153393816433920,1790296495510538700,29649984138780,29649984142288,1790296495274000000,1000,1
3358,153393821524848,1790296495515629698,29649989138780,29649989139918,1790296495279000000,1000,1
3359,153393826286353,1790296495520391203,29649994138780,29649994139955,1790296495284000000,1000,1
3360,153393831475730,1790296495525580580,29649999138780,29649999141214,1790296495289000000,1000,1
3361,153393836109782,1790296495530214742,29650004138780,29650004141621,1790296495294000000,1000,1
3362,153393841216559,1790296495535321449,29650009138780,29650009139732,1790296495299000000,1000,1
3363,153393846114802,1790296495540219652,29650014138780,29650014140436,1790296495304000000,1000,1
3364,153393851648010,1790296495545753121,29650019138780,29650019142399,1790296495309000000,1000,1
3365,153393857189584,1790296495551294344,29650024138780,29650024140066,1790296495314000000,1000,1
3366,153393862770060,1790296495556874829,29650029138780,29650029140362,1790296495319000000,1000,1
3367,153393866332441,1790296495560436359,29650034138780,29650034140881,1790296495324000000,1000,1
3368,153393872257391,1790296495566362471,29650039138780,29650039164955,1790296495329000000,1000,1
3369,153393876312195,1790296495570415943,29650044138780,29650044140621,1790296495334000000,1000,1
3370,153393881613432,1790296495575717680,29650049138780,29650049139769,1790296495339000000,1000,1
3371,153393886345360,1790296495580449609,29650054138780,29650054140325,1790296495344000000,1000,1
3372,153393891955764,1790296495586060614,29650059138780,29650059139325,1790296495349000000,1000,1
3373,153393896471091,1790296495590576151,29650064138780,29650064141214,1790296495354000000,1000,1
3374,153393902284859,1790296495596388807,29650069138780,29650069141769,1790296495359000000,1000,1
3375,153393906899615,1790296495601003503,29650074138780,29650074140806,1790296495364000000,1000,1
3376,153393911215404,1790296495605320524,29650079138780,29650079139732,1790296495369000000,1000,1
3377,153393916386756,1790296495610491616,29650084138780,29650084139955,1790296495374000000,1000,1
3378,153393921686720,1790296495615790648,29650089138780,29650089141843,1790296495379000000,1000,1
3379,153393927208083,1790296495621313173,29650094138780,29650094141436,1790296495384000000,1000,1
3380,153393931362267,1790296495625467398,29650099138780,29650099141769,1790296495389000000,1000,1
3381,153393937252903,1790296495631357773,29650104138780,29650104140658,1790296495394000000,1000,1
3382,153393941872307,1790296495635977427,29650109138780,29650109163288,1790296495399000000,1000,1
3383,153393946148332,1790296495640253192,29650114138780,29650114140732,1790296495404000000,1000,1
3384,153393951127509,1790296495645232379,29650119138780,29650119140103,1790296495409000000,1000,1
3385,153393956247351,1790296495650352432,29650124138780,29650124139769,1790296495414000000,1000,1
3386,153393961291101,1790296495655395320,29650129138780,29650129140880,1790296495419000000,1000,1
3387,153393966451140,1790296495660555068,29650134138780,29650134140288,1790296495424000000,1000,1
3388,153393971333112,1790296495665438343,29650139138780,29650139139510,1790296495429000000,1000,1
3389,153393976201610,1790296495670306450,29650144138780,29650144140325,1790296495434000000,1000,1
3390,153393981133887,1790296495675238737,29650149138780,29650149140547,1790296495439000000,1000,1
3391,153393986769279,1790296495680874149,29650154138780,29650154140251,1790296495444000000,1000,1
3392,153393992168621,1790296495686273692,29650159138780,29650159140288,1790296495449000000,1000,1
3393,153393996098549,1790296495690203439,29650164138780,29650164140584,1790296495454000000,1000,1
3394,153394001845920,1790296495695951151,29650169138780,29650169139732,1790296495459000000,1000,1
3395,153394006515071,1790296495700619921,29650174138780,29650174141362,1790296495464000000,1000,1
3396,153394012347324,1790296495706452184,29650179138780,29650179141362,1790296495469000000,1000,1
3397,153394015776013,1790296495709879861,29650184138780,29650184140288,1790296495474000000,1000,1
3398,153394020899232,1790296495715002409,29650189138780,29650189140547,1790296495479000000,1000,1
3399,153394025941539,1790296495720044695,29650194138780,29650194140547,1790296495484000000,1000,1
3400,153394035359547,1790296495729464427,29650199138780,29650202423732,1790296495492000000,1000,1
3401,153394036217103,1790296495730321822,29650204138780,29650204139769,1790296495494000000,1000,1
3402,153394041109786,1790296495735214506,29650209138780,29650209140954,1790296495499000000,1000,1
3403,153394046250368,1790296495740355248,29650214138780,29650214140732,1790296495504000000,1000,1
3404,153394051415116,1790296495745519956,29650219138780,29650219141399,1790296495509000000,1000,1
3405,153394057241059,1790296495751346089,29650224138780,29650224140954,1790296495514000000,1000,1
3406,153394061156981,1790296495755261891,29650229138780,29650229140880,1790296495519000000,1000,1
3407,153394067965754,1790296495762070855,29650234138780,29650234139991,1790296495524000000,1000,1
3408,153394071507007,1790296495765611877,29650239138780,29650239140917,1790296495529000000,1000,1
3409,153394077015206,1790296495771120166,29650244138780,29650244142917,1790296495534000000,1000,1
3410,153394081965788,1790296495776070057,29650249138780,29650249139991,1790296495539000000,1000,1
3411,153394087085982,1790296495781190932,29650254138780,29650254140843,1790296495544000000,1000,1
3412,153394091252157,1790296495785357017,29650259138780,29650259139806,1790296495549000000,1000,1
3413,153394096439740,1790296495790544670,29650264138780,29650264140214,1790296495554000000,1000,1
3414,153394102236155,1790296495796341275,29650269138780,29650269141658,1790296495559000000,1000,1
3415,153394106188406,1790296495800293256,29650274138780,29650274139584,1790296495564000000,1000,1
3416,153394111326095,1790296495805430985,29650279138780,29650279139954,1790296495569000000,1000,1
3417,153394116647339,1790296495810752179,29650284138780,29650284140029,1790296495574000000,1000,1
3418,153394121552364,1790296495815657204,29650289138780,29650289141917,1790296495579000000,1000,1
3419,153394126269906,1790296495820374756,29650294138780,29650294140584,1790296495584000000,1000,1
3420,153394132078266,1790296495826183076,29650299138780,29650299140140,1790296495589000000,1000,1
3421,153394136307040,1790296495830411890,29650304138780,29650304141028,1790296495594000000,1000,1
3422,153394141130240,1790296495835235461,29650309138780,29650309140251,1790296495599000000,1000,1
3423,153394146040646,1790296495840145656,29650314138780,29650314139658,1790296495604000000,1000,1
3424,153394151377502,1790296495845482332,29650319138780,29650319141547,1790296495609000000,1000,1
3425,153394157266392,1790296495851371262,29650324138780,29650324141732,1790296495614000000,1000,1
3426,153394161278886,1790296495855383766,29650329138780,29650329140732,1790296495619000000,1000,1
3427,153394166000214,1790296495860104854,29650334138780,29650334140621,1790296495624000000,1000,1
3428,153394171406520,1790296495865510768,29650339138780,29650339141917,1790296495629000000,1000,1
3429,153394176362523,1790296495870467463,29650344138780,29650344142436,1790296495634000000,1000,1
3430,153394181321612,1790296495875426812,29650349138780,29650349140473,1790296495639000000,1000,1
3431,153394186187364,1790296495880291563,29650354138780,29650354139621,1790296495644000000,1000,1
3432,153394191807154,1790296495885911994,29650359138780,29650359143065,1790296495649000000,1000,1
3433,153394196377555,1790296495890482385,29650364138780,29650364140399,1790296495654000000,1000,1
3434,153394201214393,1790296495895319554,29650369138780,29650369139658,1790296495659000000,1000,1
3435,153394206517994,1790296495900623035,29650374138780,29650374140103,1790296495664000000,1000,1
3436,153394211487923,1790296495905592753,29650379138780,29650379139991,1790296495669000000,1000,1
3437,153394216369104,1790296495910474274,29650384138780,29650384140621,1790296495674000000,1000,1
3438,153394221028305,1790296495915132093,29650389138780,29650389141103,1790296495679000000,1000,1
3439,153394226148588,1790296495920251564,29650394138780,29650394141251,1790296495684000000,1000,1
3440,153394231026684,1790296495925129851,29650399138780,29650399142325,1790296495689000000,1000,1
3441,153394236372415,1790296495930477535,29650404138780,29650404141177,1790296495694000000,1000,1
3442,153394241263826,1790296495935367714,29650409138780,29650409141695,1790296495699000000,1000,1
3443,153394246381765,1790296495940486605,29650414138780,29650414140769,1790296495704000000,1000,1
3444,153394251016941,1790296495945120849,29650419138780,29650419140251,1790296495709000000,1000,1
3445,153394256310133,1790296495950415263,29650424138780,29650424140065,1790296495714000000,1000,1
3446,153394261301482,1790296495955406312,29650429138780,29650429142028,1790296495719000000,1000,1
3447,153394266643366,1790296495960748567,29650434138780,29650434140621,1790296495724000000,1000,1
3448,153394272055594,1790296495966160433,29650439138780,29650439141028,1790296495729000000,1000,1
3449,153394276470572,1790296495970575392,29650444138780,29650444140065,1790296495734000000,1000,1
3450,153394282129927,1790296495976234827,29650449138780,29650449142806,1790296495739000000,1000,1
3451,153394286685901,1790296495980790661,29650454138780,29650454141288,1790296495744000000,1000,1
3452,153394291578545,1790296495985683545,29650459138780,29650459139880,1790296495749000000,1000,1
3453,153394296944035,1790296495991048865,29650464138780,29650464140843,1790296495754000000,1000,1
3454,153394304438558,1790296495998543278,29650469138780,29650469141102,1790296495759000000,1000,1
3455,153394306686990,1790296496000792140,29650474138780,29650474142214,1790296495764000000,1000,1
3456,153394311197568,1790296496005302529,29650479138780,29650479139954,1790296495769000000,1000,1
3457,153394317414069,1790296496011518959,29650484138780,29650484140510,1790296495774000000,1000,1
3458,153394321792217,1790296496015897017,29650489138780,29650489140028,1790296495779000000,1000,1
3459,153394326456977,1790296496020560996,29650494138780,29650494140547,1790296495784000000,1000,1
3460,153394332473862,1790296496026578752,29650499138780,29650499139806,1790296495789000000,1000,1
3461,153394337059221,1790296496031164271,29650504138780,29650504139473,1790296495794000000,1000,1
3462,153394341264400,1790296496035369260,29650509138780,29650509140362,1790296495799000000,1000,1
3463,153394346682249,1790296496040787139,29650514138780,29650514142288,1790296495804000000,1000,1
3464,153394351576595,1790296496045681766,29650519138780,29650519141473,1790296495809000000,1000,1
3465,153394356265894,1790296496050370744,29650524138780,29650524140288,1790296495814000000,1000,1
3466,153394361480636,1790296496055585496,29650529138780,29650529140251,1790296495819000000,1000,1
3467,153394366242901,1790296496060347741,29650534138780,29650534140177,1790296495824000000,1000,1
3468,153394384702285,1790296496078807335,29650539138780,29650539140028,1790296495829000000,1000,1
3469,153394384757389,1790296496078860315,29650544138780,29650544139917,1790296495834000000,1000,1
3470,153394384786374,1790296496078889240,29650549138780,29650549140399,1790296495839000000,1000,1
3471,153394386300334,1790296496080405454,29650554138780,29650554139917,1790296495844000000,1000,1
3472,153394391777305,1790296496085882456,29650559138780,29650559141547,1790296495849000000,1000,1
3473,153394396761160,1790296496090866050,29650564138780,29650564140176,1790296495854000000,1000,1
3474,153394401440758,1790296496095545618,29650569138780,29650569139473,1790296495859000000,1000,1
3475,153394406787120,1790296496100891990,29650574138780,29650574140621,1790296495864000000,1000,1
3476,153394411760718,1790296496105865858,29650579138780,29650579139510,1790296495869000000,1000,1
3477,153394416667988,1790296496110773128,29650584138780,29650584140473,1790296495874000000,1000,1
3478,153394422595572,1790296496116700703,29650589138780,29650589142251,1790296495879000000,1000,1
3479,153394426812434,1790296496120917775,29650594138780,29650594140176,1790296495884000000,1000,1
3480,153394431675040,1790296496125778948,29650599138780,29650599140102,1790296495889000000,1000,1
3481,153394436933896,1790296496131038746,29650604138780,29650604141510,1790296495894000000,1000,1
3482,153394441222053,1790296496135326903,29650609138780,29650609140251,1790296495899000000,1000,1
3483,153394446738278,1790296496140843037,29650614138780,29650614142102,1790296495904000000,1000,1
3484,153394451494691,1790296496145599541,29650619138780,29650619140954,1790296495909000000,1000,1
3485,153394456309528,1790296496150414358,29650624138780,29650624141251,1790296495914000000,1000,1
3486,153394461279937,1790296496155385118,29650629138780,29650629139695,1790296495919000000,1000,1
3487,153394466117184,1790296496160222004,29650634138780,29650634139325,1790296495924000000,1000,1
3488,153394471708262,1790296496165813343,29650639138780,29650639142510,1790296495929000000,1000,1
3489,153394476805334,1790296496170910123,29650644138780,29650644142362,1790296495934000000,1000,1
3490,153394481490362,1790296496175595593,29650649138780,29650649140325,1790296495939000000,1000,1
3491,153394487038307,1790296496181143438,29650654138780,29650654139769,1790296495944000000,1000,1
3492,153394491188933,1790296496185294144,29650659138780,29650659140102,1790296495949000000,1000,1
3493,153394497313821,1790296496191418951,29650664138780,29650664141806,1790296495954000000,1000,1
3494,153394502518817,1790296496196623656,29650669138780,29650669140436,1790296495959000000,1000,1
3495,153394506418306,1790296496200522204,29650674138780,29650674139880,1790296495964000000,1000,1
3496,153394511093997,1790296496205199138,29650679138780,29650679140658,1790296495969000000,1000,1
3497,153394516653974,1790296496210758824,29650684138780,29650684141139,1790296495974000000,1000,1
3498,153394521202915,1790296496215307624,29650689138780,29650689142250,1790296495979000000,1000,1
3499,153394526594534,1790296496220699755,29650694138780,29650694140473,1790296495984000000,1000,1
3500,153394531331511,1790296496225436341,29650699138780,29650699142028,1790296495989000000,1000,1
3501,153394536313623,1790296496230418763,29650704138780,29650704141250,1790296495994000000,1000,1
3502,153394542188085,1790296496236292885,29650709138780,29650709141213,1790296495999000000,1000,1
3503,153394546257208,1790296496240362048,29650714138780,29650714140954,1790296496004000000,1000,1
3504,153394551354658,1790296496245459789,29650719138780,29650719139695,1790296496009000000,1000,1
3505,153394556144307,1790296496250249197,29650724138780,29650724139510,1790296496014000000,1000,1
3506,153394562389262,1790296496256494112,29650729138780,29650729141102,1790296496019000000,1000,1
3507,153394567140478,1790296496261245338,29650734138780,29650734142621,1790296496024000000,1000,1
3508,153394572034833,1790296496266139963,29650739138780,29650739139473,1790296496029000000,1000,1
3509,153394577175655,1790296496271280475,29650744138780,29650744139399,1790296496034000000,1000,1
3510,153394582085572,1790296496276190612,29650749138780,29650749141028,1790296496039000000,1000,1
3511,153394588274761,1790296496282379631,29650754138780,29650754142769,1790296496044000000,1000,1
3512,153394591295436,1790296496285400315,29650759138780,29650759140362,1790296496049000000,1000,1
3513,153394596141469,1790296496290246429,29650764138780,29650764140658,1790296496054000000,1000,1
3514,153394601258909,1790296496295363619,29650769138780,29650769140621,1790296496059000000,1000,1
3515,153394606633194,1790296496300737903,29650774138780,29650774141436,1790296496064000000,1000,1
3516,153394612999771,1790296496307104731,29650779138780,29650779140621,1790296496069000000,1000,1
3517,153394616380527,1790296496310485908,29650784138780,29650784140436,1790296496074000000,1000,1
3518,153394621281756,1790296496315386526,29650789138780,29650789139806,1790296496079000000,1000,1
3519,153394626324133,1790296496320429073,29650794138780,29650794140695,1790296496084000000,1000,1
3520,153394631370096,1790296496325474945,29650799138780,29650799140769,1790296496089000000,1000,1
3521,153394636233013,1790296496330338203,29650804138780,29650804140473,1790296496094000000,1000,1
3522,153394641262965,1790296496335368226,29650809138780,29650809140695,1790296496099000000,1000,1
3523,153394646291787,1790296496340396888,29650814138780,29650814139880,1790296496104000000,1000,1
3524,153394651365613,1790296496345469521,29650819138780,29650819140399,1790296496109000000,1000,1
3525,153394657206642,1790296496351311462,29650824138780,29650824141176,1790296496114000000,1000,1
3526,153394661262969,1790296496355368009,29650829138780,29650829139473,1790296496119000000,1000,1
3527,153394666074057,1790296496360178967,29650834138780,29650834139324,1790296496124000000,1000,1
3528,153394671359554,1790296496365464805,29650839138780,29650839142176,1790296496129000000,1000,1
3529,153394676392693,1790296496370497803,29650844138780,29650844141176,1790296496134000000,1000,1
3530,153394682107905,1790296496376212895,29650849138780,29650849139954,1790296496139000000,1000,1
3531,153394686253942,1790296496380357830,29650854138780,29650854140287,1790296496144000000,1000,1
3532,153394691495966,1790296496385600796,29650859138780,29650859142584,1790296496149000000,1000,1
3533,153394696494030,1790296496390598860,29650864138780,29650864142250,1790296496154000000,1000,1
3534,153394701299599,1790296496395404429,29650869138780,29650869139843,1790296496159000000,1000,1
3535,153394706169909,1790296496400274759,29650874138780,29650874139917,1790296496164000000,1000,1
3536,153394712202371,1790296496406307221,29650879138780,29650879140176,1790296496169000000,1000,1
3537,153394716374409,1790296496410479229,29650884138780,29650884140732,1790296496174000000,1000,1
3538,153394721324590,1790296496415429390,29650889138780,29650889141324,1790296496179000000,1000,1
3539,153394726273810,1790296496420378650,29650894138780,29650894139436,1790296496184000000,1000,1
3540,153394731407579,1790296496425512700,29650899138780,29650899139732,1790296496189000000,1000,1
3541,153394736298600,1790296496430403440,29650904138780,29650904140324,1790296496194000000,1000,1
3542,153394741417611,1790296496435522461,29650909138780,29650909140139,1790296496199000000,1000,1
3543,153394746237426,1790296496440342496,29650914138780,29650914139695,1790296496204000000,1000,1
3544,153394751330500,1790296496445435440,29650919138780,29650919139584,1790296496209000000,1000,1
3545,153394756283516,1790296496450388326,29650924138780,29650924140250,1790296496214000000,1000,1
3546,153394761365136,1790296496455469956,29650929138780,29650929141621,1790296496219000000,1000,1
3547,153394766478628,1790296496460583508,29650934138780,29650934142547,1790296496224000000,1000,1
3548,153394771281390,1790296496465386621,29650939138780,29650939140880,1790296496229000000,1000,1
3549,153394776262440,1790296496470367290,29650944138780,29650944140102,1790296496234000000,1000,1
3550,153394783985427,1790296496478090357,29650949138780,29650949142176,1790296496239000000,1000,1
3551,153394786460898,1790296496480564836,29650954138780,29650954140621,1790296496244000000,1000,1
3552,153394791414938,1790296496485519788,29650959138780,29650959140213,1790296496249000000,1000,1
3553,153394796455721,1790296496490560561,29650964138780,29650964140102,1790296496254000000,1000,1
3554,153394801179042,1790296496495283882,29650969138780,29650969139806,1790296496259000000,1000,1
3555,153394806537349,1790296496500642098,29650974138780,29650974140065,1790296496264000000,1000,1
3556,153394811492088,1790296496505597018,29650979138780,29650979140954,1790296496269000000,1000,1
3557,153394816219457,1790296496510324347,29650984138780,29650984141065,1790296496274000000,1000,1
3558,153394821258286,1790296496515363677,29650989138780,29650989140843,1790296496279000000,1000,1
3559,153394826541770,1790296496520645608,29650994138780,29650994141621,1790296496284000000,1000,1
3560,153394831551324,1790296496525656143,29650999138780,29650999140547,1790296496289000000,1000,1
3561,153394836250950,1790296496530355880,29651004138780,29651004140732,1790296496294000000,1000,1
3562,153394841274762,1790296496535379602,29651009138780,29651009139398,1790296496299000000,1000,1
3563,153394846055924,1790296496540160794,29651014138780,29651014140917,1790296496304000000,1000,1
3564,153394851552701,1790296496545657842,29651019138780,29651019142658,1790296496309000000,1000,1
3565,153394856463588,1790296496550568859,29651024138780,29651024140621,1790296496314000000,1000,1
3566,153394861238369,1790296496555343259,29651029138780,29651029140028,1790296496319000000,1000,1
3567,153394866238695,1790296496560343495,29651034138780,29651034140176,1790296496324000000,1000,1
3568,153394871486292,1790296496565591131,29651039138780,29651039139880,1790296496329000000,1000,1
3569,153394876458815,1790296496570563705,29651044138780,29651044140287,1790296496334000000,1000,1
3570,153394881160738,1790296496575265578,29651049138780,29651049140547,1790296496339000000,1000,1
3571,153394886390198,1790296496580494126,29651054138780,29651054140398,1790296496344000000,1000,1
3572,153394891213129,1790296496585317398,29651059138780,29651059140176,1790296496349000000,1000,1
3573,153394896525228,1790296496590630158,29651064138780,29651064141472,1790296496354000000,1000,1
3574,153394901550070,1790296496595655201,29651069138780,29651069140732,1790296496359000000,1000,1
3575,153394906155899,1790296496600260809,29651074138780,29651074139584,1790296496364000000,1000,1
3576,153394911128031,1790296496605231950,29651079138780,29651079139621,1790296496369000000,1000,1
3577,153394916427494,1790296496610532595,29651084138780,29651084140398,1790296496374000000,1000,1
3578,153394921130469,1790296496615235239,29651089138780,29651089142250,1790296496379000000,1000,1
3579,153394926331327,1790296496620436267,29651094138780,29651094140102,1790296496384000000,1000,1
3580,153394931408298,1790296496625513128,29651099138780,29651099140880,1790296496389000000,1000,1
3581,153394936307282,1790296496630412262,29651104138780,29651104140139,1790296496394000000,1000,1
3582,153394941431012,1790296496635535872,29651109138780,29651109141139,1790296496399000000,1000,1
3583,153394947261491,1790296496641366331,29651114138780,29651114141435,1790296496404000000,1000,1
3584,153394951244982,1790296496645350052,29651119138780,29651119140065,1790296496409000000,1000,1
3585,153394956211634,1790296496650316444,29651124138780,29651124139880,1790296496414000000,1000,1
3586,153394961132912,1790296496655237762,29651129138780,29651129140102,1790296496419000000,1000,1
3587,153394966496927,1790296496660602168,29651134138780,29651134141250,1790296496424000000,1000,1
3588,153394972209135,1790296496666313083,29651139138780,29651139142176,1790296496429000000,1000,1
3589,153394976306981,1790296496670411831,29651144138780,29651144139509,1790296496434000000,1000,1
3590,153394981264325,1790296496675369135,29651149138780,29651149140250,1790296496439000000,1000,1
3591,153394989206810,1790296496683311700,29651154138780,29651154140658,1790296496444000000,1000,1
3592,153394991761381,1790296496685865370,29651159138780,29651159142028,1790296496449000000,1000,1
3593,153394996870123,1790296496690974973,29651164138780,29651164140213,1790296496454000000,1000,1
3594,153395001325466,1790296496695430246,29651169138780,29651169139509,1790296496459000000,1000,1
3595,153395006013772,1790296496700117681,29651174138780,29651174139658,1790296496464000000,1000,1
3596,153395011495100,1790296496705599940,29651179138780,29651179142806,1790296496469000000,1000,1
3597,153395016205398,1790296496710309206,29651184138780,29651184141584,1790296496474000000,1000,1
3598,153395021372881,1790296496715476509,29651189138780,29651189139435,1790296496479000000,1000,1
3599,153395025822444,1790296496719925591,29651194138780,29651194139435,1790296496484000000,1000,1
3600,153395031675357,1790296496725778514,29651199138780,29651199707954,1790296496489000000,1000,1
3601,153395036668920,1790296496730773770,29651204138780,29651204140361,1790296496494000000,1000,1
3602,153395041084921,1790296496735189741,29651209138780,29651209140584,1790296496499000000,1000,1
3603,153395046504892,1790296496740609712,29651214138780,29651214140176,1790296496504000000,1000,1
3604,153395051319077,1790296496745424158,29651219138780,29651219142880,1790296496509000000,1000,1
3605,153395056235004,1790296496750339844,29651224138780,29651224140732,1790296496514000000,1000,1
3606,153395061184084,1790296496755289175,29651229138780,29651229140065,1790296496519000000,1000,1
3607,153395066846575,1790296496760951455,29651234138780,29651234140546,1790296496524000000,1000,1
3608,153395071433078,1790296496765537908,29651239138780,29651239142658,1790296496529000000,1000,1
3609,153395076365326,1790296496770470166,29651244138780,29651244140324,1790296496534000000,1000,1
3610,153395081222952,1790296496775328062,29651249138780,29651249139991,1790296496539000000,1000,1
3611,153395086431924,1790296496780536814,29651254138780,29651254140361,1790296496544000000,1000,1
3612,153395091460945,1790296496785565754,29651259138780,29651259140621,1790296496549000000,1000,1
3613,153395096397963,1790296496790502792,29651264138780,29651264142139,1790296496554000000,1000,1
3614,153395101322866,1790296496795427746,29651269138780,29651269139880,1790296496559000000,1000,1
3615,153395106053742,1790296496800157520,29651274138780,29651274139695,1790296496564000000,1000,1
3616,153395111781407,1790296496805886537,29651279138780,29651279139324,1790296496569000000,1000,1
3617,153395116119549,1790296496810224770,29651284138780,29651284139954,1790296496574000000,1000,1
3618,153395121511979,1790296496815616788,29651289138780,29651289142176,1790296496579000000,1000,1
3619,153395126484143,1790296496820588973,29651294138780,29651294140880,1790296496584000000,1000,1
3620,153395131126160,1790296496825230048,29651299138780,29651299142509,1790296496589000000,1000,1
3621,153395136318029,1790296496830423460,29651304138780,29651304140806,1790296496594000000,1000,1
3622,153395141137465,1790296496835242585,29651309138780,29651309139769,1790296496599000000,1000,1
3623,153395146534262,1790296496840639132,29651314138780,29651314142620,1790296496604000000,1000,1
3624,153395152205001,1790296496846309831,29651319138780,29651319140954,1790296496609000000,1000,1
3625,153395156732471,1790296496850837301,29651324138780,29651324139991,1790296496614000000,1000,1
3626,153395161099899,1790296496855204759,29651329138780,29651329139806,1790296496619000000,1000,1
3627,153395166047806,1790296496860152576,29651334138780,29651334141102,1790296496624000000,1000,1
3628,153395171068802,1790296496865171759,29651339138780,29651339142213,1790296496629000000,1000,1
3629,153395175854041,1790296496869957198,29651344138780,29651344140361,1790296496634000000,1000,1
3630,153395180864146,1790296496874967313,29651349138780,29651349139732,1790296496639000000,1000,1
3631,153395185738134,1790296496879841291,29651354138780,29651354140287,1790296496644000000,1000,1
3632,153395200372920,1790296496894477750,29651359138780,29651359140287,1790296496649000000,1000,1
3633,153395200416522,1790296496894519449,29651364138780,29651364140472,1790296496654000000,1000,1
3634,153395202146541,1790296496896251301,29651369138780,29651369140324,1790296496659000000,1000,1
3635,153395206384463,1790296496900489283,29651374138780,29651374139769,1790296496664000000,1000,1
3636,153395211691100,1790296496905796321,29651379138780,29651379141991,1790296496669000000,1000,1
3637,153395216542394,1790296496910647304,29651384138780,29651384142398,1790296496674000000,1000,1
3638,153395220875697,1790296496914979616,29651389138780,29651389140546,1790296496679000000,1000,1
3639,153395226204337,1790296496920308245,29651394138780,29651394139991,1790296496684000000,1000,1
3640,153395231225403,1790296496925329632,29651399138780,29651399140954,1790296496689000000,1000,1
3641,153395236512923,1790296496930617763,29651404138780,29651404140472,1790296496694000000,1000,1
3642,153395241290920,1790296496935395770,29651409138780,29651409139472,1790296496699000000,1000,1
3643,153395246596414,1790296496940700322,29651414138780,29651414140065,1790296496704000000,1000,1
3644,153395251225306,1790296496945330156,29651419138780,29651419140917,1790296496709000000,1000,1
3645,153395256389194,1790296496950494415,29651424138780,29651424141472,1790296496714000000,1000,1
3646,153395262333509,1790296496956438800,29651429138780,29651429141472,1790296496719000000,1000,1
3647,153395266252227,1790296496960357027,29651434138780,29651434140287,1790296496724000000,1000,1
3648,153395270836627,1790296496964940525,29651439138780,29651439140398,1790296496729000000,1000,1
3649,153395276398388,1790296496970503328,29651444138780,29651444142065,1790296496734000000,1000,1
3650,153395281394576,1790296496975499376,29651449138780,29651449141028,1790296496739000000,1000,1
3651,153395286453595,1790296496980558706,29651454138780,29651454142139,1790296496744000000,1000,1
3652,153395292366240,1790296496986471160,29651459138780,29651459142620,1790296496749000000,1000,1
3653,153395298331495,1790296496992436324,29651464138780,29651464141769,1790296496754000000,1000,1
3654,153395301416501,1790296496995521341,29651469138780,29651469140917,1790296496759000000,1000,1
3655,153395307060948,1790296497001165808,29651474138780,29651474140620,1790296496764000000,1000,1
3656,153395310813461,1790296497004917369,29651479138780,29651479140843,1790296496769000000,1000,1
3657,153395316355344,1790296497010460174,29651484138780,29651484140954,1790296496774000000,1000,1
3658,153395321163788,1790296497015268708,29651489138780,29651489142361,1790296496779000000,1000,1
3659,153395327399998,1790296497021504948,29651494138780,29651494142731,1790296496784000000,1000,1
3660,153395331140837,1790296497025245877,29651499138780,29651499139583,1790296496789000000,1000,1
3661,153395336487710,1790296497030592369,29651504138780,29651504139657,1790296496794000000,1000,1
3662,153395341377999,1790296497035482839,29651509138780,29651509140880,1790296496799000000,1000,1
3663,153395346184698,1790296497040290119,29651514138780,29651514139843,1790296496804000000,1000,1
3664,153395351251851,1790296497045356751,29651519138780,29651519139583,1790296496809000000,1000,1
3665,153395356126461,1790296497050231541,29651524138780,29651524139472,1790296496814000000,1000,1
3666,153395361434891,1790296497055539721,29651529138780,29651529142472,1790296496819000000,1000,1
3667,153395366459795,1790296497060565006,29651534138780,29651534140806,1790296496824000000,1000,1
3668,153395371473427,1790296497065578307,29651539138780,29651539140028,1790296496829000000,1000,1
3669,153395376146923,1790296497070251743,29651544138780,29651544139546,1790296496834000000,1000,1
3670,153395381666012,1790296497075770852,29651549138780,29651549140102,1790296496839000000,1000,1
3671,153395386496899,1790296497080601789,29651554138780,29651554141028,1790296496844000000,1000,1
3672,153395391133306,1790296497085238095,29651559138780,29651559141954,1790296496849000000,1000,1
3673,153395408226298,1790296497102331088,29651564138780,29651564140620,1790296496854000000,1000,1
3674,153395408268087,1790296497102371014,29651569138780,29651569139620,1790296496859000000,1000,1
3675,153395408278016,1790296497102380882,29651574138780,29651574142880,1790296496864000000,1000,1
3676,153395412119438,1790296497106224348,29651579138780,29651579142398,1790296496869000000,1000,1
3677,153395416335469,1790296497110440359,29651584138780,29651584141028,1790296496874000000,1000,1
3678,153395421142010,1790296497115246830,29651589138780,29651589140768,1790296496879000000,1000,1
3679,153395426128670,1790296497120232648,29651594138780,29651594139880,1790296496884000000,1000,1
3680,153395431110723,1790296497125215793,29651599138780,29651599141954,1790296496889000000,1000,1
3681,153395436212461,1790296497130317321,29651604138780,29651604140657,1790296496894000000,1000,1
3682,153395441599262,1790296497135704072,29651609138780,29651609140435,1790296496899000000,1000,1
3683,153395446355626,1790296497140460506,29651614138780,29651614140028,1790296496904000000,1000,1
3684,153395451294525,1790296497145399405,29651619138780,29651619139731,1790296496909000000,1000,1
3685,153395456113397,1790296497150218548,29651624138780,29651624140620,1790296496914000000,1000,1
3686,153395462281957,1790296497156386787,29651629138780,29651629141991,1790296496919000000,1000,1
3687,153395466350910,1790296497160456080,29651634138780,29651634142435,1790296496924000000,1000,1
3688,153395471300179,1790296497165404979,29651639138780,29651639142139,1790296496929000000,1000,1
3689,153395476239662,1790296497170345103,29651644138780,29651644139917,1790296496934000000,1000,1
3690,153395481124229,1790296497175229089,29651649138780,29651649140694,1790296496939000000,1000,1
3691,153395486491611,1790296497180596531,29651654138780,29651654141694,1790296496944000000,1000,1
3692,153395492056177,1790296497186160957,29651659138780,29651659140620,1790296496949000000,1000,1
3693,153395496300503,1790296497190405423,29651664138780,29651664139842,1790296496954000000,1000,1
3694,153395501168949,1790296497195273758,29651669138780,29651669140435,1790296496959000000,1000,1
3695,153395506500012,1790296497200603920,29651674138780,29651674140620,1790296496964000000,1000,1
3696,153395512051664,1790296497206156494,29651679138780,29651679140028,1790296496969000000,1000,1
3697,153395516557182,1790296497210662072,29651684138780,29651684141805,1790296496974000000,1000,1
3698,153395521228196,1790296497215332114,29651689138780,29651689140657,1790296496979000000,1000,1
3699,153395526035266,1790296497220139184,29651694138780,29651694139917,1790296496984000000,1000,1
3700,153395531462864,1790296497225567764,29651699138780,29651699140768,1790296496989000000,1000,1
3701,153395537827465,1790296497231932736,29651704138780,29651704141250,1790296496994000000,1000,1
3702,153395541273106,1790296497235378217,29651709138780,29651709140620,1790296496999000000,1000,1
3703,153395547281574,1790296497241386434,29651714138780,29651714139991,1790296497004000000,1000,1
3704,153395551497063,1790296497245601913,29651719138780,29651719142509,1790296497009000000,1000,1
3705,153395556335755,1790296497250440585,29651724138780,29651724142731,1790296497014000000,1000,1
3706,153395561341211,1790296497255445941,29651729138780,29651729140435,1790296497019000000,1000,1
3707,153395566125109,1790296497260229939,29651734138780,29651734140102,1790296497024000000,1000,1
3708,153395571106740,1790296497265211570,29651739138780,29651739139954,1790296497029000000,1000,1
3709,153395576463952,1790296497270568782,29651744138780,29651744140805,1790296497034000000,1000,1
3710,153395582137744,1790296497276242855,29651749138780,29651749140917,1790296497039000000,1000,1
3711,153395586198191,1790296497280303191,29651754138780,29651754139620,1790296497044000000,1000,1
3712,153395591128654,1790296497285233484,29651759138780,29651759140287,1790296497049000000,1000,1
3713,153395596672851,1790296497290777721,29651764138780,29651764142879,1790296497054000000,1000,1
3714,153395603169946,1790296497297274766,29651769138780,29651769142768,1790296497059000000,1000,1
3715,153395606414415,1790296497300519345,29651774138780,29651774141546,1790296497064000000,1000,1
3716,153395611344187,1790296497305448466,29651779138780,29651779139842,1790296497069000000,1000,1
3717,153395616230417,1790296497310335267,29651784138780,29651784139546,1790296497074000000,1000,1
3718,153395621324412,1790296497315429272,29651789138780,29651789140398,1790296497079000000,1000,1
3719,153395626002388,1790296497320106336,29651794138780,29651794140546,1790296497084000000,1000,1
3720,153395631406880,1790296497325511749,29651799138780,29651799140583,1790296497089000000,1000,1
3721,153395636462903,1790296497330567733,29651804138780,29651804140176,1790296497094000000,1000,1
3722,153395641209759,1790296497335314629,29651809138780,29651809140583,1790296497099000000,1000,1
3723,153395646448128,1790296497340552978,29651814138780,29651814140398,1790296497104000000,1000,1
3724,153395651659504,1790296497345764645,29651819138780,29651819140879,1790296497109000000,1000,1
3725,153395656389328,1790296497350494228,29651824138780,29651824140991,1790296497114000000,1000,1
3726,153395661066601,1790296497355171441,29651829138780,29651829139842,1790296497119000000,1000,1
3727,153395667050331,1790296497361155141,29651834138780,29651834141102,1790296497124000000,1000,1
3728,153395671220275,1790296497365325075,29651839138780,29651839139954,1790296497129000000,1000,1
3729,153395676629076,1790296497370733996,29651844138780,29651844142546,1790296497134000000,1000,1
3730,153395682294964,1790296497376399954,29651849138780,29651849139916,1790296497139000000,1000,1
3731,153395686172494,1790296497380277374,29651854138780,29651854140991,1790296497144000000,1000,1
3732,153395691094392,1790296497385198661,29651859138780,29651859140398,1790296497149000000,1000,1
3733,153395696557936,1790296497390662766,29651864138780,29651864140102,1790296497154000000,1000,1
3734,153395701384604,1790296497395489444,29651869138780,29651869142991,1790296497159000000,1000,1
3735,153395706477125,1790296497400581995,29651874138780,29651874140472,1790296497164000000,1000,1
3736,153395711209576,1790296497405313484,29651879138780,29651879139620,1790296497169000000,1000,1
3737,153395716158645,1790296497410262603,29651884138780,29651884140287,1790296497174000000,1000,1
3738,153395721392344,1790296497415497193,29651889138780,29651889142991,1790296497179000000,1000,1
3739,153395726529921,1790296497420634751,29651894138780,29651894141879,1790296497184000000,1000,1
3740,153395731292817,1790296497425397677,29651899138780,29651899139509,1790296497189000000,1000,1
3741,153395736258177,1790296497430362997,29651904138780,29651904140213,1790296497194000000,1000,1
3742,153395741456288,1790296497435561098,29651909138780,29651909141991,1790296497199000000,1000,1
3743,153395747267622,1790296497441372622,29651914138780,29651914140953,1790296497204000000,1000,1
3744,153395751190035,1790296497445294915,29651919138780,29651919139990,1790296497209000000,1000,1
3745,153395756183871,1790296497450288671,29651924138780,29651924140694,1790296497214000000,1000,1
3746,153395761333500,1790296497455438340,29651929138780,29651929140731,1790296497219000000,1000,1
3747,153395766571257,1790296497460676147,29651934138780,29651934142435,1790296497224000000,1000,1
3748,153395771267518,1790296497465371406,29651939138780,29651939141065,1790296497229000000,1000,1
3749,153395776440872,1790296497470544840,29651944138780,29651944140028,1790296497234000000,1000,1
3750,153395781258794,1790296497475363614,29651949138780,29651949139324,1790296497239000000,1000,1
3751,153395786667545,1790296497480772435,29651954138780,29651954140509,1790296497244000000,1000,1
3752,153395792325529,1790296497486429507,29651959138780,29651959141065,1790296497249000000,1000,1
3753,153395796282608,1790296497490387447,29651964138780,29651964139916,1790296497254000000,1000,1
3754,153395801275049,1790296497495379929,29651969138780,29651969140583,1790296497259000000,1000,1
3755,153395810290094,1790296497504394934,29651974138780,29651974140583,1790296497264000000,1000,1
3756,153395811516358,1790296497505621479,29651979138780,29651979140620,1790296497269000000,1000,1
3757,153395817412833,1790296497511517753,29651984138780,29651984141213,1790296497274000000,1000,1
3758,153395821331188,1790296497515436089,29651989138780,29651989140398,1790296497279000000,1000,1
3759,153395825928472,1790296497520032721,29651994138780,29651994140250,1790296497284000000,1000,1
3760,153395831344426,1790296497525449276,29651999138780,29651999139731,1790296497289000000,1000,1
3761,153395836354943,1790296497530459933,29652004138780,29652004140768,1790296497294000000,1000,1
3762,153395841382391,1790296497535487681,29652009138780,29652009142176,1790296497299000000,1000,1
3763,153395846593769,1790296497540698689,29652014138780,29652014142620,1790296497304000000,1000,1
3764,153395851484898,1790296497545589978,29652019138780,29652019140287,1790296497309000000,1000,1
3765,153395856408398,1790296497550513228,29652024138780,29652024140435,1790296497314000000,1000,1
3766,153395861161796,1790296497555266806,29652029138780,29652029140546,1790296497319000000,1000,1
3767,153395866474324,1790296497560579194,29652034138780,29652034140324,1790296497324000000,1000,1
3768,153395872117551,1790296497566222350,29652039138780,29652039141250,1790296497329000000,1000,1
3769,153395876437567,1790296497570542497,29652044138780,29652044142620,1790296497334000000,1000,1
3770,153395881173404,1790296497575278284,29652049138780,29652049140657,1790296497339000000,1000,1
3771,153395886102926,1790296497580207746,29652054138780,29652054139472,1790296497344000000,1000,1
3772,153395891515826,1790296497585620736,29652059138780,29652059141805,1790296497349000000,1000,1
3773,153395897205208,1790296497591310088,29652064138780,29652064142361,1790296497354000000,1000,1
3774,153395901181345,1790296497595286425,29652069138780,29652069140139,1790296497359000000,1000,1
3775,153395906017159,1790296497600121989,29652074138780,29652074139657,1790296497364000000,1000,1
3776,153395911595973,1790296497605700903,29652079138780,29652079141953,1790296497369000000,1000,1
3777,153395916478245,1790296497610583356,29652084138780,29652084142620,1790296497374000000,1000,1
3778,153395921698920,1790296497615803830,29652089138780,29652089141398,1790296497379000000,1000,1
3779,153395926163412,1790296497620267380,29652094138780,29652094140620,1790296497384000000,1000,1
3780,153395931165712,1790296497625270552,29652099138780,29652099140657,1790296497389000000,1000,1
3781,153395936366317,1790296497630471177,29652104138780,29652104141768,1790296497394000000,1000,1
3782,153395942013739,1790296497636117658,29652109138780,29652109142657,1790296497399000000,1000,1
3783,153395946153025,1790296497640257915,29652114138780,29652114139805,1790296497404000000,1000,1
3784,153395951137852,1790296497645241780,29652119138780,29652119139361,1790296497409000000,1000,1
3785,153395956593000,1790296497650697870,29652124138780,29652124237842,1790296497414000000,1000,1
3786,153395961332363,1790296497655437484,29652129138780,29652129142324,1790296497419000000,1000,1
3787,153395966594125,1790296497660698965,29652134138780,29652134141768,1790296497424000000,1000,1
3788,153395971158076,1790296497665263206,29652139138780,29652139140657,1790296497429000000,1000,1
3789,153395976147412,1790296497670252512,29652144138780,29652144140472,1790296497434000000,1000,1
3790,153395981446315,1790296497675551175,29652149138780,29652149140435,1790296497439000000,1000,1
3791,153395986256992,1790296497680360980,29652154138780,29652154141694,1790296497444000000,1000,1
3792,153395990947362,1790296497685051260,29652159138780,29652159141064,1790296497449000000,1000,1
3793,153395996153989,1790296497690258839,29652164138780,29652164139768,1790296497454000000,1000,1
3794,153396001472989,1790296497695578099,29652169138780,29652169142990,1790296497459000000,1000,1
3795,153396006226909,1790296497700330847,29652174138780,29652174141694,1790296497464000000,1000,1
3796,153396012643020,1790296497706747299,29652179138780,29652179140250,1790296497469000000,1000,1
3797,153396016031111,1790296497710136041,29652184138780,29652184140213,1790296497474000000,1000,1
3798,153396020941707,1790296497715044894,29652189138780,29652189140916,1790296497479000000,1000,1
3799,153396026236132,1790296497720339288,29652194138780,29652194142324,1790296497484000000,1000,1
3800,153396035136119,1790296497729239286,29652199138780,29652203471916,1790296497493000000,1000,1
3801,153396035766273,1790296497729869440,29652204138780,29652204140361,1790296497494000000,1000,1
3802,153396041096635,1790296497735201525,29652209138780,29652209140546,1790296497499000000,1000,1
3803,153396046381952,1790296497740485740,29652214138780,29652214140101,1790296497504000000,1000,1
3804,153396051303099,1790296497745407939,29652219138780,29652219142731,1790296497509000000,1000,1
3805,153396056805176,1790296497750910266,29652224138780,29652224142842,1790296497514000000,1000,1
3806,153396061165150,1790296497755270270,29652229138780,29652229140287,1790296497519000000,1000,1
3807,153396066063763,1790296497760168613,29652234138780,29652234140842,1790296497524000000,1000,1
3808,153396071477094,1790296497765582004,29652239138780,29652239141546,1790296497529000000,1000,1
3809,153396077215250,1790296497771320120,29652244138780,29652244139842,1790296497534000000,1000,1
3810,153396081205251,1790296497775310101,29652249138780,29652249140546,1790296497539000000,1000,1
3811,153396086224654,1790296497780329503,29652254138780,29652254140138,1790296497544000000,1000,1
3812,153396091223900,1790296497785328639,29652259138780,29652259140842,1790296497549000000,1000,1
3813,153396096158331,1790296497790262260,29652264138780,29652264140398,1790296497554000000,1000,1
3814,153396101666851,1790296497795771981,29652269138780,29652269139990,1790296497559000000,1000,1
3815,153396105878754,1790296497799982713,29652274138780,29652274140027,1790296497564000000,1000,1
3816,153396111887653,1790296497805992493,29652279138780,29652279140361,1790296497569000000,1000,1
3817,153396116484604,1790296497810589534,29652284138780,29652284141250,1790296497574000000,1000,1
3818,153396122218613,1790296497816323483,29652289138780,29652289142694,1790296497579000000,1000,1
3819,153396126272106,1790296497820377257,29652294138780,29652294140324,1790296497584000000,1000,1
3820,153396131284065,1790296497825388884,29652299138780,29652299140953,1790296497589000000,1000,1
3821,153396136373870,1790296497830477778,29652304138780,29652304139916,1790296497594000000,1000,1
3822,153396141345822,1790296497835450652,29652309138780,29652309142361,1790296497599000000,1000,1
3823,153396146089122,1790296497840193010,29652314138780,29652314140101,1790296497604000000,1000,1
3824,153396151310207,1790296497845415127,29652319138780,29652319140768,1790296497609000000,1000,1
3825,153396156215894,1790296497850320724,29652324138780,29652324143546,1790296497614000000,1000,1
3826,153396161497956,1790296497855602756,29652329138780,29652329141287,1790296497619000000,1000,1
3827,153396166082664,1790296497860187765,29652334138780,29652334140953,1790296497624000000,1000,1
3828,153396171163074,1790296497865267453,29652339138780,29652339140212,1790296497629000000,1000,1
3829,153396175821372,1790296497869924518,29652344138780,29652344139324,1790296497634000000,1000,1
3830,153396181175219,1790296497875278446,29652349138780,29652349139916,1790296497639000000,1000,1
3831,153396186027094,1790296497880130311,29652354138780,29652354141138,1790296497644000000,1000,1
3832,153396191141628,1790296497885244845,29652359138780,29652359344694,1790296497649000000,1000,1
3833,153396195853317,1790296497889956524,29652364138780,29652364139620,1790296497654000000,1000,1
3834,153396201110380,1790296497895215250,29652369138780,29652369139620,1790296497659000000,1000,1
3835,153396206324143,1790296497900428942,29652374138780,29652374142546,1790296497664000000,1000,1
3836,153396211220652,1790296497905324790,29652379138780,29652379140249,1790296497669000000,1000,1
3837,153396217634406,1790296497911739276,29652384138780,29652384140472,1790296497674000000,1000,1
3838,153396220933909,1790296497915037907,29652389138780,29652389140287,1790296497679000000,1000,1
3839,153396226529594,1790296497920632611,29652394138780,29652394142138,1790296497684000000,1000,1
3840,153396230994346,1790296497925097292,29652399138780,29652399142138,1790296497689000000,1000,1
3841,153396236325000,1790296497930430190,29652404138780,29652404367101,1790296497694000000,1000,1
3842,153396241213634,1790296497935318614,29652409138780,29652409139805,1790296497699000000,1000,1
3843,153396246763122,1790296497940867010,29652414138780,29652414140990,1790296497704000000,1000,1
3844,153396251459482,1790296497945564443,29652419138780,29652419142879,1790296497709000000,1000,1
3845,153396256612348,1790296497950717167,29652424138780,29652424142842,1790296497714000000,1000,1
3846,153396261301155,1790296497955405985,29652429138780,29652429140472,1790296497719000000,1000,1
3847,153396266203616,1790296497960309077,29652434138780,29652434139842,1790296497724000000,1000,1
3848,153396271471631,1790296497965576712,29652439138780,29652439142879,1790296497729000000,1000,1
3849,153396276378302,1790296497970483122,29652444138780,29652444142361,1790296497734000000,1000,1
3850,153396282213029,1790296497976317909,29652449138780,29652449384138,1790296497739000000,1000,1
3851,153396286218901,1790296497980323821,29652454138780,29652454139361,1790296497744000000,1000,1
3852,153396291242871,1790296497985347771,29652459138780,29652459140509,1790296497749000000,1000,1
3853,153396296342197,1790296497990447007,29652464138780,29652464140731,1790296497754000000,1000,1
3854,153396301373953,1790296497995478783,29652469138780,29652469142361,1790296497759000000,1000,1
3855,153396306256116,1790296498000360936,29652474138780,29652474140435,1790296497764000000,1000,1
3856,153396311358496,1790296498005463526,29652479138780,29652479140472,1790296497769000000,1000,1
3857,153396316417234,1790296498010522064,29652484138780,29652484143101,1790296497774000000,1000,1
3858,153396321385479,1790296498015490209,29652489138780,29652489141101,1790296497779000000,1000,1
3859,153396326581788,1790296498020686658,29652494138780,29652494356879,1790296497784000000,1000,1
3860,153396331317444,1790296498025422364,29652499138780,29652499140657,1790296497789000000,1000,1
3861,153396336086261,1790296498030191382,29652504138780,29652504140768,1790296497794000000,1000,1
3862,153396341533594,1790296498035638464,29652509138780,29652509141583,1790296497799000000,1000,1
3863,153396346351505,1790296498040456665,29652514138780,29652514142620,1790296497804000000,1000,1
3864,153396351353416,1790296498045458416,29652519138780,29652519139879,1790296497809000000,1000,1
3865,153396356130639,1790296498050235289,29652524138780,29652524139953,1790296497814000000,1000,1
3866,153396361455102,1790296498055560212,29652529138780,29652529142805,1790296497819000000,1000,1
3867,153396366581977,1790296498060686787,29652534138780,29652534140990,1790296497824000000,1000,1
3868,153396371550904,1790296498065655934,29652539138780,29652539387101,1790296497829000000,1000,1
3869,153396376160141,1790296498070265321,29652544138780,29652544140731,1790296497834000000,1000,1
3870,153396381029829,1790296498075133747,29652549138780,29652549140620,1790296497839000000,1000,1
3871,153396386488165,1790296498080593015,29652554138780,29652554140879,1790296497844000000,1000,1
3872,153396391434740,1790296498085539620,29652559138780,29652559140842,1790296497849000000,1000,1
3873,153396396166627,1790296498090271587,29652564138780,29652564140805,1790296497854000000,1000,1
3874,153396401106408,1790296498095211258,29652569138780,29652569140768,1790296497859000000,1000,1
3875,153396406473511,1790296498100578391,29652574138780,29652574140657,1790296497864000000,1000,1
3876,153396411139654,1790296498105244795,29652579138780,29652579141175,1790296497869000000,1000,1
3877,153396416499582,1790296498110604432,29652584138780,29652584424138,1790296497874000000,1000,1
3878,153396423206893,1790296498117311793,29652589138780,29652589140694,1790296497879000000,1000,1
3879,153396426214734,1790296498120319574,29652594138780,29652594140397,1790296497884000000,1000,1
3880,153396432496499,1790296498126600437,29652599138780,29652599140620,1790296497889000000,1000,1
3881,153396436760449,1790296498130865229,29652604138780,29652604141546,1790296497894000000,1000,1
3882,153396441504511,1790296498135609341,29652609138780,29652609139990,1790296497899000000,1000,1
3883,153396446302824,1790296498140407664,29652614138780,29652614139435,1790296497904000000,1000,1
3884,153396451654739,1790296498145759589,29652619138780,29652619143101,1790296497909000000,1000,1
3885,153396456674342,1790296498150779492,29652624138780,29652624142435,1790296497914000000,1000,1
3886,153396461622761,1790296498155727611,29652629138780,29652629343101,1790296497919000000,1000,1
3887,153396466262875,1790296498160367785,29652634138780,29652634139879,1790296497924000000,1000,1
3888,153396471689749,1790296498165794619,29652639138780,29652639140916,1790296497929000000,1000,1
3889,153396476701657,1790296498170806557,29652644138780,29652644140323,1790296497934000000,1000,1
3890,153396481615269,1790296498175720129,29652649138780,29652649140546,1790296497939000000,1000,1
3891,153396487070950,1790296498181175830,29652654138780,29652654139620,1790296497944000000,1000,1
3892,153396491343056,1790296498185447986,29652659138780,29652659140694,1790296497949000000,1000,1
3893,153396496656056,1790296498190761016,29652664138780,29652664140879,1790296497954000000,1000,1
3894,153396501654238,1790296498195759088,29652669138780,29652669141286,1790296497959000000,1000,1
3895,153396506614540,1790296498200719350,29652674138780,29652674140286,1790296497964000000,1000,1
3896,153396511308566,1790296498205413426,29652679138780,29652679139953,1790296497969000000,1000,1
3897,153396516221128,1790296498210326028,29652684138780,29652684139583,1790296497974000000,1000,1
3898,153396521765264,1790296498215870485,29652689138780,29652689142101,1790296497979000000,1000,1
3899,153396526391714,1790296498220496864,29652694138780,29652694142286,1790296497984000000,1000,1
3900,153396531544411,1790296498225649661,29652699138780,29652699141212,1790296497989000000,1000,1
3901,153396536438105,1790296498230543275,29652704138780,29652704141583,1790296497994000000,1000,1
3902,153396541796970,1790296498235901820,29652709138780,29652709140027,1790296497999000000,1000,1
3903,153396546814759,1790296498240919529,29652714138780,29652714141101,1790296498004000000,1000,1
3904,153396551742608,1790296498245847498,29652719138780,29652719406138,1790296498009000000,1000,1
3905,153396556449299,1790296498250554380,29652724138780,29652724139953,1790296498014000000,1000,1
3906,153396561271208,1790296498255376088,29652729138780,29652729140064,1790296498019000000,1000,1
3907,153396566892792,1790296498260997682,29652734138780,29652734142583,1790296498024000000,1000,1
3908,153396571497089,1790296498265602250,29652739138780,29652739141064,1790296498029000000,1000,1
3909,153396576471797,1790296498270576637,29652744138780,29652744141064,1790296498034000000,1000,1
3910,153396581244883,1790296498275348801,29652749138780,29652749139583,1790296498039000000,1000,1
3911,153396586885183,1790296498280990033,29652754138780,29652754142323,1790296498044000000,1000,1
3912,153396591473568,1790296498285578408,29652759138780,29652759141101,1790296498049000000,1000,1
3913,153396596395558,1790296498290500788,29652764138780,29652764141509,1790296498054000000,1000,1
3914,153396601202036,1790296498295305955,29652769138780,29652769140731,1790296498059000000,1000,1
3915,153396605986183,1790296498300090092,29652774138780,29652774139731,1790296498064000000,1000,1
3916,153396611309744,1790296498305414684,29652779138780,29652779143212,1790296498069000000,1000,1
3917,153396616376957,1790296498310482178,29652784138780,29652784140027,1790296498074000000,1000,1
3918,153396621175601,1790296498315280340,29652789138780,29652789140508,1790296498079000000,1000,1
3919,153396632355409,1790296498326460279,29652794138780,29652794140360,1790296498084000000,1000,1
3920,153396632397769,1790296498326500655,29652799138780,29652799142546,1790296498089000000,1000,1
3921,153396637181105,1790296498331285814,29652804138780,29652804140990,1790296498094000000,1000,1
3922,153396641216914,1790296498335320833,29652809138780,29652809141953,1790296498099000000,1000,1
3923,153396646258489,1790296498340363278,29652814138780,29652814140805,1790296498104000000,1000,1
3924,153396651283734,1790296498345388584,29652819138780,29652819237805,1790296498109000000,1000,1
3925,153396656218546,1790296498350323386,29652824138780,29652824139620,1790296498114000000,1000,1
3926,153396662087088,1790296498356192258,29652829138780,29652829140064,1790296498119000000,1000,1
3927,153396666526452,1790296498360631583,29652834138780,29652834142546,1790296498124000000,1000,1
3928,153396671514707,1790296498365619417,29652839138780,29652839140508,1790296498129000000,1000,1
3929,153396676233069,1790296498370338249,29652844138780,29652844143842,1790296498134000000,1000,1
3930,153396681200303,1790296498375305032,29652849138780,29652849139953,1790296498139000000,1000,1
3931,153396686569228,1790296498380674078,29652854138780,29652854141212,1790296498144000000,1000,1
3932,153396691249738,1790296498385354618,29652859138780,29652859140953,1790296498149000000,1000,1
3933,153396696188379,1790296498390293720,29652864138780,29652864140434,1790296498154000000,1000,1
3934,153396701267445,1790296498395372585,29652869138780,29652869140471,1790296498159000000,1000,1
3935,153396706104321,1790296498400209201,29652874138780,29652874140249,1790296498164000000,1000,1
3936,153396711437350,1790296498405542560,29652879138780,29652879140434,1790296498169000000,1000,1
3937,153396716454098,1790296498410558948,29652884138780,29652884139842,1790296498174000000,1000,1
3938,153396721244057,1790296498415348887,29652889138780,29652889140064,1790296498179000000,1000,1
3939,153396726120929,1790296498420225999,29652894138780,29652894139879,1790296498184000000,1000,1
3940,153396731559798,1790296498425664918,29652899138780,29652899140508,1790296498189000000,1000,1
3941,153396736340969,1790296498430445238,29652904138780,29652904140212,1790296498194000000,1000,1
3942,153396742211504,1790296498436316364,29652909138780,29652909142582,1790296498199000000,1000,1
3943,153396746480054,1790296498440585475,29652914138780,29652914142101,1790296498204000000,1000,1
3944,153396751377146,1790296498445481976,29652919138780,29652919344064,1790296498209000000,1000,1
3945,153396756179196,1790296498450284076,29652924138780,29652924139879,1790296498214000000,1000,1
3946,153396761146089,1790296498455250929,29652929138780,29652929140508,1790296498219000000,1000,1
3947,153396766544882,1790296498460649732,29652934138780,29652934141249,1790296498224000000,1000,1
3948,153396771392259,1790296498465497209,29652939138780,29652939140212,1790296498229000000,1000,1
3949,153396776414696,1790296498470519566,29652944138780,29652944181805,1790296498234000000,1000,1
3950,153396781176100,1790296498475281080,29652949138780,29652949139657,1790296498239000000,1000,1
3951,153396786340638,1790296498480444576,29652954138780,29652954140879,1790296498244000000,1000,1
3952,153396791400978,1790296498485506129,29652959138780,29652959143101,1790296498249000000,1000,1
3953,153396796186509,1790296498490291339,29652964138780,29652964141508,1790296498254000000,1000,1
3954,153396801312653,1790296498495416582,29652969138780,29652969181694,1790296498259000000,1000,1
3955,153396806234701,1790296498500339551,29652974138780,29652974140434,1790296498264000000,1000,1
3956,153396811575745,1790296498505680555,29652979138780,29652979142397,1790296498269000000,1000,1
3957,153396817011949,1790296498511116779,29652984138780,29652984142212,1790296498274000000,1000,1
3958,153396821241354,1790296498515346254,29652989138780,29652989193582,1790296498279000000,1000,1
3959,153396826299971,1790296498520403879,29652994138780,29652994140619,1790296498284000000,1000,1
3960,153396832262101,1790296498526366941,29652999138780,29652999142768,1790296498289000000,1000,1
3961,153396836516022,1790296498530621233,29653004138780,29653004142619,1790296498294000000,1000,1
3962,153396841136249,1790296498535240998,29653009138780,29653009141657,1790296498299000000,1000,1
3963,153396846250452,1790296498540353618,29653014138780,29653014139731,1790296498304000000,1000,1
3964,153396850814522,1790296498544917679,29653019138780,29653019139657,1790296498309000000,1000,1
3965,153396855866476,1790296498549969673,29653024138780,29653024140582,1790296498314000000,1000,1
3966,153396860772955,1790296498554876142,29653029138780,29653029139805,1790296498319000000,1000,1
3967,153396866208247,1790296498560311403,29653034138780,29653034141434,1790296498324000000,1000,1
3968,153396871033220,1790296498565136367,29653039138780,29653039140916,1790296498329000000,1000,1
3969,153396876142003,1790296498570246984,29653044138780,29653044140768,1790296498334000000,1000,1
3970,153396881366274,1790296498575471404,29653049138780,29653049140879,1790296498339000000,1000,1
3971,153396886429740,1790296498580534630,29653054138780,29653054140471,1790296498344000000,1000,1
3972,153396891411212,1790296498585516072,29653059138780,29653059142805,1790296498349000000,1000,1
3973,153396896836694,1790296498590941443,29653064138780,29653064142249,1790296498354000000,1000,1
3974,153396901200385,1790296498595305606,29653069138780,29653069140842,1790296498359000000,1000,1
3975,153396906105190,1790296498600210621,29653074138780,29653074140619,1790296498364000000,1000,1
3976,153396911578395,1790296498605683535,29653079138780,29653079142953,1790296498369000000,1000,1
3977,153396917187927,1790296498611292948,29653084138780,29653084141027,1790296498374000000,1000,1
3978,153396921144876,1790296498615249716,29653089138780,29653089140805,1790296498379000000,1000,1
3979,153396926099526,1790296498620203474,29653094138780,29653094140582,1790296498384000000,1000,1
3980,153396931468472,1790296498625573352,29653099138780,29653099140990,1790296498389000000,1000,1
3981,153396936482825,1790296498630587645,29653104138780,29653104141434,1790296498394000000,1000,1
3982,153396941267372,1790296498635372493,29653109138780,29653109139360,1790296498399000000,1000,1
3983,153396946301634,1790296498640406484,29653114138780,29653114140693,1790296498404000000,1000,1
3984,153396951013233,1790296498645117141,29653119138780,29653119140508,1790296498409000000,1000,1
3985,153396956606182,1790296498650711012,29653124138780,29653124185953,1790296498414000000,1000,1
3986,153396962173595,1790296498656278475,29653129138780,29653129142471,1790296498419000000,1000,1
3987,153396966132507,1790296498660237377,29653134138780,29653134139879,1790296498424000000,1000,1
3988,153396971632200,1790296498665737050,29653139138780,29653139140990,1790296498429000000,1000,1
3989,153396976822656,1790296498670927506,29653144138780,29653144141545,1790296498434000000,1000,1
3990,153396981575375,1790296498675680505,29653149138780,29653149142323,1790296498439000000,1000,1
3991,153396986170793,1790296498680275653,29653154138780,29653154141508,1790296498444000000,1000,1
3992,153396991190256,1790296498685295356,29653159138780,29653159140768,1790296498449000000,1000,1
3993,153396996120178,1790296498690225168,29653164138780,29653164139619,1790296498454000000,1000,1
3994,153397001269809,1790296498695374759,29653169138780,29653169168360,1790296498459000000,1000,1
3995,153397006088611,1790296498700193511,29653174138780,29653174139730,1790296498464000000,1000,1
3996,153397011271145,1790296498705376115,29653179138780,29653179139879,1790296498469000000,1000,1
3997,153397016221517,1790296498710326347,29653184138780,29653184140545,1790296498474000000,1000,1
3998,153397020964036,1790296498715067904,29653189138780,29653189141990,1790296498479000000,1000,1
3999,153397025825669,1790296498719928645,29653194138780,29653194140805,1790296498484000000,1000,1
