sequence,rx_elapsed_ns,kernel_rx_realtime_ns,rx_wall_ns,host_intended_ns,host_packet_stamp_ns,host_wall_ns,packet_bytes,valid
0,28627894900453,1790295473178032449,1790295473184000000,152371704523149,152371704525952,1790295473398630171,1000,1
1,28627896252379,1790295473180457079,1790295473186000000,152371709523149,152371709529784,1790295473403634283,1000,1
2,28627896642971,1790295473185219671,1790295473186000000,152371714523149,152371714525389,1790295473408629317,1000,1
3,28627900649379,1790295473189913856,1790295473190000000,152371719523149,152371719525182,1790295473413629450,1000,1
4,28627905231712,1790295473194821486,1790295473195000000,152371724523149,152371724525746,1790295473418629894,1000,1
5,28627911841156,1790295473201325153,1790295473201000000,152371729523149,152371729525909,1790295473423630399,1000,1
6,28627915793527,1790295473205394004,1790295473205000000,152371734523149,152371734525815,1790295473428630374,1000,1
7,28627920158971,1790295473209693745,1790295473210000000,152371739523149,152371739526228,1790295473433630407,1000,1
8,28627926228082,1790295473215579782,1790295473216000000,152371744523149,152371744526021,1790295473438630220,1000,1
9,28627932427712,1790295473221911449,1790295473222000000,152371749523149,152371749526265,1790295473443630494,1000,1
10,28627936530156,1790295473225925004,1790295473226000000,152371754523149,152371754525176,1790295473448628693,1000,1
11,28627941962527,1790295473231424375,1790295473231000000,152371759523149,152371759525450,1790295473453629678,1000,1
12,28627945268305,1790295473234856079,1790295473235000000,152371764523149,152371764525072,1790295473458629621,1000,1
13,28627952323712,1790295473241911412,1790295473242000000,152371769523149,152371769525646,1790295473463629825,1000,1
14,28627958579786,1790295473248160153,1790295473248000000,152371774523149,152371774525930,1790295473468630139,1000,1
15,28627960526601,1790295473249771782,1790295473250000000,152371779523149,152371779526026,1790295473473630194,1000,1
16,28627965318119,1790295473254893301,1790295473255000000,152371784523149,152371784525979,1790295473478630177,1000,1
17,28627970444712,1790295473260007264,1790295473260000000,152371789523149,152371789526062,1790295473483630331,1000,1
18,28627978484749,1790295473268007375,1790295473268000000,152371794523149,152371794524663,1790295473488629012,1000,1
19,28627981071675,1790295473270510634,1790295473270000000,152371799523149,152371799525169,1790295473493630279,1000,1
20,28627988129008,1790295473275111893,1790295473278000000,152371804523149,152371804525412,1790295473498629641,1000,1
21,28627992701045,1790295473281903301,1790295473282000000,152371809523149,152371809524985,1790295473503628552,1000,1
22,28627995379267,1790295473284919227,1790295473285000000,152371814523149,152371814525569,1790295473508630008,1000,1
23,28628000311379,1790295473289901597,1790295473290000000,152371819523149,152371819525595,1790295473513629823,1000,1
24,28628008380379,1790295473297931486,1790295473298000000,152371824523149,152371824525680,1790295473518630199,1000,1
25,28628012391860,1790295473301944041,1790295473302000000,152371829523149,152371829525122,1790295473523629411,1000,1
26,28628016206897,1790295473305717375,1790295473306000000,152371834523149,152371834523683,1790295473528626699,1000,1
27,28628020463823,1790295473309648856,1790295473310000000,152371839523149,152371839523545,1790295473533626482,1000,1
28,28628026072601,1790295473315670819,1790295473315000000,152371844523149,152371844523869,1790295473538626876,1000,1
29,28628032380230,1790295473321979227,1790295473322000000,152371849523149,152371849523822,1790295473543626839,1000,1
30,28628036317712,1790295473325901967,1790295473326000000,152371854523149,152371854523765,1790295473548626782,1000,1
31,28628040319712,1790295473329902375,1790295473330000000,152371859523149,152371859523799,1790295473553626825,1000,1
32,28628046568897,1790295473336203486,1790295473336000000,152371864523149,152371864525726,1790295473558630505,1000,1
33,28628050120045,1790295473339652745,1790295473340000000,152371869523149,152371869525179,1790295473563629448,1000,1
34,28628056367564,1790295473345921004,1790295473346000000,152371874523149,152371874525583,1790295473568629171,1000,1
35,28628060327749,1790295473349902856,1790295473350000000,152371879523149,152371879526157,1790295473573630376,1000,1
36,28628066442379,1790295473356036412,1790295473356000000,152371884523149,152371884525580,1790295473578630069,1000,1
37,28628070503675,1790295473360111634,1790295473360000000,152371889523149,152371889525645,1790295473583629854,1000,1
38,28628076339897,1790295473365904412,1790295473366000000,152371894523149,152371894526229,1790295473588630378,1000,1
39,28628083070675,1790295473372682041,1790295473372000000,152371899523149,152371899526333,1790295473593630541,1000,1
40,28628088399823,1790295473377946486,1790295473378000000,152371904523149,152371904525624,1790295473598629813,1000,1
41,28628090624712,1790295473380251597,1790295473380000000,152371909523149,152371909525468,1790295473603629667,1000,1
42,28628095668675,1790295473384651153,1790295473385000000,152371914523149,152371914525653,1790295473608629231,1000,1
43,28628100176749,1790295473389763301,1790295473390000000,152371919523149,152371919525747,1790295473613629955,1000,1
44,28628106189638,1790295473395776041,1790295473396000000,152371924523149,152371924526041,1790295473618630209,1000,1
45,28628111315230,1790295473400903301,1790295473401000000,152371929523149,152371929526875,1790295473623631084,1000,1
46,28628116316749,1790295473405902338,1790295473406000000,152371934523149,152371934524003,1790295473628627691,1000,1
47,28628120364860,1790295473409906782,1790295473410000000,152371939523149,152371939523926,1790295473633628626,1000,1
48,28628126043416,1790295473415653671,1790295473415000000,152371944523149,152371944523759,1790295473638626785,1000,1
49,28628131046378,1790295473420652819,1790295473420000000,152371949523149,152371949523832,1790295473643626849,1000,1
50,28628136341082,1790295473425917708,1790295473426000000,152371954523149,152371954523766,1790295473648626773,1000,1
51,28628140798267,1790295473430409301,1790295473430000000,152371959523149,152371959567723,1790295473653672353,1000,1
52,28628148351490,1790295473437907041,1790295473438000000,152371964523149,152371964525336,1790295473658629795,1000,1
53,28628150738119,1790295473440381004,1790295473440000000,152371969523149,152371969525179,1790295473663629668,1000,1
54,28628156334156,1790295473445905708,1790295473446000000,152371974523149,152371974525603,1790295473668629171,1000,1
55,28628160325267,1790295473449901301,1790295473450000000,152371979523149,152371979526309,1790295473673630518,1000,1
56,28628168036749,1790295473457581078,1790295473457000000,152371984523149,152371984526002,1790295473678630291,1000,1
57,28628169866934,1790295473459430190,1790295473459000000,152371989523149,152371989525113,1790295473683628681,1000,1
58,28628176340378,1790295473465905227,1790295473466000000,152371994523149,152371994525127,1790295473688628774,1000,1
59,28628183074527,1790295473472667745,1790295473472000000,152371999523149,152371999525210,1790295473693629128,1000,1
60,28628185657045,1790295473474898560,1790295473475000000,152372004523149,152372004525566,1790295473698629834,1000,1
61,28628192312156,1790295473481900560,1790295473482000000,152372009523149,152372009525799,1790295473703630078,1000,1
62,28628197086749,1790295473485698264,1790295473486000000,152372014523149,152372014525582,1790295473708629250,1000,1
63,28628200318934,1790295473489905634,1790295473490000000,152372019523149,152372019525655,1790295473713630275,1000,1
64,28628207376860,1790295473496922782,1790295473497000000,152372024523149,152372024525209,1790295473718628887,1000,1
65,28628212633786,1790295473501921745,1790295473502000000,152372029523149,152372029525723,1790295473723629992,1000,1
66,28628216329897,1790295473505907152,1790295473506000000,152372034523149,152372034524414,1790295473728628302,1000,1
67,28628220372008,1790295473509916782,1790295473510000000,152372039523149,152372039525650,1790295473733629838,1000,1
68,28628228391638,1790295473517930819,1790295473518000000,152372044523149,152372044525853,1790295473738630072,1000,1
69,28628230601415,1790295473519770745,1790295473520000000,152372049523149,152372049526009,1790295473743630208,1000,1
70,28628236359564,1790295473525902486,1790295473526000000,152372054523149,152372054525401,1790295473748629580,1000,1
71,28628240286490,1790295473529898634,1790295473530000000,152372059523149,152372059526105,1790295473753630414,1000,1
72,28628248339638,1790295473537904189,1790295473538000000,152372064523149,152372064526048,1790295473758630237,1000,1
73,28628252275267,1790295473541747819,1790295473542000000,152372069523149,152372069525581,1790295473763629770,1000,1
74,28628256388860,1790295473545927301,1790295473546000000,152372074523149,152372074525977,1790295473768630145,1000,1
75,28628259932045,1790295473549475560,1790295473549000000,152372079523149,152372079525539,1790295473773630179,1000,1
76,28628266335675,1790295473555822967,1790295473556000000,152372084523149,152372084526073,1790295473778630543,1000,1
77,28628272307971,1790295473561904375,1790295473562000000,152372089523149,152372089524754,1790295473783628382,1000,1
78,28628274956675,1790295473564568412,1790295473564000000,152372094523149,152372094525599,1790295473788629747,1000,1
79,28628280371082,1790295473569935523,1790295473570000000,152372099523149,152372099525321,1790295473793629761,1000,1
80,28628286179638,1790295473575774671,1790295473576000000,152372104523149,152372104525535,1790295473798630004,1000,1
81,28628292313675,1790295473581898819,1790295473582000000,152372109523149,152372109525087,1790295473803629256,1000,1
82,28628295845638,1790295473585381708,1790295473585000000,152372114523149,152372114525492,1790295473808629360,1000,1
83,28628300301045,1790295473589898486,1790295473590000000,152372119523149,152372119525227,1790295473813629396,1000,1
84,28628308409823,1790295473597926115,1790295473598000000,152372124523149,152372124525721,1790295473818630200,1000,1
85,28628312532082,1790295473601915523,1790295473602000000,152372129523149,152372129526255,1790295473823630424,1000,1
86,28628316349675,1790295473605913745,1790295473606000000,152372134523149,152372134525767,1790295473828629926,1000,1
87,28628320232378,1790295473609768449,1790295473610000000,152372139523149,152372139525741,1790295473833629939,1000,1
88,28628328353156,1790295473617919412,1790295473618000000,152372144523149,152372144526104,1790295473838630243,1000,1
89,28628329973156,1790295473619510523,1790295473619000000,152372149523149,152372149526238,1790295473843630507,1000,1
90,28628336357452,1790295473625902041,1790295473626000000,152372154523149,152372154524848,1790295473848628426,1000,1
91,28628340545156,1790295473629899560,1790295473630000000,152372159523149,152372159525454,1790295473853629653,1000,1
92,28628347087119,1790295473636551226,1790295473636000000,152372164523149,152372164526341,1790295473858630670,1000,1
93,28628352301415,1790295473641899041,1790295473642000000,152372169523149,152372169525513,1790295473863629852,1000,1
94,28628355792082,1790295473645247041,1790295473645000000,152372174523149,152372174526428,1790295473868630757,1000,1
95,28628360352415,1790295473649920967,1790295473650000000,152372179523149,152372179526150,1790295473873630369,1000,1
96,28628365159489,1790295473654768226,1790295473655000000,152372184523149,152372184526664,1790295473878630943,1000,1
97,28628372367786,1790295473661932449,1790295473662000000,152372189523149,152372189526127,1790295473883630385,1000,1
98,28628380062675,1790295473669593078,1790295473669000000,152372194523149,152372194525358,1790295473888629567,1000,1
99,28628380494119,1790295473669903189,1790295473670000000,152372199523149,152372199525161,1790295473893629039,1000,1
100,28628387380860,1790295473676917671,1790295473677000000,152372204523149,152372204525435,1790295473898629593,1000,1
101,28628392312971,1790295473681903782,1790295473682000000,152372209523149,152372209524649,1790295473903628817,1000,1
102,28628396331341,1790295473685933708,1790295473686000000,152372214523149,152372214526305,1790295473908630544,1000,1
103,28628400293786,1790295473689901115,1790295473690000000,152372219523149,152372219524755,1790295473913628293,1000,1
104,28628408407860,1790295473697935338,1790295473698000000,152372224523149,152372224524638,1790295473918628206,1000,1
105,28628410182267,1790295473699778745,1790295473700000000,152372229523149,152372229524783,1790295473923628651,1000,1
106,28628416323934,1790295473705902300,1790295473706000000,152372234523149,152372234525628,1790295473928629336,1000,1
107,28628420525378,1790295473709990115,1790295473710000000,152372239523149,152372239525471,1790295473933629670,1000,1
108,28628426763638,1790295473716184152,1790295473716000000,152372244523149,152372244525905,1790295473938630384,1000,1
109,28628430278082,1790295473719868226,1790295473720000000,152372249523149,152372249526560,1790295473943630809,1000,1
110,28628436338786,1790295473725909338,1790295473726000000,152372254523149,152372254524741,1790295473948628268,1000,1
111,28628440314971,1790295473729906004,1790295473730000000,152372259523149,152372259525626,1790295473953629804,1000,1
112,28628448391452,1790295473737910152,1790295473738000000,152372264523149,152372264525709,1790295473958630248,1000,1
113,28628451229823,1790295473740626634,1790295473741000000,152372269523149,152372269525502,1790295473963629811,1000,1
114,28628455258119,1790295473744663671,1790295473745000000,152372274523149,152372274525926,1790295473968630104,1000,1
115,28628460305008,1790295473749902189,1790295473750000000,152372279523149,152372279526011,1790295473973630129,1000,1
116,28628466072304,1790295473755579449,1790295473755000000,152372284523149,152372284523780,1790295473978626786,1000,1
117,28628470117749,1790295473759704671,1790295473759000000,152372289523149,152372289523552,1790295473983626509,1000,1
118,28628476412897,1790295473765906967,1790295473766000000,152372294523149,152372294523847,1790295473988626894,1000,1
119,28628480313341,1790295473769904597,1790295473770000000,152372299523149,152372299523791,1790295473993626807,1000,1
120,28628488446193,1790295473777909226,1790295473778000000,152372304523149,152372304523654,1790295473998626670,1000,1
121,28628492367786,1790295473781907078,1790295473782000000,152372309523149,152372309523827,1790295474003626844,1000,1
122,28628496335119,1790295473785907337,1790295473786000000,152372314523149,152372314525083,1790295474008628761,1000,1
123,28628500375526,1790295473789780671,1790295473790000000,152372319523149,152372319525298,1790295474013629487,1000,1
124,28628506980230,1790295473796399745,1790295473796000000,152372324523149,152372324525664,1790295474018629853,1000,1
125,28628511068934,1790295473800579671,1790295473800000000,152372329523149,152372329525126,1790295474023628603,1000,1
126,28628516385082,1790295473805915337,1790295473806000000,152372334523149,152372334525059,1790295474028628617,1000,1
127,28628520332452,1790295473809916967,1790295473810000000,152372339523149,152372339524692,1790295474033628219,1000,1
128,28628528365378,1790295473817921004,1790295473818000000,152372344523149,152372344525536,1790295474038630086,1000,1
129,28628532395675,1790295473821926819,1790295473822000000,152372349523149,152372349523806,1790295474043626823,1000,1
130,28628536347452,1790295473825908337,1790295473826000000,152372354523149,152372354524561,1790295474048628108,1000,1
131,28628540332008,1790295473829912930,1790295473830000000,152372359523149,152372359525836,1790295474053630065,1000,1
132,28628545162008,1790295473834715893,1790295473835000000,152372364523149,152372364525280,1790295474058630030,1000,1
133,28628552329897,1790295473841907708,1790295473842000000,152372369523149,152372369524472,1790295474063628009,1000,1
134,28628556209452,1790295473845716560,1790295473846000000,152372374523149,152372374525146,1790295474068628714,1000,1
135,28628560318230,1790295473849906782,1790295473850000000,152372379523149,152372379526041,1790295474073630290,1000,1
136,28628567556749,1790295473857082189,1790295473857000000,152372384523149,152372384526015,1790295474078630193,1000,1
137,28628572350156,1790295473861929856,1790295473862000000,152372389523149,152372389524847,1790295474083628385,1000,1
138,28628576363119,1790295473865907374,1790295473866000000,152372394523149,152372394525682,1790295474088629871,1000,1
139,28628580359971,1790295473869901263,1790295473870000000,152372399523149,152372399524743,1790295474093628301,1000,1
140,28628588353526,1790295473877904004,1790295473878000000,152372404523149,152372404524707,1790295474098628254,1000,1
141,28628592345341,1790295473881900782,1790295473882000000,152372409523149,152372409524090,1790295474103627628,1000,1
142,28628596179267,1790295473885730708,1790295473886000000,152372414523149,152372414525536,1790295474108629234,1000,1
143,28628600350119,1790295473889902004,1790295473890000000,152372419523149,152372419524938,1790295474113629137,1000,1
144,28628608322971,1790295473897901523,1790295473898000000,152372424523149,152372424525723,1790295474118629891,1000,1
145,28628610048489,1790295473899668486,1790295473899000000,152372429523149,152372429524995,1790295474123629213,1000,1
146,28628616403860,1790295473905909597,1790295473906000000,152372434523149,152372434525831,1790295474128630381,1000,1
147,28628620304712,1790295473909722523,1790295473910000000,152372439523149,152372439525354,1790295474133629552,1000,1
148,28628627540378,1790295473917125300,1790295473917000000,152372444523149,152372444525066,1790295474138628674,1000,1
149,28628632318267,1790295473921903560,1790295473922000000,152372449523149,152372449525430,1790295474143628958,1000,1
150,28628634963823,1790295473924552152,1790295473924000000,152372454523149,152372454525493,1790295474148629642,1000,1
151,28628640303156,1790295473929900226,1790295473930000000,152372459523149,152372459525236,1790295474153629435,1000,1
152,28628646274489,1790295473935695337,1790295473936000000,152372464523149,152372464525370,1790295474158629909,1000,1
153,28628650259378,1790295473939859115,1790295473940000000,152372469523149,152372469525313,1790295474163629461,1000,1
154,28628655572304,1790295473945167671,1790295473945000000,152372474523149,152372474525247,1790295474168628824,1000,1
155,28628660384971,1790295473949902004,1790295473950000000,152372479523149,152372479526194,1790295474173630362,1000,1
156,28628665739934,1790295473955320634,1790295473955000000,152372484523149,152372484526197,1790295474178630446,1000,1
157,28628672324045,1790295473961908411,1790295473962000000,152372489523149,152372489525318,1790295474183628866,1000,1
158,28628676340193,1790295473965903597,1790295473966000000,152372494523149,152372494526003,1790295474188630292,1000,1
159,28628680298971,1790295473969530078,1790295473970000000,152372499523149,152372499525485,1790295474193629063,1000,1
160,28628688317860,1790295473977905708,1790295473978000000,152372504523149,152372504525518,1790295474198629637,1000,1
161,28628691641156,1790295473980575152,1790295473981000000,152372509523149,152372509525531,1790295474203629690,1000,1
162,28628696355786,1790295473985906856,1790295473986000000,152372514523149,152372514525294,1790295474208630154,1000,1
163,28628700391637,1790295473989937597,1790295473990000000,152372519523149,152372519525200,1790295474213629408,1000,1
164,28628705882378,1790295473995458152,1790295473995000000,152372524523149,152372524525103,1790295474218628640,1000,1
165,28628712323415,1790295474001917004,1790295474002000000,152372529523149,152372529525577,1790295474223630086,1000,1
166,28628716401934,1790295474005908411,1790295474006000000,152372534523149,152372534526001,1790295474228630159,1000,1
167,28628720401674,1790295474009900448,1790295474010000000,152372539523149,152372539525192,1790295474233629471,1000,1
168,28628725230341,1790295474014702189,1790295474015000000,152372544523149,152372544525468,1790295474238629627,1000,1
169,28628732378934,1790295474021939189,1790295474022000000,152372549523149,152372549526002,1790295474243630211,1000,1
170,28628735193341,1790295474024811856,1790295474025000000,152372554523149,152372554525094,1790295474248629292,1000,1
171,28628740329378,1790295474029917930,1790295474030000000,152372559523149,152372559525918,1790295474253630047,1000,1
172,28628747358193,1790295474036917448,1790295474037000000,152372564523149,152372564525914,1790295474258630212,1000,1
173,28628752320674,1790295474041916374,1790295474042000000,152372569523149,152372569524905,1790295474263629134,1000,1
174,28628756319304,1790295474045904115,1790295474046000000,152372574523149,152372574525740,1790295474268630189,1000,1
175,28628760322860,1790295474049903078,1790295474050000000,152372579523149,152372579525803,1790295474273629961,1000,1
176,28628768331934,1790295474057903782,1790295474058000000,152372584523149,152372584525997,1790295474278630125,1000,1
177,28628770815045,1790295474060433263,1790295474060000000,152372589523149,152372589525220,1790295474283629389,1000,1
178,28628776327786,1790295474065907263,1790295474066000000,152372594523149,152372594524863,1790295474288628410,1000,1
179,28628780319971,1790295474069901448,1790295474070000000,152372599523149,152372599525187,1790295474293628784,1000,1
180,28628785137452,1790295474074719411,1790295474075000000,152372604523149,152372604524980,1790295474298629459,1000,1
181,28628792592897,1790295474081904226,1790295474082000000,152372609523149,152372609524744,1790295474303628592,1000,1
182,28628799822304,1790295474089310485,1790295474089000000,152372614523149,152372614524146,1790295474308627683,1000,1
183,28628800311600,1790295474089510634,1790295474090000000,152372619523149,152372619524971,1790295474313629119,1000,1
184,28628807638786,1790295474097137893,1790295474097000000,152372624523149,152372624525425,1790295474318630214,1000,1
185,28628812332748,1790295474101903671,1790295474102000000,152372629523149,152372629526199,1790295474323630859,1000,1
186,28628815104341,1790295474104670152,1790295474104000000,152372634523149,152372634526004,1790295474328630493,1000,1
187,28628820432267,1790295474109920374,1790295474110000000,152372639523149,152372639525446,1790295474333629595,1000,1
188,28628825984341,1790295474115572856,1790295474115000000,152372644523149,152372644524908,1790295474338629728,1000,1
189,28628830247563,1790295474119842263,1790295474120000000,152372649523149,152372649526404,1790295474343630723,1000,1
190,28628836335860,1790295474125904226,1790295474126000000,152372654523149,152372654525265,1790295474348629474,1000,1
191,28628840393156,1790295474129902226,1790295474130000000,152372659523149,152372659525409,1790295474353629608,1000,1
192,28628848369526,1790295474137908189,1790295474138000000,152372664523149,152372664526003,1790295474358630262,1000,1
193,28628852333637,1790295474141900634,1790295474142000000,152372669523149,152372669525385,1790295474363629704,1000,1
194,28628856340823,1790295474145920893,1790295474146000000,152372674523149,152372674525739,1790295474368629928,1000,1
195,28628860242637,1790295474149781189,1790295474150000000,152372679523149,152372679526145,1790295474373630334,1000,1
196,28628868334045,1790295474157919893,1790295474158000000,152372684523149,152372684525247,1790295474378629926,1000,1
197,28628871972748,1790295474161556967,1790295474161000000,152372689523149,152372689525430,1790295474383629619,1000,1
198,28628876352082,1790295474165909634,1790295474166000000,152372694523149,152372694526125,1790295474388630343,1000,1
199,28628880327489,1790295474169847856,1790295474170000000,152372699523149,152372699555074,1790295474393659593,1000,1
200,28628885715267,1790295474175304189,1790295474175000000,152372704523149,152372704525151,1790295474398629349,1000,1
201,28628892335378,1790295474181922337,1790295474182000000,152372709523149,152372709525114,1790295474403629373,1000,1
202,28628896333526,1790295474185907634,1790295474186000000,152372714523149,152372714525989,1790295474408630097,1000,1
203,28628900488452,1790295474189903263,1790295474190000000,152372719523149,152372719524201,1790295474413627738,1000,1
204,28628905803304,1790295474195400152,1790295474195000000,152372724523149,152372724525507,1790295474418629705,1000,1
205,28628912328193,1790295474201903745,1790295474202000000,152372729523149,152372729526081,1790295474423630931,1000,1
206,28628916333674,1790295474205772745,1790295474206000000,152372734523149,152372734526014,1790295474428630203,1000,1
207,28628920166637,1790295474209693745,1790295474210000000,152372739523149,152372739524925,1790295474433628833,1000,1
208,28628926410600,1790295474215975337,1790295474216000000,152372744523149,152372744525551,1790295474438629790,1000,1
209,28628932359637,1790295474221901634,1790295474222000000,152372749523149,152372749525133,1790295474443629132,1000,1
210,28628935433526,1790295474225021448,1790295474225000000,152372754523149,152372754524485,1790295474448628023,1000,1
211,28628940310637,1790295474229904374,1790295474230000000,152372759523149,152372759525140,1790295474453629328,1000,1
212,28628948324267,1790295474237903337,1790295474238000000,152372764523149,152372764526257,1790295474458630917,1000,1
213,28628950793230,1790295474240406263,1790295474240000000,152372769523149,152372769525328,1790295474463629788,1000,1
214,28628955355600,1790295474244945671,1790295474245000000,152372774523149,152372774525592,1790295474468629761,1000,1
215,28628960287822,1790295474249899004,1790295474250000000,152372779523149,152372779525655,1790295474473630125,1000,1
216,28628968367230,1790295474257903522,1790295474258000000,152372784523149,152372784525779,1790295474478629306,1000,1
217,28628972373859,1790295474261905078,1790295474262000000,152372789523149,152372789524722,1790295474483628590,1000,1
218,28628976312674,1790295474265906708,1790295474266000000,152372794523149,152372794523603,1790295474488626619,1000,1
219,28628980326230,1790295474269898004,1790295474270000000,152372799523149,152372799525419,1790295474493629127,1000,1
220,28628988327193,1790295474277910708,1790295474278000000,152372804523149,152372804524862,1790295474498629060,1000,1
221,28628991806489,1790295474281405411,1790295474281000000,152372809523149,152372809524866,1790295474503628414,1000,1
222,28628994805674,1790295474284403745,1790295474284000000,152372814523149,152372814523637,1790295474508626654,1000,1
223,28629002162045,1790295474291743189,1790295474292000000,152372819523149,152372819525123,1790295474513629372,1000,1
224,28629005995341,1790295474295578893,1790295474295000000,152372824523149,152372824526088,1790295474518630307,1000,1
225,28629012334230,1790295474301912004,1790295474302000000,152372829523149,152372829524319,1790295474523628417,1000,1
226,28629016330045,1790295474305906337,1790295474306000000,152372834523149,152372834525435,1790295474528628992,1000,1
227,28629020352378,1790295474309904041,1790295474310000000,152372839523149,152372839523845,1790295474533626851,1000,1
228,28629028379711,1790295474317907930,1790295474318000000,152372844523149,152372844525531,1790295474538629730,1000,1
229,28629032499341,1790295474321902633,1790295474322000000,152372849523149,152372849526456,1790295474543630675,1000,1
230,28629036347859,1790295474325905448,1790295474326000000,152372854523149,152372854524746,1790295474548628955,1000,1
231,28629040355193,1790295474329900115,1790295474330000000,152372859523149,152372859525714,1790295474553629962,1000,1
232,28629048427971,1790295474337397708,1790295474338000000,152372864523149,152372864524725,1790295474558628733,1000,1
233,28629051085637,1790295474340691856,1790295474340000000,152372869523149,152372869524748,1790295474563628857,1000,1
234,28629056386378,1790295474345945856,1790295474346000000,152372874523149,152372874525242,1790295474568629501,1000,1
235,28629060320489,1790295474349913263,1790295474350000000,152372879523149,152372879525538,1790295474573630288,1000,1
236,28629066326156,1790295474355751226,1790295474356000000,152372884523149,152372884524990,1790295474578628999,1000,1
237,28629072310230,1790295474361903300,1790295474362000000,152372889523149,152372889525454,1790295474583629653,1000,1
238,28629075420563,1790295474364918707,1790295474365000000,152372894523149,152372894525448,1790295474588629666,1000,1
239,28629080361822,1790295474369924670,1790295474370000000,152372899523149,152372899525433,1790295474593629341,1000,1
240,28629085173600,1790295474374770856,1790295474375000000,152372904523149,152372904525116,1790295474598629325,1000,1
241,28629092355933,1790295474381927448,1790295474382000000,152372909523149,152372909525289,1790295474603629518,1000,1
242,28629096445008,1790295474385944263,1790295474386000000,152372914523149,152372914524622,1790295474608629081,1000,1
243,28629100292193,1790295474389903596,1790295474390000000,152372919523149,152372919524206,1790295474613627784,1000,1
244,28629107323971,1790295474396915374,1790295474397000000,152372924523149,152372924525312,1790295474618629861,1000,1
245,28629112499748,1790295474401902782,1790295474402000000,152372929523149,152372929525996,1790295474623630185,1000,1
246,28629114847378,1790295474404464633,1790295474404000000,152372934523149,152372934524216,1790295474628627883,1000,1
247,28629120343156,1790295474409920448,1790295474410000000,152372939523149,152372939524019,1790295474633627967,1000,1
248,28629128374230,1790295474417904596,1790295474418000000,152372944523149,152372944523913,1790295474638626920,1000,1
249,28629130158933,1790295474419768152,1790295474420000000,152372949523149,152372949523686,1790295474643626713,1000,1
250,28629136316674,1790295474425918596,1790295474426000000,152372954523149,152372954523699,1790295474648626706,1000,1
251,28629140288119,1790295474429899300,1790295474430000000,152372959523149,152372959525225,1790295474653629404,1000,1
252,28629146485748,1790295474435901744,1790295474436000000,152372964523149,152372964525870,1790295474658630579,1000,1
253,28629152379896,1790295474441922004,1790295474442000000,152372969523149,152372969524712,1790295474663629172,1000,1
254,28629156341341,1790295474445924744,1790295474446000000,152372974523149,152372974524726,1790295474668628253,1000,1
255,28629160344193,1790295474449919819,1790295474450000000,152372979523149,152372979525530,1790295474673630040,1000,1
256,28629168323230,1790295474457902893,1790295474458000000,152372984523149,152372984525453,1790295474678629111,1000,1
257,28629171006933,1790295474460459670,1790295474460000000,152372989523149,152372989524487,1790295474683628024,1000,1
258,28629175375600,1790295474464925596,1790295474465000000,152372994523149,152372994523728,1790295474688626745,1000,1
259,28629180297563,1790295474469902967,1790295474470000000,152372999523149,152372999526076,1790295474693630285,1000,1
260,28629186124896,1790295474475699522,1790295474476000000,152373004523149,152373004524496,1790295474698628034,1000,1
261,28629192316748,1790295474481906670,1790295474482000000,152373009523149,152373009524600,1790295474703628758,1000,1
262,28629196385452,1790295474485935856,1790295474486000000,152373014523149,152373014523792,1790295474708626809,1000,1
263,28629200304119,1790295474489902707,1790295474490000000,152373019523149,152373019523725,1790295474713626752,1000,1
264,28629208382600,1790295474497931522,1790295474498000000,152373024523149,152373024525592,1790295474718630071,1000,1
265,28629209995267,1790295474499555485,1790295474499000000,152373029523149,152373029526187,1790295474723630496,1000,1
266,28629216681156,1790295474505828078,1790295474506000000,152373034523149,152373034523867,1790295474728627354,1000,1
267,28629220375045,1790295474509521300,1790295474510000000,152373039523149,152373039525363,1790295474733629582,1000,1
268,28629228304896,1790295474517904152,1790295474518000000,152373044523149,152373044525246,1790295474738629445,1000,1
269,28629230953267,1790295474520569226,1790295474520000000,152373049523149,152373049525479,1790295474743629628,1000,1
270,28629236339896,1790295474525906781,1790295474526000000,152373054523149,152373054524141,1790295474748627679,1000,1
271,28629240326674,1790295474529905152,1790295474530000000,152373059523149,152373059525337,1790295474753629526,1000,1
272,28629248372044,1790295474537911856,1790295474538000000,152373064523149,152373064526493,1790295474758630782,1000,1
273,28629252297563,1790295474541900226,1790295474542000000,152373069523149,152373069524923,1790295474763629162,1000,1
274,28629256341489,1790295474545903781,1790295474546000000,152373074523149,152373074525197,1790295474768629576,1000,1
275,28629260308600,1790295474549900152,1790295474550000000,152373079523149,152373079525623,1790295474773629831,1000,1
276,28629264936415,1790295474554518967,1790295474554000000,152373084523149,152373084525997,1790295474778630265,1000,1
277,28629272330748,1790295474561903818,1790295474562000000,152373089523149,152373089524767,1790295474783628926,1000,1
278,28629276036082,1790295474565570004,1790295474565000000,152373094523149,152373094525482,1790295474788629711,1000,1
279,28629280292230,1790295474569903781,1790295474570000000,152373099523149,152373099526126,1790295474793630355,1000,1
280,28629287343526,1790295474576919781,1790295474577000000,152373104523149,152373104524739,1790295474798628928,1000,1
281,28629292329119,1790295474581909633,1790295474582000000,152373109523149,152373109525303,1790295474803629472,1000,1
282,28629296369378,1790295474585933781,1790295474586000000,152373114523149,152373114525527,1790295474808630307,1000,1
283,28629299982859,1790295474589394152,1790295474589000000,152373119523149,152373119524047,1790295474813627575,1000,1
284,28629306733748,1790295474596140263,1790295474596000000,152373124523149,152373124525445,1790295474818629634,1000,1
285,28629309965378,1790295474599536522,1790295474599000000,152373129523149,152373129525839,1790295474823630007,1000,1
286,28629316327637,1790295474605928152,1790295474606000000,152373134523149,152373134524840,1790295474828628919,1000,1
287,28629320379081,1790295474609922893,1790295474610000000,152373139523149,152373139525154,1790295474833629332,1000,1
288,28629328316341,1790295474617904967,1790295474618000000,152373144523149,152373144525249,1790295474838630039,1000,1
289,28629332407748,1790295474621936596,1790295474622000000,152373149523149,152373149525593,1790295474843629711,1000,1
290,28629335870711,1790295474625408633,1790295474625000000,152373154523149,152373154524334,1790295474848627891,1000,1
291,28629340297600,1790295474629901596,1790295474630000000,152373159523149,152373159525579,1790295474853629798,1000,1
292,28629348319156,1790295474637906818,1790295474638000000,152373164523149,152373164526224,1790295474858630422,1000,1
293,28629350794304,1790295474640383448,1790295474640000000,152373169523149,152373169524736,1790295474863629025,1000,1
294,28629355239304,1790295474644764448,1790295474645000000,152373174523149,152373174524799,1790295474868628346,1000,1
295,28629360304341,1790295474649901189,1790295474650000000,152373179523149,152373179525974,1790295474873630173,1000,1
296,28629366054304,1790295474655566004,1790295474655000000,152373184523149,152373184525657,1790295474878629886,1000,1
297,28629372341007,1790295474661909596,1790295474662000000,152373189523149,152373189525141,1790295474883629360,1000,1
298,28629376326341,1790295474665905967,1790295474666000000,152373194523149,152373194524644,1790295474888629413,1000,1
299,28629380462081,1790295474669906967,1790295474670000000,152373199523149,152373199526741,1790295474893630989,1000,1
300,28629388345600,1790295474677906744,1790295474678000000,152373204523149,152373204525081,1790295474898629309,1000,1
301,28629392086267,1790295474681581967,1790295474681000000,152373209523149,152373209525395,1790295474903629554,1000,1
302,28629396307785,1790295474685901707,1790295474686000000,152373214523149,152373214526172,1790295474908630391,1000,1
303,28629399805859,1790295474689395078,1790295474689000000,152373219523149,152373219525434,1790295474913629662,1000,1
304,28629408353341,1790295474697923041,1790295474698000000,152373224523149,152373224525266,1790295474918629445,1000,1
305,28629411950118,1790295474701544263,1790295474701000000,152373229523149,152373229525791,1790295474923629999,1000,1
306,28629416322822,1790295474705902263,1790295474706000000,152373234523149,152373234525213,1790295474928629061,1000,1
307,28629420351415,1790295474709920818,1790295474710000000,152373239523149,152373239525146,1790295474933629354,1000,1
308,28629428338452,1790295474717905152,1790295474718000000,152373244523149,152373244525379,1790295474938629558,1000,1
309,28629430591118,1790295474720214041,1790295474720000000,152373249523149,152373249525573,1790295474943629110,1000,1
310,28629435928452,1790295474725507263,1790295474725000000,152373254523149,152373254524124,1790295474948628012,1000,1
311,28629440298822,1790295474729902448,1790295474730000000,152373259523149,152373259524309,1790295474953627826,1000,1
312,28629444943007,1790295474734549781,1790295474734000000,152373264523149,152373264526035,1790295474958630264,1000,1
313,28629452327822,1790295474741906892,1790295474742000000,152373269523149,152373269524746,1790295474963628213,1000,1
314,28629454923452,1790295474744504633,1790295474744000000,152373274523149,152373274524388,1790295474968628286,1000,1
315,28629460494600,1790295474749658633,1790295474750000000,152373279523149,152373279526245,1790295474973630404,1000,1
316,28629467036378,1790295474756425004,1790295474756000000,152373284523149,152373284525167,1790295474978628704,1000,1
317,28629470730637,1790295474760208781,1790295474760000000,152373289523149,152373289523778,1790295474983626794,1000,1
318,28629476343970,1790295474765893744,1790295474766000000,152373294523149,152373294523530,1790295474988626487,1000,1
319,28629480357896,1790295474769905004,1790295474770000000,152373299523149,152373299523886,1790295474993626912,1000,1
320,28629486874452,1790295474776479189,1790295474776000000,152373304523149,152373304523939,1790295474998626956,1000,1
321,28629490175896,1790295474779769152,1790295474780000000,152373309523149,152373309524233,1790295475003628442,1000,1
322,28629496337007,1790295474785896966,1790295474786000000,152373314523149,152373314524737,1790295475008628605,1000,1
323,28629499761192,1790295474789380152,1790295474789000000,152373319523149,152373319524860,1790295475013628398,1000,1
324,28629508350081,1790295474797912448,1790295474798000000,152373324523149,152373324523843,1790295475018626860,1000,1
325,28629512410452,1790295474801929522,1790295474802000000,152373329523149,152373329525139,1790295475023628907,1000,1
326,28629516316785,1790295474805904929,1790295474806000000,152373334523149,152373334525152,1790295475028628750,1000,1
327,28629520317230,1790295474809899448,1790295474810000000,152373339523149,152373339525085,1790295475033629374,1000,1
328,28629525086600,1790295474814676448,1790295474814000000,152373344523149,152373344524689,1790295475038628187,1000,1
329,28629532325304,1790295474821903522,1790295474822000000,152373349523149,152373349525905,1790295475043630043,1000,1
330,28629535772822,1790295474825367929,1790295474825000000,152373354523149,152373354524846,1790295475048629195,1000,1
331,28629540556563,1790295474829904041,1790295474830000000,152373359523149,152373359524939,1790295475053629128,1000,1
332,28629546130748,1790295474835693485,1790295474836000000,152373364523149,152373364526025,1790295475058630193,1000,1
333,28629552373600,1790295474841905966,1790295474842000000,152373369523149,152373369525429,1790295475063629818,1000,1
334,28629556308304,1790295474845897781,1790295474846000000,152373374523149,152373374524701,1790295475068628238,1000,1
335,28629560461229,1790295474849920374,1790295474850000000,152373379523149,152373379525786,1790295475073629985,1000,1
336,28629568367711,1790295474857833633,1790295474858000000,152373384523149,152373384525629,1790295475078629757,1000,1
337,28629572351007,1790295474861908633,1790295474862000000,152373389523149,152373389524371,1790295475083627808,1000,1
338,28629576322452,1790295474865908855,1790295474866000000,152373394523149,152373394525336,1790295475088629545,1000,1
339,28629580326304,1790295474869900337,1790295474870000000,152373399523149,152373399526822,1790295475093631051,1000,1
340,28629584759822,1790295474874361226,1790295474874000000,152373404523149,152373404524411,1790295475098627938,1000,1
341,28629591686415,1790295474880586115,1790295474881000000,152373409523149,152373409525576,1790295475103629795,1000,1
342,28629596380118,1790295474885910003,1790295474886000000,152373414523149,152373414525511,1790295475108630021,1000,1
343,28629600308748,1790295474889904300,1790295474890000000,152373419523149,152373419524974,1790295475113629683,1000,1
344,28629608378526,1790295474897906448,1790295474898000000,152373424523149,152373424525448,1790295475118629606,1000,1
345,28629611844785,1790295474901425374,1790295474901000000,152373429523149,152373429524709,1790295475123628557,1000,1
346,28629616316118,1790295474905898522,1790295474906000000,152373434523149,152373434525083,1790295475128629242,1000,1
347,28629620420896,1790295474909902818,1790295474910000000,152373439523149,152373439524906,1790295475133629095,1000,1
348,28629625622192,1790295474914672337,1790295474915000000,152373444523149,152373444525160,1790295475138630020,1000,1
349,28629632345637,1790295474921902040,1790295474922000000,152373449523149,152373449524772,1790295475143628971,1000,1
350,28629636629192,1790295474925596781,1790295474926000000,152373454523149,152373454524135,1790295475148627643,1000,1
351,28629640293452,1790295474929902115,1790295474930000000,152373459523149,152373459524941,1790295475153629129,1000,1
352,28629644925081,1790295474934344189,1790295474934000000,152373464523149,152373464525435,1790295475158630234,1000,1
353,28629650403304,1790295474939987670,1790295474940000000,152373469523149,152373469525658,1790295475163629947,1000,1
354,28629655694822,1790295474945298707,1790295474945000000,152373474523149,152373474524400,1790295475168627948,1000,1
355,28629660309081,1790295474949901003,1790295474950000000,152373479523149,152373479525606,1790295475173629765,1000,1
356,28629668329007,1790295474957921892,1790295474958000000,152373484523149,152373484525680,1790295475178630089,1000,1
357,28629669873304,1790295474959520522,1790295474959000000,152373489523149,152373489524621,1790295475183628789,1000,1
358,28629676299044,1790295474965899818,1790295474966000000,152373494523149,152373494525315,1790295475188629444,1000,1
359,28629680277452,1790295474969913781,1790295474970000000,152373499523149,152373499525531,1790295475193629058,1000,1
360,28629688314452,1790295474977908003,1790295474978000000,152373504523149,152373504525164,1790295475198629473,1000,1
361,28629692351933,1790295474981923115,1790295474982000000,152373509523149,152373509525117,1790295475203629275,1000,1
362,28629696301748,1790295474985907633,1790295474986000000,152373514523149,152373514526062,1790295475208630271,1000,1
363,28629700264748,1790295474989902707,1790295474990000000,152373519523149,152373519524744,1790295475213629214,1000,1
364,28629708313081,1790295474997905152,1790295474998000000,152373524523149,152373524525118,1790295475218629367,1000,1
365,28629712306600,1790295475001903781,1790295475002000000,152373529523149,152373529525793,1790295475223630713,1000,1
366,28629715739526,1790295475004901596,1790295475005000000,152373534523149,152373534524964,1790295475228628502,1000,1
367,28629720309711,1790295475009903337,1790295475010000000,152373539523149,152373539525038,1790295475233629226,1000,1
368,28629726135341,1790295475015582152,1790295475016000000,152373544523149,152373544525383,1790295475238629532,1000,1
369,28629732321341,1790295475021901522,1790295475022000000,152373549523149,152373549526188,1790295475243630336,1000,1
370,28629736267081,1790295475025895559,1790295475026000000,152373554523149,152373554524999,1790295475248628536,1000,1
371,28629740349341,1790295475029897892,1790295475030000000,152373559523149,152373559524641,1790295475253628860,1000,1
372,28629748518822,1790295475037901411,1790295475038000000,152373564523149,152373564525207,1790295475258628765,1000,1
373,28629752413785,1790295475041901003,1790295475042000000,152373569523149,152373569526443,1790295475263630611,1000,1
374,28629756274489,1790295475045896707,1790295475046000000,152373574523149,152373574525464,1790295475268629723,1000,1
375,28629760141340,1790295475049657633,1790295475050000000,152373579523149,152373579525377,1790295475273628915,1000,1
376,28629768310970,1790295475057902040,1790295475058000000,152373584523149,152373584525871,1790295475278630090,1000,1
377,28629770948192,1790295475060565818,1790295475060000000,152373589523149,152373589525276,1790295475283629534,1000,1
378,28629776313600,1790295475065901077,1790295475066000000,152373594523149,152373594524898,1790295475288628465,1000,1
379,28629781510081,1790295475069896633,1790295475071000000,152373599523149,152373599525011,1790295475293628759,1000,1
380,28629786263785,1790295475075855559,1790295475076000000,152373604523149,152373604524874,1790295475298628462,1000,1
381,28629792309859,1790295475081902152,1790295475082000000,152373609523149,152373609524840,1790295475303629058,1000,1
382,28629796307340,1790295475085904040,1790295475086000000,152373614523149,152373614526376,1790295475308630634,1000,1
383,28629800324822,1790295475089901596,1790295475090000000,152373619523149,152373619524635,1790295475313628744,1000,1
384,28629805033303,1790295475094642263,1790295475094000000,152373624523149,152373624524899,1790295475318629168,1000,1
385,28629812356192,1790295475101902003,1790295475102000000,152373629523149,152373629525574,1790295475323629782,1000,1
386,28629816780859,1790295475105910966,1790295475106000000,152373634523149,152373634525008,1790295475328629136,1000,1
387,28629824388192,1790295475113922226,1790295475114000000,152373639523149,152373639525231,1790295475333629410,1000,1
388,28629827340822,1790295475116914892,1790295475117000000,152373644523149,152373644525044,1790295475338629283,1000,1
389,28629831452377,1790295475120980300,1790295475121000000,152373649523149,152373649525498,1790295475343630298,1000,1
390,28629835217044,1790295475124806040,1790295475125000000,152373654523149,152373654525181,1790295475348629440,1000,1
391,28629840296377,1790295475129898263,1790295475130000000,152373659523149,152373659525014,1790295475353629293,1000,1
392,28629845692489,1790295475135299670,1790295475135000000,152373664523149,152373664525748,1790295475358630248,1000,1
393,28629850187192,1790295475139771929,1790295475140000000,152373669523149,152373669525751,1790295475363629880,1000,1
394,28629856329415,1790295475145897855,1790295475146000000,152373674523149,152373674524473,1790295475368628051,1000,1
395,28629860354711,1790295475149915855,1790295475150000000,152373679523149,152373679525901,1790295475373630190,1000,1
396,28629869334229,1790295475157905855,1790295475159000000,152373684523149,152373684525494,1790295475378629692,1000,1
397,28629872367266,1790295475161918485,1790295475162000000,152373689523149,152373689524785,1790295475383628994,1000,1
398,28629876304266,1790295475165899040,1790295475166000000,152373694523149,152373694525179,1790295475388629368,1000,1
399,28629880292600,1790295475169900892,1790295475170000000,152373699523149,152373699526505,1790295475393630684,1000,1
400,28629885449340,1790295475175021929,1790295475175000000,152373704523149,152373704525256,1790295475398629394,1000,1
401,28629892310118,1790295475181900300,1790295475182000000,152373709523149,152373709525189,1790295475403629398,1000,1
402,28629894887266,1790295475184522411,1790295475184000000,152373714523149,152373714526394,1790295475408630773,1000,1
403,28629900316600,1790295475189897707,1790295475190000000,152373719523149,152373719526189,1790295475413630478,1000,1
404,28629906728896,1790295475195566559,1790295475196000000,152373724523149,152373724523828,1790295475418626875,1000,1
405,28629910577600,1790295475200175337,1790295475200000000,152373729523149,152373729525765,1790295475423629964,1000,1
406,28629916307748,1790295475205904040,1790295475206000000,152373734523149,152373734525868,1790295475428630177,1000,1
407,28629920343674,1790295475209896300,1790295475210000000,152373739523149,152373739525172,1790295475433629361,1000,1
408,28629928378600,1790295475217933633,1790295475218000000,152373744523149,152373744525356,1790295475438629494,1000,1
409,28629932336859,1790295475221902596,1790295475222000000,152373749523149,152373749526531,1790295475443630720,1000,1
410,28629936301637,1790295475225900929,1790295475226000000,152373754523149,152373754524801,1790295475448628358,1000,1
411,28629940729933,1790295475229576263,1790295475230000000,152373759523149,152373759524383,1790295475453628462,1000,1
412,28629948315526,1790295475237902818,1790295475238000000,152373764523149,152373764526212,1790295475458630390,1000,1
413,28629951685526,1790295475240724818,1790295475241000000,152373769523149,152373769525033,1790295475463629632,1000,1
414,28629955949155,1790295475245577855,1790295475245000000,152373774523149,152373774524725,1790295475468628864,1000,1
415,28629960256711,1790295475249895670,1790295475250000000,152373779523149,152373779525821,1790295475473629979,1000,1
417,28629972336748,1790295475261904374,1790295475262000000,152373789523149,152373789524977,1790295475483629166,1000,1
418,28629976317007,1790295475265903633,1790295475266000000,152373794523149,152373794525391,1790295475488629560,1000,1
419,28629980387007,1790295475269897707,1790295475270000000,152373799523149,152373799525565,1790295475493630004,1000,1
420,28629985167451,1790295475274714448,1790295475275000000,152373804523149,152373804525328,1790295475498629727,1000,1
421,28629992310044,1790295475281894262,1790295475282000000,152373809523149,152373809525303,1790295475503629452,1000,1
422,28629996147896,1790295475285684374,1790295475286000000,152373814523149,152373814525557,1790295475508629765,1000,1
423,28630000318081,1790295475289899633,1790295475290000000,152373819523149,152373819526061,1790295475513630259,1000,1
424,28630006145637,1790295475295693411,1790295475296000000,152373824523149,152373824524651,1790295475518628820,1000,1
425,28630012312044,1790295475301901929,1790295475302000000,152373829523149,152373829524325,1790295475523627943,1000,1
426,28630016282933,1790295475305793966,1790295475306000000,152373834523149,152373834523738,1790295475528626824,1000,1
427,28630019829266,1790295475309420151,1790295475309000000,152373839523149,152373839523861,1790295475533626887,1000,1
428,28630028362451,1790295475317915114,1790295475318000000,152373844523149,152373844523804,1790295475538626821,1000,1
429,28630030027451,1790295475319548485,1790295475319000000,152373849523149,152373849523779,1790295475543626795,1000,1
430,28630035846933,1790295475325439818,1790295475325000000,152373854523149,152373854523732,1790295475548626748,1000,1
431,28630040295229,1790295475329909855,1790295475330000000,152373859523149,152373859523875,1790295475553626892,1000,1
432,28630048340970,1790295475337901559,1790295475338000000,152373864523149,152373864526093,1790295475558630291,1000,1
433,28630052336674,1790295475341915300,1790295475342000000,152373869523149,152373869526397,1790295475563630595,1000,1
434,28630056295155,1790295475345899929,1790295475346000000,152373874523149,152373874525059,1790295475568629198,1000,1
435,28630060322229,1790295475349898262,1790295475350000000,152373879523149,152373879525593,1790295475573629762,1000,1
436,28630068380192,1790295475357900374,1790295475358000000,152373884523149,152373884525256,1790295475578629765,1000,1
437,28630072309266,1790295475361905003,1790295475362000000,152373889523149,152373889524848,1790295475583629117,1000,1
438,28630075778266,1790295475365370966,1790295475365000000,152373894523149,152373894525172,1790295475588629371,1000,1
439,28630080300822,1790295475369900966,1790295475370000000,152373899523149,152373899525666,1790295475593629895,1000,1
440,28630086695748,1790295475375701855,1790295475376000000,152373904523149,152373904525790,1790295475598629958,1000,1
441,28630092382340,1790295475381900448,1790295475382000000,152373909523149,152373909524550,1790295475603628108,1000,1
442,28630096285637,1790295475385901559,1790295475386000000,152373914523149,152373914525136,1790295475608628663,1000,1
443,28630100350711,1790295475389900040,1790295475390000000,152373919523149,152373919525442,1790295475613629951,1000,1
444,28630108602192,1790295475397906559,1790295475398000000,152373924523149,152373924524112,1790295475618627660,1000,1
445,28630112294451,1790295475401900114,1790295475402000000,152373929523149,152373929524797,1790295475623628344,1000,1
446,28630116340637,1790295475405896485,1790295475406000000,152373934523149,152373934523978,1790295475628627566,1000,1
447,28630120721785,1790295475409704299,1790295475410000000,152373939523149,152373939523771,1790295475633626788,1000,1
448,28630128315970,1790295475417899670,1790295475418000000,152373944523149,152373944523714,1790295475638626731,1000,1
449,28630131545525,1790295475420570077,1790295475421000000,152373949523149,152373949523777,1790295475643626804,1000,1
450,28630136103896,1790295475425668336,1790295475425000000,152373954523149,152373954524001,1790295475648627027,1000,1
451,28630140362748,1790295475429914485,1790295475430000000,152373959523149,152373959523805,1790295475653626832,1000,1
452,28630146314377,1790295475435892003,1790295475436000000,152373964523149,152373964525191,1790295475658628709,1000,1
453,28630152355674,1790295475441917411,1790295475442000000,152373969523149,152373969526176,1790295475663630435,1000,1
454,28630156317081,1790295475445902262,1790295475446000000,152373974523149,152373974524366,1790295475668627894,1000,1
455,28630160260192,1790295475449900448,1790295475450000000,152373979523149,152373979525473,1790295475673629672,1000,1
456,28630165259044,1790295475454839559,1790295475455000000,152373984523149,152373984526007,1790295475678630567,1000,1
457,28630172409118,1790295475461917892,1790295475462000000,152373989523149,152373989525650,1790295475683629828,1000,1
458,28630176677562,1790295475465691225,1790295475466000000,152373994523149,152373994524972,1790295475688629140,1000,1
459,28630180298192,1790295475469900707,1790295475470000000,152373999523149,152373999526097,1790295475693630296,1000,1
460,28630187630044,1790295475477159522,1790295475477000000,152374004523149,152374004525391,1790295475698629620,1000,1
461,28630192349748,1790295475481913114,1790295475482000000,152374009523149,152374009525103,1790295475703629322,1000,1
462,28630196280081,1790295475485900855,1790295475486000000,152374014523149,152374014525497,1790295475708629626,1000,1
463,28630200335044,1790295475489921485,1790295475490000000,152374019523149,152374019526452,1790295475713630621,1000,1
464,28630208310044,1790295475497902188,1790295475498000000,152374024523149,152374024524043,1790295475718627570,1000,1
465,28630210163859,1790295475499764855,1790295475500000000,152374029523149,152374029525178,1790295475723629407,1000,1
466,28630216301970,1790295475505900151,1790295475506000000,152374034523149,152374034524350,1790295475728627947,1000,1
467,28630219956340,1790295475509615114,1790295475509000000,152374039523149,152374039524694,1790295475733628211,1000,1
468,28630228312859,1790295475517899299,1790295475518000000,152374044523149,152374044524927,1790295475738629216,1000,1
469,28630232342044,1790295475521900596,1790295475522000000,152374049523149,152374049525924,1790295475743630113,1000,1
470,28630236340044,1790295475525920485,1790295475526000000,152374054523149,152374054525657,1790295475748629816,1000,1
471,28630240206896,1790295475529892818,1790295475530000000,152374059523149,152374059524979,1790295475753629178,1000,1
472,28630248375081,1790295475537925670,1790295475538000000,152374064523149,152374064525624,1790295475758629752,1000,1
473,28630252278266,1790295475541900003,1790295475542000000,152374069523149,152374069526050,1790295475763630188,1000,1
474,28630254939377,1790295475544548077,1790295475544000000,152374074523149,152374074524951,1790295475768629179,1000,1
475,28630260344711,1790295475549912373,1790295475550000000,152374079523149,152374079525565,1790295475773629874,1000,1
476,28630266687118,1790295475555696596,1790295475556000000,152374084523149,152374084525658,1790295475778629807,1000,1
477,28630270060933,1790295475559665781,1790295475559000000,152374089523149,152374089525251,1790295475783629429,1000,1
478,28630276302081,1790295475565898077,1790295475566000000,152374094523149,152374094525086,1790295475788629214,1000,1
479,28630280322896,1790295475569902040,1790295475570000000,152374099523149,152374099525750,1790295475793629989,1000,1
480,28630288337933,1790295475577900596,1790295475578000000,152374104523149,152374104524481,1790295475798629000,1000,1
481,28630292304525,1790295475581903818,1790295475582000000,152374109523149,152374109524955,1790295475803629264,1000,1
482,28630296348525,1790295475585923818,1790295475586000000,152374114523149,152374114525629,1790295475808629808,1000,1
483,28630299933896,1790295475589514003,1790295475589000000,152374119523149,152374119526174,1790295475813630362,1000,1
484,28630308351748,1790295475597922559,1790295475598000000,152374124523149,152374124525115,1790295475818629233,1000,1
485,28630311654192,1790295475600654670,1790295475601000000,152374129523149,152374129525238,1790295475823629427,1000,1
486,28630316347748,1790295475605897781,1790295475606000000,152374134523149,152374134526534,1790295475828630713,1000,1
487,28630320118155,1790295475609714744,1790295475609000000,152374139523149,152374139524676,1790295475833629205,1000,1
488,28630328341192,1790295475617904929,1790295475618000000,152374144523149,152374144525360,1790295475838629559,1000,1
489,28630332331451,1790295475621917707,1790295475622000000,152374149523149,152374149526185,1790295475843630414,1000,1
490,28630336322229,1790295475625903559,1790295475626000000,152374154523149,152374154525708,1790295475848630517,1000,1
491,28630340279859,1790295475629897225,1790295475630000000,152374159523149,152374159523990,1790295475853627517,1000,1
492,28630345183970,1790295475634760707,1790295475635000000,152374164523149,152374164525296,1790295475858628863,1000,1
493,28630352323377,1790295475641900410,1790295475642000000,152374169523149,152374169525970,1790295475863630469,1000,1
494,28630356369229,1790295475645937781,1790295475646000000,152374174523149,152374174524701,1790295475868628849,1000,1
495,28630360300525,1790295475649900929,1790295475650000000,152374179523149,152374179525528,1790295475873629917,1000,1
496,28630367572859,1790295475657032299,1790295475657000000,152374184523149,152374184525491,1790295475878630241,1000,1
497,28630372338599,1790295475661903410,1790295475662000000,152374189523149,152374189526075,1790295475883630224,1000,1
498,28630376273599,1790295475665902633,1790295475666000000,152374194523149,152374194525027,1790295475888629606,1000,1
499,28630380352377,1790295475669917818,1790295475670000000,152374199523149,152374199525683,1790295475893629912,1000,1
500,28630388773377,1790295475677904633,1790295475678000000,152374204523149,152374204525687,1790295475898630126,1000,1
501,28630390008710,1790295475679530003,1790295475679000000,152374209523149,152374209525079,1790295475903629267,1000,1
502,28630396346970,1790295475685919596,1790295475686000000,152374214523149,152374214525793,1790295475908630042,1000,1
503,28630400286525,1790295475689902855,1790295475690000000,152374219523149,152374219526498,1790295475913630776,1000,1
504,28630406953710,1790295475696512744,1790295475696000000,152374224523149,152374224525070,1790295475918629239,1000,1
505,28630412334710,1790295475701898373,1790295475702000000,152374229523149,152374229525554,1790295475923629823,1000,1
506,28630416295303,1790295475705899781,1790295475706000000,152374234523149,152374234541848,1790295475928645426,1000,1
507,28630420275822,1790295475709816114,1790295475710000000,152374239523149,152374239525430,1790295475933628978,1000,1
508,28630425495636,1790295475715045596,1790295475715000000,152374244523149,152374244525034,1790295475938629594,1000,1
509,28630432332377,1790295475721913299,1790295475722000000,152374249523149,152374249525759,1790295475943629968,1000,1
510,28630435279488,1790295475724903521,1790295475725000000,152374254523149,152374254526123,1790295475948630372,1000,1
511,28630440278303,1790295475729897596,1790295475730000000,152374259523149,152374259525164,1790295475953629363,1000,1
512,28630446098155,1790295475735479892,1790295475735000000,152374264523149,152374264525208,1790295475958629727,1000,1
513,28630452363933,1790295475741917929,1790295475742000000,152374269523149,152374269526205,1790295475963630453,1000,1
514,28630456354673,1790295475745913336,1790295475746000000,152374274523149,152374274525567,1790295475968629876,1000,1
515,28630460312414,1790295475749904077,1790295475750000000,152374279523149,152374279525400,1790295475973629638,1000,1
516,28630468326377,1790295475757912818,1790295475758000000,152374284523149,152374284524722,1790295475978628800,1000,1
517,28630472358525,1790295475761903892,1790295475762000000,152374289523149,152374289523795,1790295475983626821,1000,1
518,28630476295636,1790295475765899262,1790295475766000000,152374294523149,152374294523838,1790295475988626854,1000,1
519,28630479970451,1790295475769521781,1790295475769000000,152374299523149,152374299525735,1790295475993629923,1000,1
520,28630486850896,1790295475776430225,1790295475776000000,152374304523149,152374304526058,1790295475998630307,1000,1
521,28630491116044,1790295475780563818,1790295475780000000,152374309523149,152374309524779,1790295476003628968,1000,1
522,28630496330155,1790295475785916151,1790295475786000000,152374314523149,152374314525726,1790295476008629935,1000,1
523,28630500719970,1790295475789899299,1790295475790000000,152374319523149,152374319526080,1790295476013630309,1000,1
524,28630508316896,1790295475797899744,1790295475798000000,152374324523149,152374324525151,1790295476018629350,1000,1
525,28630512315340,1790295475801913484,1790295475802000000,152374329523149,152374329524804,1790295476023628331,1000,1
526,28630516315192,1790295475805903484,1790295475806000000,152374334523149,152374334525218,1790295476028629086,1000,1
527,28630520332933,1790295475809928447,1790295475810000000,152374339523149,152374339524430,1790295476033629119,1000,1
528,28630524936970,1790295475814523373,1790295475814000000,152374344523149,152374344524994,1790295476038629172,1000,1
529,28630530447192,1790295475819994966,1790295475820000000,152374349523149,152374349523945,1790295476043626971,1000,1
530,28630536884488,1790295475826420670,1790295475826000000,152374354523149,152374354525612,1790295476048629160,1000,1
531,28630540301044,1790295475829909521,1790295475830000000,152374359523149,152374359524604,1790295476053628092,1000,1
532,28630547355081,1790295475836906114,1790295475837000000,152374364523149,152374364525579,1790295476058629828,1000,1
533,28630552313933,1790295475841915040,1790295475842000000,152374369523149,152374369525342,1790295476063628910,1000,1
534,28630556297340,1790295475845900447,1790295475846000000,152374374523149,152374374525776,1790295476068629965,1000,1
535,28630560313859,1790295475849898003,1790295475850000000,152374379523149,152374379525381,1790295476073629579,1000,1
536,28630568329155,1790295475857896447,1790295475858000000,152374384523149,152374384526518,1790295476078630707,1000,1
537,28630569885747,1790295475859485633,1790295475859000000,152374389523149,152374389524868,1790295476083628406,1000,1
538,28630576318081,1790295475865911188,1790295475866000000,152374394523149,152374394524541,1790295476088628128,1000,1
539,28630580269859,1790295475869897929,1790295475870000000,152374399523149,152374399525656,1790295476093629855,1000,1
540,28630587104784,1790295475876659299,1790295475876000000,152374404523149,152374404525329,1790295476098630479,1000,1
541,28630592402599,1790295475881913188,1790295475882000000,152374409523149,152374409524009,1790295476103627537,1000,1
542,28630596303933,1790295475885899003,1790295475886000000,152374414523149,152374414525165,1790295476108629373,1000,1
543,28630600295266,1790295475889909188,1790295475890000000,152374419523149,152374419526412,1790295476113630581,1000,1
544,28630607490118,1790295475897043744,1790295475897000000,152374424523149,152374424525233,1790295476118628771,1000,1
545,28630612314970,1790295475901911855,1790295475902000000,152374429523149,152374429525256,1790295476123629455,1000,1
546,28630615591340,1790295475904655558,1790295475905000000,152374434523149,152374434525801,1790295476128629348,1000,1
547,28630620362673,1790295475909910892,1790295475910000000,152374439523149,152374439526055,1790295476133630254,1000,1
548,28630626588266,1790295475915567336,1790295475916000000,152374444523149,152374444525008,1790295476138629367,1000,1
549,28630632306081,1790295475921899410,1790295475922000000,152374449523149,152374449525472,1790295476143629611,1000,1
550,28630636283340,1790295475925910558,1790295475926000000,152374454523149,152374454525706,1790295476148629233,1000,1
551,28630640327377,1790295475929898855,1790295475930000000,152374459523149,152374459525048,1790295476153629267,1000,1
552,28630648373821,1790295475937915447,1790295475938000000,152374464523149,152374464525594,1790295476158629823,1000,1
553,28630650687747,1790295475940271447,1790295475940000000,152374469523149,152374469525447,1790295476163629605,1000,1
554,28630656316636,1790295475945897892,1790295475946000000,152374474523149,152374474524789,1790295476168628276,1000,1
555,28630661152192,1790295475949895336,1790295475951000000,152374479523149,152374479525363,1790295476173629612,1000,1
556,28630668335970,1790295475957903040,1790295475958000000,152374484523149,152374484526029,1790295476178630268,1000,1
557,28630670407007,1790295475960065262,1790295475960000000,152374489523149,152374489525011,1790295476183628548,1000,1
558,28630676325933,1790295475965912707,1790295475966000000,152374494523149,152374494524222,1790295476188627740,1000,1
559,28630680290821,1790295475969898892,1790295475970000000,152374499523149,152374499525768,1790295476193629997,1000,1
560,28630687443599,1790295475976994558,1790295475977000000,152374504523149,152374504526453,1790295476198630682,1000,1
561,28630692293229,1790295475981901521,1790295475982000000,152374509523149,152374509525125,1790295476203629324,1000,1
562,28630696363488,1790295475985914447,1790295475986000000,152374514523149,152374514524718,1790295476208628245,1000,1
563,28630700849710,1790295475989912966,1790295475990000000,152374519523149,152374519526134,1790295476213630302,1000,1
564,28630704902747,1790295475994519225,1790295475994000000,152374524523149,152374524524644,1790295476218628733,1000,1
565,28630712328377,1790295476001911151,1790295476002000000,152374529523149,152374529524699,1790295476223628817,1000,1
566,28630716063266,1790295476005556336,1790295476005000000,152374534523149,152374534525203,1790295476228628740,1000,1
567,28630719735747,1790295476009322892,1790295476009000000,152374539523149,152374539525377,1790295476233629836,1000,1
568,28630727334970,1790295476016905669,1790295476017000000,152374544523149,152374544524969,1790295476238629128,1000,1
569,28630732358636,1790295476021904707,1790295476022000000,152374549523149,152374549525665,1790295476243629894,1000,1
570,28630736315118,1790295476025914632,1790295476026000000,152374554523149,152374554540546,1790295476248644094,1000,1
571,28630742598081,1790295476032154669,1790295476032000000,152374559523149,152374559525150,1790295476253629329,1000,1
572,28630748405858,1790295476037928114,1790295476038000000,152374564523149,152374564525474,1790295476258629683,1000,1
573,28630750623525,1790295476039657003,1790295476040000000,152374569523149,152374569526730,1790295476263630909,1000,1
574,28630756315081,1790295476045916373,1790295476046000000,152374574523149,152374574525453,1790295476268629591,1000,1
575,28630760284636,1790295476049898892,1790295476050000000,152374579523149,152374579525656,1790295476273629835,1000,1
576,28630765619081,1790295476055221262,1790295476055000000,152374584523149,152374584526030,1790295476278630670,1000,1
577,28630770566599,1790295476060166299,1790295476060000000,152374589523149,152374589525633,1790295476283630372,1000,1
578,28630776285562,1790295476065899706,1790295476066000000,152374594523149,152374594524163,1790295476288627700,1000,1
579,28630780297710,1790295476069909521,1790295476070000000,152374599523149,152374599524677,1790295476293628144,1000,1
580,28630788309562,1790295476077897521,1790295476078000000,152374604523149,152374604526123,1790295476298630292,1000,1
581,28630792278155,1790295476081912595,1790295476082000000,152374609523149,152374609525064,1790295476303629263,1000,1
582,28630795809081,1790295476085395558,1790295476085000000,152374614523149,152374614524818,1790295476308628335,1000,1
583,28630800249895,1790295476089898225,1790295476090000000,152374619523149,152374619526234,1790295476313630674,1000,1
584,28630806516969,1790295476095558336,1790295476096000000,152374624523149,152374624524815,1790295476318628422,1000,1
585,28630812313118,1790295476101899929,1790295476102000000,152374629523149,152374629572508,1790295476323675976,1000,1
586,28630816329932,1790295476105916929,1790295476106000000,152374634523149,152374634525303,1790295476328629141,1000,1
587,28630820344303,1790295476109904040,1790295476110000000,152374639523149,152374639526180,1790295476333630519,1000,1
588,28630828334044,1790295476117919410,1790295476118000000,152374644523149,152374644524870,1790295476338629059,1000,1
589,28630832269303,1790295476121900632,1790295476122000000,152374649523149,152374649525485,1790295476343629683,1000,1
590,28630836301858,1790295476125899669,1790295476126000000,152374654523149,152374654526380,1790295476348630568,1000,1
591,28630840833044,1790295476130432003,1790295476130000000,152374659523149,152374659525100,1790295476353629359,1000,1
592,28630851859710,1790295476141429114,1790295476141000000,152374664523149,152374664525374,1790295476358629653,1000,1
593,28630854716562,1790295476144310743,1790295476144000000,152374669523149,152374669525958,1790295476363630407,1000,1
594,28630855288266,1790295476144978892,1790295476145000000,152374674523149,152374674525691,1790295476368629840,1000,1
595,28630860287266,1790295476149895373,1790295476150000000,152374679523149,152374679525326,1790295476373629504,1000,1
596,28630868349488,1790295476157923151,1790295476158000000,152374684523149,152374684526381,1790295476378630660,1000,1
597,28630870609932,1790295476160261521,1790295476160000000,152374689523149,152374689525623,1790295476383629811,1000,1
598,28630876309969,1790295476165899892,1790295476166000000,152374694523149,152374694524173,1790295476388627691,1000,1
599,28630880285895,1790295476169905855,1790295476170000000,152374699523149,152374699525711,1790295476393629919,1000,1
600,28630885075969,1790295476174532706,1790295476174000000,152374704523149,152374704526576,1790295476398630774,1000,1
601,28630892385858,1790295476181915743,1790295476182000000,152374709523149,152374709524856,1790295476403629034,1000,1
602,28630895966673,1790295476185564595,1790295476186000000,152374714523149,152374714525300,1790295476408629538,1000,1
603,28630900296488,1790295476189899262,1790295476190000000,152374719523149,152374719526475,1790295476413630684,1000,1
604,28630907435821,1790295476197029040,1790295476197000000,152374724523149,152374724524587,1790295476418628305,1000,1
605,28630912308118,1790295476201905262,1790295476202000000,152374729523149,152374729525141,1790295476423629340,1000,1
606,28630916279451,1790295476205917447,1790295476206000000,152374734523149,152374734526206,1790295476428630445,1000,1
607,28630920303266,1790295476209900818,1790295476210000000,152374739523149,152374739526490,1790295476433630719,1000,1
608,28630925664303,1790295476215261595,1790295476215000000,152374744523149,152374744525203,1790295476438629531,1000,1
609,28630930694488,1790295476219648595,1790295476220000000,152374749523149,152374749525526,1790295476443629795,1000,1
610,28630936302303,1790295476225901892,1790295476226000000,152374754523149,152374754525790,1790295476448630319,1000,1
611,28630940316451,1790295476229911262,1790295476230000000,152374759523149,152374759525553,1790295476453629761,1000,1
612,28630948318043,1790295476237902410,1790295476238000000,152374764523149,152374764525115,1790295476458629334,1000,1
613,28630952338895,1790295476241923336,1790295476242000000,152374769523149,152374769525982,1790295476463630260,1000,1
614,28630954965673,1790295476244570484,1790295476244000000,152374774523149,152374774525143,1790295476468628691,1000,1
615,28630960298266,1790295476249898188,1790295476250000000,152374779523149,152374779524655,1790295476473628193,1000,1
616,28630969113377,1790295476257902743,1790295476258000000,152374784523149,152374784525090,1790295476478629008,1000,1
617,28630972340118,1790295476261900558,1790295476262000000,152374789523149,152374789526176,1790295476483630345,1000,1
618,28630975138599,1790295476264513743,1790295476265000000,152374794523149,152374794524797,1790295476488629036,1000,1
619,28630980314747,1790295476269906632,1790295476270000000,152374799523149,152374799525602,1790295476493630081,1000,1
620,28630986125414,1790295476275562595,1790295476276000000,152374804523149,152374804525655,1790295476498630134,1000,1
621,28630992346599,1790295476281921040,1790295476282000000,152374809523149,152374809525249,1790295476503629939,1000,1
622,28630996314192,1790295476285901929,1790295476286000000,152374814523149,152374814524791,1790295476508628309,1000,1
623,28631000307858,1790295476289899854,1790295476290000000,152374819523149,152374819525185,1790295476513628783,1000,1
624,28631008595562,1790295476297919373,1790295476298000000,152374824523149,152374824524717,1790295476518628265,1000,1
625,28631012318340,1790295476301904706,1790295476302000000,152374829523149,152374829524170,1790295476523627778,1000,1
626,28631016340303,1790295476305924706,1790295476306000000,152374834523149,152374834523683,1790295476528626690,1000,1
627,28631020152821,1790295476309648077,1790295476310000000,152374839523149,152374839523867,1790295476533626893,1000,1
628,28631028366747,1790295476317919966,1790295476318000000,152374844523149,152374844523840,1790295476538626857,1000,1
629,28631031161155,1790295476320767484,1790295476321000000,152374849523149,152374849523914,1790295476543626931,1000,1
630,28631036318414,1790295476325903151,1790295476326000000,152374854523149,152374854523678,1790295476548626704,1000,1
631,28631040342043,1790295476329917632,1790295476330000000,152374859523149,152374859523821,1790295476553626838,1000,1
632,28631048350006,1790295476337904706,1790295476338000000,152374864523149,152374864525087,1790295476558629356,1000,1
633,28631052336895,1790295476341923188,1790295476342000000,152374869523149,152374869525240,1790295476563628778,1000,1
634,28631056319969,1790295476345902521,1790295476346000000,152374874523149,152374874525024,1790295476568628902,1000,1
635,28631060364710,1790295476349900336,1790295476350000000,152374879523149,152374879524709,1790295476573629148,1000,1
636,28631069604192,1790295476359172966,1790295476359000000,152374884523149,152374884525623,1790295476578629812,1000,1
637,28631070121377,1790295476359685114,1790295476359000000,152374889523149,152374889526258,1790295476583630406,1000,1
638,28631076084414,1790295476365559225,1790295476365000000,152374894523149,152374894524468,1790295476588627995,1000,1
639,28631080320895,1790295476369899262,1790295476370000000,152374899523149,152374899524681,1790295476593628209,1000,1
640,28631087444414,1790295476377031225,1790295476377000000,152374904523149,152374904525656,1790295476598630115,1000,1
641,28631092375006,1790295476381911225,1790295476382000000,152374909523149,152374909524187,1790295476603628365,1000,1
642,28631096309710,1790295476385899114,1790295476386000000,152374914523149,152374914525322,1790295476608629601,1000,1
643,28631100292969,1790295476389899632,1790295476390000000,152374919523149,152374919526089,1790295476613630338,1000,1
644,28631108292895,1790295476397903373,1790295476398000000,152374924523149,152374924526112,1790295476618630371,1000,1
645,28631110031080,1790295476399520003,1790295476399000000,152374929523149,152374929524402,1790295476623627920,1000,1
646,28631116354006,1790295476405919484,1790295476406000000,152374934523149,152374934524365,1790295476628628023,1000,1
647,28631120283969,1790295476409897891,1790295476410000000,152374939523149,152374939523769,1790295476633627096,1000,1
648,28631128385043,1790295476417925817,1790295476418000000,152374944523149,152374944523812,1790295476638626829,1000,1
649,28631132363080,1790295476421922817,1790295476422000000,152374949523149,152374949523896,1790295476643626922,1000,1
650,28631136304117,1790295476425903373,1790295476426000000,152374954523149,152374954524730,1790295476648629260,1000,1
651,28631140292969,1790295476429912299,1790295476430000000,152374959523149,152374959525817,1790295476653630096,1000,1
652,28631148351636,1790295476437904114,1790295476438000000,152374964523149,152374964525320,1790295476658629438,1000,1
653,28631152332303,1790295476441916854,1790295476442000000,152374969523149,152374969525253,1790295476663628790,1000,1
654,28631155174080,1790295476444759966,1790295476445000000,152374974523149,152374974525035,1790295476668628633,1000,1
655,28631160300858,1790295476449898817,1790295476450000000,152374979523149,152374979524898,1790295476673629357,1000,1
656,28631166186340,1790295476455710151,1790295476456000000,152374984523149,152374984525985,1790295476678630174,1000,1
657,28631172344969,1790295476461903854,1790295476462000000,152374989523149,152374989525207,1790295476683629045,1000,1
658,28631176327266,1790295476465914114,1790295476466000000,152374994523149,152374994524318,1790295476688627856,1000,1
659,28631180301377,1790295476469898965,1790295476470000000,152374999523149,152374999525003,1790295476693629162,1000,1
660,28631188388266,1790295476477913225,1790295476478000000,152375004523149,152375004525188,1790295476698629076,1000,1
661,28631192320562,1790295476481903558,1790295476482000000,152375009523149,152375009525833,1790295476703630041,1000,1
662,28631196293488,1790295476485901447,1790295476486000000,152375014523149,152375014524373,1790295476708627930,1000,1
663,28631199912117,1790295476489517336,1790295476489000000,152375019523149,152375019525989,1790295476713630238,1000,1
664,28631208332858,1790295476497909669,1790295476498000000,152375024523149,152375024525872,1790295476718630382,1000,1
665,28631211177229,1790295476500685299,1790295476501000000,152375029523149,152375029523953,1790295476723627761,1000,1
666,28631216362858,1790295476505922225,1790295476506000000,152375034523149,152375034525379,1790295476728628957,1000,1
667,28631220288858,1790295476509898891,1790295476510000000,152375039523149,152375039526234,1790295476733630433,1000,1
668,28631228382821,1790295476517923447,1790295476518000000,152375044523149,152375044524314,1790295476738628172,1000,1
669,28631232334525,1790295476521919410,1790295476522000000,152375049523149,152375049525080,1790295476743629229,1000,1
670,28631236336488,1790295476525902336,1790295476526000000,152375054523149,152375054525815,1790295476748630515,1000,1
671,28631240316006,1790295476529914558,1790295476530000000,152375059523149,152375059525778,1790295476753629887,1000,1
672,28631245159673,1790295476534757521,1790295476535000000,152375064523149,152375064524930,1790295476758629088,1000,1
673,28631253116858,1790295476541902299,1790295476542000000,152375069523149,152375069526358,1790295476763630556,1000,1
674,28631255963969,1790295476545562928,1790295476545000000,152375074523149,152375074525509,1790295476768630309,1000,1
675,28631260325562,1790295476549898558,1790295476550000000,152375079523149,152375079524480,1790295476773628789,1000,1
676,28631265271969,1790295476554869410,1790295476555000000,152375084523149,152375084526087,1790295476778630285,1000,1
677,28631271038117,1790295476560611225,1790295476560000000,152375089523149,152375089526120,1790295476783630259,1000,1
678,28631293796895,1790295476565899817,1790295476583000000,152375094523149,152375094524661,1790295476788628179,1000,1
679,28631294189747,1790295476569897891,1790295476584000000,152375099523149,152375099525226,1790295476793629404,1000,1
680,28631294585673,1790295476577930928,1790295476584000000,152375104523149,152375104525800,1790295476798629959,1000,1
681,28631294875228,1790295476579552780,1790295476584000000,152375109523149,152375109525873,1790295476803630052,1000,1
682,28631296295414,1790295476585905854,1790295476586000000,152375114523149,152375114524827,1790295476808628995,1000,1
683,28631300344858,1790295476589899188,1790295476590000000,152375119523149,152375119526303,1790295476813630491,1000,1
684,28631308322228,1790295476597903262,1790295476598000000,152375124523149,152375124525975,1790295476818630184,1000,1
685,28631312508784,1790295476601905669,1790295476602000000,152375129523149,152375129524115,1790295476823627672,1000,1
686,28631316302154,1790295476605901854,1790295476606000000,152375134523149,152375134524559,1790295476828628707,1000,1
687,28631320316747,1790295476609896447,1790295476610000000,152375139523149,152375139525584,1790295476833629973,1000,1
688,28631325048043,1790295476614633114,1790295476614000000,152375144523149,152375144525407,1790295476838629585,1000,1
689,28631332263154,1790295476621897891,1790295476622000000,152375149523149,152375149524759,1790295476843628276,1000,1
690,28631334690303,1790295476624383484,1790295476624000000,152375154523149,152375154525894,1790295476848630053,1000,1
691,28631340269414,1790295476629890336,1790295476630000000,152375159523149,152375159524787,1790295476853628886,1000,1
692,28631346595488,1790295476635679299,1790295476636000000,152375164523149,152375164524971,1790295476858629199,1000,1
693,28631352233043,1790295476641892410,1790295476642000000,152375169523149,152375169525936,1790295476863630355,1000,1
694,28631357963191,1790295476647141039,1790295476647000000,152375174523149,152375174526530,1790295476868630759,1000,1
695,28631360250636,1790295476649895521,1790295476650000000,152375179523149,152375179524211,1790295476873627738,1000,1
696,28631367368265,1790295476657038558,1790295476657000000,152375184523149,152375184526027,1790295476878630226,1000,1
697,28631372435265,1790295476661923373,1790295476662000000,152375189523149,152375189665875,1790295476883770054,1000,1
698,28631376255191,1790295476665900373,1790295476666000000,152375194523149,152375194524821,1790295476888628349,1000,1
699,28631380149117,1790295476669768595,1790295476670000000,152375199523149,152375199524916,1790295476893628434,1000,1
700,28631388346228,1790295476677898114,1790295476678000000,152375204523149,152375204525491,1790295476898630330,1000,1
701,28631392507080,1790295476682010780,1790295476682000000,152375209523149,152375209526385,1790295476903630654,1000,1
702,28631396254562,1790295476685892743,1790295476686000000,152375214523149,152375214524255,1790295476908628173,1000,1
703,28631400161080,1790295476689889521,1790295476690000000,152375219523149,152375219526313,1790295476913630602,1000,1
704,28631408339488,1790295476697909595,1790295476698000000,152375224523149,152375224525485,1790295476918630255,1000,1
705,28631412317154,1790295476701893114,1790295476702000000,152375229523149,152375229524606,1790295476923628865,1000,1
706,28631416249932,1790295476705898928,1790295476706000000,152375234523149,152375234524630,1790295476928628798,1000,1
707,28631420230043,1790295476709895928,1790295476710000000,152375239523149,152375239526156,1790295476933630645,1000,1
708,28631424947895,1790295476714580188,1790295476714000000,152375244523149,152375244524828,1790295476938628325,1000,1
709,28631432340265,1790295476721911002,1790295476722000000,152375249523149,152375249525492,1790295476943629691,1000,1
710,28631436728451,1790295476725565410,1790295476726000000,152375254523149,152375254526357,1790295476948630676,1000,1
711,28631440279710,1790295476729909262,1790295476730000000,152375259523149,152375259525720,1790295476953630580,1000,1
712,28631447199043,1790295476736888743,1790295476737000000,152375264523149,152375264525134,1790295476958629353,1000,1
713,28631452319154,1790295476741899002,1790295476742000000,152375269523149,152375269526470,1790295476963630869,1000,1
714,28631456306302,1790295476745917558,1790295476746000000,152375274523149,152375274526513,1790295476968630772,1000,1
715,28631460323302,1790295476749896521,1790295476750000000,152375279523149,152375279524983,1790295476973629182,1000,1
716,28631468223414,1790295476757904336,1790295476758000000,152375284523149,152375284524628,1790295476978628806,1000,1
717,28631471000673,1790295476760563706,1790295476760000000,152375289523149,152375289523779,1790295476983626796,1000,1
718,28631476358265,1790295476765911854,1790295476766000000,152375294523149,152375294523843,1790295476988626859,1000,1
719,28631480421228,1790295476769930188,1790295476770000000,152375299523149,152375299523896,1790295476993626922,1000,1
720,28631488242376,1790295476777892817,1790295476778000000,152375304523149,152375304524620,1790295476998628799,1000,1
721,28631492347376,1790295476781904669,1790295476782000000,152375309523149,152375309525176,1790295477003629104,1000,1
722,28631496314784,1790295476785903928,1790295476786000000,152375314523149,152375314524919,1790295477008629108,1000,1
723,28631500240080,1790295476789900669,1790295476790000000,152375319523149,152375319525623,1790295477013629501,1000,1
724,28631508257339,1790295476797893558,1790295476798000000,152375324523149,152375324525907,1790295477018630196,1000,1
725,28631512166969,1790295476801891817,1790295476802000000,152375329523149,152375329524900,1790295477023629059,1000,1
726,28631514744376,1790295476804390225,1790295476804000000,152375334523149,152375334525134,1790295477028628751,1000,1
727,28631520352154,1790295476809895632,1790295476810000000,152375339523149,152375339523674,1790295477033626701,1000,1
728,28631526145710,1790295476815562113,1790295476816000000,152375344523149,152375344524298,1790295477038628687,1000,1
729,28631532228302,1790295476821891743,1790295476822000000,152375349523149,152375349524122,1790295477043627659,1000,1
730,28631536178376,1790295476825887521,1790295476826000000,152375354523149,152375354524086,1790295477048627924,1000,1
731,28631540380191,1790295476829928743,1790295476830000000,152375359523149,152375359525211,1790295477053629450,1000,1
732,28631548616969,1790295476837913484,1790295476838000000,152375364523149,152375364524593,1790295477058629063,1000,1
733,28631552286858,1790295476841914076,1790295476842000000,152375369523149,152375369525528,1790295477063629126,1000,1
734,28631556184413,1790295476845895113,1790295476846000000,152375374523149,152375374526215,1790295477068630414,1000,1
735,28631564345080,1790295476853915558,1790295476854000000,152375379523149,152375379525216,1790295477073630036,1000,1
736,28631568224228,1790295476857895521,1790295476858000000,152375384523149,152375384525089,1790295477078629518,1000,1
737,28631571005969,1790295476860549669,1790295476860000000,152375389523149,152375389524882,1790295477083629031,1000,1
738,28631576284821,1790295476865906225,1790295476866000000,152375394523149,152375394524615,1790295477088628132,1000,1
739,28631580182191,1790295476869890632,1790295476870000000,152375399523149,152375399525239,1790295477093629418,1000,1
740,28631588388339,1790295476877923113,1790295476878000000,152375404523149,152375404525954,1790295477098630092,1000,1
741,28631592263969,1790295476881900743,1790295476882000000,152375409523149,152375409525125,1790295477103628632,1000,1
742,28631596260895,1790295476885900076,1790295476886000000,152375414523149,152375414524047,1790295477108627595,1000,1
743,28631600242673,1790295476889908558,1790295476890000000,152375419523149,152375419526265,1790295477113630454,1000,1
744,28631608392821,1790295476897921595,1790295476898000000,152375424523149,152375424526248,1790295477118630437,1000,1
745,28631612312969,1790295476901901632,1790295476902000000,152375429523149,152375429524548,1790295477123628186,1000,1
746,28631616191525,1790295476905560224,1790295476906000000,152375434523149,152375434523741,1790295477128626758,1000,1
747,28631620233080,1790295476909897965,1790295476910000000,152375439523149,152375439526119,1790295477133630378,1000,1
748,28631628299599,1790295476917016262,1790295476918000000,152375444523149,152375444524900,1790295477138628418,1000,1
749,28631632328006,1790295476921916039,1790295476922000000,152375449523149,152375449524853,1790295477143629042,1000,1
750,28631636333302,1790295476925893150,1790295476926000000,152375454523149,152375454525628,1790295477148629827,1000,1
751,28631640259821,1790295476929897150,1790295476930000000,152375459523149,152375459525844,1790295477153629372,1000,1
752,28631648217043,1790295476937888224,1790295476938000000,152375464523149,152375464524525,1790295477158628784,1000,1
753,28631649769895,1790295476939386002,1790295476939000000,152375469523149,152375469526131,1790295477163630300,1000,1
754,28631655929525,1790295476945514780,1790295476945000000,152375474523149,152375474526676,1790295477168630934,1000,1
755,28631660375228,1790295476949896113,1790295476950000000,152375479523149,152375479525699,1790295477173629868,1000,1
756,28631668255895,1790295476957893224,1790295476958000000,152375484523149,152375484525612,1790295477178629791,1000,1
757,28631672376858,1790295476961893928,1790295476962000000,152375489523149,152375489526286,1790295477183630435,1000,1
758,28631674878747,1790295476964480743,1790295476964000000,152375494523149,152375494524416,1790295477188629106,1000,1
759,28631680255006,1790295476969900965,1790295476970000000,152375499523149,152375499524451,1790295477193627968,1000,1
760,28631688255932,1790295476977894113,1790295476978000000,152375504523149,152375504525065,1790295477198629845,1000,1
761,28631692113117,1790295476981769965,1790295476981000000,152375509523149,152375509525970,1790295477203630109,1000,1
762,28631695049858,1790295476984511447,1790295476984000000,152375514523149,152375514523929,1790295477208627477,1000,1
763,28631700339191,1790295476989901261,1790295476990000000,152375519523149,152375519525846,1790295477213630005,1000,1
764,28631706177006,1790295476995773261,1790295476996000000,152375524523149,152375524526202,1790295477218630711,1000,1
765,28631712257191,1790295477001890150,1790295477002000000,152375529523149,152375529525213,1790295477223629422,1000,1
766,28631716179413,1790295477005883076,1790295477006000000,152375534523149,152375534524886,1790295477228628754,1000,1
767,28631720410858,1790295477009901743,1790295477010000000,152375539523149,152375539525881,1790295477233630030,1000,1
768,28631728154599,1790295477017658854,1790295477018000000,152375544523149,152375544525496,1790295477238629945,1000,1
769,28631732260080,1790295477021897298,1790295477022000000,152375549523149,152375549525368,1790295477243629687,1000,1
770,28631736171006,1790295477025896298,1790295477026000000,152375554523149,152375554525332,1790295477248629570,1000,1
771,28631740169969,1790295477029773484,1790295477030000000,152375559523149,152375559524643,1790295477253629353,1000,1
772,28631748260228,1790295477037895002,1790295477038000000,152375564523149,152375564524638,1790295477258628847,1000,1
773,28631751137747,1790295477040567484,1790295477041000000,152375569523149,152375569525623,1790295477263629161,1000,1
774,28631756365895,1790295477045900965,1790295477046000000,152375574523149,152375574525967,1790295477268630136,1000,1
775,28631760250784,1790295477049897410,1790295477050000000,152375579523149,152375579525039,1790295477273629187,1000,1
776,28631768292487,1790295477057895558,1790295477058000000,152375584523149,152375584526086,1790295477278630615,1000,1
777,28631772210265,1790295477061903558,1790295477062000000,152375589523149,152375589525739,1790295477283629947,1000,1
778,28631776347636,1790295477065906484,1790295477066000000,152375594523149,152375594525511,1790295477288629049,1000,1
779,28631780331524,1790295477069899854,1790295477070000000,152375599523149,152375599524933,1790295477293629142,1000,1
780,28631785142858,1790295477074723039,1790295477075000000,152375604523149,152375604525938,1790295477298630368,1000,1
781,28631792257339,1790295477081893558,1790295477082000000,152375609523149,152375609526444,1790295477303630623,1000,1
782,28631796277895,1790295477085715187,1790295477086000000,152375614523149,152375614524434,1790295477308627961,1000,1
783,28631800292784,1790295477089902521,1790295477090000000,152375619523149,152375619525879,1790295477313630359,1000,1
784,28631807267302,1790295477096884150,1790295477097000000,152375624523149,152375624525733,1790295477318630252,1000,1
785,28631812216487,1790295477101891224,1790295477102000000,152375629523149,152375629524796,1790295477323628333,1000,1
786,28631816342747,1790295477105899298,1790295477106000000,152375634523149,152375634525891,1790295477328630070,1000,1
787,28631820325858,1790295477109903373,1790295477110000000,152375639523149,152375639526325,1790295477333630514,1000,1
788,28631828325710,1790295477117900039,1790295477118000000,152375644523149,152375644525206,1790295477338629044,1000,1
789,28631829873265,1790295477119514224,1790295477119000000,152375649523149,152375649525061,1790295477343629220,1000,1
790,28631836227561,1790295477125907224,1790295477126000000,152375654523149,152375654526337,1790295477348630546,1000,1
791,28631840325043,1790295477129895076,1790295477130000000,152375659523149,152375659526350,1790295477353630519,1000,1
792,28631848343895,1790295477137916261,1790295477138000000,152375664523149,152375664524921,1790295477358629089,1000,1
793,28631852606636,1790295477141904928,1790295477142000000,152375669523149,152375669526497,1790295477363630665,1000,1
794,28631856236524,1790295477145910632,1790295477146000000,152375674523149,152375674526071,1790295477368630200,1000,1
795,28631860164895,1790295477149894891,1790295477150000000,152375679523149,152375679524872,1790295477373629001,1000,1
796,28631868333895,1790295477157896669,1790295477158000000,152375684523149,152375684526659,1790295477378630887,1000,1
797,28631872254339,1790295477161899743,1790295477162000000,152375689523149,152375689526111,1790295477383630310,1000,1
798,28631875249154,1790295477164749595,1790295477165000000,152375694523149,152375694525262,1790295477388628810,1000,1
799,28631880218006,1790295477169892743,1790295477170000000,152375699523149,152375699524554,1790295477393628743,1000,1
800,28631886235450,1790295477175675335,1790295477176000000,152375704523149,152375704525539,1790295477398629988,1000,1
801,28631892316969,1790295477181895484,1790295477182000000,152375709523149,152375709526134,1790295477403630302,1000,1
802,28631896232561,1790295477185899706,1790295477186000000,152375714523149,152375714524876,1790295477408629114,1000,1
803,28631900261487,1790295477189906632,1790295477190000000,152375719523149,152375719526412,1790295477413630580,1000,1
804,28631908175858,1790295477197889372,1790295477198000000,152375724523149,152375724525994,1790295477418630473,1000,1
805,28631912336636,1790295477201920335,1790295477202000000,152375729523149,152375729524915,1790295477423628483,1000,1
806,28631916240302,1790295477205896076,1790295477206000000,152375734523149,152375734525561,1790295477428629789,1000,1
807,28631920235784,1790295477209776743,1790295477210000000,152375739523149,152375739525796,1790295477433630035,1000,1
808,28631928213302,1790295477217891335,1790295477218000000,152375744523149,152375744525990,1790295477438630429,1000,1
809,28631931072784,1790295477220545187,1790295477220000000,152375749523149,152375749524771,1790295477443629360,1000,1
810,28631936341895,1790295477225911595,1790295477226000000,152375754523149,152375754526206,1790295477448630465,1000,1
811,28631940248080,1790295477229895002,1790295477230000000,152375759523149,152375759525588,1790295477453629978,1000,1
812,28631948285043,1790295477237902372,1790295477238000000,152375764523149,152375764524930,1790295477458629119,1000,1
813,28631952159302,1790295477241891558,1790295477242000000,152375769523149,152375769524733,1790295477463628261,1000,1
814,28631956339895,1790295477245901854,1790295477246000000,152375774523149,152375774526059,1790295477468630308,1000,1
815,28631960253561,1790295477249911669,1790295477250000000,152375779523149,152375779524752,1790295477473629011,1000,1
816,28631965064191,1790295477254662372,1790295477254000000,152375784523149,152375784526398,1790295477478630547,1000,1
817,28631971674413,1790295477261355224,1790295477261000000,152375789523149,152375789525960,1790295477483630460,1000,1
818,28631976927191,1790295477265995558,1790295477266000000,152375794523149,152375794526455,1790295477488630663,1000,1
819,28631980277561,1790295477269901335,1790295477270000000,152375799523149,152375799524867,1790295477493628985,1000,1
820,28631987413228,1790295477277038521,1790295477277000000,152375804523149,152375804525661,1790295477498630221,1000,1
821,28631992224895,1790295477281892298,1790295477282000000,152375809523149,152375809525925,1790295477503630064,1000,1
822,28631996184450,1790295477285898150,1790295477286000000,152375814523149,152375814525267,1790295477508629446,1000,1
823,28632000337672,1790295477289904261,1790295477290000000,152375819523149,152375819526485,1790295477513630684,1000,1
824,28632008320784,1790295477297926002,1790295477298000000,152375824523149,152375824526139,1790295477518630358,1000,1
825,28632010126524,1790295477299553817,1790295477300000000,152375829523149,152375829524900,1790295477523629700,1000,1
826,28632016219080,1790295477305890558,1790295477306000000,152375834523149,152375834523541,1790295477528626567,1000,1
827,28632020183747,1790295477309896521,1790295477310000000,152375839523149,152375839523865,1790295477533626871,1000,1
829,28632032660117,1790295477321931113,1790295477322000000,152375849523149,152375849524141,1790295477543627659,1000,1
830,28632036227339,1790295477325897632,1790295477326000000,152375854523149,152375854526168,1790295477548630317,1000,1
831,28632040220969,1790295477329889928,1790295477330000000,152375859523149,152375859526122,1790295477553630411,1000,1
833,28632052333672,1790295477341898076,1790295477342000000,152375869523149,152375869526310,1790295477563630529,1000,1
834,28632055175598,1790295477344776002,1790295477345000000,152375874523149,152375874525913,1790295477568630111,1000,1
835,28632060215524,1790295477349900002,1790295477350000000,152375879523149,152375879526267,1790295477573630445,1000,1
836,28632065875598,1790295477355571150,1790295477355000000,152375884523149,152375884525971,1790295477578630130,1000,1
837,28632072322043,1790295477361907928,1790295477362000000,152375889523149,152375889526175,1790295477583630414,1000,1
838,28632076293080,1790295477365891224,1790295477366000000,152375894523149,152375894525256,1790295477588629836,1000,1
839,28632080237561,1790295477369894372,1790295477370000000,152375899523149,152375899525199,1790295477593629428,1000,1
840,28632088216895,1790295477377885224,1790295477378000000,152375904523149,152375904526597,1790295477598630786,1000,1
841,28632092366302,1790295477381903076,1790295477382000000,152375909523149,152375909525358,1790295477603630158,1000,1
842,28632096295858,1790295477385898335,1790295477386000000,152375914523149,152375914525401,1790295477608629690,1000,1
843,28632104259080,1790295477393890224,1790295477394000000,152375919523149,152375919525615,1790295477613630064,1000,1
844,28632105094450,1790295477394814150,1790295477394000000,152375924523149,152375924525378,1790295477618630298,1000,1
845,28632111054006,1790295477400631928,1790295477400000000,152375929523149,152375929524641,1790295477623628689,1000,1
846,28632116321043,1790295477405908743,1790295477406000000,152375934523149,152375934524233,1790295477628627801,1000,1
847,28632120254635,1790295477409896372,1790295477410000000,152375939523149,152375939523716,1790295477633626912,1000,1
848,28632128239450,1790295477417891632,1790295477418000000,152375944523149,152375944523989,1790295477638627006,1000,1
849,28632132193598,1790295477421887854,1790295477422000000,152375949523149,152375949523694,1790295477643626710,1000,1
850,28632136341302,1790295477425911150,1790295477426000000,152375954523149,152375954523717,1790295477648626733,1000,1
851,28632140267858,1790295477429896965,1790295477430000000,152375959523149,152375959523850,1790295477653626867,1000,1
852,28632145740487,1790295477435317780,1790295477435000000,152375964523149,152375964523884,1790295477658626900,1000,1
853,28632152189895,1790295477441890520,1790295477442000000,152375969523149,152375969525622,1790295477663629159,1000,1
854,28632156938043,1790295477446412150,1790295477446000000,152375974523149,152375974524773,1790295477668628611,1000,1
855,28632160277746,1790295477449906409,1790295477450000000,152375979523149,152375979525758,1790295477673629917,1000,1
856,28632167296969,1790295477456897669,1790295477457000000,152375984523149,152375984525521,1790295477678629018,1000,1
857,28632172213783,1790295477461886595,1790295477462000000,152375989523149,152375989526226,1790295477683630464,1000,1
858,28632176150080,1790295477465882483,1790295477466000000,152375994523149,152375994524947,1790295477688628675,1000,1
859,28632180310339,1790295477469900669,1790295477470000000,152375999523149,152375999525211,1790295477693629400,1000,1
860,28632186553598,1790295477476245076,1790295477476000000,152376004523149,152376004525495,1790295477698630335,1000,1
861,28632189697302,1790295477479375187,1790295477479000000,152376009523149,152376009525178,1790295477703628615,1000,1
862,28632196223932,1790295477485888780,1790295477486000000,152376014523149,152376014525152,1790295477708628730,1000,1
863,28632200252561,1790295477489910557,1790295477490000000,152376019523149,152376019526027,1790295477713630296,1000,1
864,28632208316080,1790295477497899261,1790295477498000000,152376024523149,152376024524998,1790295477718629207,1000,1
865,28632212286413,1790295477501913002,1790295477502000000,152376029523149,152376029524772,1790295477723628640,1000,1
866,28632216269709,1790295477505899743,1790295477506000000,152376034523149,152376034524556,1790295477728628444,1000,1
867,28632220327302,1790295477509892780,1790295477510000000,152376039523149,152376039526182,1790295477733630451,1000,1
868,28632228343561,1790295477517896557,1790295477518000000,152376044523149,152376044526045,1790295477738630213,1000,1
869,28632232275302,1790295477521915076,1790295477522000000,152376049523149,152376049524575,1790295477743628153,1000,1
870,28632236241858,1790295477525898039,1790295477526000000,152376054523149,152376054525040,1790295477748628878,1000,1
871,28632240216895,1790295477529896224,1790295477530000000,152376059523149,152376059526196,1790295477753630345,1000,1
872,28632246983376,1790295477536547261,1790295477536000000,152376064523149,152376064524907,1790295477758628464,1000,1
873,28632252257932,1790295477541895891,1790295477542000000,152376069523149,152376069526012,1790295477763630151,1000,1
874,28632256305450,1790295477545890224,1790295477546000000,152376074523149,152376074525515,1790295477768629083,1000,1
875,28632260230709,1790295477549896483,1790295477550000000,152376079523149,152376079526020,1790295477773630289,1000,1
876,28632268208932,1790295477557886743,1790295477558000000,152376084523149,152376084525953,1790295477778630162,1000,1
877,28632272361746,1790295477561904632,1790295477562000000,152376089523149,152376089525265,1790295477783628903,1000,1
878,28632276235969,1790295477565895261,1790295477566000000,152376094523149,152376094523977,1790295477788627454,1000,1
879,28632280766376,1790295477569902113,1790295477570000000,152376099523149,152376099523780,1790295477793626807,1000,1
880,28632288220932,1790295477577897483,1790295477578000000,152376104523149,152376104523743,1790295477798626760,1000,1
881,28632290882932,1790295477580548224,1790295477580000000,152376109523149,152376109523797,1790295477803626823,1000,1
882,28632296324524,1790295477585911261,1790295477586000000,152376114523149,152376114524982,1790295477808628900,1000,1
883,28632302286561,1790295477591900261,1790295477592000000,152376119523149,152376119526209,1790295477813630468,1000,1
884,28632308292450,1790295477597899261,1790295477598000000,152376124523149,152376124525621,1790295477818629760,1000,1
885,28632312314746,1790295477601896261,1790295477602000000,152376129523149,152376129525705,1790295477823630224,1000,1
886,28632316243117,1790295477605899780,1790295477606000000,152376134523149,152376134524746,1790295477828629305,1000,1
887,28632320154820,1790295477609888335,1790295477610000000,152376139523149,152376139525773,1790295477833629971,1000,1
888,28632325172820,1790295477614673780,1790295477615000000,152376144523149,152376144525526,1790295477838629023,1000,1
889,28632332326524,1790295477621918372,1790295477622000000,152376149523149,152376149524657,1790295477843628175,1000,1
890,28632336202561,1790295477625716039,1790295477626000000,152376154523149,152376154525853,1790295477848630011,1000,1
891,28632340222043,1790295477629898150,1790295477630000000,152376159523149,152376159526179,1790295477853630307,1000,1
892,28632347167154,1790295477636883557,1790295477637000000,152376164523149,152376164524609,1790295477858628817,1000,1
893,28632352316450,1790295477641911446,1790295477642000000,152376169523149,152376169524612,1790295477863628720,1000,1
894,28632356219043,1790295477645891780,1790295477646000000,152376174523149,152376174524695,1790295477868628563,1000,1
895,28632360250154,1790295477649896594,1790295477650000000,152376179523149,152376179526071,1790295477873630270,1000,1
896,28632368182932,1790295477657896372,1790295477658000000,152376184523149,152376184525275,1790295477878628842,1000,1
897,28632372321006,1790295477661905557,1790295477662000000,152376189523149,152376189525949,1790295477883630098,1000,1
898,28632376235672,1790295477665893854,1790295477666000000,152376194523149,152376194524931,1790295477888629951,1000,1
899,28632380936561,1790295477670558520,1790295477670000000,152376199523149,152376199525645,1790295477893629814,1000,1
900,28632388221376,1790295477677892002,1790295477678000000,152376204523149,152376204525891,1790295477898630340,1000,1
901,28632391282635,1790295477680981594,1790295477681000000,152376209523149,152376209525994,1790295477903630213,1000,1
902,28632396326524,1790295477685908002,1790295477686000000,152376214523149,152376214525666,1790295477908630136,1000,1
903,28632400227339,1790295477689900002,1790295477690000000,152376219523149,152376219525880,1790295477913629407,1000,1
904,28632405473672,1790295477695115668,1790295477695000000,152376224523149,152376224525023,1790295477918629272,1000,1
905,28632412163709,1790295477701887372,1790295477702000000,152376229523149,152376229526539,1790295477923630808,1000,1
906,28632415975376,1790295477705566854,1790295477705000000,152376234523149,152376234525581,1790295477928629739,1000,1
907,28632420245376,1790295477709899705,1790295477710000000,152376239523149,152376239525895,1790295477933630464,1000,1
908,28632426217154,1790295477715759002,1790295477716000000,152376244523149,152376244524505,1790295477938628684,1000,1
909,28632432244339,1790295477721892631,1790295477722000000,152376249523149,152376249525342,1790295477943629560,1000,1
910,28632436154635,1790295477725887039,1790295477726000000,152376254523149,152376254525114,1790295477948628662,1000,1
911,28632440326339,1790295477729919039,1790295477730000000,152376259523149,152376259526370,1790295477953630659,1000,1
912,28632448270561,1790295477737896965,1790295477738000000,152376264523149,152376264526523,1790295477958630762,1000,1
913,28632452235450,1790295477741906743,1790295477742000000,152376269523149,152376269525567,1790295477963630046,1000,1
914,28632456165598,1790295477745890520,1790295477746000000,152376274523149,152376274526602,1790295477968630951,1000,1
915,28632459840043,1790295477749503520,1790295477749000000,152376279523149,152376279525533,1790295477973629992,1000,1
916,28632468301006,1790295477757908631,1790295477758000000,152376284523149,152376284525276,1790295477978629735,1000,1
917,28632471215043,1790295477760751928,1790295477761000000,152376289523149,152376289523818,1790295477983626844,1000,1
918,28632476253746,1790295477765912483,1790295477766000000,152376294523149,152376294523801,1790295477988626817,1000,1
919,28632480174376,1790295477769899076,1790295477770000000,152376299523149,152376299523874,1790295477993626891,1000,1
920,28632488361413,1790295477777898631,1790295477778000000,152376304523149,152376304523777,1790295477998626784,1000,1
921,28632492257080,1790295477781893891,1790295477782000000,152376309523149,152376309523871,1790295478003626898,1000,1
922,28632496241635,1790295477785898854,1790295477786000000,152376314523149,152376314525148,1790295478008628705,1000,1
923,28632500169376,1790295477789895150,1790295477790000000,152376319523149,152376319526143,1790295478013630322,1000,1
924,28632504894968,1790295477794508372,1790295477794000000,152376324523149,152376324526296,1790295478018630595,1000,1
925,28632512361043,1790295477801915039,1790295477802000000,152376329523149,152376329524937,1790295478023629146,1000,1
926,28632515966598,1790295477805561335,1790295477805000000,152376334523149,152376334525884,1790295478028630122,1000,1
927,28632520227413,1790295477809898520,1790295477810000000,152376339523149,152376339523903,1790295478033626920,1000,1
928,28632527192561,1790295477816890483,1790295477817000000,152376344523149,152376344524928,1790295478038629167,1000,1
929,28632530525191,1790295477820067965,1790295477820000000,152376349523149,152376349524992,1790295478043628530,1000,1
930,28632536352968,1790295477825914705,1790295477826000000,152376354523149,152376354525969,1790295478048630178,1000,1
931,28632540318598,1790295477829913113,1790295477830000000,152376359523149,152376359525742,1790295478053629911,1000,1
932,28632548240931,1790295477837900594,1790295477838000000,152376364523149,152376364526146,1790295478058630725,1000,1
933,28632549787005,1790295477839389557,1790295477839000000,152376369523149,152376369526430,1790295478063630618,1000,1
934,28632556305487,1790295477845900298,1790295477846000000,152376374523149,152376374526583,1790295478068630742,1000,1
935,28632560313783,1790295477849905928,1790295477850000000,152376379523149,152376379526416,1790295478073630675,1000,1
936,28632568264894,1790295477857889335,1790295477858000000,152376384523149,152376384524716,1790295478078628584,1000,1
937,28632572353413,1790295477861903076,1790295477862000000,152376389523149,152376389526272,1790295478083629799,1000,1
938,28632576364265,1790295477865901817,1790295477866000000,152376394523149,152376394526166,1790295478088630314,1000,1
939,28632580238413,1790295477869900150,1790295477870000000,152376399523149,152376399524988,1790295478093628555,1000,1
940,28632588245968,1790295477877889891,1790295477878000000,152376404523149,152376404526103,1790295478098630402,1000,1
941,28632592200080,1790295477881887113,1790295477882000000,152376409523149,152376409525074,1790295478103628672,1000,1
942,28632594881043,1790295477884527594,1790295477884000000,152376414523149,152376414525279,1790295478108628896,1000,1
943,28632600359746,1790295477889898409,1790295477890000000,152376419523149,152376419525132,1790295478113629030,1000,1
945,28632612253042,1790295477901890631,1790295477902000000,152376429523149,152376429525930,1790295478123630409,1000,1
946,28632616223968,1790295477905884520,1790295477906000000,152376434523149,152376434524321,1790295478128628199,1000,1
947,28632620316005,1790295477909904854,1790295477910000000,152376439523149,152376439525257,1790295478133628865,1000,1
948,28632625993857,1790295477915603816,1790295477915000000,152376444523149,152376444525260,1790295478138629920,1000,1
949,28632632332968,1790295477921904335,1790295477922000000,152376449523149,152376449524762,1790295478143628390,1000,1
950,28632636192857,1790295477925895372,1790295477926000000,152376454523149,152376454525547,1790295478148629114,1000,1
951,28632639819709,1790295477929386187,1790295477929000000,152376459523149,152376459525421,1790295478153628969,1000,1
952,28632648323265,1790295477937913705,1790295477938000000,152376464523149,152376464525435,1790295478158629814,1000,1
953,28632650993154,1790295477940578446,1790295477940000000,152376469523149,152376469525208,1790295478163629036,1000,1
954,28632656346487,1790295477945909187,1790295477946000000,152376474523149,152376474525572,1790295478168630071,1000,1
955,28632660231413,1790295477949908854,1790295477950000000,152376479523149,152376479525487,1790295478173630667,1000,1
957,28632673120376,1790295477961907520,1790295477962000000,152376489523149,152376489526294,1790295478183630543,1000,1
958,28632676233783,1790295477965895853,1790295477966000000,152376494523149,152376494525456,1790295478188629003,1000,1
959,28632680201894,1790295477969902928,1790295477970000000,152376499523149,152376499525650,1790295478193629839,1000,1
960,28632684958042,1790295477974551187,1790295477974000000,152376504523149,152376504525876,1790295478198630365,1000,1
961,28632692244857,1790295477981659594,1790295477982000000,152376509523149,152376509525658,1790295478203629877,1000,1
962,28632696733042,1790295477985583483,1790295477986000000,152376514523149,152376514526343,1790295478208630532,1000,1
963,28632700255931,1790295477989902965,1790295477990000000,152376519523149,152376519525727,1790295478213630226,1000,1
964,28632707403598,1790295477996895594,1790295477997000000,152376524523149,152376524526341,1790295478218630540,1000,1
965,28632712298672,1790295478001898335,1790295478002000000,152376529523149,152376529526164,1790295478223630413,1000,1
966,28632716052857,1790295478005664853,1790295478005000000,152376534523149,152376534525757,1790295478228629915,1000,1
967,28632720269154,1790295478009906224,1790295478010000000,152376539523149,152376539525389,1790295478233629047,1000,1
968,28632728221154,1790295478017897002,1790295478018000000,152376544523149,152376544526256,1790295478238630434,1000,1
969,28632730101302,1790295478019548002,1790295478019000000,152376549523149,152376549525658,1790295478243629826,1000,1
970,28632736344894,1790295478025813409,1790295478026000000,152376554523149,152376554526202,1790295478248630371,1000,1
971,28632740309042,1790295478029910928,1790295478030000000,152376559523149,152376559526175,1790295478253630404,1000,1
972,28632748267265,1790295478037891483,1790295478038000000,152376564523149,152376564525439,1790295478258628966,1000,1
973,28632752318042,1790295478041897224,1790295478042000000,152376569523149,152376569526314,1790295478263630522,1000,1
974,28632755875857,1790295478045475816,1790295478045000000,152376574523149,152376574526216,1790295478268630405,1000,1
975,28632760288116,1790295478049913372,1790295478050000000,152376579523149,152376579526340,1790295478273630529,1000,1
976,28632768330968,1790295478057909335,1790295478058000000,152376584523149,152376584525484,1790295478278629051,1000,1
977,28632772373228,1790295478061910409,1790295478062000000,152376589523149,152376589525547,1790295478283629996,1000,1
978,28632776353228,1790295478065919224,1790295478066000000,152376594523149,152376594526352,1790295478288630530,1000,1
979,28632780335598,1790295478069918113,1790295478070000000,152376599523149,152376599525944,1790295478293630133,1000,1
980,28632785984413,1790295478075564742,1790295478075000000,152376604523149,152376604526320,1790295478298630499,1000,1
981,28632792348561,1790295478081902557,1790295478082000000,152376609523149,152376609525502,1790295478303630352,1000,1
982,28632796285894,1790295478085917520,1790295478086000000,152376614523149,152376614524744,1790295478308628622,1000,1
983,28632800311339,1790295478089898557,1790295478090000000,152376619523149,152376619526240,1790295478313630408,1000,1
984,28632805913116,1790295478095521927,1790295478095000000,152376624523149,152376624526063,1790295478318630211,1000,1
985,28632812356116,1790295478101916890,1790295478102000000,152376629523149,152376629526419,1790295478323630757,1000,1
986,28632816261894,1790295478105904409,1790295478106000000,152376634523149,152376634524989,1790295478328628697,1000,1
987,28632820110746,1790295478109540113,1790295478109000000,152376639523149,152376639526044,1790295478333630413,1000,1
988,28632828332450,1790295478117909076,1790295478118000000,152376644523149,152376644525957,1790295478338630226,1000,1
989,28632831067561,1790295478120691076,1790295478120000000,152376649523149,152376649559225,1790295478343662773,1000,1
990,28632836352857,1790295478125896187,1790295478126000000,152376654523149,152376654526376,1790295478348630495,1000,1
991,28632840264561,1790295478129901927,1790295478130000000,152376659523149,152376659526149,1790295478353630337,1000,1
992,28632844982524,1790295478134545705,1790295478134000000,152376664523149,152376664525180,1790295478358630271,1000,1
993,28632852371783,1790295478141900816,1790295478142000000,152376669523149,152376669526087,1790295478363630256,1000,1
994,28632856256672,1790295478145898261,1790295478146000000,152376674523149,152376674525018,1790295478368629267,1000,1
995,28632860214561,1790295478149891002,1790295478150000000,152376679523149,152376679526003,1790295478373630202,1000,1
996,28632864872302,1790295478154513853,1790295478154000000,152376684523149,152376684525445,1790295478378628963,1000,1
997,28632872253561,1790295478161893631,1790295478162000000,152376689523149,152376689526030,1790295478383630188,1000,1
998,28632876789228,1790295478165563520,1790295478166000000,152376694523149,152376694524502,1790295478388628049,1000,1
999,28632880318524,1790295478169919483,1790295478170000000,152376699523149,152376699525547,1790295478393629746,1000,1
1000,28632885262413,1790295478174810631,1790295478175000000,152376704523149,152376704525931,1790295478398630099,1000,1
1001,28632892309598,1790295478181905964,1790295478182000000,152376709523149,152376709525654,1790295478403630073,1000,1
1002,28632896308376,1790295478185897668,1790295478186000000,152376714523149,152376714526220,1790295478408630419,1000,1
1003,28632900321709,1790295478189906483,1790295478190000000,152376719523149,152376719526484,1790295478413630642,1000,1
1004,28632908241190,1790295478197895668,1790295478198000000,152376724523149,152376724526026,1790295478418630255,1000,1
1005,28632910689228,1790295478199760853,1790295478200000000,152376729523149,152376729526490,1790295478423630659,1000,1
1006,28632916239709,1790295478205905927,1790295478206000000,152376734523149,152376734525842,1790295478428630281,1000,1
1007,28632920191561,1790295478209891557,1790295478210000000,152376739523149,152376739526276,1790295478433630424,1000,1
1008,28632928368524,1790295478217914927,1790295478218000000,152376744523149,152376744526680,1790295478438630858,1000,1
1009,28632932326339,1790295478221899668,1790295478222000000,152376749523149,152376749525381,1790295478443630210,1000,1
1010,28632936240450,1790295478225897520,1790295478226000000,152376754523149,152376754526508,1790295478448630697,1000,1
1011,28632940192302,1790295478229900224,1790295478230000000,152376759523149,152376759525830,1790295478453630680,1000,1
1012,28632948309783,1790295478237897816,1790295478238000000,152376764523149,152376764525492,1790295478458629110,1000,1
1013,28632952243005,1790295478241905001,1790295478242000000,152376769523149,152376769526037,1790295478463630325,1000,1
1014,28632955938746,1790295478245495224,1790295478245000000,152376774523149,152376774523846,1790295478468626862,1000,1
1015,28632960272894,1790295478249898261,1790295478250000000,152376779523149,152376779526193,1790295478473630442,1000,1
1016,28632966668857,1790295478255765483,1790295478256000000,152376784523149,152376784524794,1790295478478628682,1000,1
1017,28632972231709,1790295478261894631,1790295478262000000,152376789523149,152376789526129,1790295478483630348,1000,1
1018,28632976203450,1790295478265897779,1790295478266000000,152376794523149,152376794525782,1790295478488629961,1000,1
1019,28632980401524,1790295478269921927,1790295478270000000,152376799523149,152376799525126,1790295478493629355,1000,1
1020,28632988627042,1790295478277906001,1790295478278000000,152376804523149,152376804526201,1790295478498630591,1000,1
1021,28632992306894,1790295478281906594,1790295478282000000,152376809523149,152376809525914,1790295478503630403,1000,1
1022,28632996197561,1790295478285892631,1790295478286000000,152376814523149,152376814525126,1790295478508629254,1000,1
1023,28632999884487,1790295478289524557,1790295478289000000,152376819523149,152376819528838,1790295478513633127,1000,1
1024,28633005989635,1790295478295508520,1790295478295000000,152376824523149,152376824525826,1790295478518630385,1000,1
1025,28633011676042,1790295478300696964,1790295478301000000,152376829523149,152376829526080,1790295478523630328,1000,1
1026,28633016259598,1790295478305898779,1790295478306000000,152376834523149,152376834523639,1790295478528626596,1000,1
1027,28633020164413,1790295478309886409,1790295478310000000,152376839523149,152376839523803,1790295478533626820,1000,1
1028,28633028370227,1790295478317911224,1790295478318000000,152376844523149,152376844523776,1790295478538626803,1000,1
1029,28633032293190,1790295478321911113,1790295478322000000,152376849523149,152376849523860,1790295478543626876,1000,1
1030,28633036279746,1790295478325897668,1790295478326000000,152376854523149,152376854523783,1790295478548626799,1000,1
1031,28633040204190,1790295478329890335,1790295478330000000,152376859523149,152376859523888,1790295478553626904,1000,1
1032,28633044877376,1790295478334526631,1790295478334000000,152376864523149,152376864525975,1790295478558630474,1000,1
1033,28633052273339,1790295478341893668,1790295478342000000,152376869523149,152376869526138,1790295478563630658,1000,1
1034,28633056174709,1790295478345769594,1790295478346000000,152376874523149,152376874526152,1790295478568630371,1000,1
1035,28633060314042,1790295478349904038,1790295478350000000,152376879523149,152376879524865,1790295478573630205,1000,1
1036,28633065181079,1790295478354792705,1790295478355000000,152376884523149,152376884526080,1790295478578630259,1000,1
1037,28633072280931,1790295478361895075,1790295478362000000,152376889523149,152376889525843,1790295478583630262,1000,1
1038,28633076317968,1790295478365921631,1790295478366000000,152376894523149,152376894524804,1790295478588628682,1000,1
1039,28633080337487,1790295478369901816,1790295478370000000,152376899523149,152376899525719,1790295478593629898,1000,1
1040,28633088298339,1790295478377924964,1790295478378000000,152376904523149,152376904525834,1790295478598630233,1000,1
1041,28633089697746,1790295478379394261,1790295478379000000,152376909523149,152376909526208,1790295478603630487,1000,1
1042,28633099679227,1790295478389238705,1790295478389000000,152376914523149,152376914524989,1790295478608629178,1000,1
1043,28633100239042,1790295478389898779,1790295478390000000,152376919523149,152376919525445,1790295478613629965,1000,1
1044,28633108327635,1790295478397821779,1790295478398000000,152376924523149,152376924525889,1790295478618630389,1000,1
1045,28633112248005,1790295478401893075,1790295478402000000,152376929523149,152376929525231,1790295478623628789,1000,1
1046,28633116230857,1790295478405896816,1790295478406000000,152376934523149,152376934524293,1790295478628628151,1000,1
1047,28633123593487,1790295478413050446,1790295478413000000,152376939523149,152376939524376,1790295478633629426,1000,1
1048,28633128380376,1790295478417899335,1790295478418000000,152376944523149,152376944523830,1790295478638626856,1000,1
1049,28633133069487,1790295478421895557,1790295478422000000,152376949523149,152376949523803,1790295478643626809,1000,1
1050,28633134506968,1790295478424239335,1790295478424000000,152376954523149,152376954524768,1790295478648628887,1000,1
1051,28633140254153,1790295478429893816,1790295478430000000,152376959523149,152376959525523,1790295478653629992,1000,1
1052,28633146813116,1790295478436405001,1790295478436000000,152376964523149,152376964524965,1790295478658629093,1000,1
1053,28633152259264,1790295478441894446,1790295478442000000,152376969523149,152376969524569,1790295478663628747,1000,1
1054,28633156292598,1790295478445909483,1790295478446000000,152376974523149,152376974524812,1790295478668628680,1000,1
1055,28633160331487,1790295478449902187,1790295478450000000,152376979523149,152376979526158,1790295478673630347,1000,1
1056,28633168232190,1790295478457902298,1790295478458000000,152376984523149,152376984525151,1790295478678630121,1000,1
1057,28633172235005,1790295478461896446,1790295478462000000,152376989523149,152376989523752,1790295478683626768,1000,1
1058,28633176220783,1790295478465893927,1790295478466000000,152376994523149,152376994524837,1790295478688628685,1000,1
1059,28633180930820,1790295478470408261,1790295478470000000,152376999523149,152376999526103,1790295478693630301,1000,1
1060,28633188322042,1790295478477902816,1790295478478000000,152377004523149,152377004525416,1790295478698628994,1000,1
1061,28633190847894,1790295478480541853,1790295478480000000,152377009523149,152377009524678,1790295478703628526,1000,1
1062,28633196232116,1790295478485890520,1790295478486000000,152377014523149,152377014524982,1790295478708629120,1000,1
1063,28633202813042,1790295478492344112,1790295478492000000,152377019523149,152377019523863,1790295478713626879,1000,1
1064,28633208271746,1790295478497898742,1790295478498000000,152377024523149,152377024523796,1790295478718626812,1000,1
1065,28633210587116,1790295478500224520,1790295478500000000,152377029523149,152377029523731,1790295478723626737,1000,1
1066,28633216257153,1790295478505895001,1790295478506000000,152377034523149,152377034524746,1790295478728628684,1000,1
1067,28633220201709,1790295478509897520,1790295478510000000,152377039523149,152377039525971,1790295478733630160,1000,1
1068,28633226073783,1790295478515654335,1790295478515000000,152377044523149,152377044525564,1790295478738630053,1000,1
1069,28633232266153,1790295478521894372,1790295478522000000,152377049523149,152377049525298,1790295478743629477,1000,1
1070,28633236293412,1790295478525765890,1790295478526000000,152377054523149,152377054525863,1790295478748630332,1000,1
1071,28633240254264,1790295478529907335,1790295478530000000,152377059523149,152377059525665,1790295478753629834,1000,1
1072,28633245928227,1790295478535609927,1790295478535000000,152377064523149,152377064525639,1790295478758630419,1000,1
1073,28633252329820,1790295478541910594,1790295478542000000,152377069523149,152377069525935,1790295478763630103,1000,1
1074,28633256264968,1790295478545895779,1790295478546000000,152377074523149,152377074525206,1790295478768628734,1000,1
1075,28633260249746,1790295478549896964,1790295478550000000,152377079523149,152377079525941,1790295478773630390,1000,1
1076,28633268191672,1790295478557886853,1790295478558000000,152377084523149,152377084524752,1790295478778629301,1000,1
1077,28633269854227,1790295478559520446,1790295478559000000,152377089523149,152377089526228,1790295478783630427,1000,1
1078,28633276300561,1790295478565914779,1790295478566000000,152377094523149,152377094525321,1790295478788628858,1000,1
1079,28633280230338,1790295478569896557,1790295478570000000,152377099523149,152377099526156,1790295478793630415,1000,1
1080,28633288253931,1790295478577905038,1790295478578000000,152377104523149,152377104525939,1790295478798630097,1000,1
1081,28633292381301,1790295478581892520,1790295478582000000,152377109523149,152377109526343,1790295478803630581,1000,1
1082,28633296316635,1790295478585901557,1790295478586000000,152377114523149,152377114525265,1790295478808630185,1000,1
1083,28633303416598,1790295478593051890,1790295478593000000,152377119523149,152377119526370,1790295478813630659,1000,1
1084,28633308238153,1790295478597894261,1790295478598000000,152377124523149,152377124525953,1790295478818630452,1000,1
1085,28633312168153,1790295478601897298,1790295478602000000,152377129523149,152377129525685,1790295478823629854,1000,1
1086,28633315790153,1790295478604764038,1790295478605000000,152377134523149,152377134525370,1790295478828630190,1000,1
1087,28633320296968,1790295478609897372,1790295478610000000,152377139523149,152377139525664,1790295478833629872,1000,1
1088,28633325954561,1790295478615557112,1790295478615000000,152377144523149,152377144525887,1790295478838630036,1000,1
1089,28633332239561,1790295478621898038,1790295478622000000,152377149523149,152377149525370,1790295478843628897,1000,1
1090,28633336224561,1790295478625906186,1790295478626000000,152377154523149,152377154525543,1790295478848629101,1000,1
1091,28633340385487,1790295478629916298,1790295478630000000,152377159523149,152377159526127,1790295478853630326,1000,1
1092,28633348336412,1790295478637910372,1790295478638000000,152377164523149,152377164525960,1790295478858630429,1000,1
1093,28633352264486,1790295478641909705,1790295478642000000,152377169523149,152377169525993,1790295478863630192,1000,1
1094,28633356172709,1790295478645891446,1790295478646000000,152377174523149,152377174525135,1790295478868628693,1000,1
1095,28633364327672,1790295478653911631,1790295478654000000,152377179523149,152377179526413,1790295478873630642,1000,1
1096,28633368258561,1790295478657895705,1790295478658000000,152377184523149,152377184525575,1790295478878630345,1000,1
1097,28633371932931,1790295478661578112,1790295478661000000,152377189523149,152377189526259,1790295478883630458,1000,1
1098,28633376231042,1790295478665898742,1790295478666000000,152377194523149,152377194525000,1790295478888630241,1000,1
1099,28633380163412,1790295478669886520,1790295478670000000,152377199523149,152377199526308,1790295478893630557,1000,1
1100,28633388388190,1790295478677909001,1790295478678000000,152377204523149,152377204525901,1790295478898630250,1000,1
1101,28633392264412,1790295478681897001,1790295478682000000,152377209523149,152377209524742,1790295478903628580,1000,1
1102,28633396250190,1790295478685902557,1790295478686000000,152377214523149,152377214525416,1790295478908629885,1000,1
1103,28633400198598,1790295478689898964,1790295478690000000,152377219523149,152377219524690,1790295478913628308,1000,1
1104,28633406539820,1790295478696122446,1790295478696000000,152377224523149,152377224525675,1790295478918630185,1000,1
1105,28633412291412,1790295478701907223,1790295478702000000,152377229523149,152377229526180,1790295478923630328,1000,1
1106,28633416310412,1790295478705027705,1790295478706000000,152377234523149,152377234525553,1790295478928629140,1000,1
1107,28633420242857,1790295478709907927,1790295478710000000,152377239523149,152377239526007,1790295478933630166,1000,1
1108,28633427670857,1790295478717150668,1790295478717000000,152377244523149,152377244525820,1790295478938629999,1000,1
1109,28633432302820,1790295478721907964,1790295478722000000,152377249523149,152377249524831,1790295478943629371,1000,1
1110,28633436326264,1790295478725907927,1790295478726000000,152377254523149,152377254525135,1790295478948628703,1000,1
1111,28633440259227,1790295478729900631,1790295478730000000,152377259523149,152377259525691,1790295478953629960,1000,1
1112,28633448207042,1790295478737894964,1790295478738000000,152377264523149,152377264526466,1790295478958630684,1000,1
1113,28633450172857,1790295478739763335,1790295478740000000,152377269523149,152377269524715,1790295478963628193,1000,1
1114,28633456339338,1790295478745912446,1790295478746000000,152377274523149,152377274524839,1790295478968628757,1000,1
1115,28633460282857,1790295478749910335,1790295478750000000,152377279523149,152377279526205,1790295478973630393,1000,1
1116,28633466286227,1790295478755915557,1790295478756000000,152377284523149,152377284526220,1790295478978630399,1000,1
1117,28633472257227,1790295478761895446,1790295478762000000,152377289523149,152377289525722,1790295478983629210,1000,1
1118,28633476321412,1790295478765906668,1790295478766000000,152377294523149,152377294524142,1790295478988627720,1000,1
1119,28633480242783,1790295478769911297,1790295478770000000,152377299523149,152377299526251,1790295478993630430,1000,1
1120,28633488250598,1790295478777893742,1790295478778000000,152377304523149,152377304525874,1790295478998630353,1000,1
1121,28633492172672,1790295478781898446,1790295478782000000,152377309523149,152377309528732,1790295479003632290,1000,1
1122,28633494839672,1790295478784512520,1790295478784000000,152377314523149,152377314526211,1790295479008630510,1000,1
1123,28633500300968,1790295478789897779,1790295478790000000,152377319523149,152377319525174,1790295479013628712,1000,1
1124,28633508286449,1790295478797904557,1790295478798000000,152377324523149,152377324526089,1790295479018630288,1000,1
1125,28633512174968,1790295478801892964,1790295478802000000,152377329523149,152377329524730,1790295479023629199,1000,1
1126,28633516203857,1790295478805900557,1790295478806000000,152377334523149,152377334526556,1790295479028630785,1000,1
1127,28633520328079,1790295478809906742,1790295478810000000,152377339523149,152377339528423,1790295479033632582,1000,1
1128,28633527376264,1790295478816972112,1790295478817000000,152377344523149,152377344526074,1790295479038630272,1000,1
1129,28633532339412,1790295478821914668,1790295478822000000,152377349523149,152377349526267,1790295479043630456,1000,1
1130,28633536251079,1790295478825897038,1790295478826000000,152377354523149,152377354526260,1790295479048630479,1000,1
1131,28633541089005,1790295478830647668,1790295478830000000,152377359523149,152377359526133,1790295479053630392,1000,1
1132,28633548349042,1790295478837909260,1790295478838000000,152377364523149,152377364525638,1790295479058629756,1000,1
1133,28633551184820,1790295478840714446,1790295478841000000,152377369523149,152377369525481,1790295479063629699,1000,1
1134,28633556243968,1790295478845890297,1790295478846000000,152377374523149,152377374525043,1790295479068629171,1000,1
1135,28633560154042,1790295478849890112,1790295478850000000,152377379523149,152377379525517,1790295479073629054,1000,1
1136,28633568316227,1790295478857898260,1790295478858000000,152377384523149,152377384525672,1790295479078630111,1000,1
1137,28633569883597,1790295478859389483,1790295478859000000,152377389523149,152377389525235,1790295479083628782,1000,1
1138,28633576256079,1790295478865897038,1790295478866000000,152377394523149,152377394526250,1790295479088630388,1000,1
1139,28633580163486,1790295478869891371,1790295478870000000,152377399523149,152377399524800,1790295479093628648,1000,1
1140,28633585856746,1790295478875471742,1790295478875000000,152377404523149,152377404525867,1790295479098630356,1000,1
1141,28633592223264,1790295478881894075,1790295478882000000,152377409523149,152377409524808,1790295479103628666,1000,1
1142,28633595919301,1790295478885551038,1790295478885000000,152377414523149,152377414525393,1790295479108629852,1000,1
1143,28633600347894,1790295478889899260,1790295478890000000,152377419523149,152377419525025,1790295479113628552,1000,1
1144,28633606679857,1790295478896318779,1790295478896000000,152377424523149,152377424525399,1790295479118629848,1000,1
1145,28633612243672,1790295478901900779,1790295478902000000,152377429523149,152377429525985,1790295479123630144,1000,1
1146,28633616163153,1790295478905890631,1790295478906000000,152377434523149,152377434525868,1790295479128630428,1000,1
1147,28633620382894,1790295478909917186,1790295478910000000,152377439523149,152377439525932,1790295479133630401,1000,1
1148,28633628261597,1790295478917893260,1790295478918000000,152377444523149,152377444525163,1790295479138629723,1000,1
1149,28633629734486,1790295478919392112,1790295478919000000,152377449523149,152377449525609,1790295479143630048,1000,1
1150,28633636227005,1790295478925900223,1790295478926000000,152377454523149,152377454525282,1790295479148628779,1000,1
1151,28633640191449,1790295478929891446,1790295478930000000,152377459523149,152377459525996,1790295479153630185,1000,1
1152,28633645478672,1790295478935033964,1790295478935000000,152377464523149,152377464526059,1790295479158630308,1000,1
1153,28633652330968,1790295478941897038,1790295478942000000,152377469523149,152377469525684,1790295479163629853,1000,1
1154,28633656292153,1790295478945898705,1790295478946000000,152377474523149,152377474526188,1790295479168630427,1000,1
1155,28633660248449,1790295478949909705,1790295478950000000,152377479523149,152377479526332,1790295479173630550,1000,1
1156,28633666841634,1790295478956378445,1790295478956000000,152377484523149,152377484526175,1790295479178630363,1000,1
1157,28633672284375,1790295478961912223,1790295478962000000,152377489523149,152377489525979,1790295479183630198,1000,1
1158,28633675119560,1790295478964656779,1790295478964000000,152377494523149,152377494526033,1790295479188630201,1000,1
1159,28633680228857,1790295478969892964,1790295478970000000,152377499523149,152377499524994,1790295479193628942,1000,1
1160,28633686898190,1790295478976484038,1790295478976000000,152377504523149,152377504523775,1790295479198626791,1000,1
1161,28633692290671,1790295478981898483,1790295478982000000,152377509523149,152377509525212,1790295479203628740,1000,1
1162,28633695628042,1790295478985268705,1790295478985000000,152377514523149,152377514525296,1790295479208629154,1000,1
1163,28633700240227,1790295478989892668,1790295478990000000,152377519523149,152377519525720,1790295479213629928,1000,1
1164,28633708196820,1790295478997895149,1790295478998000000,152377524523149,152377524525352,1790295479218630242,1000,1
1165,28633714883375,1790295479004455594,1790295479004000000,152377529523149,152377529525067,1790295479223628724,1000,1
1166,28633716248412,1790295479005904594,1790295479006000000,152377534523149,152377534525891,1790295479228630110,1000,1
1167,28633719889486,1790295479009560853,1790295479009000000,152377539523149,152377539525574,1790295479233629081,1000,1
1168,28633728219375,1790295479017888075,1790295479018000000,152377544523149,152377544526028,1790295479238630217,1000,1
1169,28633731102338,1790295479020627816,1790295479020000000,152377549523149,152377549526153,1790295479243630322,1000,1
1170,28633736304560,1790295479025899223,1790295479026000000,152377554523149,152377554525255,1790295479248628752,1000,1
1171,28633740079264,1790295479029659112,1790295479029000000,152377559523149,152377559525458,1790295479253628996,1000,1
1172,28633748236301,1790295479037891038,1790295479038000000,152377564523149,152377564525712,1790295479258629991,1000,1
1173,28633752166264,1790295479041886890,1790295479042000000,152377569523149,152377569524714,1790295479263628251,1000,1
1174,28633756368746,1790295479045926853,1790295479046000000,152377574523149,152377574525751,1790295479268629930,1000,1
1175,28633760263894,1790295479049899186,1790295479050000000,152377579523149,152377579526556,1790295479273630795,1000,1
1176,28633768249042,1790295479057894742,1790295479058000000,152377584523149,152377584524766,1790295479278628614,1000,1
1177,28633772160153,1790295479061887557,1790295479062000000,152377589523149,152377589524749,1790295479283628597,1000,1
1178,28633776183931,1790295479065670408,1790295479066000000,152377594523149,152377594524672,1790295479288628881,1000,1
1179,28633780308449,1790295479069899927,1790295479070000000,152377599523149,152377599524795,1790295479293628934,1000,1
1180,28633788339708,1790295479077832668,1790295479078000000,152377604523149,152377604525690,1790295479298629919,1000,1
1181,28633790200449,1790295479079872482,1790295479080000000,152377609523149,152377609524742,1790295479303628610,1000,1
1182,28633795837523,1790295479085552297,1790295479085000000,152377614523149,152377614526110,1790295479308630299,1000,1
1183,28633800342301,1790295479089909964,1790295479090000000,152377619523149,152377619525362,1790295479313629560,1000,1
1184,28633806981708,1790295479096526112,1790295479096000000,152377624523149,152377624525655,1790295479318630175,1000,1
1185,28633809953597,1790295479099554149,1790295479099000000,152377629523149,152377629525448,1790295479323630268,1000,1
1186,28633816231153,1790295479105891445,1790295479106000000,152377634523149,152377634525461,1790295479328629009,1000,1
1187,28633819765264,1790295479109456260,1790295479109000000,152377639523149,152377639525254,1790295479333629102,1000,1
1188,28633828371264,1790295479117906482,1790295479118000000,152377644523149,152377644526059,1790295479338630257,1000,1
1189,28633832305857,1790295479121903816,1790295479122000000,152377649523149,152377649526162,1790295479343630331,1000,1
1190,28633836236227,1790295479125896964,1790295479126000000,152377654523149,152377654525747,1790295479348629965,1000,1
1191,28633840199190,1790295479129891631,1790295479130000000,152377659523149,152377659526111,1790295479353630289,1000,1
1192,28633848334264,1790295479137901038,1790295479138000000,152377664523149,152377664525903,1790295479358630272,1000,1
1193,28633852248153,1790295479141910927,1790295479142000000,152377669523149,152377669525616,1790295479363629805,1000,1
1194,28633855076153,1790295479144753556,1790295479144000000,152377674523149,152377674526000,1790295479368630239,1000,1
1195,28633860219301,1790295479149889556,1790295479150000000,152377679523149,152377679526474,1790295479373630693,1000,1
1196,28633867601708,1790295479157184186,1790295479157000000,152377684523149,152377684525285,1790295479378628822,1000,1
1197,28633872280227,1790295479161900445,1790295479162000000,152377689523149,152377689526250,1790295479383630448,1000,1
1198,28633877228597,1790295479166894297,1790295479167000000,152377694523149,152377694525822,1790295479388630031,1000,1
1199,28633880233745,1790295479169897075,1790295479170000000,152377699523149,152377699525437,1790295479393630237,1000,1
1200,28633888244116,1790295479177900594,1790295479178000000,152377704523149,152377704525661,1790295479398629869,1000,1
1201,28633892351486,1790295479181924112,1790295479182000000,152377709523149,152377709525984,1790295479403630464,1000,1
1202,28633896202931,1790295479185767742,1790295479186000000,152377714523149,152377714525437,1790295479408630026,1000,1
1203,28633900771857,1790295479190324964,1790295479190000000,152377719523149,152377719525392,1790295479413629540,1000,1
1204,28633908184190,1790295479197887408,1790295479198000000,152377724523149,152377724526187,1790295479418630345,1000,1
1205,28633911837153,1790295479201425149,1790295479201000000,152377729523149,152377729526230,1790295479423630408,1000,1
1206,28633917365857,1790295479206988631,1790295479207000000,152377734523149,152377734524721,1790295479428628659,1000,1
1207,28633920211931,1790295479209897927,1790295479210000000,152377739523149,152377739525286,1790295479433628874,1000,1
1208,28633927377671,1790295479217018482,1790295479217000000,152377744523149,152377744525991,1790295479438630200,1000,1
1209,28633932153819,1790295479221886890,1790295479222000000,152377749523149,152377749525423,1790295479443629081,1000,1
1210,28633936342190,1790295479225904927,1790295479226000000,152377754523149,152377754525817,1790295479448629976,1000,1
1211,28633940261819,1790295479229914075,1790295479230000000,152377759523149,152377759525432,1790295479453629660,1000,1
1212,28633945125264,1790295479234739482,1790295479235000000,152377764523149,152377764526527,1790295479458630706,1000,1
1213,28633952206968,1790295479241891297,1790295479242000000,152377769523149,152377769524817,1790295479463628344,1000,1
1214,28633956216079,1790295479245712297,1790295479246000000,152377774523149,152377774525992,1790295479468630201,1000,1
1215,28633960310375,1790295479249903260,1790295479250000000,152377779523149,152377779525817,1790295479473630086,1000,1
1216,28633967294190,1790295479256891927,1790295479257000000,152377784523149,152377784523817,1790295479478627264,1000,1
1217,28633972218412,1790295479261888223,1790295479262000000,152377789523149,152377789525844,1790295479483630002,1000,1
1218,28633976154338,1790295479265886075,1790295479266000000,152377794523149,152377794525947,1790295479488630166,1000,1
1219,28633980339894,1790295479269906816,1790295479270000000,152377799523149,152377799526121,1790295479493630329,1000,1
1220,28633988307931,1790295479277899445,1790295479278000000,152377804523149,152377804525445,1790295479498630275,1000,1
1221,28633990747597,1790295479280297742,1790295479280000000,152377809523149,152377809525077,1790295479503629516,1000,1
1222,28633996199708,1790295479285887630,1790295479286000000,152377814523149,152377814526162,1790295479508630331,1000,1
1223,28634000191301,1790295479289884519,1790295479290000000,152377819523149,152377819525396,1790295479513629715,1000,1
1224,28634008322042,1790295479297895001,1790295479298000000,152377824523149,152377824526641,1790295479518630870,1000,1
1225,28634012638634,1790295479301890853,1790295479302000000,152377829523149,152377829526204,1790295479523630432,1000,1
1226,28634016218708,1790295479305900001,1790295479306000000,152377834523149,152377834525315,1790295479528628953,1000,1
1227,28634020195782,1790295479309886038,1790295479310000000,152377839523149,152377839523687,1790295479533626713,1000,1
1228,28634028338745,1790295479317901668,1790295479318000000,152377844523149,152377844523590,1790295479538626616,1000,1
1229,28634032290782,1790295479321892890,1790295479322000000,152377849523149,152377849523854,1790295479543626870,1000,1
1230,28634036254486,1790295479325897742,1790295479326000000,152377854523149,152377854525440,1790295479548629658,1000,1
1231,28634040175042,1790295479329888223,1790295479330000000,152377859523149,152377859526274,1790295479553630483,1000,1
1232,28634045826079,1790295479335534075,1790295479335000000,152377864523149,152377864526019,1790295479558630148,1000,1
1233,28634052314338,1790295479341902593,1790295479342000000,152377869523149,152377869525431,1790295479563629630,1000,1
1234,28634056242079,1790295479345892445,1790295479346000000,152377874523149,152377874526006,1790295479568630475,1000,1
1235,28634060238116,1790295479349896001,1790295479350000000,152377879523149,152377879526119,1790295479573630368,1000,1
1236,28634068322375,1790295479357904816,1790295479358000000,152377884523149,152377884525703,1790295479578629952,1000,1
1237,28634072337301,1790295479361900964,1790295479362000000,152377889523149,152377889525837,1790295479583630076,1000,1
1238,28634076217412,1790295479365897593,1790295479366000000,152377894523149,152377894525980,1790295479588630139,1000,1
1239,28634080967042,1790295479369998816,1790295479370000000,152377899523149,152377899525693,1790295479593630242,1000,1
1240,28634088266005,1790295479377898408,1790295479378000000,152377904523149,152377904525668,1790295479598629907,1000,1
1241,28634091169449,1790295479380685149,1790295479381000000,152377909523149,152377909525170,1790295479603629429,1000,1
1242,28634096240745,1790295479385890371,1790295479386000000,152377914523149,152377914526115,1790295479608630304,1000,1
1243,28634102688412,1790295479392263667,1790295479392000000,152377919523149,152377919524786,1790295479613628293,1000,1
1244,28634108293523,1790295479397897630,1790295479398000000,152377924523149,152377924526013,1790295479618630222,1000,1
1245,28634112233079,1790295479401893260,1790295479402000000,152377929523149,152377929525415,1790295479623630175,1000,1
1246,28634116286412,1790295479405896519,1790295479406000000,152377934523149,152377934533193,1790295479628636941,1000,1
1247,28634130296116,1790295479419858260,1790295479420000000,152377939523149,152377939524069,1790295479633628348,1000,1
1248,28634130930375,1790295479420561556,1790295479420000000,152377944523149,152377944523713,1790295479638626730,1000,1
1249,28634132201079,1790295479421812075,1790295479422000000,152377949523149,152377949523796,1790295479643626813,1000,1
1250,28634136203005,1790295479425555408,1790295479426000000,152377954523149,152377954523479,1790295479648626435,1000,1
1251,28634140243338,1790295479429897445,1790295479430000000,152377959523149,152377959523813,1790295479653626829,1000,1
1252,28634147665301,1790295479437170482,1790295479437000000,152377964523149,152377964525822,1790295479658630130,1000,1
1253,28634152302856,1790295479441893927,1790295479442000000,152377969523149,152377969524763,1790295479663628280,1000,1
1254,28634156201153,1790295479445892149,1790295479446000000,152377974523149,152377974524806,1790295479668628684,1000,1
1255,28634160365819,1790295479449920779,1790295479450000000,152377979523149,152377979525520,1790295479673629028,1000,1
1256,28634168248856,1790295479457893927,1790295479458000000,152377984523149,152377984525475,1790295479678629003,1000,1
1257,28634170000597,1790295479459381890,1790295479459000000,152377989523149,152377989524968,1790295479683628455,1000,1
1258,28634176282079,1790295479465898112,1790295479466000000,152377994523149,152377994526143,1790295479688630402,1000,1
1259,28634180282042,1790295479469893075,1790295479470000000,152377999523149,152377999526066,1790295479693630225,1000,1
1260,28634188366486,1790295479477896075,1790295479478000000,152378004523149,152378004525588,1790295479698629797,1000,1
1261,28634189804264,1790295479479472519,1790295479479000000,152378009523149,152378009525062,1790295479703629261,1000,1
1262,28634196239560,1790295479485894223,1790295479486000000,152378014523149,152378014525516,1790295479708630025,1000,1
1263,28634200202375,1790295479489885075,1790295479490000000,152378019523149,152378019525179,1790295479713629347,1000,1
1265,28634212341967,1790295479501899630,1790295479502000000,152378029523149,152378029525828,1790295479723630177,1000,1
1266,28634215141227,1790295479504581667,1790295479505000000,152378034523149,152378034525160,1790295479728629278,1000,1
1267,28634220217893,1790295479509891853,1790295479510000000,152378039523149,152378039524682,1790295479733628200,1000,1
1268,28634227088264,1790295479516409408,1790295479516000000,152378044523149,152378044526028,1790295479738630167,1000,1
1269,28634232294930,1790295479521913816,1790295479522000000,152378049523149,152378049526324,1790295479743630543,1000,1
1270,28634237118930,1790295479525895964,1790295479526000000,152378054523149,152378054524694,1790295479748628853,1000,1
1271,28634240246449,1790295479529897297,1790295479530000000,152378059523149,152378059525849,1790295479753630148,1000,1
1272,28634246747893,1790295479536445853,1790295479536000000,152378064523149,152378064526033,1790295479758630322,1000,1
1273,28634252307597,1790295479541899482,1790295479542000000,152378069523149,152378069525076,1790295479763629255,1000,1
1274,28634256195523,1790295479545893630,1790295479546000000,152378074523149,152378074526412,1790295479768630651,1000,1
1275,28634260383116,1790295479549779112,1790295479550000000,152378079523149,152378079525053,1790295479773630313,1000,1
1276,28634268339819,1790295479557907556,1790295479558000000,152378084523149,152378084526098,1790295479778630327,1000,1
1277,28634271653116,1790295479560555186,1790295479561000000,152378089523149,152378089525522,1790295479783629760,1000,1
1278,28634276220560,1790295479565900038,1790295479566000000,152378094523149,152378094525264,1790295479788629663,1000,1
1279,28634280143597,1790295479569890890,1790295479570000000,152378099523149,152378099525418,1790295479793628915,1000,1
1280,28634288338523,1790295479577912482,1790295479578000000,152378104523149,152378104525281,1790295479798629489,1000,1
1281,28634292252745,1790295479581896853,1790295479582000000,152378109523149,152378109525234,1790295479803629473,1000,1
1282,28634296251523,1790295479585898667,1790295479586000000,152378114523149,152378114525710,1790295479808630169,1000,1
1283,28634300175190,1790295479589901445,1790295479590000000,152378119523149,152378119524762,1790295479813628299,1000,1
1284,28634304950412,1790295479594517297,1790295479594000000,152378124523149,152378124525526,1790295479818630005,1000,1
1285,28634312313190,1790295479601917334,1790295479602000000,152378129523149,152378129526161,1790295479823630309,1000,1
1286,28634316252930,1790295479605763964,1790295479606000000,152378134523149,152378134526114,1790295479828630473,1000,1
1287,28634320234634,1790295479609896038,1790295479610000000,152378139523149,152378139525105,1790295479833628672,1000,1
1288,28634328439560,1790295479617908927,1790295479618000000,152378144523149,152378144525208,1790295479838628786,1000,1
1289,28634332279560,1790295479621910408,1790295479622000000,152378149523149,152378149525172,1790295479843628689,1000,1
1290,28634336245375,1790295479625910593,1790295479626000000,152378154523149,152378154525788,1790295479848630117,1000,1
1291,28634340265967,1790295479629897890,1790295479630000000,152378159523149,152378159525511,1790295479853629720,1000,1
1292,28634364264116,1790295479653894038,1790295479654000000,152378164523149,152378164526145,1790295479858630334,1000,1
1293,28634368967078,1790295479658648038,1790295479658000000,152378169523149,152378169524225,1790295479863627702,1000,1
1294,28634369207967,1790295479658729852,1790295479659000000,152378174523149,152378174524749,1790295479868628607,1000,1
1295,28634369405523,1790295479658730112,1790295479659000000,152378179523149,152378179525694,1790295479873629843,1000,1
1296,28634369564449,1790295479659060408,1790295479659000000,152378184523149,152378184525878,1790295479878630207,1000,1
1297,28634372187782,1790295479661901038,1790295479662000000,152378189523149,152378189524949,1790295479883629078,1000,1
1298,28634376321375,1790295479665908667,1790295479666000000,152378194523149,152378194525596,1790295479888629774,1000,1
1299,28634380253893,1790295479669896704,1790295479670000000,152378199523149,152378199525509,1790295479893629998,1000,1
1300,28634388295893,1790295479677898408,1790295479678000000,152378204523149,152378204525452,1790295479898629640,1000,1
1301,28634392239190,1790295479681894667,1790295479682000000,152378209523149,152378209525365,1790295479903629483,1000,1
1302,28634395129708,1790295479684656741,1790295479685000000,152378214523149,152378214526340,1790295479908630588,1000,1
1303,28634400355153,1790295479689911334,1790295479690000000,152378219523149,152378219525060,1790295479913629229,1000,1
1304,28634406751412,1790295479695963297,1790295479696000000,152378224523149,152378224525835,1790295479918630404,1000,1
1305,28634412203597,1790295479701889964,1790295479702000000,152378229523149,152378229526039,1790295479923630227,1000,1
1306,28634416221486,1790295479705886334,1790295479706000000,152378234523149,152378234525912,1790295479928630431,1000,1
1307,28634420335338,1790295479709919741,1790295479710000000,152378239523149,152378239524755,1790295479933628633,1000,1
1308,28634428261153,1790295479717896630,1790295479718000000,152378244523149,152378244525479,1790295479938629638,1000,1
1309,28634432269930,1790295479721909482,1790295479722000000,152378249523149,152378249525423,1790295479943629020,1000,1
1310,28634436169634,1790295479725895075,1790295479726000000,152378254523149,152378254524855,1790295479948629144,1000,1
1311,28634441011115,1790295479729992038,1790295479730000000,152378259523149,152378259524980,1790295479953629560,1000,1
1312,28634447654227,1790295479737281704,1790295479737000000,152378264523149,152378264526186,1790295479958630645,1000,1
1313,28634451783745,1790295479740969704,1790295479741000000,152378269523149,152378269525387,1790295479963629646,1000,1
1314,28634456206115,1790295479745897186,1790295479746000000,152378274523149,152378274525771,1790295479968629960,1000,1
1315,28634460155004,1790295479749889001,1790295479750000000,152378279523149,152378279526348,1790295479973630586,1000,1
1316,28634468334264,1790295479757912149,1790295479758000000,152378284523149,152378284526000,1790295479978630209,1000,1
1317,28634472255115,1790295479761897519,1790295479762000000,152378289523149,152378289524651,1790295479983628108,1000,1
1318,28634476061115,1790295479765669741,1790295479765000000,152378294523149,152378294523894,1790295479988626920,1000,1
1319,28634480177041,1790295479769895482,1790295479770000000,152378299523149,152378299523887,1790295479993626904,1000,1
1320,28634485189078,1790295479774758297,1790295479775000000,152378304523149,152378304523840,1790295479998626867,1000,1
1321,28634492298560,1790295479781912482,1790295479782000000,152378309523149,152378309523904,1790295480003626920,1000,1
1322,28634496246264,1790295479785668075,1790295479786000000,152378314523149,152378314523857,1790295480008626883,1000,1
1323,28634500259856,1790295479789895149,1790295479790000000,152378319523149,152378319524723,1790295480013628902,1000,1
1324,28634507631967,1790295479797137556,1790295479797000000,152378324523149,152378324525648,1790295480018630178,1000,1
1325,28634512390115,1790295479801896667,1790295479802000000,152378329523149,152378329525882,1790295480023630031,1000,1
1326,28634516236338,1790295479805907704,1790295479806000000,152378334523149,152378334525575,1790295480028630455,1000,1
1327,28634520248338,1790295479809896593,1790295479810000000,152378339523149,152378339524568,1790295480033628747,1000,1
1328,28634528185227,1790295479817890519,1790295479818000000,152378344523149,152378344525864,1790295480038630173,1000,1
1329,28634532321004,1790295479821905593,1790295479822000000,152378349523149,152378349526699,1790295480043630917,1000,1
1330,28634536238338,1790295479825894223,1790295479826000000,152378354523149,152378354524888,1790295480048629077,1000,1
1331,28634541150338,1790295479829906075,1790295479831000000,152378359523149,152378359525775,1790295480053629964,1000,1
1332,28634547820375,1790295479837485889,1790295479837000000,152378364523149,152378364525979,1790295480058630588,1000,1
1333,28634552212523,1790295479841895297,1790295479842000000,152378369523149,152378369523968,1790295480063627516,1000,1
1334,28634556303671,1790295479845903445,1790295479846000000,152378374523149,152378374523841,1790295480068626858,1000,1
1335,28634560260930,1790295479849898260,1790295479850000000,152378379523149,152378379523906,1790295480073626973,1000,1
1336,28634565804782,1790295479855412889,1790295479855000000,152378384523149,152378384523769,1790295480078626786,1000,1
1337,28634571910152,1790295479861497038,1790295479861000000,152378389523149,152378389525285,1790295480083629494,1000,1
1338,28634576609634,1790295479866139149,1790295479866000000,152378394523149,152378394562950,1790295480088667509,1000,1
1339,28634580329041,1790295479869903371,1790295479870000000,152378399523149,152378399526044,1790295480093630293,1000,1
1340,28634585416227,1790295479875003778,1790295479875000000,152378404523149,152378404525188,1790295480098629427,1000,1
1341,28634589887041,1790295479879530963,1790295479879000000,152378409523149,152378409525622,1790295480103630061,1000,1
1342,28634596273004,1790295479885900334,1790295479886000000,152378414523149,152378414526517,1790295480108630676,1000,1
1343,28634600378597,1790295479889900482,1790295479890000000,152378419523149,152378419524977,1790295480113629406,1000,1
1345,28634612272597,1790295479901895667,1790295479902000000,152378429523149,152378429525444,1790295480123629934,1000,1
1346,28634616192338,1790295479905889556,1790295479906000000,152378434523149,152378434524867,1790295480128629055,1000,1
1347,28634619874671,1790295479909495000,1790295479909000000,152378439523149,152378439525072,1790295480133629221,1000,1
1348,28634628259375,1790295479917896408,1790295479918000000,152378444523149,152378444525446,1790295480138629595,1000,1
1349,28634630946486,1790295479920557519,1790295479920000000,152378449523149,152378449525850,1790295480143630179,1000,1
1350,28634636295338,1790295479925897741,1790295479926000000,152378454523149,152378454524932,1790295480148629111,1000,1
1351,28634640277967,1790295479929897482,1790295479930000000,152378459523149,152378459525078,1790295480153629236,1000,1
1352,28634648247967,1790295479937886408,1790295479938000000,152378464523149,152378464525923,1790295480158630402,1000,1
1353,28634652235375,1790295479941896037,1790295479942000000,152378469523149,152378469524984,1790295480163629163,1000,1
1354,28634660338375,1790295479949897297,1790295479950000000,152378474523149,152378474525789,1790295480168630007,1000,1
1355,28634664294078,1790295479953894075,1790295479954000000,152378479523149,152378479526042,1790295480173630241,1000,1
1356,28634665897782,1790295479954983260,1790295479955000000,152378484523149,152378484526218,1790295480178630387,1000,1
1357,28634673126856,1790295479961897519,1790295479963000000,152378489523149,152378489525189,1790295480183629388,1000,1
1358,28634675813263,1790295479965535889,1790295479965000000,152378494523149,152378494525884,1790295480188630152,1000,1
1359,28634680224856,1790295479969894926,1790295479970000000,152378499523149,152378499524715,1790295480193628744,1000,1
1360,28634687366967,1790295479977007963,1790295479977000000,152378504523149,152378504525242,1790295480198629420,1000,1
1361,28634692265152,1790295479981894334,1790295479982000000,152378509523149,152378509525235,1790295480203629464,1000,1
1362,28634696255263,1790295479985896667,1790295479986000000,152378514523149,152378514525478,1790295480208630288,1000,1
1363,28634700300560,1790295479989906408,1790295479990000000,152378519523149,152378519525051,1790295480213629240,1000,1
1364,28634708194782,1790295479997891852,1790295479998000000,152378524523149,152378524524926,1790295480218629104,1000,1
1365,28634710694189,1790295480000104667,1790295480000000000,152378529523149,152378529526221,1790295480223630370,1000,1
1366,28634716295300,1790295480005892630,1790295480006000000,152378534523149,152378534525834,1790295480228630063,1000,1
1367,28634720283671,1790295480009896963,1790295480010000000,152378539523149,152378539525276,1790295480233629425,1000,1
1368,28634728341263,1790295480017902371,1790295480018000000,152378544523149,152378544525472,1790295480238629781,1000,1
1369,28634732336560,1790295480021898186,1790295480022000000,152378549523149,152378549526016,1790295480243630195,1000,1
1370,28634736229338,1790295480025898963,1790295480026000000,152378554523149,152378554525117,1790295480248629326,1000,1
1371,28634740168004,1790295480029891371,1790295480030000000,152378559523149,152378559525942,1790295480253630211,1000,1
1372,28634746753671,1790295480036318741,1790295480036000000,152378564523149,152378564525306,1790295480258629865,1000,1
1373,28634752194893,1790295480041768852,1790295480042000000,152378569523149,152378569524518,1790295480263628055,1000,1
1374,28634754934856,1790295480044559037,1790295480044000000,152378574523149,152378574524611,1790295480268628128,1000,1
1375,28634760245115,1790295480049893149,1790295480050000000,152378579523149,152378579524985,1790295480273628443,1000,1
1376,28634764669152,1790295480054365112,1790295480054000000,152378584523149,152378584525371,1790295480278629109,1000,1
1377,28634772425486,1790295480061922519,1790295480062000000,152378589523149,152378589524573,1790295480283628050,1000,1
1378,28634776311523,1790295480065906037,1790295480066000000,152378594523149,152378594525097,1790295480288628635,1000,1
1379,28634780418300,1790295480069910111,1790295480070000000,152378599523149,152378599524489,1790295480293628628,1000,1
1380,28634788353337,1790295480077899000,1790295480078000000,152378604523149,152378604524795,1790295480298628984,1000,1
1381,28634792381115,1790295480081915149,1790295480082000000,152378609523149,152378609525740,1790295480303629959,1000,1
1382,28634796250152,1790295480085902852,1790295480086000000,152378614523149,152378614524711,1790295480308629280,1000,1
1383,28634799759041,1790295480089375519,1790295480089000000,152378619523149,152378619525205,1790295480313629384,1000,1
1384,28634808296449,1790295480097894778,1790295480098000000,152378624523149,152378624524739,1790295480318628257,1000,1
1385,28634811611152,1790295480101244852,1790295480101000000,152378629523149,152378629525905,1790295480323630153,1000,1
1386,28634816203041,1790295480105889667,1790295480106000000,152378634523149,152378634525747,1790295480328629956,1000,1
1387,28634820232745,1790295480109894926,1790295480110000000,152378639523149,152378639525390,1790295480333629549,1000,1
1388,28634828332152,1790295480117893926,1790295480118000000,152378644523149,152378644526227,1790295480338630365,1000,1
1389,28634832271041,1790295480121897186,1790295480122000000,152378649523149,152378649526170,1790295480343630278,1000,1
1390,28634836329597,1790295480125915445,1790295480126000000,152378654523149,152378654524800,1790295480348628999,1000,1
1391,28634840313856,1790295480129911963,1790295480130000000,152378659523149,152378659525515,1790295480353629753,1000,1
1392,28634844958671,1790295480134497148,1790295480134000000,152378664523149,152378664526009,1790295480358630208,1000,1
1393,28634852972412,1790295480142571408,1790295480142000000,152378669523149,152378669525253,1790295480363629401,1000,1
1394,28634856201560,1790295480145751630,1790295480146000000,152378674523149,152378674525727,1790295480368629936,1000,1
1395,28634860263152,1790295480149896593,1790295480150000000,152378679523149,152378679525890,1790295480373630179,1000,1
1396,28634867629634,1790295480157090963,1790295480157000000,152378684523149,152378684524721,1790295480378628589,1000,1
1397,28634872296041,1790295480161909741,1790295480162000000,152378689523149,152378689525588,1790295480383629737,1000,1
1398,28634876286078,1790295480165913148,1790295480166000000,152378694523149,152378694525111,1790295480388629600,1000,1
1399,28634880225967,1790295480169895519,1790295480170000000,152378699523149,152378699525504,1790295480393629202,1000,1
1400,28634888262189,1790295480177904111,1790295480178000000,152378704523149,152378704524856,1790295480398629035,1000,1
1401,28634889817597,1790295480179515037,1790295480179000000,152378709523149,152378709524671,1790295480403628780,1000,1
1402,28634896276782,1790295480185900000,1790295480186000000,152378714523149,152378714525206,1790295480408629755,1000,1
1403,28634900291893,1790295480189911297,1790295480190000000,152378719523149,152378719524938,1790295480413629117,1000,1
1404,28634908356930,1790295480197900000,1790295480198000000,152378724523149,152378724525152,1790295480418629431,1000,1
1405,28634912263041,1790295480201913852,1790295480202000000,152378729523149,152378729525838,1790295480423630097,1000,1
1406,28634916234930,1790295480205898852,1790295480206000000,152378734523149,152378734525982,1790295480428630131,1000,1
1407,28634920171856,1790295480209890963,1790295480210000000,152378739523149,152378739525144,1790295480433629342,1000,1
1408,28634928333597,1790295480217902111,1790295480218000000,152378744523149,152378744525598,1790295480438629786,1000,1
1409,28634932256115,1790295480221898000,1790295480222000000,152378749523149,152378749525613,1790295480443630052,1000,1
1410,28634936246263,1790295480225904778,1790295480226000000,152378754523149,152378754524985,1790295480448629364,1000,1
1411,28634942195893,1790295480231923482,1790295480232000000,152378759523149,152378759525148,1790295480453629317,1000,1
1412,28634945980856,1790295480235655111,1790295480235000000,152378764523149,152378764525673,1790295480458629881,1000,1
1413,28634951400152,1790295480240971593,1790295480241000000,152378769523149,152378769524766,1790295480463628965,1000,1
1414,28634956273930,1790295480245897223,1790295480246000000,152378774523149,152378774525210,1790295480468629499,1000,1
1415,28634960243374,1790295480249904593,1790295480250000000,152378779523149,152378779525423,1790295480473628951,1000,1
1416,28634968175634,1790295480257890185,1790295480258000000,152378784523149,152378784525296,1790295480478628884,1000,1
1417,28634972361856,1790295480261902111,1790295480262000000,152378789523149,152378789524800,1790295480483628328,1000,1
1418,28634976227041,1790295480265897667,1790295480266000000,152378794523149,152378794525735,1790295480488629994,1000,1
1419,28634979704523,1790295480269380074,1790295480269000000,152378799523149,152378799526390,1790295480493630578,1000,1
1420,28634988245115,1790295480277891334,1790295480278000000,152378804523149,152378804525040,1790295480498629319,1000,1
1421,28634990764634,1790295480280407371,1790295480280000000,152378809523149,152378809525456,1790295480503629645,1000,1
1422,28634996348374,1790295480285897741,1790295480286000000,152378814523149,152378814526441,1790295480508630630,1000,1
1423,28635000225634,1790295480289892667,1790295480290000000,152378819523149,152378819525272,1790295480513629531,1000,1
1424,28635008233226,1790295480297889408,1790295480298000000,152378824523149,152378824524895,1790295480518628412,1000,1
1425,28635012177374,1790295480301887704,1790295480302000000,152378829523149,152378829525439,1790295480523629628,1000,1
1426,28635016335745,1790295480305904148,1790295480306000000,152378834523149,152378834644749,1790295480528748958,1000,1
1427,28635020268967,1790295480309897741,1790295480310000000,152378839523149,152378839592243,1790295480533695259,1000,1
1428,28635024849411,1790295480314523222,1790295480314000000,152378844523149,152378844523887,1790295480538626913,1000,1
1429,28635032247300,1790295480321907519,1790295480322000000,152378849523149,152378849525133,1790295480543628710,1000,1
1430,28635036275152,1790295480325712889,1790295480326000000,152378854523149,152378854525127,1790295480548629967,1000,1
1431,28635040305152,1790295480329903074,1790295480330000000,152378859523149,152378859525451,1790295480553629680,1000,1
1432,28635047582708,1790295480337084630,1790295480337000000,152378864523149,152378864526216,1790295480558630474,1000,1
1433,28635052222448,1790295480341890037,1790295480342000000,152378869523149,152378869525248,1790295480563629476,1000,1
1434,28635056188337,1790295480345903593,1790295480346000000,152378874523149,152378874525452,1790295480568629701,1000,1
1435,28635060341967,1790295480349909111,1790295480350000000,152378879523149,152378879525966,1790295480573630145,1000,1
1436,28635068254078,1790295480357906408,1790295480358000000,152378884523149,152378884525168,1790295480578628766,1000,1
1437,28635069697708,1790295480359325334,1790295480359000000,152378889523149,152378889525562,1790295480583629791,1000,1
1438,28635076276078,1790295480365898074,1790295480366000000,152378894523149,152378894525878,1790295480588630057,1000,1
1439,28635080209004,1790295480369903482,1790295480370000000,152378899523149,152378899525861,1790295480593630350,1000,1
1440,28635088335337,1790295480377899593,1790295480378000000,152378904523149,152378904524962,1790295480598629101,1000,1
1441,28635092575560,1790295480381910482,1790295480382000000,152378909523149,152378909525447,1790295480603629635,1000,1
1442,28635095981522,1790295480385648852,1790295480385000000,152378914523149,152378914525400,1790295480608630159,1000,1
1443,28635100187448,1790295480389893445,1790295480390000000,152378919523149,152378919524661,1790295480613628820,1000,1
1444,28635108336819,1790295480397900815,1790295480398000000,152378924523149,152378924525316,1790295480618629484,1000,1
1445,28635112290152,1790295480401892519,1790295480402000000,152378929523149,152378929525700,1790295480623630029,1000,1
1446,28635115208411,1790295480404748852,1790295480405000000,152378934523149,152378934525143,1790295480628629462,1000,1
1447,28635120221300,1790295480409894259,1790295480410000000,152378939523149,152378939524075,1790295480633628373,1000,1
1448,28635126120856,1790295480415656778,1790295480415000000,152378944523149,152378944523807,1790295480638626824,1000,1
1449,28635132312078,1790295480421900111,1790295480422000000,152378949523149,152378949523871,1790295480643626898,1000,1
1450,28635136238263,1790295480425895778,1790295480426000000,152378954523149,152378954523795,1790295480648626822,1000,1
1451,28635140265967,1790295480429907037,1790295480430000000,152378959523149,152378959523889,1790295480653626905,1000,1
1452,28635148211226,1790295480437890445,1790295480438000000,152378964523149,152378964523681,1790295480658626698,1000,1
1453,28635152342115,1790295480441917704,1790295480442000000,152378969523149,152378969524747,1790295480663628315,1000,1
1454,28635156278115,1790295480445907222,1790295480446000000,152378974523149,152378974523910,1790295480668626936,1000,1
1455,28635160233374,1790295480449761222,1790295480450000000,152378979523149,152378979525817,1790295480673630116,1000,1
1456,28635168208337,1790295480457888852,1790295480458000000,152378984523149,152378984524708,1790295480678628536,1000,1
1457,28635171112708,1790295480460540037,1790295480460000000,152378989523149,152378989524631,1790295480683628198,1000,1
1458,28635176273671,1790295480465895926,1790295480466000000,152378994523149,152378994525887,1790295480688630446,1000,1
1459,28635180257522,1790295480469890074,1790295480470000000,152378999523149,152378999523708,1790295480693626734,1000,1
1460,28635188345041,1790295480477893371,1790295480478000000,152379004523149,152379004524062,1790295480698627579,1000,1
1461,28635189992374,1790295480479645259,1790295480479000000,152379009523149,152379009524726,1790295480703628244,1000,1
1462,28635196253337,1790295480485895815,1790295480486000000,152379014523149,152379014526273,1790295480708630441,1000,1
1463,28635200169041,1790295480489888148,1790295480490000000,152379019523149,152379019524815,1790295480713629024,1000,1
1464,28635204759004,1790295480494391111,1790295480494000000,152379024523149,152379024525301,1790295480718629529,1000,1
1465,28635212311263,1790295480501899111,1790295480502000000,152379029523149,152379029525985,1790295480723630134,1000,1
1466,28635216222226,1790295480505679259,1790295480506000000,152379034523149,152379034525688,1790295480728630127,1000,1
1467,28635220224708,1790295480509894445,1790295480510000000,152379039523149,152379039524699,1790295480733628206,1000,1
1468,28635227690893,1790295480517265852,1790295480517000000,152379044523149,152379044524572,1790295480738628801,1000,1
1469,28635232295708,1790295480521897482,1790295480522000000,152379049523149,152379049525667,1790295480743629165,1000,1
1470,28635236224782,1790295480525893778,1790295480526000000,152379054523149,152379054524519,1790295480748628077,1000,1
1471,28635240263337,1790295480529898000,1790295480530000000,152379059523149,152379059577614,1790295480753682083,1000,1
1472,28635248189522,1790295480537888556,1790295480538000000,152379064523149,152379064527001,1790295480758631099,1000,1
1473,28635250173374,1790295480539763741,1790295480540000000,152379069523149,152379069524179,1790295480763627656,1000,1
1474,28635256310559,1790295480545904926,1790295480546000000,152379074523149,152379074524684,1790295480768628171,1000,1
1475,28635260315893,1790295480549892704,1790295480550000000,152379079523149,152379079525519,1790295480773630249,1000,1
1476,28635268284115,1790295480557896815,1790295480558000000,152379084523149,152379084526064,1790295480778630152,1000,1
1477,28635272200115,1790295480561893296,1790295480562000000,152379089523149,152379089525155,1790295480783629314,1000,1
1478,28635276315856,1790295480565900667,1790295480566000000,152379094523149,152379094525409,1790295480788629567,1000,1
1479,28635280245671,1790295480569896074,1790295480570000000,152379099523149,152379099525905,1790295480793630434,1000,1
1480,28635288254004,1790295480577893519,1790295480578000000,152379104523149,152379104524616,1790295480798628775,1000,1
1481,28635292168374,1790295480581887667,1790295480582000000,152379109523149,152379109525701,1790295480803629920,1000,1
1482,28635295174856,1790295480584648741,1790295480585000000,152379114523149,152379114525704,1790295480808630194,1000,1
1483,28635300290485,1790295480589899852,1790295480590000000,152379119523149,152379119524878,1790295480813629127,1000,1
1484,28635306932226,1790295480595959704,1790295480596000000,152379124523149,152379124524841,1790295480818629330,1000,1
1485,28635312205522,1790295480601901111,1790295480602000000,152379129523149,152379129525716,1790295480823629925,1000,1
1486,28635316179115,1790295480605889111,1790295480606000000,152379134523149,152379134526110,1790295480828630319,1000,1
1487,28635320345411,1790295480609920222,1790295480610000000,152379139523149,152379139524663,1790295480833628861,1000,1
1488,28635328285411,1790295480617897185,1790295480618000000,152379144523149,152379144524626,1790295480838628173,1000,1
1489,28635332237819,1790295480621897556,1790295480622000000,152379149523149,152379149524849,1790295480843628707,1000,1
1490,28635336140485,1790295480625886667,1790295480626000000,152379154523149,152379154524863,1790295480848629171,1000,1
1491,28635339833004,1790295480629478111,1790295480629000000,152379159523149,152379159525449,1790295480853629628,1000,1
1492,28635348333856,1790295480637910074,1790295480638000000,152379164523149,152379164525693,1790295480858629972,1000,1
1493,28635351191411,1790295480640780296,1790295480641000000,152379169523149,152379169525395,1790295480863629544,1000,1
1494,28635356218041,1790295480645890889,1790295480646000000,152379174523149,152379174525158,1790295480868629377,1000,1
1495,28635360165041,1790295480649888741,1790295480650000000,152379179523149,152379179525582,1790295480873629721,1000,1
1496,28635368321596,1790295480657896000,1790295480658000000,152379184523149,152379184526028,1790295480878630117,1000,1
1497,28635372238819,1790295480661894593,1790295480662000000,152379189523149,152379189524990,1790295480883629178,1000,1
1498,28635376301708,1790295480665895889,1790295480666000000,152379194523149,152379194524983,1790295480888629141,1000,1
1499,28635380156189,1790295480669890704,1790295480670000000,152379199523149,152379199525639,1790295480893629817,1000,1
1500,28635385951930,1790295480675536148,1790295480675000000,152379204523149,152379204524981,1790295480898629139,1000,1
1501,28635392269374,1790295480681897074,1790295480682000000,152379209523149,152379209524984,1790295480903629142,1000,1
1502,28635396839485,1790295480686465519,1790295480686000000,152379214523149,152379214525759,1790295480908630188,1000,1
1503,28635400178300,1790295480689895296,1790295480690000000,152379219523149,152379219525053,1790295480913629191,1000,1
1504,28635408471485,1790295480697750852,1790295480698000000,152379224523149,152379224525366,1790295480918629675,1000,1
1505,28635412350819,1790295480701898296,1790295480702000000,152379229523149,152379229525930,1790295480923630049,1000,1
1506,28635416211411,1790295480705890000,1790295480706000000,152379234523149,152379234526425,1790295480928630573,1000,1
1507,28635420252819,1790295480709895481,1790295480710000000,152379239523149,152379239525057,1790295480933629266,1000,1
1508,28635428178707,1790295480717882852,1790295480718000000,152379244523149,152379244525241,1790295480938629410,1000,1
1509,28635430133856,1790295480719762889,1790295480720000000,152379249523149,152379249524553,1790295480943628010,1000,1
1510,28635436288707,1790295480725900148,1790295480726000000,152379254523149,152379254525007,1790295480948629186,1000,1
1511,28635440240633,1790295480729898222,1790295480730000000,152379259523149,152379259525623,1790295480953629892,1000,1
1512,28635448280485,1790295480737904148,1790295480738000000,152379264523149,152379264525446,1790295480958629695,1000,1
1513,28635452226300,1790295480741897481,1790295480742000000,152379269523149,152379269524698,1790295480963628215,1000,1
1514,28635456327448,1790295480745907667,1790295480746000000,152379274523149,152379274524861,1790295480968629140,1000,1
1515,28635460285411,1790295480749895444,1790295480750000000,152379279523149,152379279525408,1790295480973629736,1000,1
1516,28635468267856,1790295480757889074,1790295480758000000,152379284523149,152379284526002,1790295480978630261,1000,1
1517,28635472204152,1790295480761886630,1790295480762000000,152379289523149,152379289524312,1790295480983627839,1000,1
1518,28635475111819,1790295480764473778,1790295480764000000,152379294523149,152379294523774,1790295480988626800,1000,1
1519,28635480300374,1790295480769898778,1790295480770000000,152379299523149,152379299523889,1790295480993626915,1000,1
1520,28635486134633,1790295480775546852,1790295480776000000,152379304523149,152379304523802,1790295480998626819,1000,1
1521,28635492220337,1790295480781893222,1790295480782000000,152379309523149,152379309523805,1790295481003626832,1000,1
1522,28635496171782,1790295480785891296,1790295480786000000,152379314523149,152379314523658,1790295481008626675,1000,1
1523,28635500314189,1790295480789901148,1790295480790000000,152379319523149,152379319523793,1790295481013626810,1000,1
1524,28635508581967,1790295480797893741,1790295480798000000,152379324523149,152379324524889,1790295481018629207,1000,1
1525,28635512261152,1790295480801904074,1790295480802000000,152379329523149,152379329525633,1790295481023629952,1000,1
1526,28635516163041,1790295480805889815,1790295480806000000,152379334523149,152379334526177,1790295481028630426,1000,1
1527,28635521064782,1790295480810647481,1790295480810000000,152379339523149,152379339524900,1790295481033629088,1000,1
1528,28635528260485,1790295480817894593,1790295480818000000,152379344523149,152379344525314,1790295481038629512,1000,1
1529,28635531205411,1790295480820754444,1790295480821000000,152379349523149,152379349524996,1790295481043628484,1000,1
1530,28635536236819,1790295480825891037,1790295480826000000,152379354523149,152379354525130,1790295481048629318,1000,1
1531,28635540154707,1790295480829888000,1790295480830000000,152379359523149,152379359525273,1790295481053629422,1000,1
1532,28635548328152,1790295480837896111,1790295480838000000,152379364523149,152379364525709,1790295481058630188,1000,1
1533,28635552323189,1790295480841910778,1790295480842000000,152379369523149,152379369525662,1790295481063629841,1000,1
1534,28635555452263,1790295480845080852,1790295480845000000,152379374523149,152379374525475,1790295481068629674,1000,1
1535,28635560218819,1790295480849898000,1790295480850000000,152379379523149,152379379525729,1790295481073629977,1000,1
1536,28635566144819,1790295480855698852,1790295480856000000,152379384523149,152379384524992,1790295481078630163,1000,1
1537,28635570013670,1790295480859588185,1790295480859000000,152379389523149,152379389524184,1790295481083627701,1000,1
1538,28635576316263,1790295480865715926,1790295480866000000,152379394523149,152379394525259,1790295481088629388,1000,1
1539,28635580253226,1790295480869896815,1790295480870000000,152379399523149,152379399526455,1790295481093630683,1000,1
1540,28635587404263,1790295480876972111,1790295480877000000,152379404523149,152379404525227,1790295481098629416,1000,1
1541,28635592297781,1790295480881903000,1790295480882000000,152379409523149,152379409525190,1790295481103629469,1000,1
1542,28635596230633,1790295480885909000,1790295480886000000,152379414523149,152379414526396,1790295481108630705,1000,1
1543,28635600263485,1790295480889905222,1790295480890000000,152379419523149,152379419525688,1790295481113629896,1000,1
1544,28635608286004,1790295480897906333,1790295480898000000,152379424523149,152379424524751,1790295481118628980,1000,1
1545,28635609731559,1790295480899413000,1790295480899000000,152379429523149,152379429525496,1790295481123629704,1000,1
1546,28635616236596,1790295480905896704,1790295480906000000,152379434523149,152379434523816,1790295481128626832,1000,1
1547,28635620185744,1790295480909899481,1790295480910000000,152379439523149,152379439525001,1790295481133629210,1000,1
1548,28635628369930,1790295480917900592,1790295480918000000,152379444523149,152379444524515,1790295481138627982,1000,1
1549,28635632304263,1790295480921917592,1790295480922000000,152379449523149,152379449525991,1790295481143630210,1000,1
1550,28635636230263,1790295480925899741,1790295480926000000,152379454523149,152379454524932,1790295481148629281,1000,1
1551,28635640173633,1790295480929890296,1790295480930000000,152379459523149,152379459525587,1790295481153629795,1000,1
1552,28635648332115,1790295480937898296,1790295480938000000,152379464523149,152379464524740,1790295481158628979,1000,1
1553,28635650972670,1790295480940637778,1790295480940000000,152379469523149,152379469525094,1790295481163629733,1000,1
1554,28635654942559,1790295480944570037,1790295480944000000,152379474523149,152379474525418,1790295481168629556,1000,1
1555,28635660247670,1790295480949890555,1790295480950000000,152379479523149,152379479525120,1790295481173629329,1000,1
1556,28635664797411,1790295480954519259,1790295480954000000,152379484523149,152379484525747,1790295481178630236,1000,1
1557,28635671010633,1790295480960577222,1790295480960000000,152379489523149,152379489524668,1790295481183628826,1000,1
1558,28635676269485,1790295480965899000,1790295480966000000,152379494523149,152379494525172,1790295481188629351,1000,1
1559,28635680248041,1790295480969907815,1790295480970000000,152379499523149,152379499526538,1790295481193630706,1000,1
1560,28635688245152,1790295480977898889,1790295480978000000,152379504523149,152379504524529,1790295481198628056,1000,1
1561,28635692321226,1790295480981905592,1790295480982000000,152379509523149,152379509524652,1790295481203628811,1000,1
1562,28635696219930,1790295480985897333,1790295480986000000,152379514523149,152379514525868,1790295481208630006,1000,1
1563,28635700813189,1790295480990333852,1790295480990000000,152379519523149,152379519525821,1790295481213630100,1000,1
1564,28635708179374,1790295480997887815,1790295480998000000,152379524523149,152379524524975,1790295481218629133,1000,1
1565,28635712128930,1790295481001410741,1790295481002000000,152379529523149,152379529525158,1790295481223629347,1000,1
1566,28635716270189,1790295481005900815,1790295481006000000,152379534523149,152379534525612,1790295481228630061,1000,1
1567,28635720207930,1790295481009897741,1790295481010000000,152379539523149,152379539524834,1790295481233629023,1000,1
1568,28635728299448,1790295481017909926,1790295481018000000,152379544523149,152379544524428,1790295481238628907,1000,1
1569,28635732211004,1790295481021893592,1790295481022000000,152379549523149,152379549523750,1790295481243626766,1000,1
1570,28635736245818,1790295481025898259,1790295481026000000,152379554523149,152379554523663,1790295481248626689,1000,1
1571,28635740175337,1790295481029900000,1790295481030000000,152379559523149,152379559523786,1790295481253626802,1000,1
1572,28635744901670,1790295481034489222,1790295481034000000,152379564523149,152379564524943,1790295481258628761,1000,1
1573,28635752313189,1790295481041896000,1790295481042000000,152379569523149,152379569525427,1790295481263628975,1000,1
1574,28635756294300,1790295481045714666,1790295481046000000,152379574523149,152379574525110,1790295481268629308,1000,1
1575,28635760232967,1790295481049894000,1790295481050000000,152379579523149,152379579525103,1790295481273629292,1000,1
1576,28635767179930,1790295481056873815,1790295481057000000,152379584523149,152379584525499,1790295481278629728,1000,1
1577,28635770690004,1790295481060260074,1790295481060000000,152379589523149,152379589524921,1790295481283629090,1000,1
1578,28635776270707,1790295481065908370,1790295481066000000,152379594523149,152379594525195,1790295481288629383,1000,1
1579,28635780254411,1790295481069895666,1790295481070000000,152379599523149,152379599526510,1790295481293630809,1000,1
1580,28635788229781,1790295481077869333,1790295481078000000,152379604523149,152379604525293,1790295481298630083,1000,1
1581,28635789959374,1790295481079475185,1790295481079000000,152379609523149,152379609524715,1790295481303629194,1000,1
1582,28635796320818,1790295481085902963,1790295481086000000,152379614523149,152379614526011,1790295481308630219,1000,1
1583,28635800324633,1790295481089893000,1790295481090000000,152379619523149,152379619525152,1790295481313629642,1000,1
1584,28635806468374,1790295481096070518,1790295481096000000,152379624523149,152379624524957,1790295481318629096,1000,1
1585,28635811335078,1790295481100850111,1790295481101000000,152379629523149,152379629525441,1790295481323629630,1000,1
1586,28635816411892,1790295481105910333,1790295481106000000,152379634523149,152379634526396,1790295481328630565,1000,1
1587,28635820249226,1790295481109895185,1790295481110000000,152379639523149,152379639524466,1790295481333628013,1000,1
1588,28635828300744,1790295481117894778,1790295481118000000,152379644523149,152379644524401,1790295481338627938,1000,1
1589,28635832260152,1790295481121888889,1790295481122000000,152379649523149,152379649526127,1790295481343630286,1000,1
1590,28635835131929,1790295481124750778,1790295481125000000,152379654523149,152379654525609,1790295481348629858,1000,1
1591,28635840309337,1790295481129903370,1790295481130000000,152379659523149,152379659524490,1790295481353628639,1000,1
1592,28635846096670,1790295481135745259,1790295481135000000,152379664523149,152379664525838,1790295481358630007,1000,1
1593,28635852269855,1790295481141904296,1790295481142000000,152379669523149,152379669526222,1790295481363630411,1000,1
1594,28635856269485,1790295481145900148,1790295481146000000,152379674523149,152379674524442,1790295481368627989,1000,1
1595,28635860359670,1790295481149902555,1790295481150000000,152379679523149,152379679525607,1790295481373629826,1000,1
1596,28635868333966,1790295481157895926,1790295481158000000,152379684523149,152379684524631,1790295481378629070,1000,1
1597,28635871384670,1790295481161039148,1790295481161000000,152379689523149,152379689524474,1790295481383628061,1000,1
1598,28635876239670,1790295481165895222,1790295481166000000,152379694523149,152379694525248,1790295481388629427,1000,1
1599,28635880996041,1790295481170564185,1790295481170000000,152379699523149,152379699526263,1790295481393630512,1000,1
1600,28635884999966,1790295481174614815,1790295481174000000,152379704523149,152379704525347,1790295481398629856,1000,1
1601,28635891154744,1790295481180677148,1790295481181000000,152379709523149,152379709525300,1790295481403629518,1000,1
1602,28635896219041,1790295481185891555,1790295481186000000,152379714523149,152379714525914,1790295481408630093,1000,1
1603,28635900172152,1790295481189895666,1790295481190000000,152379719523149,152379719525747,1790295481413629915,1000,1
1604,28635908323485,1790295481197896444,1790295481198000000,152379724523149,152379724524820,1790295481418629530,1000,1
1605,28635912275300,1790295481201896185,1790295481202000000,152379729523149,152379729525304,1790295481423629874,1000,1
1606,28635916276411,1790295481205905555,1790295481206000000,152379734523149,152379734525989,1790295481428630178,1000,1
1607,28635920190078,1790295481209894815,1790295481210000000,152379739523149,152379739525191,1790295481433629439,1000,1
1608,28635928324522,1790295481217903889,1790295481218000000,152379744523149,152379744524603,1790295481438629002,1000,1
1609,28635930359374,1790295481219952481,1790295481220000000,152379749523149,152379749525008,1790295481443630259,1000,1
1610,28635936128337,1790295481225554148,1790295481226000000,152379754523149,152379754525402,1790295481448629631,1000,1
1611,28635940247448,1790295481229896518,1790295481230000000,152379759523149,152379759524884,1790295481453629073,1000,1
1612,28635947717300,1790295481237292148,1790295481237000000,152379764523149,152379764524477,1790295481458628595,1000,1
1613,28635952304226,1790295481241902000,1790295481242000000,152379769523149,152379769526366,1790295481463630574,1000,1
1614,28635956257929,1790295481245893222,1790295481246000000,152379774523149,152379774524796,1790295481468629015,1000,1
1615,28635960270707,1790295481249895814,1790295481250000000,152379779523149,152379779524949,1790295481473629198,1000,1
1616,28635968214152,1790295481257894555,1790295481258000000,152379784523149,152379784524832,1790295481478629352,1000,1
1617,28635969921226,1790295481259471222,1790295481259000000,152379789523149,152379789524386,1790295481483627944,1000,1
1618,28635975505522,1790295481265098592,1790295481265000000,152379794523149,152379794525321,1790295481488629550,1000,1
1619,28635980254707,1790295481269909814,1790295481270000000,152379799523149,152379799526457,1790295481493630695,1000,1
1620,28635988247003,1790295481277890518,1790295481278000000,152379804523149,152379804525839,1790295481498630138,1000,1
1621,28635992202374,1790295481281871852,1790295481282000000,152379809523149,152379809524371,1790295481503627898,1000,1
1622,28635996403337,1790295481285903111,1790295481286000000,152379814523149,152379814525927,1790295481508630126,1000,1
1623,28636000280781,1790295481289899963,1790295481290000000,152379819523149,152379819526231,1790295481513630509,1000,1
1624,28636008301670,1790295481297892185,1790295481298000000,152379824523149,152379824524671,1790295481518629000,1000,1
1625,28636012167818,1790295481301890555,1790295481302000000,152379829523149,152379829525047,1790295481523629236,1000,1
1626,28636015100596,1790295481304501518,1790295481304000000,152379834523149,152379834525391,1790295481528628998,1000,1
1627,28636020298855,1790295481309898963,1790295481310000000,152379839523149,152379839523781,1790295481533626807,1000,1
1628,28636026225226,1790295481315708259,1790295481316000000,152379844523149,152379844523644,1790295481538626670,1000,1
1629,28636032230707,1790295481321897037,1790295481322000000,152379849523149,152379849523809,1790295481543626825,1000,1
1630,28636036183707,1790295481325893148,1790295481326000000,152379854523149,152379854523892,1790295481548626909,1000,1
1631,28636040319115,1790295481329906481,1790295481330000000,152379859523149,152379859523805,1790295481553626832,1000,1
1632,28636048180300,1790295481336969518,1790295481338000000,152379864523149,152379864526313,1790295481558630642,1000,1
1633,28636050800596,1790295481340453926,1790295481340000000,152379869523149,152379869525146,1790295481563628864,1000,1
1634,28636056162152,1790295481345894629,1790295481346000000,152379874523149,152379874524909,1790295481568629478,1000,1
1635,28636060138115,1790295481349522074,1790295481350000000,152379879523149,152379879525443,1790295481573629641,1000,1
1636,28636068304152,1790295481357910814,1790295481358000000,152379884523149,152379884525666,1790295481578630516,1000,1
1637,28636071120596,1790295481360542000,1790295481360000000,152379889523149,152379889525260,1790295481583629449,1000,1
1638,28636076233855,1790295481365890333,1790295481366000000,152379894523149,152379894524863,1790295481588629092,1000,1
1639,28636080164448,1790295481369892518,1790295481370000000,152379899523149,152379899525808,1790295481593630027,1000,1
1640,28636088332337,1790295481377898555,1790295481378000000,152379904523149,152379904524940,1790295481598628407,1000,1
1641,28636092251707,1790295481381908444,1790295481382000000,152379909523149,152379909524443,1790295481603628041,1000,1
1642,28636096251485,1790295481385895148,1790295481386000000,152379914523149,152379914525749,1790295481608630018,1000,1
1643,28636100182114,1790295481389887074,1790295481390000000,152379919523149,152379919525742,1790295481613630442,1000,1
1644,28636105207781,1790295481394637518,1790295481395000000,152379924523149,152379924525024,1790295481618629243,1000,1
1645,28636112302374,1790295481401895555,1790295481402000000,152379929523149,152379929525420,1790295481623629929,1000,1
1646,28636116311337,1790295481405776851,1790295481406000000,152379934523149,152379934524060,1790295481628627828,1000,1
1647,28636120228892,1790295481409895926,1790295481410000000,152379939523149,152379939525937,1790295481633629705,1000,1
1648,28636127441077,1790295481416891851,1790295481417000000,152379944523149,152379944523576,1790295481638626502,1000,1
1649,28636132307485,1790295481421899555,1790295481422000000,152379949523149,152379949523831,1790295481643626868,1000,1
1650,28636136223411,1790295481425892963,1790295481426000000,152379954523149,152379954523814,1790295481648626831,1000,1
1651,28636140251966,1790295481429895185,1790295481430000000,152379959523149,152379959523867,1790295481653626894,1000,1
1652,28636148201374,1790295481437889444,1790295481438000000,152379964523149,152379964525243,1790295481658629452,1000,1
1653,28636150181855,1790295481439651518,1790295481440000000,152379969523149,152379969525940,1790295481663630419,1000,1
1654,28636156296448,1790295481445904259,1790295481446000000,152379974523149,152379974524751,1790295481668628950,1000,1
1655,28636160242707,1790295481449898111,1790295481450000000,152379979523149,152379979525245,1790295481673629484,1000,1
1656,28636168252040,1790295481457892740,1790295481458000000,152379984523149,152379984525719,1790295481678629928,1000,1
1657,28636173256818,1790295481462400370,1790295481463000000,152379989523149,152379989525443,1790295481683629652,1000,1
1658,28636176258522,1790295481465920481,1790295481466000000,152379994523149,152379994523884,1790295481688626900,1000,1
1659,28636180103929,1790295481469755259,1790295481469000000,152379999523149,152379999525179,1790295481693628727,1000,1
1660,28636188384522,1790295481477911555,1790295481478000000,152380004523149,152380004526425,1790295481698630603,1000,1
1661,28636192269151,1790295481481893925,1790295481482000000,152380009523149,152380009525007,1790295481703629236,1000,1
1662,28636195762189,1790295481485342963,1790295481485000000,152380014523149,152380014524679,1790295481708628367,1000,1
1663,28636200191077,1790295481489897185,1790295481490000000,152380019523149,152380019525935,1790295481713630204,1000,1
1664,28636206903411,1790295481496377592,1790295481496000000,152380024523149,152380024524846,1790295481718629375,1000,1
1665,28636212296522,1790295481501915703,1790295481502000000,152380029523149,152380029524601,1790295481723628128,1000,1
1666,28636216255040,1790295481505895888,1790295481506000000,152380034523149,152380034524664,1790295481728629434,1000,1
1667,28636220231892,1790295481509898851,1790295481510000000,152380039523149,152380039525198,1790295481733629497,1000,1
1668,28636228262188,1790295481517883777,1790295481518000000,152380044523149,152380044524570,1790295481738629039,1000,1
1669,28636232310818,1790295481521905296,1790295481522000000,152380049523149,152380049525798,1790295481743629956,1000,1
1670,28636236263707,1790295481525894518,1790295481526000000,152380054523149,152380054525741,1790295481748629949,1000,1
1671,28636240125781,1790295481529380111,1790295481530000000,152380059523149,152380059524782,1790295481753628961,1000,1
1672,28636248246151,1790295481537891962,1790295481538000000,152380064523149,152380064524856,1790295481758628724,1000,1
1673,28636251003707,1790295481540670000,1790295481540000000,152380069523149,152380069525221,1790295481763628768,1000,1
1674,28636256321929,1790295481545897629,1790295481546000000,152380074523149,152380074524032,1790295481768627579,1000,1
1675,28636260240188,1790295481549904666,1790295481550000000,152380079523149,152380079525468,1790295481773629626,1000,1
1676,28636268244040,1790295481557891259,1790295481558000000,152380084523149,152380084525201,1790295481778630071,1000,1
1677,28636272058003,1790295481561776370,1790295481561000000,152380089523149,152380089524724,1790295481783628873,1000,1
1678,28636276342003,1790295481565905037,1790295481566000000,152380094523149,152380094524808,1790295481788628976,1000,1
1679,28636280285374,1790295481569908925,1790295481570000000,152380099523149,152380099525142,1790295481793629691,1000,1
1680,28636285196448,1790295481574741296,1790295481575000000,152380104523149,152380104525145,1790295481798628702,1000,1
1681,28636292206077,1790295481581891333,1790295481582000000,152380109523149,152380109524689,1790295481803628888,1000,1
1682,28636295917892,1790295481585628629,1790295481585000000,152380114523149,152380114525734,1790295481808629893,1000,1
1683,28636300331374,1790295481589901962,1790295481590000000,152380119523149,152380119525537,1790295481813630327,1000,1
1684,28636307452892,1790295481597087148,1790295481597000000,152380124523149,152380124525049,1790295481818629238,1000,1
1685,28636312223003,1790295481601890518,1790295481602000000,152380129523149,152380129524722,1790295481823629021,1000,1
1686,28636316218670,1790295481605892074,1790295481606000000,152380134523149,152380134526099,1790295481828630348,1000,1
1687,28636320374522,1790295481609920148,1790295481610000000,152380139523149,152380139525231,1790295481833629479,1000,1
1688,28636328284114,1790295481617895888,1790295481618000000,152380144523149,152380144523991,1790295481838627589,1000,1
1689,28636330065966,1790295481619378259,1790295481619000000,152380149523149,152380149525147,1790295481843628715,1000,1
1690,28636336223300,1790295481625890629,1790295481626000000,152380154523149,152380154525753,1790295481848629931,1000,1
1691,28636340173485,1790295481629890111,1790295481630000000,152380159523149,152380159524864,1790295481853629073,1000,1
1692,28636348339855,1790295481637899629,1790295481638000000,152380164523149,152380164524687,1790295481858628575,1000,1
1693,28636351461003,1790295481641063074,1790295481641000000,152380169523149,152380169526223,1790295481863630422,1000,1
1694,28636356320744,1790295481645911962,1790295481646000000,152380174523149,152380174524264,1790295481868627752,1000,1
1695,28636360251596,1790295481649897036,1790295481650000000,152380179523149,152380179525309,1790295481873629458,1000,1
1696,28636368367929,1790295481657914962,1790295481658000000,152380184523149,152380184526475,1790295481878630694,1000,1
1697,28636372289114,1790295481661895481,1790295481662000000,152380189523149,152380189525977,1790295481883630196,1000,1
1698,28636375795077,1790295481664891148,1790295481665000000,152380194523149,152380194525542,1790295481888629780,1000,1
1699,28636380207818,1790295481669902518,1790295481670000000,152380199523149,152380199525024,1790295481893629543,1000,1
1700,28636385032855,1790295481674719999,1790295481674000000,152380204523149,152380204525588,1790295481898630498,1000,1
1701,28636392367040,1790295481681916222,1790295481682000000,152380209523149,152380209524780,1790295481903629169,1000,1
1702,28636396282744,1790295481685897407,1790295481686000000,152380214523149,152380214525815,1790295481908630064,1000,1
1703,28636400253892,1790295481689895777,1790295481690000000,152380219523149,152380219525427,1790295481913630017,1000,1
1704,28636408225151,1790295481697890555,1790295481698000000,152380224523149,152380224525290,1790295481918629539,1000,1
1705,28636412342262,1790295481701905481,1790295481702000000,152380229523149,152380229524282,1790295481923627970,1000,1
1706,28636416282670,1790295481705912666,1790295481706000000,152380234523149,152380234525488,1790295481928629988,1000,1
1707,28636419888522,1790295481709538222,1790295481709000000,152380239523149,152380239525602,1790295481933629810,1000,1
1708,28636428250855,1790295481717907888,1790295481718000000,152380244523149,152380244525585,1790295481938629794,1000,1
1709,28636431686744,1790295481720629333,1790295481721000000,152380249523149,152380249525068,1790295481943628615,1000,1
1710,28636436370077,1790295481725896925,1790295481726000000,152380254523149,152380254525733,1790295481948630142,1000,1
1711,28636440257966,1790295481729913222,1790295481730000000,152380259523149,152380259524354,1790295481953628593,1000,1
1712,28636448244337,1790295481737892629,1790295481738000000,152380264523149,152380264524477,1790295481958628626,1000,1
1713,28636451580299,1790295481741267370,1790295481741000000,152380269523149,152380269525212,1790295481963629091,1000,1
1714,28636456349744,1790295481745904333,1790295481746000000,152380274523149,152380274525507,1790295481968629936,1000,1
1715,28636460373225,1790295481749900814,1790295481750000000,152380279523149,152380279524328,1790295481973627876,1000,1
1716,28636465748448,1790295481754958666,1790295481755000000,152380284523149,152380284526005,1790295481978630203,1000,1
1717,28636472214411,1790295481761893851,1790295481762000000,152380289523149,152380289523914,1790295481983627432,1000,1
1718,28636477625114,1790295481767177666,1790295481767000000,152380294523149,152380294523849,1790295481988626865,1000,1
1719,28636480266040,1790295481769901370,1790295481770000000,152380299523149,152380299523691,1790295481993626718,1000,1
1720,28636487643374,1790295481777101259,1790295481777000000,152380304523149,152380304523725,1790295481998626741,1000,1
1721,28636492236114,1790295481781900222,1790295481782000000,152380309523149,152380309523779,1790295482003626795,1000,1
1722,28636496160336,1790295481785887999,1790295481786000000,152380314523149,152380314523763,1790295482008626789,1000,1
1723,28636500352929,1790295481789921036,1790295481790000000,152380319523149,152380319523576,1790295482013626602,1000,1
1724,28636508276040,1790295481797898333,1790295481798000000,152380324523149,152380324525302,1790295482018629461,1000,1
1725,28636510319929,1790295481799760740,1790295481800000000,152380329523149,152380329524434,1790295482023627962,1000,1
1726,28636516237188,1790295481805894666,1790295481806000000,152380334523149,152380334525251,1790295482028629750,1000,1
1727,28636520181114,1790295481809889333,1790295481810000000,152380339523149,152380339525525,1790295482033629974,1000,1
1728,28636528324781,1790295481817897592,1790295481818000000,152380344523149,152380344524967,1790295482038629145,1000,1
1729,28636532293151,1790295481821893407,1790295481822000000,152380349523149,152380349525952,1790295482043630561,1000,1
1730,28636536243966,1790295481825910110,1790295481826000000,152380354523149,152380354525694,1790295482048630114,1000,1
1731,28636540189448,1790295481829893407,1790295481830000000,152380359523149,152380359524906,1790295482053629155,1000,1
1732,28636548349670,1790295481837911073,1790295481838000000,152380364523149,152380364524559,1790295482058628637,1000,1
1733,28636551826373,1790295481841486703,1790295481841000000,152380369523149,152380369525744,1790295482063630594,1000,1
1734,28636554921188,1790295481844542259,1790295481844000000,152380374523149,152380374525178,1790295482068629427,1000,1
1735,28636560232299,1790295481849898777,1790295481850000000,152380379523149,152380379523899,1790295482073626905,1000,1
1736,28636564848262,1790295481854585147,1790295481854000000,152380384523149,152380384525826,1790295482078630295,1000,1
1737,28636570476114,1790295481859899333,1790295481860000000,152380389523149,152380389523815,1790295482083626822,1000,1
1738,28636576292299,1790295481865898555,1790295481866000000,152380394523149,152380394525111,1790295482088629339,1000,1
1739,28636580258151,1790295481869894444,1790295481870000000,152380399523149,152380399525705,1790295482093629894,1000,1
1740,28636588164892,1790295481877887407,1790295481878000000,152380404523149,152380404525197,1790295482098629997,1000,1
1741,28636590185633,1790295481879738184,1790295481880000000,152380409523149,152380409524931,1790295482103629249,1000,1
1742,28636596273003,1790295481885911518,1790295481886000000,152380414523149,152380414524705,1790295482108629234,1000,1
1743,28636600308966,1790295481889659481,1790295481890000000,152380419523149,152380419526170,1790295482113630379,1000,1
1744,28636608246892,1790295481897889073,1790295481898000000,152380424523149,152380424525362,1790295482118629501,1000,1
1745,28636610912670,1790295481900550259,1790295481900000000,152380429523149,152380429524334,1790295482123627871,1000,1
1746,28636616322114,1790295481905895259,1790295481906000000,152380434523149,152380434525071,1790295482128629640,1000,1
1747,28636620260225,1790295481909907370,1790295481910000000,152380439523149,152380439525294,1790295482133630194,1000,1
1748,28636628291485,1790295481917909444,1790295481918000000,152380444523149,152380444524897,1790295482138629055,1000,1
1749,28636632200559,1790295481921890370,1790295481922000000,152380449523149,152380449525842,1790295482143630090,1000,1
1750,28636636356410,1790295481925730147,1790295481926000000,152380454523149,152380454525534,1790295482148629773,1000,1
1751,28636640418003,1790295481929917925,1790295481930000000,152380459523149,152380459524596,1790295482153629025,1000,1
1752,28636645119447,1790295481934644592,1790295481934000000,152380464523149,152380464524489,1790295482158629168,1000,1
1753,28636649980744,1790295481939561333,1790295481939000000,152380469523149,152380469523821,1790295482163626827,1000,1
1754,28636657175410,1790295481945898370,1790295481947000000,152380474523149,152380474524907,1790295482168628465,1000,1
1755,28636660273633,1790295481949901444,1790295481950000000,152380479523149,152380479525111,1790295482173629290,1000,1
1756,28636668286373,1790295481957848703,1790295481958000000,152380484523149,152380484525655,1790295482178629844,1000,1
1757,28636672189151,1790295481961887962,1790295481962000000,152380489523149,152380489525739,1790295482183630188,1000,1
1758,28636676170522,1790295481965886110,1790295481966000000,152380494523149,152380494524802,1790295482188628991,1000,1
1759,28636684339707,1790295481973897444,1790295481974000000,152380499523149,152380499525767,1790295482193629966,1000,1
1760,28636686340188,1790295481975911999,1790295481976000000,152380504523149,152380504526041,1790295482198630289,1000,1
1761,28636690169262,1790295481979752221,1790295481980000000,152380509523149,152380509524972,1790295482203629110,1000,1
1762,28636696234299,1790295481985890962,1790295481986000000,152380514523149,152380514525326,1790295482208629534,1000,1
1763,28636700170892,1790295481989896666,1790295481990000000,152380519523149,152380519525569,1790295482213630189,1000,1
1764,28636708334707,1790295481997900333,1790295481998000000,152380524523149,152380524524881,1790295482218629982,1000,1
1765,28636712561929,1790295482001905777,1790295482002000000,152380529523149,152380529525095,1790295482223629273,1000,1
1766,28636716222336,1790295482005895629,1790295482006000000,152380534523149,152380534526192,1790295482228630361,1000,1
1767,28636720144966,1790295482009889666,1790295482010000000,152380539523149,152380539526456,1790295482233630935,1000,1
1768,28636728296151,1790295482017891777,1790295482018000000,152380544523149,152380544524986,1790295482238629185,1000,1
1769,28636732222225,1790295482021887703,1790295482022000000,152380549523149,152380549524969,1790295482243629519,1000,1
1770,28636734905855,1790295482024527518,1790295482024000000,152380554523149,152380554525914,1790295482248630163,1000,1
1771,28636740315484,1790295482029901036,1790295482030000000,152380559523149,152380559525236,1790295482253629425,1000,1
1772,28636746294225,1790295482035800184,1790295482036000000,152380564523149,152380564525069,1790295482258629468,1000,1
1773,28636752253114,1790295482041894555,1790295482042000000,152380569523149,152380569526034,1790295482263630153,1000,1
1774,28636756168670,1790295482045889962,1790295482046000000,152380574523149,152380574524947,1790295482268629056,1000,1
1775,28636760363410,1790295482049904407,1790295482050000000,152380579523149,152380579525542,1790295482273629690,1000,1
1776,28636764858966,1790295482054485814,1790295482054000000,152380584523149,152380584526286,1790295482278630745,1000,1
1777,28636769775929,1790295482059401295,1790295482059000000,152380589523149,152380589525859,1790295482283630668,1000,1
1778,28636776207225,1790295482065898184,1790295482066000000,152380594523149,152380594524890,1790295482288629099,1000,1
1779,28636780151262,1790295482069642333,1790295482070000000,152380599523149,152380599525184,1790295482293629312,1000,1
1780,28636788274484,1790295482077906592,1790295482078000000,152380604523149,152380604526088,1790295482298630287,1000,1
1781,28636790314892,1790295482079965444,1790295482080000000,152380609523149,152380609525040,1790295482303629399,1000,1
1782,28636796376633,1790295482085902073,1790295482086000000,152380614523149,152380614525516,1790295482308629785,1000,1
1783,28636800264818,1790295482089915814,1790295482090000000,152380619523149,152380619525469,1790295482313629928,1000,1
1785,28636812093929,1790295482101680333,1790295482101000000,152380629523149,152380629524714,1790295482323628912,1000,1
1786,28636816337373,1790295482105905295,1790295482106000000,152380634523149,152380634525178,1790295482328629156,1000,1
1787,28636820248077,1790295482109900184,1790295482110000000,152380639523149,152380639526293,1790295482333630552,1000,1
1788,28636824694966,1790295482114378073,1790295482114000000,152380644523149,152380644524172,1790295482338627750,1000,1
1789,28636830740633,1790295482120319629,1790295482120000000,152380649523149,152380649525728,1790295482343630017,1000,1
1790,28636836117188,1790295482125553777,1790295482125000000,152380654523149,152380654526285,1790295482348630443,1000,1
1791,28636840379336,1790295482129918962,1790295482130000000,152380659523149,152380659525266,1790295482353629475,1000,1
1792,28636847248892,1790295482136889925,1790295482137000000,152380664523149,152380664524828,1790295482358628987,1000,1
1793,28636850691818,1790295482140339407,1790295482140000000,152380669523149,152380669524731,1790295482363628649,1000,1
1794,28636856177818,1790295482145889518,1790295482146000000,152380674523149,152380674525235,1790295482368628803,1000,1
1795,28636860392077,1790295482149901629,1790295482150000000,152380679523149,152380679524988,1790295482373629197,1000,1
1796,28636868309966,1790295482157897666,1790295482158000000,152380684523149,152380684524891,1790295482378629500,1000,1
1797,28636870133447,1790295482159640221,1790295482160000000,152380689523149,152380689525055,1790295482383628963,1000,1
1798,28636876215040,1790295482165891258,1790295482166000000,152380694523149,152380694525321,1790295482388629489,1000,1
1799,28636880211484,1790295482169885518,1790295482170000000,152380699523149,152380699525605,1790295482393629793,1000,1
1800,28636888324744,1790295482177898370,1790295482178000000,152380704523149,152380704525798,1790295482398630347,1000,1
1801,28636892593744,1790295482181904666,1790295482182000000,152380709523149,152380709523717,1790295482403626734,1000,1
1802,28636896228781,1790295482185896481,1790295482186000000,152380714523149,152380714525464,1790295482408629652,1000,1
1803,28636900168558,1790295482189887258,1790295482190000000,152380719523149,152380719526218,1790295482413630367,1000,1
1804,28636908344225,1790295482197893332,1790295482198000000,152380724523149,152380724526282,1790295482418630550,1000,1
1805,28636912213929,1790295482201893147,1790295482202000000,152380729523149,152380729525374,1790295482423629853,1000,1
1806,28636915059966,1790295482204375999,1790295482204000000,152380734523149,152380734526160,1790295482428630349,1000,1
1807,28636920302929,1790295482209903925,1790295482210000000,152380739523149,152380739526544,1790295482433630673,1000,1
1808,28636926181410,1790295482215752444,1790295482216000000,152380744523149,152380744524634,1790295482438628792,1000,1
1809,28636932225855,1790295482221892184,1790295482222000000,152380749523149,152380749524697,1790295482443628245,1000,1
1810,28636936147373,1790295482225884666,1790295482226000000,152380754523149,152380754526283,1790295482448630442,1000,1
1811,28636940335929,1790295482229899221,1790295482230000000,152380759523149,152380759525525,1790295482453629724,1000,1
1812,28636948560929,1790295482237891407,1790295482238000000,152380764523149,152380764525067,1790295482458629266,1000,1
1813,28636952243262,1790295482241897592,1790295482242000000,152380769523149,152380769525471,1790295482463629931,1000,1
1814,28636956178744,1790295482245902629,1790295482246000000,152380774523149,152380774525847,1790295482468630327,1000,1
1815,28636960785855,1790295482249694740,1790295482250000000,152380779523149,152380779524799,1790295482473628967,1000,1
1816,28636968328373,1790295482257911258,1790295482258000000,152380784523149,152380784524661,1790295482478629221,1000,1
1817,28636970953818,1790295482260551406,1790295482260000000,152380789523149,152380789525616,1790295482483629184,1000,1
1818,28636976228558,1790295482265893147,1790295482266000000,152380794523149,152380794524828,1790295482488629027,1000,1
1819,28636982278299,1790295482271963962,1790295482272000000,152380799523149,152380799524791,1790295482493628278,1000,1
1820,28636987874670,1790295482277462444,1790295482277000000,152380804523149,152380804526067,1790295482498630215,1000,1
1821,28636989887966,1790295482279494184,1790295482279000000,152380809523149,152380809541860,1790295482503645338,1000,1
1822,28636996356966,1790295482285914666,1790295482286000000,152380814523149,152380814525374,1790295482508629573,1000,1
1823,28637000208855,1790295482289890147,1790295482290000000,152380819523149,152380819526289,1790295482513630438,1000,1
1824,28637016235040,1790295482305674036,1790295482306000000,152380824523149,152380824525862,1790295482518630130,1000,1
1825,28637016784077,1790295482306205925,1790295482306000000,152380829523149,152380829524993,1790295482523629162,1000,1
1826,28637017055336,1790295482306206666,1790295482306000000,152380834523149,152380834523473,1790295482528626420,1000,1
1827,28637020249188,1790295482309913592,1790295482310000000,152380839523149,152380839523827,1790295482533626844,1000,1
1828,28637028220595,1790295482317314295,1790295482318000000,152380844523149,152380844523690,1790295482538626717,1000,1
1829,28637032247003,1790295482321897369,1790295482322000000,152380849523149,152380849523684,1790295482543626700,1000,1
1830,28637036208077,1790295482325898258,1790295482326000000,152380854523149,152380854526423,1790295482548630732,1000,1
1831,28637040273966,1790295482329897925,1790295482330000000,152380859523149,152380859525204,1790295482553629363,1000,1
1832,28637062086077,1790295482351695777,1790295482351000000,152380864523149,152380864525508,1790295482558629777,1000,1
1833,28637062377966,1790295482351810110,1790295482352000000,152380869523149,152380869524690,1790295482563628849,1000,1
1834,28637062547669,1790295482351810295,1790295482352000000,152380874523149,152380874526047,1790295482568630206,1000,1
1835,28637062700966,1790295482351810406,1790295482352000000,152380879523149,152380879524748,1790295482573628927,1000,1
1836,28637084608262,1790295482374195406,1790295482374000000,152380884523149,152380884525102,1790295482578628689,1000,1
1837,28637085183447,1790295482374795999,1790295482375000000,152380889523149,152380889525927,1790295482583630145,1000,1
1838,28637085447595,1790295482374796258,1790295482375000000,152380894523149,152380894524950,1790295482588629139,1000,1
1839,28637085621892,1790295482374796369,1790295482375000000,152380899523149,152380899525194,1790295482593629382,1000,1
1840,28637088298336,1790295482377920962,1790295482378000000,152380904523149,152380904524766,1790295482598629225,1000,1
1841,28637092271373,1790295482381903221,1790295482382000000,152380909523149,152380909524599,1790295482603628868,1000,1
1842,28637096302003,1790295482385908925,1790295482386000000,152380914523149,152380914525373,1790295482608629562,1000,1
1843,28637100268966,1790295482389906814,1790295482390000000,152380919523149,152380919525958,1790295482613630337,1000,1
1844,28637117380188,1790295482406897480,1790295482407000000,152380924523149,152380924525801,1790295482618630340,1000,1
1845,28637117871929,1790295482406898036,1790295482407000000,152380929523149,152380929524942,1790295482623629231,1000,1
1846,28637118221855,1790295482406898258,1790295482408000000,152380934523149,152380934524005,1790295482628627613,1000,1
1847,28637120334336,1790295482409932925,1790295482410000000,152380939523149,152380939525120,1790295482633629860,1000,1
1848,28637128442966,1790295482417910110,1790295482418000000,152380944523149,152380944523741,1790295482638626757,1000,1
1849,28637148720706,1790295482438222999,1790295482438000000,152380949523149,152380949523775,1790295482643626801,1000,1
1850,28637149162743,1790295482438378036,1790295482439000000,152380954523149,152380954534519,1790295482648638097,1000,1
1851,28637149521706,1790295482438378851,1790295482439000000,152380959523149,152380959534883,1790295482653639212,1000,1
1852,28637149813781,1790295482438379073,1790295482439000000,152380964523149,152380964524827,1790295482658629016,1000,1
1853,28637151172855,1790295482440758369,1790295482441000000,152380969523149,152380969524691,1790295482663628880,1000,1
1854,28637156398336,1790295482445919592,1790295482446000000,152380974523149,152380974526039,1790295482668630227,1000,1
1855,28637172731151,1790295482462245147,1790295482462000000,152380979523149,152380979524619,1790295482673628828,1000,1
1856,28637173177225,1790295482462401703,1790295482463000000,152380984523149,152380984525173,1790295482678629542,1000,1
1857,28637173890818,1790295482462402147,1790295482463000000,152380989523149,152380989526529,1790295482683631199,1000,1
1858,28637196619225,1790295482486203814,1790295482486000000,152380994523149,152380994524328,1790295482688627876,1000,1
1859,28637196939225,1790295482486334147,1790295482486000000,152380999523149,152380999525433,1790295482693629792,1000,1
1860,28637197123114,1790295482486334369,1790295482486000000,152381004523149,152381004526208,1790295482698630447,1000,1
1861,28637197278225,1790295482486334480,1790295482487000000,152381009523149,152381009525510,1790295482703629990,1000,1
1862,28637197428262,1790295482486334592,1790295482487000000,152381014523149,152381014524593,1790295482708628140,1000,1
1863,28637200269743,1790295482489924666,1790295482490000000,152381019523149,152381019525869,1790295482713629987,1000,1
1864,28637207538521,1790295482497021962,1790295482497000000,152381024523149,152381024525110,1790295482718628678,1000,1
1865,28637212277558,1790295482501899406,1790295482502000000,152381029523149,152381029524723,1790295482723628852,1000,1
1866,28637216250299,1790295482505900147,1790295482506000000,152381034523149,152381034524978,1790295482728628996,1000,1
1867,28637220280003,1790295482509911036,1790295482510000000,152381039523149,152381039525142,1790295482733629180,1000,1
1868,28637240678855,1790295482530203443,1790295482530000000,152381044523149,152381044524624,1790295482738628893,1000,1
1869,28637241332669,1790295482530557036,1790295482531000000,152381049523149,152381049524577,1790295482743628055,1000,1
1870,28637242193966,1790295482530557554,1790295482532000000,152381054523149,152381054525273,1790295482748628850,1000,1
1871,28637242549299,1790295482530557999,1790295482532000000,152381059523149,152381059525977,1790295482753630777,1000,1
1873,28637252603818,1790295482541963666,1790295482542000000,152381069523149,152381069524802,1790295482763629031,1000,1
1874,28637275701855,1790295482564934036,1790295482565000000,152381074523149,152381074525909,1790295482768630128,1000,1
1875,28637276152003,1790295482565356258,1790295482566000000,152381079523149,152381079525471,1790295482773629670,1000,1
1876,28637276445855,1790295482565356517,1790295482566000000,152381084523149,152381084524623,1790295482778628792,1000,1
1877,28637276684558,1790295482565356629,1790295482566000000,152381089523149,152381089524757,1790295482783629306,1000,1
1878,28637276940669,1790295482565356814,1790295482566000000,152381094523149,152381094525684,1790295482788629952,1000,1
1879,28637287514003,1790295482576888258,1790295482577000000,152381099523149,152381099525256,1790295482793629445,1000,1
1880,28637288266595,1790295482577905999,1790295482578000000,152381104523149,152381104526081,1790295482798630319,1000,1
1881,28637292359410,1790295482581923369,1790295482582000000,152381109523149,152381109525863,1790295482803630082,1000,1
1882,28637298077632,1790295482587132666,1790295482587000000,152381114523149,152381114524233,1790295482808627751,1000,1
1883,28637320836077,1790295482610222851,1790295482610000000,152381119523149,152381119526110,1790295482813630329,1000,1
1884,28637321160558,1790295482610537666,1790295482611000000,152381124523149,152381124525182,1790295482818629681,1000,1
1885,28637321346706,1790295482610537851,1790295482611000000,152381129523149,152381129524906,1790295482823629155,1000,1
1886,28637321501225,1790295482610537962,1790295482611000000,152381134523149,152381134525791,1790295482828630510,1000,1
1887,28637321652669,1790295482610538073,1790295482611000000,152381139523149,152381139525083,1790295482833628951,1000,1
1888,28637348771151,1790295482638258814,1790295482638000000,152381144523149,152381144524956,1790295482838628874,1000,1
1889,28637349247188,1790295482638426406,1790295482639000000,152381149523149,152381149524580,1790295482843628067,1000,1
1890,28637349629558,1790295482638426777,1790295482639000000,152381154523149,152381154524994,1790295482848628872,1000,1
1891,28637349978892,1790295482638426999,1790295482639000000,152381159523149,152381159525368,1790295482853629807,1000,1
1892,28637350303780,1790295482638427184,1790295482640000000,152381164523149,152381164524599,1790295482858628788,1000,1
1893,28637365992484,1790295482655563591,1790295482655000000,152381169523149,152381169525676,1790295482863629825,1000,1
1894,28637366301040,1790295482655690962,1790295482656000000,152381174523149,152381174526140,1790295482868630519,1000,1
1895,28637366481410,1790295482655691147,1790295482656000000,152381179523149,152381179524661,1790295482873628889,1000,1
1896,28637366664743,1790295482655691258,1790295482656000000,152381184523149,152381184525696,1790295482878630195,1000,1
1897,28637372258114,1790295482661900628,1790295482662000000,152381189523149,152381189526452,1790295482883630661,1000,1
1898,28637376580966,1790295482665681369,1790295482666000000,152381194523149,152381194524682,1790295482888628209,1000,1
1899,28637392440966,1790295482681930925,1790295482682000000,152381199523149,152381199524445,1790295482893627982,1000,1
1900,28637396123447,1790295482685599888,1790295482686000000,152381204523149,152381204525230,1790295482898630340,1000,1
1901,28637396541780,1790295482685756554,1790295482686000000,152381209523149,152381209525214,1790295482903628742,1000,1
1902,28637396871262,1790295482685756851,1790295482686000000,152381214523149,152381214524095,1790295482908627633,1000,1
1903,28637400103780,1790295482689669332,1790295482689000000,152381219523149,152381219526032,1790295482913630251,1000,1
1904,28637405191040,1790295482694794406,1790295482695000000,152381224523149,152381224525585,1790295482918630184,1000,1
1905,28637409723521,1790295482699368369,1790295482699000000,152381229523149,152381229524718,1790295482923628967,1000,1
1906,28637416239262,1790295482705894221,1790295482706000000,152381234523149,152381234526495,1790295482928630723,1000,1
1907,28637420232040,1790295482709888221,1790295482710000000,152381239523149,152381239526077,1790295482933630276,1000,1
1908,28637428260410,1790295482717892443,1790295482718000000,152381244523149,152381244525319,1790295482938629498,1000,1
1909,28637432267336,1790295482721891888,1790295482722000000,152381249523149,152381249525424,1790295482943629613,1000,1
1910,28637436215484,1790295482725894258,1790295482726000000,152381254523149,152381254525177,1790295482948630007,1000,1
1911,28637440152632,1790295482729893295,1790295482730000000,152381259523149,152381259524939,1790295482953629970,1000,1
1912,28637448308225,1790295482737903332,1790295482738000000,152381264523149,152381264524913,1790295482958629111,1000,1
1913,28637452292336,1790295482741899258,1790295482742000000,152381269523149,152381269525188,1790295482963630028,1000,1
1914,28637454909780,1790295482744516184,1790295482744000000,152381274523149,152381274523679,1790295482968626695,1000,1
1915,28637460351484,1790295482749899110,1790295482750000000,152381279523149,152381279524694,1790295482973628912,1000,1
1916,28637466104928,1790295482755754814,1790295482755000000,152381284523149,152381284525579,1790295482978629818,1000,1
1917,28637472223336,1790295482761891740,1790295482762000000,152381289523149,152381289524141,1790295482983628019,1000,1
1918,28637474530817,1790295482764247665,1790295482764000000,152381294523149,152381294523813,1790295482988626840,1000,1
1919,28637480354558,1790295482769898702,1790295482770000000,152381299523149,152381299523466,1790295482993626412,1000,1
1920,28637488301188,1790295482777894777,1790295482778000000,152381304523149,152381304523579,1790295482998626596,1000,1
1921,28637492264040,1790295482781897221,1790295482782000000,152381309523149,152381309523714,1790295483003626731,1000,1
1922,28637496161521,1790295482785889036,1790295482786000000,152381314523149,152381314523848,1790295483008626864,1000,1
1923,28637503876854,1790295482793460073,1790295482793000000,152381319523149,152381319523851,1790295483013626867,1000,1
1924,28637508255595,1790295482797893925,1790295482798000000,152381324523149,152381324526048,1790295483018630397,1000,1
1925,28637511057410,1790295482799883221,1790295482800000000,152381329523149,152381329524120,1790295483023627727,1000,1
1926,28637516253336,1790295482805896295,1790295482806000000,152381334523149,152381334525415,1790295483028630546,1000,1
1927,28637520170003,1790295482809886851,1790295482810000000,152381339523149,152381339525118,1790295483033630579,1000,1
1928,28637528392891,1790295482817900369,1790295482818000000,152381344523149,152381344525131,1790295483038628638,1000,1
1929,28637532262077,1790295482821896036,1790295482822000000,152381349523149,152381349524425,1790295483043627952,1000,1
1930,28637536245410,1790295482825898295,1790295482826000000,152381354523149,152381354526201,1790295483048630440,1000,1
1931,28637539726743,1790295482829434777,1790295482829000000,152381359523149,152381359525924,1790295483053630443,1000,1
1932,28637545924299,1790295482835509554,1790295482835000000,152381364523149,152381364525386,1790295483058629615,1000,1
1933,28637552319928,1790295482841914962,1790295482842000000,152381369523149,152381369525602,1790295483063630351,1000,1
1934,28637556234965,1790295482845683443,1790295482846000000,152381374523149,152381374525675,1790295483068630164,1000,1
1935,28637560230558,1790295482849896925,1790295482850000000,152381379523149,152381379524917,1790295483073629115,1000,1
1936,28637567678373,1790295482857258591,1790295482857000000,152381384523149,152381384525692,1790295483078630081,1000,1
1937,28637570493928,1790295482860082184,1790295482860000000,152381389523149,152381389525526,1790295483083629965,1000,1
1938,28637576364928,1790295482865910888,1790295482866000000,152381394523149,152381394524758,1790295483088628325,1000,1
1939,28637580286780,1790295482869910147,1790295482870000000,152381399523149,152381399524991,1790295483093629280,1000,1
1940,28637588244188,1790295482877899258,1790295482878000000,152381404523149,152381404525646,1790295483098629905,1000,1
1941,28637589917447,1790295482879516962,1790295482879000000,152381409523149,152381409525280,1790295483103628807,1000,1
1942,28637596305373,1790295482885914591,1790295482886000000,152381414523149,152381414524802,1790295483108629001,1000,1
1943,28637600289780,1790295482889896888,1790295482890000000,152381419523149,152381419526008,1790295483113630467,1000,1
1944,28637608246595,1790295482897892184,1790295482898000000,152381424523149,152381424526592,1790295483118630740,1000,1
1945,28637612239410,1790295482901871925,1790295482902000000,152381429523149,152381429524583,1790295483123628401,1000,1
1946,28637616323891,1790295482905904739,1790295482906000000,152381434523149,152381434525919,1790295483128630177,1000,1
1947,28637620266595,1790295482909900702,1790295482910000000,152381439523149,152381439525962,1790295483133630521,1000,1
1948,28637624937336,1790295482914561591,1790295482914000000,152381444523149,152381444525534,1790295483138629863,1000,1
1949,28637632212484,1790295482921886443,1790295482922000000,152381449523149,152381449524858,1790295483143629027,1000,1
1950,28637636102039,1790295482925624851,1790295482925000000,152381454523149,152381454526094,1790295483148630403,1000,1
1951,28637640285262,1790295482929895925,1790295482930000000,152381459523149,152381459526247,1790295483153630516,1000,1
1952,28637645916077,1790295482935542406,1790295482935000000,152381464523149,152381464524517,1790295483158628936,1000,1
1953,28637651213188,1790295482940858036,1790295482941000000,152381469523149,152381469525494,1790295483163629101,1000,1
1954,28637656320039,1790295482945900591,1790295482946000000,152381474523149,152381474532851,1790295483168637050,1000,1
1955,28637660304114,1790295482949908554,1790295482950000000,152381479523149,152381479525741,1790295483173630029,1000,1
1956,28637668239854,1790295482957894406,1790295482958000000,152381484523149,152381484526084,1790295483178630373,1000,1
1957,28637672385151,1790295482961904925,1790295482962000000,152381489523149,152381489526120,1790295483183630519,1000,1
1958,28637676255780,1790295482965896962,1790295482966000000,152381494523149,152381494525842,1790295483188630302,1000,1
1959,28637680193336,1790295482969649925,1790295482970000000,152381499523149,152381499524643,1790295483193629082,1000,1
1960,28637688214817,1790295482977891110,1790295482978000000,152381504523149,152381504526119,1790295483198630438,1000,1
1961,28637690802114,1790295482980529480,1790295482980000000,152381509523149,152381509526085,1790295483203630333,1000,1
1962,28637696326076,1790295482985913184,1790295482986000000,152381514523149,152381514525266,1790295483208629405,1000,1
1963,28637700247780,1790295482989909702,1790295482990000000,152381519523149,152381519525520,1790295483213630320,1000,1
1964,28637708250373,1790295482997899591,1790295482998000000,152381524523149,152381524525403,1790295483218629882,1000,1
1965,28637712168669,1790295483001888665,1790295483002000000,152381529523149,152381529525227,1790295483223629366,1000,1
1966,28637716311225,1790295483005859517,1790295483006000000,152381534523149,152381534526633,1790295483228630882,1000,1
1967,28637720254299,1790295483009902369,1790295483010000000,152381539523149,152381539526105,1790295483233630284,1000,1
1968,28637728245262,1790295483017897888,1790295483018000000,152381544523149,152381544525640,1790295483238630079,1000,1
1969,28637732195076,1790295483021903258,1790295483022000000,152381549523149,152381549524982,1790295483243629130,1000,1
1970,28637736212891,1790295483025682702,1790295483026000000,152381554523149,152381554526007,1790295483248630526,1000,1
1971,28637740307410,1790295483029902369,1790295483030000000,152381559523149,152381559525900,1790295483253630309,1000,1
1972,28637747696484,1790295483037258110,1790295483037000000,152381564523149,152381564524533,1790295483258629222,1000,1
1973,28637752208299,1790295483041891702,1790295483042000000,152381569523149,152381569524686,1790295483263628825,1000,1
1974,28637756183928,1790295483045897962,1790295483046000000,152381574523149,152381574525721,1790295483268630401,1000,1
1975,28637760350113,1790295483049904110,1790295483050000000,152381579523149,152381579524742,1790295483273628310,1000,1
1976,28637768352521,1790295483057912850,1790295483058000000,152381584523149,152381584524818,1790295483278629437,1000,1
1977,28637769861484,1790295483059492850,1790295483059000000,152381589523149,152381589525983,1790295483283630122,1000,1
1978,28637780304891,1790295483069907110,1790295483070000000,152381594523149,152381594525525,1790295483288629714,1000,1
1979,28637784304262,1790295483073900443,1790295483074000000,152381599523149,152381599524957,1790295483293629146,1000,1
1980,28637788286039,1790295483077891332,1790295483078000000,152381604523149,152381604525193,1790295483298629071,1000,1
1981,28637792536669,1790295483081869702,1790295483082000000,152381609523149,152381609525957,1790295483303630186,1000,1
1982,28637796379743,1790295483085900517,1790295483086000000,152381614523149,152381614524939,1790295483308629097,1000,1
1983,28637801070558,1790295483089895925,1790295483090000000,152381619523149,152381619526345,1790295483313630613,1000,1
1984,28637808239151,1790295483097888776,1790295483098000000,152381624523149,152381624526260,1790295483318630558,1000,1
1985,28637813006410,1790295483101885258,1790295483102000000,152381629523149,152381629525732,1790295483323629880,1000,1
1986,28637814981447,1790295483104648073,1790295483104000000,152381634523149,152381634526476,1790295483328630675,1000,1
1987,28637820415002,1790295483109913480,1790295483110000000,152381639523149,152381639526229,1790295483333630458,1000,1
1988,28637825341002,1790295483114962776,1790295483115000000,152381644523149,152381644525632,1790295483338629801,1000,1
1989,28637832333891,1790295483121898554,1790295483122000000,152381649523149,152381649525465,1790295483343629704,1000,1
1990,28637836258076,1790295483125894776,1790295483126000000,152381654523149,152381654525979,1790295483348630889,1000,1
1991,28637840336965,1790295483129913554,1790295483130000000,152381659523149,152381659526113,1790295483353630722,1000,1
1992,28637848582002,1790295483137895554,1790295483138000000,152381664523149,152381664524915,1790295483358629044,1000,1
1993,28637852270558,1790295483141912036,1790295483142000000,152381669523149,152381669525149,1790295483363630049,1000,1
1994,28637855023706,1790295483144696554,1790295483144000000,152381674523149,152381674526264,1790295483368630383,1000,1
1995,28637861050336,1790295483150611406,1790295483150000000,152381679523149,152381679525807,1790295483373630005,1000,1
1996,28637868318188,1790295483157909739,1790295483158000000,152381684523149,152381684524870,1790295483378629059,1000,1
1997,28637871314336,1790295483160828406,1790295483161000000,152381689523149,152381689525034,1790295483383630565,1000,1
1998,28637876264447,1790295483165893258,1790295483166000000,152381694523149,152381694524776,1790295483388628725,1000,1
1999,28637880164039,1790295483169885480,1790295483170000000,152381699523149,152381699525170,1790295483393629419,1000,1
2000,28637888340447,1790295483177915036,1790295483178000000,152381704523149,152381704525967,1790295483398630446,1000,1
2001,28637891176150,1790295483180809813,1790295483181000000,152381709523149,152381709526020,1790295483403630499,1000,1
2002,28637896260113,1790295483185899961,1790295483186000000,152381714523149,152381714525061,1790295483408629360,1000,1
2003,28637900250928,1790295483189895813,1790295483190000000,152381719523149,152381719526808,1790295483413631007,1000,1
2004,28637904900632,1790295483194504517,1790295483194000000,152381724523149,152381724525581,1790295483418630050,1000,1
2005,28637912311854,1790295483201915036,1790295483202000000,152381729523149,152381729525724,1790295483423629913,1000,1
2006,28637916216595,1790295483205753036,1790295483206000000,152381734523149,152381734526118,1790295483428630547,1000,1
2007,28637920224484,1790295483209898184,1790295483210000000,152381739523149,152381739526242,1790295483433630400,1000,1
2008,28637925438521,1790295483215169406,1790295483215000000,152381744523149,152381744525686,1790295483438629855,1000,1
2009,28637932324373,1790295483221895628,1790295483222000000,152381749523149,152381749525168,1790295483443629397,1000,1
2010,28637936248558,1790295483225905739,1790295483226000000,152381754523149,152381754525532,1790295483448629160,1000,1
2011,28637940259669,1790295483229897554,1790295483230000000,152381759523149,152381759526126,1790295483453630325,1000,1
2012,28637948184187,1790295483237895887,1790295483238000000,152381764523149,152381764524949,1790295483458629108,1000,1
2013,28637950217706,1790295483239748258,1790295483240000000,152381769523149,152381769524652,1790295483463628560,1000,1
2014,28637954753113,1790295483244353998,1790295483244000000,152381774523149,152381774525116,1790295483468628653,1000,1
2015,28637960344150,1790295483249916628,1790295483250000000,152381779523149,152381779569633,1790295483473673872,1000,1
2016,28637965505854,1790295483255138702,1790295483255000000,152381784523149,152381784524673,1790295483478628772,1000,1
2017,28637972257780,1790295483261902554,1790295483262000000,152381789523149,152381789525578,1790295483483629116,1000,1
2018,28637975685706,1790295483265286591,1790295483265000000,152381794523149,152381794525581,1790295483488629499,1000,1
2019,28637980241150,1790295483269894517,1790295483270000000,152381799523149,152381799524913,1790295483493629032,1000,1
2020,28637988249484,1790295483277888443,1790295483278000000,152381804523149,152381804525119,1790295483498629288,1000,1
2021,28637992170854,1790295483281891480,1790295483282000000,152381809523149,152381809525563,1790295483503629120,1000,1
2022,28637996336336,1790295483285921591,1790295483286000000,152381814523149,152381814525226,1790295483508629524,1000,1
2023,28638000250076,1790295483289900776,1790295483290000000,152381819523149,152381819526002,1790295483513630241,1000,1
2024,28638004861002,1790295483294483332,1790295483294000000,152381824523149,152381824526026,1790295483518630144,1000,1
2025,28638012250150,1790295483301892147,1790295483302000000,152381829523149,152381829525528,1790295483523630087,1000,1
2026,28638016150928,1790295483305886961,1790295483306000000,152381834523149,152381834524269,1790295483528627786,1000,1
2027,28638020331261,1790295483309911813,1790295483310000000,152381839523149,152381839523913,1790295483533626929,1000,1
2028,28638025748150,1790295483315410443,1790295483315000000,152381844523149,152381844523766,1790295483538626792,1000,1
2029,28638029743558,1790295483319299665,1790295483319000000,152381849523149,152381849523779,1790295483543626805,1000,1
2030,28638036302002,1790295483325895035,1790295483326000000,152381854523149,152381854526377,1790295483548630806,1000,1
2031,28638040130002,1790295483329510332,1790295483330000000,152381859523149,152381859525921,1790295483553630410,1000,1
2032,28638048386965,1790295483337896406,1790295483338000000,152381864523149,152381864524882,1790295483558629021,1000,1
2033,28638051887076,1790295483340750295,1790295483341000000,152381869523149,152381869524955,1790295483563628783,1000,1
2034,28638054923373,1790295483344603665,1790295483344000000,152381874523149,152381874525480,1790295483568629338,1000,1
2035,28638060204039,1790295483349891665,1790295483350000000,152381879523149,152381879525104,1790295483573629683,1000,1
2036,28638068343187,1790295483357913258,1790295483358000000,152381884523149,152381884524746,1790295483578628875,1000,1
2037,28638072301706,1790295483361895887,1790295483362000000,152381889523149,152381889525290,1790295483583628968,1000,1
2038,28638075886521,1790295483365529184,1790295483365000000,152381894523149,152381894525554,1790295483588630033,1000,1
2039,28638080168484,1790295483369900517,1790295483370000000,152381899523149,152381899525359,1790295483593629718,1000,1
2040,28638085120928,1790295483374647813,1790295483375000000,152381904523149,152381904526064,1790295483598630303,1000,1
2041,28638092303669,1790295483381913850,1790295483382000000,152381909523149,152381909526478,1790295483603630626,1000,1
2042,28638096843595,1790295483385970554,1790295483386000000,152381914523149,152381914525620,1790295483608629848,1000,1
2043,28638100271780,1790295483389898887,1790295483390000000,152381919523149,152381919525885,1790295483613630335,1000,1
2044,28638104990373,1790295483394703998,1790295483394000000,152381924523149,152381924526490,1790295483618630699,1000,1
2045,28638112322928,1790295483401897739,1790295483402000000,152381929523149,152381929525060,1790295483623628858,1000,1
2046,28638116241854,1790295483405907665,1790295483406000000,152381934523149,152381934524392,1790295483628628160,1000,1
2047,28638120264298,1790295483409896665,1790295483410000000,152381939523149,152381939524116,1790295483633627664,1000,1
2048,28638125615484,1790295483415345665,1790295483415000000,152381944523149,152381944523789,1790295483638626806,1000,1
2049,28638130170447,1790295483419748184,1790295483420000000,152381949523149,152381949523682,1790295483643626699,1000,1
2050,28638136290558,1790295483425902332,1790295483426000000,152381954523149,152381954641388,1790295483648744435,1000,1
2051,28638140274854,1790295483429927369,1790295483430000000,152381959523149,152381959523780,1790295483653626807,1000,1
2052,28638148247595,1790295483437890739,1790295483438000000,152381964523149,152381964523844,1790295483658626870,1000,1
2053,28638152265669,1790295483441866295,1790295483442000000,152381969523149,152381969526151,1790295483663630390,1000,1
2054,28638156314187,1790295483445901961,1790295483446000000,152381974523149,152381974525173,1790295483668628730,1000,1
2055,28638160252632,1790295483449903406,1790295483450000000,152381979523149,152381979525919,1790295483673630197,1000,1
2056,28638168257521,1790295483457890961,1790295483458000000,152381984523149,152381984525271,1790295483678630381,1000,1
2057,28638172158373,1790295483461892332,1790295483462000000,152381989523149,152381989539761,1790295483683643309,1000,1
2058,28638175086373,1790295483464534776,1790295483464000000,152381994523149,152381994533623,1790295483688637882,1000,1
2059,28638180294298,1790295483469897258,1790295483470000000,152381999523149,152381999525592,1790295483693629861,1000,1
2060,28638186099891,1790295483475538850,1790295483475000000,152382004523149,152382004526157,1790295483698630386,1000,1
2061,28638190596113,1790295483480250850,1790295483480000000,152382009523149,152382009526711,1790295483703630900,1000,1
2062,28638196167669,1790295483485886961,1790295483486000000,152382014523149,152382014524270,1790295483708628218,1000,1
2063,28638200341743,1790295483489923295,1790295483490000000,152382019523149,152382019523773,1790295483713626800,1000,1
2064,28638208539780,1790295483497894591,1790295483498000000,152382024523149,152382024523797,1790295483718626813,1000,1
2065,28638212226558,1790295483501896480,1790295483502000000,152382029523149,152382029523820,1790295483723626846,1000,1
2066,28638216165743,1790295483505892591,1790295483506000000,152382034523149,152382034523583,1790295483728626609,1000,1
2067,28638220170965,1790295483509588998,1790295483510000000,152382039523149,152382039524740,1790295483733628608,1000,1
2068,28638228280891,1790295483517850146,1790295483518000000,152382044523149,152382044526045,1790295483738630835,1000,1
2069,28638231165780,1790295483520746443,1790295483521000000,152382049523149,152382049524385,1790295483743627943,1000,1
2070,28638236234484,1790295483525903258,1790295483526000000,152382054523149,152382054524881,1790295483748629079,1000,1
2071,28638240158484,1790295483529890665,1790295483530000000,152382059523149,152382059526157,1790295483753630346,1000,1
2072,28638248328447,1790295483537918850,1790295483538000000,152382064523149,152382064525268,1790295483758629587,1000,1
2073,28638252260410,1790295483541898295,1790295483542000000,152382069523149,152382069524200,1790295483763627787,1000,1
2074,28638256245669,1790295483545895221,1790295483546000000,152382074523149,152382074526067,1790295483768630306,1000,1
2075,28638260201595,1790295483549904406,1790295483550000000,152382079523149,152382079525109,1790295483773629027,1000,1
2076,28638268313187,1790295483557905961,1790295483558000000,152382084523149,152382084525994,1790295483778630173,1000,1
2077,28638272304002,1790295483561909961,1790295483562000000,152382089523149,152382089525967,1790295483783630166,1000,1
2078,28638276219595,1790295483565730628,1790295483566000000,152382094523149,152382094525250,1790295483788628778,1000,1
2079,28638280258224,1790295483569894480,1790295483570000000,152382099523149,152382099525134,1790295483793629333,1000,1
2081,28638292323076,1790295483581898702,1790295483582000000,152382109523149,152382109524830,1790295483803628678,1000,1
2082,28638296237484,1790295483585891072,1790295483586000000,152382114523149,152382114525766,1790295483808629904,1000,1
2083,28638300287780,1790295483589896554,1790295483590000000,152382119523149,152382119526391,1790295483813630710,1000,1
2084,28638305370150,1790295483595090813,1790295483595000000,152382124523149,152382124525502,1790295483818630242,1000,1
2085,28638309840484,1790295483599482109,1790295483599000000,152382129523149,152382129525916,1790295483823630035,1000,1
2086,28638316286632,1790295483605898517,1790295483606000000,152382134523149,152382134525470,1790295483828629017,1000,1
2087,28638320307817,1790295483609906369,1790295483610000000,152382139523149,152382139526175,1790295483833630384,1000,1
2088,28638328264706,1790295483617890443,1790295483618000000,152382144523149,152382144526178,1790295483838630707,1000,1
2089,28638330478261,1790295483620155406,1790295483620000000,152382149523149,152382149524258,1790295483843628637,1000,1
2090,28638336397150,1790295483625900072,1790295483626000000,152382154523149,152382154525674,1790295483848629212,1000,1
2091,28638340247669,1790295483629901109,1790295483630000000,152382159523149,152382159526009,1790295483853630268,1000,1
2092,28638348299965,1790295483637894443,1790295483638000000,152382164523149,152382164525211,1790295483858629389,1000,1
2093,28638352312335,1790295483641897332,1790295483642000000,152382169523149,152382169526526,1790295483863630755,1000,1
2095,28638360391261,1790295483649898998,1790295483650000000,152382179523149,152382179525512,1790295483873630021,1000,1
2096,28638365845743,1790295483655527961,1790295483655000000,152382184523149,152382184525606,1790295483878629764,1000,1
2097,28638372271298,1790295483661892517,1790295483662000000,152382189523149,152382189525408,1790295483883630198,1000,1
2098,28638376266372,1790295483665901146,1790295483666000000,152382194523149,152382194526214,1790295483888630383,1000,1
2099,28638380372076,1790295483669917665,1790295483670000000,152382199523149,152382199525206,1790295483893629415,1000,1
2100,28638388193706,1790295483677890702,1790295483678000000,152382204523149,152382204525650,1790295483898630129,1000,1
2101,28638392271669,1790295483681893183,1790295483682000000,152382209523149,152382209526244,1790295483903630423,1000,1
2102,28638396166372,1790295483685884665,1790295483686000000,152382214523149,152382214525727,1790295483908630216,1000,1
2103,28638399877187,1790295483689528998,1790295483689000000,152382219523149,152382219526423,1790295483913630632,1000,1
2104,28638408307224,1790295483697898220,1790295483698000000,152382224523149,152382224525635,1790295483918630415,1000,1
2105,28638411083298,1790295483700738406,1790295483700000000,152382229523149,152382229526590,1790295483923630808,1000,1
2106,28638416257669,1790295483705905702,1790295483706000000,152382234523149,152382234525812,1790295483928630622,1000,1
2107,28638420295261,1790295483709898591,1790295483710000000,152382239523149,152382239526309,1790295483933630527,1000,1
2108,28638428391039,1790295483717908257,1790295483718000000,152382244523149,152382244526061,1790295483938630521,1000,1
2109,28638430096076,1790295483719640072,1790295483719000000,152382249523149,152382249524902,1790295483943628420,1000,1
2110,28638436331298,1790295483725905480,1790295483726000000,152382254523149,152382254525707,1790295483948629916,1000,1
2111,28638440259706,1790295483729924591,1790295483730000000,152382259523149,152382259526261,1790295483953630430,1000,1
2112,28638445209483,1790295483734866294,1790295483735000000,152382264523149,152382264525834,1790295483958630032,1000,1
2113,28638452235039,1790295483741892072,1790295483742000000,152382269523149,152382269525386,1790295483963628903,1000,1
2114,28638456161706,1790295483745539776,1790295483746000000,152382274523149,152382274524629,1790295483968628647,1000,1
2115,28638460323002,1790295483749905998,1790295483750000000,152382279523149,152382279525926,1790295483973630115,1000,1
2116,28638467334372,1790295483757009998,1790295483757000000,152382284523149,152382284526260,1790295483978630399,1000,1
2117,28638472198743,1790295483761899702,1790295483762000000,152382289523149,152382289524921,1790295483983629180,1000,1
2118,28638476244076,1790295483765896406,1790295483766000000,152382294523149,152382294523642,1790295483988626598,1000,1
2119,28638480333854,1790295483769903998,1790295483770000000,152382299523149,152382299523705,1790295483993626731,1000,1
2120,28638488253520,1790295483777896146,1790295483778000000,152382304523149,152382304523898,1790295483998626925,1000,1
2121,28638489626632,1790295483779362035,1790295483779000000,152382309523149,152382309523742,1790295484003626758,1000,1
2122,28638496206780,1790295483785888072,1790295483786000000,152382314523149,152382314523806,1790295484008626833,1000,1
2123,28638500232187,1790295483789895183,1790295483790000000,152382319523149,152382319523809,1790295484013626836,1000,1
2124,28638508290632,1790295483797897109,1790295483798000000,152382324523149,152382324525716,1790295484018630125,1000,1
2125,28638512265298,1790295483801872072,1790295483802000000,152382329523149,152382329524668,1790295484023628857,1000,1
2126,28638516228002,1790295483805904554,1790295483806000000,152382334523149,152382334525985,1790295484028630143,1000,1
2127,28638520158557,1790295483809888072,1790295483810000000,152382339523149,152382339525397,1790295484033630227,1000,1
2128,28638527413928,1790295483816988739,1790295483817000000,152382344523149,152382344524679,1790295484038628737,1000,1
2129,28638532244224,1790295483821896257,1790295483822000000,152382349523149,152382349524903,1790295484043628450,1000,1
2130,28638534848891,1790295483824507294,1790295483824000000,152382354523149,152382354524947,1790295484048628605,1000,1
2131,28638540226150,1790295483829888220,1790295483830000000,152382359523149,152382359525932,1790295484053630231,1000,1
2132,28638546160187,1790295483835646961,1790295483836000000,152382364523149,152382364525615,1790295484058629934,1000,1
2133,28638552313002,1790295483841912665,1790295483842000000,152382369523149,152382369525188,1790295484063628715,1000,1
2134,28638555940669,1790295483845609998,1790295483845000000,152382374523149,152382374525102,1790295484068628649,1000,1
2135,28638560293446,1790295483849898443,1790295483850000000,152382379523149,152382379525706,1790295484073629905,1000,1
2136,28638568220520,1790295483857892035,1790295483858000000,152382384523149,152382384523886,1790295484078626912,1000,1
2137,28638569823002,1790295483859444739,1790295483859000000,152382389523149,152382389524731,1790295484083629271,1000,1
2138,28638576232335,1790295483865890998,1790295483866000000,152382394523149,152382394525928,1790295484088630117,1000,1
2139,28638579775039,1790295483869396998,1790295483869000000,152382399523149,152382399526011,1790295484093630190,1000,1
2140,28638588299669,1790295483877898406,1790295483878000000,152382404523149,152382404525844,1790295484098630363,1000,1
2141,28638591697743,1790295483881151443,1790295483881000000,152382409523149,152382409525157,1790295484103628714,1000,1
2142,28638596197261,1790295483885891406,1790295483886000000,152382414523149,152382414526564,1790295484108630793,1000,1
2143,28638600157520,1790295483889884998,1790295483890000000,152382419523149,152382419526227,1790295484113630416,1000,1
2144,28638608302335,1790295483897898331,1790295483898000000,152382424523149,152382424526180,1790295484118630399,1000,1
2145,28638612266706,1790295483901891406,1790295483902000000,152382429523149,152382429525352,1790295484123630222,1000,1
2146,28638616232261,1790295483905896257,1790295483906000000,152382434523149,152382434525335,1790295484128629594,1000,1
2147,28638620140446,1790295483909888183,1790295483910000000,152382439523149,152382439525669,1790295484133630228,1000,1
2148,28638628324632,1790295483917902554,1790295483918000000,152382444523149,152382444526223,1790295484138630422,1000,1
2149,28638632227039,1790295483921894739,1790295483922000000,152382449523149,152382449525397,1790295484143629615,1000,1
2150,28638636870039,1790295483926507220,1790295483926000000,152382454523149,152382454525891,1790295484148630260,1000,1
2151,28638640174780,1790295483929892739,1790295483930000000,152382459523149,152382459525814,1790295484153630012,1000,1
2152,28638647129743,1790295483936861368,1790295483937000000,152382464523149,152382464524815,1790295484158628713,1000,1
2153,28638652339891,1790295483941896405,1790295483942000000,152382469523149,152382469525461,1790295484163629059,1000,1
2154,28638656274706,1790295483945914331,1790295483946000000,152382474523149,152382474524773,1790295484168628641,1000,1
2155,28638660293743,1790295483949897813,1790295483950000000,152382479523149,152382479525768,1790295484173630257,1000,1
2156,28638668195669,1790295483957892072,1790295483958000000,152382484523149,152382484526162,1790295484178630371,1000,1
2157,28638669892631,1790295483959532813,1790295483959000000,152382489523149,152382489525576,1790295484183629484,1000,1
2158,28638676342113,1790295483965901035,1790295483966000000,152382494523149,152382494525679,1790295484188630248,1000,1
2159,28638680242631,1790295483969907257,1790295483970000000,152382499523149,152382499525933,1790295484193630151,1000,1
2160,28638688250743,1790295483977891665,1790295483978000000,152382504523149,152382504524684,1790295484198629293,1000,1
2161,28638692292372,1790295483981896368,1790295483982000000,152382509523149,152382509524708,1790295484203628626,1000,1
2162,28638696338891,1790295483985903665,1790295483986000000,152382514523149,152382514526475,1790295484208630774,1000,1
2163,28638700227113,1790295483989897924,1790295483990000000,152382519523149,152382519526167,1790295484213630416,1000,1
2164,28638708243668,1790295483997889331,1790295483998000000,152382524523149,152382524526391,1790295484218630650,1000,1
2165,28638712177594,1790295484001886850,1790295484002000000,152382529523149,152382529525495,1790295484223630034,1000,1
2166,28638716348743,1790295484005903924,1790295484006000000,152382534523149,152382534526339,1790295484228630528,1000,1
2167,28638724279076,1790295484013904924,1790295484014000000,152382539523149,152382539526483,1790295484233630662,1000,1
2168,28638726855668,1790295484016502480,1790295484016000000,152382544523149,152382544526566,1790295484238630725,1000,1
2169,28638732185372,1790295484021891183,1790295484022000000,152382549523149,152382549525990,1790295484243630179,1000,1
2170,28638736132335,1790295484025885924,1790295484026000000,152382554523149,152382554525513,1790295484248629040,1000,1
2171,28638740245335,1790295484029802220,1790295484030000000,152382559523149,152382559525957,1790295484253630105,1000,1
2172,28638748266928,1790295484037895146,1790295484038000000,152382564523149,152382564526521,1790295484258630740,1000,1
2173,28638752240261,1790295484041910628,1790295484042000000,152382569523149,152382569526456,1790295484263630655,1000,1
2174,28638756159372,1790295484045893665,1790295484046000000,152382574523149,152382574525137,1790295484268630227,1000,1
2175,28638759795076,1790295484049496517,1790295484049000000,152382579523149,152382579525741,1790295484273630200,1000,1
2177,28638771096743,1790295484060536405,1790295484060000000,152382589523149,152382589525729,1790295484283630159,1000,1
2178,28638776261446,1790295484065902554,1790295484066000000,152382594523149,152382594525963,1790295484288630202,1000,1
2179,28638780216557,1790295484069889183,1790295484070000000,152382599523149,152382599525656,1790295484293630005,1000,1
2180,28638786101891,1790295484075664776,1790295484075000000,152382604523149,152382604525080,1790295484298628667,1000,1
2182,28638796254409,1790295484085895183,1790295484086000000,152382614523149,152382614526348,1790295484308630547,1000,1
2183,28638800163891,1790295484089901442,1790295484090000000,152382619523149,152382619526532,1790295484313630741,1000,1
2185,28638812344150,1790295484101911479,1790295484102000000,152382629523149,152382629526310,1790295484323630488,1000,1
2186,28638815937742,1790295484105532442,1790295484105000000,152382634523149,152382634525932,1790295484328630442,1000,1
2187,28638820226446,1790295484109894702,1790295484110000000,152382639523149,152382639526096,1790295484333630395,1000,1
2188,28638827278520,1790295484116972405,1790295484117000000,152382644523149,152382644525720,1790295484338630049,1000,1
2189,28638832303705,1790295484121898998,1790295484122000000,152382649523149,152382649524962,1790295484343629812,1000,1
2190,28638836310261,1790295484125918516,1790295484126000000,152382654523149,152382654525175,1790295484348628743,1000,1
2191,28638840256039,1790295484129896961,1790295484130000000,152382659523149,152382659525900,1790295484353630109,1000,1
2193,28638852372891,1790295484141899887,1790295484142000000,152382669523149,152382669525788,1790295484363630247,1000,1
2194,28638856235113,1790295484145898405,1790295484146000000,152382674523149,152382674526543,1790295484368630741,1000,1
2195,28638860124372,1790295484149761924,1790295484150000000,152382679523149,152382679526235,1790295484373630414,1000,1
2196,28638868258965,1790295484157891405,1790295484158000000,152382684523149,152382684525259,1790295484378629417,1000,1
2197,28638872251446,1790295484161897368,1790295484162000000,152382689523149,152382689526624,1790295484383630803,1000,1
2198,28638876351076,1790295484165903628,1790295484166000000,152382694523149,152382694526387,1790295484388630576,1000,1
2199,28638880314335,1790295484169899442,1790295484170000000,152382699523149,152382699525709,1790295484393629918,1000,1
2200,28638885567076,1790295484175193887,1790295484175000000,152382704523149,152382704526153,1790295484398630332,1000,1
2202,28638896425298,1790295484185917516,1790295484186000000,152382714523149,152382714526071,1790295484408630330,1000,1
2203,28638900249854,1790295484189898368,1790295484190000000,152382719523149,152382719526585,1790295484413630764,1000,1
2204,28638906299594,1790295484195685220,1790295484196000000,152382724523149,152382724525869,1790295484418630348,1000,1
2205,28638912292742,1790295484201893591,1790295484202000000,152382729523149,152382729525692,1790295484423630161,1000,1
2206,28638916190594,1790295484205889294,1790295484206000000,152382734523149,152382734525795,1790295484428630264,1000,1
2207,28638920393594,1790295484209917553,1790295484210000000,152382739523149,152382739525981,1790295484433630430,1000,1
2208,28638928553187,1790295484217902072,1790295484218000000,152382744523149,152382744526014,1790295484438630183,1000,1
2209,28638932321631,1790295484221907442,1790295484222000000,152382749523149,152382749525797,1790295484443630266,1000,1
2210,28638939768076,1790295484229376739,1790295484229000000,152382754523149,152382754526171,1790295484448630389,1000,1
2211,28638944315224,1790295484233897516,1790295484234000000,152382759523149,152382759525443,1790295484453630192,1000,1
2212,28638945065705,1790295484234683590,1790295484234000000,152382764523149,152382764525668,1790295484458629847,1000,1
2213,28638950931928,1790295484240534887,1790295484240000000,152382769523149,152382769526122,1790295484463630351,1000,1
2214,28638956239002,1790295484245896072,1790295484246000000,152382774523149,152382774526496,1790295484468630695,1000,1
2215,28638960192076,1790295484249885442,1790295484250000000,152382779523149,152382779526482,1790295484473630690,1000,1
2216,28638968344594,1790295484257895739,1790295484258000000,152382784523149,152382784525633,1790295484478629882,1000,1
2217,28638972286705,1790295484261892850,1790295484262000000,152382789523149,152382789525406,1790295484483628984,1000,1
2218,28638976268113,1790295484265897146,1790295484266000000,152382794523149,152382794525650,1790295484488629187,1000,1
2219,28638980189409,1790295484269886628,1790295484270000000,152382799523149,152382799525244,1790295484493629242,1000,1
2220,28638985954705,1790295484274963924,1790295484275000000,152382804523149,152382804525908,1790295484498630087,1000,1
2221,28638990784557,1790295484280407553,1790295484280000000,152382809523149,152382809526442,1790295484503630641,1000,1
2222,28638996910224,1790295484285868146,1790295484286000000,152382814523149,152382814525744,1790295484508629893,1000,1
2223,28639000196224,1790295484289899257,1790295484290000000,152382819523149,152382819525559,1790295484513630039,1000,1
2224,28639006155853,1790295484295757109,1790295484296000000,152382824523149,152382824526254,1790295484518630703,1000,1
2225,28639012384631,1790295484301895665,1790295484302000000,152382829523149,152382829526307,1790295484523630536,1000,1
2226,28639016252261,1790295484305895405,1790295484306000000,152382834523149,152382834524577,1790295484528629237,1000,1
2227,28639020303891,1790295484309895405,1790295484310000000,152382839523149,152382839523820,1790295484533626837,1000,1
2228,28639028211483,1790295484317895813,1790295484318000000,152382844523149,152382844523674,1790295484538626690,1000,1
2229,28639030978668,1790295484320552072,1790295484320000000,152382849523149,152382849523767,1790295484543626783,1000,1
2230,28639039601446,1790295484329207516,1790295484329000000,152382854523149,152382854523640,1790295484548626656,1000,1
2231,28639040233113,1790295484329904887,1790295484330000000,152382859523149,152382859523885,1790295484553626901,1000,1
2232,28639047345816,1790295484336979850,1790295484337000000,152382864523149,152382864523628,1790295484558626644,1000,1
2233,28639052280668,1790295484341889850,1790295484342000000,152382869523149,152382869525144,1790295484563628942,1000,1
2234,28639056311520,1790295484345903850,1790295484346000000,152382874523149,152382874526030,1790295484568630569,1000,1
2235,28639060330002,1790295484349893146,1790295484350000000,152382879523149,152382879525723,1790295484573630262,1000,1
2236,28639068299520,1790295484357891109,1790295484358000000,152382884523149,152382884612931,1790295484578717120,1000,1
2237,28639072171631,1790295484361886776,1790295484362000000,152382889523149,152382889525208,1790295484583629117,1000,1
2238,28639076073261,1790295484365593072,1790295484365000000,152382894523149,152382894525582,1790295484588629811,1000,1
2239,28639080299928,1790295484369897553,1790295484370000000,152382899523149,152382899526099,1790295484593630688,1000,1
2240,28639086689853,1790295484375730368,1790295484376000000,152382904523149,152382904526042,1790295484598630190,1000,1
2241,28639092237224,1790295484381891405,1790295484382000000,152382909523149,152382909525995,1790295484603630113,1000,1
2242,28639096187928,1790295484385885590,1790295484386000000,152382914523149,152382914523805,1790295484608626831,1000,1
2243,28639100397446,1790295484389833664,1790295484390000000,152382919523149,152382919525943,1790295484613630172,1000,1
2244,28639107150928,1790295484396702072,1790295484397000000,152382924523149,152382924526136,1790295484618630595,1000,1
2245,28639112330261,1790295484401914035,1790295484402000000,152382929523149,152382929526260,1790295484623630448,1000,1
2246,28639116253039,1790295484405896331,1790295484406000000,152382934523149,152382934525021,1790295484628629400,1000,1
2247,28639119815076,1790295484409396220,1790295484409000000,152382939523149,152382939525917,1790295484633630316,1000,1
2248,28639128400483,1790295484417909516,1790295484418000000,152382944523149,152382944523846,1790295484638626862,1000,1
2249,28639130611742,1790295484420200516,1790295484420000000,152382949523149,152382949523709,1790295484643626735,1000,1
2250,28639136352446,1790295484425906850,1790295484426000000,152382954523149,152382954523813,1790295484648626840,1000,1
2251,28639140381965,1790295484429902257,1790295484430000000,152382959523149,152382959526633,1790295484653630831,1000,1
2252,28639148285520,1790295484437902146,1790295484438000000,152382964523149,152382964526055,1790295484658630414,1000,1
2253,28639152264779,1790295484441910183,1790295484442000000,152382969523149,152382969525126,1790295484663628663,1000,1
2254,28639156337631,1790295484445904442,1790295484446000000,152382974523149,152382974525120,1790295484668628718,1000,1
2255,28639160266372,1790295484449895887,1790295484450000000,152382979523149,152382979526517,1790295484673630766,1000,1
2256,28639165089594,1790295484454739627,1790295484454000000,152382984523149,152382984526490,1790295484678630739,1000,1
2257,28639172228335,1790295484461896739,1790295484462000000,152382989523149,152382989524529,1790295484683629239,1000,1
2258,28639176770927,1790295484465671146,1790295484466000000,152382994523149,152382994526397,1790295484688630686,1000,1
2259,28639180315742,1790295484469900109,1790295484470000000,152382999523149,152382999526110,1790295484693630349,1000,1
2260,28639187679002,1790295484477255701,1790295484477000000,152383004523149,152383004524851,1790295484698629010,1000,1
2261,28639192229224,1790295484481890813,1790295484482000000,152383009523149,152383009524294,1790295484703627972,1000,1
2262,28639196190779,1790295484485896590,1790295484486000000,152383014523149,152383014523867,1790295484708627445,1000,1
2263,28639200361631,1790295484489916776,1790295484490000000,152383019523149,152383019523851,1790295484713626877,1000,1
2264,28639207339446,1790295484496956961,1790295484497000000,152383024523149,152383024523814,1790295484718626840,1000,1
2265,28639210130890,1790295484499646516,1790295484500000000,152383029523149,152383029523777,1790295484723626804,1000,1
2266,28639216211372,1790295484505889220,1790295484506000000,152383034523149,152383034536766,1790295484728640965,1000,1
2267,28639220201150,1790295484509896220,1790295484510000000,152383039523149,152383039525348,1790295484733628865,1000,1
2268,28639228324705,1790295484517898627,1790295484518000000,152383044523149,152383044525621,1790295484738629800,1000,1
2269,28639232396224,1790295484521911961,1790295484522000000,152383049523149,152383049524934,1790295484743629083,1000,1
2270,28639236246187,1790295484525909961,1790295484526000000,152383054523149,152383054526030,1790295484748630299,1000,1
2271,28639243354890,1790295484533030701,1790295484533000000,152383059523149,152383059525102,1790295484753628609,1000,1
2272,28639248348557,1790295484537914405,1790295484538000000,152383064523149,152383064525997,1790295484758630195,1000,1
2273,28639252149520,1790295484541755331,1790295484542000000,152383069523149,152383069524969,1790295484763628406,1000,1
2274,28639255623446,1790295484544748590,1790295484545000000,152383074523149,152383074524843,1790295484768629191,1000,1
2275,28639260226446,1790295484549898220,1790295484550000000,152383079523149,152383079524675,1790295484773628533,1000,1
2276,28639265854594,1790295484555526775,1790295484555000000,152383084523149,152383084525109,1790295484778629589,1000,1
2277,28639272331039,1790295484561914813,1790295484562000000,152383089523149,152383089524552,1790295484783628641,1000,1
2278,28639276261113,1790295484565898072,1790295484566000000,152383094523149,152383094525760,1790295484788630049,1000,1
2279,28639280293076,1790295484569905553,1790295484570000000,152383099523149,152383099525793,1790295484793629962,1000,1
2280,28639288198409,1790295484577888257,1790295484578000000,152383104523149,152383104526157,1790295484798630396,1000,1
2281,28639292422557,1790295484581919664,1790295484582000000,152383109523149,152383109526020,1790295484803630168,1000,1
2282,28639296300964,1790295484585912442,1790295484586000000,152383114523149,152383114526143,1790295484808630372,1000,1
2283,28639300778001,1790295484590422924,1790295484590000000,152383119523149,152383119526086,1790295484813630285,1000,1
2285,28639312107446,1790295484601431924,1790295484601000000,152383129523149,152383129525932,1790295484823630101,1000,1
2286,28639316335520,1790295484605911109,1790295484606000000,152383134523149,152383134525375,1790295484828630175,1000,1
2287,28639320254927,1790295484609908961,1790295484610000000,152383139523149,152383139524277,1790295484833627744,1000,1
2288,28639328272779,1790295484617898257,1790295484618000000,152383144523149,152383144523719,1790295484838626735,1000,1
2289,28639332210446,1790295484621901257,1790295484622000000,152383149523149,152383149523673,1790295484843626700,1000,1
2290,28639336332261,1790295484625905294,1790295484626000000,152383154523149,152383154525590,1790295484848629138,1000,1
2291,28639340316779,1790295484629912442,1790295484630000000,152383159523149,152383159526205,1790295484853630433,1000,1
2292,28639345062150,1790295484634731442,1790295484634000000,152383164523149,152383164526579,1790295484858630807,1000,1
2293,28639352247076,1790295484641898146,1790295484642000000,152383169523149,152383169525863,1790295484863630031,1000,1
2294,28639355926335,1790295484645538146,1790295484645000000,152383174523149,152383174525134,1790295484868629253,1000,1
2295,28639360320964,1790295484649900072,1790295484650000000,152383179523149,152383179525578,1790295484873630068,1000,1
2296,28639367587483,1790295484657241035,1790295484657000000,152383184523149,152383184526103,1790295484878630271,1000,1
2297,28639372210076,1790295484661889479,1790295484662000000,152383189523149,152383189525877,1790295484883630316,1000,1
2298,28639376371853,1790295484665912998,1790295484666000000,152383194523149,152383194525970,1790295484888630219,1000,1
2299,28639380362520,1790295484669915627,1790295484670000000,152383199523149,152383199525432,1790295484893629641,1000,1
2300,28639389247224,1790295484677920590,1790295484679000000,152383204523149,152383204525957,1790295484898630436,1000,1
2301,28639390439594,1790295484679624331,1790295484680000000,152383209523149,152383209526132,1790295484903630331,1000,1
2302,28639396195224,1790295484685891405,1790295484686000000,152383214523149,152383214526265,1790295484908630454,1000,1
2303,28639400343446,1790295484689913109,1790295484690000000,152383219523149,152383219525747,1790295484913629956,1000,1
2304,28639407855742,1790295484697418183,1790295484697000000,152383224523149,152383224525971,1790295484918630090,1000,1
2305,28639412365224,1790295484701870961,1790295484702000000,152383229523149,152383229526227,1790295484923630436,1000,1
2306,28639416281038,1790295484705906220,1790295484706000000,152383234523149,152383234525859,1790295484928630278,1000,1
2307,28639420165150,1790295484709893109,1790295484710000000,152383239523149,152383239525552,1790295484933629971,1000,1
2308,28639428351816,1790295484717912627,1790295484718000000,152383244523149,152383244525736,1790295484938630175,1000,1
2309,28639432245631,1790295484721895479,1790295484722000000,152383249523149,152383249524728,1790295484943628887,1000,1
2310,28639435177890,1790295484724642664,1790295484725000000,152383254523149,152383254524140,1790295484948627888,1000,1
2311,28639440215187,1790295484729892479,1790295484730000000,152383259523149,152383259525927,1790295484953630146,1000,1
2312,28639447123668,1790295484736656701,1790295484737000000,152383264523149,152383264525990,1790295484958630239,1000,1
2313,28639452298705,1790295484741895220,1790295484742000000,152383269523149,152383269525484,1790295484963629733,1000,1
2314,28639456260298,1790295484745901738,1790295484746000000,152383274523149,152383274524726,1790295484968628223,1000,1
2315,28639460260075,1790295484749892924,1790295484750000000,152383279523149,152383279526002,1790295484973630160,1000,1
2316,28639468227742,1790295484757891146,1790295484758000000,152383284523149,152383284523923,1790295484978626939,1000,1
2317,28639472353112,1790295484761910924,1790295484762000000,152383289523149,152383289524587,1790295484983628766,1000,1
2318,28639476263927,1790295484765892294,1790295484766000000,152383294523149,152383294523639,1790295484988626675,1000,1
2319,28639479707890,1790295484769366590,1790295484769000000,152383299523149,152383299523612,1790295484993626528,1000,1
2320,28639488283964,1790295484777892849,1790295484778000000,152383304523149,152383304523717,1790295484998626743,1000,1
2321,28639491162927,1790295484780727627,1790295484781000000,152383309523149,152383309523770,1790295485003626787,1000,1
2322,28639496345038,1790295484785901701,1790295484786000000,152383314523149,152383314523884,1790295485008626910,1000,1
2323,28639500248816,1790295484789897405,1790295484790000000,152383319523149,152383319523847,1790295485013626873,1000,1
2324,28639508245224,1790295484797890479,1790295484798000000,152383324523149,152383324526056,1790295485018630205,1000,1
2325,28639512204187,1790295484801889886,1790295484802000000,152383329523149,152383329525157,1790295485023628685,1000,1
2326,28639516316594,1790295484805907923,1790295484806000000,152383334523149,152383334525702,1790295485028630251,1000,1
2327,28639520280964,1790295484809914590,1790295484810000000,152383339523149,152383339523791,1790295485033626808,1000,1
2328,28639525088001,1790295484814566998,1790295484814000000,152383344523149,152383344525539,1790295485038629748,1000,1
2329,28639532223853,1790295484821899627,1790295484822000000,152383349523149,152383349526264,1790295485043630483,1000,1
2330,28639536615409,1790295484825620812,1790295484826000000,152383354523149,152383354525005,1790295485048628913,1000,1
2331,28639540301705,1790295484829904368,1790295484830000000,152383359523149,152383359526080,1790295485053630259,1000,1
2332,28639547280964,1790295484836875812,1790295484837000000,152383364523149,152383364526015,1790295485058630213,1000,1
2333,28639552224187,1790295484841889331,1790295484842000000,152383369523149,152383369525307,1790295485063629856,1000,1
2334,28639556203187,1790295484845892849,1790295484846000000,152383374523149,152383374524859,1790295485068629008,1000,1
2335,28639560306298,1790295484849899961,1790295484850000000,152383379523149,152383379523940,1790295485073627297,1000,1
2336,28639568242705,1790295484857895257,1790295484858000000,152383384523149,152383384524326,1790295485078627833,1000,1
2337,28639569858557,1790295484859422146,1790295484859000000,152383389523149,152383389524099,1790295485083627616,1000,1
2338,28639576315742,1790295484865899479,1790295484866000000,152383394523149,152383394523861,1790295485088626878,1000,1
2339,28639580245261,1790295484869908590,1790295484870000000,152383399523149,152383399524047,1790295485093627063,1000,1
2340,28639588283557,1790295484877895109,1790295484878000000,152383404523149,152383404523799,1790295485098626816,1000,1
2341,28639592431927,1790295484881992627,1790295484882000000,152383409523149,152383409523752,1790295485103626769,1000,1
2342,28639596207112,1790295484885896405,1790295484886000000,152383414523149,152383414525138,1790295485108628686,1000,1
2343,28639600161631,1790295484889889701,1790295484890000000,152383419523149,152383419525714,1790295485113629973,1000,1
2344,28639608354483,1790295484897895701,1790295484898000000,152383424523149,152383424526178,1790295485118630387,1000,1
2345,28639612249557,1790295484901896109,1790295484902000000,152383429523149,152383429525761,1790295485123629969,1000,1
2346,28639615209446,1790295484904741775,1790295484905000000,152383434523149,152383434526766,1790295485128630935,1000,1
2347,28639620229742,1790295484909892109,1790295484910000000,152383439523149,152383439526671,1790295485133631100,1000,1
2348,28639625816372,1790295484915532664,1790295484915000000,152383444523149,152383444525862,1790295485138630021,1000,1
2349,28639632317520,1790295484921899294,1790295484922000000,152383449523149,152383449525966,1790295485143630204,1000,1
2350,28639636243594,1790295484925900849,1790295484926000000,152383454523149,152383454525959,1790295485148630157,1000,1
2351,28639640253742,1790295484929906775,1790295484930000000,152383459523149,152383459525953,1790295485153630503,1000,1
2352,28639648189372,1790295484937888960,1790295484938000000,152383464523149,152383464525857,1790295485158630386,1000,1
2353,28639651516853,1790295484941088109,1790295484941000000,152383469523149,152383469525078,1790295485163629257,1000,1
2354,28639656291668,1790295484945901997,1790295484946000000,152383474523149,152383474526063,1790295485168630292,1000,1
2355,28639660771520,1790295484949943035,1790295484950000000,152383479523149,152383479525938,1790295485173630297,1000,1
2356,28639668304038,1790295484957908442,1790295484958000000,152383484523149,152383484526011,1790295485178630160,1000,1
2357,28639671561779,1790295484960547442,1790295484961000000,152383489523149,152383489526145,1790295485183630353,1000,1
2358,28639676252779,1790295484965896257,1790295484966000000,152383494523149,152383494525687,1790295485188629926,1000,1
2359,28639679714927,1790295484969402775,1790295484969000000,152383499523149,152383499525001,1790295485193630532,1000,1
2360,28639688336631,1790295484977899775,1790295484978000000,152383504523149,152383504526217,1790295485198630426,1000,1
2361,28639692258372,1790295484981906738,1790295484982000000,152383509523149,152383509526010,1790295485203630259,1000,1
2362,28639696255853,1790295484985898590,1790295484986000000,152383514523149,152383514526155,1790295485208630614,1000,1
2363,28639700176483,1790295484989892368,1790295484990000000,152383519523149,152383519525589,1790295485213629838,1000,1
2364,28639705131446,1790295484994632294,1790295484995000000,152383524523149,152383524526203,1790295485218630432,1000,1
2365,28639712308038,1790295485001917368,1790295485002000000,152383529523149,152383529526557,1790295485223630806,1000,1
2366,28639715931705,1790295485005539627,1790295485005000000,152383534523149,152383534526520,1790295485228630769,1000,1
2367,28639720237557,1790295485009898146,1790295485010000000,152383539523149,152383539525602,1790295485233630161,1000,1
2368,28639727189075,1790295485016872479,1790295485017000000,152383544523149,152383544525685,1790295485238630374,1000,1
2369,28639732322298,1790295485021897479,1790295485022000000,152383549523149,152383549526700,1790295485243630899,1000,1
2370,28639736279631,1790295485025907849,1790295485026000000,152383554523149,152383554526202,1790295485248630441,1000,1
2371,28639740287594,1790295485029897331,1790295485030000000,152383559523149,152383559525937,1790295485253630126,1000,1
2372,28639748188927,1790295485037897146,1790295485038000000,152383564523149,152383564526301,1790295485258630560,1000,1
2373,28639750925372,1790295485039955479,1790295485040000000,152383569523149,152383569525483,1790295485263629641,1000,1
2374,28639756254779,1790295485045896442,1790295485046000000,152383574523149,152383574526388,1790295485268630576,1000,1
2375,28639760237890,1790295485049903034,1790295485050000000,152383579523149,152383579526193,1790295485273630381,1000,1
2376,28639765282816,1790295485054875294,1790295485055000000,152383584523149,152383584525545,1790295485278629102,1000,1
2377,28639772591038,1790295485061913627,1790295485062000000,152383589523149,152383589526020,1790295485283630198,1000,1
2378,28639776361149,1790295485065901701,1790295485066000000,152383594523149,152383594524421,1790295485288628329,1000,1
2379,28639780324223,1790295485069902183,1790295485070000000,152383599523149,152383599525977,1790295485293630176,1000,1
2380,28639788310853,1790295485077895109,1790295485078000000,152383604523149,152383604525108,1790295485298628656,1000,1
2381,28639792249297,1790295485081888701,1790295485082000000,152383609523149,152383609525413,1790295485303629551,1000,1
2382,28639794762964,1790295485084477960,1790295485084000000,152383614523149,152383614525718,1790295485308629255,1000,1
2383,28639800294149,1790295485089894627,1790295485090000000,152383619523149,152383619525631,1790295485313629819,1000,1
2384,28639805740409,1790295485095194627,1790295485095000000,152383624523149,152383624526255,1790295485318630494,1000,1
2385,28639812365149,1790295485101909108,1790295485102000000,152383629523149,152383629526108,1790295485323630607,1000,1
2386,28639815478186,1790295485105081664,1790295485105000000,152383634523149,152383634525452,1790295485328629911,1000,1
2387,28639820314334,1790295485109908923,1790295485110000000,152383639523149,152383639525966,1790295485333630626,1000,1
2388,28639828316964,1790295485117900257,1790295485118000000,152383644523149,152383644525649,1790295485338629867,1000,1
2389,28639832328075,1790295485121908405,1790295485122000000,152383649523149,152383649525732,1790295485343630221,1000,1
2390,28639837296705,1790295485125891923,1790295485127000000,152383654523149,152383654525936,1790295485348630235,1000,1
2391,28639839984520,1790295485129506368,1790295485129000000,152383659523149,152383659525508,1790295485353629757,1000,1
2392,28639848267890,1790295485137892146,1790295485138000000,152383664523149,152383664526423,1790295485358630632,1000,1
2393,28639851133297,1790295485140533257,1790295485141000000,152383669523149,152383669525517,1790295485363629705,1000,1
2394,28639856317372,1790295485145906553,1790295485146000000,152383674523149,152383674526461,1790295485368630680,1000,1
2395,28639860245668,1790295485149894664,1790295485150000000,152383679523149,152383679526475,1790295485373630753,1000,1
2396,28639866567594,1790295485156150034,1790295485156000000,152383684523149,152383684525697,1790295485378630156,1000,1
2397,28639872295668,1790295485161897738,1790295485162000000,152383689523149,152383689525801,1790295485383629990,1000,1
2398,28639876321853,1790295485165906257,1790295485166000000,152383694523149,152383694525033,1790295485388628871,1000,1
2399,28639880309668,1790295485169893701,1790295485170000000,152383699523149,152383699526179,1790295485393630357,1000,1
2400,28639884711557,1790295485174374479,1790295485174000000,152383704523149,152383704525170,1790295485398629970,1000,1
2401,28639892272668,1790295485181893331,1790295485182000000,152383709523149,152383709525445,1790295485403629614,1000,1
2402,28639896085520,1790295485185535738,1790295485185000000,152383714523149,152383714524777,1790295485408628615,1000,1
2403,28639900312483,1790295485189902812,1790295485190000000,152383719523149,152383719525482,1790295485413629720,1000,1
2404,28639907171075,1790295485196865738,1790295485197000000,152383724523149,152383724525956,1790295485418630475,1000,1
2405,28639912227149,1790295485201898960,1790295485202000000,152383729523149,152383729525089,1790295485423629599,1000,1
2406,28639916230668,1790295485205894442,1790295485206000000,152383734523149,152383734526275,1790295485428630403,1000,1
2407,28639920340075,1790295485209900590,1790295485210000000,152383739523149,152383739525837,1790295485433629976,1000,1
2408,28639928269964,1790295485217894220,1790295485218000000,152383744523149,152383744526061,1790295485438630260,1000,1
2409,28639929633483,1790295485219354294,1790295485219000000,152383749523149,152383749526286,1790295485443630455,1000,1
2410,28639934963631,1790295485224611405,1790295485224000000,152383754523149,152383754523905,1790295485448626922,1000,1
2411,28639940297371,1790295485229913405,1790295485230000000,152383759523149,152383759525612,1790295485453629860,1000,1
2412,28639948330112,1790295485237898738,1790295485238000000,152383764523149,152383764525617,1790295485458629805,1000,1
2413,28639952254631,1790295485241865960,1790295485242000000,152383769523149,152383769525530,1790295485463629698,1000,1
2414,28639956226964,1790295485245897553,1790295485246000000,152383774523149,152383774525943,1790295485468630413,1000,1
2415,28639960198297,1790295485249895997,1790295485250000000,152383779523149,152383779525446,1790295485473629614,1000,1
2416,28639966232705,1790295485255773034,1790295485256000000,152383784523149,152383784525281,1790295485478628828,1000,1
2417,28639972321816,1790295485261897590,1790295485262000000,152383789523149,152383789526276,1790295485483630484,1000,1
2418,28639974878890,1790295485264503368,1790295485264000000,152383794523149,152383794525768,1790295485488630017,1000,1
2419,28639980212668,1790295485269891182,1790295485270000000,152383799523149,152383799525751,1790295485493630150,1000,1
2420,28639986101483,1790295485275599701,1790295485275000000,152383804523149,152383804525065,1790295485498629234,1000,1
2421,28639992311483,1790295485281902331,1790295485282000000,152383809523149,152383809525990,1790295485503630139,1000,1
2422,28639995878483,1790295485285521553,1790295485285000000,152383814523149,152383814526103,1790295485508630342,1000,1
2423,28640000272594,1790295485289898479,1790295485290000000,152383819523149,152383819525536,1790295485513629754,1000,1
2424,28640008351890,1790295485297903812,1790295485298000000,152383824523149,152383824525621,1790295485518629800,1000,1
2425,28640012334668,1790295485301907886,1790295485302000000,152383829523149,152383829526285,1790295485523630674,1000,1
2426,28640015789038,1790295485305468331,1790295485305000000,152383834523149,152383834524225,1790295485528628704,1000,1
2427,28640020178075,1790295485309577738,1790295485310000000,152383839523149,152383839523857,1790295485533626874,1000,1
2428,28640028362112,1790295485317899405,1790295485318000000,152383844523149,152383844523852,1790295485538626869,1000,1
2429,28640030660705,1790295485320314775,1790295485320000000,152383849523149,152383849523865,1790295485543626892,1000,1
2430,28640036297260,1790295485325896960,1790295485326000000,152383854523149,152383854523828,1790295485548626845,1000,1
2431,28640040250260,1790295485329890812,1790295485330000000,152383859523149,152383859524815,1790295485553628473,1000,1
2432,28640048317705,1790295485337900405,1790295485338000000,152383864523149,152383864525630,1790295485558629808,1000,1
2433,28640052314001,1790295485341894886,1790295485342000000,152383869523149,152383869524942,1790295485563629140,1000,1
2434,28640056245001,1790295485345895738,1790295485346000000,152383874523149,152383874525095,1790295485568630256,1000,1
2435,28640064213520,1790295485353887368,1790295485354000000,152383879523149,152383879525682,1790295485573630171,1000,1
2436,28640065902631,1790295485354868775,1790295485355000000,152383884523149,152383884525495,1790295485578630285,1000,1
2437,28640071355890,1790295485360955219,1790295485361000000,152383889523149,152383889525488,1790295485583629626,1000,1
2438,28640076830297,1790295485365699701,1790295485366000000,152383894523149,152383894525641,1790295485588629800,1000,1
2439,28640080236260,1790295485369899368,1790295485370000000,152383899523149,152383899525847,1790295485593630286,1000,1
2440,28640087336594,1790295485376952923,1790295485377000000,152383904523149,152383904525329,1790295485598629498,1000,1
2441,28640092324038,1790295485381898368,1790295485382000000,152383909523149,152383909525813,1790295485603629972,1000,1
2442,28640096262964,1790295485385895256,1790295485386000000,152383914523149,152383914526087,1790295485608630276,1000,1
2443,28640100286260,1790295485389896738,1790295485390000000,152383919523149,152383919525691,1790295485613629970,1000,1
2444,28640108195371,1790295485397886108,1790295485398000000,152383924523149,152383924526015,1790295485618630174,1000,1
2445,28640110929297,1790295485399942145,1790295485400000000,152383929523149,152383929525848,1790295485623630257,1000,1
2446,28640116324779,1790295485405907886,1790295485406000000,152383934523149,152383934524899,1790295485628629499,1000,1
2447,28640120229334,1790295485409895405,1790295485410000000,152383939523149,152383939523923,1790295485633627330,1000,1
2448,28640128243631,1790295485417889182,1790295485418000000,152383944523149,152383944523886,1790295485638626903,1000,1
2449,28640132153223,1790295485421861256,1790295485422000000,152383949523149,152383949523789,1790295485643626806,1000,1
2450,28640136341223,1790295485425923960,1790295485426000000,152383954523149,152383954523894,1790295485648626920,1000,1
2451,28640140318334,1790295485429902256,1790295485430000000,152383959523149,152383959523777,1790295485653626794,1000,1
2452,28640148277519,1790295485437898071,1790295485438000000,152383964523149,152383964523790,1790295485658626817,1000,1
2453,28640152169371,1790295485441888627,1790295485442000000,152383969523149,152383969524886,1790295485663628433,1000,1
2454,28640155131371,1790295485444637812,1790295485445000000,152383974523149,152383974526002,1790295485668630531,1000,1
2455,28640160305668,1790295485449911034,1790295485450000000,152383979523149,152383979524783,1790295485673628661,1000,1
2456,28640166762334,1790295485455947071,1790295485456000000,152383984523149,152383984524767,1790295485678628645,1000,1
2457,28640172227001,1790295485461900923,1790295485462000000,152383989523149,152383989525611,1790295485683629760,1000,1
2458,28640176174964,1790295485465890331,1790295485466000000,152383994523149,152383994525956,1790295485688630215,1000,1
2459,28640180321594,1790295485469907442,1790295485470000000,152383999523149,152383999525871,1790295485693630390,1000,1
2460,28640188279668,1790295485477912812,1790295485478000000,152384004523149,152384004525594,1790295485698629823,1000,1
2461,28640190957112,1790295485480612553,1790295485480000000,152384009523149,152384009525076,1790295485703628664,1000,1
2462,28640196166112,1790295485485902182,1790295485486000000,152384014523149,152384014524809,1790295485708628797,1000,1
2463,28640199679149,1790295485489360886,1790295485489000000,152384019523149,152384019525022,1790295485713629281,1000,1
2464,28640208315556,1790295485497912071,1790295485498000000,152384024523149,152384024525366,1790295485718630176,1000,1
2465,28640211152408,1790295485500740849,1790295485501000000,152384029523149,152384029525389,1790295485723628917,1000,1
2466,28640216295112,1790295485505903960,1790295485506000000,152384034523149,152384034526045,1790295485728630263,1000,1
2467,28640220221408,1790295485509903701,1790295485510000000,152384039523149,152384039525037,1790295485733628504,1000,1
2468,28640228223668,1790295485517892590,1790295485518000000,152384044523149,152384044530741,1790295485738634278,1000,1
2469,28640232246260,1790295485521910219,1790295485522000000,152384049523149,152384049523801,1790295485743626818,1000,1
2470,28640236299149,1790295485525901034,1790295485526000000,152384054523149,152384054525960,1790295485748630269,1000,1
2471,28640240199779,1790295485529894405,1790295485530000000,152384059523149,152384059568684,1790295485753672852,1000,1
2472,28640245168668,1790295485534657293,1790295485535000000,152384064523149,152384064524984,1790295485758629483,1000,1
2473,28640252266445,1790295485541899256,1790295485542000000,152384069523149,152384069525218,1790295485763629427,1000,1
2474,28640256833964,1790295485546010405,1790295485546000000,152384074523149,152384074525233,1790295485768629442,1000,1
2475,28640260216001,1790295485549897145,1790295485550000000,152384079523149,152384079524665,1790295485773628844,1000,1
2476,28640267298779,1790295485556987182,1790295485557000000,152384084523149,152384084524759,1790295485778628607,1000,1
2477,28640272332519,1790295485561897849,1790295485562000000,152384089523149,152384089525623,1790295485783629862,1000,1
2478,28640276231408,1790295485565835256,1790295485566000000,152384094523149,152384094523813,1790295485788626840,1000,1
2479,28640280288297,1790295485569908886,1790295485570000000,152384099523149,152384099524077,1790295485793627093,1000,1
2480,28640288205742,1790295485577890479,1790295485578000000,152384104523149,152384104523789,1790295485798626806,1000,1
2481,28640289777371,1790295485579368479,1790295485579000000,152384109523149,152384109523723,1790295485803626740,1000,1
2482,28640296303519,1790295485585899664,1790295485586000000,152384114523149,152384114523557,1790295485808626513,1000,1
2483,28640300233445,1790295485589894479,1790295485590000000,152384119523149,152384119523841,1790295485813626857,1000,1
2484,28640308248853,1790295485597890960,1790295485598000000,152384124523149,152384124525908,1790295485818630167,1000,1
2485,28640312247630,1790295485601869812,1790295485602000000,152384129523149,152384129526062,1790295485823630291,1000,1
2486,28640316277890,1790295485605913701,1790295485606000000,152384134523149,152384134525847,1790295485828630306,1000,1
2487,28640320218038,1790295485609896256,1790295485610000000,152384139523149,152384139525670,1790295485833629828,1000,1
2488,28640328344038,1790295485617914256,1790295485618000000,152384144523149,152384144525633,1790295485838629771,1000,1
2489,28640332255186,1790295485621895960,1790295485622000000,152384149523149,152384149526417,1790295485843630606,1000,1
2490,28640335163630,1790295485624749442,1790295485625000000,152384154523149,152384154525389,1790295485848629577,1000,1
2491,28640340242334,1790295485629903590,1790295485630000000,152384159523149,152384159525502,1790295485853629741,1000,1
2492,28640346064112,1790295485635520034,1790295485635000000,152384164523149,152384164525756,1790295485858630305,1000,1
2493,28640352321630,1790295485641897182,1790295485642000000,152384169523149,152384169524949,1790295485863629088,1000,1
2494,28640356257779,1790295485645897442,1790295485646000000,152384174523149,152384174526054,1790295485868630203,1000,1
2495,28640360243371,1790295485649900590,1790295485650000000,152384179523149,152384179526238,1790295485873630436,1000,1
2496,28640368138223,1790295485657830479,1790295485658000000,152384184523149,152384184525310,1790295485878630059,1000,1
2497,28640372337149,1790295485661906182,1790295485662000000,152384189523149,152384189523812,1790295485883626828,1000,1
2498,28640376217890,1790295485665896997,1790295485666000000,152384194523149,152384194525598,1790295485888629777,1000,1
2499,28640384241927,1790295485673893516,1790295485674000000,152384199523149,152384199526553,1790295485893630952,1000,1
2500,28640388206742,1790295485677893145,1790295485678000000,152384204523149,152384204525524,1790295485898629883,1000,1
2501,28640390913927,1790295485680527367,1790295485680000000,152384209523149,152384209525600,1790295485903629799,1000,1
2502,28640396265408,1790295485685896516,1790295485686000000,152384214523149,152384214525673,1790295485908629872,1000,1
2503,28640400182297,1790295485689891849,1790295485690000000,152384219523149,152384219525195,1790295485913629414,1000,1
2504,28640408317334,1790295485697897330,1790295485698000000,152384224523149,152384224525930,1790295485918630119,1000,1
2505,28640412250038,1790295485701893330,1790295485702000000,152384229523149,152384229526386,1790295485923630524,1000,1
2506,28640416258001,1790295485705896479,1790295485706000000,152384234523149,152384234526619,1790295485928630838,1000,1
2507,28640420162260,1790295485709888923,1790295485710000000,152384239523149,152384239524739,1790295485933628867,1000,1
2508,28640426025297,1790295485715603516,1790295485715000000,152384244523149,152384244526387,1790295485938630606,1000,1
2509,28640432263816,1790295485721898775,1790295485722000000,152384249523149,152384249526701,1790295485943630960,1000,1
2510,28640435904334,1790295485725530219,1790295485725000000,152384254523149,152384254525492,1790295485948629690,1000,1
2511,28640440249260,1790295485729893627,1790295485730000000,152384259523149,152384259526206,1790295485953630435,1000,1
2512,28640448435149,1790295485737709516,1790295485738000000,152384264523149,152384264526341,1790295485958630470,1000,1
2513,28640452275704,1790295485741903441,1790295485742000000,152384269523149,152384269525333,1790295485963629642,1000,1
2514,28640456211223,1790295485745904330,1790295485746000000,152384274523149,152384274526107,1790295485968630296,1000,1
2515,28640460244260,1790295485749896034,1790295485750000000,152384279523149,152384279526191,1790295485973630329,1000,1
2516,28640468161779,1790295485757884664,1790295485758000000,152384284523149,152384284525495,1790295485978630114,1000,1
2517,28640472319445,1790295485761901404,1790295485762000000,152384289523149,152384289525488,1790295485983630077,1000,1
2518,28640476241853,1790295485765894775,1790295485766000000,152384294523149,152384294523748,1790295485988626764,1000,1
2519,28640480201667,1790295485769893997,1790295485770000000,152384299523149,152384299523861,1790295485993626887,1000,1
2520,28640488283149,1790295485777892182,1790295485778000000,152384304523149,152384304523806,1790295485998626832,1000,1
2521,28640493384038,1790295485782751775,1790295485783000000,152384309523149,152384309523789,1790295486003626805,1000,1
2522,28640496269186,1790295485785900515,1790295485786000000,152384314523149,152384314523802,1790295486008626819,1000,1
2523,28640500242112,1790295485789890256,1790295485790000000,152384319523149,152384319524847,1790295486013629066,1000,1
2524,28640508254853,1790295485797889590,1790295485798000000,152384324523149,152384324525984,1790295486018630213,1000,1
2525,28640511528445,1790295485801269553,1790295485801000000,152384329523149,152384329525887,1790295486023630427,1000,1
2526,28640514868408,1790295485804499034,1790295485804000000,152384334523149,152384334525851,1790295486028630019,1000,1
2527,28640520309038,1790295485809915701,1790295485810000000,152384339523149,152384339525575,1790295486033629773,1000,1
2528,28640525933260,1790295485815532367,1790295485815000000,152384344523149,152384344525778,1790295486038629907,1000,1
2529,28640532235001,1790295485821902590,1790295485822000000,152384349523149,152384349526262,1790295486043630481,1000,1
2530,28640536169297,1790295485825889590,1790295485826000000,152384354523149,152384354523831,1790295486048626857,1000,1
2531,28640540311927,1790295485829905738,1790295485830000000,152384359523149,152384359524617,1790295486053628345,1000,1
2532,28640548324853,1790295485837893886,1790295485838000000,152384364523149,152384364526063,1790295486058630282,1000,1
2533,28640552237556,1790295485841898849,1790295485842000000,152384369523149,152384369524944,1790295486063629113,1000,1
2534,28640556168556,1790295485845897997,1790295485846000000,152384374523149,152384374525889,1790295486068630048,1000,1
2535,28640561034816,1790295485850615367,1790295485850000000,152384379523149,152384379525945,1790295486073630133,1000,1
2536,28640568305704,1790295485857910515,1790295485858000000,152384384523149,152384384524645,1790295486078628774,1000,1
2537,28640570548112,1790295485860203664,1790295485860000000,152384389523149,152384389524729,1790295486083628276,1000,1
2538,28640576278408,1790295485865889478,1790295485866000000,152384394523149,152384394523800,1790295486088626817,1000,1
2539,28640580178964,1790295485869887441,1790295485870000000,152384399523149,152384399525398,1790295486093629747,1000,1
2540,28640588317223,1790295485877899330,1790295485878000000,152384404523149,152384404525492,1790295486098629720,1000,1
2541,28640591846593,1790295485881551293,1790295485881000000,152384409523149,152384409525084,1790295486103628611,1000,1
2542,28640596269519,1790295485885893849,1790295485886000000,152384414523149,152384414524496,1790295486108628955,1000,1
2543,28640600208445,1790295485889884404,1790295485890000000,152384419523149,152384419524922,1790295486113629111,1000,1
2544,28640604887186,1790295485894497775,1790295485894000000,152384424523149,152384424525627,1790295486118629936,1000,1
2545,28640612289149,1790295485901901108,1790295485902000000,152384429523149,152384429525490,1790295486123629618,1000,1
2546,28640616225741,1790295485905690219,1790295485906000000,152384434523149,152384434526615,1790295486128630804,1000,1
2547,28640620224223,1790295485909896367,1790295485910000000,152384439523149,152384439525809,1790295486133629957,1000,1
2548,28640627359778,1790295485916989441,1790295485917000000,152384444523149,152384444525852,1790295486138630151,1000,1
2549,28640631382927,1790295485920879701,1790295485921000000,152384449523149,152384449526436,1790295486143630615,1000,1
2550,28640636293519,1790295485925900478,1790295485926000000,152384454523149,152384454525408,1790295486148629607,1000,1
2551,28640640283001,1790295485929896589,1790295485930000000,152384459523149,152384459525893,1790295486153630042,1000,1
2552,28640648189038,1790295485937883330,1790295485938000000,152384464523149,152384464526117,1790295486158630365,1000,1
2553,28640649822890,1790295485939463256,1790295485939000000,152384469523149,152384469524797,1790295486163628976,1000,1
2554,28640656374297,1790295485945894812,1790295485946000000,152384474523149,152384474524802,1790295486168628329,1000,1
2555,28640660247223,1790295485949897627,1790295485950000000,152384479523149,152384479525938,1790295486173630096,1000,1
2556,28640668281519,1790295485957899478,1790295485958000000,152384484523149,152384484525450,1790295486178629679,1000,1
2557,28640672495038,1790295485961891738,1790295485962000000,152384489523149,152384489524883,1790295486183628400,1000,1
2558,28640676396593,1790295485965914256,1790295485966000000,152384494523149,152384494525668,1790295486188630478,1000,1
2559,28640680244593,1790295485969895404,1790295485970000000,152384499523149,152384499525962,1790295486193630431,1000,1
2560,28640685874593,1790295485975454256,1790295485975000000,152384504523149,152384504525745,1790295486198630034,1000,1
2561,28640692290223,1790295485981893293,1790295485982000000,152384509523149,152384509525939,1790295486203630147,1000,1
2562,28640695874815,1790295485984907071,1790295485985000000,152384514523149,152384514524721,1790295486208628589,1000,1
2563,28640700319815,1790295485989918626,1790295485990000000,152384519523149,152384519525094,1790295486213629283,1000,1
2564,28640706126482,1790295485995739478,1790295485996000000,152384524523149,152384524525599,1790295486218630048,1000,1
2565,28640712243371,1790295486001891775,1790295486002000000,152384529523149,152384529525031,1790295486223629841,1000,1
2566,28640716267408,1790295486005883441,1790295486006000000,152384534523149,152384534526449,1790295486228630698,1000,1
2567,28640720350334,1790295486009910960,1790295486010000000,152384539523149,152384539525460,1790295486233629619,1000,1
2568,28640728294741,1790295486017889886,1790295486018000000,152384544523149,152384544525433,1790295486238630263,1000,1
2569,28640732285186,1790295486021894923,1790295486022000000,152384549523149,152384549526238,1790295486243630427,1000,1
2570,28640736194927,1790295486025890182,1790295486026000000,152384554523149,152384554525429,1790295486248629869,1000,1
2571,28640739794964,1790295486029375960,1790295486029000000,152384559523149,152384559525413,1790295486253629872,1000,1
2572,28640748309778,1790295486037900071,1790295486038000000,152384564523149,152384564526428,1790295486258630707,1000,1
2573,28640751764334,1790295486040952997,1790295486041000000,152384569523149,152384569525070,1790295486263629259,1000,1
2574,28640756234371,1790295486045904775,1790295486046000000,152384574523149,152384574525674,1790295486268629873,1000,1
2575,28640760145371,1790295486049886589,1790295486050000000,152384579523149,152384579526158,1790295486273630347,1000,1
2576,28640768313075,1790295486057898404,1790295486058000000,152384584523149,152384584525080,1790295486278628938,1000,1
2577,28640772248334,1790295486061894552,1790295486062000000,152384589523149,152384589525466,1790295486283629654,1000,1
2578,28640776290593,1790295486065897775,1790295486066000000,152384594523149,152384594525860,1790295486288630098,1000,1
2579,28640780232223,1790295486069888478,1790295486070000000,152384599523149,152384599526464,1790295486293630663,1000,1
2580,28640785148741,1790295486074633886,1790295486075000000,152384604523149,152384604525014,1790295486298629253,1000,1
2581,28640791194741,1790295486080791812,1790295486081000000,152384609523149,152384609525611,1790295486303629789,1000,1
2582,28640796901260,1790295486085980404,1790295486086000000,152384614523149,152384614525624,1790295486308630103,1000,1
2583,28640799554260,1790295486089228145,1790295486089000000,152384619523149,152384619524425,1790295486313627942,1000,1
2584,28640807166297,1790295486096860552,1790295486097000000,152384624523149,152384624525470,1790295486318629649,1000,1
2585,28640812328519,1790295486101899849,1790295486102000000,152384629523149,152384629525826,1790295486323630055,1000,1
2586,28640816235556,1790295486105898626,1790295486106000000,152384634523149,152384634526190,1790295486328630348,1000,1
2587,28640820280223,1790295486109907145,1790295486110000000,152384639523149,152384639525091,1790295486333629290,1000,1
2588,28640828184704,1790295486117886738,1790295486118000000,152384644523149,152384644525597,1790295486338629745,1000,1
2589,28640830891593,1790295486119908775,1790295486120000000,152384649523149,152384649525780,1790295486343630199,1000,1
2590,28640836266371,1790295486125892626,1790295486126000000,152384654523149,152384654525303,1790295486348629461,1000,1
2591,28640840228667,1790295486129891775,1790295486130000000,152384659523149,152384659524835,1790295486353629014,1000,1
2594,28640856346556,1790295486145898441,1790295486146000000,152384674523149,152384674525738,1790295486368629897,1000,1
2595,28640860375186,1790295486149908515,1790295486150000000,152384679523149,152384679526002,1790295486373630191,1000,1
2596,28640868321334,1790295486157895478,1790295486158000000,152384684523149,152384684525807,1790295486378630246,1000,1
2597,28640872302667,1790295486161892367,1790295486162000000,152384689523149,152384689525329,1790295486383629507,1000,1
2598,28640876340778,1790295486165910071,1790295486166000000,152384694523149,152384694525502,1790295486388629671,1000,1
2599,28640880246371,1790295486169902034,1790295486170000000,152384699523149,152384699525197,1790295486393629065,1000,1
2600,28640885905001,1790295486175539404,1790295486175000000,152384704523149,152384704525020,1790295486398629469,1000,1
2601,28640890465852,1790295486180092367,1790295486180000000,152384709523149,152384709525625,1790295486403629813,1000,1
2602,28640896198001,1790295486185885256,1790295486186000000,152384714523149,152384714525087,1790295486408630197,1000,1
2603,28640900330926,1790295486189906737,1790295486190000000,152384719523149,152384719524910,1790295486413629088,1000,1
2604,28640908343297,1790295486197895737,1790295486198000000,152384724523149,152384724525376,1790295486418629564,1000,1
2605,28640909761963,1790295486199454108,1790295486199000000,152384729523149,152384729525018,1790295486423629477,1000,1
2606,28640916179334,1790295486205902108,1790295486206000000,152384734523149,152384734525723,1790295486428629871,1000,1
2607,28640920234371,1790295486209720219,1790295486210000000,152384739523149,152384739525177,1790295486433629356,1000,1
2608,28640928285926,1790295486217897923,1790295486218000000,152384744523149,152384744525240,1790295486438629519,1000,1
2609,28640931160630,1790295486220686626,1790295486221000000,152384749523149,152384749526075,1790295486443630264,1000,1
2610,28640936220260,1790295486225890626,1790295486226000000,152384754523149,152384754525157,1790295486448629345,1000,1
2611,28640940138593,1790295486229886626,1790295486230000000,152384759523149,152384759525472,1790295486453629651,1000,1
2612,28640948321112,1790295486237898737,1790295486238000000,152384764523149,152384764525746,1790295486458630326,1000,1
2613,28640952239704,1790295486241894367,1790295486242000000,152384769523149,152384769524808,1790295486463628976,1000,1
2614,28640956277445,1790295486245895219,1790295486246000000,152384774523149,152384774525512,1790295486468629991,1000,1
2615,28640960154260,1790295486249891108,1790295486250000000,152384779523149,152384779525718,1790295486473629916,1000,1
2616,28640965773667,1790295486255387404,1790295486255000000,152384784523149,152384784525981,1790295486478630180,1000,1
2617,28640972237334,1790295486261897071,1790295486262000000,152384789523149,152384789525253,1790295486483629432,1000,1
2618,28640976829371,1790295486265743997,1790295486266000000,152384794523149,152384794525487,1790295486488629696,1000,1
2619,28640984288556,1790295486273906441,1790295486274000000,152384799523149,152384799525953,1790295486493630763,1000,1
2620,28640987182149,1790295486276861145,1790295486277000000,152384804523149,152384804524954,1790295486498629594,1000,1
2621,28640992231556,1790295486281896367,1790295486282000000,152384809523149,152384809525298,1790295486503629477,1000,1
2622,28640996201704,1790295486285889811,1790295486286000000,152384814523149,152384814525382,1790295486508629560,1000,1
2623,28641000443037,1790295486289917367,1790295486290000000,152384819523149,152384819525136,1790295486513629295,1000,1
2624,28641008253889,1790295486297893960,1790295486298000000,152384824523149,152384824525270,1790295486518629428,1000,1
2625,28641009675334,1790295486299358626,1790295486299000000,152384829523149,152384829525684,1790295486523629923,1000,1
2626,28641016234149,1790295486305899108,1790295486306000000,152384834523149,152384834524495,1790295486528628754,1000,1
2627,28641020308037,1790295486309897886,1790295486310000000,152384839523149,152384839523878,1790295486533626894,1000,1
2628,28641028344408,1790295486317910367,1790295486318000000,152384844523149,152384844523871,1790295486538626898,1000,1
2629,28641032387926,1790295486321869219,1790295486322000000,152384849523149,152384849523765,1790295486543626791,1000,1
2630,28641036267075,1790295486325913700,1790295486326000000,152384854523149,152384854524390,1790295486548627908,1000,1
2631,28641040210445,1790295486329900774,1790295486330000000,152384859523149,152384859525195,1790295486553629404,1000,1
2632,28641048343112,1790295486337912219,1790295486338000000,152384864523149,152384864526280,1790295486558630429,1000,1
2633,28641052240445,1790295486341899478,1790295486342000000,152384869523149,152384869525272,1790295486563629450,1000,1
2634,28641055099482,1790295486344625960,1790295486344000000,152384874523149,152384874525377,1790295486568629576,1000,1
2635,28641060210852,1790295486349891219,1790295486350000000,152384879523149,152384879525691,1790295486573629889,1000,1
2636,28641064688223,1790295486354421626,1790295486354000000,152384884523149,152384884526345,1790295486578630544,1000,1
2637,28641071816112,1790295486361387293,1790295486361000000,152384889523149,152384889525176,1790295486583629385,1000,1
2638,28641076262704,1790295486365894626,1790295486366000000,152384894523149,152384894525740,1790295486588629989,1000,1
2639,28641080213260,1790295486369896515,1790295486370000000,152384899523149,152384899526254,1790295486593630423,1000,1
2640,28641088206074,1790295486377888589,1790295486378000000,152384904523149,152384904524925,1790295486598629114,1000,1
2641,28641092319852,1790295486381905367,1790295486382000000,152384909523149,152384909525219,1790295486603629708,1000,1
2642,28641095472926,1790295486385129960,1790295486385000000,152384914523149,152384914525675,1790295486608630134,1000,1
2643,28641099700963,1790295486389367145,1790295486389000000,152384919523149,152384919525017,1790295486613629155,1000,1
2644,28641108242445,1790295486397898256,1790295486398000000,152384924523149,152384924525240,1790295486618629689,1000,1
2645,28641110843186,1790295486400528182,1790295486400000000,152384929523149,152384929525887,1790295486623630035,1000,1
2646,28641116354037,1790295486405899515,1790295486406000000,152384934523149,152384934524898,1790295486628629207,1000,1
2647,28641120225445,1790295486409894626,1790295486410000000,152384939523149,152384939523729,1790295486633627357,1000,1
2648,28641128242667,1790295486417890367,1790295486418000000,152384944523149,152384944523612,1790295486638626649,1000,1
2649,28641132157889,1790295486421886626,1790295486422000000,152384949523149,152384949523677,1790295486643626693,1000,1
2650,28641136347223,1790295486425904293,1790295486426000000,152384954523149,152384954523810,1790295486648626837,1000,1
2651,28641140287852,1790295486429895034,1790295486430000000,152384959523149,152384959523854,1790295486653626880,1000,1
2652,28641144914704,1790295486434555589,1790295486434000000,152384964523149,152384964523847,1790295486658626863,1000,1
2653,28641152218074,1790295486441891034,1790295486442000000,152384969523149,152384969524343,1790295486663627840,1000,1
2654,28641156244445,1790295486445692182,1790295486446000000,152384974523149,152384974525047,1790295486668628575,1000,1
2655,28641160384037,1790295486449902293,1790295486450000000,152384979523149,152384979525411,1790295486673629610,1000,1
2656,28641168144334,1790295486456868923,1790295486458000000,152384984523149,152384984526146,1790295486678630354,1000,1
2657,28641172237037,1790295486461896367,1790295486462000000,152384989523149,152384989524437,1790295486683627975,1000,1
2658,28641176197704,1790295486465889663,1790295486466000000,152384994523149,152384994525703,1790295486688629881,1000,1
2659,28641180360704,1790295486469926774,1790295486470000000,152384999523149,152384999525786,1790295486693630155,1000,1
2660,28641188255037,1790295486477897441,1790295486478000000,152385004523149,152385004523998,1790295486698627515,1000,1
2661,28641190192037,1790295486479651626,1790295486480000000,152385009523149,152385009525895,1790295486703630104,1000,1
2662,28641196230000,1790295486485890441,1790295486486000000,152385014523149,152385014743360,1790295486708847509,1000,1
2663,28641200151074,1790295486489889478,1790295486490000000,152385019523149,152385019524549,1790295486713628086,1000,1
2664,28641208351889,1790295486497896404,1790295486498000000,152385024523149,152385024525135,1790295486718629945,1000,1
2665,28641212279408,1790295486501892811,1790295486502000000,152385029523149,152385029526190,1790295486723630359,1000,1
2666,28641216256037,1790295486505893848,1790295486506000000,152385034523149,152385034525592,1790295486728630131,1000,1
2667,28641220190519,1790295486509889145,1790295486510000000,152385039523149,152385039524653,1790295486733628181,1000,1
2668,28641228334778,1790295486517895182,1790295486518000000,152385044523149,152385044525620,1790295486738629849,1000,1
2669,28641232288963,1790295486521891478,1790295486522000000,152385049523149,152385049525082,1790295486743628810,1000,1
2670,28641235041630,1790295486524503108,1790295486524000000,152385054523149,152385054524865,1790295486748629384,1000,1
2671,28641240235741,1790295486529894997,1790295486530000000,152385059523149,152385059525341,1790295486753629539,1000,1
2672,28641245953148,1790295486535652515,1790295486535000000,152385064523149,152385064526496,1790295486758630745,1000,1
2673,28641252361667,1790295486541900182,1790295486542000000,152385069523149,152385069531178,1790295486763634746,1000,1
2674,28641256245074,1790295486545895848,1790295486546000000,152385074523149,152385074525411,1790295486768629629,1000,1
2675,28641260237260,1790295486549893737,1790295486550000000,152385079523149,152385079525897,1790295486773630095,1000,1
2676,28641268343037,1790295486557886478,1790295486558000000,152385084523149,152385084524638,1790295486778628887,1000,1
2677,28641272317815,1790295486561909997,1790295486562000000,152385089523149,152385089525543,1790295486783629731,1000,1
2678,28641276323037,1790295486565904330,1790295486566000000,152385094523149,152385094525907,1790295486788630256,1000,1
2679,28641279719667,1790295486569366515,1790295486569000000,152385099523149,152385099525722,1790295486793630251,1000,1
2680,28641288228852,1790295486577891663,1790295486578000000,152385104523149,152385104524613,1790295486798628811,1000,1
2681,28641290822667,1790295486580521922,1790295486580000000,152385109523149,152385109524756,1790295486803628925,1000,1
2682,28641296324111,1790295486585899330,1790295486586000000,152385114523149,152385114525200,1790295486808629098,1000,1
2683,28641300323037,1790295486589867663,1790295486590000000,152385119523149,152385119524793,1790295486813628972,1000,1
2684,28641308256852,1790295486597892478,1790295486598000000,152385124523149,152385124524528,1790295486818628696,1000,1
2685,28641312194260,1790295486601887663,1790295486602000000,152385129523149,152385129525753,1790295486823629942,1000,1
2686,28641315000926,1790295486604578848,1790295486604000000,152385134523149,152385134526017,1790295486828630165,1000,1
2687,28641320242519,1790295486609899663,1790295486610000000,152385139523149,152385139524920,1790295486833629179,1000,1
2688,28641324867852,1790295486614508848,1790295486614000000,152385144523149,152385144525574,1790295486838630124,1000,1
2689,28641332236222,1790295486621899441,1790295486622000000,152385149523149,152385149526078,1790295486843630898,1000,1
2690,28641336122297,1790295486625537330,1790295486626000000,152385154523149,152385154525270,1790295486848629439,1000,1
2691,28641340329074,1790295486629900071,1790295486630000000,152385159523149,152385159525516,1790295486853629765,1000,1
2692,28641347208630,1790295486636861626,1790295486637000000,152385164523149,152385164525679,1790295486858629868,1000,1
2693,28641352232926,1790295486641894182,1790295486642000000,152385169523149,152385169525442,1790295486863629591,1000,1
2694,28641356282037,1790295486645898811,1790295486646000000,152385174523149,152385174525046,1790295486868629174,1000,1
2695,28641360347111,1790295486649900441,1790295486650000000,152385179523149,152385179525721,1790295486873630060,1000,1
2696,28641365090297,1790295486654715330,1790295486654000000,152385184523149,152385184525964,1790295486878630173,1000,1
2697,28641369699111,1790295486659361478,1790295486659000000,152385189523149,152385189525166,1790295486883629385,1000,1
2698,28641376299408,1790295486665896256,1790295486666000000,152385194523149,152385194525370,1790295486888629518,1000,1
2699,28641380182408,1790295486669889959,1790295486670000000,152385199523149,152385199526567,1790295486893630706,1000,1
2700,28641388259334,1790295486677891885,1790295486678000000,152385204523149,152385204524667,1790295486898628815,1000,1
2701,28641392261704,1790295486681863367,1790295486682000000,152385209523149,152385209525121,1790295486903629320,1000,1
2702,28641396297334,1790295486685901552,1790295486686000000,152385214523149,152385214526047,1790295486908630266,1000,1
2703,28641400271334,1790295486689897145,1790295486690000000,152385219523149,152385219524988,1790295486913629788,1000,1
2704,28641408248519,1790295486697891145,1790295486698000000,152385224523149,152385224525442,1790295486918629691,1000,1
2705,28641412180408,1790295486701889811,1790295486702000000,152385229523149,152385229525636,1790295486923629905,1000,1
2706,28641415245926,1790295486704741663,1790295486705000000,152385234523149,152385234525551,1790295486928630101,1000,1
2707,28641420359630,1790295486709902145,1790295486710000000,152385239523149,152385239524803,1790295486933628962,1000,1
2709,28641432255778,1790295486721892848,1790295486722000000,152385249523149,152385249526242,1790295486943630511,1000,1
2710,28641436377741,1790295486725910663,1790295486726000000,152385254523149,152385254525303,1790295486948629492,1000,1
2711,28641440317408,1790295486729906700,1790295486730000000,152385259523149,152385259524335,1790295486953627842,1000,1
2712,28641448298593,1790295486737895922,1790295486738000000,152385264523149,152385264526372,1790295486958630611,1000,1
2713,28641452235334,1790295486741901737,1790295486742000000,152385269523149,152385269525523,1790295486963629692,1000,1
2714,28641456204000,1790295486745894033,1790295486746000000,152385274523149,152385274525538,1790295486968629747,1000,1
2715,28641464404741,1790295486753913885,1790295486754000000,152385279523149,152385279525190,1790295486973628688,1000,1
2716,28641468298334,1790295486757895441,1790295486758000000,152385284523149,152385284524583,1790295486978628681,1000,1
2717,28641471634408,1790295486760723219,1790295486761000000,152385289523149,152385289524748,1790295486983628916,1000,1
2718,28641476221074,1790295486765901070,1790295486766000000,152385294523149,152385294523719,1790295486988626745,1000,1
2719,28641480181371,1790295486769889441,1790295486770000000,152385299523149,152385299523852,1790295486993626879,1000,1
2720,28641488344741,1790295486777900330,1790295486778000000,152385304523149,152385304523755,1790295486998626782,1000,1
2721,28641492338704,1790295486781892515,1790295486782000000,152385309523149,152385309523720,1790295487003626736,1000,1
2722,28641496257556,1790295486785896922,1790295486786000000,152385314523149,152385314523894,1790295487008626910,1000,1
2723,28641500171222,1790295486789896033,1790295486790000000,152385319523149,152385319525169,1790295487013629368,1000,1
2724,28641506017037,1790295486795592070,1790295486795000000,152385324523149,152385324525443,1790295487018629602,1000,1
2725,28641512270926,1790295486801903441,1790295486802000000,152385329523149,152385329524997,1790295487023629246,1000,1
2726,28641515391371,1790295486805056107,1790295486805000000,152385334523149,152385334526182,1790295487028630351,1000,1
2727,28641520293667,1790295486809895107,1790295486810000000,152385339523149,152385339524893,1790295487033629072,1000,1
2728,28641528278778,1790295486817246441,1790295486818000000,152385344523149,152385344525459,1790295487038629718,1000,1
2729,28641532289074,1790295486821896033,1790295486822000000,152385349523149,152385349526063,1790295487043630583,1000,1
2730,28641536240371,1790295486825894552,1790295486826000000,152385354523149,152385354523652,1790295487048626608,1000,1
2731,28641540257482,1790295486829896626,1790295486830000000,152385359523149,152385359525579,1790295487053629717,1000,1
2732,28641548167963,1790295486837883145,1790295486838000000,152385364523149,152385364526496,1790295487058630684,1000,1
2733,28641551012037,1790295486840564144,1790295486840000000,152385369523149,152385369525377,1790295487063629545,1000,1
2734,28641556272000,1790295486845899478,1790295486846000000,152385374523149,152385374525380,1790295487068629618,1000,1
2735,28641560238852,1790295486849893182,1790295486850000000,152385379523149,152385379525513,1790295487073629692,1000,1
2736,28641565527815,1790295486855168959,1790295486855000000,152385384523149,152385384525949,1790295487078630128,1000,1
2737,28641569937482,1790295486859599256,1790295486859000000,152385389523149,152385389525151,1790295487083629319,1000,1
2738,28641576345593,1790295486865904626,1790295486866000000,152385394523149,152385394524663,1790295487088628331,1000,1
2739,28641580248370,1790295486869898144,1790295486870000000,152385399523149,152385399525868,1790295487093630117,1000,1
2740,28641588258741,1790295486877892589,1790295486878000000,152385404523149,152385404524822,1790295487098629060,1000,1
2741,28641591178111,1790295486880905811,1790295486881000000,152385409523149,152385409524825,1790295487103628993,1000,1
2742,28641597758630,1790295486887312367,1790295486887000000,152385414523149,152385414526321,1790295487108630560,1000,1
2743,28641600263037,1790295486889899515,1790295486890000000,152385419523149,152385419525835,1790295487113629973,1000,1
2744,28641606209408,1790295486895689182,1790295486896000000,152385424523149,152385424525047,1790295487118629245,1000,1
2745,28641612240556,1790295486901892404,1790295486902000000,152385429523149,152385429525631,1790295487123630020,1000,1
2746,28641616262185,1790295486905893219,1790295486906000000,152385434523149,152385434525123,1790295487128628650,1000,1
2747,28641620264445,1790295486909899144,1790295486910000000,152385439523149,152385439524075,1790295487133627602,1000,1
2748,28641628335037,1790295486917896700,1790295486918000000,152385444523149,152385444525382,1790295487138629701,1000,1
2749,28641632289222,1790295486921894256,1790295486922000000,152385449523149,152385449525556,1790295487143629073,1000,1
2750,28641636195407,1790295486925893107,1790295486926000000,152385454523149,152385454525289,1790295487148629447,1000,1
2751,28641640161852,1790295486929494663,1790295486930000000,152385459523149,152385459524392,1790295487153627920,1000,1
2752,28641648327296,1790295486937899033,1790295486938000000,152385464523149,152385464525177,1790295487158629666,1000,1
2753,28641651832556,1790295486941471219,1790295486941000000,152385469523149,152385469525792,1790295487163629980,1000,1
2754,28641656192482,1790295486945890515,1790295486946000000,152385474523149,152385474524383,1790295487168628131,1000,1
2755,28641660196778,1790295486949886219,1790295486950000000,152385479523149,152385479525188,1790295487173629407,1000,1
2756,28641665793926,1790295486955368663,1790295486955000000,152385484523149,152385484526083,1790295487178630332,1000,1
2757,28641672316852,1790295486961897070,1790295486962000000,152385489523149,152385489524013,1790295487183627540,1000,1
2758,28641676256074,1790295486965894144,1790295486966000000,152385494523149,152385494525269,1790295487188629798,1000,1
2759,28641680164407,1790295486969885626,1790295486970000000,152385499523149,152385499525884,1790295487193630343,1000,1
2760,28641685020185,1790295486974520218,1790295486974000000,152385504523149,152385504524525,1790295487198628052,1000,1
2761,28641692266741,1790295486981893478,1790295486982000000,152385509523149,152385509525440,1790295487203629698,1000,1
2762,28641696759259,1790295486985704663,1790295486986000000,152385514523149,152385514525333,1790295487208629592,1000,1
2763,28641700322815,1790295486989899181,1790295486990000000,152385519523149,152385519525749,1790295487213629938,1000,1
2764,28641707282667,1790295486996937700,1790295486997000000,152385524523149,152385524524911,1790295487218629100,1000,1
2765,28641709989704,1790295486999658848,1790295486999000000,152385529523149,152385529524734,1790295487223628262,1000,1
2766,28641716249074,1790295487005892811,1790295487006000000,152385534523149,152385534526002,1790295487228629559,1000,1
2767,28641720337074,1790295487009921404,1790295487010000000,152385539523149,152385539524812,1790295487233629191,1000,1
2768,28641728265852,1790295487017895404,1790295487018000000,152385544523149,152385544525206,1790295487238629696,1000,1
2769,28641729851222,1790295487019542737,1790295487019000000,152385549523149,152385549525470,1790295487243630070,1000,1
2770,28641736229519,1790295487025894552,1790295487026000000,152385554523149,152385554525095,1790295487248629293,1000,1
2771,28641741677333,1790295487030567404,1790295487031000000,152385559523149,152385559524717,1790295487253628876,1000,1
2772,28641748310481,1790295487037900774,1790295487038000000,152385564523149,152385564525472,1790295487258628989,1000,1
2773,28641752270370,1790295487041893552,1790295487042000000,152385569523149,152385569525355,1790295487263628872,1000,1
2774,28641756263741,1790295487045907255,1790295487046000000,152385574523149,152385574524206,1790295487268628074,1000,1
2775,28641760234407,1790295487049893700,1790295487050000000,152385579523149,152385579524760,1790295487273628287,1000,1
2776,28641768350444,1790295487057915811,1790295487058000000,152385584523149,152385584525685,1790295487278630274,1000,1
2777,28641772274556,1790295487061897811,1790295487062000000,152385589523149,152385589524628,1790295487283628165,1000,1
2778,28641774723407,1790295487064366070,1790295487064000000,152385594523149,152385594524551,1790295487288628108,1000,1
2779,28641780247778,1790295487069901922,1790295487070000000,152385599523149,152385599526187,1790295487293630386,1000,1
2780,28641785854444,1790295487075525070,1790295487075000000,152385604523149,152385604524467,1790295487298628004,1000,1
2781,28641792332852,1790295487081910107,1790295487082000000,152385609523149,152385609525113,1790295487303629322,1000,1
2782,28641796280444,1790295487085896367,1790295487086000000,152385614523149,152385614555314,1790295487308659532,1000,1
2783,28641804266407,1790295487093898922,1790295487094000000,152385619523149,152385619525881,1790295487313630531,1000,1
2784,28641808211667,1790295487097889922,1790295487098000000,152385624523149,152385624524592,1790295487318629131,1000,1
2785,28641812279333,1790295487101851737,1790295487102000000,152385629523149,152385629523895,1790295487323626922,1000,1
2786,28641816288667,1790295487105912478,1790295487106000000,152385634523149,152385634525191,1790295487328629049,1000,1
2787,28641820807630,1790295487110312922,1790295487110000000,152385639523149,152385639525445,1790295487333629723,1000,1
2788,28641828198852,1790295487117889663,1790295487118000000,152385644523149,152385644525580,1790295487338629859,1000,1
2789,28641831793926,1790295487121375181,1790295487121000000,152385649523149,152385649526385,1790295487343630603,1000,1
2790,28641836287593,1790295487125900144,1790295487126000000,152385654523149,152385654525356,1790295487348629494,1000,1
2791,28641840231704,1790295487129891218,1790295487130000000,152385659523149,152385659523996,1790295487353627504,1000,1
2792,28641848239185,1790295487137888404,1790295487138000000,152385664523149,152385664525294,1790295487358628811,1000,1
2793,28641852206111,1790295487141883737,1790295487142000000,152385669523149,152385669525728,1790295487363630227,1000,1
2794,28641856334481,1790295487145903700,1790295487146000000,152385674523149,152385674524699,1790295487368628878,1000,1
2795,28641860234778,1790295487149895663,1790295487150000000,152385679523149,152385679525434,1790295487373629612,1000,1
2796,28641865602630,1790295487155251996,1790295487155000000,152385684523149,152385684526180,1790295487378630349,1000,1
2797,28641872195148,1790295487161886404,1790295487162000000,152385689523149,152385689524410,1790295487383627928,1000,1
2798,28641876182259,1790295487165544737,1790295487166000000,152385694523149,152385694525295,1790295487388629454,1000,1
2799,28641880325074,1790295487169915070,1790295487170000000,152385699523149,152385699525170,1790295487393628698,1000,1
2800,28641887625963,1790295487176907552,1790295487177000000,152385704523149,152385704525214,1790295487398629362,1000,1
2801,28641891696667,1790295487181289552,1790295487181000000,152385709523149,152385709524716,1790295487403628905,1000,1
2802,28641899448518,1790295487188974478,1790295487189000000,152385714523149,152385714524910,1790295487408629018,1000,1
2803,28641900310037,1790295487189904996,1790295487190000000,152385719523149,152385719525887,1790295487413630095,1000,1
2804,28641908273259,1790295487197895626,1790295487198000000,152385724523149,152385724524978,1790295487418629277,1000,1
2805,28641909964555,1790295487199601367,1790295487199000000,152385729523149,152385729524811,1790295487423629080,1000,1
2806,28641916313111,1790295487205908811,1790295487206000000,152385734523149,152385734526177,1790295487428630306,1000,1
2807,28641920292074,1790295487209896626,1790295487210000000,152385739523149,152385739524720,1790295487433628908,1000,1
2808,28641928364815,1790295487217912885,1790295487218000000,152385744523149,152385744525514,1790295487438629723,1000,1
2809,28641932322518,1790295487221897848,1790295487222000000,152385749523149,152385749525027,1790295487443629145,1000,1
2810,28641936203074,1790295487225894885,1790295487226000000,152385754523149,152385754525571,1790295487448629910,1000,1
2811,28641940164111,1790295487229896589,1790295487230000000,152385759523149,152385759524633,1790295487453628842,1000,1
2813,28641952424407,1790295487241913848,1790295487242000000,152385769523149,152385769524780,1790295487463629911,1000,1
2814,28641955158444,1790295487244734107,1790295487245000000,152385774523149,152385774524824,1790295487468628943,1000,1
2815,28641960215704,1790295487249892478,1790295487250000000,152385779523149,152385779525410,1790295487473629629,1000,1
2816,28641965812185,1790295487255513329,1790295487255000000,152385784523149,152385784525654,1790295487478629873,1000,1
2817,28641972323630,1790295487261903626,1790295487262000000,152385789523149,152385789524936,1790295487483629205,1000,1
2818,28641976306222,1790295487265928959,1790295487266000000,152385794523149,152385794523717,1790295487488626723,1000,1
2819,28641980241185,1790295487269900070,1790295487270000000,152385799523149,152385799526195,1790295487493630403,1000,1
2820,28641988371370,1790295487277891478,1790295487278000000,152385804523149,152385804525396,1790295487498629545,1000,1
2821,28641992319704,1790295487281902663,1790295487282000000,152385809523149,152385809525009,1790295487503629207,1000,1
2822,28641996228889,1790295487285897959,1790295487286000000,152385814523149,152385814525733,1790295487508629952,1000,1
2823,28642000113259,1790295487289557107,1790295487289000000,152385819523149,152385819525869,1790295487513630097,1000,1
2824,28642008259667,1790295487297896996,1790295487298000000,152385824523149,152385824524609,1790295487518628808,1000,1
2825,28642011064667,1790295487300622255,1790295487300000000,152385829523149,152385829525134,1790295487523629333,1000,1
2826,28642016367741,1790295487305895589,1790295487306000000,152385834523149,152385834524528,1790295487528628586,1000,1
2827,28642020259222,1790295487309897737,1790295487310000000,152385839523149,152385839523890,1790295487533626906,1000,1
2828,28642028241629,1790295487317892181,1790295487318000000,152385844523149,152385844523602,1790295487538626629,1000,1
2829,28642032211185,1790295487321888070,1790295487322000000,152385849523149,152385849525159,1790295487543628707,1000,1
2830,28642036333481,1790295487325904070,1790295487326000000,152385854523149,152385854525184,1790295487548628751,1000,1
2831,28642040318518,1790295487329894552,1790295487330000000,152385859523149,152385859524956,1790295487553629135,1000,1
2832,28642045254852,1790295487334738848,1790295487335000000,152385864523149,152385864524759,1790295487558628617,1000,1
2833,28642052195000,1790295487341893403,1790295487342000000,152385869523149,152385869526185,1790295487563630454,1000,1
2834,28642055798926,1790295487345513774,1790295487345000000,152385874523149,152385874524718,1790295487568628856,1000,1
2835,28642060338741,1790295487349898218,1790295487350000000,152385879523149,152385879525202,1790295487573629360,1000,1
2836,28642066566704,1790295487356210774,1790295487356000000,152385884523149,152385884526036,1790295487578630195,1000,1
2837,28642072278000,1790295487361893478,1790295487362000000,152385889523149,152385889524356,1790295487583627864,1000,1
2838,28642076263000,1790295487365890626,1790295487366000000,152385894523149,152385894525041,1790295487588629239,1000,1
2839,28642080275296,1790295487369895552,1790295487370000000,152385899523149,152385899525325,1790295487593629894,1000,1
2840,28642084571704,1790295487374292515,1790295487374000000,152385904523149,152385904525618,1790295487598629907,1000,1
2841,28642089755592,1790295487379373255,1790295487379000000,152385909523149,152385909525163,1790295487603629331,1000,1
2842,28642096314518,1790295487385906774,1790295487386000000,152385914523149,152385914525637,1790295487608629846,1000,1
2843,28642100332111,1790295487389897589,1790295487390000000,152385919523149,152385919525239,1790295487613629748,1000,1
2844,28642108254222,1790295487397892440,1790295487398000000,152385924523149,152385924524551,1790295487618628720,1000,1
2845,28642112177592,1790295487401858181,1790295487402000000,152385929523149,152385929524716,1790295487623628294,1000,1
2846,28642116331370,1790295487405901848,1790295487406000000,152385934523149,152385934525791,1790295487628630180,1000,1
2847,28642120342703,1790295487409896292,1790295487410000000,152385939523149,152385939524162,1790295487633628080,1000,1
2848,28642128294963,1790295487417891848,1790295487418000000,152385944523149,152385944523846,1790295487638626882,1000,1
2849,28642132165481,1790295487421888107,1790295487422000000,152385949523149,152385949523669,1790295487643626685,1000,1
2850,28642134705629,1790295487424371329,1790295487424000000,152385954523149,152385954523842,1790295487648626869,1000,1
2851,28642140316666,1790295487429898959,1790295487430000000,152385959523149,152385959523845,1790295487653626862,1000,1
2852,28642146191148,1790295487435711329,1790295487436000000,152385964523149,152385964525674,1790295487658630123,1000,1
2853,28642152236481,1790295487441895996,1790295487442000000,152385969523149,152385969524675,1790295487663628854,1000,1
2854,28642156261037,1790295487445886996,1790295487446000000,152385974523149,152385974524077,1790295487668627675,1000,1
2855,28642160345741,1790295487449904477,1790295487450000000,152385979523149,152385979525523,1790295487673629752,1000,1
2856,28642166824852,1790295487456445663,1790295487456000000,152385984523149,152385984525578,1790295487678630087,1000,1
2857,28642172363518,1790295487461898922,1790295487462000000,152385989523149,152385989524820,1790295487683628367,1000,1
2858,28642176236629,1790295487465898700,1790295487466000000,152385994523149,152385994523711,1790295487688626737,1000,1
2859,28642180147000,1790295487469566737,1790295487470000000,152385999523149,152385999523736,1790295487693626752,1000,1
2860,28642184904222,1790295487474506255,1790295487474000000,152386004523149,152386004525552,1790295487698629140,1000,1
2861,28642191759185,1790295487480683144,1790295487481000000,152386009523149,152386009524363,1790295487703627901,1000,1
2862,28642196214963,1790295487485888811,1790295487486000000,152386014523149,152386014525078,1790295487708628595,1000,1
2863,28642200147778,1790295487489887514,1790295487490000000,152386019523149,152386019525914,1790295487713630383,1000,1
2864,28642208332740,1790295487497900700,1790295487498000000,152386024523149,152386024524695,1790295487718629215,1000,1
2865,28642212237592,1790295487501897144,1790295487502000000,152386029523149,152386029524799,1790295487723628356,1000,1
2866,28642216248963,1790295487505898440,1790295487506000000,152386034523149,152386034525463,1790295487728630012,1000,1
2867,28642220165926,1790295487509891996,1790295487510000000,152386039523149,152386039525108,1790295487733628675,1000,1
2868,28642224732074,1790295487514361033,1790295487514000000,152386044523149,152386044524921,1790295487738629871,1000,1
2869,28642232315333,1790295487521898811,1790295487522000000,152386049523149,152386049524744,1790295487743628281,1000,1
2870,28642235024703,1790295487524644811,1790295487524000000,152386054523149,152386054525780,1790295487748630249,1000,1
2871,28642240308555,1790295487529895329,1790295487530000000,152386059523149,152386059525173,1790295487753629351,1000,1
2872,28642247252963,1790295487536873107,1790295487537000000,152386064523149,152386064525446,1790295487758629895,1000,1
2873,28642252305444,1790295487541897033,1790295487542000000,152386069523149,152386069525670,1790295487763630359,1000,1
2874,28642256261222,1790295487545896181,1790295487546000000,152386074523149,152386074524021,1790295487768627558,1000,1
2875,28642260296222,1790295487549898663,1790295487550000000,152386079523149,152386079525317,1790295487773629506,1000,1
2876,28642266943777,1790295487556646922,1790295487556000000,152386084523149,152386084526322,1790295487778630521,1000,1
2877,28642270104629,1790295487559521811,1790295487559000000,152386089523149,152386089524292,1790295487783627779,1000,1
2878,28642276290407,1790295487565896477,1790295487566000000,152386094523149,152386094525096,1790295487788629295,1000,1
2879,28642280248666,1790295487569900107,1790295487570000000,152386099523149,152386099525803,1790295487793629992,1000,1
2880,28642285126777,1790295487574764700,1790295487575000000,152386104523149,152386104525275,1790295487798629113,1000,1
2881,28642292534629,1790295487581964959,1790295487582000000,152386109523149,152386109525048,1790295487803629247,1000,1
2882,28642296306444,1790295487585902996,1790295487586000000,152386114523149,152386114524933,1790295487808629592,1000,1
2883,28642300253518,1790295487589895626,1790295487590000000,152386119523149,152386119525357,1790295487813629566,1000,1
2884,28642308248889,1790295487597888700,1790295487598000000,152386124523149,152386124525120,1790295487818629288,1000,1
2885,28642312172963,1790295487601883255,1790295487602000000,152386129523149,152386129525353,1790295487823629552,1000,1
2886,28642316345666,1790295487605918551,1790295487606000000,152386134523149,152386134525477,1790295487828630337,1000,1
2887,28642320310814,1790295487609898070,1790295487610000000,152386139523149,152386139525099,1790295487833628626,1000,1
2888,28642326120333,1790295487615520959,1790295487615000000,152386144523149,152386144524892,1790295487838628419,1000,1
2889,28642332227444,1790295487621893366,1790295487622000000,152386149523149,152386149525477,1790295487843628994,1000,1
2890,28642336178629,1790295487625884551,1790295487626000000,152386154523149,152386154526043,1790295487848630222,1000,1
2891,28642340321037,1790295487629905626,1790295487630000000,152386159523149,152386159524904,1790295487853629063,1000,1
2892,28642348568703,1790295487637893033,1790295487638000000,152386164523149,152386164525338,1790295487858629717,1000,1
2893,28642352233555,1790295487641901366,1790295487642000000,152386169523149,152386169525912,1790295487863630111,1000,1
2894,28642356182814,1790295487645885329,1790295487646000000,152386174523149,152386174524914,1790295487868629102,1000,1
2895,28642360171666,1790295487649648366,1790295487650000000,152386179523149,152386179524867,1790295487873629055,1000,1
2896,28642368286703,1790295487657894922,1790295487658000000,152386184523149,152386184524609,1790295487878628698,1000,1
2897,28642371879518,1790295487661071514,1790295487661000000,152386189523149,152386189525867,1790295487883630136,1000,1
2898,28642376200555,1790295487665893366,1790295487666000000,152386194523149,152386194525028,1790295487888629197,1000,1
2899,28642380168370,1790295487669890588,1790295487670000000,152386199523149,152386199525683,1790295487893629871,1000,1
2900,28642388321666,1790295487677895663,1790295487678000000,152386204523149,152386204525135,1790295487898628753,1000,1
2901,28642392282851,1790295487681893181,1790295487682000000,152386209523149,152386209524609,1790295487903628797,1000,1
2902,28642396355296,1790295487685902070,1790295487686000000,152386214523149,152386214525343,1790295487908629562,1000,1
2903,28642400208629,1790295487689892774,1790295487690000000,152386219523149,152386219525306,1790295487913630106,1000,1
2904,28642404941296,1790295487694488848,1790295487694000000,152386224523149,152386224524198,1790295487918627685,1000,1
2905,28642412224814,1790295487701900181,1790295487702000000,152386229523149,152386229525355,1790295487923629624,1000,1
2906,28642417015889,1790295487706577996,1790295487706000000,152386234523149,152386234525609,1790295487928630148,1000,1
2907,28642420277926,1790295487709900292,1790295487710000000,152386239523149,152386239525843,1790295487933630432,1000,1
2908,28642426590037,1790295487716192366,1790295487716000000,152386244523149,152386244524836,1790295487938629014,1000,1
2909,28642432256963,1790295487721889811,1790295487722000000,152386249523149,152386249525921,1790295487943630060,1000,1
2910,28642435350926,1790295487725047551,1790295487725000000,152386254523149,152386254525513,1790295487948629061,1000,1
2911,28642440374740,1790295487729918551,1790295487730000000,152386259523149,152386259524184,1790295487953627701,1000,1
2912,28642448279703,1790295487737893662,1790295487738000000,152386264523149,152386264524740,1790295487958629259,1000,1
2913,28642450609888,1790295487739514848,1790295487740000000,152386269523149,152386269525054,1790295487963630234,1000,1
2914,28642456214518,1790295487745892107,1790295487746000000,152386274523149,152386274525237,1790295487968629536,1000,1
2915,28642460165444,1790295487749883477,1790295487750000000,152386279523149,152386279524930,1790295487973629139,1000,1
2916,28642468340851,1790295487757898070,1790295487758000000,152386284523149,152386284526057,1790295487978630286,1000,1
2917,28642472268370,1790295487761867922,1790295487762000000,152386289523149,152386289524517,1790295487983628606,1000,1
2918,28642476239333,1790295487765906329,1790295487766000000,152386294523149,152386294523909,1790295487988627757,1000,1
2919,28642480211074,1790295487769890144,1790295487770000000,152386299523149,152386299523844,1790295487993626860,1000,1
2920,28642488345407,1790295487777898699,1790295487778000000,152386304523149,152386304523837,1790295487998626864,1000,1
2921,28642492291777,1790295487781920699,1790295487782000000,152386309523149,152386309523790,1790295488003626807,1000,1
2922,28642495105666,1790295487784636922,1790295487784000000,152386314523149,152386314523784,1790295488008626810,1000,1
2923,28642500226185,1790295487789895885,1790295487790000000,152386319523149,152386319523788,1790295488013626815,1000,1
2924,28642506350370,1790295487795928662,1790295487796000000,152386324523149,152386324525545,1790295488018629774,1000,1
2925,28642512300925,1790295487801899737,1790295487802000000,152386329523149,152386329524747,1790295488023628955,1000,1
2926,28642516229444,1790295487805908477,1790295487806000000,152386334523149,152386334525501,1790295488028630321,1000,1
2927,28642520246740,1790295487809895737,1790295487810000000,152386339523149,152386339524514,1790295488033629204,1000,1
2928,28642528357296,1790295487817894477,1790295487818000000,152386344523149,152386344524838,1790295488038628997,1000,1
2929,28642532332185,1790295487821910366,1790295487822000000,152386349523149,152386349524511,1790295488043628539,1000,1
2930,28642536259222,1790295487825898366,1790295487826000000,152386354523149,152386354525366,1790295488048629094,1000,1
2931,28642540669629,1790295487829733403,1790295487830000000,152386359523149,152386359525320,1790295488053629569,1000,1
2932,28642548221740,1790295487837889551,1790295487838000000,152386364523149,152386364525323,1790295488058630173,1000,1
2933,28642550818296,1790295487840516959,1790295487840000000,152386369523149,152386369526348,1790295488063630517,1000,1
2934,28642556316037,1790295487845898848,1790295487846000000,152386374523149,152386374525010,1790295488068628588,1000,1
2935,28642560258629,1790295487849896477,1790295487850000000,152386379523149,152386379524965,1790295488073629194,1000,1
2936,28642568254666,1790295487857888218,1790295487858000000,152386384523149,152386384525159,1790295488078630259,1000,1
2937,28642570091111,1790295487859738255,1790295487859000000,152386389523149,152386389526034,1790295488083630182,1000,1
2938,28642576385407,1790295487865918514,1790295487866000000,152386394523149,152386394524193,1790295488088628021,1000,1
2939,28642580270666,1790295487869904625,1790295487870000000,152386399523149,152386399525689,1790295488093629858,1000,1
2940,28642585056703,1790295487874387922,1790295487874000000,152386404523149,152386404524500,1790295488098628949,1000,1
2941,28642591436740,1790295487881100699,1790295487881000000,152386409523149,152386409524473,1790295488103628672,1000,1
2942,28642596095407,1790295487885525366,1790295487885000000,152386414523149,152386414524969,1790295488108629157,1000,1
2943,28642600352074,1790295487889919551,1790295487890000000,152386419523149,152386419526014,1790295488113630223,1000,1
2944,28642607592370,1790295487896876885,1790295487897000000,152386424523149,152386424524484,1790295488118628412,1000,1
2945,28642612227518,1790295487901897292,1790295487902000000,152386429523149,152386429524778,1790295488123628997,1000,1
2946,28642616161259,1790295487905890144,1790295487906000000,152386434523149,152386434525845,1790295488128630194,1000,1
2947,28642624329666,1790295487913905551,1790295487914000000,152386439523149,152386439525017,1790295488133629546,1000,1
2948,28642628225814,1790295487917895477,1790295487918000000,152386444523149,152386444524539,1790295488138628738,1000,1
2949,28642629805666,1790295487919442885,1790295487919000000,152386449523149,152386449525614,1790295488143629833,1000,1
2950,28642636227777,1790295487925897811,1790295487926000000,152386454523149,152386454525507,1790295488148630057,1000,1
2951,28642642090333,1790295487931466625,1790295487931000000,152386459523149,152386459524889,1790295488153629118,1000,1
2952,28642648290592,1790295487937911440,1790295487938000000,152386464523149,152386464525263,1790295488158629772,1000,1
2953,28642652301407,1790295487941897144,1790295487942000000,152386469523149,152386469525389,1790295488163630168,1000,1
2954,28642656305740,1790295487945897255,1790295487946000000,152386474523149,152386474525442,1790295488168629721,1000,1
2955,28642660229555,1790295487949904255,1790295487950000000,152386479523149,152386479525165,1790295488173629373,1000,1
2956,28642668359629,1790295487957897662,1790295487958000000,152386484523149,152386484525268,1790295488178630118,1000,1
2957,28642672254962,1790295487961908551,1790295487962000000,152386489523149,152386489524061,1790295488183627648,1000,1
2958,28642675640074,1790295487964732329,1790295487965000000,152386494523149,152386494524885,1790295488188629054,1000,1
2959,28642680251407,1790295487969893403,1790295487970000000,152386499523149,152386499525780,1790295488193630029,1000,1
2960,28642685841074,1790295487975516218,1790295487975000000,152386504523149,152386504524794,1790295488198629273,1000,1
2961,28642692315888,1790295487981900292,1790295487982000000,152386509523149,152386509524707,1790295488203628855,1000,1
2962,28642696230555,1790295487985890403,1790295487986000000,152386514523149,152386514524990,1790295488208629109,1000,1
2963,28642700244962,1790295487989899255,1790295487990000000,152386519523149,152386519524973,1790295488213629883,1000,1
2964,28642708257481,1790295487997893255,1790295487998000000,152386524523149,152386524525029,1790295488218629398,1000,1
2965,28642712320962,1790295488001908662,1790295488002000000,152386529523149,152386529524891,1790295488223629100,1000,1
2966,28642716273185,1790295488005916477,1790295488006000000,152386534523149,152386534525776,1790295488228630246,1000,1
2967,28642719894370,1790295488009517848,1790295488009000000,152386539523149,152386539525501,1790295488233630081,1000,1
2968,28642728236259,1790295488017891625,1790295488018000000,152386544523149,152386544524883,1790295488238629052,1000,1
2969,28642730862555,1790295488020527551,1790295488020000000,152386549523149,152386549525397,1790295488243629626,1000,1
2970,28642736325925,1790295488025902255,1790295488026000000,152386554523149,152386554525471,1790295488248629008,1000,1
2971,28642740267740,1790295488029895144,1790295488030000000,152386559523149,152386559524382,1790295488253627920,1000,1
2972,28642748261222,1790295488037900218,1790295488038000000,152386564523149,152386564525189,1790295488258629368,1000,1
2973,28642752244518,1790295488041889551,1790295488042000000,152386569523149,152386569526314,1790295488263630533,1000,1
2974,28642756370073,1790295488045906181,1790295488046000000,152386574523149,152386574524955,1790295488268629064,1000,1
2975,28642760264592,1790295488049896662,1790295488050000000,152386579523149,152386579525211,1790295488273629400,1000,1
2976,28642768075962,1790295488057666403,1790295488057000000,152386584523149,152386584525595,1790295488278630194,1000,1
2977,28642772193333,1790295488061889699,1790295488062000000,152386589523149,152386589525578,1790295488283629105,1000,1
2978,28642776106888,1790295488065528959,1790295488065000000,152386594523149,152386594524730,1790295488288628919,1000,1
2979,28642780354592,1790295488069900107,1790295488070000000,152386599523149,152386599525586,1790295488293629855,1000,1
2980,28642787274444,1790295488076870922,1790295488077000000,152386604523149,152386604525409,1790295488298628946,1000,1
2981,28642792313407,1790295488081891922,1790295488082000000,152386609523149,152386609525262,1790295488303629500,1000,1
2982,28642796252333,1790295488085892329,1790295488086000000,152386614523149,152386614524694,1790295488308628782,1000,1
2983,28642800271592,1790295488089894588,1790295488090000000,152386619523149,152386619525741,1790295488313629920,1000,1
2984,28642808204814,1790295488097882996,1790295488098000000,152386624523149,152386624525624,1790295488318630154,1000,1
2985,28642809780370,1790295488099372773,1790295488099000000,152386629523149,152386629524906,1790295488323629165,1000,1
2986,28642816317851,1790295488105740588,1790295488106000000,152386634523149,152386634526512,1790295488328630651,1000,1
2987,28642821165666,1790295488109896773,1790295488111000000,152386639523149,152386639526167,1790295488333630406,1000,1
2988,28642828227296,1790295488117891588,1790295488118000000,152386644523149,152386644525078,1790295488338629277,1000,1
2989,28642832210851,1790295488121855070,1790295488122000000,152386649523149,152386649525102,1790295488343629261,1000,1
2990,28642836293703,1790295488125790477,1790295488126000000,152386654523149,152386654525417,1790295488348628954,1000,1
2991,28642840278370,1790295488129897440,1790295488130000000,152386659523149,152386659524719,1790295488353628917,1000,1
2992,28642848292851,1790295488137901736,1790295488138000000,152386664523149,152386664524351,1790295488358627899,1000,1
2993,28642852176370,1790295488141887107,1790295488142000000,152386669523149,152386669525748,1790295488363629906,1000,1
2994,28642855992777,1790295488145574847,1790295488145000000,152386674523149,152386674525010,1790295488368629550,1000,1
2995,28642860250814,1790295488149894847,1790295488150000000,152386679523149,152386679524693,1790295488373628852,1000,1
2996,28642865927518,1790295488155527144,1790295488155000000,152386684523149,152386684525227,1790295488378630338,1000,1
2997,28642872230370,1790295488161890329,1790295488162000000,152386689523149,152386689523950,1790295488383627487,1000,1
2998,28642876203036,1790295488165900144,1790295488166000000,152386694523149,152386694524825,1790295488388629053,1000,1
2999,28642880359481,1790295488169919366,1790295488170000000,152386699523149,152386699524677,1790295488393628525,1000,1
3000,28642888335481,1790295488177908181,1790295488178000000,152386704523149,152386704525823,1790295488398630192,1000,1
3001,28642892301703,1790295488181914773,1790295488182000000,152386709523149,152386709525447,1790295488403629696,1000,1
3002,28642896988814,1790295488185896921,1790295488186000000,152386714523149,152386714525370,1790295488408629609,1000,1
3003,28642900089629,1790295488189722588,1790295488189000000,152386719523149,152386719524501,1790295488413628029,1000,1
3004,28642908271740,1790295488197912255,1790295488198000000,152386724523149,152386724524164,1790295488418627692,1000,1
3005,28642911096888,1790295488200529514,1790295488200000000,152386729523149,152386729524219,1790295488423628538,1000,1
3006,28642916312444,1790295488205908625,1790295488206000000,152386734523149,152386734525394,1790295488428628982,1000,1
3007,28642920233703,1790295488209897440,1790295488210000000,152386739523149,152386739525838,1790295488433630157,1000,1
3008,28642928321703,1790295488217906403,1790295488218000000,152386744523149,152386744524651,1790295488438628840,1000,1
3009,28642932178370,1790295488221891255,1790295488222000000,152386749523149,152386749525225,1790295488443629454,1000,1
3010,28642936290740,1790295488225906773,1790295488226000000,152386754523149,152386754526271,1790295488448630439,1000,1
3011,28642940333851,1790295488229923033,1790295488230000000,152386759523149,152386759525011,1790295488453629220,1000,1
3012,28642944781962,1790295488234365070,1790295488234000000,152386764523149,152386764525257,1790295488458629436,1000,1
3013,28642953128184,1790295488241909736,1790295488243000000,152386769523149,152386769525831,1790295488463630361,1000,1
3014,28642956064444,1790295488245620070,1790295488245000000,152386774523149,152386774524582,1790295488468628701,1000,1
3015,28642959720999,1790295488249396625,1790295488249000000,152386779523149,152386779524926,1790295488473629145,1000,1
3016,28642967648925,1790295488257241884,1790295488257000000,152386784523149,152386784525793,1790295488478630532,1000,1
3017,28642972428184,1790295488261910884,1790295488262000000,152386789523149,152386789524383,1790295488483629003,1000,1
3018,28642976261814,1790295488265906477,1790295488266000000,152386794523149,152386794524106,1790295488488627603,1000,1
3019,28642980298259,1790295488269899662,1790295488270000000,152386799523149,152386799524722,1790295488493628239,1000,1
3020,28642988333259,1790295488277910440,1790295488278000000,152386804523149,152386804525537,1790295488498629936,1000,1
3021,28642989833703,1790295488279485514,1790295488279000000,152386809523149,152386809525199,1790295488503629398,1000,1
3022,28642996311259,1790295488285908773,1790295488286000000,152386814523149,152386814525222,1790295488508629421,1000,1
3023,28643001161592,1790295488290752921,1790295488291000000,152386819523149,152386819525629,1790295488513630178,1000,1
3024,28643005173777,1790295488294731810,1790295488295000000,152386824523149,152386824525151,1790295488518629720,1000,1
3025,28643010533147,1790295488300173329,1790295488300000000,152386829523149,152386829525405,1790295488523629613,1000,1
3026,28643016234110,1790295488305895329,1790295488306000000,152386834523149,152386834524737,1790295488528628876,1000,1
3027,28643020242666,1790295488309902181,1790295488310000000,152386839523149,152386839523869,1790295488533626886,1000,1
3028,28643028393147,1790295488317901218,1790295488318000000,152386844523149,152386844524193,1790295488538627209,1000,1
3029,28643033113221,1790295488321913477,1790295488322000000,152386849523149,152386849523906,1790295488543626912,1000,1
3030,28643034764777,1790295488324480107,1790295488324000000,152386854523149,152386854523840,1790295488548626856,1000,1
3031,28643040221370,1790295488329893477,1790295488330000000,152386859523149,152386859523834,1790295488553626860,1000,1
3032,28643046051444,1790295488335651292,1790295488335000000,152386864523149,152386864523837,1790295488558626853,1000,1
3033,28643052312370,1790295488341898921,1790295488342000000,152386869523149,152386869525172,1790295488563628790,1000,1
3034,28643057131073,1790295488345913921,1790295488347000000,152386874523149,152386874525427,1790295488568628975,1000,1
3035,28643060230333,1790295488349905440,1790295488350000000,152386879523149,152386879524591,1790295488573628779,1000,1
3036,28643068290629,1790295488357911773,1790295488358000000,152386884523149,152386884525466,1790295488578630476,1000,1
3037,28643072321258,1790295488361917366,1790295488362000000,152386889523149,152386889525819,1790295488583630559,1000,1
3038,28643076250333,1790295488365900662,1790295488366000000,152386894523149,152386894525031,1790295488588629220,1000,1
3039,28643080762518,1790295488369978032,1790295488370000000,152386899523149,152386899524613,1790295488593628792,1000,1
3040,28643086684184,1790295488376365847,1790295488376000000,152386904523149,152386904525899,1790295488598630659,1000,1
3041,28643091109296,1790295488380640144,1790295488380000000,152386909523149,152386909525572,1790295488603629740,1000,1
3042,28643096310925,1790295488385896107,1790295488386000000,152386914523149,152386914525086,1790295488608629245,1000,1
3043,28643100253110,1790295488389895551,1790295488390000000,152386919523149,152386919525951,1790295488613630300,1000,1
3044,28643108240962,1790295488397896699,1790295488398000000,152386924523149,152386924525573,1790295488618629852,1000,1
3045,28643112174221,1790295488401891366,1790295488402000000,152386929523149,152386929524605,1790295488623628763,1000,1
3046,28643116328703,1790295488405904514,1790295488406000000,152386934523149,152386934525950,1790295488628630440,1000,1
3047,28643120266258,1790295488409914069,1790295488410000000,152386939523149,152386939525913,1790295488633630723,1000,1
3048,28643125520925,1790295488414563810,1790295488415000000,152386944523149,152386944523783,1790295488638626819,1000,1
3049,28643132256999,1790295488421892107,1790295488422000000,152386949523149,152386949523848,1790295488643626864,1000,1
3050,28643136813036,1790295488425687884,1790295488426000000,152386954523149,152386954523690,1790295488648626707,1000,1
3051,28643140338295,1790295488429899477,1790295488430000000,152386959523149,152386959523894,1790295488653626910,1000,1
3052,28643147247777,1790295488436874662,1790295488437000000,152386964523149,152386964523757,1790295488658626764,1000,1
3053,28643152227925,1790295488441889366,1790295488442000000,152386969523149,152386969525495,1790295488663629033,1000,1
3054,28643156160110,1790295488445889625,1790295488446000000,152386974523149,152386974524757,1790295488668628665,1000,1
3055,28643160339814,1790295488449906366,1790295488450000000,152386979523149,152386979524760,1790295488673629039,1000,1
3056,28643168248036,1790295488457895514,1790295488458000000,152386984523149,152386984526007,1790295488678630246,1000,1
3057,28643169820073,1790295488459489106,1790295488459000000,152386989523149,152386989526211,1790295488683630390,1000,1
3058,28643176265814,1790295488465895551,1790295488466000000,152386994523149,152386994524771,1790295488688628960,1000,1
3059,28643180264999,1790295488469905106,1790295488470000000,152386999523149,152386999524915,1790295488693629084,1000,1
3060,28643187027629,1790295488476581699,1790295488476000000,152387004523149,152387004526333,1790295488698630471,1000,1
3061,28643192235295,1790295488481865403,1790295488482000000,152387009523149,152387009525474,1790295488703629653,1000,1
3062,28643196217851,1790295488485896329,1790295488486000000,152387014523149,152387014524235,1790295488708627743,1000,1
3063,28643200175777,1790295488489899699,1790295488490000000,152387019523149,152387019524940,1790295488713630401,1000,1
3064,28643208322518,1790295488497897144,1790295488498000000,152387024523149,152387024525836,1790295488718630075,1000,1
3065,28643212250629,1790295488501896144,1790295488502000000,152387029523149,152387029524026,1790295488723627564,1000,1
3066,28643215602258,1790295488504722736,1790295488505000000,152387034523149,152387034525192,1790295488728628739,1000,1
3067,28643220219888,1790295488509890329,1790295488510000000,152387039523149,152387039525908,1790295488733630116,1000,1
3068,28643225820444,1790295488515511921,1790295488515000000,152387044523149,152387044525520,1790295488738629689,1000,1
3069,28643232319407,1790295488521912181,1790295488522000000,152387049523149,152387049524612,1790295488743628159,1000,1
3070,28643236312332,1790295488525914921,1790295488526000000,152387054523149,152387054525627,1790295488748629815,1000,1
3071,28643240287481,1790295488529907847,1790295488530000000,152387059523149,152387059525661,1790295488753629870,1000,1
3072,28643245699703,1790295488535385847,1790295488535000000,152387064523149,152387064524733,1790295488758629202,1000,1
3073,28643252344147,1790295488541906143,1790295488542000000,152387069523149,152387069526179,1790295488763630408,1000,1
3074,28643256271258,1790295488545914440,1790295488546000000,152387074523149,152387074525842,1790295488768630050,1000,1
3075,28643260685925,1790295488549753588,1790295488550000000,152387079523149,152387079524895,1790295488773629094,1000,1
3076,28643268235369,1790295488557903884,1790295488558000000,152387084523149,152387084526291,1790295488778630640,1000,1
3077,28643270823295,1790295488560514884,1790295488560000000,152387089523149,152387089525743,1790295488783630443,1000,1
3078,28643276308925,1790295488565899366,1790295488566000000,152387094523149,152387094524915,1790295488788629154,1000,1
3079,28643280243703,1790295488569909255,1790295488570000000,152387099523149,152387099525340,1790295488793629569,1000,1
3080,28643288250777,1790295488577890292,1790295488578000000,152387104523149,152387104525754,1790295488798630273,1000,1
3081,28643292266147,1790295488581933032,1790295488582000000,152387109523149,152387109525116,1790295488803628663,1000,1
3082,28643296329666,1790295488585902884,1790295488586000000,152387114523149,152387114525009,1790295488808629218,1000,1
3083,28643300300740,1790295488589905810,1790295488590000000,152387119523149,152387119524502,1790295488813628671,1000,1
3084,28643305938925,1790295488595512255,1790295488595000000,152387124523149,152387124525718,1790295488818630207,1000,1
3085,28643312280703,1790295488601901884,1790295488602000000,152387129523149,152387129524319,1790295488823627846,1000,1
3086,28643316632555,1790295488605656699,1790295488606000000,152387134523149,152387134526478,1790295488828630857,1000,1
3087,28643320274221,1790295488609902551,1790295488610000000,152387139523149,152387139525620,1790295488833630470,1000,1
3088,28643327659147,1790295488617244329,1790295488617000000,152387144523149,152387144525232,1790295488838629401,1000,1
3089,28643332361629,1790295488621917255,1790295488622000000,152387149523149,152387149524734,1790295488843629364,1000,1
3090,28643336251110,1790295488625894773,1790295488626000000,152387154523149,152387154525659,1790295488848630499,1000,1
3091,28643340333629,1790295488629917143,1790295488630000000,152387159523149,152387159525172,1790295488853629791,1000,1
3092,28643348241258,1790295488637841143,1790295488638000000,152387164523149,152387164524904,1790295488858629093,1000,1
3093,28643350066258,1790295488639491625,1790295488639000000,152387169523149,152387169525388,1790295488863628916,1000,1
3094,28643356371110,1790295488645910440,1790295488646000000,152387174523149,152387174525644,1790295488868629813,1000,1
3095,28643360258406,1790295488649896440,1790295488650000000,152387179523149,152387179524816,1790295488873629064,1000,1
3096,28643368301295,1790295488657896810,1790295488658000000,152387184523149,152387184525861,1790295488878630150,1000,1
3097,28643372244443,1790295488661888106,1790295488662000000,152387189523149,152387189526044,1790295488883630273,1000,1
3098,28643376316295,1790295488665915143,1790295488666000000,152387194523149,152387194524635,1790295488888628182,1000,1
3099,28643380282703,1790295488669913514,1790295488670000000,152387199523149,152387199525660,1790295488893629819,1000,1
3100,28643388267777,1790295488677900477,1790295488678000000,152387204523149,152387204526044,1790295488898630263,1000,1
3101,28643391512184,1790295488681242810,1790295488681000000,152387209523149,152387209525638,1790295488903629997,1000,1
3102,28643395111073,1790295488684728403,1790295488684000000,152387214523149,152387214525311,1790295488908629619,1000,1
3103,28643400282369,1790295488689909143,1790295488690000000,152387219523149,152387219526025,1790295488913630264,1000,1
3104,28643405917703,1790295488695528995,1790295488695000000,152387224523149,152387224526309,1790295488918630468,1000,1
3105,28643412324110,1790295488701913810,1790295488702000000,152387229523149,152387229524871,1790295488923629070,1000,1
3106,28643416332443,1790295488705892551,1790295488706000000,152387234523149,152387234525505,1790295488928629153,1000,1
3107,28643420238110,1790295488709898143,1790295488710000000,152387239523149,152387239525118,1790295488933629978,1000,1
3108,28643428569221,1790295488717893514,1790295488718000000,152387244523149,152387244525273,1790295488938629502,1000,1
3109,28643432385666,1790295488721909292,1790295488722000000,152387249523149,152387249525306,1790295488943629415,1000,1
3110,28643436264221,1790295488725909403,1790295488726000000,152387254523149,152387254524768,1790295488948628656,1000,1
3111,28643440900999,1790295488730524551,1790295488730000000,152387259523149,152387259525643,1790295488953630122,1000,1
3112,28643448192073,1790295488737904106,1790295488738000000,152387264523149,152387264524556,1790295488958628124,1000,1
3113,28643450503962,1790295488740200958,1790295488740000000,152387269523149,152387269524770,1790295488963629329,1000,1
3114,28643456330184,1790295488745898329,1790295488746000000,152387274523149,152387274526045,1790295488968630234,1000,1
3115,28643460249184,1790295488749893217,1790295488750000000,152387279523149,152387279525019,1790295488973629207,1000,1
3117,28643472262184,1790295488761894477,1790295488762000000,152387289523149,152387289526378,1790295488983630556,1000,1
3118,28643476347184,1790295488765922403,1790295488766000000,152387294523149,152387294524467,1790295488988627985,1000,1
3119,28643480226962,1790295488769899810,1790295488770000000,152387299523149,152387299525474,1790295488993629763,1000,1
3120,28643485303332,1790295488774823143,1790295488775000000,152387304523149,152387304526078,1790295488998630327,1000,1
3121,28643492228592,1790295488781893143,1790295488782000000,152387309523149,152387309525480,1790295489003629819,1000,1
3122,28643496284036,1790295488785853514,1790295488786000000,152387314523149,152387314523931,1790295489008627458,1000,1
3123,28643500308332,1790295488789906143,1790295488790000000,152387319523149,152387319524777,1790295489013628986,1000,1
3124,28643507231999,1790295488796870995,1790295488797000000,152387324523149,152387324526013,1790295489018630672,1000,1
3125,28643512225147,1790295488801890032,1790295488802000000,152387329523149,152387329525044,1790295489023629172,1000,1
3126,28643516150332,1790295488805889514,1790295488806000000,152387334523149,152387334526199,1790295489028630388,1000,1
3127,28643520351962,1790295488809917810,1790295488810000000,152387339523149,152387339525163,1790295489033630093,1000,1
3128,28643528248480,1790295488817898810,1790295488818000000,152387344523149,152387344525436,1790295489038629885,1000,1
3129,28643529750629,1790295488819358662,1790295488819000000,152387349523149,152387349525019,1790295489043629157,1000,1
3130,28643536254073,1790295488825897217,1790295488826000000,152387354523149,152387354524802,1790295489048628681,1000,1
3131,28643540184814,1790295488829887217,1790295488830000000,152387359523149,152387359525858,1790295489053630257,1000,1
3132,28643548372332,1790295488837910773,1790295488838000000,152387364523149,152387364524880,1790295489058629108,1000,1
3133,28643552250554,1790295488841861884,1790295488842000000,152387369523149,152387369525625,1790295489063629844,1000,1
3134,28643556233480,1790295488845897403,1790295488846000000,152387374523149,152387374526531,1790295489068630659,1000,1
3135,28643560167480,1790295488849888440,1790295488850000000,152387379523149,152387379524971,1790295489073629100,1000,1
3136,28643568336073,1790295488857897477,1790295488858000000,152387384523149,152387384526126,1790295489078630355,1000,1
3137,28643570296184,1790295488859819254,1790295488860000000,152387389523149,152387389526230,1790295489083630419,1000,1
3138,28643575052888,1790295488864496773,1790295488864000000,152387394523149,152387394526125,1790295489088630334,1000,1
3139,28643580231703,1790295488869904514,1790295488870000000,152387399523149,152387399524886,1790295489093629245,1000,1
3140,28643586170184,1790295488875615403,1790295488876000000,152387404523149,152387404525670,1790295489098629859,1000,1
3141,28643591703036,1790295488881296180,1790295488881000000,152387409523149,152387409525694,1790295489103629822,1000,1
3142,28643596355258,1790295488885915995,1790295488886000000,152387414523149,152387414524825,1790295489108628994,1000,1
3143,28643600249110,1790295488889896662,1790295488890000000,152387419523149,152387419524808,1790295489113628977,1000,1
3144,28643608242962,1790295488897906291,1790295488898000000,152387424523149,152387424525142,1790295489118629982,1000,1
3145,28643612319740,1790295488901905736,1790295488902000000,152387429523149,152387429525498,1790295489123629727,1000,1
3146,28643616266591,1790295488905915365,1790295488906000000,152387434523149,152387434525651,1790295489128630321,1000,1
3147,28643619658221,1790295488909304662,1790295488909000000,152387439523149,152387439526586,1790295489133630795,1000,1
3148,28643628288258,1790295488917905403,1790295488918000000,152387444523149,152387444525838,1790295489138629987,1000,1
3149,28643630852110,1790295488920527291,1790295488920000000,152387449523149,152387449524631,1790295489143628840,1000,1
3150,28643636310110,1790295488925895662,1790295488926000000,152387454523149,152387454526548,1790295489148630797,1000,1
3151,28643640253295,1790295488929909995,1790295488930000000,152387459523149,152387459525178,1790295489153630279,1000,1
3152,28643648242962,1790295488937889254,1790295488938000000,152387464523149,152387464524853,1790295489158629011,1000,1
3153,28643652183999,1790295488941898106,1790295488942000000,152387469523149,152387469526169,1790295489163630407,1000,1
3154,28643655467777,1790295488945045106,1790295488945000000,152387474523149,152387474525661,1790295489168630090,1000,1
3155,28643660303295,1790295488949895551,1790295488950000000,152387479523149,152387479525423,1790295489173629672,1000,1
3156,28643664814332,1790295488954464514,1790295488954000000,152387484523149,152387484525749,1790295489178630238,1000,1
3157,28643669888925,1790295488959498032,1790295488959000000,152387489523149,152387489526283,1790295489183630492,1000,1
3158,28643676186036,1790295488965675884,1790295488966000000,152387494523149,152387494524964,1790295489188629103,1000,1
3159,28643680359962,1790295488969919662,1790295488970000000,152387499523149,152387499525180,1790295489193629509,1000,1
3160,28643687272666,1790295488976878180,1790295488977000000,152387504523149,152387504525856,1790295489198630005,1000,1
3161,28643692266888,1790295488981897551,1790295488982000000,152387509523149,152387509525589,1790295489203629737,1000,1
3162,28643696156628,1790295488985890069,1790295488986000000,152387514523149,152387514524369,1790295489208627957,1000,1
3163,28643700398443,1790295488989918143,1790295488990000000,152387519523149,152387519524864,1790295489213628992,1000,1
3164,28643708247999,1790295488997897291,1790295488998000000,152387524523149,152387524525668,1790295489218629937,1000,1
3165,28643710637443,1790295488999733736,1790295489000000000,152387529523149,152387529524680,1790295489223628207,1000,1
3166,28643716250777,1790295489005897143,1790295489006000000,152387534523149,152387534525765,1790295489228629994,1000,1
3167,28643720056999,1790295489009715551,1790295489009000000,152387539523149,152387539526001,1790295489233630159,1000,1
3168,28643728338406,1790295489017913143,1790295489018000000,152387544523149,152387544525663,1790295489238629882,1000,1
3169,28643732317258,1790295489021893736,1790295489022000000,152387549523149,152387549524975,1790295489243629164,1000,1
3170,28643736317073,1790295489025916217,1790295489026000000,152387554523149,152387554525199,1790295489248630279,1000,1
3171,28643740327962,1790295489029910402,1790295489030000000,152387559523149,152387559526015,1790295489253630194,1000,1
3172,28643748259443,1790295489037899254,1790295489038000000,152387564523149,152387564524566,1790295489258628825,1000,1
3173,28643752190110,1790295489041898958,1790295489042000000,152387569523149,152387569524940,1790295489263628768,1000,1
3174,28643754827443,1790295489044489699,1790295489044000000,152387574523149,152387574525965,1790295489268630114,1000,1
3175,28643760315740,1790295489049916143,1790295489050000000,152387579523149,152387579525640,1790295489273629989,1000,1
3176,28643766139147,1790295489055624439,1790295489056000000,152387584523149,152387584525773,1790295489278629952,1000,1
3177,28643770286110,1790295489059895217,1790295489060000000,152387589523149,152387589526187,1790295489283630777,1000,1
3178,28643776235888,1790295489065891439,1790295489066000000,152387594523149,152387594525450,1790295489288629929,1000,1
3179,28643780320591,1790295489069899328,1790295489070000000,152387599523149,152387599524752,1790295489293628941,1000,1
3180,28643788326777,1790295489077815847,1790295489078000000,152387604523149,152387604524976,1790295489298629805,1000,1
3181,28643791696443,1790295489081330514,1790295489081000000,152387609523149,152387609525801,1790295489303630300,1000,1
3182,28643796245554,1790295489085907588,1790295489086000000,152387614523149,152387614524995,1790295489308629133,1000,1
3183,28643800218851,1790295489089735736,1790295489090000000,152387619523149,152387619524587,1790295489313628746,1000,1
3184,28643808289073,1790295489097912069,1790295489098000000,152387624523149,152387624525342,1790295489318630502,1000,1
3185,28643810897962,1790295489100525514,1790295489100000000,152387629523149,152387629525806,1790295489323630676,1000,1
3186,28643816233925,1790295489105894662,1790295489106000000,152387634523149,152387634525107,1790295489328629466,1000,1
3187,28643820169851,1790295489109901699,1790295489110000000,152387639523149,152387639526163,1790295489333630361,1000,1
3188,28643828320554,1790295489117902365,1790295489118000000,152387644523149,152387644526136,1790295489338630675,1000,1
3189,28643832258369,1790295489121911143,1790295489122000000,152387649523149,152387649525189,1790295489343629478,1000,1
3190,28643836274443,1790295489125908106,1790295489126000000,152387654523149,152387654526445,1790295489348630744,1000,1
3191,28643840177591,1790295489129891365,1790295489130000000,152387659523149,152387659525717,1790295489353629945,1000,1
3192,28643845878369,1790295489135466847,1790295489135000000,152387664523149,152387664525109,1790295489358629378,1000,1
3193,28643852272702,1790295489141899847,1790295489142000000,152387669523149,152387669525013,1790295489363629402,1000,1
3194,28643856637962,1790295489145654143,1790295489146000000,152387674523149,152387674525848,1790295489368630047,1000,1
3195,28643864235702,1790295489153893958,1790295489154000000,152387679523149,152387679525942,1790295489373630190,1000,1
3196,28643867640739,1790295489157241773,1790295489157000000,152387684523149,152387684526248,1790295489378630496,1000,1
3197,28643870618258,1790295489160076143,1790295489160000000,152387689523149,152387689525650,1790295489383629217,1000,1
3198,28643876338369,1790295489165898365,1790295489166000000,152387694523149,152387694524731,1790295489388628890,1000,1
3199,28643880262554,1790295489169906847,1790295489170000000,152387699523149,152387699524804,1790295489393628983,1000,1
3200,28643888217369,1790295489177893291,1790295489178000000,152387704523149,152387704525661,1790295489398629910,1000,1
3201,28643889859443,1790295489179500773,1790295489179000000,152387709523149,152387709525334,1790295489403629843,1000,1
3202,28643896346147,1790295489185911551,1790295489186000000,152387714523149,152387714523684,1790295489408626710,1000,1
3203,28643900293814,1790295489189899032,1790295489190000000,152387719523149,152387719524530,1790295489413628779,1000,1
3204,28643908274851,1790295489197896402,1790295489198000000,152387724523149,152387724526046,1790295489418630615,1000,1
3205,28643912195036,1790295489201861328,1790295489202000000,152387729523149,152387729525859,1790295489423630028,1000,1
3206,28643916314369,1790295489205919291,1790295489206000000,152387734523149,152387734526073,1790295489428630392,1000,1
3207,28643920283814,1790295489209911736,1790295489210000000,152387739523149,152387739526308,1790295489433630447,1000,1
3208,28643928262591,1790295489217901291,1790295489218000000,152387744523149,152387744525570,1790295489438630190,1000,1
3209,28643932210184,1790295489221903550,1790295489222000000,152387749523149,152387749524902,1790295489443629071,1000,1
3210,28643935959814,1790295489225553439,1790295489225000000,152387754523149,152387754526268,1790295489448630436,1000,1
3211,28643940275925,1790295489229914884,1790295489230000000,152387759523149,152387759526023,1790295489453630382,1000,1
3212,28643945925073,1790295489235524625,1790295489235000000,152387764523149,152387764525044,1790295489458629323,1000,1
3213,28643952233258,1790295489241903958,1790295489242000000,152387769523149,152387769525799,1790295489463629987,1000,1
3214,28643956167221,1790295489245891588,1790295489246000000,152387774523149,152387774523889,1790295489468626916,1000,1
3215,28643960313776,1790295489249906513,1790295489250000000,152387779523149,152387779525797,1790295489473630025,1000,1
3216,28643968323036,1790295489257892550,1790295489258000000,152387784523149,152387784525710,1790295489478630229,1000,1
3217,28643970864184,1790295489260518217,1790295489260000000,152387789523149,152387789525973,1790295489483630442,1000,1
3218,28643976187332,1790295489265898958,1790295489266000000,152387794523149,152387794525647,1790295489488629765,1000,1
3219,28643979842702,1790295489269360143,1790295489269000000,152387799523149,152387799524921,1790295489493629240,1000,1
3220,28643988342999,1790295489277914513,1790295489278000000,152387804523149,152387804525385,1790295489498629653,1000,1
3221,28643991555258,1790295489280531254,1790295489281000000,152387809523149,152387809524396,1790295489503628585,1000,1
3222,28643996240999,1790295489285901328,1790295489286000000,152387814523149,152387814525431,1790295489508629660,1000,1
3223,28644000202184,1790295489289901550,1790295489290000000,152387819523149,152387819526196,1790295489513630424,1000,1
3224,28644008386147,1790295489297910180,1790295489298000000,152387824523149,152387824525958,1790295489518630458,1000,1
3225,28644012282332,1790295489301908662,1790295489302000000,152387829523149,152387829525912,1790295489523630140,1000,1
3226,28644016280554,1790295489305909995,1790295489306000000,152387834523149,152387834524473,1790295489528628632,1000,1
3227,28644020177925,1790295489309893587,1790295489310000000,152387839523149,152387839523785,1790295489533626801,1000,1
3228,28644024842110,1790295489314495550,1790295489314000000,152387844523149,152387844523819,1790295489538626845,1000,1
3229,28644032285888,1790295489321900217,1790295489322000000,152387849523149,152387849523623,1790295489543626639,1000,1
3230,28644036589591,1790295489325519958,1790295489326000000,152387854523149,152387854526221,1790295489548630490,1000,1
3231,28644040263888,1790295489329902699,1790295489330000000,152387859523149,152387859525262,1790295489553628790,1000,1
3232,28644047338295,1790295489336981476,1790295489337000000,152387864523149,152387864524524,1790295489558628923,1000,1
3233,28644052376628,1790295489341914291,1790295489342000000,152387869523149,152387869524449,1790295489563628267,1000,1
3234,28644056243517,1790295489345900699,1790295489346000000,152387874523149,152387874523781,1790295489568626797,1000,1
3235,28644060275554,1790295489349907069,1790295489350000000,152387879523149,152387879526279,1790295489573630437,1000,1
3236,28644064958888,1790295489354660439,1790295489354000000,152387884523149,152387884526133,1790295489578630322,1000,1
3237,28644070971702,1790295489360547550,1790295489360000000,152387889523149,152387889526076,1790295489583630285,1000,1
3238,28644076303962,1790295489365906328,1790295489366000000,152387894523149,152387894525208,1790295489588629076,1000,1
3239,28644080266999,1790295489369894254,1790295489370000000,152387899523149,152387899524620,1790295489593628869,1000,1
3240,28644088309813,1790295489377902513,1790295489378000000,152387904523149,152387904525727,1790295489598630477,1000,1
3241,28644092558221,1790295489381854587,1790295489382000000,152387909523149,152387909526001,1790295489603630179,1000,1
3242,28644096366221,1790295489385917550,1790295489386000000,152387914523149,152387914525212,1790295489608629692,1000,1
3243,28644100302480,1790295489389912773,1790295489390000000,152387919523149,152387919525847,1790295489613630356,1000,1
3244,28644108268184,1790295489397899402,1790295489398000000,152387924523149,152387924525141,1790295489618630071,1000,1
3245,28644112200332,1790295489401897069,1790295489402000000,152387929523149,152387929525475,1790295489623630024,1000,1
3246,28644114786036,1790295489404354291,1790295489404000000,152387934523149,152387934526379,1790295489628630608,1000,1
3247,28644120331110,1790295489409916254,1790295489410000000,152387939523149,152387939524722,1790295489633628650,1000,1
3248,28644125909999,1790295489415530476,1790295489415000000,152387944523149,152387944523873,1790295489638626890,1000,1
3249,28644132239702,1790295489421905476,1790295489422000000,152387949523149,152387949523706,1790295489643626733,1000,1
3250,28644136239813,1790295489425911217,1790295489426000000,152387954523149,152387954523649,1790295489648626666,1000,1
3251,28644140355962,1790295489429903328,1790295489430000000,152387959523149,152387959523654,1790295489653626681,1000,1
3252,28644148362295,1790295489437911143,1790295489438000000,152387964523149,152387964523968,1790295489658626985,1000,1
3253,28644152229295,1790295489441901958,1790295489442000000,152387969523149,152387969524793,1790295489663628981,1000,1
3254,28644159619073,1790295489449196698,1790295489449000000,152387974523149,152387974524737,1790295489668628655,1000,1
3255,28644160931924,1790295489450535773,1790295489450000000,152387979523149,152387979526324,1790295489673630583,1000,1
3256,28644167409258,1790295489457034884,1790295489457000000,152387984523149,152387984525706,1790295489678629894,1000,1
3257,28644171112962,1790295489460655291,1790295489460000000,152387989523149,152387989525929,1790295489683630068,1000,1
3258,28644176232221,1790295489465891958,1790295489466000000,152387994523149,152387994525232,1790295489688628780,1000,1
3259,28644180165813,1790295489469896291,1790295489470000000,152387999523149,152387999524795,1790295489693628994,1000,1
3260,28644188393295,1790295489477899513,1790295489478000000,152388004523149,152388004525820,1790295489698630420,1000,1
3261,28644191777036,1790295489481428032,1790295489481000000,152388009523149,152388009525564,1790295489703630083,1000,1
3262,28644196256591,1790295489485895661,1790295489486000000,152388014523149,152388014525077,1790295489708628625,1000,1
3263,28644200163813,1790295489489891587,1790295489490000000,152388019523149,152388019525752,1790295489713630191,1000,1
3264,28644205855962,1790295489495444106,1790295489495000000,152388024523149,152388024525614,1790295489718630124,1000,1
3265,28644212269702,1790295489501899513,1790295489502000000,152388029523149,152388029524446,1790295489723628985,1000,1
3266,28644216216443,1790295489505731439,1790295489506000000,152388034523149,152388034525212,1790295489728628739,1000,1
3267,28644220222258,1790295489509896143,1790295489510000000,152388039523149,152388039524704,1790295489733628221,1000,1
3268,28644227155369,1790295489516853884,1790295489517000000,152388044523149,152388044523765,1790295489738626782,1000,1
3269,28644232315999,1790295489521900032,1790295489522000000,152388049523149,152388049524821,1790295489743628840,1000,1
3270,28644236225739,1790295489525897254,1790295489526000000,152388054523149,152388054524525,1790295489748629445,1000,1
3271,28644240259961,1790295489529904958,1790295489530000000,152388059523149,152388059525991,1790295489753630190,1000,1
3272,28644248168776,1790295489537888069,1790295489538000000,152388064523149,152388064525273,1790295489758629471,1000,1
3273,28644250961813,1790295489540555884,1790295489540000000,152388069523149,152388069525498,1790295489763630348,1000,1
3274,28644256258702,1790295489545894587,1790295489546000000,152388074523149,152388074524630,1790295489768628608,1000,1
3275,28644260213887,1790295489549891402,1790295489550000000,152388079523149,152388079525415,1790295489773630385,1000,1
3276,28644268239258,1790295489557889513,1790295489558000000,152388084523149,152388084525468,1790295489778630278,1000,1
3277,28644271514591,1790295489561206624,1790295489561000000,152388089523149,152388089524952,1790295489783628740,1000,1
3278,28644276295887,1790295489565907402,1790295489566000000,152388094523149,152388094525967,1790295489788630196,1000,1
3279,28644280219036,1790295489569892661,1790295489570000000,152388099523149,152388099524838,1790295489793629057,1000,1
3280,28644288343110,1790295489577898698,1790295489578000000,152388104523149,152388104525605,1790295489798629873,1000,1
3281,28644292265332,1790295489581909772,1790295489582000000,152388109523149,152388109526199,1790295489803630388,1000,1
3282,28644295615554,1790295489584737735,1790295489585000000,152388114523149,152388114525461,1790295489808629699,1000,1
3283,28644300224332,1790295489589894217,1790295489590000000,152388119523149,152388119526065,1790295489813630244,1000,1
3284,28644305825628,1790295489595512328,1790295489595000000,152388124523149,152388124526161,1790295489818630380,1000,1
3285,28644312312591,1790295489601903476,1790295489602000000,152388129523149,152388129525493,1790295489823630413,1000,1
3286,28644316245147,1790295489605910884,1790295489606000000,152388134523149,152388134526368,1790295489828630566,1000,1
3287,28644320243517,1790295489609896810,1790295489610000000,152388139523149,152388139526273,1790295489833630511,1000,1
3288,28644328211887,1790295489617898402,1790295489618000000,152388144523149,152388144525915,1790295489838630134,1000,1
3289,28644332329110,1790295489621909550,1790295489622000000,152388149523149,152388149524606,1790295489843628995,1000,1
3290,28644336237517,1790295489625900217,1790295489626000000,152388154523149,152388154526152,1790295489848630391,1000,1
3291,28644339851369,1790295489629503254,1790295489629000000,152388159523149,152388159526117,1790295489853630386,1000,1
3292,28644348280591,1790295489637895772,1790295489638000000,152388164523149,152388164524808,1790295489858628325,1000,1
3293,28644350909184,1790295489640522847,1790295489640000000,152388169523149,152388169523889,1790295489863626916,1000,1
3294,28644356313073,1790295489645896439,1790295489646000000,152388174523149,152388174526307,1790295489868630516,1000,1
3295,28644362200480,1790295489651856254,1790295489652000000,152388179523149,152388179525390,1790295489873629589,1000,1
3296,28644368215221,1790295489657889698,1790295489658000000,152388184523149,152388184525654,1790295489878630163,1000,1
3297,28644371738332,1790295489661453217,1790295489661000000,152388189523149,152388189527601,1790295489883631138,1000,1
3298,28644376369110,1790295489665922772,1790295489666000000,152388194523149,152388194525601,1790295489888629830,1000,1
3299,28644380241517,1790295489669899772,1790295489670000000,152388199523149,152388199524934,1790295489893628451,1000,1
3300,28644384860258,1790295489674511847,1790295489674000000,152388204523149,152388204524696,1790295489898628605,1000,1
3301,28644391791924,1790295489681443847,1790295489681000000,152388209523149,152388209525972,1790295489903630241,1000,1
3302,28644395829739,1790295489685510439,1790295489685000000,152388214523149,152388214570701,1790295489908674900,1000,1
3303,28644400329332,1790295489689898587,1790295489690000000,152388219523149,152388219525940,1790295489913630499,1000,1
3304,28644407311258,1790295489696871143,1790295489697000000,152388224523149,152388224525182,1790295489918629060,1000,1
3305,28644412225665,1790295489701899439,1790295489702000000,152388229523149,152388229525446,1790295489923629895,1000,1
3306,28644416158184,1790295489705888402,1790295489706000000,152388234523149,152388234525370,1790295489928630150,1000,1
3307,28644420340850,1790295489709908402,1790295489710000000,152388239523149,152388239524923,1790295489933629131,1000,1
3308,28644428267443,1790295489717894846,1790295489718000000,152388244523149,152388244526238,1790295489938630387,1000,1
3309,28644430155480,1790295489719738846,1790295489720000000,152388249523149,152388249525340,1790295489943629499,1000,1
3310,28644436218110,1790295489725901550,1790295489726000000,152388254523149,152388254526226,1790295489948630415,1000,1
3311,28644440169887,1790295489729888624,1790295489730000000,152388259523149,152388259525618,1790295489953629817,1000,1
3312,28644448331184,1790295489737908143,1790295489738000000,152388264523149,152388264525652,1790295489958629099,1000,1
3313,28644452334110,1790295489741894995,1790295489742000000,152388269523149,152388269524685,1790295489963628813,1000,1
3314,28644456261443,1790295489745897254,1790295489746000000,152388274523149,152388274526211,1790295489968630670,1000,1
3315,28644460176517,1790295489749900106,1790295489750000000,152388279523149,152388279524991,1790295489973629180,1000,1
3316,28644468329072,1790295489757900032,1790295489758000000,152388284523149,152388284525235,1790295489978629083,1000,1
3317,28644472105480,1790295489761714995,1790295489761000000,152388289523149,152388289526222,1790295489983630431,1000,1
3318,28644475720850,1790295489765366883,1790295489765000000,152388294523149,152388294524983,1790295489988629032,1000,1
3319,28644480188776,1790295489769889698,1790295489770000000,152388299523149,152388299523874,1790295489993626901,1000,1
3320,28644485587258,1790295489775267476,1790295489775000000,152388304523149,152388304524699,1790295489998628557,1000,1
3321,28644492306665,1790295489781895291,1790295489782000000,152388309523149,152388309523842,1790295490003626859,1000,1
3322,28644496237295,1790295489785905069,1790295489786000000,152388314523149,152388314524276,1790295490008627824,1000,1
3323,28644500241443,1790295489789896550,1790295489790000000,152388319523149,152388319525752,1790295490013630011,1000,1
3324,28644508330628,1790295489797907698,1790295489798000000,152388324523149,152388324525927,1790295490018630076,1000,1
3325,28644512308739,1790295489801905958,1790295489802000000,152388329523149,152388329525941,1790295490023630420,1000,1
3326,28644516280591,1790295489805902809,1790295489806000000,152388334523149,152388334525192,1790295490028628720,1000,1
3327,28644519805295,1790295489809356995,1790295489809000000,152388339523149,152388339525967,1790295490033630196,1000,1
3328,28644525074480,1790295489814564772,1790295489814000000,152388344523149,152388344526022,1790295490038630161,1000,1
3329,28644533238146,1790295489822768254,1790295489823000000,152388349523149,152388349525404,1790295490043629553,1000,1
3330,28644536350628,1790295489825911402,1790295489826000000,152388354523149,152388354525988,1790295490048630217,1000,1
3331,28644540342369,1790295489829905958,1790295489830000000,152388359523149,152388359526193,1790295490053630462,1000,1
3332,28644548332628,1790295489837894624,1790295489838000000,152388364523149,152388364525736,1790295490058630255,1000,1
3333,28644552257295,1790295489841900698,1790295489842000000,152388369523149,152388369524427,1790295490063628545,1000,1
3334,28644556247184,1790295489845896513,1790295489846000000,152388374523149,152388374525893,1790295490068630362,1000,1
3335,28644560211332,1790295489849886217,1790295489850000000,152388379523149,152388379524846,1790295490073629105,1000,1
3336,28644568332369,1790295489857902476,1790295489858000000,152388384523149,152388384525651,1790295490078629920,1000,1
3337,28644570411332,1790295489860049106,1790295489860000000,152388389523149,152388389525744,1790295490083629983,1000,1
3338,28644575934628,1790295489865535217,1790295489865000000,152388394523149,152388394524406,1790295490088628565,1000,1
3339,28644580288406,1790295489869903958,1790295489870000000,152388399523149,152388399525993,1790295490093630212,1000,1
3340,28644587649258,1790295489877119846,1790295489877000000,152388404523149,152388404526096,1790295490098630285,1000,1
3341,28644592361369,1790295489881901550,1790295489882000000,152388409523149,152388409525819,1790295490103630278,1000,1
3342,28644596279961,1790295489885895180,1790295489886000000,152388414523149,152388414525292,1790295490108629170,1000,1
3343,28644600348295,1790295489889899920,1790295489890000000,152388419523149,152388419526249,1790295490113630438,1000,1
3344,28644608291961,1790295489897904365,1790295489898000000,152388424523149,152388424524870,1790295490118629379,1000,1
3345,28644610123295,1790295489899628402,1790295489900000000,152388429523149,152388429525724,1790295490123630244,1000,1
3346,28644616286443,1790295489905893698,1790295489906000000,152388434523149,152388434525197,1790295490128630006,1000,1
3347,28644620269146,1790295489909890698,1790295489910000000,152388439523149,152388439526202,1790295490133630450,1000,1
3348,28644628299183,1790295489917897069,1790295489918000000,152388444523149,152388444525373,1790295490138629812,1000,1
3349,28644632371258,1790295489921895476,1790295489922000000,152388449523149,152388449525567,1790295490143629726,1000,1
3350,28644636294961,1790295489925913328,1790295489926000000,152388454523149,152388454525642,1790295490148630081,1000,1
3351,28644644249332,1790295489933339217,1790295489934000000,152388459523149,152388459525996,1790295490153630215,1000,1
3352,28644648193961,1790295489937898587,1790295489938000000,152388464523149,152388464525478,1790295490158629306,1000,1
3353,28644652322961,1790295489941899069,1790295489942000000,152388469523149,152388469525682,1790295490163629931,1000,1
3354,28644654836295,1790295489944508772,1790295489944000000,152388474523149,152388474525254,1790295490168628872,1000,1
3355,28644660372369,1790295489949914217,1790295489950000000,152388479523149,152388479524787,1790295490173628635,1000,1
3356,28644664523443,1790295489954234661,1790295489954000000,152388484523149,152388484525922,1790295490178630091,1000,1
3357,28644672301850,1790295489961889772,1790295489962000000,152388489523149,152388489525667,1790295490183630086,1000,1
3358,28644676327109,1790295489965896328,1790295489966000000,152388494523149,152388494525179,1790295490188628776,1000,1
3359,28644680310924,1790295489969903476,1790295489970000000,152388499523149,152388499573864,1790295490193678073,1000,1
3360,28644688223146,1790295489977890513,1790295489978000000,152388504523149,152388504525648,1790295490198630147,1000,1
3361,28644692292628,1790295489981904402,1790295489982000000,152388509523149,152388509525320,1790295490203628858,1000,1
3362,28644696259665,1790295489985912735,1790295489986000000,152388514523149,152388514524732,1790295490208628951,1000,1
3363,28644700055332,1790295489989661254,1790295489989000000,152388519523149,152388519526128,1790295490213630417,1000,1
3364,28644708301406,1790295489997917032,1790295489998000000,152388524523149,152388524524591,1790295490218629020,1000,1
3365,28644711837628,1790295490001453587,1790295490001000000,152388529523149,152388529524724,1790295490223629354,1000,1
3366,28644716181406,1790295490005891217,1790295490006000000,152388534523149,152388534526220,1790295490228630409,1000,1
3367,28644720144813,1790295490009896254,1790295490010000000,152388539523149,152388539525574,1790295490233629693,1000,1
3368,28644728338072,1790295490017899550,1790295490018000000,152388544523149,152388544525758,1790295490238629926,1000,1
3369,28644732411220,1790295490021939402,1790295490022000000,152388549523149,152388549525971,1790295490243630230,1000,1
3370,28644736326183,1790295490025900476,1790295490026000000,152388554523149,152388554526736,1790295490248630985,1000,1
3371,28644740226887,1790295490029811624,1790295490030000000,152388559523149,152388559525509,1790295490253629698,1000,1
3372,28644744991887,1790295490034517809,1790295490034000000,152388564523149,152388564525292,1790295490258629741,1000,1
3373,28644752268072,1790295490041899217,1790295490042000000,152388569523149,152388569526026,1790295490263630215,1000,1
3374,28644756264924,1790295490045687994,1790295490046000000,152388574523149,152388574524718,1790295490268628576,1000,1
3375,28644760350739,1790295490049902920,1790295490050000000,152388579523149,152388579524672,1790295490273629252,1000,1
3376,28644767643035,1790295490057085476,1790295490057000000,152388584523149,152388584525988,1790295490278630187,1000,1
3377,28644772226850,1790295490061889217,1790295490062000000,152388589523149,152388589524739,1790295490283628597,1000,1
3378,28644776164998,1790295490065890031,1790295490066000000,152388594523149,152388594524743,1790295490288628611,1000,1
3379,28644780340480,1790295490069900883,1790295490070000000,152388599523149,152388599524677,1790295490293629897,1000,1
3380,28644788251406,1790295490077897550,1790295490078000000,152388604523149,152388604525481,1790295490298630231,1000,1
3381,28644790114998,1790295490079523291,1790295490079000000,152388609523149,152388609524724,1790295490303628902,1000,1
3382,28644796275406,1790295490085888106,1790295490086000000,152388614523149,152388614525068,1790295490308629137,1000,1
3383,28644800183813,1790295490089887994,1790295490090000000,152388619523149,152388619525482,1790295490313630042,1000,1
3384,28644808343294,1790295490097902143,1790295490098000000,152388624523149,152388624525606,1790295490318630125,1000,1
3385,28644812295702,1790295490101895772,1790295490102000000,152388629523149,152388629525089,1790295490323628927,1000,1
3386,28644816283443,1790295490105897476,1790295490106000000,152388634523149,152388634524712,1790295490328628630,1000,1
3387,28644820205146,1790295490109892291,1790295490110000000,152388639523149,152388639526589,1790295490333630838,1000,1
3388,28644828379480,1790295490117917291,1790295490118000000,152388644523149,152388644526201,1790295490338630410,1000,1
3389,28644831619183,1790295490121254513,1790295490121000000,152388649523149,152388649524753,1790295490343628642,1000,1
3390,28644835061850,1790295490124374920,1790295490124000000,152388654523149,152388654525879,1790295490348630027,1000,1
3391,28644840325332,1790295490129915402,1790295490130000000,152388659523149,152388659525992,1790295490353630161,1000,1
3392,28644846681146,1790295490135721550,1790295490136000000,152388664523149,152388664525485,1790295490358630275,1000,1
3393,28644852249257,1790295490141901994,1790295490142000000,152388669523149,152388669526603,1790295490363630841,1000,1
3394,28644856222257,1790295490145890846,1790295490146000000,152388674523149,152388674525644,1790295490368630113,1000,1
3395,28644860341591,1790295490149903957,1790295490150000000,152388679523149,152388679526108,1790295490373630307,1000,1
3396,28644868564628,1790295490157894846,1790295490158000000,152388684523149,152388684526073,1790295490378630272,1000,1
3397,28644872253665,1790295490161898698,1790295490162000000,152388689523149,152388689526267,1790295490383630485,1000,1
3398,28644876173331,1790295490165902180,1790295490166000000,152388694523149,152388694526711,1790295490388631010,1000,1
3399,28644880681369,1790295490169558661,1790295490170000000,152388699523149,152388699525562,1790295490393629079,1000,1
3400,28644888340998,1790295490177911105,1790295490178000000,152388704523149,152388704526208,1790295490398630467,1000,1
3401,28644891618109,1790295490180639846,1790295490181000000,152388709523149,152388709525800,1790295490403630109,1000,1
3402,28644896285406,1790295490185896809,1790295490186000000,152388714523149,152388714550981,1790295490408655180,1000,1
3403,28644903477443,1790295490193033809,1790295490193000000,152388719523149,152388719526438,1790295490413630647,1000,1
3404,28644908284554,1790295490197899957,1790295490198000000,152388724523149,152388724526103,1790295490418630381,1000,1
3405,28644912263628,1790295490201905365,1790295490202000000,152388729523149,152388729525955,1790295490423630174,1000,1
3406,28644916263739,1790295490205897476,1790295490206000000,152388734523149,152388734525357,1790295490428629576,1000,1
3407,28644920217109,1790295490209902439,1790295490210000000,152388739523149,152388739525423,1790295490433630223,1000,1
3408,28644925704294,1790295490214631698,1790295490215000000,152388744523149,152388744526007,1790295490438630296,1000,1
3409,28644932302368,1790295490221898587,1790295490222000000,152388749523149,152388749525680,1790295490443630189,1000,1
3410,28644936816739,1790295490226433291,1790295490226000000,152388754523149,152388754525392,1790295490448630252,1000,1
3411,28644940244072,1790295490229893068,1790295490230000000,152388759523149,152388759525047,1790295490453629767,1000,1
3412,28644948448850,1790295490237721105,1790295490238000000,152388764523149,152388764526102,1790295490458630581,1000,1
3413,28644952297850,1790295490241897402,1790295490242000000,152388769523149,152388769526095,1790295490463630274,1000,1
3414,28644956266554,1790295490245889772,1790295490246000000,152388774523149,152388774524757,1790295490468628645,1000,1
3415,28644960252294,1790295490249895846,1790295490250000000,152388779523149,152388779525422,1790295490473628980,1000,1
3416,28644968183072,1790295490257890587,1790295490258000000,152388784523149,152388784525626,1790295490478629794,1000,1
3417,28644970765702,1790295490259724068,1790295490260000000,152388789523149,152388789525949,1790295490483630168,1000,1
3418,28644976279554,1790295490265898291,1790295490266000000,152388794523149,152388794525662,1790295490488629851,1000,1
3419,28644980228405,1790295490269897105,1790295490270000000,152388799523149,152388799525147,1790295490493629105,1000,1
3420,28644986547517,1790295490276187957,1790295490276000000,152388804523149,152388804526272,1790295490498630461,1000,1
3421,28644990150665,1790295490279845550,1790295490280000000,152388809523149,152388809525875,1790295490503630374,1000,1
3422,28644996330220,1790295490285899513,1790295490286000000,152388814523149,152388814525188,1790295490508629076,1000,1
3423,28645000267183,1790295490289893476,1790295490290000000,152388819523149,152388819525461,1790295490513629940,1000,1
3425,28645012238665,1790295490301893957,1790295490302000000,152388829523149,152388829525317,1790295490523628865,1000,1
3426,28645015983331,1790295490305560105,1790295490305000000,152388834523149,152388834524711,1790295490528628860,1000,1
3427,28645020340554,1790295490309921735,1790295490310000000,152388839523149,152388839523833,1790295490533626859,1000,1
3428,28645026165887,1790295490315730179,1790295490316000000,152388844523149,152388844523756,1790295490538626772,1000,1
3429,28645032240517,1790295490321901328,1790295490322000000,152388849523149,152388849523841,1790295490543626857,1000,1
3430,28645036162146,1790295490325889291,1790295490326000000,152388854523149,152388854524175,1790295490548627191,1000,1
3431,28645040319257,1790295490329907883,1790295490330000000,152388859523149,152388859523777,1790295490553626804,1000,1
3432,28645048287998,1790295490337895624,1790295490338000000,152388864523149,152388864523640,1790295490558626657,1000,1
3433,28645052241887,1790295490341897291,1790295490342000000,152388869523149,152388869523845,1790295490563626862,1000,1
3434,28645056167294,1790295490345901402,1790295490346000000,152388874523149,152388874525251,1790295490568628779,1000,1
3435,28645059839924,1790295490349493920,1790295490349000000,152388879523149,152388879526006,1790295490573630265,1000,1
3436,28645068329480,1790295490357922031,1790295490358000000,152388884523149,152388884526371,1790295490578630580,1000,1
3437,28645071154591,1790295490360735216,1790295490361000000,152388889523149,152388889525292,1790295490583629661,1000,1
3438,28645076225109,1790295490365893365,1790295490366000000,152388894523149,152388894523813,1790295490588626829,1000,1
3439,28645080154368,1790295490369894142,1790295490370000000,152388899523149,152388899525770,1790295490593630299,1000,1
3440,28645088318183,1790295490377899068,1790295490378000000,152388904523149,152388904525825,1790295490598630184,1000,1
3441,28645092310591,1790295490381903809,1790295490382000000,152388909523149,152388909525207,1790295490603629716,1000,1
3442,28645096260813,1790295490385907735,1790295490386000000,152388914523149,152388914526212,1790295490608630411,1000,1
3443,28645100178924,1790295490389890105,1790295490390000000,152388919523149,152388919526185,1790295490613630474,1000,1
3444,28645105061591,1790295490394356328,1790295490394000000,152388924523149,152388924525148,1790295490618628726,1000,1
3445,28645112282479,1790295490401900402,1790295490402000000,152388929523149,152388929525723,1790295490623629921,1000,1
3446,28645116191702,1790295490405652105,1790295490406000000,152388934523149,152388934526497,1790295490628630666,1000,1
3447,28645120234961,1790295490409903846,1790295490410000000,152388939523149,152388939524628,1790295490633628667,1000,1
3448,28645129012220,1790295490417890291,1790295490418000000,152388944523149,152388944523830,1790295490638626847,1000,1
3449,28645132364220,1790295490421916624,1790295490422000000,152388949523149,152388949523783,1790295490643626800,1000,1
3450,28645136243776,1790295490425902920,1790295490426000000,152388954523149,152388954523858,1790295490648626874,1000,1
3451,28645139668591,1790295490429273661,1790295490429000000,152388959523149,152388959523882,1790295490653626908,1000,1
3452,28645148221183,1790295490437885068,1790295490438000000,152388964523149,152388964523614,1790295490658626641,1000,1
3453,28645150989554,1790295490440574587,1790295490440000000,152388969523149,152388969526252,1790295490663630541,1000,1
3454,28645156330479,1790295490445893735,1790295490446000000,152388974523149,152388974526297,1790295490668630525,1000,1
3455,28645160239331,1790295490449892846,1790295490450000000,152388979523149,152388979526361,1790295490673630619,1000,1
3456,28645168236220,1790295490457887994,1790295490458000000,152388984523149,152388984526113,1790295490678630813,1000,1
3457,28645172322257,1790295490461845846,1790295490462000000,152388989523149,152388989525115,1790295490683629274,1000,1
3458,28645176315739,1790295490465913846,1790295490466000000,152388994523149,152388994524809,1790295490688628948,1000,1
3459,28645184219294,1790295490473024105,1790295490474000000,152388999523149,152388999526155,1790295490693630484,1000,1
3460,28645188224924,1790295490477901920,1790295490478000000,152389004523149,152389004524415,1790295490698628573,1000,1
3461,28645191304479,1790295490480986439,1790295490481000000,152389009523149,152389009525530,1790295490703629038,1000,1
3462,28645194775479,1790295490484356031,1790295490484000000,152389014523149,152389014525184,1790295490708629032,1000,1
3463,28645200324109,1790295490489914142,1790295490490000000,152389019523149,152389019525428,1790295490713629917,1000,1
3464,28645206160072,1790295490495736735,1790295490496000000,152389024523149,152389024526102,1790295490718630581,1000,1
3465,28645212242479,1790295490501904920,1790295490502000000,152389029523149,152389029525917,1790295490723630156,1000,1
3466,28645216172961,1790295490505888105,1790295490506000000,152389034523149,152389034525840,1790295490728630028,1000,1
3467,28645220310442,1790295490509897624,1790295490510000000,152389039523149,152389039524981,1790295490733628779,1000,1
3468,28645228569331,1790295490517892402,1790295490518000000,152389044523149,152389044524935,1790295490738629825,1000,1
3469,28645232240961,1790295490521896365,1790295490522000000,152389049523149,152389049526112,1790295490743630300,1000,1
3470,28645236160628,1790295490525893698,1790295490526000000,152389054523149,152389054526205,1790295490748630404,1000,1
3471,28645240815813,1790295490529731142,1790295490530000000,152389059523149,152389059526479,1790295490753630647,1000,1
3472,28645248306591,1790295490537896327,1790295490538000000,152389064523149,152389064524630,1790295490758628759,1000,1
3473,28645250885887,1790295490540517994,1790295490540000000,152389069523149,152389069525896,1790295490763630215,1000,1
3474,28645256225665,1790295490545891216,1790295490546000000,152389074523149,152389074525168,1790295490768628695,1000,1
3475,28645260146072,1790295490549887476,1790295490550000000,152389079523149,152389079525471,1790295490773629680,1000,1
3476,28645268320553,1790295490557898661,1790295490558000000,152389084523149,152389084526138,1790295490778630467,1000,1
3477,28645273050998,1790295490561895920,1790295490562000000,152389089523149,152389089525069,1790295490783629308,1000,1
3478,28645276232183,1790295490565904402,1790295490566000000,152389094523149,152389094526415,1790295490788630623,1000,1
3479,28645280145183,1790295490569890920,1790295490570000000,152389099523149,152389099525739,1790295490793629987,1000,1
3480,28645285850442,1790295490574909216,1790295490575000000,152389104523149,152389104524620,1790295490798628758,1000,1
3481,28645292292998,1790295490581902031,1790295490582000000,152389109523149,152389109523821,1790295490803626848,1000,1
3482,28645296292998,1790295490585731809,1790295490586000000,152389114523149,152389114525107,1790295490808628905,1000,1
3483,28645300225146,1790295490589895179,1790295490590000000,152389119523149,152389119526182,1790295490813630301,1000,1
3484,28645307136813,1790295490596851513,1790295490597000000,152389124523149,152389124524815,1790295490818628663,1000,1
3485,28645312327924,1790295490601912364,1790295490602000000,152389129523149,152389129525890,1790295490823630379,1000,1
3486,28645316246183,1790295490605895846,1790295490606000000,152389134523149,152389134526244,1790295490828630403,1000,1
3487,28645320258220,1790295490609897809,1790295490610000000,152389139523149,152389139526450,1790295490833630598,1000,1
3488,28645328174628,1790295490617891290,1790295490618000000,152389144523149,152389144525571,1790295490838630040,1000,1
3489,28645330146628,1790295490619730994,1790295490620000000,152389149523149,152389149524903,1790295490843629062,1000,1
3490,28645336289368,1790295490625899624,1790295490626000000,152389154523149,152389154526129,1790295490848630628,1000,1
3491,28645340300739,1790295490629892735,1790295490630000000,152389159523149,152389159526204,1790295490853630413,1000,1
3492,28645348260924,1790295490637893550,1790295490638000000,152389164523149,152389164526708,1790295490858630937,1000,1
3493,28645352247627,1790295490641885772,1790295490642000000,152389169523149,152389169525990,1790295490863630119,1000,1
3494,28645356314665,1790295490645905661,1790295490646000000,152389174523149,152389174526185,1790295490868630394,1000,1
3495,28645360314702,1790295490649913216,1790295490650000000,152389179523149,152389179526138,1790295490873630367,1000,1
3496,28645368282479,1790295490657889439,1790295490658000000,152389184523149,152389184526362,1790295490878630600,1000,1
3497,28645372174702,1790295490661889920,1790295490662000000,152389189523149,152389189526104,1790295490883630373,1000,1
3498,28645375729442,1790295490664907105,1790295490665000000,152389194523149,152389194526150,1790295490888630559,1000,1
3499,28645384264035,1790295490673900957,1790295490674000000,152389199523149,152389199526423,1790295490893630772,1000,1
3500,28645388341442,1790295490677920068,1790295490678000000,152389204523149,152389204525996,1790295490898630214,1000,1
3501,28645391983590,1790295490681622772,1790295490681000000,152389209523149,152389209524947,1790295490903628514,1000,1
3502,28645395630183,1790295490685248809,1790295490685000000,152389214523149,152389214525631,1790295490908630201,1000,1
3503,28645400366702,1790295490689909883,1790295490690000000,152389219523149,152389219525695,1790295490913629893,1000,1
3504,28645408494776,1790295490697890883,1790295490698000000,152389224523149,152389224526069,1790295490918630227,1000,1
3505,28645412242553,1790295490701909105,1790295490702000000,152389229523149,152389229525783,1790295490923630012,1000,1
3506,28645416175035,1790295490705890253,1790295490706000000,152389234523149,152389234526157,1790295490928630346,1000,1
3507,28645420757590,1790295490709723661,1790295490710000000,152389239523149,152389239560345,1790295490933663872,1000,1
3508,28645428302702,1790295490717896216,1790295490718000000,152389244523149,152389244572321,1790295490938676600,1000,1
3509,28645430889702,1790295490720522957,1790295490720000000,152389249523149,152389249525698,1790295490943630157,1000,1
3510,28645436257887,1790295490725906327,1790295490726000000,152389254523149,152389254524729,1790295490948628597,1000,1
3511,28645440197887,1790295490729893624,1790295490730000000,152389259523149,152389259526205,1790295490953630424,1000,1
3512,28645448334331,1790295490737910994,1790295490738000000,152389264523149,152389264525748,1790295490958630277,1000,1
3513,28645452245072,1790295490741896290,1790295490742000000,152389269523149,152389269525603,1790295490963629852,1000,1
3514,28645456346702,1790295490745903327,1790295490746000000,152389274523149,152389274526027,1790295490968630255,1000,1
3515,28645460285368,1790295490749915698,1790295490750000000,152389279523149,152389279525639,1790295490973630229,1000,1
3516,28645464816590,1790295490754489772,1790295490754000000,152389284523149,152389284525634,1790295490978630103,1000,1
3517,28645472235405,1790295490761899624,1790295490762000000,152389289523149,152389289525367,1790295490983630227,1000,1
3518,28645476170553,1790295490765733142,1790295490766000000,152389294523149,152389294525450,1790295490988629739,1000,1
3519,28645480303850,1790295490769899846,1790295490770000000,152389299523149,152389299523892,1790295490993626908,1000,1
3520,28645487099553,1790295490776682031,1790295490776000000,152389304523149,152389304523715,1790295490998626741,1000,1
3521,28645492235961,1790295490781891661,1790295490782000000,152389309523149,152389309523778,1790295491003626795,1000,1
3522,28645496189072,1790295490785901142,1790295490786000000,152389314523149,152389314523681,1790295491008626698,1000,1
3523,28645500370998,1790295490789919735,1790295490790000000,152389319523149,152389319523886,1790295491013626913,1000,1
3524,28645508286998,1790295490797908957,1790295490798000000,152389324523149,152389324523779,1790295491018626806,1000,1
3525,28645510031220,1790295490799729216,1790295490799000000,152389329523149,152389329523823,1790295491023626849,1000,1
3526,28645516211035,1790295490805891179,1790295490806000000,152389334523149,152389334526041,1790295491028630190,1000,1
3527,28645520290257,1790295490809915216,1790295490810000000,152389339523149,152389339526335,1790295491033630574,1000,1
3528,28645528327627,1790295490817901401,1790295490818000000,152389344523149,152389344525557,1790295491038629095,1000,1
3529,28645532333590,1790295490821914179,1790295490822000000,152389349523149,152389349525420,1790295491043629849,1000,1
3530,28645536275553,1790295490825898105,1790295490826000000,152389354523149,152389354525595,1790295491048629152,1000,1
3531,28645540162961,1790295490829893475,1790295490830000000,152389359523149,152389359526390,1790295491053630689,1000,1
3533,28645552343072,1790295490841896438,1790295490842000000,152389369523149,152389369525725,1790295491063629964,1000,1
3534,28645554870442,1790295490844487327,1790295490844000000,152389374523149,152389374525489,1790295491068630049,1000,1
3535,28645560227924,1790295490849891772,1790295490850000000,152389379523149,152389379525974,1790295491073630162,1000,1
3536,28645565821220,1790295490855517920,1790295490855000000,152389384523149,152389384526057,1790295491078630216,1000,1
3537,28645570636405,1790295490860204957,1790295490860000000,152389389523149,152389389524970,1790295491083629980,1000,1
3538,28645576327294,1790295490865902327,1790295490866000000,152389394523149,152389394525454,1790295491088628972,1000,1
3539,28645580259257,1790295490869904772,1790295490870000000,152389399523149,152389399525417,1790295491093629075,1000,1
3540,28645588188368,1790295490877888883,1790295490878000000,152389404523149,152389404526242,1790295491098630411,1000,1
3541,28645592134850,1790295490881666105,1790295490882000000,152389409523149,152389409525346,1790295491103629685,1000,1
3542,28645596285405,1790295490885897401,1790295490886000000,152389414523149,152389414526140,1790295491108630399,1000,1
3543,28645600081850,1790295490889498994,1790295490889000000,152389419523149,152389419525593,1790295491113629982,1000,1
3544,28645608228701,1790295490897888438,1790295490898000000,152389424523149,152389424525898,1790295491118630167,1000,1
3545,28645611044405,1790295490900591957,1790295490900000000,152389429523149,152389429524539,1790295491123628708,1000,1
3546,28645616353850,1790295490905910846,1790295490906000000,152389434523149,152389434525224,1790295491128630023,1000,1
3547,28645620241924,1790295490909895661,1790295490910000000,152389439523149,152389439525056,1790295491133628874,1000,1
3548,28645628262998,1790295490917903772,1790295490918000000,152389444523149,152389444525983,1790295491138630122,1000,1
3549,28645632172627,1790295490921892438,1790295490922000000,152389449523149,152389449526357,1790295491143630506,1000,1
3550,28645636342183,1790295490925907846,1790295490926000000,152389454523149,152389454525939,1790295491148630138,1000,1
3551,28645640291961,1790295490929914401,1790295490930000000,152389459523149,152389459526306,1790295491153630474,1000,1
3552,28645644686109,1790295490934364475,1790295490934000000,152389464523149,152389464525998,1790295491158630337,1000,1
3553,28645652245368,1790295490941900401,1790295490942000000,152389469523149,152389469525511,1790295491163629689,1000,1
3554,28645656142368,1790295490945591586,1790295490946000000,152389474523149,152389474526055,1790295491168630424,1000,1
3555,28645660321405,1790295490949904994,1790295490950000000,152389479523149,152389479538333,1790295491173642541,1000,1
3556,28645668278887,1790295490957894031,1790295490958000000,152389484523149,152389484524840,1790295491178629390,1000,1
3557,28645670189257,1790295490959893920,1790295490960000000,152389489523149,152389489525695,1790295491183630174,1000,1
3558,28645678634516,1790295490968137105,1790295490968000000,152389494523149,152389494525919,1790295491188630047,1000,1
3559,28645684345701,1790295490973900253,1790295490974000000,152389499523149,152389499525423,1790295491193630273,1000,1
3560,28645688302035,1790295490977915216,1790295490978000000,152389504523149,152389504525016,1790295491198629525,1000,1
3561,28645689713146,1790295490979356031,1790295490979000000,152389509523149,152389509525490,1790295491203629609,1000,1
3562,28645696254701,1790295490985893698,1790295490986000000,152389514523149,152389514524562,1790295491208628700,1000,1
3563,28645700214887,1790295490989901735,1790295490990000000,152389519523149,152389519525749,1790295491213629968,1000,1
3564,28645708333405,1790295490997898364,1790295490998000000,152389524523149,152389524525983,1790295491218630231,1000,1
3565,28645712529738,1790295491001912624,1790295491002000000,152389529523149,152389529524053,1790295491223627931,1000,1
3566,28645716256516,1790295491005896994,1790295491006000000,152389534523149,152389534525972,1790295491228630150,1000,1
3567,28645720172072,1790295491009901846,1790295491010000000,152389539523149,152389539525865,1790295491233630404,1000,1
3568,28645728372924,1790295491017899364,1790295491018000000,152389544523149,152389544526008,1790295491238630147,1000,1
3569,28645732236701,1790295491021898475,1790295491022000000,152389549523149,152389549525560,1790295491243630350,1000,1
3570,28645734849590,1790295491024480586,1790295491024000000,152389554523149,152389554526215,1790295491248630574,1000,1
3571,28645740227257,1790295491029889661,1790295491030000000,152389559523149,152389559526108,1790295491253630286,1000,1
3572,28645745991368,1790295491035644031,1790295491035000000,152389564523149,152389564526061,1790295491258630330,1000,1
3573,28645752326405,1790295491041900475,1790295491042000000,152389569523149,152389569525655,1790295491263630034,1000,1
3574,28645756269331,1790295491045897623,1790295491046000000,152389574523149,152389574525639,1790295491268629927,1000,1
3575,28645760272368,1790295491049905512,1790295491050000000,152389579523149,152389579525141,1790295491273630532,1000,1
3576,28645768181627,1790295491057888327,1790295491058000000,152389584523149,152389584526467,1790295491278630665,1000,1
3577,28645772417849,1790295491061922438,1790295491062000000,152389589523149,152389589525910,1790295491283630129,1000,1
3578,28645774771998,1790295491064400698,1790295491064000000,152389594523149,152389594526625,1790295491288630904,1000,1
3579,28645779764405,1790295491069357512,1790295491069000000,152389599523149,152389599525195,1790295491293628723,1000,1
3580,28645788249924,1790295491077889179,1790295491078000000,152389604523149,152389604524860,1790295491298629038,1000,1
3581,28645790972812,1790295491080626698,1790295491080000000,152389609523149,152389609525013,1790295491303629462,1000,1
3582,28645796364109,1790295491085912623,1790295491086000000,152389614523149,152389614526229,1790295491308630417,1000,1
3583,28645800280479,1790295491089901772,1790295491090000000,152389619523149,152389619525530,1790295491313629749,1000,1
3584,28645805719886,1790295491095348772,1790295491095000000,152389624523149,152389624594035,1790295491318698394,1000,1
3585,28645812189146,1790295491101887846,1790295491102000000,152389629523149,152389629525208,1790295491323629627,1000,1
3586,28645816352998,1790295491105907475,1790295491106000000,152389634523149,152389634526013,1790295491328630192,1000,1
3587,28645820530072,1790295491109912253,1790295491110000000,152389639523149,152389639525948,1790295491333630156,1000,1
3588,28645825145183,1790295491114598290,1790295491115000000,152389644523149,152389644525410,1790295491338629598,1000,1
3589,28645832235627,1790295491121906364,1790295491122000000,152389649523149,152389649525593,1790295491343630032,1000,1
3590,28645835778146,1790295491125504290,1790295491125000000,152389654523149,152389654525546,1790295491348629675,1000,1
3591,28645840311998,1790295491129904623,1790295491130000000,152389659523149,152389659525281,1790295491353629490,1000,1
3592,28645847340109,1790295491136869512,1790295491137000000,152389664523149,152389664525034,1790295491358629493,1000,1
3593,28645852234664,1790295491141894735,1790295491142000000,152389669523149,152389669525287,1790295491363629636,1000,1
3594,28645856184590,1790295491145897438,1790295491146000000,152389674523149,152389674524099,1790295491368627617,1000,1
3595,28645860381998,1790295491149906105,1790295491150000000,152389679523149,152389679525716,1790295491373630406,1000,1
3596,28645868265146,1790295491157906772,1790295491158000000,152389684523149,152389684526641,1790295491378630780,1000,1
3597,28645869694553,1790295491159350809,1790295491159000000,152389689523149,152389689525643,1790295491383629862,1000,1
3598,28645875196738,1790295491164840290,1790295491165000000,152389694523149,152389694525949,1790295491388630097,1000,1
3599,28645880209072,1790295491169897327,1790295491170000000,152389699523149,152389699525541,1790295491393629179,1000,1
3600,28645886621553,1790295491176104920,1790295491176000000,152389704523149,152389704524753,1790295491398629382,1000,1
3601,28645892375553,1790295491181912253,1790295491182000000,152389709523149,152389709525558,1790295491403629746,1000,1
3602,28645896257664,1790295491185904142,1790295491186000000,152389714523149,152389714525270,1790295491408628828,1000,1
3603,28645900176775,1790295491189888327,1790295491190000000,152389719523149,152389719525454,1790295491413629682,1000,1
3604,28645908265183,1790295491197784401,1790295491198000000,152389724523149,152389724526048,1790295491418630587,1000,1
3605,28645912263998,1790295491201898179,1790295491202000000,152389729523149,152389729525532,1790295491423629841,1000,1
3606,28645915056257,1790295491204479512,1790295491204000000,152389734523149,152389734526588,1790295491428630826,1000,1
3607,28645920235368,1790295491209898809,1790295491210000000,152389739523149,152389739524707,1790295491433628896,1000,1
3608,28645926153590,1790295491215774401,1790295491216000000,152389744523149,152389744526303,1790295491438630632,1000,1
3609,28645932260923,1790295491221908216,1790295491222000000,152389749523149,152389749526599,1790295491443630868,1000,1
3610,28645936205109,1790295491225893290,1790295491226000000,152389754523149,152389754525210,1790295491448628727,1000,1
3611,28645940262590,1790295491229895401,1790295491230000000,152389759523149,152389759525504,1790295491453629783,1000,1
3612,28645948236998,1790295491237884772,1790295491238000000,152389764523149,152389764526190,1790295491458630339,1000,1
3613,28645952342257,1790295491241905364,1790295491242000000,152389769523149,152389769525192,1790295491463629370,1000,1
3614,28645956240738,1790295491245907438,1790295491246000000,152389774523149,152389774526106,1790295491468630275,1000,1
3615,28645960247442,1790295491249731364,1790295491250000000,152389779523149,152389779525909,1790295491473630148,1000,1
3616,28645968236072,1790295491257891994,1790295491258000000,152389784523149,152389784525563,1790295491478629120,1000,1
3617,28645971099405,1790295491260519846,1790295491260000000,152389789523149,152389789525718,1790295491483630407,1000,1
3618,28645976345849,1790295491265897920,1790295491266000000,152389794523149,152389794525651,1790295491488630180,1000,1
3619,28645980303664,1790295491269894438,1790295491270000000,152389799523149,152389799526257,1790295491493630505,1000,1
3620,28645988241627,1790295491277890734,1790295491278000000,152389804523149,152389804525148,1790295491498629317,1000,1
3621,28645992197849,1790295491281889660,1790295491282000000,152389809523149,152389809525762,1790295491503629921,1000,1
3622,28645996341997,1790295491285905068,1790295491286000000,152389814523149,152389814526457,1790295491508630646,1000,1
3623,28646000247997,1790295491289897068,1790295491290000000,152389819523149,152389819525150,1790295491513629308,1000,1
3624,28646005562664,1790295491294830401,1790295491295000000,152389824523149,152389824526135,1790295491518630394,1000,1
3625,28646010376183,1790295491300037512,1790295491300000000,152389829523149,152389829526228,1790295491523630387,1000,1
3626,28646016256553,1790295491305656031,1790295491306000000,152389834523149,152389834524989,1790295491528629078,1000,1
3627,28646020305479,1790295491309903660,1790295491310000000,152389839523149,152389839523762,1790295491533627079,1000,1
3628,28646025976738,1790295491315632327,1790295491315000000,152389844523149,152389844523856,1790295491538626882,1000,1
3629,28646030331294,1790295491319709512,1790295491320000000,152389849523149,152389849525763,1790295491543629310,1000,1
3630,28646036301183,1790295491325895734,1790295491326000000,152389854523149,152389854524715,1790295491548628272,1000,1
3631,28646040293034,1790295491329911179,1790295491330000000,152389859523149,152389859525652,1790295491553629821,1000,1
3633,28646049769886,1790295491339347068,1790295491339000000,152389869523149,152389869525478,1790295491563629667,1000,1
3634,28646056308553,1790295491345894957,1790295491346000000,152389874523149,152389874525962,1790295491568630411,1000,1
3635,28646060282516,1790295491349891327,1790295491350000000,152389879523149,152389879526576,1790295491573630825,1000,1
3636,28646068271331,1790295491357892846,1790295491358000000,152389884523149,152389884525768,1790295491578630267,1000,1
3637,28646073431368,1790295491362747512,1790295491363000000,152389889523149,152389889525421,1790295491583629870,1000,1
3638,28646076290553,1790295491365914401,1790295491366000000,152389894523149,152389894526017,1790295491588630226,1000,1
3639,28646080223109,1790295491369896179,1790295491370000000,152389899523149,152389899525890,1790295491593630410,1000,1
3641,28646092270775,1790295491381895068,1790295491382000000,152389909523149,152389909525426,1790295491603629625,1000,1
3642,28646094768479,1790295491384346697,1790295491384000000,152389914523149,152389914525970,1790295491608630299,1000,1
3643,28646104341479,1790295491393916957,1790295491394000000,152389919523149,152389919525383,1790295491613629571,1000,1
3644,28646106705479,1790295491395784808,1790295491396000000,152389924523149,152389924525749,1790295491618629967,1000,1
3645,28646112191590,1790295491401891549,1790295491402000000,152389929523149,152389929523838,1790295491623626854,1000,1
3646,28646116184775,1790295491405898364,1790295491406000000,152389934523149,152389934525274,1790295491628628801,1000,1
3647,28646120348479,1790295491409899994,1790295491410000000,152389939523149,152389939524786,1790295491633628664,1000,1
3648,28646128393034,1790295491417891734,1790295491418000000,152389944523149,152389944523659,1790295491638626685,1000,1
3649,28646132235960,1790295491421897364,1790295491422000000,152389949523149,152389949523863,1790295491643626879,1000,1
3650,28646136177183,1790295491425884068,1790295491426000000,152389954523149,152389954523886,1790295491648626912,1000,1
3651,28646140970109,1790295491429895994,1790295491430000000,152389959523149,152389959523800,1790295491653626817,1000,1
3652,28646148264405,1790295491437896105,1790295491438000000,152389964523149,152389964523974,1790295491658626990,1000,1
3653,28646151901812,1790295491440517734,1790295491441000000,152389969523149,152389969525370,1790295491663629719,1000,1
3654,28646156211257,1790295491445892031,1790295491446000000,152389974523149,152389974526154,1790295491668630343,1000,1
3655,28646160138590,1790295491449888216,1790295491450000000,152389979523149,152389979525899,1790295491673630428,1000,1
3656,28646168364294,1790295491457910105,1790295491458000000,152389984523149,152389984526122,1790295491678630321,1000,1
3657,28646172280516,1790295491461897697,1790295491462000000,152389989523149,152389989525895,1790295491683630054,1000,1
3658,28646176262257,1790295491465894290,1790295491466000000,152389994523149,152389994526099,1790295491688630338,1000,1
3659,28646180193479,1790295491469888031,1790295491470000000,152389999523149,152389999526004,1790295491693630493,1000,1
3660,28646184880108,1790295491474484845,1790295491474000000,152390004523149,152390004525496,1790295491698629715,1000,1
3661,28646192302590,1790295491481896994,1790295491482000000,152390009523149,152390009524628,1790295491703628315,1000,1
3662,28646195565479,1790295491485185068,1790295491485000000,152390014523149,152390014525473,1790295491708629772,1000,1
3663,28646200256775,1790295491489891771,1790295491490000000,152390019523149,152390019525156,1790295491713629535,1000,1
3664,28646208193701,1790295491497885438,1790295491498000000,152390024523149,152390024525650,1790295491718629929,1000,1
3665,28646210616220,1790295491500195957,1790295491500000000,152390029523149,152390029524742,1790295491723628580,1000,1
3666,28646215503664,1790295491505112623,1790295491505000000,152390034523149,152390034524766,1790295491728629336,1000,1
3667,28646224259701,1790295491513890031,1790295491514000000,152390039523149,152390039525841,1790295491733630090,1000,1
3668,28646228233108,1790295491517895919,1790295491518000000,152390044523149,152390044523791,1790295491738626807,1000,1
3669,28646230113775,1790295491519609697,1790295491519000000,152390049523149,152390049525898,1790295491743630087,1000,1
3670,28646236346257,1790295491525898512,1790295491526000000,152390054523149,152390054523908,1790295491748626915,1000,1
3671,28646240265108,1790295491529899919,1790295491530000000,152390059523149,152390059525394,1790295491753629583,1000,1
3672,28646248250220,1790295491537890290,1790295491538000000,152390064523149,152390064526069,1790295491758630318,1000,1
3673,28646252224886,1790295491541891364,1790295491542000000,152390069523149,152390069524942,1790295491763629111,1000,1
3674,28646256298183,1790295491545904697,1790295491546000000,152390074523149,152390074526067,1790295491768630246,1000,1
3675,28646260305849,1790295491549896179,1790295491550000000,152390079523149,152390079524738,1790295491773629297,1000,1
3676,28646268286516,1790295491557889994,1790295491558000000,152390084523149,152390084526374,1790295491778630844,1000,1
3677,28646272177701,1790295491561887549,1790295491562000000,152390089523149,152390089525658,1790295491783629837,1000,1
3678,28646275153997,1790295491564728845,1790295491565000000,152390094523149,152390094525671,1790295491788629970,1000,1
3679,28646280285257,1790295491569898549,1790295491570000000,152390099523149,152390099525975,1790295491793630164,1000,1
3680,28646285883182,1790295491575516956,1790295491575000000,152390104523149,152390104525279,1790295491798629498,1000,1
3681,28646292272923,1790295491581896216,1790295491582000000,152390109523149,152390109525723,1790295491803629912,1000,1
3682,28646296135034,1790295491585807290,1790295491586000000,152390114523149,152390114525897,1790295491808630386,1000,1
3683,28646300389368,1790295491589903179,1790295491590000000,152390119523149,152390119525259,1790295491813629608,1000,1
3684,28646308371294,1790295491597894105,1790295491598000000,152390124523149,152390124524733,1790295491818628992,1000,1
3685,28646312231182,1790295491601901956,1790295491602000000,152390129523149,152390129526229,1790295491823630438,1000,1
3686,28646316217923,1790295491605893475,1790295491606000000,152390134523149,152390134526313,1790295491828630471,1000,1
3687,28646324397257,1790295491613902364,1790295491614000000,152390139523149,152390139525506,1790295491833629936,1000,1
3688,28646328248145,1790295491617895734,1790295491618000000,152390144523149,152390144525580,1790295491838629749,1000,1
3689,28646330897627,1790295491620511808,1790295491620000000,152390149523149,152390149526274,1790295491843630493,1000,1
3690,28646336224368,1790295491625898401,1790295491626000000,152390154523149,152390154525376,1790295491848629585,1000,1
3691,28646340157812,1790295491629887401,1790295491630000000,152390159523149,152390159525381,1790295491853629579,1000,1
3692,28646348323997,1790295491637896586,1790295491638000000,152390164523149,152390164526015,1790295491858630454,1000,1
3693,28646352266738,1790295491641894623,1790295491642000000,152390169523149,152390169525097,1790295491863629345,1000,1
3694,28646356247368,1790295491645897364,1790295491646000000,152390174523149,152390174525581,1790295491868629769,1000,1
3695,28646360157849,1790295491649887734,1790295491650000000,152390179523149,152390179526177,1790295491873630406,1000,1
3696,28646364850294,1790295491654489253,1790295491654000000,152390184523149,152390184526231,1790295491878630449,1000,1
3697,28646372296960,1790295491661899179,1790295491662000000,152390189523149,152390189525743,1790295491883629932,1000,1
3698,28646376177182,1790295491665735845,1790295491666000000,152390194523149,152390194525999,1790295491888630207,1000,1
3699,28646380229368,1790295491669896845,1790295491670000000,152390199523149,152390199526252,1790295491893630421,1000,1
3700,28646388188849,1790295491677889364,1790295491678000000,152390204523149,152390204524933,1790295491898628481,1000,1
3701,28646390577775,1790295491680199623,1790295491680000000,152390209523149,152390209525618,1790295491903629786,1000,1
3702,28646396297479,1790295491685898808,1790295491686000000,152390214523149,152390214526032,1790295491908630260,1000,1
3703,28646400274960,1790295491689897623,1790295491690000000,152390219523149,152390219525634,1790295491913630023,1000,1
3704,28646408188071,1790295491697886142,1790295491698000000,152390224523149,152390224525647,1790295491918630187,1000,1
3705,28646410121479,1790295491699623105,1790295491700000000,152390229523149,152390229526484,1790295491923630743,1000,1
3706,28646416296034,1790295491705896475,1790295491706000000,152390234523149,152390234525395,1790295491928629243,1000,1
3707,28646420224442,1790295491709851586,1790295491710000000,152390239523149,152390239525559,1790295491933629727,1000,1
3708,28646428264256,1790295491717889623,1790295491718000000,152390244523149,152390244525792,1790295491938630031,1000,1
3709,28646432233256,1790295491721888586,1790295491722000000,152390249523149,152390249526459,1790295491943630708,1000,1
3710,28646436303960,1790295491725902068,1790295491726000000,152390254523149,152390254524949,1790295491948628627,1000,1
3711,28646440286997,1790295491729896290,1790295491730000000,152390259523149,152390259525934,1790295491953630113,1000,1
3712,28646448306219,1790295491737894956,1790295491738000000,152390264523149,152390264525549,1790295491958630308,1000,1
3713,28646452263331,1790295491741892808,1790295491742000000,152390269523149,152390269549798,1790295491963653355,1000,1
3714,28646455123553,1790295491744727623,1790295491745000000,152390274523149,152390274526226,1790295491968630445,1000,1
3715,28646460363145,1790295491749902475,1790295491750000000,152390279523149,152390279524707,1790295491973628615,1000,1
3716,28646465884664,1790295491755515401,1790295491755000000,152390284523149,152390284525663,1790295491978629892,1000,1
3717,28646472237960,1790295491761892105,1790295491762000000,152390289523149,152390289525246,1790295491983630166,1000,1
3718,28646476215812,1790295491765887475,1790295491766000000,152390294523149,152390294524187,1790295491988627644,1000,1
3719,28646480317479,1790295491769903216,1790295491770000000,152390299523149,152390299523861,1790295491993626877,1000,1
3720,28646488260479,1790295491777898956,1790295491778000000,152390304523149,152390304523604,1790295491998626560,1000,1
3721,28646492350405,1790295491781924882,1790295491782000000,152390309523149,152390309523657,1790295492003626684,1000,1
3722,28646496234145,1790295491785911697,1790295491786000000,152390314523149,152390314523791,1790295492008626817,1000,1
3723,28646500942442,1790295491789978697,1790295491790000000,152390319523149,152390319523665,1790295492013626682,1000,1
3724,28646508270293,1790295491797901512,1790295491798000000,152390324523149,152390324525041,1790295492018628669,1000,1
3725,28646514685960,1790295491804306919,1790295491804000000,152390329523149,152390329526186,1790295492023630415,1000,1
3726,28646514959738,1790295491804420993,1790295491804000000,152390334523149,152390334525980,1790295492028630209,1000,1
3727,28646520143923,1790295491809891030,1790295491810000000,152390339523149,152390339525423,1790295492033629622,1000,1
3728,28646526705923,1790295491816274771,1790295491816000000,152390344523149,152390344525206,1790295492038629354,1000,1
3729,28646532270849,1790295491821902216,1790295491822000000,152390349523149,152390349526191,1790295492043630400,1000,1
3730,28646536249219,1790295491825904586,1790295491826000000,152390354523149,152390354524812,1790295492048628340,1000,1
3731,28646540151256,1790295491829893845,1790295491830000000,152390359523149,152390359526010,1790295492053630258,1000,1
3732,28646545050145,1790295491834606327,1790295491834000000,152390364523149,152390364526083,1790295492058630592,1000,1
3733,28646552312960,1790295491841895771,1790295491842000000,152390369523149,152390369524423,1790295492063627990,1000,1
3734,28646555908368,1790295491845513771,1790295491845000000,152390374523149,152390374525839,1790295492068630068,1000,1
3735,28646560360256,1790295491849911734,1790295491850000000,152390379523149,152390379524740,1790295492073628588,1000,1
3736,28646568321553,1790295491857897401,1790295491858000000,152390384523149,152390384525705,1790295492078629824,1000,1
3737,28646570092442,1790295491859810623,1790295491859000000,152390389523149,152390389525490,1790295492083629679,1000,1
3738,28646576274219,1790295491865894030,1790295491866000000,152390394523149,152390394525844,1790295492088630143,1000,1
3739,28646580339960,1790295491869905364,1790295491870000000,152390399523149,152390399525867,1790295492093630016,1000,1
3740,28646588263701,1790295491877898438,1790295491878000000,152390404523149,152390404525359,1790295492098629548,1000,1
3741,28646589680627,1790295491879355327,1790295491879000000,152390409523149,152390409525314,1790295492103629463,1000,1
3742,28646596237182,1790295491885892512,1790295491886000000,152390414523149,152390414525828,1790295492108630297,1000,1
3743,28646600259293,1790295491889890549,1790295491890000000,152390419523149,152390419524860,1790295492113629028,1000,1
3744,28646608368775,1790295491897897697,1790295491898000000,152390424523149,152390424525175,1790295492118628703,1000,1
3745,28646612402108,1790295491901905104,1790295491902000000,152390429523149,152390429525990,1790295492123630239,1000,1
3746,28646616234293,1790295491905898438,1790295491906000000,152390434523149,152390434525272,1790295492128630192,1000,1
3748,28646625096886,1790295491914623993,1790295491914000000,152390444523149,152390444525150,1790295492138629990,1000,1
3749,28646632295330,1790295491921897179,1790295491922000000,152390449523149,152390449525304,1790295492143630083,1000,1
3750,28646635132664,1790295491924623993,1790295491925000000,152390454523149,152390454525327,1790295492148629486,1000,1
3751,28646640215442,1790295491929891327,1790295491930000000,152390459523149,152390459526014,1790295492153630222,1000,1
3752,28646646961886,1790295491935922993,1790295491936000000,152390464523149,152390464526017,1790295492158630226,1000,1
3753,28646652214071,1790295491941805623,1790295491942000000,152390469523149,152390469524828,1790295492163629097,1000,1
3754,28646656288590,1790295491945899030,1790295491946000000,152390474523149,152390474525714,1790295492168629862,1000,1
3755,28646660349849,1790295491949898104,1790295491950000000,152390479523149,152390479525187,1790295492173628744,1000,1
3756,28646664759849,1790295491954435475,1790295491954000000,152390484523149,152390484526252,1790295492178630471,1000,1
3757,28646672266293,1790295491961899734,1790295491962000000,152390489523149,152390489525654,1790295492183630083,1000,1
3758,28646676241812,1790295491965887512,1790295491966000000,152390494523149,152390494525218,1790295492188628755,1000,1
3759,28646679665775,1790295491969335771,1790295491969000000,152390499523149,152390499525843,1790295492193630091,1000,1
3760,28646688313330,1790295491977898067,1790295491978000000,152390504523149,152390504525275,1790295492198629433,1000,1
3761,28646691159108,1790295491980667253,1790295491981000000,152390509523149,152390509525399,1790295492203629928,1000,1
3762,28646696230182,1790295491985892104,1790295491986000000,152390514523149,152390514524802,1790295492208628650,1000,1
3763,28646700282997,1790295491989889438,1790295491990000000,152390519523149,152390519524915,1790295492213629094,1000,1
3764,28646708430553,1790295491997900327,1790295491998000000,152390524523149,152390524525640,1790295492218629848,1000,1
3765,28646712286441,1790295492001893327,1790295492002000000,152390529523149,152390529525252,1790295492223628790,1000,1
3766,28646719479182,1790295492009089586,1790295492009000000,152390534523149,152390534525378,1790295492228630198,1000,1
3767,28646720188182,1790295492009895660,1790295492010000000,152390539523149,152390539523768,1790295492233626784,1000,1
3768,28646724872182,1790295492014477215,1790295492014000000,152390544523149,152390544524663,1790295492238629122,1000,1
3769,28646732310367,1790295492021901290,1790295492022000000,152390549523149,152390549525377,1790295492243630167,1000,1
3770,28646735890219,1790295492025516549,1790295492025000000,152390554523149,152390554525350,1790295492248629619,1000,1
3771,28646740253330,1790295492029905660,1790295492030000000,152390559523149,152390559525183,1790295492253629612,1000,1
3772,28646748182108,1790295492037894623,1790295492038000000,152390564523149,152390564526359,1790295492258630698,1000,1
3773,28646750983256,1790295492040660512,1790295492040000000,152390569523149,152390569524881,1790295492263629009,1000,1
3774,28646756305034,1790295492045902586,1790295492046000000,152390574523149,152390574525705,1790295492268629904,1000,1
3775,28646760292627,1790295492049906771,1790295492050000000,152390579523149,152390579524767,1790295492273628314,1000,1
3776,28646768246516,1790295492057898549,1790295492058000000,152390584523149,152390584525613,1790295492278630213,1000,1
3777,28646770123849,1790295492059620438,1790295492060000000,152390589523149,152390589525516,1790295492283630366,1000,1
3778,28646776302738,1790295492065901549,1790295492066000000,152390594523149,152390594525109,1790295492288628646,1000,1
3779,28646779957997,1790295492069568771,1790295492069000000,152390599523149,152390599525534,1790295492293629793,1000,1
3780,28646788283886,1790295492077889104,1790295492078000000,152390604523149,152390604525017,1790295492298629586,1000,1
3781,28646792217256,1790295492081892512,1790295492082000000,152390609523149,152390609525551,1790295492303629729,1000,1
3782,28646796382997,1790295492085903290,1790295492086000000,152390614523149,152390614523781,1790295492308626797,1000,1
3783,28646800295923,1790295492089898808,1790295492090000000,152390619523149,152390619525168,1790295492313629377,1000,1
3784,28646808274960,1790295492097894438,1790295492098000000,152390624523149,152390624525171,1790295492318629871,1000,1
3785,28646812174478,1790295492101889660,1790295492102000000,152390629523149,152390629525796,1790295492323630054,1000,1
3786,28646815157664,1790295492104726327,1790295492105000000,152390634523149,152390634526080,1790295492328630218,1000,1
3787,28646820300441,1790295492109902808,1790295492110000000,152390639523149,152390639525524,1790295492333629683,1000,1
3788,28646825914849,1790295492115512882,1790295492115000000,152390644523149,152390644525167,1790295492338629556,1000,1
3789,28646832244590,1790295492121893808,1790295492122000000,152390649523149,152390649525420,1790295492343629849,1000,1
3790,28646836229590,1790295492125887438,1790295492126000000,152390654523149,152390654524932,1790295492348629702,1000,1
3791,28646840343738,1790295492129921993,1790295492130000000,152390659523149,152390659523864,1790295492353626880,1000,1
3792,28646845043108,1790295492134664141,1790295492134000000,152390664523149,152390664525660,1790295492358630159,1000,1
3793,28646849811441,1790295492139443697,1790295492139000000,152390669523149,152390669524091,1790295492363627628,1000,1
3794,28646856191478,1790295492145890956,1790295492146000000,152390674523149,152390674524676,1790295492368628865,1000,1
3795,28646864328219,1790295492153900697,1790295492154000000,152390679523149,152390679524980,1790295492373628438,1000,1
3796,28646868282701,1790295492157894845,1790295492158000000,152390684523149,152390684526216,1790295492378630465,1000,1
3797,28646871024997,1790295492160635993,1790295492160000000,152390689523149,152390689525550,1790295492383629828,1000,1
3798,28646876240071,1790295492165891512,1790295492166000000,152390694523149,152390694524791,1790295492388628699,1000,1
3799,28646880173886,1790295492169884475,1790295492170000000,152390699523149,152390699528341,1790295492393632540,1000,1
3800,28646888326367,1790295492177902327,1790295492178000000,152390704523149,152390704524768,1790295492398629197,1000,1
3801,28646892252404,1790295492181893178,1790295492182000000,152390709523149,152390709525454,1790295492403629673,1000,1
3802,28646896301627,1790295492185904401,1790295492186000000,152390714523149,152390714524686,1790295492408629245,1000,1
3803,28646900220293,1790295492189895697,1790295492190000000,152390719523149,152390719524990,1790295492413629178,1000,1
3804,28646904844997,1790295492194358512,1790295492194000000,152390724523149,152390724525195,1790295492418629805,1000,1
3805,28646912357330,1790295492201897141,1790295492202000000,152390729523149,152390729524707,1790295492423628245,1000,1
3806,28646916144515,1790295492205517734,1790295492206000000,152390734523149,152390734525582,1790295492428629110,1000,1
3807,28646924272701,1790295492213895289,1790295492214000000,152390739523149,152390739525626,1790295492433629844,1000,1
3808,28646927373478,1790295492216854993,1790295492217000000,152390744523149,152390744524729,1790295492438629178,1000,1
3809,28646932232627,1790295492221782401,1790295492222000000,152390749523149,152390749525884,1790295492443630063,1000,1
3810,28646936285293,1790295492225901586,1790295492226000000,152390754523149,152390754525176,1790295492448629395,1000,1
3811,28646940337590,1790295492229907734,1790295492230000000,152390759523149,152390759525472,1790295492453629691,1000,1
3812,28646948170997,1790295492237886475,1790295492238000000,152390764523149,152390764525736,1790295492458629935,1000,1
3813,28646949824034,1790295492239450919,1790295492239000000,152390769523149,152390769525028,1790295492463629236,1000,1
3814,28646956311293,1790295492245905363,1790295492246000000,152390774523149,152390774531634,1790295492468635172,1000,1
3815,28646960249256,1790295492249895586,1790295492250000000,152390779523149,152390779525196,1790295492473628754,1000,1
3816,28646968272404,1790295492257889104,1790295492258000000,152390784523149,152390784525911,1790295492478630039,1000,1
3817,28646972138441,1790295492261833326,1790295492262000000,152390789523149,152390789525383,1790295492483629551,1000,1
3818,28646976333219,1790295492265903438,1790295492266000000,152390794523149,152390794525466,1790295492488629645,1000,1
3819,28646980243034,1790295492269895401,1790295492270000000,152390799523149,152390799525922,1790295492493630141,1000,1
3820,28646988253441,1790295492277890549,1790295492278000000,152390804523149,152390804524463,1790295492498628010,1000,1
3821,28646992212515,1790295492281927363,1790295492282000000,152390809523149,152390809525528,1790295492503629707,1000,1
3822,28646995068219,1790295492284363734,1790295492284000000,152390814523149,152390814526295,1790295492508630474,1000,1
3823,28647000318664,1790295492289902178,1790295492290000000,152390819523149,152390819525006,1790295492513629154,1000,1
3824,28647006053701,1790295492295519660,1790295492295000000,152390824523149,152390824525480,1790295492518629679,1000,1
3825,28647012245478,1790295492301897252,1790295492302000000,152390829523149,152390829525483,1790295492523629722,1000,1
3826,28647016183071,1790295492305900401,1790295492306000000,152390834523149,152390834525416,1790295492528630116,1000,1
3827,28647020326219,1790295492309907289,1790295492310000000,152390839523149,152390839523966,1790295492533626983,1000,1
3828,28647027626886,1790295492317249030,1790295492317000000,152390844523149,152390844523790,1790295492538626806,1000,1
3829,28647032340108,1790295492321900512,1790295492322000000,152390849523149,152390849523724,1790295492543626741,1000,1
3830,28647036265738,1790295492325909363,1790295492326000000,152390854523149,152390854523597,1790295492548626613,1000,1
3831,28647040114219,1790295492329349771,1790295492329000000,152390859523149,152390859523861,1790295492553626887,1000,1
3832,28647048300812,1790295492337898660,1790295492338000000,152390864523149,152390864523874,1790295492558626891,1000,1
3833,28647051621701,1790295492340727141,1790295492341000000,152390869523149,152390869524901,1790295492563629129,1000,1
3834,28647055468552,1790295492345154993,1790295492345000000,152390874523149,152390874524874,1790295492568628421,1000,1
3835,28647060159886,1790295492349893586,1790295492350000000,152390879523149,152390879525198,1790295492573628745,1000,1
3836,28647068310034,1790295492357893326,1790295492358000000,152390884523149,152390884525674,1790295492578630123,1000,1
3837,28647072243404,1790295492361898326,1790295492362000000,152390889523149,152390889525045,1790295492583629264,1000,1
3838,28647076283664,1790295492365896845,1790295492366000000,152390894523149,152390894525600,1790295492588629748,1000,1
3839,28647080184441,1790295492369893252,1790295492370000000,152390899523149,152390899525956,1790295492593630205,1000,1
3840,28647084750701,1790295492374347067,1790295492374000000,152390904523149,152390904525248,1790295492598629697,1000,1
3841,28647092314256,1790295492381900215,1790295492382000000,152390909523149,152390909524850,1790295492603628979,1000,1
3842,28647094823849,1790295492384449363,1790295492384000000,152390914523149,152390914525334,1790295492608629984,1000,1
3843,28647100370552,1790295492389897993,1790295492390000000,152390919523149,152390919524859,1790295492613629078,1000,1
3845,28647112291441,1790295492401903882,1790295492402000000,152390929523149,152390929524795,1790295492623628313,1000,1
3846,28647116177219,1790295492405890512,1790295492406000000,152390934523149,152390934526432,1790295492628630610,1000,1
3847,28647120330367,1790295492409904919,1790295492410000000,152390939523149,152390939524453,1790295492633627830,1000,1
3848,28647128257367,1790295492417897363,1790295492418000000,152390944523149,152390944523795,1790295492638626812,1000,1
3849,28647130057738,1790295492419510808,1790295492419000000,152390949523149,152390949523849,1790295492643626865,1000,1
3850,28647136254663,1790295492425893178,1790295492426000000,152390954523149,152390954523873,1790295492648626890,1000,1
3851,28647140167701,1790295492429889882,1790295492430000000,152390959523149,152390959523767,1790295492653626793,1000,1
3852,28647148379145,1790295492437897474,1790295492438000000,152390964523149,152390964523790,1790295492658626816,1000,1
3853,28647152386923,1790295492441929734,1790295492442000000,152390969523149,152390969524726,1790295492663629095,1000,1
3854,28647156234293,1790295492445899289,1790295492446000000,152390974523149,152390974524590,1790295492668628127,1000,1
3855,28647160227775,1790295492449888882,1790295492450000000,152390979523149,152390979526286,1790295492673630755,1000,1
3856,28647168339478,1790295492457908400,1790295492458000000,152390984523149,152390984526079,1790295492678630618,1000,1
3857,28647172311700,1790295492461899067,1790295492462000000,152390989523149,152390989525402,1790295492683629681,1000,1
3858,28647175057626,1790295492464511030,1790295492464000000,152390994523149,152390994524694,1790295492688628211,1000,1
3859,28647180214404,1790295492469893141,1790295492470000000,152390999523149,152390999526020,1790295492693630208,1000,1
3860,28647185847071,1790295492475501549,1790295492475000000,152391004523149,152391004524340,1790295492698627857,1000,1
3861,28647192380960,1790295492481903067,1790295492482000000,152391009523149,152391009524615,1790295492703628734,1000,1
3862,28647194843886,1790295492484500363,1790295492484000000,152391014523149,152391014523807,1790295492708626823,1000,1
3863,28647200038145,1790295492489646586,1790295492489000000,152391019523149,152391019525012,1790295492713629301,1000,1
3864,28647208309182,1790295492497889697,1790295492498000000,152391024523149,152391024525278,1790295492718629517,1000,1
3865,28647212336886,1790295492501910956,1790295492502000000,152391029523149,152391029524700,1790295492723628598,1000,1
3866,28647216238552,1790295492505901882,1790295492506000000,152391034523149,152391034525184,1790295492728629062,1000,1
3867,28647220165515,1790295492509726586,1790295492510000000,152391039523149,152391039525408,1790295492733629636,1000,1
3868,28647228207626,1790295492517890660,1790295492518000000,152391044523149,152391044524862,1790295492738628669,1000,1
3869,28647230980367,1790295492520498623,1790295492520000000,152391049523149,152391049525426,1790295492743629915,1000,1
3870,28647236303404,1790295492525899141,1790295492526000000,152391054523149,152391054524718,1790295492748628926,1000,1
3871,28647240220923,1790295492529893697,1790295492530000000,152391059523149,152391059525013,1790295492753629182,1000,1
3872,28647244965441,1790295492534610882,1790295492534000000,152391064523149,152391064526019,1790295492758630818,1000,1
3873,28647252171478,1790295492541887771,1790295492542000000,152391069523149,152391069524850,1790295492763629058,1000,1
3874,28647256344886,1790295492545916845,1790295492546000000,152391074523149,152391074525243,1790295492768629452,1000,1
3875,28647260232849,1790295492549901215,1790295492550000000,152391079523149,152391079525288,1790295492773628795,1000,1
3876,28647264817330,1790295492554357882,1790295492554000000,152391084523149,152391084525672,1790295492778630101,1000,1
3877,28647272227812,1790295492561890919,1790295492562000000,152391089523149,152391089524693,1790295492783628872,1000,1
3878,28647276177367,1790295492565648511,1790295492566000000,152391094523149,152391094524656,1790295492788628174,1000,1
3879,28647280330886,1790295492569912067,1790295492570000000,152391099523149,152391099526245,1790295492793630443,1000,1
3880,28647287635145,1790295492577125215,1790295492577000000,152391104523149,152391104524836,1790295492798629154,1000,1
3881,28647292224145,1790295492581900808,1790295492582000000,152391109523149,152391109524769,1790295492803628917,1000,1
3882,28647294980700,1790295492584712511,1790295492584000000,152391114523149,152391114524693,1790295492808629603,1000,1
3883,28647300345774,1790295492589904141,1790295492590000000,152391119523149,152391119525127,1790295492813629335,1000,1
3884,28647308271293,1790295492597897326,1790295492598000000,152391124523149,152391124525190,1790295492818629359,1000,1
3885,28647310688812,1790295492599904215,1790295492600000000,152391129523149,152391129590127,1790295492823694315,1000,1
3886,28647316199478,1790295492605891882,1790295492606000000,152391134523149,152391134525690,1790295492828630149,1000,1
3887,28647320206293,1790295492609897067,1790295492610000000,152391139523149,152391139524932,1790295492833629130,1000,1
3888,28647328367108,1790295492617903808,1790295492618000000,152391144523149,152391144525205,1790295492838629384,1000,1
3889,28647332684923,1790295492622181845,1790295492622000000,152391149523149,152391149524617,1790295492843628766,1000,1
3890,28647336236182,1790295492625901363,1790295492626000000,152391154523149,152391154525141,1790295492848629320,1000,1
3891,28647340169219,1790295492629892030,1790295492630000000,152391159523149,152391159525205,1790295492853629323,1000,1
3892,28647348327108,1790295492637894697,1790295492638000000,152391164523149,152391164526160,1790295492858630659,1000,1
3893,28647352212774,1790295492641892623,1790295492642000000,152391169523149,152391169525724,1790295492863629993,1000,1
3894,28647355853663,1790295492645447030,1790295492645000000,152391174523149,152391174525317,1790295492868629565,1000,1
3895,28647360254108,1790295492649898845,1790295492650000000,152391179523149,152391179524108,1790295492873627615,1000,1
3896,28647366910774,1790295492656404178,1790295492656000000,152391184523149,152391184525954,1790295492878630153,1000,1
3897,28647372189404,1790295492661889030,1790295492662000000,152391189523149,152391189524827,1790295492883628976,1000,1
3898,28647376176071,1790295492665887734,1790295492666000000,152391194523149,152391194525281,1790295492888629731,1000,1
3899,28647380233997,1790295492669907771,1790295492670000000,152391199523149,152391199526277,1790295492893630445,1000,1
3900,28647388377960,1790295492677899956,1790295492678000000,152391204523149,152391204524518,1790295492898628596,1000,1
3901,28647392308034,1790295492681907289,1790295492682000000,152391209523149,152391209525242,1790295492903629521,1000,1
3902,28647396179145,1790295492685893585,1790295492686000000,152391214523149,152391214526338,1790295492908630526,1000,1
3903,28647400382886,1790295492689721400,1790295492690000000,152391219523149,152391219525712,1790295492913629921,1000,1
3904,28647408288552,1790295492697897919,1790295492698000000,152391224523149,152391224525266,1790295492918629535,1000,1
3905,28647411926219,1790295492700522400,1790295492701000000,152391229523149,152391229524969,1790295492923628536,1000,1
3906,28647416238330,1790295492705896845,1790295492706000000,152391234523149,152391234525513,1790295492928629932,1000,1
3907,28647420179700,1790295492709891326,1790295492710000000,152391239523149,152391239525106,1790295492933629294,1000,1
3908,28647428363182,1790295492717907808,1790295492718000000,152391244523149,152391244525049,1790295492938628566,1000,1
3909,28647432267404,1790295492721896622,1790295492722000000,152391249523149,152391249526364,1790295492943630613,1000,1
3910,28647436288960,1790295492725910141,1790295492726000000,152391254523149,152391254524535,1790295492948628052,1000,1
3911,28647440190108,1790295492729902882,1790295492730000000,152391259523149,152391259525461,1790295492953629679,1000,1
3912,28647445153997,1790295492734719808,1790295492735000000,152391264523149,152391264525724,1790295492958629893,1000,1
3913,28647452284552,1790295492741908474,1790295492742000000,152391269523149,152391269525387,1790295492963629606,1000,1
3914,28647456147404,1790295492745517400,1790295492746000000,152391274523149,152391274525452,1790295492968629650,1000,1
3915,28647460263293,1790295492749904808,1790295492750000000,152391279523149,152391279524844,1790295492973628391,1000,1
3916,28647467590700,1790295492757107956,1790295492757000000,152391284523149,152391284526129,1790295492978630638,1000,1
3917,28647472347626,1790295492761908845,1790295492762000000,152391289523149,152391289524089,1790295492983627637,1000,1
3918,28647476257256,1790295492765906326,1790295492766000000,152391294523149,152391294773817,1790295492988877424,1000,1
3919,28647480266219,1790295492769901845,1790295492770000000,152391299523149,152391299523866,1790295492993626893,1000,1
3920,28647488184071,1790295492777893437,1790295492778000000,152391304523149,152391304523750,1790295492998626766,1000,1
3921,28647489966071,1790295492779344882,1790295492779000000,152391309523149,152391309523784,1790295493003626811,1000,1
3922,28647496309737,1790295492785908326,1790295492786000000,152391314523149,152391314549386,1790295493008653735,1000,1
3923,28647500264108,1790295492789910956,1790295492790000000,152391319523149,152391319525704,1790295493013629993,1000,1
3924,28647508401923,1790295492797919326,1790295492798000000,152391324523149,152391324525519,1790295493018629688,1000,1
3925,28647512320923,1790295492801913030,1790295492802000000,152391329523149,152391329525693,1790295493023629891,1000,1
3926,28647516279626,1790295492805910845,1790295492806000000,152391334523149,152391334523752,1790295493028626779,1000,1
3927,28647520208145,1790295492809901289,1790295492810000000,152391339523149,152391339524837,1790295493033629016,1000,1
3928,28647528340182,1790295492817897882,1790295492818000000,152391344523149,152391344525213,1790295493038629372,1000,1
3929,28647532349034,1790295492821908845,1790295492822000000,152391349523149,152391349526569,1790295493043630778,1000,1
3930,28647536278700,1790295492825907326,1790295492826000000,152391354523149,152391354524428,1790295493048628266,1000,1
3931,28647540196441,1790295492829895734,1790295492830000000,152391359523149,152391359525765,1790295493053629974,1000,1
3932,28647546072515,1790295492835517808,1790295492835000000,152391364523149,152391364526009,1790295493058630268,1000,1
3933,28647552329811,1790295492841897289,1790295492842000000,152391369523149,152391369524680,1790295493063628127,1000,1
3934,28647556286293,1790295492845913734,1790295492846000000,152391374523149,152391374525495,1790295493068629663,1000,1
3935,28647560258700,1790295492849906696,1790295492850000000,152391379523149,152391379525690,1790295493073629939,1000,1
3936,28647568234515,1790295492857904067,1790295492858000000,152391384523149,152391384526044,1790295493078630363,1000,1
3937,28647570901293,1790295492860443400,1790295492860000000,152391389523149,152391389524805,1790295493083628964,1000,1
3938,28647576332108,1790295492865900215,1790295492866000000,152391394523149,152391394525480,1790295493088629649,1000,1
3939,28647580168034,1790295492869659289,1790295492870000000,152391399523149,152391399525906,1790295493093630385,1000,1
3940,28647588297071,1790295492877893956,1790295492878000000,152391404523149,152391404524968,1790295493098629677,1000,1
3941,28647589529478,1790295492879208956,1790295492879000000,152391409523149,152391409525261,1790295493103629440,1000,1
3942,28647596350441,1790295492885911696,1790295492886000000,152391414523149,152391414523702,1790295493108626728,1000,1
3943,28647600254959,1790295492889901808,1790295492890000000,152391419523149,152391419524877,1790295493113629456,1000,1
3944,28647608262108,1790295492897903956,1790295492898000000,152391424523149,152391424524850,1790295493118629299,1000,1
3945,28647612194811,1790295492901892252,1790295492902000000,152391429523149,152391429525525,1790295493123629694,1000,1
3946,28647616339774,1790295492905903622,1790295492906000000,152391434523149,152391434525701,1790295493128630140,1000,1
3947,28647620291515,1790295492909912993,1790295492910000000,152391439523149,152391439524542,1790295493133628069,1000,1
3948,28647625161922,1790295492914730030,1790295492915000000,152391444523149,152391444525446,1790295493138629585,1000,1
3949,28647629540219,1790295492919205622,1790295492919000000,152391449523149,152391449523796,1790295493143626803,1000,1
3950,28647635801515,1790295492925510733,1790295492925000000,152391454523149,152391454523780,1790295493148626806,1000,1
3951,28647640331071,1790295492929900770,1790295492930000000,152391459523149,152391459525185,1790295493153629494,1000,1
3952,28647645327478,1790295492934945993,1790295492935000000,152391464523149,152391464525972,1790295493158630231,1000,1
3953,28647652252774,1790295492941891030,1790295492942000000,152391469523149,152391469525835,1790295493163630144,1000,1
3954,28647656212885,1790295492945897770,1790295492946000000,152391474523149,152391474524756,1790295493168628874,1000,1
3955,28647660328774,1790295492949905289,1790295492950000000,152391479523149,152391479525271,1790295493173629750,1000,1
3956,28647668304145,1790295492957907178,1790295492958000000,152391484523149,152391484526138,1790295493178630296,1000,1
3957,28647669800108,1790295492959376030,1790295492959000000,152391489523149,152391489524678,1790295493183628847,1000,1
3958,28647676366959,1790295492965911252,1790295492966000000,152391494523149,152391494525533,1790295493188629782,1000,1
3959,28647679786330,1790295492969398326,1790295492969000000,152391499523149,152391499526750,1790295493193630939,1000,1
3960,28647688293293,1790295492977902511,1790295492978000000,152391504523149,152391504525121,1790295493198629249,1000,1
3961,28647692210108,1790295492981901141,1790295492982000000,152391509523149,152391509524933,1790295493203629172,1000,1
3962,28647696366145,1790295492985905104,1790295492986000000,152391514523149,152391514525529,1790295493208629046,1000,1
3963,28647700327071,1790295492989911659,1790295492990000000,152391519523149,152391519525684,1790295493213629863,1000,1
3964,28647708287108,1790295492997891141,1790295492998000000,152391524523149,152391524524956,1790295493218629195,1000,1
3965,28647712199071,1790295493001898882,1790295493002000000,152391529523149,152391529524679,1790295493223628857,1000,1
3966,28647714867478,1790295493004501178,1790295493004000000,152391534523149,152391534525924,1790295493228630383,1000,1
3967,28647720303108,1790295493009901511,1790295493010000000,152391539523149,152391539524354,1790295493233628503,1000,1
3968,28647726121293,1790295493015626956,1790295493015000000,152391544523149,152391544523967,1790295493238627805,1000,1
3969,28647729951478,1790295493019592030,1790295493019000000,152391549523149,152391549524131,1790295493243627638,1000,1
3970,28647736222663,1790295493025901252,1790295493026000000,152391554523149,152391554524997,1790295493248628584,1000,1
3971,28647744362700,1790295493033897622,1790295493034000000,152391559523149,152391559524719,1790295493253629078,1000,1
3972,28647748340441,1790295493037915363,1790295493038000000,152391564523149,152391564526166,1790295493258630324,1000,1
3973,28647751305737,1790295493040946511,1790295493041000000,152391569523149,152391569525198,1790295493263629688,1000,1
3974,28647756187071,1790295493045890622,1790295493046000000,152391574523149,152391574524039,1790295493268627877,1000,1
3975,28647759918922,1790295493049514919,1790295493049000000,152391579523149,152391579525465,1790295493273629654,1000,1
3976,28647768328330,1790295493057894993,1790295493058000000,152391584523149,152391584526140,1790295493278630549,1000,1
3977,28647770893256,1790295493060519289,1790295493060000000,152391589523149,152391589524742,1790295493283628921,1000,1
3978,28647776267293,1790295493065898659,1790295493066000000,152391594523149,152391594525226,1790295493288629385,1000,1
3979,28647780099478,1790295493069783511,1790295493069000000,152391599523149,152391599526201,1790295493293630410,1000,1
3980,28647788328811,1790295493077911400,1790295493078000000,152391604523149,152391604524832,1790295493298628961,1000,1
3981,28647792257070,1790295493081898067,1790295493082000000,152391609523149,152391609523665,1790295493303626691,1000,1
3982,28647796289145,1790295493085908807,1790295493086000000,152391614523149,152391614525090,1790295493308628758,1000,1
3983,28647800214404,1790295493089903030,1790295493090000000,152391619523149,152391619525104,1790295493313629382,1000,1
3984,28647804821700,1790295493094351844,1790295493094000000,152391624523149,152391624524938,1790295493318629167,1000,1
3985,28647812355404,1790295493101911289,1790295493102000000,152391629523149,152391629525052,1790295493323629170,1000,1
3986,28647816202589,1790295493105649956,1790295493106000000,152391634523149,152391634525416,1790295493328628913,1000,1
3987,28647820260959,1790295493109904956,1790295493110000000,152391639523149,152391639523988,1790295493333627525,1000,1
3988,28647827483033,1790295493116860067,1790295493117000000,152391644523149,152391644525223,1790295493338629412,1000,1
3989,28647830364626,1790295493119945919,1790295493120000000,152391649523149,152391649525176,1790295493343629044,1000,1
3990,28647836256107,1790295493125902474,1790295493126000000,152391654523149,152391654524820,1790295493348628337,1000,1
3991,28647840253663,1790295493129895511,1790295493130000000,152391659523149,152391659524975,1790295493353629234,1000,1
3992,28647848187552,1790295493137894696,1790295493138000000,152391664523149,152391664526000,1790295493358630149,1000,1
3993,28647849864145,1790295493139430696,1790295493139000000,152391669523149,152391669525933,1790295493363630222,1000,1
3994,28647856373330,1790295493145918030,1790295493146000000,152391674523149,152391674524885,1790295493368629284,1000,1
3995,28647860255107,1790295493149910252,1790295493150000000,152391679523149,152391679525459,1790295493373629708,1000,1
3996,28647868341626,1790295493157905252,1790295493158000000,152391684523149,152391684526224,1790295493378630412,1000,1
3997,28647870293737,1790295493159935104,1790295493160000000,152391689523149,152391689524734,1790295493383628963,1000,1
3998,28647876343959,1790295493165902363,1790295493166000000,152391694523149,152391694525130,1790295493388629339,1000,1
3999,28647880365145,1790295493169916141,1790295493170000000,152391699523149,152391699526075,1790295493393630234,1000,1
