#format: frame checksums
#version: 2
#hash: MD5
#software: Lavf61.7.103
#tb 0: 1/60
#media_type 0: video
#codec_id 0: rawvideo
#dimensions 0: 879x720
#sar 0: 0/1
#stream#, dts,        pts, duration,     size, hash
0,          0,          0,        1,  2531520, da8b0060bb530918b0b1eb30c6deaa2c
0,          1,          1,        1,  2531520, da8b0060bb530918b0b1eb30c6deaa2c
0,          2,          2,        1,  2531520, da8b0060bb530918b0b1eb30c6deaa2c
0,          3,          3,        1,  2531520, 88ee1078a740faf86145ecc07b89c6d7
0,          4,          4,        1,  2531520, 88ee1078a740faf86145ecc07b89c6d7
0,          5,          5,        1,  2531520, 88ee1078a740faf86145ecc07b89c6d7
0,          6,          6,        1,  2531520, 4904ffebe998bb0ca58382fe5f0fdf6b
0,          7,          7,        1,  2531520, 4904ffebe998bb0ca58382fe5f0fdf6b
0,          8,          8,        1,  2531520, 4904ffebe998bb0ca58382fe5f0fdf6b
0,          9,          9,        1,  2531520, 9e40cecc225723143414ef535c70c559
0,         10,         10,        1,  2531520, 9e40cecc225723143414ef535c70c559
0,         11,         11,        1,  2531520, 9e40cecc225723143414ef535c70c559
0,         12,         12,        1,  2531520, 9cfbdb6101ed87bbe99535915d72e0f8
0,         13,         13,        1,  2531520, 9cfbdb6101ed87bbe99535915d72e0f8
0,         14,         14,        1,  2531520, 9cfbdb6101ed87bbe99535915d72e0f8
0,         15,         15,        1,  2531520, 1b83e3d530de4524c5a2d7bc42cb9def
0,         16,         16,        1,  2531520, 1b83e3d530de4524c5a2d7bc42cb9def
0,         17,         17,        1,  2531520, 1b83e3d530de4524c5a2d7bc42cb9def
0,         18,         18,        1,  2531520, b194747da4833d5f6e179a764a8a78ca
0,         19,         19,        1,  2531520, b194747da4833d5f6e179a764a8a78ca
0,         20,         20,        1,  2531520, b194747da4833d5f6e179a764a8a78ca
0,         21,         21,        1,  2531520, 8faee513d93f5722aaca547f76359ae0
0,         22,         22,        1,  2531520, a98ce80ef07fba0e5c2ddd5b6576b148
0,         23,         23,        1,  2531520, afe961ea75d1d042e80c664d706deab4
0,         24,         24,        1,  2531520, 3ed76b2e5f3aca4c9ff1653171081ab8
0,         25,         25,        1,  2531520, 2a65bb816ef54b9e80e1e2cf611a3a22
0,         26,         26,        1,  2531520, 502348f4f05e3f983529eced23ea3131
0,         27,         27,        1,  2531520, 87d2093801518b62657ea5e8c87e48f1
0,         28,         28,        1,  2531520, eba82cb026956d97b932f243ee51dec4
0,         29,         29,        1,  2531520, dea95d67e82fda59a8aeb838bee57d2d
0,         30,         30,        1,  2531520, f01db8df0e8db323e230087799f75e9b
0,         31,         31,        1,  2531520, 5be760ae248ee4238a56f5643fb595ba
0,         32,         32,        1,  2531520, 4658b53bae02afa615d9db68dbe5a36d
0,         33,         33,        1,  2531520, d58a6c642488b9ec22f618e054263f3c
0,         34,         34,        1,  2531520, 620f23c6377cc8433c8e101c830e2670
0,         35,         35,        1,  2531520, 9392ba205323cab5b53870f819eb472f
0,         36,         36,        1,  2531520, 04762717b1e4bc38f9aac0bbb076dcd3
0,         37,         37,        1,  2531520, 2817679bcb75f8e34ebef8a520b7b8a6
0,         38,         38,        1,  2531520, 577c48f8652319ad58ef9884d60d9504
0,         39,         39,        1,  2531520, 5f1d7548ff077285366e9d9aa80b38a8
0,         40,         40,        1,  2531520, 4cf558686d36f31ddc363e01cd6b3f1e
0,         41,         41,        1,  2531520, 4cf558686d36f31ddc363e01cd6b3f1e
0,         42,         42,        1,  2531520, b172654e724e31cb9e7302ad8c5ece38
0,         43,         43,        1,  2531520, b172654e724e31cb9e7302ad8c5ece38
0,         44,         44,        1,  2531520, b172654e724e31cb9e7302ad8c5ece38
0,         45,         45,        1,  2531520, a370c706316b7d02a92f114a48f21c91
0,         46,         46,        1,  2531520, a370c706316b7d02a92f114a48f21c91
0,         47,         47,        1,  2531520, a370c706316b7d02a92f114a48f21c91
0,         48,         48,        1,  2531520, 410c485461c14b50e9cf4d257dc2bb4e
0,         49,         49,        1,  2531520, 410c485461c14b50e9cf4d257dc2bb4e
0,         50,         50,        1,  2531520, 410c485461c14b50e9cf4d257dc2bb4e
0,         51,         51,        1,  2531520, 69fa91594e09fe6a4e953c84cae55d16
0,         52,         52,        1,  2531520, 69fa91594e09fe6a4e953c84cae55d16
0,         53,         53,        1,  2531520, 69fa91594e09fe6a4e953c84cae55d16
0,         54,         54,        1,  2531520, 2a29036bfb12f77f0fd2a6ee1a600391
0,         55,         55,        1,  2531520, 2a29036bfb12f77f0fd2a6ee1a600391
0,         56,         56,        1,  2531520, 2a29036bfb12f77f0fd2a6ee1a600391
0,         57,         57,        1,  2531520, e6de7bf6b3e4b9c54685c4e63f495586
0,         58,         58,        1,  2531520, e6de7bf6b3e4b9c54685c4e63f495586
0,         59,         59,        1,  2531520, e6de7bf6b3e4b9c54685c4e63f495586
0,         60,         60,        1,  2531520, 4855c2bde7677ea70e675361150d8b79
0,         61,         61,        1,  2531520, 4855c2bde7677ea70e675361150d8b79
0,         62,         62,        1,  2531520, 4855c2bde7677ea70e675361150d8b79
0,         63,         63,        1,  2531520, 15dfda0e532ba678e8c99b209f113a04
0,         64,         64,        1,  2531520, 15dfda0e532ba678e8c99b209f113a04
0,         65,         65,        1,  2531520, 15dfda0e532ba678e8c99b209f113a04
0,         66,         66,        1,  2531520, 5b035aab5b89762a9279767c113b239d
0,         67,         67,        1,  2531520, 5b035aab5b89762a9279767c113b239d
0,         68,         68,        1,  2531520, 5b035aab5b89762a9279767c113b239d
0,         69,         69,        1,  2531520, 8ee8df65ad945b639cf88a23d0727817
0,         70,         70,        1,  2531520, 8ee8df65ad945b639cf88a23d0727817
0,         71,         71,        1,  2531520, 8ee8df65ad945b639cf88a23d0727817
0,         72,         72,        1,  2531520, 1c42b67677a47f29517006b685a3a8bd
0,         73,         73,        1,  2531520, 1c42b67677a47f29517006b685a3a8bd
0,         74,         74,        1,  2531520, 75708d270c6266ee2a6282fddf30d2d8
0,         75,         75,        1,  2531520, 75708d270c6266ee2a6282fddf30d2d8
0,         76,         76,        1,  2531520, 75708d270c6266ee2a6282fddf30d2d8
0,         77,         77,        1,  2531520, 75708d270c6266ee2a6282fddf30d2d8
0,         78,         78,        1,  2531520, 1935dbc5070391e47691ef08e93b388c
0,         79,         79,        1,  2531520, 1935dbc5070391e47691ef08e93b388c
0,         80,         80,        1,  2531520, 1935dbc5070391e47691ef08e93b388c
0,         81,         81,        1,  2531520, 1aa07d322b26ca72611ab49938e495c9
0,         82,         82,        1,  2531520, 1aa07d322b26ca72611ab49938e495c9
0,         83,         83,        1,  2531520, 1aa07d322b26ca72611ab49938e495c9
0,         84,         84,        1,  2531520, e238e4813c79ccc016f6e45e1df1a314
0,         85,         85,        1,  2531520, e238e4813c79ccc016f6e45e1df1a314
0,         86,         86,        1,  2531520, e238e4813c79ccc016f6e45e1df1a314
0,         87,         87,        1,  2531520, e9f039ec684b40fd15c38272dc8a3a35
0,         88,         88,        1,  2531520, e9f039ec684b40fd15c38272dc8a3a35
0,         89,         89,        1,  2531520, e9f039ec684b40fd15c38272dc8a3a35
0,         90,         90,        1,  2531520, e7df3488a4957a314f6daa79622f2ac0
0,         91,         91,        1,  2531520, e7df3488a4957a314f6daa79622f2ac0
0,         92,         92,        1,  2531520, e7df3488a4957a314f6daa79622f2ac0
0,         93,         93,        1,  2531520, 884aee33a8302ba2bb09111812c23cf3
0,         94,         94,        1,  2531520, 884aee33a8302ba2bb09111812c23cf3
0,         95,         95,        1,  2531520, 884aee33a8302ba2bb09111812c23cf3
0,         96,         96,        1,  2531520, 5390a80150432ee5284410c989827e4a
0,         97,         97,        1,  2531520, 5390a80150432ee5284410c989827e4a
0,         98,         98,        1,  2531520, 5390a80150432ee5284410c989827e4a
0,         99,         99,        1,  2531520, 6a1abe99082d3a02c741d2845d66710a
0,        100,        100,        1,  2531520, 6a1abe99082d3a02c741d2845d66710a
0,        101,        101,        1,  2531520, 6a1abe99082d3a02c741d2845d66710a
0,        102,        102,        1,  2531520, 726baf07371474fdc0675631da57669d
0,        103,        103,        1,  2531520, 726baf07371474fdc0675631da57669d
0,        104,        104,        1,  2531520, 726baf07371474fdc0675631da57669d
0,        105,        105,        1,  2531520, df5fde34390cd481183a881594279733
0,        106,        106,        1,  2531520, df5fde34390cd481183a881594279733
0,        107,        107,        1,  2531520, df5fde34390cd481183a881594279733
0,        108,        108,        1,  2531520, c4bf93173b749bba6cdff9ac56c7f71d
0,        109,        109,        1,  2531520, c4bf93173b749bba6cdff9ac56c7f71d
0,        110,        110,        1,  2531520, c4bf93173b749bba6cdff9ac56c7f71d
0,        111,        111,        1,  2531520, 461668d0db1aa3b70b70f0f6fbbc11af
0,        112,        112,        1,  2531520, 461668d0db1aa3b70b70f0f6fbbc11af
0,        113,        113,        1,  2531520, 461668d0db1aa3b70b70f0f6fbbc11af
0,        114,        114,        1,  2531520, b5bbba61799d178c0371c6841a486087
0,        115,        115,        1,  2531520, b5bbba61799d178c0371c6841a486087
0,        116,        116,        1,  2531520, b5bbba61799d178c0371c6841a486087
0,        117,        117,        1,  2531520, 2e05b1d86a1ea69d70424dd7a0b94baa
0,        118,        118,        1,  2531520, 2e05b1d86a1ea69d70424dd7a0b94baa
0,        119,        119,        1,  2531520, 2e05b1d86a1ea69d70424dd7a0b94baa
0,        120,        120,        1,  2531520, 5b413ec12ebe279b61faea79cbb282f3
0,        121,        121,        1,  2531520, 5b413ec12ebe279b61faea79cbb282f3
0,        122,        122,        1,  2531520, 34d34d5cfffb99376999a8d5ff3c2f6f
0,        123,        123,        1,  2531520, 34d34d5cfffb99376999a8d5ff3c2f6f
0,        124,        124,        1,  2531520, 34d34d5cfffb99376999a8d5ff3c2f6f
0,        125,        125,        1,  2531520, 34d34d5cfffb99376999a8d5ff3c2f6f
0,        126,        126,        1,  2531520, 2496dc217186ad78089692daafef9424
0,        127,        127,        1,  2531520, 2496dc217186ad78089692daafef9424
0,        128,        128,        1,  2531520, 2496dc217186ad78089692daafef9424
0,        129,        129,        1,  2531520, 76331173b16e13d18e1823553d29ec58
0,        130,        130,        1,  2531520, 76331173b16e13d18e1823553d29ec58
0,        131,        131,        1,  2531520, 76331173b16e13d18e1823553d29ec58
0,        132,        132,        1,  2531520, 128431efd531178eb9f27c6696679810
0,        133,        133,        1,  2531520, 128431efd531178eb9f27c6696679810
0,        134,        134,        1,  2531520, 128431efd531178eb9f27c6696679810
0,        135,        135,        1,  2531520, be9fda3bfa2e3dc82934f36503edead8
0,        136,        136,        1,  2531520, be9fda3bfa2e3dc82934f36503edead8
0,        137,        137,        1,  2531520, be9fda3bfa2e3dc82934f36503edead8
0,        138,        138,        1,  2531520, 03113867c33829e96d11bc9035bedea4
0,        139,        139,        1,  2531520, 03113867c33829e96d11bc9035bedea4
0,        140,        140,        1,  2531520, 03113867c33829e96d11bc9035bedea4
0,        141,        141,        1,  2531520, 3e1a370b10ff65aa7511c8826ce6aaa5
0,        142,        142,        1,  2531520, 3e1a370b10ff65aa7511c8826ce6aaa5
0,        143,        143,        1,  2531520, 3e1a370b10ff65aa7511c8826ce6aaa5
0,        144,        144,        1,  2531520, 37861d375b5376e7d372070d49a5e690
0,        145,        145,        1,  2531520, 37861d375b5376e7d372070d49a5e690
0,        146,        146,        1,  2531520, 37861d375b5376e7d372070d49a5e690
0,        147,        147,        1,  2531520, c3820b8a899eb2e626e33f894071cf21
0,        148,        148,        1,  2531520, c3820b8a899eb2e626e33f894071cf21
0,        149,        149,        1,  2531520, c3820b8a899eb2e626e33f894071cf21
0,        150,        150,        1,  2531520, 4fefabe33310b01d97f238b307c41891
0,        151,        151,        1,  2531520, 4fefabe33310b01d97f238b307c41891
0,        152,        152,        1,  2531520, 4fefabe33310b01d97f238b307c41891
0,        153,        153,        1,  2531520, f1e3d1749e0ae031b2a285104ea73f36
0,        154,        154,        1,  2531520, f1e3d1749e0ae031b2a285104ea73f36
0,        155,        155,        1,  2531520, f1e3d1749e0ae031b2a285104ea73f36
0,        156,        156,        1,  2531520, a756f1095db43d8c28aa8b0411b542ba
0,        157,        157,        1,  2531520, a756f1095db43d8c28aa8b0411b542ba
0,        158,        158,        1,  2531520, a756f1095db43d8c28aa8b0411b542ba
0,        159,        159,        1,  2531520, c5918e4073e7cd07b1e1a081eeb3b849
0,        160,        160,        1,  2531520, c5918e4073e7cd07b1e1a081eeb3b849
0,        161,        161,        1,  2531520, c5918e4073e7cd07b1e1a081eeb3b849
0,        162,        162,        1,  2531520, 3064baf70e3e09edff251ba6b67d3001
0,        163,        163,        1,  2531520, 3064baf70e3e09edff251ba6b67d3001
0,        164,        164,        1,  2531520, 3064baf70e3e09edff251ba6b67d3001
0,        165,        165,        1,  2531520, 7972c3810d45f4f89f0ccad7040e3d5e
0,        166,        166,        1,  2531520, 7972c3810d45f4f89f0ccad7040e3d5e
0,        167,        167,        1,  2531520, 7972c3810d45f4f89f0ccad7040e3d5e
0,        168,        168,        1,  2531520, 9907e05e857de45d3a2905dc0ce7c5c0
0,        169,        169,        1,  2531520, 9907e05e857de45d3a2905dc0ce7c5c0
0,        170,        170,        1,  2531520, 9907e05e857de45d3a2905dc0ce7c5c0
0,        171,        171,        1,  2531520, e61b5c2f42a781467fc91184f595f4d4
0,        172,        172,        1,  2531520, e61b5c2f42a781467fc91184f595f4d4
0,        173,        173,        1,  2531520, e61b5c2f42a781467fc91184f595f4d4
0,        174,        174,        1,  2531520, 5649d95684e99c915bdfe34cba4e497d
0,        175,        175,        1,  2531520, 5649d95684e99c915bdfe34cba4e497d
0,        176,        176,        1,  2531520, 5649d95684e99c915bdfe34cba4e497d
0,        177,        177,        1,  2531520, 2a976e77c54413fbbcaaf6c340ee4e28
0,        178,        178,        1,  2531520, 2a976e77c54413fbbcaaf6c340ee4e28
0,        179,        179,        1,  2531520, 2a976e77c54413fbbcaaf6c340ee4e28
0,        180,        180,        1,  2531520, 7580ec993df1a0156616e3170ddb24a0
0,        181,        181,        1,  2531520, 7580ec993df1a0156616e3170ddb24a0
0,        182,        182,        1,  2531520, 7580ec993df1a0156616e3170ddb24a0
0,        183,        183,        1,  2531520, c851e37680ae70957225c842024ad5e9
0,        184,        184,        1,  2531520, c851e37680ae70957225c842024ad5e9
0,        185,        185,        1,  2531520, c851e37680ae70957225c842024ad5e9
0,        186,        186,        1,  2531520, adbf17f62f0037789e75b8ff9399dc8e
0,        187,        187,        1,  2531520, adbf17f62f0037789e75b8ff9399dc8e
0,        188,        188,        1,  2531520, adbf17f62f0037789e75b8ff9399dc8e
0,        189,        189,        1,  2531520, 4c82801201ca42bafea68c7d86c41e37
0,        190,        190,        1,  2531520, 4c82801201ca42bafea68c7d86c41e37
0,        191,        191,        1,  2531520, 4c82801201ca42bafea68c7d86c41e37
0,        192,        192,        1,  2531520, d20cde37b9cb403aca9dc840fe7e6ef7
0,        193,        193,        1,  2531520, d20cde37b9cb403aca9dc840fe7e6ef7
0,        194,        194,        1,  2531520, d20cde37b9cb403aca9dc840fe7e6ef7
0,        195,        195,        1,  2531520, 15bf33ced7ee7fe98cf56c8102064ea9
0,        196,        196,        1,  2531520, 15bf33ced7ee7fe98cf56c8102064ea9
0,        197,        197,        1,  2531520, 15bf33ced7ee7fe98cf56c8102064ea9
0,        198,        198,        1,  2531520, 456c7dd6b4b977bc1a3f2b972ac44d51
0,        199,        199,        1,  2531520, 456c7dd6b4b977bc1a3f2b972ac44d51
0,        200,        200,        1,  2531520, 456c7dd6b4b977bc1a3f2b972ac44d51
0,        201,        201,        1,  2531520, 4f452833293a92b316048ceadc615d12
0,        202,        202,        1,  2531520, 4f452833293a92b316048ceadc615d12
0,        203,        203,        1,  2531520, 4f452833293a92b316048ceadc615d12
0,        204,        204,        1,  2531520, 78121c9042a215500611722b2c9f2db7
0,        205,        205,        1,  2531520, 78121c9042a215500611722b2c9f2db7
0,        206,        206,        1,  2531520, 78121c9042a215500611722b2c9f2db7
0,        207,        207,        1,  2531520, e0eea1cd30e8cf51ce328e658aed2993
0,        208,        208,        1,  2531520, e0eea1cd30e8cf51ce328e658aed2993
0,        209,        209,        1,  2531520, e0eea1cd30e8cf51ce328e658aed2993
0,        210,        210,        1,  2531520, 7308a39121b0c1b84cb465f18723cc52
0,        211,        211,        1,  2531520, 7308a39121b0c1b84cb465f18723cc52
0,        212,        212,        1,  2531520, 7308a39121b0c1b84cb465f18723cc52
0,        213,        213,        1,  2531520, 36d2c29af0001294d480869045912f45
0,        214,        214,        1,  2531520, 36d2c29af0001294d480869045912f45
0,        215,        215,        1,  2531520, 36d2c29af0001294d480869045912f45
0,        216,        216,        1,  2531520, 2d85588d0c5d261a2b04feaf6c605409
0,        217,        217,        1,  2531520, 2d85588d0c5d261a2b04feaf6c605409
0,        218,        218,        1,  2531520, 6b15387112b9489a3900fc764d490bc4
0,        219,        219,        1,  2531520, 6b15387112b9489a3900fc764d490bc4
0,        220,        220,        1,  2531520, 6b15387112b9489a3900fc764d490bc4
0,        221,        221,        1,  2531520, 2b855c1e40b5cfe528ee3db806c5863b
0,        222,        222,        1,  2531520, 2b855c1e40b5cfe528ee3db806c5863b
0,        223,        223,        1,  2531520, 2b855c1e40b5cfe528ee3db806c5863b
0,        224,        224,        1,  2531520, 2b855c1e40b5cfe528ee3db806c5863b
0,        225,        225,        1,  2531520, 70626d8b3660900b1c8e3e91e020af7a
0,        226,        226,        1,  2531520, 70626d8b3660900b1c8e3e91e020af7a
0,        227,        227,        1,  2531520, 70626d8b3660900b1c8e3e91e020af7a
0,        228,        228,        1,  2531520, d73edece8ffb34fd52a056555082480f
0,        229,        229,        1,  2531520, d73edece8ffb34fd52a056555082480f
0,        230,        230,        1,  2531520, d73edece8ffb34fd52a056555082480f
0,        231,        231,        1,  2531520, c2acf981107e38fac76ed92191447166
0,        232,        232,        1,  2531520, c2acf981107e38fac76ed92191447166
0,        233,        233,        1,  2531520, c2acf981107e38fac76ed92191447166
0,        234,        234,        1,  2531520, c0ee11636dff1a762e93e1a554c2a9ec
0,        235,        235,        1,  2531520, c0ee11636dff1a762e93e1a554c2a9ec
0,        236,        236,        1,  2531520, c0ee11636dff1a762e93e1a554c2a9ec
0,        237,        237,        1,  2531520, 6104f72c25a27a118e3511e1b9c946f1
0,        238,        238,        1,  2531520, 6104f72c25a27a118e3511e1b9c946f1
0,        239,        239,        1,  2531520, 6104f72c25a27a118e3511e1b9c946f1
0,        240,        240,        1,  2531520, 2aeb0c0c5d33c877ef4d2da4d9494d26
0,        241,        241,        1,  2531520, 2aeb0c0c5d33c877ef4d2da4d9494d26
0,        242,        242,        1,  2531520, 2aeb0c0c5d33c877ef4d2da4d9494d26
0,        243,        243,        1,  2531520, 8a26e4c2109e6ee2a6f47aea403aa137
0,        244,        244,        1,  2531520, 8a26e4c2109e6ee2a6f47aea403aa137
0,        245,        245,        1,  2531520, 8a26e4c2109e6ee2a6f47aea403aa137
0,        246,        246,        1,  2531520, c04c1d5d27aa5fc270882ec168ed1e7a
0,        247,        247,        1,  2531520, c04c1d5d27aa5fc270882ec168ed1e7a
0,        248,        248,        1,  2531520, c04c1d5d27aa5fc270882ec168ed1e7a
0,        249,        249,        1,  2531520, 4b9c81bc6eec21f2d2517c48135f448f
0,        250,        250,        1,  2531520, 4b9c81bc6eec21f2d2517c48135f448f
0,        251,        251,        1,  2531520, 4b9c81bc6eec21f2d2517c48135f448f
0,        252,        252,        1,  2531520, 92d84608079a7afc5381154e9e8c2274
0,        253,        253,        1,  2531520, 92d84608079a7afc5381154e9e8c2274
0,        254,        254,        1,  2531520, 92d84608079a7afc5381154e9e8c2274
0,        255,        255,        1,  2531520, 455f67860e49632ea539f4dce610ecec
0,        256,        256,        1,  2531520, 455f67860e49632ea539f4dce610ecec
0,        257,        257,        1,  2531520, 455f67860e49632ea539f4dce610ecec
0,        258,        258,        1,  2531520, 77024802b28f2c378492d3bef764cd22
0,        259,        259,        1,  2531520, 77024802b28f2c378492d3bef764cd22
0,        260,        260,        1,  2531520, 77024802b28f2c378492d3bef764cd22
0,        261,        261,        1,  2531520, 89c616c338e17636067666b512d1ae5c
0,        262,        262,        1,  2531520, 89c616c338e17636067666b512d1ae5c
0,        263,        263,        1,  2531520, 89c616c338e17636067666b512d1ae5c
0,        264,        264,        1,  2531520, da50b896c09c1881653cf1ff91807382
0,        265,        265,        1,  2531520, da50b896c09c1881653cf1ff91807382
0,        266,        266,        1,  2531520, eb9505e4f4f9eeda0add4101ba41698c
0,        267,        267,        1,  2531520, eb9505e4f4f9eeda0add4101ba41698c
0,        268,        268,        1,  2531520, eb9505e4f4f9eeda0add4101ba41698c
0,        269,        269,        1,  2531520, 29171f8b1cb3800ccb932fef0dc3d7f8
0,        270,        270,        1,  2531520, 29171f8b1cb3800ccb932fef0dc3d7f8
0,        271,        271,        1,  2531520, 29171f8b1cb3800ccb932fef0dc3d7f8
0,        272,        272,        1,  2531520, 29171f8b1cb3800ccb932fef0dc3d7f8
0,        273,        273,        1,  2531520, f47f0e5b3715c4a2ecf82fe6cde04803
0,        274,        274,        1,  2531520, f47f0e5b3715c4a2ecf82fe6cde04803
0,        275,        275,        1,  2531520, f47f0e5b3715c4a2ecf82fe6cde04803
0,        276,        276,        1,  2531520, 536cf0f779eccdaf214b391a9f3e25be
0,        277,        277,        1,  2531520, 536cf0f779eccdaf214b391a9f3e25be
0,        278,        278,        1,  2531520, 536cf0f779eccdaf214b391a9f3e25be
0,        279,        279,        1,  2531520, c12381dfcd86e2720131ee251576c2b1
0,        280,        280,        1,  2531520, c12381dfcd86e2720131ee251576c2b1
0,        281,        281,        1,  2531520, c12381dfcd86e2720131ee251576c2b1
0,        282,        282,        1,  2531520, 75d70374369fa33820cc17ec40448b8c
0,        283,        283,        1,  2531520, 75d70374369fa33820cc17ec40448b8c
0,        284,        284,        1,  2531520, 75d70374369fa33820cc17ec40448b8c
0,        285,        285,        1,  2531520, eeee1e50df6baf03726556b9a9fc8c31
0,        286,        286,        1,  2531520, eeee1e50df6baf03726556b9a9fc8c31
0,        287,        287,        1,  2531520, eeee1e50df6baf03726556b9a9fc8c31
0,        288,        288,        1,  2531520, 499b65d01a1587ece41fd162f07e0c58
0,        289,        289,        1,  2531520, 499b65d01a1587ece41fd162f07e0c58
0,        290,        290,        1,  2531520, 499b65d01a1587ece41fd162f07e0c58
0,        291,        291,        1,  2531520, a47f1155c842e6a57903dcf363fd945e
0,        292,        292,        1,  2531520, a47f1155c842e6a57903dcf363fd945e
0,        293,        293,        1,  2531520, a47f1155c842e6a57903dcf363fd945e
0,        294,        294,        1,  2531520, ff715ed5cc5286c00940bb2d2ab6cfd4
0,        295,        295,        1,  2531520, ff715ed5cc5286c00940bb2d2ab6cfd4
0,        296,        296,        1,  2531520, ff715ed5cc5286c00940bb2d2ab6cfd4
0,        297,        297,        1,  2531520, 7891bb63ce3166eb7c495b6897fc732d
0,        298,        298,        1,  2531520, 7891bb63ce3166eb7c495b6897fc732d
0,        299,        299,        1,  2531520, 7891bb63ce3166eb7c495b6897fc732d
0,        300,        300,        1,  2531520, 626be910c76ac38ddd3a6b62c3e73e87
0,        301,        301,        1,  2531520, 626be910c76ac38ddd3a6b62c3e73e87
0,        302,        302,        1,  2531520, 626be910c76ac38ddd3a6b62c3e73e87
0,        303,        303,        1,  2531520, 47a1e9e78ddd81d8954d9443a96f1f2e
0,        304,        304,        1,  2531520, 47a1e9e78ddd81d8954d9443a96f1f2e
0,        305,        305,        1,  2531520, 47a1e9e78ddd81d8954d9443a96f1f2e
0,        306,        306,        1,  2531520, ae090da451662c26b955d09e7d85502e
0,        307,        307,        1,  2531520, ae090da451662c26b955d09e7d85502e
0,        308,        308,        1,  2531520, ae090da451662c26b955d09e7d85502e
0,        309,        309,        1,  2531520, f9ac2ae89d50b5021f5064110a37dc38
0,        310,        310,        1,  2531520, f9ac2ae89d50b5021f5064110a37dc38
0,        311,        311,        1,  2531520, f9ac2ae89d50b5021f5064110a37dc38
0,        312,        312,        1,  2531520, c7b84d5492e255af88345653bf731f8f
0,        313,        313,        1,  2531520, c7b84d5492e255af88345653bf731f8f
0,        314,        314,        1,  2531520, b30a200ef0ee19e5901fd27d5b5e1ec0
0,        315,        315,        1,  2531520, b30a200ef0ee19e5901fd27d5b5e1ec0
0,        316,        316,        1,  2531520, b30a200ef0ee19e5901fd27d5b5e1ec0
0,        317,        317,        1,  2531520, efd5f5f11e6b57e4bac4ddf1f32f5893
0,        318,        318,        1,  2531520, efd5f5f11e6b57e4bac4ddf1f32f5893
0,        319,        319,        1,  2531520, efd5f5f11e6b57e4bac4ddf1f32f5893
0,        320,        320,        1,  2531520, efd5f5f11e6b57e4bac4ddf1f32f5893
0,        321,        321,        1,  2531520, a8909c55e0b18d531aee0c39ef1675ba
0,        322,        322,        1,  2531520, a8909c55e0b18d531aee0c39ef1675ba
0,        323,        323,        1,  2531520, a8909c55e0b18d531aee0c39ef1675ba
0,        324,        324,        1,  2531520, e41a1a9b350d591e29cbce1da1746435
0,        325,        325,        1,  2531520, e41a1a9b350d591e29cbce1da1746435
0,        326,        326,        1,  2531520, e41a1a9b350d591e29cbce1da1746435
0,        327,        327,        1,  2531520, a99ad38938419a3b10d5688c2c5d66ca
0,        328,        328,        1,  2531520, a99ad38938419a3b10d5688c2c5d66ca
0,        329,        329,        1,  2531520, a99ad38938419a3b10d5688c2c5d66ca
0,        330,        330,        1,  2531520, 706a60ae4521983d1ccba1180dffbe83
0,        331,        331,        1,  2531520, 706a60ae4521983d1ccba1180dffbe83
0,        332,        332,        1,  2531520, 706a60ae4521983d1ccba1180dffbe83
0,        333,        333,        1,  2531520, 0403e8bf6a353095beaadcfa6cd2fe3a
0,        334,        334,        1,  2531520, 0403e8bf6a353095beaadcfa6cd2fe3a
0,        335,        335,        1,  2531520, 0403e8bf6a353095beaadcfa6cd2fe3a
0,        336,        336,        1,  2531520, 89aee674e8d6c1213450cdfab73c3026
0,        337,        337,        1,  2531520, 89aee674e8d6c1213450cdfab73c3026
0,        338,        338,        1,  2531520, 89aee674e8d6c1213450cdfab73c3026
0,        339,        339,        1,  2531520, b4390c851aeec75666b936a0f6cf6a10
0,        340,        340,        1,  2531520, b4390c851aeec75666b936a0f6cf6a10
0,        341,        341,        1,  2531520, b4390c851aeec75666b936a0f6cf6a10
0,        342,        342,        1,  2531520, a8b4d714177e19e6dc77a6497f1ed7ab
0,        343,        343,        1,  2531520, a8b4d714177e19e6dc77a6497f1ed7ab
0,        344,        344,        1,  2531520, a8b4d714177e19e6dc77a6497f1ed7ab
0,        345,        345,        1,  2531520, 7f67b066af89dd5c30f8c6443e79a31e
0,        346,        346,        1,  2531520, 7f67b066af89dd5c30f8c6443e79a31e
0,        347,        347,        1,  2531520, 7f67b066af89dd5c30f8c6443e79a31e
0,        348,        348,        1,  2531520, 955fb929d938937083b81fe4fef64721
0,        349,        349,        1,  2531520, 955fb929d938937083b81fe4fef64721
0,        350,        350,        1,  2531520, 955fb929d938937083b81fe4fef64721
0,        351,        351,        1,  2531520, dee5b2e02b4f78eebe5a0f8dee25cca0
0,        352,        352,        1,  2531520, dee5b2e02b4f78eebe5a0f8dee25cca0
0,        353,        353,        1,  2531520, dee5b2e02b4f78eebe5a0f8dee25cca0
0,        354,        354,        1,  2531520, fcf917c571f1aa979b0df348983426fa
0,        355,        355,        1,  2531520, fcf917c571f1aa979b0df348983426fa
0,        356,        356,        1,  2531520, fcf917c571f1aa979b0df348983426fa
0,        357,        357,        1,  2531520, a6eb7f670c124aff9733d90a3a9e12b3
0,        358,        358,        1,  2531520, a6eb7f670c124aff9733d90a3a9e12b3
0,        359,        359,        1,  2531520, a6eb7f670c124aff9733d90a3a9e12b3
0,        360,        360,        1,  2531520, 94abf6a4c8e65bf56ffd1a564a188a00
0,        361,        361,        1,  2531520, 94abf6a4c8e65bf56ffd1a564a188a00
0,        362,        362,        1,  2531520, b71ce2123709f52ee9de50f85f203158
0,        363,        363,        1,  2531520, b71ce2123709f52ee9de50f85f203158
0,        364,        364,        1,  2531520, b71ce2123709f52ee9de50f85f203158
0,        365,        365,        1,  2531520, 7550c5bdae2f796a4c3aaa6f83f8902b
0,        366,        366,        1,  2531520, 7550c5bdae2f796a4c3aaa6f83f8902b
0,        367,        367,        1,  2531520, 7550c5bdae2f796a4c3aaa6f83f8902b
0,        368,        368,        1,  2531520, 7550c5bdae2f796a4c3aaa6f83f8902b
0,        369,        369,        1,  2531520, e8d9a1557ec647f46b45de1602903b1b
0,        370,        370,        1,  2531520, e8d9a1557ec647f46b45de1602903b1b
0,        371,        371,        1,  2531520, e8d9a1557ec647f46b45de1602903b1b
0,        372,        372,        1,  2531520, 673e786628ebf9e1428d5fc304e2868e
0,        373,        373,        1,  2531520, 673e786628ebf9e1428d5fc304e2868e
0,        374,        374,        1,  2531520, 673e786628ebf9e1428d5fc304e2868e
0,        375,        375,        1,  2531520, 50b23abb45fcdfd0252e8bc69b96b17d
0,        376,        376,        1,  2531520, 50b23abb45fcdfd0252e8bc69b96b17d
0,        377,        377,        1,  2531520, 50b23abb45fcdfd0252e8bc69b96b17d
0,        378,        378,        1,  2531520, 00307834496143c1be3632cd95bcab67
0,        379,        379,        1,  2531520, 00307834496143c1be3632cd95bcab67
0,        380,        380,        1,  2531520, 00307834496143c1be3632cd95bcab67
0,        381,        381,        1,  2531520, 5edabbd230a68fc02f48db04d25c5fb0
0,        382,        382,        1,  2531520, 5edabbd230a68fc02f48db04d25c5fb0
0,        383,        383,        1,  2531520, 5edabbd230a68fc02f48db04d25c5fb0
0,        384,        384,        1,  2531520, 49eccd1579f462867cf9107e9c3f0209
0,        385,        385,        1,  2531520, 49eccd1579f462867cf9107e9c3f0209
0,        386,        386,        1,  2531520, 49eccd1579f462867cf9107e9c3f0209
0,        387,        387,        1,  2531520, 4b0a558598369ef9d241b94db89eee40
0,        388,        388,        1,  2531520, 4b0a558598369ef9d241b94db89eee40
0,        389,        389,        1,  2531520, 4b0a558598369ef9d241b94db89eee40
0,        390,        390,        1,  2531520, 72a0b2df61783b7a72eb0e702bf839b8
0,        391,        391,        1,  2531520, 72a0b2df61783b7a72eb0e702bf839b8
0,        392,        392,        1,  2531520, 72a0b2df61783b7a72eb0e702bf839b8
0,        393,        393,        1,  2531520, 47ac4e26d33ec75f7ba0bc1ad9190dac
0,        394,        394,        1,  2531520, 47ac4e26d33ec75f7ba0bc1ad9190dac
0,        395,        395,        1,  2531520, 47ac4e26d33ec75f7ba0bc1ad9190dac
0,        396,        396,        1,  2531520, e0199ab2bf80767ae133373a7c4acf95
0,        397,        397,        1,  2531520, e0199ab2bf80767ae133373a7c4acf95
0,        398,        398,        1,  2531520, e0199ab2bf80767ae133373a7c4acf95
0,        399,        399,        1,  2531520, eb16ce7f156bb048f3c78c0ee2422eb5
0,        400,        400,        1,  2531520, eb16ce7f156bb048f3c78c0ee2422eb5
0,        401,        401,        1,  2531520, eb16ce7f156bb048f3c78c0ee2422eb5
0,        402,        402,        1,  2531520, 27b5b25aa841be77665c5b5dfa732cae
0,        403,        403,        1,  2531520, 27b5b25aa841be77665c5b5dfa732cae
0,        404,        404,        1,  2531520, 27b5b25aa841be77665c5b5dfa732cae
0,        405,        405,        1,  2531520, 4989e4406401dbbffd448630cbacb249
0,        406,        406,        1,  2531520, 4989e4406401dbbffd448630cbacb249
0,        407,        407,        1,  2531520, 4989e4406401dbbffd448630cbacb249
0,        408,        408,        1,  2531520, f73d138f21e11eb58705e7c8fdc05af4
0,        409,        409,        1,  2531520, f73d138f21e11eb58705e7c8fdc05af4
0,        410,        410,        1,  2531520, 86671ad544b54e9e29ccb47b732f8fad
0,        411,        411,        1,  2531520, 86671ad544b54e9e29ccb47b732f8fad
0,        412,        412,        1,  2531520, 86671ad544b54e9e29ccb47b732f8fad
0,        413,        413,        1,  2531520, 91fe451ee2d2fbdd81eb834c59c9ec22
0,        414,        414,        1,  2531520, 91fe451ee2d2fbdd81eb834c59c9ec22
0,        415,        415,        1,  2531520, 91fe451ee2d2fbdd81eb834c59c9ec22
0,        416,        416,        1,  2531520, 91fe451ee2d2fbdd81eb834c59c9ec22
0,        417,        417,        1,  2531520, a3db575f7543de0ba8f58f6eab69c2ef
0,        418,        418,        1,  2531520, a3db575f7543de0ba8f58f6eab69c2ef
0,        419,        419,        1,  2531520, a3db575f7543de0ba8f58f6eab69c2ef
0,        420,        420,        1,  2531520, 6d81d15b7dad6dfe3dc1ad7e830de412
0,        421,        421,        1,  2531520, 6d81d15b7dad6dfe3dc1ad7e830de412
0,        422,        422,        1,  2531520, 6d81d15b7dad6dfe3dc1ad7e830de412
0,        423,        423,        1,  2531520, 3f44cbcf878effff7412599735952fe0
0,        424,        424,        1,  2531520, 3f44cbcf878effff7412599735952fe0
0,        425,        425,        1,  2531520, 3f44cbcf878effff7412599735952fe0
0,        426,        426,        1,  2531520, 4d3226101bc28adda8777d06c639b3a2
0,        427,        427,        1,  2531520, 4d3226101bc28adda8777d06c639b3a2
0,        428,        428,        1,  2531520, 8fc376dfb7c4f25d488cc7e936adc1a6
0,        429,        429,        1,  2531520, 8fc376dfb7c4f25d488cc7e936adc1a6
0,        430,        430,        1,  2531520, 8fc376dfb7c4f25d488cc7e936adc1a6
0,        431,        431,        1,  2531520, 8fc376dfb7c4f25d488cc7e936adc1a6
0,        432,        432,        1,  2531520, e79a2767fd18a7bce7b037e1136e691d
0,        433,        433,        1,  2531520, e79a2767fd18a7bce7b037e1136e691d
0,        434,        434,        1,  2531520, 6e38c410fc5f19cfdd2fc9e509e0bb97
0,        435,        435,        1,  2531520, 6e38c410fc5f19cfdd2fc9e509e0bb97
0,        436,        436,        1,  2531520, 6e38c410fc5f19cfdd2fc9e509e0bb97
0,        437,        437,        1,  2531520, 6e38c410fc5f19cfdd2fc9e509e0bb97
0,        438,        438,        1,  2531520, ef153db73c12776e138072e63d74dca3
0,        439,        439,        1,  2531520, ef153db73c12776e138072e63d74dca3
0,        440,        440,        1,  2531520, a0034775d1e715f0492df0e6ff9d3194
0,        441,        441,        1,  2531520, a0034775d1e715f0492df0e6ff9d3194
0,        442,        442,        1,  2531520, a0034775d1e715f0492df0e6ff9d3194
0,        443,        443,        1,  2531520, a0034775d1e715f0492df0e6ff9d3194
0,        444,        444,        1,  2531520, 408911bf61fc19826926656a03aeca57
0,        445,        445,        1,  2531520, 408911bf61fc19826926656a03aeca57
0,        446,        446,        1,  2531520, 29ee92ef50736cefba0d0440527e15b9
0,        447,        447,        1,  2531520, 29ee92ef50736cefba0d0440527e15b9
0,        448,        448,        1,  2531520, 29ee92ef50736cefba0d0440527e15b9
0,        449,        449,        1,  2531520, 29ee92ef50736cefba0d0440527e15b9
0,        450,        450,        1,  2531520, c4ba53a2f2710725ce15f76f2c207083
0,        451,        451,        1,  2531520, c4ba53a2f2710725ce15f76f2c207083
0,        452,        452,        1,  2531520, 514bfe49a1ea52415f39b0dbc205e65a
0,        453,        453,        1,  2531520, 514bfe49a1ea52415f39b0dbc205e65a
0,        454,        454,        1,  2531520, 514bfe49a1ea52415f39b0dbc205e65a
0,        455,        455,        1,  2531520, 514bfe49a1ea52415f39b0dbc205e65a
0,        456,        456,        1,  2531520, c24836f3b6e01ce1fdc4adc2235c3d67
0,        457,        457,        1,  2531520, c24836f3b6e01ce1fdc4adc2235c3d67
0,        458,        458,        1,  2531520, 35b5341716189275859cb2829377b99e
0,        459,        459,        1,  2531520, 35b5341716189275859cb2829377b99e
0,        460,        460,        1,  2531520, 35b5341716189275859cb2829377b99e
0,        461,        461,        1,  2531520, 485d7be2308f09e1b7eb8a400f7e1d78
0,        462,        462,        1,  2531520, 485d7be2308f09e1b7eb8a400f7e1d78
0,        463,        463,        1,  2531520, 485d7be2308f09e1b7eb8a400f7e1d78
0,        464,        464,        1,  2531520, 2150abec60cde129951c131d16ac1925
0,        465,        465,        1,  2531520, 2150abec60cde129951c131d16ac1925
0,        466,        466,        1,  2531520, 2150abec60cde129951c131d16ac1925
0,        467,        467,        1,  2531520, 2150abec60cde129951c131d16ac1925
0,        468,        468,        1,  2531520, e250d332e15cd1184df14ca4475ede2f
0,        469,        469,        1,  2531520, e250d332e15cd1184df14ca4475ede2f
0,        470,        470,        1,  2531520, ec662135af5e2c5074589dd1c080e167
0,        471,        471,        1,  2531520, ec662135af5e2c5074589dd1c080e167
0,        472,        472,        1,  2531520, ec662135af5e2c5074589dd1c080e167
0,        473,        473,        1,  2531520, ec662135af5e2c5074589dd1c080e167
0,        474,        474,        1,  2531520, b3913f5509467d62a9d90f6d25d1dfa8
0,        475,        475,        1,  2531520, b3913f5509467d62a9d90f6d25d1dfa8
0,        476,        476,        1,  2531520, 8fecee452f6ca3089aa128e390fea47a
0,        477,        477,        1,  2531520, 8fecee452f6ca3089aa128e390fea47a
0,        478,        478,        1,  2531520, 8fecee452f6ca3089aa128e390fea47a
0,        479,        479,        1,  2531520, 8fecee452f6ca3089aa128e390fea47a
0,        480,        480,        1,  2531520, 594e88ab155f0b254425a5d8690d8630
0,        481,        481,        1,  2531520, 594e88ab155f0b254425a5d8690d8630
0,        482,        482,        1,  2531520, 7b2e4adbbfd6236e314f5bf0b4b5e5cd
0,        483,        483,        1,  2531520, 7b2e4adbbfd6236e314f5bf0b4b5e5cd
0,        484,        484,        1,  2531520, 7b2e4adbbfd6236e314f5bf0b4b5e5cd
0,        485,        485,        1,  2531520, 7b2e4adbbfd6236e314f5bf0b4b5e5cd
0,        486,        486,        1,  2531520, 2bd8af2c75921a8e12d84175a6af7040
0,        487,        487,        1,  2531520, 2bd8af2c75921a8e12d84175a6af7040
0,        488,        488,        1,  2531520, 7c06dd2311804b2cfe026e0b0d6dd8e9
0,        489,        489,        1,  2531520, 7c06dd2311804b2cfe026e0b0d6dd8e9
0,        490,        490,        1,  2531520, 7c06dd2311804b2cfe026e0b0d6dd8e9
0,        491,        491,        1,  2531520, 7c06dd2311804b2cfe026e0b0d6dd8e9
0,        492,        492,        1,  2531520, c087e56de0f084f7e4d714e30b7f17b3
0,        493,        493,        1,  2531520, c087e56de0f084f7e4d714e30b7f17b3
0,        494,        494,        1,  2531520, 87ddd35cd2e78f7f3f4f5005c3898909
0,        495,        495,        1,  2531520, 87ddd35cd2e78f7f3f4f5005c3898909
0,        496,        496,        1,  2531520, 87ddd35cd2e78f7f3f4f5005c3898909
0,        497,        497,        1,  2531520, 87ddd35cd2e78f7f3f4f5005c3898909
0,        498,        498,        1,  2531520, f08c3e3710350ee0968584fad7d0cc44
0,        499,        499,        1,  2531520, f08c3e3710350ee0968584fad7d0cc44
0,        500,        500,        1,  2531520, 826dc59897892854a1e13073bdc5c949
0,        501,        501,        1,  2531520, 826dc59897892854a1e13073bdc5c949
0,        502,        502,        1,  2531520, 826dc59897892854a1e13073bdc5c949
0,        503,        503,        1,  2531520, 826dc59897892854a1e13073bdc5c949
0,        504,        504,        1,  2531520, c4902831eff011f5fdb5896dfa95d7b3
0,        505,        505,        1,  2531520, c4902831eff011f5fdb5896dfa95d7b3
0,        506,        506,        1,  2531520, 0c074bb18591b5ca9592d8c5c2967fa0
0,        507,        507,        1,  2531520, 0c074bb18591b5ca9592d8c5c2967fa0
0,        508,        508,        1,  2531520, 0c074bb18591b5ca9592d8c5c2967fa0
0,        509,        509,        1,  2531520, 650122d815b16e715a82ff551b4dd674
0,        510,        510,        1,  2531520, 650122d815b16e715a82ff551b4dd674
0,        511,        511,        1,  2531520, 650122d815b16e715a82ff551b4dd674
0,        512,        512,        1,  2531520, e8a312a2e529045c60ce3b471d7cfbd5
0,        513,        513,        1,  2531520, e8a312a2e529045c60ce3b471d7cfbd5
0,        514,        514,        1,  2531520, e8a312a2e529045c60ce3b471d7cfbd5
0,        515,        515,        1,  2531520, e8a312a2e529045c60ce3b471d7cfbd5
0,        516,        516,        1,  2531520, ab76deb5dbb795f588af47038371cb98
0,        517,        517,        1,  2531520, ab76deb5dbb795f588af47038371cb98
0,        518,        518,        1,  2531520, ab76deb5dbb795f588af47038371cb98
0,        519,        519,        1,  2531520, e9a07c503f971a7528b84cfde98549b9
0,        520,        520,        1,  2531520, e9a07c503f971a7528b84cfde98549b9
0,        521,        521,        1,  2531520, e9a07c503f971a7528b84cfde98549b9
0,        522,        522,        1,  2531520, f2f59f3916b8758985ae97416603e136
0,        523,        523,        1,  2531520, f2f59f3916b8758985ae97416603e136
0,        524,        524,        1,  2531520, f2f59f3916b8758985ae97416603e136
0,        525,        525,        1,  2531520, 6619227f1d88262d3cb6e80256f46c1c
0,        526,        526,        1,  2531520, 6619227f1d88262d3cb6e80256f46c1c
0,        527,        527,        1,  2531520, 6619227f1d88262d3cb6e80256f46c1c
0,        528,        528,        1,  2531520, 1b7f1d087e0a3c877d848d655e1c014d
0,        529,        529,        1,  2531520, 1b7f1d087e0a3c877d848d655e1c014d
0,        530,        530,        1,  2531520, 4fbea2158e63e5275c7cdb7d5b346262
0,        531,        531,        1,  2531520, 4fbea2158e63e5275c7cdb7d5b346262
0,        532,        532,        1,  2531520, 4fbea2158e63e5275c7cdb7d5b346262
0,        533,        533,        1,  2531520, 4fbea2158e63e5275c7cdb7d5b346262
0,        534,        534,        1,  2531520, 4c0cb7fca9320914415779ae890319bb
0,        535,        535,        1,  2531520, 4c0cb7fca9320914415779ae890319bb
0,        536,        536,        1,  2531520, 0ad75c331b64c034894f8e59f58aedea
0,        537,        537,        1,  2531520, 0ad75c331b64c034894f8e59f58aedea
0,        538,        538,        1,  2531520, 0ad75c331b64c034894f8e59f58aedea
0,        539,        539,        1,  2531520, 0ad75c331b64c034894f8e59f58aedea
0,        540,        540,        1,  2531520, 1cae12c9c8710dfe1d04d3e9bf3cdd0f
0,        541,        541,        1,  2531520, 1cae12c9c8710dfe1d04d3e9bf3cdd0f
0,        542,        542,        1,  2531520, ed5dffe18f97f5c0f779244b5dd3bc1a
0,        543,        543,        1,  2531520, ed5dffe18f97f5c0f779244b5dd3bc1a
0,        544,        544,        1,  2531520, ed5dffe18f97f5c0f779244b5dd3bc1a
0,        545,        545,        1,  2531520, ed5dffe18f97f5c0f779244b5dd3bc1a
0,        546,        546,        1,  2531520, d3baf1bb1965de1012682b053aafeee6
0,        547,        547,        1,  2531520, d3baf1bb1965de1012682b053aafeee6
0,        548,        548,        1,  2531520, 20fc45336cd2b43be7bc9abe933398f7
0,        549,        549,        1,  2531520, 20fc45336cd2b43be7bc9abe933398f7
0,        550,        550,        1,  2531520, 20fc45336cd2b43be7bc9abe933398f7
0,        551,        551,        1,  2531520, 20fc45336cd2b43be7bc9abe933398f7
0,        552,        552,        1,  2531520, d6e35c78fcb77c118578cafefefa9cad
0,        553,        553,        1,  2531520, d6e35c78fcb77c118578cafefefa9cad
0,        554,        554,        1,  2531520, 909e9c2c137320b20d4afbdbd5f5f35c
0,        555,        555,        1,  2531520, 909e9c2c137320b20d4afbdbd5f5f35c
0,        556,        556,        1,  2531520, 909e9c2c137320b20d4afbdbd5f5f35c
0,        557,        557,        1,  2531520, 26b3421daebd3135e920e60b8cfe441c
0,        558,        558,        1,  2531520, 26b3421daebd3135e920e60b8cfe441c
0,        559,        559,        1,  2531520, 26b3421daebd3135e920e60b8cfe441c
0,        560,        560,        1,  2531520, 99da9fa4217d1d100113b5f6655816e5
0,        561,        561,        1,  2531520, 99da9fa4217d1d100113b5f6655816e5
0,        562,        562,        1,  2531520, 99da9fa4217d1d100113b5f6655816e5
0,        563,        563,        1,  2531520, 99da9fa4217d1d100113b5f6655816e5
0,        564,        564,        1,  2531520, 0d4809688f98d53cf83ae9beb10d3cb5
0,        565,        565,        1,  2531520, 0d4809688f98d53cf83ae9beb10d3cb5
0,        566,        566,        1,  2531520, 1486bfc788f0f12a4247cd456c975c82
0,        567,        567,        1,  2531520, 1486bfc788f0f12a4247cd456c975c82
0,        568,        568,        1,  2531520, 1486bfc788f0f12a4247cd456c975c82
0,        569,        569,        1,  2531520, 1486bfc788f0f12a4247cd456c975c82
0,        570,        570,        1,  2531520, 1092f4880547ac52ef04cc4cc9e02344
0,        571,        571,        1,  2531520, 1092f4880547ac52ef04cc4cc9e02344
0,        572,        572,        1,  2531520, a968f13689a17c4b1a27bd4ba2c1070f
0,        573,        573,        1,  2531520, a968f13689a17c4b1a27bd4ba2c1070f
0,        574,        574,        1,  2531520, a968f13689a17c4b1a27bd4ba2c1070f
0,        575,        575,        1,  2531520, a968f13689a17c4b1a27bd4ba2c1070f
0,        576,        576,        1,  2531520, c6dfbfc71b1f47598b701acc05ab6bab
0,        577,        577,        1,  2531520, c6dfbfc71b1f47598b701acc05ab6bab
0,        578,        578,        1,  2531520, 6686f8153b95b064a0b921570203e9df
0,        579,        579,        1,  2531520, 6686f8153b95b064a0b921570203e9df
0,        580,        580,        1,  2531520, 6686f8153b95b064a0b921570203e9df
0,        581,        581,        1,  2531520, 6686f8153b95b064a0b921570203e9df
0,        582,        582,        1,  2531520, 5b3c0a050a3676bfdc98b94ad6bf2822
0,        583,        583,        1,  2531520, 5b3c0a050a3676bfdc98b94ad6bf2822
0,        584,        584,        1,  2531520, 4d586b92eca3a1b73f0418b2c54ce5cb
0,        585,        585,        1,  2531520, 4d586b92eca3a1b73f0418b2c54ce5cb
0,        586,        586,        1,  2531520, 4d586b92eca3a1b73f0418b2c54ce5cb
0,        587,        587,        1,  2531520, 4d586b92eca3a1b73f0418b2c54ce5cb
0,        588,        588,        1,  2531520, c541e72bc631c519cd961593aa855e81
0,        589,        589,        1,  2531520, c541e72bc631c519cd961593aa855e81
0,        590,        590,        1,  2531520, e549c6fa8b7594616d07451485ca2635
0,        591,        591,        1,  2531520, e549c6fa8b7594616d07451485ca2635
0,        592,        592,        1,  2531520, e549c6fa8b7594616d07451485ca2635
0,        593,        593,        1,  2531520, e549c6fa8b7594616d07451485ca2635
0,        594,        594,        1,  2531520, e0fa660a84449cd12b30edc1b5b33d3b
0,        595,        595,        1,  2531520, e0fa660a84449cd12b30edc1b5b33d3b
0,        596,        596,        1,  2531520, 0131b6a728188c6055bee2bdeb5d5764
0,        597,        597,        1,  2531520, 0131b6a728188c6055bee2bdeb5d5764
0,        598,        598,        1,  2531520, 0131b6a728188c6055bee2bdeb5d5764
0,        599,        599,        1,  2531520, 0131b6a728188c6055bee2bdeb5d5764
0,        600,        600,        1,  2531520, cb283bca3017abd40dcb611c6df6d7c6
0,        601,        601,        1,  2531520, cb283bca3017abd40dcb611c6df6d7c6
0,        602,        602,        1,  2531520, 5d702ac98f2127df2c3a0820e7d2bef0
0,        603,        603,        1,  2531520, 5d702ac98f2127df2c3a0820e7d2bef0
0,        604,        604,        1,  2531520, 5d702ac98f2127df2c3a0820e7d2bef0
0,        605,        605,        1,  2531520, 60df5308273109d87f71a6870f5bdcd3
0,        606,        606,        1,  2531520, 60df5308273109d87f71a6870f5bdcd3
0,        607,        607,        1,  2531520, 60df5308273109d87f71a6870f5bdcd3
0,        608,        608,        1,  2531520, ee25457580be98f283ec4bde886dff75
0,        609,        609,        1,  2531520, ee25457580be98f283ec4bde886dff75
0,        610,        610,        1,  2531520, ee25457580be98f283ec4bde886dff75
0,        611,        611,        1,  2531520, ee25457580be98f283ec4bde886dff75
0,        612,        612,        1,  2531520, 03fa90948d4b771e2544ca784b062f2b
0,        613,        613,        1,  2531520, 03fa90948d4b771e2544ca784b062f2b
0,        614,        614,        1,  2531520, bfbeadc4322389eb0b3b6c7379c0d05e
0,        615,        615,        1,  2531520, bfbeadc4322389eb0b3b6c7379c0d05e
0,        616,        616,        1,  2531520, bfbeadc4322389eb0b3b6c7379c0d05e
0,        617,        617,        1,  2531520, bfbeadc4322389eb0b3b6c7379c0d05e
0,        618,        618,        1,  2531520, b12f66ad33013d3ebe62f17945070c26
0,        619,        619,        1,  2531520, b12f66ad33013d3ebe62f17945070c26
0,        620,        620,        1,  2531520, 445d4edd8d11a41e1f0cbec8d0a58cab
0,        621,        621,        1,  2531520, 445d4edd8d11a41e1f0cbec8d0a58cab
0,        622,        622,        1,  2531520, 445d4edd8d11a41e1f0cbec8d0a58cab
0,        623,        623,        1,  2531520, 445d4edd8d11a41e1f0cbec8d0a58cab
0,        624,        624,        1,  2531520, b8413e8effae2f8b7b26a69800ecf522
0,        625,        625,        1,  2531520, b8413e8effae2f8b7b26a69800ecf522
0,        626,        626,        1,  2531520, 8a956768ab43014c96ec4f3809388fcf
0,        627,        627,        1,  2531520, 8a956768ab43014c96ec4f3809388fcf
0,        628,        628,        1,  2531520, 8a956768ab43014c96ec4f3809388fcf
0,        629,        629,        1,  2531520, 8a956768ab43014c96ec4f3809388fcf
0,        630,        630,        1,  2531520, 42b7b34e7521f35c337fd1be90158a55
0,        631,        631,        1,  2531520, 42b7b34e7521f35c337fd1be90158a55
0,        632,        632,        1,  2531520, 4a14ee43940f6af3a3e079e324157340
0,        633,        633,        1,  2531520, 4a14ee43940f6af3a3e079e324157340
0,        634,        634,        1,  2531520, 4a14ee43940f6af3a3e079e324157340
0,        635,        635,        1,  2531520, 4a14ee43940f6af3a3e079e324157340
0,        636,        636,        1,  2531520, dbb605771506d39fef12287224390b8e
0,        637,        637,        1,  2531520, dbb605771506d39fef12287224390b8e
0,        638,        638,        1,  2531520, 8230950f72e9ae03e2b6473125c14c56
0,        639,        639,        1,  2531520, 8230950f72e9ae03e2b6473125c14c56
0,        640,        640,        1,  2531520, 8230950f72e9ae03e2b6473125c14c56
0,        641,        641,        1,  2531520, 8230950f72e9ae03e2b6473125c14c56
0,        642,        642,        1,  2531520, 899d0b2b114e1526895a07bd6350efb0
0,        643,        643,        1,  2531520, 899d0b2b114e1526895a07bd6350efb0
0,        644,        644,        1,  2531520, 7b0a8635e5529914096532a983bf7299
0,        645,        645,        1,  2531520, 7b0a8635e5529914096532a983bf7299
0,        646,        646,        1,  2531520, 7b0a8635e5529914096532a983bf7299
0,        647,        647,        1,  2531520, 7b0a8635e5529914096532a983bf7299
0,        648,        648,        1,  2531520, 044c13832862a85dce37e115c22ae25f
0,        649,        649,        1,  2531520, 044c13832862a85dce37e115c22ae25f
0,        650,        650,        1,  2531520, 34ddf8a6408fcdd3ec0bf340c107aca3
0,        651,        651,        1,  2531520, 34ddf8a6408fcdd3ec0bf340c107aca3
0,        652,        652,        1,  2531520, 34ddf8a6408fcdd3ec0bf340c107aca3
0,        653,        653,        1,  2531520, cf2eb267305efa8a25eddef2a26beec3
0,        654,        654,        1,  2531520, cf2eb267305efa8a25eddef2a26beec3
0,        655,        655,        1,  2531520, cf2eb267305efa8a25eddef2a26beec3
0,        656,        656,        1,  2531520, 47e38ec970c47b8bc9916f77f39d2542
0,        657,        657,        1,  2531520, 47e38ec970c47b8bc9916f77f39d2542
0,        658,        658,        1,  2531520, 47e38ec970c47b8bc9916f77f39d2542
0,        659,        659,        1,  2531520, 078f8f0c82e5027fe285d32d6d5e5103
0,        660,        660,        1,  2531520, 078f8f0c82e5027fe285d32d6d5e5103
0,        661,        661,        1,  2531520, 078f8f0c82e5027fe285d32d6d5e5103
0,        662,        662,        1,  2531520, a20d73d9fa2e83ce0575b7469ba753f1
0,        663,        663,        1,  2531520, a20d73d9fa2e83ce0575b7469ba753f1
0,        664,        664,        1,  2531520, a20d73d9fa2e83ce0575b7469ba753f1
0,        665,        665,        1,  2531520, a559959227316e9461eafda0ce1e0c6b
0,        666,        666,        1,  2531520, a559959227316e9461eafda0ce1e0c6b
0,        667,        667,        1,  2531520, a559959227316e9461eafda0ce1e0c6b
0,        668,        668,        1,  2531520, bd5b8659c7d3d062050471d4a201c196
0,        669,        669,        1,  2531520, bd5b8659c7d3d062050471d4a201c196
0,        670,        670,        1,  2531520, bd5b8659c7d3d062050471d4a201c196
0,        671,        671,        1,  2531520, 77a9ee66a01bd746a2581c052b8d79e8
0,        672,        672,        1,  2531520, 77a9ee66a01bd746a2581c052b8d79e8
0,        673,        673,        1,  2531520, 77a9ee66a01bd746a2581c052b8d79e8
0,        674,        674,        1,  2531520, 92bcc8154bc87167e29846601d4f3653
0,        675,        675,        1,  2531520, 92bcc8154bc87167e29846601d4f3653
0,        676,        676,        1,  2531520, 92bcc8154bc87167e29846601d4f3653
0,        677,        677,        1,  2531520, 92bcc8154bc87167e29846601d4f3653
0,        678,        678,        1,  2531520, 95e4c2d28019eb5bbb16fedeee21e186
0,        679,        679,        1,  2531520, 95e4c2d28019eb5bbb16fedeee21e186
0,        680,        680,        1,  2531520, 0743ecc512f7f4043e8fb4c95fde92bb
0,        681,        681,        1,  2531520, 0743ecc512f7f4043e8fb4c95fde92bb
0,        682,        682,        1,  2531520, 0743ecc512f7f4043e8fb4c95fde92bb
0,        683,        683,        1,  2531520, 4db309e54529642796fd7fed5c192652
0,        684,        684,        1,  2531520, 4db309e54529642796fd7fed5c192652
0,        685,        685,        1,  2531520, 4db309e54529642796fd7fed5c192652
0,        686,        686,        1,  2531520, 2bcc2c7ac01565918a2017f93f999492
0,        687,        687,        1,  2531520, 2bcc2c7ac01565918a2017f93f999492
0,        688,        688,        1,  2531520, 2bcc2c7ac01565918a2017f93f999492
0,        689,        689,        1,  2531520, 9bb273b3a81aad68d8d2b77fd4f59290
0,        690,        690,        1,  2531520, 9bb273b3a81aad68d8d2b77fd4f59290
0,        691,        691,        1,  2531520, 9bb273b3a81aad68d8d2b77fd4f59290
0,        692,        692,        1,  2531520, e119697691d71d933db9a840d55b3c56
0,        693,        693,        1,  2531520, e119697691d71d933db9a840d55b3c56
0,        694,        694,        1,  2531520, e119697691d71d933db9a840d55b3c56
0,        695,        695,        1,  2531520, 285bab065afe61b686a00ffc97faa928
0,        696,        696,        1,  2531520, 285bab065afe61b686a00ffc97faa928
0,        697,        697,        1,  2531520, 285bab065afe61b686a00ffc97faa928
0,        698,        698,        1,  2531520, d8a036a72164dd82044d2c8f3abdbbaa
0,        699,        699,        1,  2531520, d8a036a72164dd82044d2c8f3abdbbaa
0,        700,        700,        1,  2531520, d8a036a72164dd82044d2c8f3abdbbaa
0,        701,        701,        1,  2531520, 982d721c60582c0ce691d547058b24aa
0,        702,        702,        1,  2531520, 982d721c60582c0ce691d547058b24aa
0,        703,        703,        1,  2531520, 982d721c60582c0ce691d547058b24aa
0,        704,        704,        1,  2531520, 6477483ad1903610aadd96b72c0f20de
0,        705,        705,        1,  2531520, 6477483ad1903610aadd96b72c0f20de
0,        706,        706,        1,  2531520, 6477483ad1903610aadd96b72c0f20de
0,        707,        707,        1,  2531520, 40a0fa94205ad56da09d6ef3eedd1e54
0,        708,        708,        1,  2531520, 40a0fa94205ad56da09d6ef3eedd1e54
0,        709,        709,        1,  2531520, 40a0fa94205ad56da09d6ef3eedd1e54
0,        710,        710,        1,  2531520, 3291e1a2bb49cbbf4e804c79881b4912
0,        711,        711,        1,  2531520, 3291e1a2bb49cbbf4e804c79881b4912
0,        712,        712,        1,  2531520, 3291e1a2bb49cbbf4e804c79881b4912
0,        713,        713,        1,  2531520, 85b6e4dedc3bc3d7ad5ee5fa28aec7a4
0,        714,        714,        1,  2531520, 85b6e4dedc3bc3d7ad5ee5fa28aec7a4
0,        715,        715,        1,  2531520, 85b6e4dedc3bc3d7ad5ee5fa28aec7a4
0,        716,        716,        1,  2531520, 02f6763adf74bdc5e477604b5dd3de79
0,        717,        717,        1,  2531520, 02f6763adf74bdc5e477604b5dd3de79
0,        718,        718,        1,  2531520, 02f6763adf74bdc5e477604b5dd3de79
0,        719,        719,        1,  2531520, ebc424f44d6fa91fca67432ba7005ec2
0,        720,        720,        1,  2531520, ebc424f44d6fa91fca67432ba7005ec2
0,        721,        721,        1,  2531520, ebc424f44d6fa91fca67432ba7005ec2
0,        722,        722,        1,  2531520, 95eb1625389a4537f7b031421584f37e
0,        723,        723,        1,  2531520, 95eb1625389a4537f7b031421584f37e
0,        724,        724,        1,  2531520, 95eb1625389a4537f7b031421584f37e
0,        725,        725,        1,  2531520, ad62520514fae109fcc4a91047c630e1
0,        726,        726,        1,  2531520, ad62520514fae109fcc4a91047c630e1
0,        727,        727,        1,  2531520, ad62520514fae109fcc4a91047c630e1
0,        728,        728,        1,  2531520, e85ae425b423e811761328c2b54c0c64
0,        729,        729,        1,  2531520, e85ae425b423e811761328c2b54c0c64
0,        730,        730,        1,  2531520, e85ae425b423e811761328c2b54c0c64
0,        731,        731,        1,  2531520, e85ae425b423e811761328c2b54c0c64
0,        732,        732,        1,  2531520, adb81d6f50357454e0af1f1b59541b4a
0,        733,        733,        1,  2531520, adb81d6f50357454e0af1f1b59541b4a
0,        734,        734,        1,  2531520, 7e08a3f9a94826244b36d9107b035cea
0,        735,        735,        1,  2531520, 7e08a3f9a94826244b36d9107b035cea
0,        736,        736,        1,  2531520, 7e08a3f9a94826244b36d9107b035cea
0,        737,        737,        1,  2531520, 7e08a3f9a94826244b36d9107b035cea
0,        738,        738,        1,  2531520, 5c269ae58d51b96de714e2e86ca3e606
0,        739,        739,        1,  2531520, 5c269ae58d51b96de714e2e86ca3e606
0,        740,        740,        1,  2531520, 7ea9e70ed540664e83c77f87b21375f2
0,        741,        741,        1,  2531520, 7ea9e70ed540664e83c77f87b21375f2
0,        742,        742,        1,  2531520, 7ea9e70ed540664e83c77f87b21375f2
0,        743,        743,        1,  2531520, a0baaca79e3779219d57825ae7b5c612
0,        744,        744,        1,  2531520, a0baaca79e3779219d57825ae7b5c612
0,        745,        745,        1,  2531520, a0baaca79e3779219d57825ae7b5c612
0,        746,        746,        1,  2531520, 28b7785f51f4b1da8081097ac6af81af
0,        747,        747,        1,  2531520, 28b7785f51f4b1da8081097ac6af81af
0,        748,        748,        1,  2531520, 28b7785f51f4b1da8081097ac6af81af
0,        749,        749,        1,  2531520, bd6fd8f617f7173e5b4c80865fe6d435
0,        750,        750,        1,  2531520, bd6fd8f617f7173e5b4c80865fe6d435
0,        751,        751,        1,  2531520, bd6fd8f617f7173e5b4c80865fe6d435
0,        752,        752,        1,  2531520, 44148d95229dcef874aba7ef8f3ac28e
0,        753,        753,        1,  2531520, 44148d95229dcef874aba7ef8f3ac28e
0,        754,        754,        1,  2531520, 44148d95229dcef874aba7ef8f3ac28e
0,        755,        755,        1,  2531520, 6f03ba33fd4bec5f3eb9f60fff308c9e
0,        756,        756,        1,  2531520, 6f03ba33fd4bec5f3eb9f60fff308c9e
0,        757,        757,        1,  2531520, 6f03ba33fd4bec5f3eb9f60fff308c9e
0,        758,        758,        1,  2531520, 86dc8d3873bfd00ca5b2cd7fdf846563
0,        759,        759,        1,  2531520, 86dc8d3873bfd00ca5b2cd7fdf846563
0,        760,        760,        1,  2531520, 86dc8d3873bfd00ca5b2cd7fdf846563
0,        761,        761,        1,  2531520, f22a446d33d42188955c3bcc61a8b5da
0,        762,        762,        1,  2531520, f22a446d33d42188955c3bcc61a8b5da
0,        763,        763,        1,  2531520, f22a446d33d42188955c3bcc61a8b5da
0,        764,        764,        1,  2531520, 82e72c073e9fe248551c2a27c120b3dc
0,        765,        765,        1,  2531520, 82e72c073e9fe248551c2a27c120b3dc
0,        766,        766,        1,  2531520, 82e72c073e9fe248551c2a27c120b3dc
0,        767,        767,        1,  2531520, 77e71beecc808969c4e88da00e563bb3
0,        768,        768,        1,  2531520, 77e71beecc808969c4e88da00e563bb3
0,        769,        769,        1,  2531520, 77e71beecc808969c4e88da00e563bb3
0,        770,        770,        1,  2531520, 0e679921f419905f17c0100e0b2fc2f5
0,        771,        771,        1,  2531520, 0e679921f419905f17c0100e0b2fc2f5
0,        772,        772,        1,  2531520, 0e679921f419905f17c0100e0b2fc2f5
0,        773,        773,        1,  2531520, 7ecb6db66d0b0eec31c045c6e87f559e
0,        774,        774,        1,  2531520, 7ecb6db66d0b0eec31c045c6e87f559e
0,        775,        775,        1,  2531520, 7ecb6db66d0b0eec31c045c6e87f559e
0,        776,        776,        1,  2531520, de81f32bb630f98873b01afd4dc1f036
0,        777,        777,        1,  2531520, de81f32bb630f98873b01afd4dc1f036
0,        778,        778,        1,  2531520, de81f32bb630f98873b01afd4dc1f036
0,        779,        779,        1,  2531520, 096cef899cf1baafe1b5073fc0d15fd8
0,        780,        780,        1,  2531520, 096cef899cf1baafe1b5073fc0d15fd8
0,        781,        781,        1,  2531520, 096cef899cf1baafe1b5073fc0d15fd8
0,        782,        782,        1,  2531520, 9b1a26be0e65932557555e768cc237e1
0,        783,        783,        1,  2531520, 9b1a26be0e65932557555e768cc237e1
0,        784,        784,        1,  2531520, 9b1a26be0e65932557555e768cc237e1
0,        785,        785,        1,  2531520, 66608a13dc09ea7f31d278504cc7008c
0,        786,        786,        1,  2531520, 66608a13dc09ea7f31d278504cc7008c
0,        787,        787,        1,  2531520, 66608a13dc09ea7f31d278504cc7008c
0,        788,        788,        1,  2531520, 01d26811a094a9f03dea56b86cca73b6
0,        789,        789,        1,  2531520, 01d26811a094a9f03dea56b86cca73b6
0,        790,        790,        1,  2531520, 01d26811a094a9f03dea56b86cca73b6
0,        791,        791,        1,  2531520, dfaf062dcaf4b7a006dd3afadb79c7ec
0,        792,        792,        1,  2531520, dfaf062dcaf4b7a006dd3afadb79c7ec
0,        793,        793,        1,  2531520, dfaf062dcaf4b7a006dd3afadb79c7ec
0,        794,        794,        1,  2531520, 03d5c2f90cf82481e0bbc3ac9e9accd8
0,        795,        795,        1,  2531520, 03d5c2f90cf82481e0bbc3ac9e9accd8
0,        796,        796,        1,  2531520, 03d5c2f90cf82481e0bbc3ac9e9accd8
0,        797,        797,        1,  2531520, 2bb4bf690bfb2b5df7f76e9007879c8f
0,        798,        798,        1,  2531520, 2bb4bf690bfb2b5df7f76e9007879c8f
0,        799,        799,        1,  2531520, 2bb4bf690bfb2b5df7f76e9007879c8f
0,        800,        800,        1,  2531520, 638c471ffdd568d5e6889a093a712efb
0,        801,        801,        1,  2531520, 638c471ffdd568d5e6889a093a712efb
0,        802,        802,        1,  2531520, 638c471ffdd568d5e6889a093a712efb
0,        803,        803,        1,  2531520, 7e4101ab803c28825366088b7a60943b
0,        804,        804,        1,  2531520, 7e4101ab803c28825366088b7a60943b
0,        805,        805,        1,  2531520, 7e4101ab803c28825366088b7a60943b
0,        806,        806,        1,  2531520, 9adc2b3bf2c06064f71ca9b927f14da9
0,        807,        807,        1,  2531520, 9adc2b3bf2c06064f71ca9b927f14da9
0,        808,        808,        1,  2531520, 9adc2b3bf2c06064f71ca9b927f14da9
0,        809,        809,        1,  2531520, 03a0136d4ce2c5197a1e8a766ada4a22
0,        810,        810,        1,  2531520, 03a0136d4ce2c5197a1e8a766ada4a22
0,        811,        811,        1,  2531520, 03a0136d4ce2c5197a1e8a766ada4a22
0,        812,        812,        1,  2531520, 4f6bdb795d1d61b97f80ce4171383194
0,        813,        813,        1,  2531520, 4f6bdb795d1d61b97f80ce4171383194
0,        814,        814,        1,  2531520, 4f6bdb795d1d61b97f80ce4171383194
0,        815,        815,        1,  2531520, 974f0f3e7d573a150e44602e4d693d0c
0,        816,        816,        1,  2531520, 974f0f3e7d573a150e44602e4d693d0c
0,        817,        817,        1,  2531520, 974f0f3e7d573a150e44602e4d693d0c
0,        818,        818,        1,  2531520, fbef6ebd0702930b73658314dbd7bb64
0,        819,        819,        1,  2531520, fbef6ebd0702930b73658314dbd7bb64
0,        820,        820,        1,  2531520, fbef6ebd0702930b73658314dbd7bb64
0,        821,        821,        1,  2531520, e7f30a6c0684a5d8740f984459d719cc
0,        822,        822,        1,  2531520, e7f30a6c0684a5d8740f984459d719cc
0,        823,        823,        1,  2531520, e7f30a6c0684a5d8740f984459d719cc
0,        824,        824,        1,  2531520, 2d2899ad50354067780f3e4b9f892371
0,        825,        825,        1,  2531520, 2d2899ad50354067780f3e4b9f892371
0,        826,        826,        1,  2531520, 2d2899ad50354067780f3e4b9f892371
0,        827,        827,        1,  2531520, 238a17ff870c6ea62a906da9b3c1b391
0,        828,        828,        1,  2531520, 238a17ff870c6ea62a906da9b3c1b391
0,        829,        829,        1,  2531520, 238a17ff870c6ea62a906da9b3c1b391
0,        830,        830,        1,  2531520, 694553e5c3b63a47f17732f9574edb6e
0,        831,        831,        1,  2531520, 694553e5c3b63a47f17732f9574edb6e
0,        832,        832,        1,  2531520, 694553e5c3b63a47f17732f9574edb6e
0,        833,        833,        1,  2531520, be36cebc7d1b36c8f46ce06e3799334c
0,        834,        834,        1,  2531520, be36cebc7d1b36c8f46ce06e3799334c
0,        835,        835,        1,  2531520, be36cebc7d1b36c8f46ce06e3799334c
0,        836,        836,        1,  2531520, df28d19a752cd099eb5be4680e3de4be
0,        837,        837,        1,  2531520, df28d19a752cd099eb5be4680e3de4be
0,        838,        838,        1,  2531520, df28d19a752cd099eb5be4680e3de4be
0,        839,        839,        1,  2531520, daa481ad91432ce92b3159e96c75283e
0,        840,        840,        1,  2531520, daa481ad91432ce92b3159e96c75283e
0,        841,        841,        1,  2531520, daa481ad91432ce92b3159e96c75283e
0,        842,        842,        1,  2531520, ff523daddf778d9f185f2aabe13445cf
0,        843,        843,        1,  2531520, ff523daddf778d9f185f2aabe13445cf
0,        844,        844,        1,  2531520, ff523daddf778d9f185f2aabe13445cf
0,        845,        845,        1,  2531520, 64909325c5f581e8b00683e70de465b3
0,        846,        846,        1,  2531520, 64909325c5f581e8b00683e70de465b3
0,        847,        847,        1,  2531520, 64909325c5f581e8b00683e70de465b3
0,        848,        848,        1,  2531520, aac114ee0054f94887574da7823cbeb3
0,        849,        849,        1,  2531520, aac114ee0054f94887574da7823cbeb3
0,        850,        850,        1,  2531520, aac114ee0054f94887574da7823cbeb3
0,        851,        851,        1,  2531520, 5635c16e4e43ff21b9475e1f00305b42
0,        852,        852,        1,  2531520, 5635c16e4e43ff21b9475e1f00305b42
0,        853,        853,        1,  2531520, 5635c16e4e43ff21b9475e1f00305b42
0,        854,        854,        1,  2531520, f58d228dffb332bd467b93d851b56bc4
0,        855,        855,        1,  2531520, f58d228dffb332bd467b93d851b56bc4
0,        856,        856,        1,  2531520, f58d228dffb332bd467b93d851b56bc4
0,        857,        857,        1,  2531520, 652e6b9cd048b4b17ccdbc85805edeac
0,        858,        858,        1,  2531520, 652e6b9cd048b4b17ccdbc85805edeac
0,        859,        859,        1,  2531520, 652e6b9cd048b4b17ccdbc85805edeac
0,        860,        860,        1,  2531520, 38390564bc748018479fb17a12578c71
0,        861,        861,        1,  2531520, 38390564bc748018479fb17a12578c71
0,        862,        862,        1,  2531520, 38390564bc748018479fb17a12578c71
0,        863,        863,        1,  2531520, 7100ed1646c2150d6a3e2963092c0ec3
0,        864,        864,        1,  2531520, 7100ed1646c2150d6a3e2963092c0ec3
0,        865,        865,        1,  2531520, 7100ed1646c2150d6a3e2963092c0ec3
0,        866,        866,        1,  2531520, 3b551ff9dce19b96a6d21f49433ac3f1
0,        867,        867,        1,  2531520, 3b551ff9dce19b96a6d21f49433ac3f1
0,        868,        868,        1,  2531520, 3b551ff9dce19b96a6d21f49433ac3f1
0,        869,        869,        1,  2531520, 972e76dcb73288104c25401b4092d27b
0,        870,        870,        1,  2531520, 972e76dcb73288104c25401b4092d27b
0,        871,        871,        1,  2531520, 972e76dcb73288104c25401b4092d27b
0,        872,        872,        1,  2531520, e1027f77c00864e589dd925f072245fe
0,        873,        873,        1,  2531520, e1027f77c00864e589dd925f072245fe
0,        874,        874,        1,  2531520, e1027f77c00864e589dd925f072245fe
0,        875,        875,        1,  2531520, f68e4b90f11fbababebb26a7007e7d94
0,        876,        876,        1,  2531520, f68e4b90f11fbababebb26a7007e7d94
0,        877,        877,        1,  2531520, f68e4b90f11fbababebb26a7007e7d94
0,        878,        878,        1,  2531520, 0d162cd66eca38fdb7f1015576a0c2f2
0,        879,        879,        1,  2531520, 0d162cd66eca38fdb7f1015576a0c2f2
0,        880,        880,        1,  2531520, 0d162cd66eca38fdb7f1015576a0c2f2
0,        881,        881,        1,  2531520, 5e4666163465e95d59cfed62156a1396
0,        882,        882,        1,  2531520, 5e4666163465e95d59cfed62156a1396
0,        883,        883,        1,  2531520, 5e4666163465e95d59cfed62156a1396
0,        884,        884,        1,  2531520, b36bf345bd91aaa5737ce1f3431ae276
0,        885,        885,        1,  2531520, b36bf345bd91aaa5737ce1f3431ae276
0,        886,        886,        1,  2531520, b36bf345bd91aaa5737ce1f3431ae276
0,        887,        887,        1,  2531520, abfc1ffc0b75abe1e3e47bbce112c6ad
0,        888,        888,        1,  2531520, abfc1ffc0b75abe1e3e47bbce112c6ad
0,        889,        889,        1,  2531520, abfc1ffc0b75abe1e3e47bbce112c6ad
0,        890,        890,        1,  2531520, 99fb2726cd2e759fde10ed15fbc7fe4f
0,        891,        891,        1,  2531520, 99fb2726cd2e759fde10ed15fbc7fe4f
0,        892,        892,        1,  2531520, 99fb2726cd2e759fde10ed15fbc7fe4f
0,        893,        893,        1,  2531520, c0f8aaa755521b800b2bb3b9a8ffd0aa
0,        894,        894,        1,  2531520, c0f8aaa755521b800b2bb3b9a8ffd0aa
0,        895,        895,        1,  2531520, c0f8aaa755521b800b2bb3b9a8ffd0aa
0,        896,        896,        1,  2531520, 483e50fba07f3749f97b9366003e89f5
0,        897,        897,        1,  2531520, 483e50fba07f3749f97b9366003e89f5
0,        898,        898,        1,  2531520, 483e50fba07f3749f97b9366003e89f5
0,        899,        899,        1,  2531520, 2d512b78229b3f575779e44c2fb27cb7
0,        900,        900,        1,  2531520, 2d512b78229b3f575779e44c2fb27cb7
0,        901,        901,        1,  2531520, 2d512b78229b3f575779e44c2fb27cb7
0,        902,        902,        1,  2531520, 4fa4e4b845a420cb74792498843c378e
0,        903,        903,        1,  2531520, 4fa4e4b845a420cb74792498843c378e
0,        904,        904,        1,  2531520, 4fa4e4b845a420cb74792498843c378e
0,        905,        905,        1,  2531520, 4ce0e42bc6923044101d5582fd22e2e8
0,        906,        906,        1,  2531520, 4ce0e42bc6923044101d5582fd22e2e8
0,        907,        907,        1,  2531520, 4ce0e42bc6923044101d5582fd22e2e8
0,        908,        908,        1,  2531520, c93ba6e15d1d2fa352ba465cb8f78b99
0,        909,        909,        1,  2531520, c93ba6e15d1d2fa352ba465cb8f78b99
0,        910,        910,        1,  2531520, c93ba6e15d1d2fa352ba465cb8f78b99
0,        911,        911,        1,  2531520, 080b19b8701f97e75ef20d4e3d5530c8
0,        912,        912,        1,  2531520, 080b19b8701f97e75ef20d4e3d5530c8
0,        913,        913,        1,  2531520, 080b19b8701f97e75ef20d4e3d5530c8
0,        914,        914,        1,  2531520, 135e84a9d1cc14fd71aaa9ed7ae711aa
0,        915,        915,        1,  2531520, 135e84a9d1cc14fd71aaa9ed7ae711aa
0,        916,        916,        1,  2531520, 135e84a9d1cc14fd71aaa9ed7ae711aa
0,        917,        917,        1,  2531520, 752a4544f1d8bd2d51dec5da74a1afb6
0,        918,        918,        1,  2531520, 752a4544f1d8bd2d51dec5da74a1afb6
0,        919,        919,        1,  2531520, 752a4544f1d8bd2d51dec5da74a1afb6
0,        920,        920,        1,  2531520, 07757bc3bdaaeeec01266f75a86df7f9
0,        921,        921,        1,  2531520, 07757bc3bdaaeeec01266f75a86df7f9
0,        922,        922,        1,  2531520, 07757bc3bdaaeeec01266f75a86df7f9
0,        923,        923,        1,  2531520, 555e34533c448e37160c5b9826cf4cba
0,        924,        924,        1,  2531520, 555e34533c448e37160c5b9826cf4cba
0,        925,        925,        1,  2531520, 555e34533c448e37160c5b9826cf4cba
0,        926,        926,        1,  2531520, bf384976e6cd05f81ce888ef98ef335d
0,        927,        927,        1,  2531520, bf384976e6cd05f81ce888ef98ef335d
0,        928,        928,        1,  2531520, bf384976e6cd05f81ce888ef98ef335d
0,        929,        929,        1,  2531520, 7dd63eba990f196278813745ef42a9a2
0,        930,        930,        1,  2531520, 7dd63eba990f196278813745ef42a9a2
0,        931,        931,        1,  2531520, 7dd63eba990f196278813745ef42a9a2
0,        932,        932,        1,  2531520, 37cc9c818c5798f22a73b88e8d25871c
0,        933,        933,        1,  2531520, 37cc9c818c5798f22a73b88e8d25871c
0,        934,        934,        1,  2531520, 37cc9c818c5798f22a73b88e8d25871c
0,        935,        935,        1,  2531520, aa65a3071e9bc5c80e88e298d72d2cf6
0,        936,        936,        1,  2531520, aa65a3071e9bc5c80e88e298d72d2cf6
0,        937,        937,        1,  2531520, aa65a3071e9bc5c80e88e298d72d2cf6
0,        938,        938,        1,  2531520, 818e888afd96106d8985d35dda41714e
0,        939,        939,        1,  2531520, 818e888afd96106d8985d35dda41714e
0,        940,        940,        1,  2531520, 818e888afd96106d8985d35dda41714e
0,        941,        941,        1,  2531520, b7d435b1aecb928ee5543bf44758aa46
0,        942,        942,        1,  2531520, b7d435b1aecb928ee5543bf44758aa46
0,        943,        943,        1,  2531520, b7d435b1aecb928ee5543bf44758aa46
0,        944,        944,        1,  2531520, 8f2d4cb29d9a0f274e450b65a2cfbf8f
0,        945,        945,        1,  2531520, 8f2d4cb29d9a0f274e450b65a2cfbf8f
0,        946,        946,        1,  2531520, 8f2d4cb29d9a0f274e450b65a2cfbf8f
0,        947,        947,        1,  2531520, c7d6244da65a2705a1f8ce0a8e76445c
0,        948,        948,        1,  2531520, c7d6244da65a2705a1f8ce0a8e76445c
0,        949,        949,        1,  2531520, c7d6244da65a2705a1f8ce0a8e76445c
0,        950,        950,        1,  2531520, d44c710ad9aeaecd8b43f313e139eab1
0,        951,        951,        1,  2531520, d44c710ad9aeaecd8b43f313e139eab1
0,        952,        952,        1,  2531520, d44c710ad9aeaecd8b43f313e139eab1
0,        953,        953,        1,  2531520, 3f6036e3fa3774c734d2ca8e395fb0d2
0,        954,        954,        1,  2531520, 3f6036e3fa3774c734d2ca8e395fb0d2
0,        955,        955,        1,  2531520, 3f6036e3fa3774c734d2ca8e395fb0d2
0,        956,        956,        1,  2531520, 212554e122b968106f8a3b1dfaa55827
0,        957,        957,        1,  2531520, 212554e122b968106f8a3b1dfaa55827
0,        958,        958,        1,  2531520, 212554e122b968106f8a3b1dfaa55827
0,        959,        959,        1,  2531520, 5a3c31ab6df947c26b1061c939ab2fac
0,        960,        960,        1,  2531520, 5a3c31ab6df947c26b1061c939ab2fac
0,        961,        961,        1,  2531520, 5a3c31ab6df947c26b1061c939ab2fac
0,        962,        962,        1,  2531520, dd1201e71b127b1eb1b173c3e295401e
0,        963,        963,        1,  2531520, dd1201e71b127b1eb1b173c3e295401e
0,        964,        964,        1,  2531520, dd1201e71b127b1eb1b173c3e295401e
0,        965,        965,        1,  2531520, 0b32886d65c4cb3e69afe13a359b784b
0,        966,        966,        1,  2531520, 0b32886d65c4cb3e69afe13a359b784b
0,        967,        967,        1,  2531520, 0b32886d65c4cb3e69afe13a359b784b
0,        968,        968,        1,  2531520, 905fa7813aa07e23fbde901b5771491c
0,        969,        969,        1,  2531520, 905fa7813aa07e23fbde901b5771491c
0,        970,        970,        1,  2531520, 905fa7813aa07e23fbde901b5771491c
0,        971,        971,        1,  2531520, f8b7cd009d2c3cfb5a02e1fbebf36067
0,        972,        972,        1,  2531520, f8b7cd009d2c3cfb5a02e1fbebf36067
0,        973,        973,        1,  2531520, f8b7cd009d2c3cfb5a02e1fbebf36067
0,        974,        974,        1,  2531520, 938ceca3ff43dd94614d20d9097e9d9a
0,        975,        975,        1,  2531520, 938ceca3ff43dd94614d20d9097e9d9a
0,        976,        976,        1,  2531520, 938ceca3ff43dd94614d20d9097e9d9a
0,        977,        977,        1,  2531520, 702a6077fa58a3c75f45540cb6d83ac0
0,        978,        978,        1,  2531520, 702a6077fa58a3c75f45540cb6d83ac0
0,        979,        979,        1,  2531520, 702a6077fa58a3c75f45540cb6d83ac0
0,        980,        980,        1,  2531520, be3a286b9f581b1fa862226df6148132
0,        981,        981,        1,  2531520, be3a286b9f581b1fa862226df6148132
0,        982,        982,        1,  2531520, be3a286b9f581b1fa862226df6148132
0,        983,        983,        1,  2531520, 390b6cde73703ef589a1f6bb07ad693f
0,        984,        984,        1,  2531520, 390b6cde73703ef589a1f6bb07ad693f
0,        985,        985,        1,  2531520, 390b6cde73703ef589a1f6bb07ad693f
0,        986,        986,        1,  2531520, 8b465db2b6eeccc50b2b01ccf499c1f3
0,        987,        987,        1,  2531520, 8b465db2b6eeccc50b2b01ccf499c1f3
0,        988,        988,        1,  2531520, 8b465db2b6eeccc50b2b01ccf499c1f3
0,        989,        989,        1,  2531520, 23a83e041f6d64b7ae6c1da1ec79280b
0,        990,        990,        1,  2531520, 23a83e041f6d64b7ae6c1da1ec79280b
0,        991,        991,        1,  2531520, 23a83e041f6d64b7ae6c1da1ec79280b
0,        992,        992,        1,  2531520, 7c212bc94e61124935f7a5af4b4ad996
0,        993,        993,        1,  2531520, 7c212bc94e61124935f7a5af4b4ad996
0,        994,        994,        1,  2531520, 7c212bc94e61124935f7a5af4b4ad996
0,        995,        995,        1,  2531520, 6f87ee89b6849a0b8f82d8509a5e0f18
0,        996,        996,        1,  2531520, 6f87ee89b6849a0b8f82d8509a5e0f18
0,        997,        997,        1,  2531520, 6f87ee89b6849a0b8f82d8509a5e0f18
0,        998,        998,        1,  2531520, ec18d8ded8e17dd0ac1b7b0b10bf13c0
0,        999,        999,        1,  2531520, ec18d8ded8e17dd0ac1b7b0b10bf13c0
0,       1000,       1000,        1,  2531520, ec18d8ded8e17dd0ac1b7b0b10bf13c0
0,       1001,       1001,        1,  2531520, 236033d41acc4a9edc9e9fce1546c683
0,       1002,       1002,        1,  2531520, 236033d41acc4a9edc9e9fce1546c683
0,       1003,       1003,        1,  2531520, 236033d41acc4a9edc9e9fce1546c683
0,       1004,       1004,        1,  2531520, 8bd7c8ecd46453825465daeb99d857ca
0,       1005,       1005,        1,  2531520, 8bd7c8ecd46453825465daeb99d857ca
0,       1006,       1006,        1,  2531520, 8bd7c8ecd46453825465daeb99d857ca
0,       1007,       1007,        1,  2531520, 8da8d37c22dc664479b302d2169cdb95
0,       1008,       1008,        1,  2531520, 8da8d37c22dc664479b302d2169cdb95
0,       1009,       1009,        1,  2531520, 8da8d37c22dc664479b302d2169cdb95
0,       1010,       1010,        1,  2531520, ba9fecfd5ff40c71edafab4f84c251c6
0,       1011,       1011,        1,  2531520, ba9fecfd5ff40c71edafab4f84c251c6
0,       1012,       1012,        1,  2531520, ba9fecfd5ff40c71edafab4f84c251c6
0,       1013,       1013,        1,  2531520, dfd2532294947c0f16fbcf414c19f391
0,       1014,       1014,        1,  2531520, dfd2532294947c0f16fbcf414c19f391
0,       1015,       1015,        1,  2531520, dfd2532294947c0f16fbcf414c19f391
0,       1016,       1016,        1,  2531520, 14a7e07724baadde0c25b664580a1076
0,       1017,       1017,        1,  2531520, 14a7e07724baadde0c25b664580a1076
0,       1018,       1018,        1,  2531520, 14a7e07724baadde0c25b664580a1076
0,       1019,       1019,        1,  2531520, 34939e161db3ad4e1871bdb1f7755710
0,       1020,       1020,        1,  2531520, 34939e161db3ad4e1871bdb1f7755710
0,       1021,       1021,        1,  2531520, 34939e161db3ad4e1871bdb1f7755710
0,       1022,       1022,        1,  2531520, 1b9e692ca56aaa77404cdf3b4b5d8040
0,       1023,       1023,        1,  2531520, 1b9e692ca56aaa77404cdf3b4b5d8040
0,       1024,       1024,        1,  2531520, 1b9e692ca56aaa77404cdf3b4b5d8040
0,       1025,       1025,        1,  2531520, 4cf5e76e1558274fb439804251f7a9bc
0,       1026,       1026,        1,  2531520, 4cf5e76e1558274fb439804251f7a9bc
0,       1027,       1027,        1,  2531520, 4cf5e76e1558274fb439804251f7a9bc
0,       1028,       1028,        1,  2531520, 95d19c87f0920f94eb72e7d1565256dd
0,       1029,       1029,        1,  2531520, 95d19c87f0920f94eb72e7d1565256dd
0,       1030,       1030,        1,  2531520, 95d19c87f0920f94eb72e7d1565256dd
0,       1031,       1031,        1,  2531520, 3b391ead0083e6ef800dc1658f3f3d04
0,       1032,       1032,        1,  2531520, 3b391ead0083e6ef800dc1658f3f3d04
0,       1033,       1033,        1,  2531520, 3b391ead0083e6ef800dc1658f3f3d04
0,       1034,       1034,        1,  2531520, 205d7e17b00aec6f73b4ef69baa245cf
0,       1035,       1035,        1,  2531520, 205d7e17b00aec6f73b4ef69baa245cf
0,       1036,       1036,        1,  2531520, 205d7e17b00aec6f73b4ef69baa245cf
0,       1037,       1037,        1,  2531520, e403fd7e51ba76f3d4896d05fe923dbe
0,       1038,       1038,        1,  2531520, e403fd7e51ba76f3d4896d05fe923dbe
0,       1039,       1039,        1,  2531520, e403fd7e51ba76f3d4896d05fe923dbe
0,       1040,       1040,        1,  2531520, 47c50213f4afa634bc603a6939a1250e
0,       1041,       1041,        1,  2531520, 47c50213f4afa634bc603a6939a1250e
0,       1042,       1042,        1,  2531520, 47c50213f4afa634bc603a6939a1250e
0,       1043,       1043,        1,  2531520, c89be8c52838860b29c5999239f78ee1
0,       1044,       1044,        1,  2531520, c89be8c52838860b29c5999239f78ee1
0,       1045,       1045,        1,  2531520, c89be8c52838860b29c5999239f78ee1
0,       1046,       1046,        1,  2531520, 8ee3f5bbf29f6e45abdf70462b029ddb
0,       1047,       1047,        1,  2531520, 8ee3f5bbf29f6e45abdf70462b029ddb
0,       1048,       1048,        1,  2531520, 8ee3f5bbf29f6e45abdf70462b029ddb
0,       1049,       1049,        1,  2531520, 8b244b29f081b707a127d7b9615f25b4
0,       1050,       1050,        1,  2531520, 8b244b29f081b707a127d7b9615f25b4
0,       1051,       1051,        1,  2531520, 8b244b29f081b707a127d7b9615f25b4
0,       1052,       1052,        1,  2531520, c34bcd296facd079f231ba39e8c8ebad
0,       1053,       1053,        1,  2531520, c34bcd296facd079f231ba39e8c8ebad
0,       1054,       1054,        1,  2531520, c34bcd296facd079f231ba39e8c8ebad
0,       1055,       1055,        1,  2531520, e1f6374d659c344231a3caace79c84e6
0,       1056,       1056,        1,  2531520, e1f6374d659c344231a3caace79c84e6
0,       1057,       1057,        1,  2531520, e1f6374d659c344231a3caace79c84e6
0,       1058,       1058,        1,  2531520, d4731e32ba413c06701fd8385667f58e
0,       1059,       1059,        1,  2531520, d4731e32ba413c06701fd8385667f58e
0,       1060,       1060,        1,  2531520, d4731e32ba413c06701fd8385667f58e
0,       1061,       1061,        1,  2531520, 9af479cefe32cd36153d623953b405a2
0,       1062,       1062,        1,  2531520, 9af479cefe32cd36153d623953b405a2
0,       1063,       1063,        1,  2531520, 9af479cefe32cd36153d623953b405a2
0,       1064,       1064,        1,  2531520, aaa4932c2aa898f92e3a90ff908cf7d7
0,       1065,       1065,        1,  2531520, aaa4932c2aa898f92e3a90ff908cf7d7
0,       1066,       1066,        1,  2531520, aaa4932c2aa898f92e3a90ff908cf7d7
0,       1067,       1067,        1,  2531520, 5bc5c6507afd9241bb4524efed0040db
0,       1068,       1068,        1,  2531520, 5bc5c6507afd9241bb4524efed0040db
0,       1069,       1069,        1,  2531520, 5bc5c6507afd9241bb4524efed0040db
0,       1070,       1070,        1,  2531520, 0ee63b9fcbe55dcae267b1dd2bd49ea2
0,       1071,       1071,        1,  2531520, 0ee63b9fcbe55dcae267b1dd2bd49ea2
0,       1072,       1072,        1,  2531520, 0ee63b9fcbe55dcae267b1dd2bd49ea2
0,       1073,       1073,        1,  2531520, 61f39c83d04f5b3cc236d9662dcc1c72
0,       1074,       1074,        1,  2531520, 61f39c83d04f5b3cc236d9662dcc1c72
0,       1075,       1075,        1,  2531520, 61f39c83d04f5b3cc236d9662dcc1c72
0,       1076,       1076,        1,  2531520, 89c94387b8214109044ffcb65acfbe71
0,       1077,       1077,        1,  2531520, 89c94387b8214109044ffcb65acfbe71
0,       1078,       1078,        1,  2531520, 89c94387b8214109044ffcb65acfbe71
0,       1079,       1079,        1,  2531520, 0d344c1a802c2dd4d9a010477d1df8cf
0,       1080,       1080,        1,  2531520, 0d344c1a802c2dd4d9a010477d1df8cf
0,       1081,       1081,        1,  2531520, 0d344c1a802c2dd4d9a010477d1df8cf
0,       1082,       1082,        1,  2531520, 26f169b037edd0ad820d2b267b13cc11
0,       1083,       1083,        1,  2531520, 26f169b037edd0ad820d2b267b13cc11
0,       1084,       1084,        1,  2531520, 26f169b037edd0ad820d2b267b13cc11
0,       1085,       1085,        1,  2531520, fa6a786719d2d47bd43da0fef316d11a
0,       1086,       1086,        1,  2531520, fa6a786719d2d47bd43da0fef316d11a
0,       1087,       1087,        1,  2531520, fa6a786719d2d47bd43da0fef316d11a
0,       1088,       1088,        1,  2531520, 5f5db5b09c9d11685a8ae84648da26ec
0,       1089,       1089,        1,  2531520, 5f5db5b09c9d11685a8ae84648da26ec
0,       1090,       1090,        1,  2531520, 5f5db5b09c9d11685a8ae84648da26ec
0,       1091,       1091,        1,  2531520, b115b0d7e7eadc51241b7e8ba83a53ad
0,       1092,       1092,        1,  2531520, b115b0d7e7eadc51241b7e8ba83a53ad
0,       1093,       1093,        1,  2531520, b115b0d7e7eadc51241b7e8ba83a53ad
0,       1094,       1094,        1,  2531520, 708595513110bf288d49565e24a1c867
0,       1095,       1095,        1,  2531520, 708595513110bf288d49565e24a1c867
0,       1096,       1096,        1,  2531520, 708595513110bf288d49565e24a1c867
0,       1097,       1097,        1,  2531520, 28cd6bef80838dffb8b5300477c997de
0,       1098,       1098,        1,  2531520, 28cd6bef80838dffb8b5300477c997de
0,       1099,       1099,        1,  2531520, 28cd6bef80838dffb8b5300477c997de
0,       1100,       1100,        1,  2531520, f3fd396d2bec9da3f41ac7ae24934672
0,       1101,       1101,        1,  2531520, f3fd396d2bec9da3f41ac7ae24934672
0,       1102,       1102,        1,  2531520, f3fd396d2bec9da3f41ac7ae24934672
0,       1103,       1103,        1,  2531520, c1b4fc38ec2ba215c3144d1badb26bc5
0,       1104,       1104,        1,  2531520, c1b4fc38ec2ba215c3144d1badb26bc5
0,       1105,       1105,        1,  2531520, c1b4fc38ec2ba215c3144d1badb26bc5
0,       1106,       1106,        1,  2531520, 95ddd4b7b22b00823b8012bf0411790e
0,       1107,       1107,        1,  2531520, 95ddd4b7b22b00823b8012bf0411790e
0,       1108,       1108,        1,  2531520, 95ddd4b7b22b00823b8012bf0411790e
0,       1109,       1109,        1,  2531520, 622629c2806135246ffdcc2b8bbab49a
0,       1110,       1110,        1,  2531520, 622629c2806135246ffdcc2b8bbab49a
0,       1111,       1111,        1,  2531520, 622629c2806135246ffdcc2b8bbab49a
0,       1112,       1112,        1,  2531520, f73e7949cdefbe0471e1a2864c1f0c7d
0,       1113,       1113,        1,  2531520, f73e7949cdefbe0471e1a2864c1f0c7d
0,       1114,       1114,        1,  2531520, f73e7949cdefbe0471e1a2864c1f0c7d
0,       1115,       1115,        1,  2531520, 97edc76c8df07a7ca25641216be76853
0,       1116,       1116,        1,  2531520, 97edc76c8df07a7ca25641216be76853
0,       1117,       1117,        1,  2531520, 97edc76c8df07a7ca25641216be76853
0,       1118,       1118,        1,  2531520, 9f725c09f348b17f57400225c53dc896
0,       1119,       1119,        1,  2531520, 9f725c09f348b17f57400225c53dc896
0,       1120,       1120,        1,  2531520, 9f725c09f348b17f57400225c53dc896
0,       1121,       1121,        1,  2531520, 8462bcce397656f6b6ef9c86fddd7fc9
0,       1122,       1122,        1,  2531520, 8462bcce397656f6b6ef9c86fddd7fc9
0,       1123,       1123,        1,  2531520, 8462bcce397656f6b6ef9c86fddd7fc9
0,       1124,       1124,        1,  2531520, 72c56309407043dc21fa772f130095f0
0,       1125,       1125,        1,  2531520, 72c56309407043dc21fa772f130095f0
0,       1126,       1126,        1,  2531520, 72c56309407043dc21fa772f130095f0
0,       1127,       1127,        1,  2531520, 120a9105106c55b467496c2cc53d1e1c
0,       1128,       1128,        1,  2531520, 120a9105106c55b467496c2cc53d1e1c
0,       1129,       1129,        1,  2531520, 120a9105106c55b467496c2cc53d1e1c
0,       1130,       1130,        1,  2531520, 25349519fa79205590a8fc6e4a50a387
0,       1131,       1131,        1,  2531520, 25349519fa79205590a8fc6e4a50a387
0,       1132,       1132,        1,  2531520, 25349519fa79205590a8fc6e4a50a387
0,       1133,       1133,        1,  2531520, db9bda2c1613bb9298a439db9042c291
0,       1134,       1134,        1,  2531520, db9bda2c1613bb9298a439db9042c291
0,       1135,       1135,        1,  2531520, db9bda2c1613bb9298a439db9042c291
0,       1136,       1136,        1,  2531520, cdbccc98f399b957e64d9b3ffb37037d
0,       1137,       1137,        1,  2531520, cdbccc98f399b957e64d9b3ffb37037d
0,       1138,       1138,        1,  2531520, cdbccc98f399b957e64d9b3ffb37037d
0,       1139,       1139,        1,  2531520, f921870bc2b2339f04999864d86b7ce0
0,       1140,       1140,        1,  2531520, f921870bc2b2339f04999864d86b7ce0
0,       1141,       1141,        1,  2531520, f921870bc2b2339f04999864d86b7ce0
0,       1142,       1142,        1,  2531520, 38d7abb76377a75b3e5da2a3214f6dc4
0,       1143,       1143,        1,  2531520, 38d7abb76377a75b3e5da2a3214f6dc4
0,       1144,       1144,        1,  2531520, 38d7abb76377a75b3e5da2a3214f6dc4
0,       1145,       1145,        1,  2531520, 0483244927eaec5a2e262df35868eea2
0,       1146,       1146,        1,  2531520, 0483244927eaec5a2e262df35868eea2
0,       1147,       1147,        1,  2531520, 0483244927eaec5a2e262df35868eea2
0,       1148,       1148,        1,  2531520, db149cbaae86ea7d5d62a93bb315e461
0,       1149,       1149,        1,  2531520, db149cbaae86ea7d5d62a93bb315e461
0,       1150,       1150,        1,  2531520, db149cbaae86ea7d5d62a93bb315e461
0,       1151,       1151,        1,  2531520, 9ffe4de217d5acbd5537501048414faf
0,       1152,       1152,        1,  2531520, 9ffe4de217d5acbd5537501048414faf
0,       1153,       1153,        1,  2531520, 9ffe4de217d5acbd5537501048414faf
0,       1154,       1154,        1,  2531520, 212ea6640780b2c0b19f47f274cb7c24
0,       1155,       1155,        1,  2531520, 212ea6640780b2c0b19f47f274cb7c24
0,       1156,       1156,        1,  2531520, 212ea6640780b2c0b19f47f274cb7c24
0,       1157,       1157,        1,  2531520, 676215a74de45acfa58063c88a8a5ce5
0,       1158,       1158,        1,  2531520, 676215a74de45acfa58063c88a8a5ce5
0,       1159,       1159,        1,  2531520, 676215a74de45acfa58063c88a8a5ce5
0,       1160,       1160,        1,  2531520, 906bdde1f89521cb821f50e2a7b7cc0d
0,       1161,       1161,        1,  2531520, 906bdde1f89521cb821f50e2a7b7cc0d
0,       1162,       1162,        1,  2531520, 906bdde1f89521cb821f50e2a7b7cc0d
0,       1163,       1163,        1,  2531520, 1e2f1784fd019fbb00fd9311db2f8c04
0,       1164,       1164,        1,  2531520, 1e2f1784fd019fbb00fd9311db2f8c04
0,       1165,       1165,        1,  2531520, 1e2f1784fd019fbb00fd9311db2f8c04
0,       1166,       1166,        1,  2531520, 7e57867ad6c68ac6d3844c721570ddfc
0,       1167,       1167,        1,  2531520, 7e57867ad6c68ac6d3844c721570ddfc
0,       1168,       1168,        1,  2531520, 7e57867ad6c68ac6d3844c721570ddfc
0,       1169,       1169,        1,  2531520, 06a71af578b26f45385f2a0d6c7e1506
0,       1170,       1170,        1,  2531520, 06a71af578b26f45385f2a0d6c7e1506
0,       1171,       1171,        1,  2531520, 06a71af578b26f45385f2a0d6c7e1506
0,       1172,       1172,        1,  2531520, b8d8348789bd2e16681d634f4060b4a0
0,       1173,       1173,        1,  2531520, b8d8348789bd2e16681d634f4060b4a0
0,       1174,       1174,        1,  2531520, b8d8348789bd2e16681d634f4060b4a0
0,       1175,       1175,        1,  2531520, e13250ff5968d0a086cd48bfa7acd9c4
0,       1176,       1176,        1,  2531520, e13250ff5968d0a086cd48bfa7acd9c4
0,       1177,       1177,        1,  2531520, bf14778621828ca9195110773c9fe4e1
0,       1178,       1178,        1,  2531520, bf14778621828ca9195110773c9fe4e1
0,       1179,       1179,        1,  2531520, bf14778621828ca9195110773c9fe4e1
0,       1180,       1180,        1,  2531520, 7fd5bde22d70ea5eb1fb107ffc0432a7
0,       1181,       1181,        1,  2531520, 7fd5bde22d70ea5eb1fb107ffc0432a7
0,       1182,       1182,        1,  2531520, 7fd5bde22d70ea5eb1fb107ffc0432a7
0,       1183,       1183,        1,  2531520, 7fd5bde22d70ea5eb1fb107ffc0432a7
0,       1184,       1184,        1,  2531520, cebd663038174b87cc833acc2fda7e9e
0,       1185,       1185,        1,  2531520, cebd663038174b87cc833acc2fda7e9e
0,       1186,       1186,        1,  2531520, cebd663038174b87cc833acc2fda7e9e
0,       1187,       1187,        1,  2531520, b7218b0b5cc0996f3de3d18d79c2d548
0,       1188,       1188,        1,  2531520, b7218b0b5cc0996f3de3d18d79c2d548
0,       1189,       1189,        1,  2531520, b7218b0b5cc0996f3de3d18d79c2d548
0,       1190,       1190,        1,  2531520, d5b6698354591d985f1f86d5e80e20ce
0,       1191,       1191,        1,  2531520, d5b6698354591d985f1f86d5e80e20ce
0,       1192,       1192,        1,  2531520, d5b6698354591d985f1f86d5e80e20ce
0,       1193,       1193,        1,  2531520, ace112be0a1d59c65c570c462807ea8b
0,       1194,       1194,        1,  2531520, ace112be0a1d59c65c570c462807ea8b
0,       1195,       1195,        1,  2531520, ace112be0a1d59c65c570c462807ea8b
0,       1196,       1196,        1,  2531520, 382c06a8a7dadc812c3b607d8fd0a230
0,       1197,       1197,        1,  2531520, 382c06a8a7dadc812c3b607d8fd0a230
0,       1198,       1198,        1,  2531520, 382c06a8a7dadc812c3b607d8fd0a230
0,       1199,       1199,        1,  2531520, 27bbe44646ce97a1fd0b5b55eb72be03
0,       1200,       1200,        1,  2531520, 27bbe44646ce97a1fd0b5b55eb72be03
0,       1201,       1201,        1,  2531520, 27bbe44646ce97a1fd0b5b55eb72be03
0,       1202,       1202,        1,  2531520, 7cf97060d4bfcaf9ba783a866d518800
0,       1203,       1203,        1,  2531520, 7cf97060d4bfcaf9ba783a866d518800
0,       1204,       1204,        1,  2531520, 7cf97060d4bfcaf9ba783a866d518800
0,       1205,       1205,        1,  2531520, 9a5f11ff58fd1758aa733cfcca4c091a
0,       1206,       1206,        1,  2531520, 9a5f11ff58fd1758aa733cfcca4c091a
0,       1207,       1207,        1,  2531520, 9a5f11ff58fd1758aa733cfcca4c091a
0,       1208,       1208,        1,  2531520, a2e9b547c13c8f5202c5766cab25e6ed
0,       1209,       1209,        1,  2531520, a2e9b547c13c8f5202c5766cab25e6ed
0,       1210,       1210,        1,  2531520, a2e9b547c13c8f5202c5766cab25e6ed
0,       1211,       1211,        1,  2531520, 54a17f00b50c62467e7abfd06a6355d6
0,       1212,       1212,        1,  2531520, 54a17f00b50c62467e7abfd06a6355d6
0,       1213,       1213,        1,  2531520, 54a17f00b50c62467e7abfd06a6355d6
0,       1214,       1214,        1,  2531520, 4a05f80fdac398ea8f11d0aee74d6880
0,       1215,       1215,        1,  2531520, 4a05f80fdac398ea8f11d0aee74d6880
0,       1216,       1216,        1,  2531520, 4a05f80fdac398ea8f11d0aee74d6880
0,       1217,       1217,        1,  2531520, e1faa714ad98fe661ee6e80ba6b8548d
0,       1218,       1218,        1,  2531520, e1faa714ad98fe661ee6e80ba6b8548d
0,       1219,       1219,        1,  2531520, e1faa714ad98fe661ee6e80ba6b8548d
0,       1220,       1220,        1,  2531520, c555aa3aae4b567404eea8016e199513
0,       1221,       1221,        1,  2531520, c555aa3aae4b567404eea8016e199513
0,       1222,       1222,        1,  2531520, c555aa3aae4b567404eea8016e199513
0,       1223,       1223,        1,  2531520, a4d73911160b35f18d139fff865b6408
0,       1224,       1224,        1,  2531520, a4d73911160b35f18d139fff865b6408
0,       1225,       1225,        1,  2531520, 6c28bcc26c4918f4d84184fcb35705d9
0,       1226,       1226,        1,  2531520, 6c28bcc26c4918f4d84184fcb35705d9
0,       1227,       1227,        1,  2531520, 6c28bcc26c4918f4d84184fcb35705d9
0,       1228,       1228,        1,  2531520, 3fcdf583d665e016c2d511d87ffad966
0,       1229,       1229,        1,  2531520, 3fcdf583d665e016c2d511d87ffad966
0,       1230,       1230,        1,  2531520, 3fcdf583d665e016c2d511d87ffad966
0,       1231,       1231,        1,  2531520, 3fcdf583d665e016c2d511d87ffad966
0,       1232,       1232,        1,  2531520, 791ff37158f53d1ac5fca2435e0d5e04
0,       1233,       1233,        1,  2531520, 791ff37158f53d1ac5fca2435e0d5e04
0,       1234,       1234,        1,  2531520, 791ff37158f53d1ac5fca2435e0d5e04
0,       1235,       1235,        1,  2531520, d5fee48b0af0cc8fdd9390fb97f374c2
0,       1236,       1236,        1,  2531520, d5fee48b0af0cc8fdd9390fb97f374c2
0,       1237,       1237,        1,  2531520, d5fee48b0af0cc8fdd9390fb97f374c2
0,       1238,       1238,        1,  2531520, 462e40f917f755efe963668bcbc37249
0,       1239,       1239,        1,  2531520, 462e40f917f755efe963668bcbc37249
0,       1240,       1240,        1,  2531520, 462e40f917f755efe963668bcbc37249
0,       1241,       1241,        1,  2531520, 0e383a3959adbc8e0dc79b61504ea7d4
0,       1242,       1242,        1,  2531520, 0e383a3959adbc8e0dc79b61504ea7d4
0,       1243,       1243,        1,  2531520, 0e383a3959adbc8e0dc79b61504ea7d4
0,       1244,       1244,        1,  2531520, ab142fae8537b7317e08ebec5294779c
0,       1245,       1245,        1,  2531520, ab142fae8537b7317e08ebec5294779c
0,       1246,       1246,        1,  2531520, ab142fae8537b7317e08ebec5294779c
0,       1247,       1247,        1,  2531520, 2e80c6d16b4d7c1d582fad76be4356ea
0,       1248,       1248,        1,  2531520, 2e80c6d16b4d7c1d582fad76be4356ea
0,       1249,       1249,        1,  2531520, 2e80c6d16b4d7c1d582fad76be4356ea
0,       1250,       1250,        1,  2531520, 6c17879644812c82af33782fc6e74d5d
0,       1251,       1251,        1,  2531520, 6c17879644812c82af33782fc6e74d5d
0,       1252,       1252,        1,  2531520, 6c17879644812c82af33782fc6e74d5d
0,       1253,       1253,        1,  2531520, 344dd000b4e785cb5c889b82f4acea52
0,       1254,       1254,        1,  2531520, 344dd000b4e785cb5c889b82f4acea52
0,       1255,       1255,        1,  2531520, 344dd000b4e785cb5c889b82f4acea52
0,       1256,       1256,        1,  2531520, 8e24885a99b25fe8d62b1a6ea9e5884b
0,       1257,       1257,        1,  2531520, 8e24885a99b25fe8d62b1a6ea9e5884b
0,       1258,       1258,        1,  2531520, 8e24885a99b25fe8d62b1a6ea9e5884b
0,       1259,       1259,        1,  2531520, ff232b4a9861abb1b7ba2b5900f6e235
0,       1260,       1260,        1,  2531520, ff232b4a9861abb1b7ba2b5900f6e235
0,       1261,       1261,        1,  2531520, ff232b4a9861abb1b7ba2b5900f6e235
0,       1262,       1262,        1,  2531520, 4852dbd1c09acee05b4dfca15d63ad84
0,       1263,       1263,        1,  2531520, 4852dbd1c09acee05b4dfca15d63ad84
0,       1264,       1264,        1,  2531520, 4852dbd1c09acee05b4dfca15d63ad84
0,       1265,       1265,        1,  2531520, 2f3f681eeaddc4797198f4b1e8a03bfd
0,       1266,       1266,        1,  2531520, 2f3f681eeaddc4797198f4b1e8a03bfd
0,       1267,       1267,        1,  2531520, 2f3f681eeaddc4797198f4b1e8a03bfd
0,       1268,       1268,        1,  2531520, 962c4b782eb57de317cfa20334e4c62a
0,       1269,       1269,        1,  2531520, 962c4b782eb57de317cfa20334e4c62a
0,       1270,       1270,        1,  2531520, 962c4b782eb57de317cfa20334e4c62a
0,       1271,       1271,        1,  2531520, b62f575d114c99d056c8fb704ca1dc58
0,       1272,       1272,        1,  2531520, b62f575d114c99d056c8fb704ca1dc58
0,       1273,       1273,        1,  2531520, c54f4ac656b27c886fcc662920a75b86
0,       1274,       1274,        1,  2531520, c54f4ac656b27c886fcc662920a75b86
0,       1275,       1275,        1,  2531520, c54f4ac656b27c886fcc662920a75b86
0,       1276,       1276,        1,  2531520, 6241cf1de51cfa6379f8a37afcef45cf
0,       1277,       1277,        1,  2531520, 6241cf1de51cfa6379f8a37afcef45cf
0,       1278,       1278,        1,  2531520, 6241cf1de51cfa6379f8a37afcef45cf
0,       1279,       1279,        1,  2531520, 6241cf1de51cfa6379f8a37afcef45cf
0,       1280,       1280,        1,  2531520, 65f95d87996154a0770294521c6978ef
0,       1281,       1281,        1,  2531520, 65f95d87996154a0770294521c6978ef
0,       1282,       1282,        1,  2531520, 65f95d87996154a0770294521c6978ef
0,       1283,       1283,        1,  2531520, 946db3143fcdf59ea726a5782541bb11
0,       1284,       1284,        1,  2531520, 946db3143fcdf59ea726a5782541bb11
0,       1285,       1285,        1,  2531520, 946db3143fcdf59ea726a5782541bb11
0,       1286,       1286,        1,  2531520, d6362b44ea72439af67e1569475bd10e
0,       1287,       1287,        1,  2531520, d6362b44ea72439af67e1569475bd10e
0,       1288,       1288,        1,  2531520, d6362b44ea72439af67e1569475bd10e
0,       1289,       1289,        1,  2531520, 5933167b8662f8289c348742924d63ec
0,       1290,       1290,        1,  2531520, 5933167b8662f8289c348742924d63ec
0,       1291,       1291,        1,  2531520, 5933167b8662f8289c348742924d63ec
0,       1292,       1292,        1,  2531520, 6c6a5b98d13950c28dc9031bf0d32dd1
0,       1293,       1293,        1,  2531520, 6c6a5b98d13950c28dc9031bf0d32dd1
0,       1294,       1294,        1,  2531520, 6c6a5b98d13950c28dc9031bf0d32dd1
0,       1295,       1295,        1,  2531520, d3120ebdb1ee596ba2aa75e9f09eaf55
0,       1296,       1296,        1,  2531520, d3120ebdb1ee596ba2aa75e9f09eaf55
0,       1297,       1297,        1,  2531520, 142f7c2aba62c807d95e898d529b2a73
0,       1298,       1298,        1,  2531520, 142f7c2aba62c807d95e898d529b2a73
0,       1299,       1299,        1,  2531520, 142f7c2aba62c807d95e898d529b2a73
0,       1300,       1300,        1,  2531520, 142f7c2aba62c807d95e898d529b2a73
0,       1301,       1301,        1,  2531520, 7f432f87aaa934d07c7b730c07e45ae7
0,       1302,       1302,        1,  2531520, 7f432f87aaa934d07c7b730c07e45ae7
0,       1303,       1303,        1,  2531520, 7f432f87aaa934d07c7b730c07e45ae7
0,       1304,       1304,        1,  2531520, 2269cec527fcf467c587b3d69d8e588a
0,       1305,       1305,        1,  2531520, 2269cec527fcf467c587b3d69d8e588a
0,       1306,       1306,        1,  2531520, 2269cec527fcf467c587b3d69d8e588a
0,       1307,       1307,        1,  2531520, 78c4365540d2205a447716cce3e241e1
0,       1308,       1308,        1,  2531520, 78c4365540d2205a447716cce3e241e1
0,       1309,       1309,        1,  2531520, 78c4365540d2205a447716cce3e241e1
0,       1310,       1310,        1,  2531520, 9a0d51c40a797361d96cc8dacc0510f0
0,       1311,       1311,        1,  2531520, 9a0d51c40a797361d96cc8dacc0510f0
0,       1312,       1312,        1,  2531520, 9a0d51c40a797361d96cc8dacc0510f0
0,       1313,       1313,        1,  2531520, 1b9b8f3d8dea6aeab9560a80562b4cf8
0,       1314,       1314,        1,  2531520, 1b9b8f3d8dea6aeab9560a80562b4cf8
0,       1315,       1315,        1,  2531520, 1b9b8f3d8dea6aeab9560a80562b4cf8
0,       1316,       1316,        1,  2531520, 0309094fc6fa55daf9eef12441741f24
0,       1317,       1317,        1,  2531520, 0309094fc6fa55daf9eef12441741f24
0,       1318,       1318,        1,  2531520, 0309094fc6fa55daf9eef12441741f24
0,       1319,       1319,        1,  2531520, afbd13fbd3932e29596184236db43a63
0,       1320,       1320,        1,  2531520, afbd13fbd3932e29596184236db43a63
0,       1321,       1321,        1,  2531520, a0a3eb7b9399a0b50c6edc2fdfc22b4b
0,       1322,       1322,        1,  2531520, a0a3eb7b9399a0b50c6edc2fdfc22b4b
0,       1323,       1323,        1,  2531520, a0a3eb7b9399a0b50c6edc2fdfc22b4b
0,       1324,       1324,        1,  2531520, 653e2b7074c8cf6b760bda253e01887c
0,       1325,       1325,        1,  2531520, 653e2b7074c8cf6b760bda253e01887c
0,       1326,       1326,        1,  2531520, 653e2b7074c8cf6b760bda253e01887c
0,       1327,       1327,        1,  2531520, 653e2b7074c8cf6b760bda253e01887c
0,       1328,       1328,        1,  2531520, 775260e984b86c8da10d85839d381a5a
0,       1329,       1329,        1,  2531520, 775260e984b86c8da10d85839d381a5a
0,       1330,       1330,        1,  2531520, 775260e984b86c8da10d85839d381a5a
0,       1331,       1331,        1,  2531520, 23ce93db712827b5a794f0fb86ff487e
0,       1332,       1332,        1,  2531520, 23ce93db712827b5a794f0fb86ff487e
0,       1333,       1333,        1,  2531520, 23ce93db712827b5a794f0fb86ff487e
0,       1334,       1334,        1,  2531520, 8fcd93581500af12e6d3a096911c35d4
0,       1335,       1335,        1,  2531520, 8fcd93581500af12e6d3a096911c35d4
0,       1336,       1336,        1,  2531520, 8fcd93581500af12e6d3a096911c35d4
0,       1337,       1337,        1,  2531520, 77965302c999c3a216667c3b015baf13
0,       1338,       1338,        1,  2531520, 77965302c999c3a216667c3b015baf13
0,       1339,       1339,        1,  2531520, 77965302c999c3a216667c3b015baf13
0,       1340,       1340,        1,  2531520, 71de4b5150ac6b38d6c4b2ce5df2187a
0,       1341,       1341,        1,  2531520, 71de4b5150ac6b38d6c4b2ce5df2187a
0,       1342,       1342,        1,  2531520, 71de4b5150ac6b38d6c4b2ce5df2187a
0,       1343,       1343,        1,  2531520, 1b8856032c777086872cc7b3db1e0dc6
0,       1344,       1344,        1,  2531520, 1b8856032c777086872cc7b3db1e0dc6
0,       1345,       1345,        1,  2531520, 1b8856032c777086872cc7b3db1e0dc6
0,       1346,       1346,        1,  2531520, 8a4c22ce6e1abaf5927695c0f7ae70ae
0,       1347,       1347,        1,  2531520, 8a4c22ce6e1abaf5927695c0f7ae70ae
0,       1348,       1348,        1,  2531520, 8a4c22ce6e1abaf5927695c0f7ae70ae
0,       1349,       1349,        1,  2531520, 57ca1bf49e8209b4433611e5891e8140
0,       1350,       1350,        1,  2531520, 57ca1bf49e8209b4433611e5891e8140
0,       1351,       1351,        1,  2531520, 57ca1bf49e8209b4433611e5891e8140
0,       1352,       1352,        1,  2531520, e028feeab82aa2d0d2229bb28c786423
0,       1353,       1353,        1,  2531520, e028feeab82aa2d0d2229bb28c786423
0,       1354,       1354,        1,  2531520, e028feeab82aa2d0d2229bb28c786423
0,       1355,       1355,        1,  2531520, 3fd4c7f56d88792d04730bc210d78a88
0,       1356,       1356,        1,  2531520, 3fd4c7f56d88792d04730bc210d78a88
0,       1357,       1357,        1,  2531520, 3fd4c7f56d88792d04730bc210d78a88
0,       1358,       1358,        1,  2531520, e08982409bcaf14f27f32e1e55065ca7
0,       1359,       1359,        1,  2531520, e08982409bcaf14f27f32e1e55065ca7
0,       1360,       1360,        1,  2531520, e08982409bcaf14f27f32e1e55065ca7
0,       1361,       1361,        1,  2531520, acf4467e2d3501b5770ecc9f2c53aff7
0,       1362,       1362,        1,  2531520, acf4467e2d3501b5770ecc9f2c53aff7
0,       1363,       1363,        1,  2531520, acf4467e2d3501b5770ecc9f2c53aff7
0,       1364,       1364,        1,  2531520, 49d7f76b90601b9b7214f292b58f8402
0,       1365,       1365,        1,  2531520, 49d7f76b90601b9b7214f292b58f8402
0,       1366,       1366,        1,  2531520, 49d7f76b90601b9b7214f292b58f8402
0,       1367,       1367,        1,  2531520, 26209ffffdfc771b77bc064012bf7023
0,       1368,       1368,        1,  2531520, 26209ffffdfc771b77bc064012bf7023
0,       1369,       1369,        1,  2531520, 1d2d6722f471017b8533314a8c5c4324
0,       1370,       1370,        1,  2531520, 1d2d6722f471017b8533314a8c5c4324
0,       1371,       1371,        1,  2531520, 1d2d6722f471017b8533314a8c5c4324
0,       1372,       1372,        1,  2531520, 9f18e9861c7a79f7d4142d1f8a14db8c
0,       1373,       1373,        1,  2531520, 9f18e9861c7a79f7d4142d1f8a14db8c
0,       1374,       1374,        1,  2531520, 9f18e9861c7a79f7d4142d1f8a14db8c
0,       1375,       1375,        1,  2531520, 9f18e9861c7a79f7d4142d1f8a14db8c
0,       1376,       1376,        1,  2531520, 99f4015900a392f4b102114841fa54eb
0,       1377,       1377,        1,  2531520, 99f4015900a392f4b102114841fa54eb
0,       1378,       1378,        1,  2531520, 99f4015900a392f4b102114841fa54eb
0,       1379,       1379,        1,  2531520, 9aec0f2da4ba8fa0769a91f09c8cc889
0,       1380,       1380,        1,  2531520, 9aec0f2da4ba8fa0769a91f09c8cc889
0,       1381,       1381,        1,  2531520, 9aec0f2da4ba8fa0769a91f09c8cc889
0,       1382,       1382,        1,  2531520, 5281b6e8e196ee37754ec0e540e3895e
0,       1383,       1383,        1,  2531520, 5281b6e8e196ee37754ec0e540e3895e
0,       1384,       1384,        1,  2531520, 5281b6e8e196ee37754ec0e540e3895e
0,       1385,       1385,        1,  2531520, 194511287dc3fcf2483c6cf08384495e
0,       1386,       1386,        1,  2531520, 194511287dc3fcf2483c6cf08384495e
0,       1387,       1387,        1,  2531520, 2aa32aad2b1e649ad498d2d363111602
0,       1388,       1388,        1,  2531520, 2aa32aad2b1e649ad498d2d363111602
0,       1389,       1389,        1,  2531520, 2aa32aad2b1e649ad498d2d363111602
0,       1390,       1390,        1,  2531520, 2aa32aad2b1e649ad498d2d363111602
0,       1391,       1391,        1,  2531520, 96921662c4d883b3d14f479eb3dae54c
0,       1392,       1392,        1,  2531520, 96921662c4d883b3d14f479eb3dae54c
0,       1393,       1393,        1,  2531520, 96921662c4d883b3d14f479eb3dae54c
0,       1394,       1394,        1,  2531520, 226b93105f9d72b6311e320cd279a2b4
0,       1395,       1395,        1,  2531520, 226b93105f9d72b6311e320cd279a2b4
0,       1396,       1396,        1,  2531520, 226b93105f9d72b6311e320cd279a2b4
0,       1397,       1397,        1,  2531520, d8c9307710feedee58ab52543f49afb6
0,       1398,       1398,        1,  2531520, d8c9307710feedee58ab52543f49afb6
0,       1399,       1399,        1,  2531520, d8c9307710feedee58ab52543f49afb6
0,       1400,       1400,        1,  2531520, 5fdcb94f906071874b5023b9fa1ae5f4
0,       1401,       1401,        1,  2531520, 5fdcb94f906071874b5023b9fa1ae5f4
0,       1402,       1402,        1,  2531520, 5fdcb94f906071874b5023b9fa1ae5f4
0,       1403,       1403,        1,  2531520, 5ce323b8aa31af035d30ebb5a52fdfc0
0,       1404,       1404,        1,  2531520, 5ce323b8aa31af035d30ebb5a52fdfc0
0,       1405,       1405,        1,  2531520, 5ce323b8aa31af035d30ebb5a52fdfc0
0,       1406,       1406,        1,  2531520, 47e24fc40bc57361325c5249b8fc070a
0,       1407,       1407,        1,  2531520, 47e24fc40bc57361325c5249b8fc070a
0,       1408,       1408,        1,  2531520, 47e24fc40bc57361325c5249b8fc070a
0,       1409,       1409,        1,  2531520, 002dbcfad543343dc37f6ae889ef8ab6
0,       1410,       1410,        1,  2531520, 002dbcfad543343dc37f6ae889ef8ab6
0,       1411,       1411,        1,  2531520, 002dbcfad543343dc37f6ae889ef8ab6
0,       1412,       1412,        1,  2531520, 7911f06243cc26aa8fbb24545aa1195a
0,       1413,       1413,        1,  2531520, 7911f06243cc26aa8fbb24545aa1195a
0,       1414,       1414,        1,  2531520, 7911f06243cc26aa8fbb24545aa1195a
0,       1415,       1415,        1,  2531520, cf1ac6a2dd0a3b74474dee75c1e8551b
0,       1416,       1416,        1,  2531520, cf1ac6a2dd0a3b74474dee75c1e8551b
0,       1417,       1417,        1,  2531520, b140b7d39015876d0f34cfb1d302641c
0,       1418,       1418,        1,  2531520, b140b7d39015876d0f34cfb1d302641c
0,       1419,       1419,        1,  2531520, b140b7d39015876d0f34cfb1d302641c
0,       1420,       1420,        1,  2531520, 1b98129d50d770799523396ca9e09cfc
0,       1421,       1421,        1,  2531520, 1b98129d50d770799523396ca9e09cfc
0,       1422,       1422,        1,  2531520, 1b98129d50d770799523396ca9e09cfc
0,       1423,       1423,        1,  2531520, 651e258c165f7a94a9feebb2f9a69071
0,       1424,       1424,        1,  2531520, 651e258c165f7a94a9feebb2f9a69071
0,       1425,       1425,        1,  2531520, 651e258c165f7a94a9feebb2f9a69071
0,       1426,       1426,        1,  2531520, 651e258c165f7a94a9feebb2f9a69071
0,       1427,       1427,        1,  2531520, f22b3d559b4b4a0e7d05bd021b9f3d90
0,       1428,       1428,        1,  2531520, f22b3d559b4b4a0e7d05bd021b9f3d90
0,       1429,       1429,        1,  2531520, f22b3d559b4b4a0e7d05bd021b9f3d90
0,       1430,       1430,        1,  2531520, 0d1bc428b8ee1d858561cac882a23da3
0,       1431,       1431,        1,  2531520, 0d1bc428b8ee1d858561cac882a23da3
0,       1432,       1432,        1,  2531520, 0d1bc428b8ee1d858561cac882a23da3
0,       1433,       1433,        1,  2531520, 8dfcc483811db491d9a8849f18b454c4
0,       1434,       1434,        1,  2531520, 8dfcc483811db491d9a8849f18b454c4
0,       1435,       1435,        1,  2531520, 8dfcc483811db491d9a8849f18b454c4
0,       1436,       1436,        1,  2531520, 8c89384c45c39e103000a65297906e39
0,       1437,       1437,        1,  2531520, 8c89384c45c39e103000a65297906e39
0,       1438,       1438,        1,  2531520, 8c89384c45c39e103000a65297906e39
0,       1439,       1439,        1,  2531520, 04a4364958eda59581aa759ef46ebe79
0,       1440,       1440,        1,  2531520, 04a4364958eda59581aa759ef46ebe79
0,       1441,       1441,        1,  2531520, 04a4364958eda59581aa759ef46ebe79
0,       1442,       1442,        1,  2531520, 55fdefed1129f79368ecf62dd8efd384
0,       1443,       1443,        1,  2531520, 55fdefed1129f79368ecf62dd8efd384
0,       1444,       1444,        1,  2531520, 55fdefed1129f79368ecf62dd8efd384
0,       1445,       1445,        1,  2531520, 4a537fc6a1572228431c96b978abf3aa
0,       1446,       1446,        1,  2531520, 4a537fc6a1572228431c96b978abf3aa
0,       1447,       1447,        1,  2531520, 4a537fc6a1572228431c96b978abf3aa
0,       1448,       1448,        1,  2531520, 849b2d5d278045a75187ad7efda0d306
0,       1449,       1449,        1,  2531520, 849b2d5d278045a75187ad7efda0d306
0,       1450,       1450,        1,  2531520, 849b2d5d278045a75187ad7efda0d306
0,       1451,       1451,        1,  2531520, 5e895c27fe095d2b3ffc50f6e098bc59
0,       1452,       1452,        1,  2531520, 5e895c27fe095d2b3ffc50f6e098bc59
0,       1453,       1453,        1,  2531520, 5e895c27fe095d2b3ffc50f6e098bc59
0,       1454,       1454,        1,  2531520, 7da8c792db0b35d8ee99b45eadc87f83
0,       1455,       1455,        1,  2531520, 7da8c792db0b35d8ee99b45eadc87f83
0,       1456,       1456,        1,  2531520, 7da8c792db0b35d8ee99b45eadc87f83
0,       1457,       1457,        1,  2531520, 916b0402e0fa8c3688ef9942e540ec9c
0,       1458,       1458,        1,  2531520, 916b0402e0fa8c3688ef9942e540ec9c
0,       1459,       1459,        1,  2531520, 916b0402e0fa8c3688ef9942e540ec9c
0,       1460,       1460,        1,  2531520, cbe9fca089527bb772106e31ff2044a9
0,       1461,       1461,        1,  2531520, cbe9fca089527bb772106e31ff2044a9
0,       1462,       1462,        1,  2531520, cbe9fca089527bb772106e31ff2044a9
0,       1463,       1463,        1,  2531520, 1d1e9512b76e6b014d628b62f42800ff
0,       1464,       1464,        1,  2531520, 1d1e9512b76e6b014d628b62f42800ff
0,       1465,       1465,        1,  2531520, bfe3528d6a90db7412f20c53b41b088e
0,       1466,       1466,        1,  2531520, bfe3528d6a90db7412f20c53b41b088e
0,       1467,       1467,        1,  2531520, bfe3528d6a90db7412f20c53b41b088e
0,       1468,       1468,        1,  2531520, 937ca1cd4561d7e394baba66b416786f
0,       1469,       1469,        1,  2531520, 937ca1cd4561d7e394baba66b416786f
0,       1470,       1470,        1,  2531520, 937ca1cd4561d7e394baba66b416786f
0,       1471,       1471,        1,  2531520, 06b9fcd6e63fcb4940da984731f446d6
0,       1472,       1472,        1,  2531520, 06b9fcd6e63fcb4940da984731f446d6
0,       1473,       1473,        1,  2531520, 06b9fcd6e63fcb4940da984731f446d6
0,       1474,       1474,        1,  2531520, 06b9fcd6e63fcb4940da984731f446d6
0,       1475,       1475,        1,  2531520, 8a2d1b75d98b8422ec98c02fb794497b
0,       1476,       1476,        1,  2531520, 8a2d1b75d98b8422ec98c02fb794497b
0,       1477,       1477,        1,  2531520, 8a2d1b75d98b8422ec98c02fb794497b
0,       1478,       1478,        1,  2531520, b3ee84a53c84ec7bb237a87ba1be3bca
0,       1479,       1479,        1,  2531520, b3ee84a53c84ec7bb237a87ba1be3bca
0,       1480,       1480,        1,  2531520, b3ee84a53c84ec7bb237a87ba1be3bca
0,       1481,       1481,        1,  2531520, ae1cbea63bfa2c98b192018d562b9d1b
0,       1482,       1482,        1,  2531520, ae1cbea63bfa2c98b192018d562b9d1b
0,       1483,       1483,        1,  2531520, ae1cbea63bfa2c98b192018d562b9d1b
0,       1484,       1484,        1,  2531520, f917c17ce71996d91b99fc1449c33c9e
0,       1485,       1485,        1,  2531520, f917c17ce71996d91b99fc1449c33c9e
0,       1486,       1486,        1,  2531520, f917c17ce71996d91b99fc1449c33c9e
0,       1487,       1487,        1,  2531520, 56a80529db31e8c71752ea8ba67d648b
0,       1488,       1488,        1,  2531520, 56a80529db31e8c71752ea8ba67d648b
0,       1489,       1489,        1,  2531520, 56a80529db31e8c71752ea8ba67d648b
0,       1490,       1490,        1,  2531520, dba10e969bf29a2a501e4dcf9daeb7a7
0,       1491,       1491,        1,  2531520, dba10e969bf29a2a501e4dcf9daeb7a7
0,       1492,       1492,        1,  2531520, dba10e969bf29a2a501e4dcf9daeb7a7
0,       1493,       1493,        1,  2531520, 9ef3ed50470717b062a5b27c897559c9
0,       1494,       1494,        1,  2531520, 9ef3ed50470717b062a5b27c897559c9
0,       1495,       1495,        1,  2531520, 9ef3ed50470717b062a5b27c897559c9
0,       1496,       1496,        1,  2531520, 0386d287d3b8887b1d61f676d280b5a0
0,       1497,       1497,        1,  2531520, 0386d287d3b8887b1d61f676d280b5a0
0,       1498,       1498,        1,  2531520, 0386d287d3b8887b1d61f676d280b5a0
0,       1499,       1499,        1,  2531520, 5e82d7d81e927bd107c273c66a40d9d0
0,       1500,       1500,        1,  2531520, 5e82d7d81e927bd107c273c66a40d9d0
0,       1501,       1501,        1,  2531520, 5e82d7d81e927bd107c273c66a40d9d0
0,       1502,       1502,        1,  2531520, f5a88c0b4a92dc2b5e20fda201ddf23a
0,       1503,       1503,        1,  2531520, f5a88c0b4a92dc2b5e20fda201ddf23a
0,       1504,       1504,        1,  2531520, f5a88c0b4a92dc2b5e20fda201ddf23a
0,       1505,       1505,        1,  2531520, d007bd03c2aeaddc455defa36279192d
0,       1506,       1506,        1,  2531520, d007bd03c2aeaddc455defa36279192d
0,       1507,       1507,        1,  2531520, d007bd03c2aeaddc455defa36279192d
0,       1508,       1508,        1,  2531520, 1e0fa7fce2a3f6896a858b6355512ba3
0,       1509,       1509,        1,  2531520, 1e0fa7fce2a3f6896a858b6355512ba3
0,       1510,       1510,        1,  2531520, 1e0fa7fce2a3f6896a858b6355512ba3
0,       1511,       1511,        1,  2531520, 787dafc10eb276e2914864932dbb6572
0,       1512,       1512,        1,  2531520, 787dafc10eb276e2914864932dbb6572
0,       1513,       1513,        1,  2531520, 2c2693df2374bb8805c956b420eba098
0,       1514,       1514,        1,  2531520, 2c2693df2374bb8805c956b420eba098
0,       1515,       1515,        1,  2531520, 2c2693df2374bb8805c956b420eba098
0,       1516,       1516,        1,  2531520, f70ea27cddf074ef0d8ced93f639852d
0,       1517,       1517,        1,  2531520, f70ea27cddf074ef0d8ced93f639852d
0,       1518,       1518,        1,  2531520, f70ea27cddf074ef0d8ced93f639852d
0,       1519,       1519,        1,  2531520, 8a18fda4a480e104f0aa0721196f2cf4
0,       1520,       1520,        1,  2531520, 8a18fda4a480e104f0aa0721196f2cf4
0,       1521,       1521,        1,  2531520, 8a18fda4a480e104f0aa0721196f2cf4
0,       1522,       1522,        1,  2531520, 8a18fda4a480e104f0aa0721196f2cf4
0,       1523,       1523,        1,  2531520, 9d6fd7e4ed75115d88daf4ad4ae4c04c
0,       1524,       1524,        1,  2531520, 9d6fd7e4ed75115d88daf4ad4ae4c04c
0,       1525,       1525,        1,  2531520, 9d6fd7e4ed75115d88daf4ad4ae4c04c
0,       1526,       1526,        1,  2531520, 1282f5fcd6712c48051221ba820f7eaf
0,       1527,       1527,        1,  2531520, 1282f5fcd6712c48051221ba820f7eaf
0,       1528,       1528,        1,  2531520, 1282f5fcd6712c48051221ba820f7eaf
0,       1529,       1529,        1,  2531520, 855e89d7b1880b9084cd2ff54fcc05d9
0,       1530,       1530,        1,  2531520, 855e89d7b1880b9084cd2ff54fcc05d9
0,       1531,       1531,        1,  2531520, 855e89d7b1880b9084cd2ff54fcc05d9
0,       1532,       1532,        1,  2531520, 33ffdd461c24c27150dd2e7f64c3c2c5
0,       1533,       1533,        1,  2531520, 33ffdd461c24c27150dd2e7f64c3c2c5
0,       1534,       1534,        1,  2531520, 33ffdd461c24c27150dd2e7f64c3c2c5
0,       1535,       1535,        1,  2531520, 20fc44523c7308a4ea258e3a0716927e
0,       1536,       1536,        1,  2531520, 20fc44523c7308a4ea258e3a0716927e
0,       1537,       1537,        1,  2531520, 20fc44523c7308a4ea258e3a0716927e
0,       1538,       1538,        1,  2531520, 8274fcf4b59b5c9748c271fae7a80be3
0,       1539,       1539,        1,  2531520, 8274fcf4b59b5c9748c271fae7a80be3
0,       1540,       1540,        1,  2531520, 8274fcf4b59b5c9748c271fae7a80be3
0,       1541,       1541,        1,  2531520, e4ced941bf0b907f13f273806c7adcf2
0,       1542,       1542,        1,  2531520, e4ced941bf0b907f13f273806c7adcf2
0,       1543,       1543,        1,  2531520, e4ced941bf0b907f13f273806c7adcf2
0,       1544,       1544,        1,  2531520, b5800885b36bc67ac5411d5e9abe1226
0,       1545,       1545,        1,  2531520, b5800885b36bc67ac5411d5e9abe1226
0,       1546,       1546,        1,  2531520, b5800885b36bc67ac5411d5e9abe1226
0,       1547,       1547,        1,  2531520, 9b694c89287d1db6e4ec54c1445959f4
0,       1548,       1548,        1,  2531520, 9b694c89287d1db6e4ec54c1445959f4
0,       1549,       1549,        1,  2531520, 9b694c89287d1db6e4ec54c1445959f4
0,       1550,       1550,        1,  2531520, 61b001d649267b06cac0a3f6863f8912
0,       1551,       1551,        1,  2531520, 61b001d649267b06cac0a3f6863f8912
0,       1552,       1552,        1,  2531520, 61b001d649267b06cac0a3f6863f8912
0,       1553,       1553,        1,  2531520, d1a19750ad39fdb6cebe635778ba5cfa
0,       1554,       1554,        1,  2531520, d1a19750ad39fdb6cebe635778ba5cfa
0,       1555,       1555,        1,  2531520, d1a19750ad39fdb6cebe635778ba5cfa
0,       1556,       1556,        1,  2531520, 853c802eeea2c4e0569e24bb4eff7a00
0,       1557,       1557,        1,  2531520, 853c802eeea2c4e0569e24bb4eff7a00
0,       1558,       1558,        1,  2531520, 853c802eeea2c4e0569e24bb4eff7a00
0,       1559,       1559,        1,  2531520, 233f8da01a135acba4ac209943f39203
0,       1560,       1560,        1,  2531520, 233f8da01a135acba4ac209943f39203
0,       1561,       1561,        1,  2531520, 72c899382be122458cf121a3e3507c41
0,       1562,       1562,        1,  2531520, 72c899382be122458cf121a3e3507c41
0,       1563,       1563,        1,  2531520, 72c899382be122458cf121a3e3507c41
0,       1564,       1564,        1,  2531520, be7aa9c9d523cbee8107a5b6fea5f1e4
0,       1565,       1565,        1,  2531520, be7aa9c9d523cbee8107a5b6fea5f1e4
0,       1566,       1566,        1,  2531520, be7aa9c9d523cbee8107a5b6fea5f1e4
0,       1567,       1567,        1,  2531520, be7aa9c9d523cbee8107a5b6fea5f1e4
0,       1568,       1568,        1,  2531520, a24475a638f669fcb2dab040cb4d47ce
0,       1569,       1569,        1,  2531520, a24475a638f669fcb2dab040cb4d47ce
0,       1570,       1570,        1,  2531520, a24475a638f669fcb2dab040cb4d47ce
0,       1571,       1571,        1,  2531520, 63aecfe4c3f85d0679d7745716eb6e08
0,       1572,       1572,        1,  2531520, 63aecfe4c3f85d0679d7745716eb6e08
0,       1573,       1573,        1,  2531520, 63aecfe4c3f85d0679d7745716eb6e08
0,       1574,       1574,        1,  2531520, 70e609379de15967b83c6744766e032e
0,       1575,       1575,        1,  2531520, 70e609379de15967b83c6744766e032e
0,       1576,       1576,        1,  2531520, 70e609379de15967b83c6744766e032e
0,       1577,       1577,        1,  2531520, 02c22916c3efa007fd089ee01f81d8a5
0,       1578,       1578,        1,  2531520, 02c22916c3efa007fd089ee01f81d8a5
0,       1579,       1579,        1,  2531520, 02c22916c3efa007fd089ee01f81d8a5
0,       1580,       1580,        1,  2531520, fd4004d386c3e6af941c1cd45bf95ac7
0,       1581,       1581,        1,  2531520, fd4004d386c3e6af941c1cd45bf95ac7
0,       1582,       1582,        1,  2531520, fd4004d386c3e6af941c1cd45bf95ac7
0,       1583,       1583,        1,  2531520, d8943f41b462f0984c6ae60069b6a246
0,       1584,       1584,        1,  2531520, d8943f41b462f0984c6ae60069b6a246
0,       1585,       1585,        1,  2531520, d8943f41b462f0984c6ae60069b6a246
0,       1586,       1586,        1,  2531520, 42b190c186956992b2c38a2c88d1759f
0,       1587,       1587,        1,  2531520, 42b190c186956992b2c38a2c88d1759f
0,       1588,       1588,        1,  2531520, 42b190c186956992b2c38a2c88d1759f
0,       1589,       1589,        1,  2531520, 8594f4ce43212d8196c2704061366a5c
0,       1590,       1590,        1,  2531520, 8594f4ce43212d8196c2704061366a5c
0,       1591,       1591,        1,  2531520, 8594f4ce43212d8196c2704061366a5c
0,       1592,       1592,        1,  2531520, 324f08ce9df6e4a83dc8b1d3c5967bc8
0,       1593,       1593,        1,  2531520, 324f08ce9df6e4a83dc8b1d3c5967bc8
0,       1594,       1594,        1,  2531520, 324f08ce9df6e4a83dc8b1d3c5967bc8
0,       1595,       1595,        1,  2531520, 487e13ff7b2844f3d4c4549b905ddc4a
0,       1596,       1596,        1,  2531520, 487e13ff7b2844f3d4c4549b905ddc4a
0,       1597,       1597,        1,  2531520, 487e13ff7b2844f3d4c4549b905ddc4a
0,       1598,       1598,        1,  2531520, 3b8b8b677a058a06c6361b14936cda20
0,       1599,       1599,        1,  2531520, 3b8b8b677a058a06c6361b14936cda20
0,       1600,       1600,        1,  2531520, 3b8b8b677a058a06c6361b14936cda20
0,       1601,       1601,        1,  2531520, d6ea342f2a1279e8bd1492fab58c80ef
0,       1602,       1602,        1,  2531520, d6ea342f2a1279e8bd1492fab58c80ef
0,       1603,       1603,        1,  2531520, d6ea342f2a1279e8bd1492fab58c80ef
0,       1604,       1604,        1,  2531520, ee40848af5d90dd48b0ea5a90272b1b5
0,       1605,       1605,        1,  2531520, ee40848af5d90dd48b0ea5a90272b1b5
0,       1606,       1606,        1,  2531520, ee40848af5d90dd48b0ea5a90272b1b5
0,       1607,       1607,        1,  2531520, ea0c33d35e8c29c1bb7c5aba525c1408
0,       1608,       1608,        1,  2531520, ea0c33d35e8c29c1bb7c5aba525c1408
0,       1609,       1609,        1,  2531520, 62b473f56eab19997d4b075cb90d945f
0,       1610,       1610,        1,  2531520, 62b473f56eab19997d4b075cb90d945f
0,       1611,       1611,        1,  2531520, 62b473f56eab19997d4b075cb90d945f
0,       1612,       1612,        1,  2531520, e4a17b1a8161ebf5485e940698e67684
0,       1613,       1613,        1,  2531520, e4a17b1a8161ebf5485e940698e67684
0,       1614,       1614,        1,  2531520, e4a17b1a8161ebf5485e940698e67684
0,       1615,       1615,        1,  2531520, c672c6ea3cb231b3870e2e65e92b0cf4
0,       1616,       1616,        1,  2531520, c672c6ea3cb231b3870e2e65e92b0cf4
0,       1617,       1617,        1,  2531520, c672c6ea3cb231b3870e2e65e92b0cf4
0,       1618,       1618,        1,  2531520, c672c6ea3cb231b3870e2e65e92b0cf4
0,       1619,       1619,        1,  2531520, 684b61d41f30192fc81eb167e87fb291
0,       1620,       1620,        1,  2531520, 684b61d41f30192fc81eb167e87fb291
0,       1621,       1621,        1,  2531520, 563d4970fceb866ba1bdbca49c29f1c8
0,       1622,       1622,        1,  2531520, 563d4970fceb866ba1bdbca49c29f1c8
0,       1623,       1623,        1,  2531520, 563d4970fceb866ba1bdbca49c29f1c8
0,       1624,       1624,        1,  2531520, 563d4970fceb866ba1bdbca49c29f1c8
0,       1625,       1625,        1,  2531520, 476cf4ed8012f886d975f1bed9a4c95b
0,       1626,       1626,        1,  2531520, 476cf4ed8012f886d975f1bed9a4c95b
0,       1627,       1627,        1,  2531520, 1a09a310c07cff14b9ee381ae435a2f8
0,       1628,       1628,        1,  2531520, 1a09a310c07cff14b9ee381ae435a2f8
0,       1629,       1629,        1,  2531520, 1a09a310c07cff14b9ee381ae435a2f8
0,       1630,       1630,        1,  2531520, 1a09a310c07cff14b9ee381ae435a2f8
0,       1631,       1631,        1,  2531520, f93b9178de6fca4970a084ff9b935170
0,       1632,       1632,        1,  2531520, f93b9178de6fca4970a084ff9b935170
0,       1633,       1633,        1,  2531520, 251554b8a914251fbaf8e374ad4a5b8d
0,       1634,       1634,        1,  2531520, 251554b8a914251fbaf8e374ad4a5b8d
0,       1635,       1635,        1,  2531520, 251554b8a914251fbaf8e374ad4a5b8d
0,       1636,       1636,        1,  2531520, f6d545e556875abe593d9e191d2e32ed
0,       1637,       1637,        1,  2531520, f6d545e556875abe593d9e191d2e32ed
0,       1638,       1638,        1,  2531520, f6d545e556875abe593d9e191d2e32ed
0,       1639,       1639,        1,  2531520, 19eabc744a0c5fdf8fe39b2587ea6ac0
0,       1640,       1640,        1,  2531520, 19eabc744a0c5fdf8fe39b2587ea6ac0
0,       1641,       1641,        1,  2531520, 19eabc744a0c5fdf8fe39b2587ea6ac0
0,       1642,       1642,        1,  2531520, eac96c0e18bd489270df0f45435f1b56
0,       1643,       1643,        1,  2531520, eac96c0e18bd489270df0f45435f1b56
0,       1644,       1644,        1,  2531520, eac96c0e18bd489270df0f45435f1b56
0,       1645,       1645,        1,  2531520, 230b40932748ce854a03eaf4c2fa008f
0,       1646,       1646,        1,  2531520, 230b40932748ce854a03eaf4c2fa008f
0,       1647,       1647,        1,  2531520, 230b40932748ce854a03eaf4c2fa008f
0,       1648,       1648,        1,  2531520, 51ba1014b18e5f22477ad451bf23f802
0,       1649,       1649,        1,  2531520, 51ba1014b18e5f22477ad451bf23f802
0,       1650,       1650,        1,  2531520, 51ba1014b18e5f22477ad451bf23f802
0,       1651,       1651,        1,  2531520, 43d4079a2d9bd3a3dcde4e7f32df73a9
0,       1652,       1652,        1,  2531520, 43d4079a2d9bd3a3dcde4e7f32df73a9
0,       1653,       1653,        1,  2531520, 43d4079a2d9bd3a3dcde4e7f32df73a9
0,       1654,       1654,        1,  2531520, 43d4079a2d9bd3a3dcde4e7f32df73a9
0,       1655,       1655,        1,  2531520, f5b42f0637978249cd9911dd0932a7fa
0,       1656,       1656,        1,  2531520, f5b42f0637978249cd9911dd0932a7fa
0,       1657,       1657,        1,  2531520, f76a1f7ce1afb5d2373703d4cb3fa9ae
0,       1658,       1658,        1,  2531520, f76a1f7ce1afb5d2373703d4cb3fa9ae
0,       1659,       1659,        1,  2531520, f76a1f7ce1afb5d2373703d4cb3fa9ae
0,       1660,       1660,        1,  2531520, b3987e403473c31f52bd4a22e62022ff
0,       1661,       1661,        1,  2531520, b3987e403473c31f52bd4a22e62022ff
0,       1662,       1662,        1,  2531520, b3987e403473c31f52bd4a22e62022ff
0,       1663,       1663,        1,  2531520, e456da3fa62645f10b2894168dee2726
0,       1664,       1664,        1,  2531520, e456da3fa62645f10b2894168dee2726
0,       1665,       1665,        1,  2531520, e456da3fa62645f10b2894168dee2726
0,       1666,       1666,        1,  2531520, e456da3fa62645f10b2894168dee2726
0,       1667,       1667,        1,  2531520, 5c20529806278a88db17b37103507de1
0,       1668,       1668,        1,  2531520, 5c20529806278a88db17b37103507de1
0,       1669,       1669,        1,  2531520, 30ecb497728beb467603be8e316a3ce4
0,       1670,       1670,        1,  2531520, 30ecb497728beb467603be8e316a3ce4
0,       1671,       1671,        1,  2531520, 30ecb497728beb467603be8e316a3ce4
0,       1672,       1672,        1,  2531520, 30ecb497728beb467603be8e316a3ce4
0,       1673,       1673,        1,  2531520, f4e86c5cf5a434d24791a0bf761bc555
0,       1674,       1674,        1,  2531520, f4e86c5cf5a434d24791a0bf761bc555
0,       1675,       1675,        1,  2531520, fd48f9af154e726c65b9dea90d44bc18
0,       1676,       1676,        1,  2531520, fd48f9af154e726c65b9dea90d44bc18
0,       1677,       1677,        1,  2531520, fd48f9af154e726c65b9dea90d44bc18
0,       1678,       1678,        1,  2531520, fd48f9af154e726c65b9dea90d44bc18
0,       1679,       1679,        1,  2531520, 61fe9b8fb6fe426843d57d34b767dbcb
0,       1680,       1680,        1,  2531520, 61fe9b8fb6fe426843d57d34b767dbcb
0,       1681,       1681,        1,  2531520, e9e69f48b46042b89507f182add396b8
0,       1682,       1682,        1,  2531520, e9e69f48b46042b89507f182add396b8
0,       1683,       1683,        1,  2531520, e9e69f48b46042b89507f182add396b8
0,       1684,       1684,        1,  2531520, e9e69f48b46042b89507f182add396b8
0,       1685,       1685,        1,  2531520, d4f420575d66696229633be2ca7f1786
0,       1686,       1686,        1,  2531520, d4f420575d66696229633be2ca7f1786
0,       1687,       1687,        1,  2531520, 178d6dbeeed9a0579207cabc724c1999
0,       1688,       1688,        1,  2531520, 178d6dbeeed9a0579207cabc724c1999
0,       1689,       1689,        1,  2531520, 178d6dbeeed9a0579207cabc724c1999
0,       1690,       1690,        1,  2531520, 178d6dbeeed9a0579207cabc724c1999
0,       1691,       1691,        1,  2531520, c1115a2a238b88c946159a563f4ce4e3
0,       1692,       1692,        1,  2531520, c1115a2a238b88c946159a563f4ce4e3
0,       1693,       1693,        1,  2531520, b786a86a2ad97d6ff1e4d3e9f8bb6bf1
0,       1694,       1694,        1,  2531520, b786a86a2ad97d6ff1e4d3e9f8bb6bf1
0,       1695,       1695,        1,  2531520, b786a86a2ad97d6ff1e4d3e9f8bb6bf1
0,       1696,       1696,        1,  2531520, b786a86a2ad97d6ff1e4d3e9f8bb6bf1
0,       1697,       1697,        1,  2531520, 43a1d70db6d3f59373c4ad056f38915c
0,       1698,       1698,        1,  2531520, 43a1d70db6d3f59373c4ad056f38915c
0,       1699,       1699,        1,  2531520, 767e67a66d31d033b9b6ce6435dea443
0,       1700,       1700,        1,  2531520, 767e67a66d31d033b9b6ce6435dea443
0,       1701,       1701,        1,  2531520, 767e67a66d31d033b9b6ce6435dea443
0,       1702,       1702,        1,  2531520, e2103918400b9ac5afbcdffc48e7e684
0,       1703,       1703,        1,  2531520, e2103918400b9ac5afbcdffc48e7e684
0,       1704,       1704,        1,  2531520, e2103918400b9ac5afbcdffc48e7e684
0,       1705,       1705,        1,  2531520, 1dc78346c090cbf279fc13bc5d273d4b
0,       1706,       1706,        1,  2531520, 1dc78346c090cbf279fc13bc5d273d4b
0,       1707,       1707,        1,  2531520, 1dc78346c090cbf279fc13bc5d273d4b
0,       1708,       1708,        1,  2531520, aafce243499fdefe5a5ebf10decb84ed
0,       1709,       1709,        1,  2531520, aafce243499fdefe5a5ebf10decb84ed
0,       1710,       1710,        1,  2531520, aafce243499fdefe5a5ebf10decb84ed
0,       1711,       1711,        1,  2531520, 45fe1cb3638877079674fe5d9068e94f
0,       1712,       1712,        1,  2531520, 45fe1cb3638877079674fe5d9068e94f
0,       1713,       1713,        1,  2531520, 45fe1cb3638877079674fe5d9068e94f
0,       1714,       1714,        1,  2531520, 45fe1cb3638877079674fe5d9068e94f
0,       1715,       1715,        1,  2531520, 2c42f5050c5e6525989689b0cb1fce34
0,       1716,       1716,        1,  2531520, 2c42f5050c5e6525989689b0cb1fce34
0,       1717,       1717,        1,  2531520, 25746d027ee7c017f046424251554c77
0,       1718,       1718,        1,  2531520, 25746d027ee7c017f046424251554c77
0,       1719,       1719,        1,  2531520, 25746d027ee7c017f046424251554c77
0,       1720,       1720,        1,  2531520, e91a4f6f24f4e7dabe50064781d4474f
0,       1721,       1721,        1,  2531520, e91a4f6f24f4e7dabe50064781d4474f
0,       1722,       1722,        1,  2531520, e91a4f6f24f4e7dabe50064781d4474f
0,       1723,       1723,        1,  2531520, 339726a90e91844397cfd41a13fa4d7a
0,       1724,       1724,        1,  2531520, 339726a90e91844397cfd41a13fa4d7a
0,       1725,       1725,        1,  2531520, 339726a90e91844397cfd41a13fa4d7a
0,       1726,       1726,        1,  2531520, 339726a90e91844397cfd41a13fa4d7a
0,       1727,       1727,        1,  2531520, 2634ee2d3282476954a571a00f42e556
0,       1728,       1728,        1,  2531520, 2634ee2d3282476954a571a00f42e556
0,       1729,       1729,        1,  2531520, 999e9aff361ab3cdbb876c9f3e597d44
0,       1730,       1730,        1,  2531520, 999e9aff361ab3cdbb876c9f3e597d44
0,       1731,       1731,        1,  2531520, 999e9aff361ab3cdbb876c9f3e597d44
0,       1732,       1732,        1,  2531520, 8d47771b2257ecf240069d25a583f5de
0,       1733,       1733,        1,  2531520, 8d47771b2257ecf240069d25a583f5de
0,       1734,       1734,        1,  2531520, 8d47771b2257ecf240069d25a583f5de
0,       1735,       1735,        1,  2531520, ba2c6de3a85216e9d215da89b4cdc576
0,       1736,       1736,        1,  2531520, ba2c6de3a85216e9d215da89b4cdc576
0,       1737,       1737,        1,  2531520, ba2c6de3a85216e9d215da89b4cdc576
0,       1738,       1738,        1,  2531520, 71290e5e5e1f73828293ffd3098c48b3
0,       1739,       1739,        1,  2531520, 71290e5e5e1f73828293ffd3098c48b3
0,       1740,       1740,        1,  2531520, 71290e5e5e1f73828293ffd3098c48b3
0,       1741,       1741,        1,  2531520, 03506dccbfdf0f40eff54fec9766f2ba
0,       1742,       1742,        1,  2531520, 03506dccbfdf0f40eff54fec9766f2ba
0,       1743,       1743,        1,  2531520, 03506dccbfdf0f40eff54fec9766f2ba
0,       1744,       1744,        1,  2531520, 03506dccbfdf0f40eff54fec9766f2ba
0,       1745,       1745,        1,  2531520, 6bd48904245d717e06b2c2a3ad4dbb7e
0,       1746,       1746,        1,  2531520, 6bd48904245d717e06b2c2a3ad4dbb7e
0,       1747,       1747,        1,  2531520, 9d076c6bedd3df7249fd1d99af32b48d
0,       1748,       1748,        1,  2531520, 9d076c6bedd3df7249fd1d99af32b48d
0,       1749,       1749,        1,  2531520, 9d076c6bedd3df7249fd1d99af32b48d
0,       1750,       1750,        1,  2531520, 9d076c6bedd3df7249fd1d99af32b48d
0,       1751,       1751,        1,  2531520, 984f6c06ac868672e7e7e6e0c8e0e722
0,       1752,       1752,        1,  2531520, 984f6c06ac868672e7e7e6e0c8e0e722
0,       1753,       1753,        1,  2531520, be406ea6b51ba6e0b2145213380468a3
0,       1754,       1754,        1,  2531520, be406ea6b51ba6e0b2145213380468a3
0,       1755,       1755,        1,  2531520, be406ea6b51ba6e0b2145213380468a3
0,       1756,       1756,        1,  2531520, b8de58fa39074fa9f1c7b353198f76f9
0,       1757,       1757,        1,  2531520, b8de58fa39074fa9f1c7b353198f76f9
0,       1758,       1758,        1,  2531520, b8de58fa39074fa9f1c7b353198f76f9
0,       1759,       1759,        1,  2531520, 6010cea79efdd04522886953aa03312e
0,       1760,       1760,        1,  2531520, 6010cea79efdd04522886953aa03312e
0,       1761,       1761,        1,  2531520, 6010cea79efdd04522886953aa03312e
0,       1762,       1762,        1,  2531520, 0476fd0c55cfe587615d75d4f7f47d59
0,       1763,       1763,        1,  2531520, 0476fd0c55cfe587615d75d4f7f47d59
0,       1764,       1764,        1,  2531520, 0476fd0c55cfe587615d75d4f7f47d59
0,       1765,       1765,        1,  2531520, d077d9307ffcf757549f235f03700b3b
0,       1766,       1766,        1,  2531520, d077d9307ffcf757549f235f03700b3b
0,       1767,       1767,        1,  2531520, d077d9307ffcf757549f235f03700b3b
0,       1768,       1768,        1,  2531520, d3b83da2ebe41caef4b58642d7ad3fec
0,       1769,       1769,        1,  2531520, d3b83da2ebe41caef4b58642d7ad3fec
0,       1770,       1770,        1,  2531520, d3b83da2ebe41caef4b58642d7ad3fec
0,       1771,       1771,        1,  2531520, 271bf4a0206ed5457fa5bd2a5e6a50f8
0,       1772,       1772,        1,  2531520, 271bf4a0206ed5457fa5bd2a5e6a50f8
0,       1773,       1773,        1,  2531520, 271bf4a0206ed5457fa5bd2a5e6a50f8
0,       1774,       1774,        1,  2531520, 271bf4a0206ed5457fa5bd2a5e6a50f8
0,       1775,       1775,        1,  2531520, c21ae290de8dd9c1efd328d83324524c
0,       1776,       1776,        1,  2531520, c21ae290de8dd9c1efd328d83324524c
0,       1777,       1777,        1,  2531520, 3961fae166b31cc500e3bcc2714ddae2
0,       1778,       1778,        1,  2531520, 3961fae166b31cc500e3bcc2714ddae2
0,       1779,       1779,        1,  2531520, 3961fae166b31cc500e3bcc2714ddae2
0,       1780,       1780,        1,  2531520, 3961fae166b31cc500e3bcc2714ddae2
0,       1781,       1781,        1,  2531520, f74b34f4aba100ca3807b339dbedbc0c
0,       1782,       1782,        1,  2531520, f74b34f4aba100ca3807b339dbedbc0c
0,       1783,       1783,        1,  2531520, 3521e049f5c7a2b70b9a6d460ad7f4f6
0,       1784,       1784,        1,  2531520, 3521e049f5c7a2b70b9a6d460ad7f4f6
0,       1785,       1785,        1,  2531520, 3521e049f5c7a2b70b9a6d460ad7f4f6
0,       1786,       1786,        1,  2531520, 3521e049f5c7a2b70b9a6d460ad7f4f6
0,       1787,       1787,        1,  2531520, 327405570f8e57ead0a8e7ea9d08a2a7
0,       1788,       1788,        1,  2531520, 327405570f8e57ead0a8e7ea9d08a2a7
0,       1789,       1789,        1,  2531520, a1c34ddc00f0900d17979fb892cf5b12
0,       1790,       1790,        1,  2531520, a1c34ddc00f0900d17979fb892cf5b12
0,       1791,       1791,        1,  2531520, a1c34ddc00f0900d17979fb892cf5b12
0,       1792,       1792,        1,  2531520, c09eb0df47909019c802f55420161454
0,       1793,       1793,        1,  2531520, c09eb0df47909019c802f55420161454
0,       1794,       1794,        1,  2531520, c09eb0df47909019c802f55420161454
0,       1795,       1795,        1,  2531520, 85ded8205b6d995a6f8fb47536e78a18
0,       1796,       1796,        1,  2531520, 85ded8205b6d995a6f8fb47536e78a18
0,       1797,       1797,        1,  2531520, 85ded8205b6d995a6f8fb47536e78a18
0,       1798,       1798,        1,  2531520, 6f66bca358cb90904b8a84fd7af506d8
0,       1799,       1799,        1,  2531520, 6f66bca358cb90904b8a84fd7af506d8
