#format: frame checksums
#version: 2
#hash: MD5
#software: Lavf61.7.103
#tb 0: 1/60
#media_type 0: video
#codec_id 0: rawvideo
#dimensions 0: 879x720
#sar 0: 0/1
#stream#, dts,        pts, duration,     size, hash
0,          0,          0,        1,  2531520, fc83a640ebef7331359bca1db695f303
0,          1,          1,        1,  2531520, b17cc1ab8a5e9b026860f96e31113b91
0,          2,          2,        1,  2531520, bfa4afff81962a140d5ef910d7b954f2
0,          3,          3,        1,  2531520, a5b3589e7d3af4c4feba1613ee47d90e
0,          4,          4,        1,  2531520, 22145f386d6be84a01077343449f22e4
0,          5,          5,        1,  2531520, eb895a5ff9991d49e6ceda058c61011a
0,          6,          6,        1,  2531520, 76a3ea3499dc9b0fcb1925493a0d9eef
0,          7,          7,        1,  2531520, b595f4973644092f69bc7e6fdc70acc8
0,          8,          8,        1,  2531520, 9a54120666beed8f636546a8f5e50034
0,          9,          9,        1,  2531520, bae448ee144a38fbf1d48d2333a26466
0,         10,         10,        1,  2531520, 331621d796230c66b1e599d51522f187
0,         11,         11,        1,  2531520, 830af9c34d447fd3895de0e6b46172e4
0,         12,         12,        1,  2531520, f87e3cbed705be83e2474d8da9a93998
0,         13,         13,        1,  2531520, 1cd12558665fc2fd0fb7bb76f8beecee
0,         14,         14,        1,  2531520, 334720125ace902fc392660c7b2e35af
0,         15,         15,        1,  2531520, d1c65f587177fa1c6da87605bd46763a
0,         16,         16,        1,  2531520, 4b764b9f56ca467b93304155e7211b3d
0,         17,         17,        1,  2531520, c77d13f1069545bb9578e13d01fd83c5
0,         18,         18,        1,  2531520, 6d63dbfd20c70365e41d2eb612e5f833
0,         19,         19,        1,  2531520, 77513b6d9349a49050ca31f65fa719cd
0,         20,         20,        1,  2531520, 9bd0e1f60e3a51b534e64d37d9649e9b
0,         21,         21,        1,  2531520, a2fca4b6dc89802b8c1e8589128f457c
0,         22,         22,        1,  2531520, cecac9de4422244f7be6034f1193b557
0,         23,         23,        1,  2531520, 0fa278e512ebb156e16f5c98f3e2b82c
0,         24,         24,        1,  2531520, 4f90ba2a8a56747c94a8232d2f9dc6a4
0,         25,         25,        1,  2531520, 3833ba91e5645d7ff29fd3fefb69fa28
0,         26,         26,        1,  2531520, 67f731cad7f13157798fa63563baf75a
0,         27,         27,        1,  2531520, 2bcc07763233880731f6bd15c3c47f01
0,         28,         28,        1,  2531520, e274bbdb15f5e80c3e5099ad135d55de
0,         29,         29,        1,  2531520, 71185c410577800d7b86540f5f0e79a2
0,         30,         30,        1,  2531520, 3e36c87657a024288eb8d6d16324d6dc
0,         31,         31,        1,  2531520, 05e3c87c2262b380888c8cad585a7822
0,         32,         32,        1,  2531520, c426bf1de000e17e14256ab2045d48f0
0,         33,         33,        1,  2531520, ac5d8f7d0d19ae14e624dc893fb24002
0,         34,         34,        1,  2531520, 54cb5c923f7e0d27002a41516ef87f09
0,         35,         35,        1,  2531520, 1e71eaf00dc60dcba7dcf91724be1ee4
0,         36,         36,        1,  2531520, 76b70497dbbcae6aa1f5457d23b7e201
0,         37,         37,        1,  2531520, 5f243c928058cff52cdde6323e403a83
0,         38,         38,        1,  2531520, 7b91862cb2cdd4bba2f2790c91762f81
0,         39,         39,        1,  2531520, 5746278e8a02cb8c90d60149aaa41c87
0,         40,         40,        1,  2531520, 8d84533552f5db1f567d476a29f85d3d
0,         41,         41,        1,  2531520, 70c22ccdb8399af53a7820a617d45f71
0,         42,         42,        1,  2531520, 281e17d5abb38bd37215b43fb91a1c91
0,         43,         43,        1,  2531520, bd29525db8526ce1f565fc1bf069217b
0,         44,         44,        1,  2531520, 4cc5d58db60d41c9b5bc75736c72320c
0,         45,         45,        1,  2531520, 27bc5c3bbcf599d000105121c2225992
0,         46,         46,        1,  2531520, 64208819805f665fdb740b810ba516bf
0,         47,         47,        1,  2531520, 89856d6f93a72bfdd9d6108d4b3070a2
0,         48,         48,        1,  2531520, e5c86885beef3d351a2cc55fbaadd8a9
0,         49,         49,        1,  2531520, c4f92470e65c2f33aa0c3331b7670289
0,         50,         50,        1,  2531520, 1c2a2fef12c8094971bc4ea5f966bf3e
0,         51,         51,        1,  2531520, 86e99d6ce1cdc4d41cba3bf470b77ea0
0,         52,         52,        1,  2531520, bc8131f7058c0e28473f929e1e290a40
0,         53,         53,        1,  2531520, 60cf9fb15ea120b6b1eaf2b25b200fd5
0,         54,         54,        1,  2531520, 85fa9ad4e6ac9ae814c2e8f92b8e65b4
0,         55,         55,        1,  2531520, 508d3529f13568f3aeb4b68882d8e38a
0,         56,         56,        1,  2531520, a3869363a3a6354ed8cc2bc49c1823cd
0,         57,         57,        1,  2531520, eb167546022cd0431053e3d30febfd9b
0,         58,         58,        1,  2531520, 20bf5b615d3848fad407d1c78b3359b7
0,         59,         59,        1,  2531520, c1ff63b275a1cfea531406db74eb138d
0,         60,         60,        1,  2531520, 489447b1ae81bd4383ee66466dc77029
0,         61,         61,        1,  2531520, d7bff8ea6b397f8a9b9e1c03275aae1a
0,         62,         62,        1,  2531520, 49629a2b9d0af50995623ab36e631472
0,         63,         63,        1,  2531520, 4192483d19bbb8b81238a8909d429f69
0,         64,         64,        1,  2531520, f6883106c8decee134d24ef26f5f9a33
0,         65,         65,        1,  2531520, 5932bac29aabf10dc8ea091b202e8f9c
0,         66,         66,        1,  2531520, 2feb203056a7325e092e96b432d8e82e
0,         67,         67,        1,  2531520, 766a5ba80514114e302f704512578b60
0,         68,         68,        1,  2531520, 71383d8a30e290b68ac4f76eb3abbbac
0,         69,         69,        1,  2531520, 1b7c028a1218b49ce64e5f9060b7e843
0,         70,         70,        1,  2531520, 91b4e0e16e14d920e69b0cad65df1fb8
0,         71,         71,        1,  2531520, 80b51cce0267533ecb056520d85ec17a
0,         72,         72,        1,  2531520, 166a40ab833eff9dacaeb55280eb7a92
0,         73,         73,        1,  2531520, d78d484139d4ccba6bc100c125e43173
0,         74,         74,        1,  2531520, 718bcb7f9bb1673f714f17eb6e73522f
0,         75,         75,        1,  2531520, 41ec03af03f35574fb232f1fa9a4d786
0,         76,         76,        1,  2531520, 904437c85c23fbf4af736b7dfadedeac
0,         77,         77,        1,  2531520, fe63319de8fe15749a50c01925d20923
0,         78,         78,        1,  2531520, 8af2677098f175f6f52d07813566678d
0,         79,         79,        1,  2531520, 5f53ae8681dc9025cc95b1f22ffc7587
0,         80,         80,        1,  2531520, e96a092a8ee8ac556a7453d2f07c6051
0,         81,         81,        1,  2531520, 2b5ba2a10a624a0532c7c0cfb83817a9
0,         82,         82,        1,  2531520, a570a0d41907d459b781117b1d85e401
0,         83,         83,        1,  2531520, 244028f1fa0249d879518d82e9d12486
0,         84,         84,        1,  2531520, 79b9f32924cc837252826856512b7443
0,         85,         85,        1,  2531520, 3e22434efdfe7fb6a0335ab1c913c255
0,         86,         86,        1,  2531520, 8261450a2157b0a85956117e91d8dfa3
0,         87,         87,        1,  2531520, e125877078ce7abfb2de37014d4cdc70
0,         88,         88,        1,  2531520, f73ff84821f0235eb4e47f703899d535
0,         89,         89,        1,  2531520, 481d689b55690d00c5e75f668ac38c18
0,         90,         90,        1,  2531520, 6c84ed486eb491d420f97df5167493dd
0,         91,         91,        1,  2531520, 99fa3fe76efa194bc83dc75aa21e4c3e
0,         92,         92,        1,  2531520, edf04efe9a6c5bd9d85d359659218c2b
0,         93,         93,        1,  2531520, 12cd76cb9ed7fa0e7b74beddd747165a
0,         94,         94,        1,  2531520, 26979f56132266abab4564ee09cd225c
0,         95,         95,        1,  2531520, 81df4992ac4779d436a4e0ef62c4a933
0,         96,         96,        1,  2531520, c68f1801a6855b7f5a5542a598b5577b
0,         97,         97,        1,  2531520, 3d2fa741e2c77a622c51eced7ca343a1
0,         98,         98,        1,  2531520, 3bae4bdf608b26f9945903b837fca766
0,         99,         99,        1,  2531520, e62bbb5ab1cfaa89be193d91df19a6dc
0,        100,        100,        1,  2531520, 816412bfa5ed3b33fd2540f0feb7f5a8
0,        101,        101,        1,  2531520, 8f7b6a768e134efaf02c22860ba65862
0,        102,        102,        1,  2531520, 70aaa552d907c35f30ac2dea5d4bef39
0,        103,        103,        1,  2531520, 435debf99e1c6161f484615f3876a620
0,        104,        104,        1,  2531520, 499cd248b895a88add274ec152058132
0,        105,        105,        1,  2531520, 931b269b9aa20fdcb29ec1bc1cf1f85d
0,        106,        106,        1,  2531520, 2a949f6c719453332289bc03cd5360ac
0,        107,        107,        1,  2531520, 9510e6c24c647b3b4226654b1b30b4f7
0,        108,        108,        1,  2531520, ba1f52caa13bd57290ba1de6166ff9dd
0,        109,        109,        1,  2531520, 8c159c75d85173713aa69d7a8ef94107
0,        110,        110,        1,  2531520, c0a5132d459a5ea304c850644605c7e8
0,        111,        111,        1,  2531520, 81e8bb1bd5d159bf995952e02e1174bf
0,        112,        112,        1,  2531520, 51cc09609701cbccf5f961371fb9bb91
0,        113,        113,        1,  2531520, 51cc09609701cbccf5f961371fb9bb91
0,        114,        114,        1,  2531520, 51cc09609701cbccf5f961371fb9bb91
0,        115,        115,        1,  2531520, 51cc09609701cbccf5f961371fb9bb91
0,        116,        116,        1,  2531520, 51cc09609701cbccf5f961371fb9bb91
0,        117,        117,        1,  2531520, 51cc09609701cbccf5f961371fb9bb91
0,        118,        118,        1,  2531520, 51cc09609701cbccf5f961371fb9bb91
0,        119,        119,        1,  2531520, 51cc09609701cbccf5f961371fb9bb91
0,        120,        120,        1,  2531520, 51cc09609701cbccf5f961371fb9bb91
0,        121,        121,        1,  2531520, 51cc09609701cbccf5f961371fb9bb91
0,        122,        122,        1,  2531520, 51cc09609701cbccf5f961371fb9bb91
0,        123,        123,        1,  2531520, 51cc09609701cbccf5f961371fb9bb91
0,        124,        124,        1,  2531520, 51cc09609701cbccf5f961371fb9bb91
0,        125,        125,        1,  2531520, 51cc09609701cbccf5f961371fb9bb91
0,        126,        126,        1,  2531520, 51cc09609701cbccf5f961371fb9bb91
0,        127,        127,        1,  2531520, 51cc09609701cbccf5f961371fb9bb91
0,        128,        128,        1,  2531520, 51cc09609701cbccf5f961371fb9bb91
0,        129,        129,        1,  2531520, 51cc09609701cbccf5f961371fb9bb91
0,        130,        130,        1,  2531520, 51cc09609701cbccf5f961371fb9bb91
0,        131,        131,        1,  2531520, 51cc09609701cbccf5f961371fb9bb91
0,        132,        132,        1,  2531520, 51cc09609701cbccf5f961371fb9bb91
0,        133,        133,        1,  2531520, 51cc09609701cbccf5f961371fb9bb91
0,        134,        134,        1,  2531520, 51cc09609701cbccf5f961371fb9bb91
0,        135,        135,        1,  2531520, 51cc09609701cbccf5f961371fb9bb91
0,        136,        136,        1,  2531520, 51cc09609701cbccf5f961371fb9bb91
0,        137,        137,        1,  2531520, 51cc09609701cbccf5f961371fb9bb91
0,        138,        138,        1,  2531520, 51cc09609701cbccf5f961371fb9bb91
0,        139,        139,        1,  2531520, 51cc09609701cbccf5f961371fb9bb91
0,        140,        140,        1,  2531520, 51cc09609701cbccf5f961371fb9bb91
0,        141,        141,        1,  2531520, 51cc09609701cbccf5f961371fb9bb91
0,        142,        142,        1,  2531520, 51cc09609701cbccf5f961371fb9bb91
0,        143,        143,        1,  2531520, 51cc09609701cbccf5f961371fb9bb91
0,        144,        144,        1,  2531520, 51cc09609701cbccf5f961371fb9bb91
0,        145,        145,        1,  2531520, 51cc09609701cbccf5f961371fb9bb91
0,        146,        146,        1,  2531520, 51cc09609701cbccf5f961371fb9bb91
0,        147,        147,        1,  2531520, 51cc09609701cbccf5f961371fb9bb91
0,        148,        148,        1,  2531520, 51cc09609701cbccf5f961371fb9bb91
0,        149,        149,        1,  2531520, 51cc09609701cbccf5f961371fb9bb91
0,        150,        150,        1,  2531520, 51cc09609701cbccf5f961371fb9bb91
0,        151,        151,        1,  2531520, 51cc09609701cbccf5f961371fb9bb91
0,        152,        152,        1,  2531520, 51cc09609701cbccf5f961371fb9bb91
0,        153,        153,        1,  2531520, 51cc09609701cbccf5f961371fb9bb91
0,        154,        154,        1,  2531520, 51cc09609701cbccf5f961371fb9bb91
0,        155,        155,        1,  2531520, 51cc09609701cbccf5f961371fb9bb91
0,        156,        156,        1,  2531520, 51cc09609701cbccf5f961371fb9bb91
0,        157,        157,        1,  2531520, 51cc09609701cbccf5f961371fb9bb91
0,        158,        158,        1,  2531520, 51cc09609701cbccf5f961371fb9bb91
0,        159,        159,        1,  2531520, 51cc09609701cbccf5f961371fb9bb91
0,        160,        160,        1,  2531520, 51cc09609701cbccf5f961371fb9bb91
0,        161,        161,        1,  2531520, 51cc09609701cbccf5f961371fb9bb91
0,        162,        162,        1,  2531520, 51cc09609701cbccf5f961371fb9bb91
0,        163,        163,        1,  2531520, 51cc09609701cbccf5f961371fb9bb91
0,        164,        164,        1,  2531520, 51cc09609701cbccf5f961371fb9bb91
0,        165,        165,        1,  2531520, 51cc09609701cbccf5f961371fb9bb91
0,        166,        166,        1,  2531520, 51cc09609701cbccf5f961371fb9bb91
0,        167,        167,        1,  2531520, 51cc09609701cbccf5f961371fb9bb91
0,        168,        168,        1,  2531520, 51cc09609701cbccf5f961371fb9bb91
0,        169,        169,        1,  2531520, 51cc09609701cbccf5f961371fb9bb91
0,        170,        170,        1,  2531520, 51cc09609701cbccf5f961371fb9bb91
0,        171,        171,        1,  2531520, 51cc09609701cbccf5f961371fb9bb91
0,        172,        172,        1,  2531520, 51cc09609701cbccf5f961371fb9bb91
0,        173,        173,        1,  2531520, 51cc09609701cbccf5f961371fb9bb91
0,        174,        174,        1,  2531520, 51cc09609701cbccf5f961371fb9bb91
0,        175,        175,        1,  2531520, 51cc09609701cbccf5f961371fb9bb91
0,        176,        176,        1,  2531520, 51cc09609701cbccf5f961371fb9bb91
0,        177,        177,        1,  2531520, 51cc09609701cbccf5f961371fb9bb91
0,        178,        178,        1,  2531520, 51cc09609701cbccf5f961371fb9bb91
0,        179,        179,        1,  2531520, 51cc09609701cbccf5f961371fb9bb91
0,        180,        180,        1,  2531520, 51cc09609701cbccf5f961371fb9bb91
0,        181,        181,        1,  2531520, 51cc09609701cbccf5f961371fb9bb91
0,        182,        182,        1,  2531520, 51cc09609701cbccf5f961371fb9bb91
0,        183,        183,        1,  2531520, 51cc09609701cbccf5f961371fb9bb91
0,        184,        184,        1,  2531520, 51cc09609701cbccf5f961371fb9bb91
0,        185,        185,        1,  2531520, 51cc09609701cbccf5f961371fb9bb91
0,        186,        186,        1,  2531520, 51cc09609701cbccf5f961371fb9bb91
0,        187,        187,        1,  2531520, 51cc09609701cbccf5f961371fb9bb91
0,        188,        188,        1,  2531520, 51cc09609701cbccf5f961371fb9bb91
0,        189,        189,        1,  2531520, 51cc09609701cbccf5f961371fb9bb91
0,        190,        190,        1,  2531520, 51cc09609701cbccf5f961371fb9bb91
0,        191,        191,        1,  2531520, 51cc09609701cbccf5f961371fb9bb91
0,        192,        192,        1,  2531520, 51cc09609701cbccf5f961371fb9bb91
0,        193,        193,        1,  2531520, 51cc09609701cbccf5f961371fb9bb91
0,        194,        194,        1,  2531520, 51cc09609701cbccf5f961371fb9bb91
0,        195,        195,        1,  2531520, 51cc09609701cbccf5f961371fb9bb91
0,        196,        196,        1,  2531520, 51cc09609701cbccf5f961371fb9bb91
0,        197,        197,        1,  2531520, 51cc09609701cbccf5f961371fb9bb91
0,        198,        198,        1,  2531520, 51cc09609701cbccf5f961371fb9bb91
0,        199,        199,        1,  2531520, 51cc09609701cbccf5f961371fb9bb91
0,        200,        200,        1,  2531520, 51cc09609701cbccf5f961371fb9bb91
0,        201,        201,        1,  2531520, 51cc09609701cbccf5f961371fb9bb91
0,        202,        202,        1,  2531520, 51cc09609701cbccf5f961371fb9bb91
0,        203,        203,        1,  2531520, 51cc09609701cbccf5f961371fb9bb91
0,        204,        204,        1,  2531520, 51cc09609701cbccf5f961371fb9bb91
0,        205,        205,        1,  2531520, 51cc09609701cbccf5f961371fb9bb91
0,        206,        206,        1,  2531520, 51cc09609701cbccf5f961371fb9bb91
0,        207,        207,        1,  2531520, 51cc09609701cbccf5f961371fb9bb91
0,        208,        208,        1,  2531520, 51cc09609701cbccf5f961371fb9bb91
0,        209,        209,        1,  2531520, 51cc09609701cbccf5f961371fb9bb91
0,        210,        210,        1,  2531520, 51cc09609701cbccf5f961371fb9bb91
0,        211,        211,        1,  2531520, 51cc09609701cbccf5f961371fb9bb91
0,        212,        212,        1,  2531520, 51cc09609701cbccf5f961371fb9bb91
0,        213,        213,        1,  2531520, 51cc09609701cbccf5f961371fb9bb91
0,        214,        214,        1,  2531520, 51cc09609701cbccf5f961371fb9bb91
0,        215,        215,        1,  2531520, 51cc09609701cbccf5f961371fb9bb91
0,        216,        216,        1,  2531520, 51cc09609701cbccf5f961371fb9bb91
0,        217,        217,        1,  2531520, 51cc09609701cbccf5f961371fb9bb91
0,        218,        218,        1,  2531520, 51cc09609701cbccf5f961371fb9bb91
0,        219,        219,        1,  2531520, 51cc09609701cbccf5f961371fb9bb91
0,        220,        220,        1,  2531520, 51cc09609701cbccf5f961371fb9bb91
0,        221,        221,        1,  2531520, 51cc09609701cbccf5f961371fb9bb91
0,        222,        222,        1,  2531520, 51cc09609701cbccf5f961371fb9bb91
0,        223,        223,        1,  2531520, 51cc09609701cbccf5f961371fb9bb91
0,        224,        224,        1,  2531520, 51cc09609701cbccf5f961371fb9bb91
0,        225,        225,        1,  2531520, 51cc09609701cbccf5f961371fb9bb91
0,        226,        226,        1,  2531520, 51cc09609701cbccf5f961371fb9bb91
0,        227,        227,        1,  2531520, 51cc09609701cbccf5f961371fb9bb91
0,        228,        228,        1,  2531520, 51cc09609701cbccf5f961371fb9bb91
0,        229,        229,        1,  2531520, 51cc09609701cbccf5f961371fb9bb91
0,        230,        230,        1,  2531520, 51cc09609701cbccf5f961371fb9bb91
0,        231,        231,        1,  2531520, 51cc09609701cbccf5f961371fb9bb91
0,        232,        232,        1,  2531520, 51cc09609701cbccf5f961371fb9bb91
0,        233,        233,        1,  2531520, 51cc09609701cbccf5f961371fb9bb91
0,        234,        234,        1,  2531520, 51cc09609701cbccf5f961371fb9bb91
0,        235,        235,        1,  2531520, 51cc09609701cbccf5f961371fb9bb91
0,        236,        236,        1,  2531520, 51cc09609701cbccf5f961371fb9bb91
0,        237,        237,        1,  2531520, 51cc09609701cbccf5f961371fb9bb91
0,        238,        238,        1,  2531520, 51cc09609701cbccf5f961371fb9bb91
0,        239,        239,        1,  2531520, 51cc09609701cbccf5f961371fb9bb91
0,        240,        240,        1,  2531520, 51cc09609701cbccf5f961371fb9bb91
0,        241,        241,        1,  2531520, 51cc09609701cbccf5f961371fb9bb91
0,        242,        242,        1,  2531520, 51cc09609701cbccf5f961371fb9bb91
0,        243,        243,        1,  2531520, 51cc09609701cbccf5f961371fb9bb91
0,        244,        244,        1,  2531520, 51cc09609701cbccf5f961371fb9bb91
0,        245,        245,        1,  2531520, 51cc09609701cbccf5f961371fb9bb91
0,        246,        246,        1,  2531520, 51cc09609701cbccf5f961371fb9bb91
0,        247,        247,        1,  2531520, 51cc09609701cbccf5f961371fb9bb91
0,        248,        248,        1,  2531520, 51cc09609701cbccf5f961371fb9bb91
0,        249,        249,        1,  2531520, 51cc09609701cbccf5f961371fb9bb91
0,        250,        250,        1,  2531520, 51cc09609701cbccf5f961371fb9bb91
0,        251,        251,        1,  2531520, 51cc09609701cbccf5f961371fb9bb91
0,        252,        252,        1,  2531520, 51cc09609701cbccf5f961371fb9bb91
0,        253,        253,        1,  2531520, 51cc09609701cbccf5f961371fb9bb91
0,        254,        254,        1,  2531520, 51cc09609701cbccf5f961371fb9bb91
0,        255,        255,        1,  2531520, 51cc09609701cbccf5f961371fb9bb91
0,        256,        256,        1,  2531520, 51cc09609701cbccf5f961371fb9bb91
0,        257,        257,        1,  2531520, 51cc09609701cbccf5f961371fb9bb91
0,        258,        258,        1,  2531520, 51cc09609701cbccf5f961371fb9bb91
0,        259,        259,        1,  2531520, 51cc09609701cbccf5f961371fb9bb91
0,        260,        260,        1,  2531520, 51cc09609701cbccf5f961371fb9bb91
0,        261,        261,        1,  2531520, 51cc09609701cbccf5f961371fb9bb91
0,        262,        262,        1,  2531520, 51cc09609701cbccf5f961371fb9bb91
0,        263,        263,        1,  2531520, 51cc09609701cbccf5f961371fb9bb91
0,        264,        264,        1,  2531520, 51cc09609701cbccf5f961371fb9bb91
0,        265,        265,        1,  2531520, 51cc09609701cbccf5f961371fb9bb91
0,        266,        266,        1,  2531520, 51cc09609701cbccf5f961371fb9bb91
0,        267,        267,        1,  2531520, 51cc09609701cbccf5f961371fb9bb91
0,        268,        268,        1,  2531520, 51cc09609701cbccf5f961371fb9bb91
0,        269,        269,        1,  2531520, 51cc09609701cbccf5f961371fb9bb91
0,        270,        270,        1,  2531520, 51cc09609701cbccf5f961371fb9bb91
0,        271,        271,        1,  2531520, 51cc09609701cbccf5f961371fb9bb91
0,        272,        272,        1,  2531520, 51cc09609701cbccf5f961371fb9bb91
0,        273,        273,        1,  2531520, 51cc09609701cbccf5f961371fb9bb91
0,        274,        274,        1,  2531520, 51cc09609701cbccf5f961371fb9bb91
0,        275,        275,        1,  2531520, 51cc09609701cbccf5f961371fb9bb91
0,        276,        276,        1,  2531520, 51cc09609701cbccf5f961371fb9bb91
0,        277,        277,        1,  2531520, 51cc09609701cbccf5f961371fb9bb91
0,        278,        278,        1,  2531520, 51cc09609701cbccf5f961371fb9bb91
0,        279,        279,        1,  2531520, 51cc09609701cbccf5f961371fb9bb91
0,        280,        280,        1,  2531520, 51cc09609701cbccf5f961371fb9bb91
0,        281,        281,        1,  2531520, 51cc09609701cbccf5f961371fb9bb91
0,        282,        282,        1,  2531520, 51cc09609701cbccf5f961371fb9bb91
0,        283,        283,        1,  2531520, 51cc09609701cbccf5f961371fb9bb91
0,        284,        284,        1,  2531520, 51cc09609701cbccf5f961371fb9bb91
0,        285,        285,        1,  2531520, 51cc09609701cbccf5f961371fb9bb91
0,        286,        286,        1,  2531520, 51cc09609701cbccf5f961371fb9bb91
0,        287,        287,        1,  2531520, 51cc09609701cbccf5f961371fb9bb91
0,        288,        288,        1,  2531520, 51cc09609701cbccf5f961371fb9bb91
0,        289,        289,        1,  2531520, 51cc09609701cbccf5f961371fb9bb91
0,        290,        290,        1,  2531520, 51cc09609701cbccf5f961371fb9bb91
0,        291,        291,        1,  2531520, 51cc09609701cbccf5f961371fb9bb91
0,        292,        292,        1,  2531520, 51cc09609701cbccf5f961371fb9bb91
0,        293,        293,        1,  2531520, 51cc09609701cbccf5f961371fb9bb91
0,        294,        294,        1,  2531520, 51cc09609701cbccf5f961371fb9bb91
0,        295,        295,        1,  2531520, 51cc09609701cbccf5f961371fb9bb91
0,        296,        296,        1,  2531520, 51cc09609701cbccf5f961371fb9bb91
0,        297,        297,        1,  2531520, 51cc09609701cbccf5f961371fb9bb91
0,        298,        298,        1,  2531520, 51cc09609701cbccf5f961371fb9bb91
0,        299,        299,        1,  2531520, 51cc09609701cbccf5f961371fb9bb91
0,        300,        300,        1,  2531520, 51cc09609701cbccf5f961371fb9bb91
0,        301,        301,        1,  2531520, 51cc09609701cbccf5f961371fb9bb91
0,        302,        302,        1,  2531520, 51cc09609701cbccf5f961371fb9bb91
0,        303,        303,        1,  2531520, 51cc09609701cbccf5f961371fb9bb91
0,        304,        304,        1,  2531520, 51cc09609701cbccf5f961371fb9bb91
0,        305,        305,        1,  2531520, 51cc09609701cbccf5f961371fb9bb91
0,        306,        306,        1,  2531520, 51cc09609701cbccf5f961371fb9bb91
0,        307,        307,        1,  2531520, 51cc09609701cbccf5f961371fb9bb91
0,        308,        308,        1,  2531520, 51cc09609701cbccf5f961371fb9bb91
0,        309,        309,        1,  2531520, 51cc09609701cbccf5f961371fb9bb91
0,        310,        310,        1,  2531520, 51cc09609701cbccf5f961371fb9bb91
0,        311,        311,        1,  2531520, 51cc09609701cbccf5f961371fb9bb91
0,        312,        312,        1,  2531520, 51cc09609701cbccf5f961371fb9bb91
0,        313,        313,        1,  2531520, 51cc09609701cbccf5f961371fb9bb91
0,        314,        314,        1,  2531520, 51cc09609701cbccf5f961371fb9bb91
0,        315,        315,        1,  2531520, 51cc09609701cbccf5f961371fb9bb91
0,        316,        316,        1,  2531520, 51cc09609701cbccf5f961371fb9bb91
0,        317,        317,        1,  2531520, 51cc09609701cbccf5f961371fb9bb91
0,        318,        318,        1,  2531520, 51cc09609701cbccf5f961371fb9bb91
0,        319,        319,        1,  2531520, 51cc09609701cbccf5f961371fb9bb91
0,        320,        320,        1,  2531520, 51cc09609701cbccf5f961371fb9bb91
0,        321,        321,        1,  2531520, 51cc09609701cbccf5f961371fb9bb91
0,        322,        322,        1,  2531520, 51cc09609701cbccf5f961371fb9bb91
0,        323,        323,        1,  2531520, 51cc09609701cbccf5f961371fb9bb91
0,        324,        324,        1,  2531520, 51cc09609701cbccf5f961371fb9bb91
0,        325,        325,        1,  2531520, 51cc09609701cbccf5f961371fb9bb91
0,        326,        326,        1,  2531520, 51cc09609701cbccf5f961371fb9bb91
0,        327,        327,        1,  2531520, 51cc09609701cbccf5f961371fb9bb91
0,        328,        328,        1,  2531520, 51cc09609701cbccf5f961371fb9bb91
0,        329,        329,        1,  2531520, 51cc09609701cbccf5f961371fb9bb91
0,        330,        330,        1,  2531520, 51cc09609701cbccf5f961371fb9bb91
0,        331,        331,        1,  2531520, 51cc09609701cbccf5f961371fb9bb91
0,        332,        332,        1,  2531520, 51cc09609701cbccf5f961371fb9bb91
0,        333,        333,        1,  2531520, 51cc09609701cbccf5f961371fb9bb91
0,        334,        334,        1,  2531520, 51cc09609701cbccf5f961371fb9bb91
0,        335,        335,        1,  2531520, 51cc09609701cbccf5f961371fb9bb91
0,        336,        336,        1,  2531520, 51cc09609701cbccf5f961371fb9bb91
0,        337,        337,        1,  2531520, 51cc09609701cbccf5f961371fb9bb91
0,        338,        338,        1,  2531520, 51cc09609701cbccf5f961371fb9bb91
0,        339,        339,        1,  2531520, 51cc09609701cbccf5f961371fb9bb91
0,        340,        340,        1,  2531520, 51cc09609701cbccf5f961371fb9bb91
0,        341,        341,        1,  2531520, 51cc09609701cbccf5f961371fb9bb91
0,        342,        342,        1,  2531520, 51cc09609701cbccf5f961371fb9bb91
0,        343,        343,        1,  2531520, 51cc09609701cbccf5f961371fb9bb91
0,        344,        344,        1,  2531520, 51cc09609701cbccf5f961371fb9bb91
0,        345,        345,        1,  2531520, 51cc09609701cbccf5f961371fb9bb91
0,        346,        346,        1,  2531520, 51cc09609701cbccf5f961371fb9bb91
0,        347,        347,        1,  2531520, 51cc09609701cbccf5f961371fb9bb91
0,        348,        348,        1,  2531520, 51cc09609701cbccf5f961371fb9bb91
0,        349,        349,        1,  2531520, 51cc09609701cbccf5f961371fb9bb91
0,        350,        350,        1,  2531520, 51cc09609701cbccf5f961371fb9bb91
0,        351,        351,        1,  2531520, 51cc09609701cbccf5f961371fb9bb91
0,        352,        352,        1,  2531520, 51cc09609701cbccf5f961371fb9bb91
0,        353,        353,        1,  2531520, 51cc09609701cbccf5f961371fb9bb91
0,        354,        354,        1,  2531520, 51cc09609701cbccf5f961371fb9bb91
0,        355,        355,        1,  2531520, 51cc09609701cbccf5f961371fb9bb91
0,        356,        356,        1,  2531520, 51cc09609701cbccf5f961371fb9bb91
0,        357,        357,        1,  2531520, 51cc09609701cbccf5f961371fb9bb91
0,        358,        358,        1,  2531520, 51cc09609701cbccf5f961371fb9bb91
0,        359,        359,        1,  2531520, 51cc09609701cbccf5f961371fb9bb91
0,        360,        360,        1,  2531520, 51cc09609701cbccf5f961371fb9bb91
0,        361,        361,        1,  2531520, 51cc09609701cbccf5f961371fb9bb91
0,        362,        362,        1,  2531520, 51cc09609701cbccf5f961371fb9bb91
0,        363,        363,        1,  2531520, 51cc09609701cbccf5f961371fb9bb91
0,        364,        364,        1,  2531520, 51cc09609701cbccf5f961371fb9bb91
0,        365,        365,        1,  2531520, 51cc09609701cbccf5f961371fb9bb91
0,        366,        366,        1,  2531520, 51cc09609701cbccf5f961371fb9bb91
0,        367,        367,        1,  2531520, 51cc09609701cbccf5f961371fb9bb91
0,        368,        368,        1,  2531520, 51cc09609701cbccf5f961371fb9bb91
0,        369,        369,        1,  2531520, 51cc09609701cbccf5f961371fb9bb91
0,        370,        370,        1,  2531520, 51cc09609701cbccf5f961371fb9bb91
0,        371,        371,        1,  2531520, 51cc09609701cbccf5f961371fb9bb91
0,        372,        372,        1,  2531520, 51cc09609701cbccf5f961371fb9bb91
0,        373,        373,        1,  2531520, 51cc09609701cbccf5f961371fb9bb91
0,        374,        374,        1,  2531520, 51cc09609701cbccf5f961371fb9bb91
0,        375,        375,        1,  2531520, 51cc09609701cbccf5f961371fb9bb91
0,        376,        376,        1,  2531520, 51cc09609701cbccf5f961371fb9bb91
0,        377,        377,        1,  2531520, 51cc09609701cbccf5f961371fb9bb91
0,        378,        378,        1,  2531520, 51cc09609701cbccf5f961371fb9bb91
0,        379,        379,        1,  2531520, 51cc09609701cbccf5f961371fb9bb91
0,        380,        380,        1,  2531520, 51cc09609701cbccf5f961371fb9bb91
0,        381,        381,        1,  2531520, 51cc09609701cbccf5f961371fb9bb91
0,        382,        382,        1,  2531520, 51cc09609701cbccf5f961371fb9bb91
0,        383,        383,        1,  2531520, 51cc09609701cbccf5f961371fb9bb91
0,        384,        384,        1,  2531520, 51cc09609701cbccf5f961371fb9bb91
0,        385,        385,        1,  2531520, 51cc09609701cbccf5f961371fb9bb91
0,        386,        386,        1,  2531520, 51cc09609701cbccf5f961371fb9bb91
0,        387,        387,        1,  2531520, 51cc09609701cbccf5f961371fb9bb91
0,        388,        388,        1,  2531520, 51cc09609701cbccf5f961371fb9bb91
0,        389,        389,        1,  2531520, 51cc09609701cbccf5f961371fb9bb91
0,        390,        390,        1,  2531520, 51cc09609701cbccf5f961371fb9bb91
0,        391,        391,        1,  2531520, 51cc09609701cbccf5f961371fb9bb91
0,        392,        392,        1,  2531520, 51cc09609701cbccf5f961371fb9bb91
0,        393,        393,        1,  2531520, 51cc09609701cbccf5f961371fb9bb91
0,        394,        394,        1,  2531520, 51cc09609701cbccf5f961371fb9bb91
0,        395,        395,        1,  2531520, 51cc09609701cbccf5f961371fb9bb91
0,        396,        396,        1,  2531520, 51cc09609701cbccf5f961371fb9bb91
0,        397,        397,        1,  2531520, 51cc09609701cbccf5f961371fb9bb91
0,        398,        398,        1,  2531520, 51cc09609701cbccf5f961371fb9bb91
0,        399,        399,        1,  2531520, 51cc09609701cbccf5f961371fb9bb91
0,        400,        400,        1,  2531520, 51cc09609701cbccf5f961371fb9bb91
0,        401,        401,        1,  2531520, 51cc09609701cbccf5f961371fb9bb91
0,        402,        402,        1,  2531520, 51cc09609701cbccf5f961371fb9bb91
0,        403,        403,        1,  2531520, 51cc09609701cbccf5f961371fb9bb91
0,        404,        404,        1,  2531520, 51cc09609701cbccf5f961371fb9bb91
0,        405,        405,        1,  2531520, 51cc09609701cbccf5f961371fb9bb91
0,        406,        406,        1,  2531520, 51cc09609701cbccf5f961371fb9bb91
0,        407,        407,        1,  2531520, 51cc09609701cbccf5f961371fb9bb91
0,        408,        408,        1,  2531520, 51cc09609701cbccf5f961371fb9bb91
0,        409,        409,        1,  2531520, 51cc09609701cbccf5f961371fb9bb91
0,        410,        410,        1,  2531520, 51cc09609701cbccf5f961371fb9bb91
0,        411,        411,        1,  2531520, 51cc09609701cbccf5f961371fb9bb91
0,        412,        412,        1,  2531520, 51cc09609701cbccf5f961371fb9bb91
0,        413,        413,        1,  2531520, 51cc09609701cbccf5f961371fb9bb91
0,        414,        414,        1,  2531520, 51cc09609701cbccf5f961371fb9bb91
0,        415,        415,        1,  2531520, 51cc09609701cbccf5f961371fb9bb91
0,        416,        416,        1,  2531520, 51cc09609701cbccf5f961371fb9bb91
0,        417,        417,        1,  2531520, 51cc09609701cbccf5f961371fb9bb91
0,        418,        418,        1,  2531520, 51cc09609701cbccf5f961371fb9bb91
0,        419,        419,        1,  2531520, 51cc09609701cbccf5f961371fb9bb91
0,        420,        420,        1,  2531520, 51cc09609701cbccf5f961371fb9bb91
0,        421,        421,        1,  2531520, 51cc09609701cbccf5f961371fb9bb91
0,        422,        422,        1,  2531520, 51cc09609701cbccf5f961371fb9bb91
0,        423,        423,        1,  2531520, 51cc09609701cbccf5f961371fb9bb91
0,        424,        424,        1,  2531520, 51cc09609701cbccf5f961371fb9bb91
0,        425,        425,        1,  2531520, 51cc09609701cbccf5f961371fb9bb91
0,        426,        426,        1,  2531520, 51cc09609701cbccf5f961371fb9bb91
0,        427,        427,        1,  2531520, 51cc09609701cbccf5f961371fb9bb91
0,        428,        428,        1,  2531520, 51cc09609701cbccf5f961371fb9bb91
0,        429,        429,        1,  2531520, 51cc09609701cbccf5f961371fb9bb91
0,        430,        430,        1,  2531520, 51cc09609701cbccf5f961371fb9bb91
0,        431,        431,        1,  2531520, 51cc09609701cbccf5f961371fb9bb91
0,        432,        432,        1,  2531520, 51cc09609701cbccf5f961371fb9bb91
0,        433,        433,        1,  2531520, 51cc09609701cbccf5f961371fb9bb91
0,        434,        434,        1,  2531520, 51cc09609701cbccf5f961371fb9bb91
0,        435,        435,        1,  2531520, 51cc09609701cbccf5f961371fb9bb91
0,        436,        436,        1,  2531520, 51cc09609701cbccf5f961371fb9bb91
0,        437,        437,        1,  2531520, 51cc09609701cbccf5f961371fb9bb91
0,        438,        438,        1,  2531520, 51cc09609701cbccf5f961371fb9bb91
0,        439,        439,        1,  2531520, 51cc09609701cbccf5f961371fb9bb91
0,        440,        440,        1,  2531520, 51cc09609701cbccf5f961371fb9bb91
0,        441,        441,        1,  2531520, 51cc09609701cbccf5f961371fb9bb91
0,        442,        442,        1,  2531520, 51cc09609701cbccf5f961371fb9bb91
0,        443,        443,        1,  2531520, 51cc09609701cbccf5f961371fb9bb91
0,        444,        444,        1,  2531520, 51cc09609701cbccf5f961371fb9bb91
0,        445,        445,        1,  2531520, 51cc09609701cbccf5f961371fb9bb91
0,        446,        446,        1,  2531520, 51cc09609701cbccf5f961371fb9bb91
0,        447,        447,        1,  2531520, 51cc09609701cbccf5f961371fb9bb91
0,        448,        448,        1,  2531520, 51cc09609701cbccf5f961371fb9bb91
0,        449,        449,        1,  2531520, 51cc09609701cbccf5f961371fb9bb91
0,        450,        450,        1,  2531520, 51cc09609701cbccf5f961371fb9bb91
0,        451,        451,        1,  2531520, 51cc09609701cbccf5f961371fb9bb91
0,        452,        452,        1,  2531520, 51cc09609701cbccf5f961371fb9bb91
0,        453,        453,        1,  2531520, 51cc09609701cbccf5f961371fb9bb91
0,        454,        454,        1,  2531520, 51cc09609701cbccf5f961371fb9bb91
0,        455,        455,        1,  2531520, 51cc09609701cbccf5f961371fb9bb91
0,        456,        456,        1,  2531520, 51cc09609701cbccf5f961371fb9bb91
0,        457,        457,        1,  2531520, 51cc09609701cbccf5f961371fb9bb91
0,        458,        458,        1,  2531520, 51cc09609701cbccf5f961371fb9bb91
0,        459,        459,        1,  2531520, 51cc09609701cbccf5f961371fb9bb91
0,        460,        460,        1,  2531520, 51cc09609701cbccf5f961371fb9bb91
0,        461,        461,        1,  2531520, 51cc09609701cbccf5f961371fb9bb91
0,        462,        462,        1,  2531520, 51cc09609701cbccf5f961371fb9bb91
0,        463,        463,        1,  2531520, 51cc09609701cbccf5f961371fb9bb91
0,        464,        464,        1,  2531520, 51cc09609701cbccf5f961371fb9bb91
0,        465,        465,        1,  2531520, 51cc09609701cbccf5f961371fb9bb91
0,        466,        466,        1,  2531520, 51cc09609701cbccf5f961371fb9bb91
0,        467,        467,        1,  2531520, 51cc09609701cbccf5f961371fb9bb91
0,        468,        468,        1,  2531520, 51cc09609701cbccf5f961371fb9bb91
0,        469,        469,        1,  2531520, 51cc09609701cbccf5f961371fb9bb91
0,        470,        470,        1,  2531520, 51cc09609701cbccf5f961371fb9bb91
0,        471,        471,        1,  2531520, 51cc09609701cbccf5f961371fb9bb91
0,        472,        472,        1,  2531520, 51cc09609701cbccf5f961371fb9bb91
0,        473,        473,        1,  2531520, 51cc09609701cbccf5f961371fb9bb91
0,        474,        474,        1,  2531520, 51cc09609701cbccf5f961371fb9bb91
0,        475,        475,        1,  2531520, 51cc09609701cbccf5f961371fb9bb91
0,        476,        476,        1,  2531520, 51cc09609701cbccf5f961371fb9bb91
0,        477,        477,        1,  2531520, 51cc09609701cbccf5f961371fb9bb91
0,        478,        478,        1,  2531520, 51cc09609701cbccf5f961371fb9bb91
0,        479,        479,        1,  2531520, 51cc09609701cbccf5f961371fb9bb91
0,        480,        480,        1,  2531520, 51cc09609701cbccf5f961371fb9bb91
0,        481,        481,        1,  2531520, 51cc09609701cbccf5f961371fb9bb91
0,        482,        482,        1,  2531520, 51cc09609701cbccf5f961371fb9bb91
0,        483,        483,        1,  2531520, 51cc09609701cbccf5f961371fb9bb91
0,        484,        484,        1,  2531520, 51cc09609701cbccf5f961371fb9bb91
0,        485,        485,        1,  2531520, 51cc09609701cbccf5f961371fb9bb91
0,        486,        486,        1,  2531520, 51cc09609701cbccf5f961371fb9bb91
0,        487,        487,        1,  2531520, 51cc09609701cbccf5f961371fb9bb91
0,        488,        488,        1,  2531520, 51cc09609701cbccf5f961371fb9bb91
0,        489,        489,        1,  2531520, 51cc09609701cbccf5f961371fb9bb91
0,        490,        490,        1,  2531520, 51cc09609701cbccf5f961371fb9bb91
0,        491,        491,        1,  2531520, 51cc09609701cbccf5f961371fb9bb91
0,        492,        492,        1,  2531520, 51cc09609701cbccf5f961371fb9bb91
0,        493,        493,        1,  2531520, 51cc09609701cbccf5f961371fb9bb91
0,        494,        494,        1,  2531520, 51cc09609701cbccf5f961371fb9bb91
0,        495,        495,        1,  2531520, 51cc09609701cbccf5f961371fb9bb91
0,        496,        496,        1,  2531520, 51cc09609701cbccf5f961371fb9bb91
0,        497,        497,        1,  2531520, 51cc09609701cbccf5f961371fb9bb91
0,        498,        498,        1,  2531520, 51cc09609701cbccf5f961371fb9bb91
0,        499,        499,        1,  2531520, 51cc09609701cbccf5f961371fb9bb91
0,        500,        500,        1,  2531520, 51cc09609701cbccf5f961371fb9bb91
0,        501,        501,        1,  2531520, 51cc09609701cbccf5f961371fb9bb91
0,        502,        502,        1,  2531520, 51cc09609701cbccf5f961371fb9bb91
0,        503,        503,        1,  2531520, 51cc09609701cbccf5f961371fb9bb91
0,        504,        504,        1,  2531520, 51cc09609701cbccf5f961371fb9bb91
0,        505,        505,        1,  2531520, 51cc09609701cbccf5f961371fb9bb91
0,        506,        506,        1,  2531520, 51cc09609701cbccf5f961371fb9bb91
0,        507,        507,        1,  2531520, 51cc09609701cbccf5f961371fb9bb91
0,        508,        508,        1,  2531520, 51cc09609701cbccf5f961371fb9bb91
0,        509,        509,        1,  2531520, 51cc09609701cbccf5f961371fb9bb91
0,        510,        510,        1,  2531520, 51cc09609701cbccf5f961371fb9bb91
0,        511,        511,        1,  2531520, 51cc09609701cbccf5f961371fb9bb91
0,        512,        512,        1,  2531520, 51cc09609701cbccf5f961371fb9bb91
0,        513,        513,        1,  2531520, 51cc09609701cbccf5f961371fb9bb91
0,        514,        514,        1,  2531520, 51cc09609701cbccf5f961371fb9bb91
0,        515,        515,        1,  2531520, 51cc09609701cbccf5f961371fb9bb91
0,        516,        516,        1,  2531520, 51cc09609701cbccf5f961371fb9bb91
0,        517,        517,        1,  2531520, 51cc09609701cbccf5f961371fb9bb91
0,        518,        518,        1,  2531520, 51cc09609701cbccf5f961371fb9bb91
0,        519,        519,        1,  2531520, 51cc09609701cbccf5f961371fb9bb91
0,        520,        520,        1,  2531520, 51cc09609701cbccf5f961371fb9bb91
0,        521,        521,        1,  2531520, 51cc09609701cbccf5f961371fb9bb91
0,        522,        522,        1,  2531520, 51cc09609701cbccf5f961371fb9bb91
0,        523,        523,        1,  2531520, 51cc09609701cbccf5f961371fb9bb91
0,        524,        524,        1,  2531520, 51cc09609701cbccf5f961371fb9bb91
0,        525,        525,        1,  2531520, 51cc09609701cbccf5f961371fb9bb91
0,        526,        526,        1,  2531520, 51cc09609701cbccf5f961371fb9bb91
0,        527,        527,        1,  2531520, 51cc09609701cbccf5f961371fb9bb91
0,        528,        528,        1,  2531520, 51cc09609701cbccf5f961371fb9bb91
0,        529,        529,        1,  2531520, 51cc09609701cbccf5f961371fb9bb91
0,        530,        530,        1,  2531520, 51cc09609701cbccf5f961371fb9bb91
0,        531,        531,        1,  2531520, 51cc09609701cbccf5f961371fb9bb91
0,        532,        532,        1,  2531520, 51cc09609701cbccf5f961371fb9bb91
0,        533,        533,        1,  2531520, 51cc09609701cbccf5f961371fb9bb91
0,        534,        534,        1,  2531520, 51cc09609701cbccf5f961371fb9bb91
0,        535,        535,        1,  2531520, 51cc09609701cbccf5f961371fb9bb91
0,        536,        536,        1,  2531520, 51cc09609701cbccf5f961371fb9bb91
0,        537,        537,        1,  2531520, 51cc09609701cbccf5f961371fb9bb91
0,        538,        538,        1,  2531520, 51cc09609701cbccf5f961371fb9bb91
0,        539,        539,        1,  2531520, 51cc09609701cbccf5f961371fb9bb91
0,        540,        540,        1,  2531520, 51cc09609701cbccf5f961371fb9bb91
0,        541,        541,        1,  2531520, 51cc09609701cbccf5f961371fb9bb91
0,        542,        542,        1,  2531520, 51cc09609701cbccf5f961371fb9bb91
0,        543,        543,        1,  2531520, 51cc09609701cbccf5f961371fb9bb91
0,        544,        544,        1,  2531520, 51cc09609701cbccf5f961371fb9bb91
0,        545,        545,        1,  2531520, 51cc09609701cbccf5f961371fb9bb91
0,        546,        546,        1,  2531520, 51cc09609701cbccf5f961371fb9bb91
0,        547,        547,        1,  2531520, 51cc09609701cbccf5f961371fb9bb91
0,        548,        548,        1,  2531520, 51cc09609701cbccf5f961371fb9bb91
0,        549,        549,        1,  2531520, 51cc09609701cbccf5f961371fb9bb91
0,        550,        550,        1,  2531520, 51cc09609701cbccf5f961371fb9bb91
0,        551,        551,        1,  2531520, 51cc09609701cbccf5f961371fb9bb91
0,        552,        552,        1,  2531520, 51cc09609701cbccf5f961371fb9bb91
0,        553,        553,        1,  2531520, 51cc09609701cbccf5f961371fb9bb91
0,        554,        554,        1,  2531520, 51cc09609701cbccf5f961371fb9bb91
0,        555,        555,        1,  2531520, 51cc09609701cbccf5f961371fb9bb91
0,        556,        556,        1,  2531520, 51cc09609701cbccf5f961371fb9bb91
0,        557,        557,        1,  2531520, 51cc09609701cbccf5f961371fb9bb91
0,        558,        558,        1,  2531520, 51cc09609701cbccf5f961371fb9bb91
0,        559,        559,        1,  2531520, 51cc09609701cbccf5f961371fb9bb91
0,        560,        560,        1,  2531520, 51cc09609701cbccf5f961371fb9bb91
0,        561,        561,        1,  2531520, 51cc09609701cbccf5f961371fb9bb91
0,        562,        562,        1,  2531520, 51cc09609701cbccf5f961371fb9bb91
0,        563,        563,        1,  2531520, 51cc09609701cbccf5f961371fb9bb91
0,        564,        564,        1,  2531520, 51cc09609701cbccf5f961371fb9bb91
0,        565,        565,        1,  2531520, 51cc09609701cbccf5f961371fb9bb91
0,        566,        566,        1,  2531520, 51cc09609701cbccf5f961371fb9bb91
0,        567,        567,        1,  2531520, 51cc09609701cbccf5f961371fb9bb91
0,        568,        568,        1,  2531520, 51cc09609701cbccf5f961371fb9bb91
0,        569,        569,        1,  2531520, 51cc09609701cbccf5f961371fb9bb91
0,        570,        570,        1,  2531520, 51cc09609701cbccf5f961371fb9bb91
0,        571,        571,        1,  2531520, 51cc09609701cbccf5f961371fb9bb91
0,        572,        572,        1,  2531520, 51cc09609701cbccf5f961371fb9bb91
0,        573,        573,        1,  2531520, 51cc09609701cbccf5f961371fb9bb91
0,        574,        574,        1,  2531520, 51cc09609701cbccf5f961371fb9bb91
0,        575,        575,        1,  2531520, 51cc09609701cbccf5f961371fb9bb91
0,        576,        576,        1,  2531520, 51cc09609701cbccf5f961371fb9bb91
0,        577,        577,        1,  2531520, 51cc09609701cbccf5f961371fb9bb91
0,        578,        578,        1,  2531520, 51cc09609701cbccf5f961371fb9bb91
0,        579,        579,        1,  2531520, 51cc09609701cbccf5f961371fb9bb91
0,        580,        580,        1,  2531520, 51cc09609701cbccf5f961371fb9bb91
0,        581,        581,        1,  2531520, 51cc09609701cbccf5f961371fb9bb91
0,        582,        582,        1,  2531520, 51cc09609701cbccf5f961371fb9bb91
0,        583,        583,        1,  2531520, 51cc09609701cbccf5f961371fb9bb91
0,        584,        584,        1,  2531520, 51cc09609701cbccf5f961371fb9bb91
0,        585,        585,        1,  2531520, 51cc09609701cbccf5f961371fb9bb91
0,        586,        586,        1,  2531520, 51cc09609701cbccf5f961371fb9bb91
0,        587,        587,        1,  2531520, 51cc09609701cbccf5f961371fb9bb91
0,        588,        588,        1,  2531520, 51cc09609701cbccf5f961371fb9bb91
0,        589,        589,        1,  2531520, 51cc09609701cbccf5f961371fb9bb91
0,        590,        590,        1,  2531520, 51cc09609701cbccf5f961371fb9bb91
0,        591,        591,        1,  2531520, 51cc09609701cbccf5f961371fb9bb91
0,        592,        592,        1,  2531520, 51cc09609701cbccf5f961371fb9bb91
0,        593,        593,        1,  2531520, 51cc09609701cbccf5f961371fb9bb91
0,        594,        594,        1,  2531520, 51cc09609701cbccf5f961371fb9bb91
0,        595,        595,        1,  2531520, 51cc09609701cbccf5f961371fb9bb91
0,        596,        596,        1,  2531520, 51cc09609701cbccf5f961371fb9bb91
0,        597,        597,        1,  2531520, 51cc09609701cbccf5f961371fb9bb91
0,        598,        598,        1,  2531520, 51cc09609701cbccf5f961371fb9bb91
0,        599,        599,        1,  2531520, 51cc09609701cbccf5f961371fb9bb91
0,        600,        600,        1,  2531520, 51cc09609701cbccf5f961371fb9bb91
0,        601,        601,        1,  2531520, 51cc09609701cbccf5f961371fb9bb91
0,        602,        602,        1,  2531520, 51cc09609701cbccf5f961371fb9bb91
0,        603,        603,        1,  2531520, 51cc09609701cbccf5f961371fb9bb91
0,        604,        604,        1,  2531520, 51cc09609701cbccf5f961371fb9bb91
0,        605,        605,        1,  2531520, 51cc09609701cbccf5f961371fb9bb91
0,        606,        606,        1,  2531520, 51cc09609701cbccf5f961371fb9bb91
0,        607,        607,        1,  2531520, 51cc09609701cbccf5f961371fb9bb91
0,        608,        608,        1,  2531520, 51cc09609701cbccf5f961371fb9bb91
0,        609,        609,        1,  2531520, 51cc09609701cbccf5f961371fb9bb91
0,        610,        610,        1,  2531520, 51cc09609701cbccf5f961371fb9bb91
0,        611,        611,        1,  2531520, 51cc09609701cbccf5f961371fb9bb91
0,        612,        612,        1,  2531520, 51cc09609701cbccf5f961371fb9bb91
0,        613,        613,        1,  2531520, 51cc09609701cbccf5f961371fb9bb91
0,        614,        614,        1,  2531520, 51cc09609701cbccf5f961371fb9bb91
0,        615,        615,        1,  2531520, 51cc09609701cbccf5f961371fb9bb91
0,        616,        616,        1,  2531520, 51cc09609701cbccf5f961371fb9bb91
0,        617,        617,        1,  2531520, 51cc09609701cbccf5f961371fb9bb91
0,        618,        618,        1,  2531520, 51cc09609701cbccf5f961371fb9bb91
0,        619,        619,        1,  2531520, 51cc09609701cbccf5f961371fb9bb91
0,        620,        620,        1,  2531520, 51cc09609701cbccf5f961371fb9bb91
0,        621,        621,        1,  2531520, 51cc09609701cbccf5f961371fb9bb91
0,        622,        622,        1,  2531520, 51cc09609701cbccf5f961371fb9bb91
0,        623,        623,        1,  2531520, 51cc09609701cbccf5f961371fb9bb91
0,        624,        624,        1,  2531520, 51cc09609701cbccf5f961371fb9bb91
0,        625,        625,        1,  2531520, 51cc09609701cbccf5f961371fb9bb91
0,        626,        626,        1,  2531520, 51cc09609701cbccf5f961371fb9bb91
0,        627,        627,        1,  2531520, 51cc09609701cbccf5f961371fb9bb91
0,        628,        628,        1,  2531520, 51cc09609701cbccf5f961371fb9bb91
0,        629,        629,        1,  2531520, 51cc09609701cbccf5f961371fb9bb91
0,        630,        630,        1,  2531520, 51cc09609701cbccf5f961371fb9bb91
0,        631,        631,        1,  2531520, 51cc09609701cbccf5f961371fb9bb91
0,        632,        632,        1,  2531520, 51cc09609701cbccf5f961371fb9bb91
0,        633,        633,        1,  2531520, 51cc09609701cbccf5f961371fb9bb91
0,        634,        634,        1,  2531520, 51cc09609701cbccf5f961371fb9bb91
0,        635,        635,        1,  2531520, 51cc09609701cbccf5f961371fb9bb91
0,        636,        636,        1,  2531520, 51cc09609701cbccf5f961371fb9bb91
0,        637,        637,        1,  2531520, 51cc09609701cbccf5f961371fb9bb91
0,        638,        638,        1,  2531520, 51cc09609701cbccf5f961371fb9bb91
0,        639,        639,        1,  2531520, 51cc09609701cbccf5f961371fb9bb91
0,        640,        640,        1,  2531520, 51cc09609701cbccf5f961371fb9bb91
0,        641,        641,        1,  2531520, 51cc09609701cbccf5f961371fb9bb91
0,        642,        642,        1,  2531520, 51cc09609701cbccf5f961371fb9bb91
0,        643,        643,        1,  2531520, 51cc09609701cbccf5f961371fb9bb91
0,        644,        644,        1,  2531520, 51cc09609701cbccf5f961371fb9bb91
0,        645,        645,        1,  2531520, 51cc09609701cbccf5f961371fb9bb91
0,        646,        646,        1,  2531520, 51cc09609701cbccf5f961371fb9bb91
0,        647,        647,        1,  2531520, 51cc09609701cbccf5f961371fb9bb91
0,        648,        648,        1,  2531520, 51cc09609701cbccf5f961371fb9bb91
0,        649,        649,        1,  2531520, 51cc09609701cbccf5f961371fb9bb91
0,        650,        650,        1,  2531520, 76b6e0660db82176d77ac3c5f5cee5dd
0,        651,        651,        1,  2531520, 5ab29a6c719bea2c4f371d4c1ee56fe3
0,        652,        652,        1,  2531520, e7bf98a681a8ee85b2c849bf41392974
0,        653,        653,        1,  2531520, 6b710368767d09f50178e11fd2b6664b
0,        654,        654,        1,  2531520, aefce70c401091e3e32dbc693c390e21
0,        655,        655,        1,  2531520, 3a1294ec171ac33d2505cacd50c7d29a
0,        656,        656,        1,  2531520, 3123621f460937bb94d606155c97e55a
0,        657,        657,        1,  2531520, d6bb17134cf2c885f89c98d7690c2a22
0,        658,        658,        1,  2531520, 03114fde6978cadc9e6c06126683688a
0,        659,        659,        1,  2531520, 15657837d3baf76b6850d905ecbe573a
0,        660,        660,        1,  2531520, 7cbe22edf147911669f967b1ae333444
0,        661,        661,        1,  2531520, ec88686399cc1a932bcfa9bb95e075b9
0,        662,        662,        1,  2531520, cc5ced85a579938a575f619050b68bb0
0,        663,        663,        1,  2531520, 0d277580f0a88d5119242e68c3a56d45
0,        664,        664,        1,  2531520, 48c90d8885639c6ac4db43322cbee2ee
0,        665,        665,        1,  2531520, f3f6e04fa3450b03866a6091e0a55888
0,        666,        666,        1,  2531520, 3645da8239ca20aec893bec79e514f50
0,        667,        667,        1,  2531520, 1db68fafcc88e02e5619dd14cc0d35fe
0,        668,        668,        1,  2531520, 2811ecae799320897a5b813199a4e102
0,        669,        669,        1,  2531520, d87280672713d0fe7b2250df8d289e54
0,        670,        670,        1,  2531520, edebdfaf33173fbad511a2f823eedac3
0,        671,        671,        1,  2531520, c499c092934d53cbfba0ae45d20f6153
0,        672,        672,        1,  2531520, fddda52de16fe721ce3436287b440ed8
0,        673,        673,        1,  2531520, c12160718dcd7fc9091bfe0aa3ce1c7b
0,        674,        674,        1,  2531520, cebc2a48e3132446dcab0d495af1d1a5
0,        675,        675,        1,  2531520, fe8c0bd4b1f3e6552d895ad94b219f9a
0,        676,        676,        1,  2531520, 12257eb86999a57698afd8493f9e08fd
0,        677,        677,        1,  2531520, 9fb1b920e5d2d35fe2cd348138eb2084
0,        678,        678,        1,  2531520, edfbf52257df3f5d82db8668c86e7dd5
0,        679,        679,        1,  2531520, 48c1fccf953c7ddf2f676d2824c7c68a
0,        680,        680,        1,  2531520, 89ef705fd0c99d3421aded38b50932ab
0,        681,        681,        1,  2531520, 89ef705fd0c99d3421aded38b50932ab
0,        682,        682,        1,  2531520, 89ef705fd0c99d3421aded38b50932ab
0,        683,        683,        1,  2531520, 89ef705fd0c99d3421aded38b50932ab
0,        684,        684,        1,  2531520, 89ef705fd0c99d3421aded38b50932ab
0,        685,        685,        1,  2531520, 89ef705fd0c99d3421aded38b50932ab
0,        686,        686,        1,  2531520, 89ef705fd0c99d3421aded38b50932ab
0,        687,        687,        1,  2531520, 89ef705fd0c99d3421aded38b50932ab
0,        688,        688,        1,  2531520, 89ef705fd0c99d3421aded38b50932ab
0,        689,        689,        1,  2531520, 89ef705fd0c99d3421aded38b50932ab
0,        690,        690,        1,  2531520, 89ef705fd0c99d3421aded38b50932ab
0,        691,        691,        1,  2531520, 89ef705fd0c99d3421aded38b50932ab
0,        692,        692,        1,  2531520, 89ef705fd0c99d3421aded38b50932ab
0,        693,        693,        1,  2531520, 89ef705fd0c99d3421aded38b50932ab
0,        694,        694,        1,  2531520, 89ef705fd0c99d3421aded38b50932ab
0,        695,        695,        1,  2531520, 89ef705fd0c99d3421aded38b50932ab
0,        696,        696,        1,  2531520, 89ef705fd0c99d3421aded38b50932ab
0,        697,        697,        1,  2531520, 89ef705fd0c99d3421aded38b50932ab
0,        698,        698,        1,  2531520, 89ef705fd0c99d3421aded38b50932ab
0,        699,        699,        1,  2531520, 89ef705fd0c99d3421aded38b50932ab
0,        700,        700,        1,  2531520, 89ef705fd0c99d3421aded38b50932ab
0,        701,        701,        1,  2531520, 89ef705fd0c99d3421aded38b50932ab
0,        702,        702,        1,  2531520, 89ef705fd0c99d3421aded38b50932ab
0,        703,        703,        1,  2531520, 89ef705fd0c99d3421aded38b50932ab
0,        704,        704,        1,  2531520, 89ef705fd0c99d3421aded38b50932ab
0,        705,        705,        1,  2531520, 89ef705fd0c99d3421aded38b50932ab
0,        706,        706,        1,  2531520, 89ef705fd0c99d3421aded38b50932ab
0,        707,        707,        1,  2531520, 89ef705fd0c99d3421aded38b50932ab
0,        708,        708,        1,  2531520, 89ef705fd0c99d3421aded38b50932ab
0,        709,        709,        1,  2531520, 89ef705fd0c99d3421aded38b50932ab
0,        710,        710,        1,  2531520, 89ef705fd0c99d3421aded38b50932ab
0,        711,        711,        1,  2531520, 89ef705fd0c99d3421aded38b50932ab
0,        712,        712,        1,  2531520, 89ef705fd0c99d3421aded38b50932ab
0,        713,        713,        1,  2531520, 89ef705fd0c99d3421aded38b50932ab
0,        714,        714,        1,  2531520, 89ef705fd0c99d3421aded38b50932ab
0,        715,        715,        1,  2531520, 89ef705fd0c99d3421aded38b50932ab
0,        716,        716,        1,  2531520, 89ef705fd0c99d3421aded38b50932ab
0,        717,        717,        1,  2531520, 89ef705fd0c99d3421aded38b50932ab
0,        718,        718,        1,  2531520, 89ef705fd0c99d3421aded38b50932ab
0,        719,        719,        1,  2531520, 89ef705fd0c99d3421aded38b50932ab
0,        720,        720,        1,  2531520, 89ef705fd0c99d3421aded38b50932ab
0,        721,        721,        1,  2531520, 89ef705fd0c99d3421aded38b50932ab
0,        722,        722,        1,  2531520, 89ef705fd0c99d3421aded38b50932ab
0,        723,        723,        1,  2531520, 89ef705fd0c99d3421aded38b50932ab
0,        724,        724,        1,  2531520, 89ef705fd0c99d3421aded38b50932ab
0,        725,        725,        1,  2531520, 89ef705fd0c99d3421aded38b50932ab
0,        726,        726,        1,  2531520, 89ef705fd0c99d3421aded38b50932ab
0,        727,        727,        1,  2531520, 89ef705fd0c99d3421aded38b50932ab
0,        728,        728,        1,  2531520, 89ef705fd0c99d3421aded38b50932ab
0,        729,        729,        1,  2531520, 89ef705fd0c99d3421aded38b50932ab
0,        730,        730,        1,  2531520, 89ef705fd0c99d3421aded38b50932ab
0,        731,        731,        1,  2531520, 89ef705fd0c99d3421aded38b50932ab
0,        732,        732,        1,  2531520, 89ef705fd0c99d3421aded38b50932ab
0,        733,        733,        1,  2531520, 89ef705fd0c99d3421aded38b50932ab
0,        734,        734,        1,  2531520, 89ef705fd0c99d3421aded38b50932ab
0,        735,        735,        1,  2531520, 89ef705fd0c99d3421aded38b50932ab
0,        736,        736,        1,  2531520, 89ef705fd0c99d3421aded38b50932ab
0,        737,        737,        1,  2531520, 89ef705fd0c99d3421aded38b50932ab
0,        738,        738,        1,  2531520, 89ef705fd0c99d3421aded38b50932ab
0,        739,        739,        1,  2531520, 89ef705fd0c99d3421aded38b50932ab
0,        740,        740,        1,  2531520, 89ef705fd0c99d3421aded38b50932ab
0,        741,        741,        1,  2531520, 89ef705fd0c99d3421aded38b50932ab
0,        742,        742,        1,  2531520, 89ef705fd0c99d3421aded38b50932ab
0,        743,        743,        1,  2531520, 89ef705fd0c99d3421aded38b50932ab
0,        744,        744,        1,  2531520, 89ef705fd0c99d3421aded38b50932ab
0,        745,        745,        1,  2531520, 89ef705fd0c99d3421aded38b50932ab
0,        746,        746,        1,  2531520, 89ef705fd0c99d3421aded38b50932ab
0,        747,        747,        1,  2531520, 89ef705fd0c99d3421aded38b50932ab
0,        748,        748,        1,  2531520, 89ef705fd0c99d3421aded38b50932ab
0,        749,        749,        1,  2531520, 89ef705fd0c99d3421aded38b50932ab
0,        750,        750,        1,  2531520, 89ef705fd0c99d3421aded38b50932ab
0,        751,        751,        1,  2531520, 89ef705fd0c99d3421aded38b50932ab
0,        752,        752,        1,  2531520, 89ef705fd0c99d3421aded38b50932ab
0,        753,        753,        1,  2531520, 89ef705fd0c99d3421aded38b50932ab
0,        754,        754,        1,  2531520, 89ef705fd0c99d3421aded38b50932ab
0,        755,        755,        1,  2531520, 89ef705fd0c99d3421aded38b50932ab
0,        756,        756,        1,  2531520, 89ef705fd0c99d3421aded38b50932ab
0,        757,        757,        1,  2531520, 89ef705fd0c99d3421aded38b50932ab
0,        758,        758,        1,  2531520, 89ef705fd0c99d3421aded38b50932ab
0,        759,        759,        1,  2531520, 89ef705fd0c99d3421aded38b50932ab
0,        760,        760,        1,  2531520, 89ef705fd0c99d3421aded38b50932ab
0,        761,        761,        1,  2531520, 89ef705fd0c99d3421aded38b50932ab
0,        762,        762,        1,  2531520, 89ef705fd0c99d3421aded38b50932ab
0,        763,        763,        1,  2531520, 89ef705fd0c99d3421aded38b50932ab
0,        764,        764,        1,  2531520, 89ef705fd0c99d3421aded38b50932ab
0,        765,        765,        1,  2531520, 89ef705fd0c99d3421aded38b50932ab
0,        766,        766,        1,  2531520, 89ef705fd0c99d3421aded38b50932ab
0,        767,        767,        1,  2531520, 89ef705fd0c99d3421aded38b50932ab
0,        768,        768,        1,  2531520, 89ef705fd0c99d3421aded38b50932ab
0,        769,        769,        1,  2531520, 89ef705fd0c99d3421aded38b50932ab
0,        770,        770,        1,  2531520, 89ef705fd0c99d3421aded38b50932ab
0,        771,        771,        1,  2531520, 89ef705fd0c99d3421aded38b50932ab
0,        772,        772,        1,  2531520, 89ef705fd0c99d3421aded38b50932ab
0,        773,        773,        1,  2531520, 89ef705fd0c99d3421aded38b50932ab
0,        774,        774,        1,  2531520, 89ef705fd0c99d3421aded38b50932ab
0,        775,        775,        1,  2531520, 89ef705fd0c99d3421aded38b50932ab
0,        776,        776,        1,  2531520, 89ef705fd0c99d3421aded38b50932ab
0,        777,        777,        1,  2531520, 89ef705fd0c99d3421aded38b50932ab
0,        778,        778,        1,  2531520, 89ef705fd0c99d3421aded38b50932ab
0,        779,        779,        1,  2531520, 89ef705fd0c99d3421aded38b50932ab
0,        780,        780,        1,  2531520, 89ef705fd0c99d3421aded38b50932ab
0,        781,        781,        1,  2531520, 89ef705fd0c99d3421aded38b50932ab
0,        782,        782,        1,  2531520, 89ef705fd0c99d3421aded38b50932ab
0,        783,        783,        1,  2531520, 89ef705fd0c99d3421aded38b50932ab
0,        784,        784,        1,  2531520, 89ef705fd0c99d3421aded38b50932ab
0,        785,        785,        1,  2531520, 89ef705fd0c99d3421aded38b50932ab
0,        786,        786,        1,  2531520, 89ef705fd0c99d3421aded38b50932ab
0,        787,        787,        1,  2531520, 89ef705fd0c99d3421aded38b50932ab
0,        788,        788,        1,  2531520, 48c1fccf953c7ddf2f676d2824c7c68a
0,        789,        789,        1,  2531520, edfbf52257df3f5d82db8668c86e7dd5
0,        790,        790,        1,  2531520, 9fb1b920e5d2d35fe2cd348138eb2084
0,        791,        791,        1,  2531520, 12257eb86999a57698afd8493f9e08fd
0,        792,        792,        1,  2531520, fe8c0bd4b1f3e6552d895ad94b219f9a
0,        793,        793,        1,  2531520, cebc2a48e3132446dcab0d495af1d1a5
0,        794,        794,        1,  2531520, c12160718dcd7fc9091bfe0aa3ce1c7b
0,        795,        795,        1,  2531520, fddda52de16fe721ce3436287b440ed8
0,        796,        796,        1,  2531520, c499c092934d53cbfba0ae45d20f6153
0,        797,        797,        1,  2531520, edebdfaf33173fbad511a2f823eedac3
0,        798,        798,        1,  2531520, d87280672713d0fe7b2250df8d289e54
0,        799,        799,        1,  2531520, 2811ecae799320897a5b813199a4e102
0,        800,        800,        1,  2531520, 1db68fafcc88e02e5619dd14cc0d35fe
0,        801,        801,        1,  2531520, 3645da8239ca20aec893bec79e514f50
0,        802,        802,        1,  2531520, f3f6e04fa3450b03866a6091e0a55888
0,        803,        803,        1,  2531520, 48c90d8885639c6ac4db43322cbee2ee
0,        804,        804,        1,  2531520, 0d277580f0a88d5119242e68c3a56d45
0,        805,        805,        1,  2531520, cc5ced85a579938a575f619050b68bb0
0,        806,        806,        1,  2531520, ec88686399cc1a932bcfa9bb95e075b9
0,        807,        807,        1,  2531520, 7cbe22edf147911669f967b1ae333444
0,        808,        808,        1,  2531520, 15657837d3baf76b6850d905ecbe573a
0,        809,        809,        1,  2531520, 03114fde6978cadc9e6c06126683688a
0,        810,        810,        1,  2531520, d6bb17134cf2c885f89c98d7690c2a22
0,        811,        811,        1,  2531520, 3123621f460937bb94d606155c97e55a
0,        812,        812,        1,  2531520, 3a1294ec171ac33d2505cacd50c7d29a
0,        813,        813,        1,  2531520, aefce70c401091e3e32dbc693c390e21
0,        814,        814,        1,  2531520, 6b710368767d09f50178e11fd2b6664b
0,        815,        815,        1,  2531520, e7bf98a681a8ee85b2c849bf41392974
0,        816,        816,        1,  2531520, 5ab29a6c719bea2c4f371d4c1ee56fe3
0,        817,        817,        1,  2531520, 51cc09609701cbccf5f961371fb9bb91
0,        818,        818,        1,  2531520, 51cc09609701cbccf5f961371fb9bb91
0,        819,        819,        1,  2531520, 51cc09609701cbccf5f961371fb9bb91
0,        820,        820,        1,  2531520, 51cc09609701cbccf5f961371fb9bb91
0,        821,        821,        1,  2531520, 51cc09609701cbccf5f961371fb9bb91
0,        822,        822,        1,  2531520, 51cc09609701cbccf5f961371fb9bb91
0,        823,        823,        1,  2531520, 51cc09609701cbccf5f961371fb9bb91
0,        824,        824,        1,  2531520, 51cc09609701cbccf5f961371fb9bb91
0,        825,        825,        1,  2531520, 51cc09609701cbccf5f961371fb9bb91
0,        826,        826,        1,  2531520, 51cc09609701cbccf5f961371fb9bb91
0,        827,        827,        1,  2531520, 51cc09609701cbccf5f961371fb9bb91
0,        828,        828,        1,  2531520, 51cc09609701cbccf5f961371fb9bb91
0,        829,        829,        1,  2531520, 51cc09609701cbccf5f961371fb9bb91
0,        830,        830,        1,  2531520, 51cc09609701cbccf5f961371fb9bb91
0,        831,        831,        1,  2531520, 51cc09609701cbccf5f961371fb9bb91
0,        832,        832,        1,  2531520, 51cc09609701cbccf5f961371fb9bb91
0,        833,        833,        1,  2531520, 51cc09609701cbccf5f961371fb9bb91
0,        834,        834,        1,  2531520, 51cc09609701cbccf5f961371fb9bb91
0,        835,        835,        1,  2531520, 51cc09609701cbccf5f961371fb9bb91
0,        836,        836,        1,  2531520, 51cc09609701cbccf5f961371fb9bb91
0,        837,        837,        1,  2531520, 51cc09609701cbccf5f961371fb9bb91
0,        838,        838,        1,  2531520, 51cc09609701cbccf5f961371fb9bb91
0,        839,        839,        1,  2531520, 51cc09609701cbccf5f961371fb9bb91
0,        840,        840,        1,  2531520, 51cc09609701cbccf5f961371fb9bb91
0,        841,        841,        1,  2531520, 51cc09609701cbccf5f961371fb9bb91
0,        842,        842,        1,  2531520, 51cc09609701cbccf5f961371fb9bb91
0,        843,        843,        1,  2531520, 51cc09609701cbccf5f961371fb9bb91
0,        844,        844,        1,  2531520, 51cc09609701cbccf5f961371fb9bb91
0,        845,        845,        1,  2531520, 51cc09609701cbccf5f961371fb9bb91
0,        846,        846,        1,  2531520, 51cc09609701cbccf5f961371fb9bb91
0,        847,        847,        1,  2531520, 51cc09609701cbccf5f961371fb9bb91
0,        848,        848,        1,  2531520, 51cc09609701cbccf5f961371fb9bb91
0,        849,        849,        1,  2531520, 51cc09609701cbccf5f961371fb9bb91
0,        850,        850,        1,  2531520, 51cc09609701cbccf5f961371fb9bb91
0,        851,        851,        1,  2531520, 51cc09609701cbccf5f961371fb9bb91
0,        852,        852,        1,  2531520, 51cc09609701cbccf5f961371fb9bb91
0,        853,        853,        1,  2531520, 51cc09609701cbccf5f961371fb9bb91
0,        854,        854,        1,  2531520, 95ee85bd7ae2cd6901825d267cf1c5e5
0,        855,        855,        1,  2531520, 95ee85bd7ae2cd6901825d267cf1c5e5
0,        856,        856,        1,  2531520, 95ee85bd7ae2cd6901825d267cf1c5e5
0,        857,        857,        1,  2531520, ce6e831b2659f05583e8ee4846a5600e
0,        858,        858,        1,  2531520, ce6e831b2659f05583e8ee4846a5600e
0,        859,        859,        1,  2531520, ce6e831b2659f05583e8ee4846a5600e
0,        860,        860,        1,  2531520, 76e9e9a82f6cfd2c3cbe8f2177fc9a49
0,        861,        861,        1,  2531520, 76e9e9a82f6cfd2c3cbe8f2177fc9a49
0,        862,        862,        1,  2531520, 76e9e9a82f6cfd2c3cbe8f2177fc9a49
0,        863,        863,        1,  2531520, 7d70c2c5a71568c5429ca6b05d9294dc
0,        864,        864,        1,  2531520, 7d70c2c5a71568c5429ca6b05d9294dc
0,        865,        865,        1,  2531520, 7d70c2c5a71568c5429ca6b05d9294dc
0,        866,        866,        1,  2531520, 321a66d9659de7f01f464efc5fa76334
0,        867,        867,        1,  2531520, 321a66d9659de7f01f464efc5fa76334
0,        868,        868,        1,  2531520, 321a66d9659de7f01f464efc5fa76334
0,        869,        869,        1,  2531520, 19728cd710f9702be1395202e3b217d5
0,        870,        870,        1,  2531520, 19728cd710f9702be1395202e3b217d5
0,        871,        871,        1,  2531520, 19728cd710f9702be1395202e3b217d5
0,        872,        872,        1,  2531520, c6376623ae4bd74978beeaf6d48f380b
0,        873,        873,        1,  2531520, c6376623ae4bd74978beeaf6d48f380b
0,        874,        874,        1,  2531520, c6376623ae4bd74978beeaf6d48f380b
0,        875,        875,        1,  2531520, 23ffd88d85ac526e9db591e4c937aa6e
0,        876,        876,        1,  2531520, 23ffd88d85ac526e9db591e4c937aa6e
0,        877,        877,        1,  2531520, 23ffd88d85ac526e9db591e4c937aa6e
0,        878,        878,        1,  2531520, b1d087327f6e7dc8e3b1f7fc2862fbb8
0,        879,        879,        1,  2531520, b1d087327f6e7dc8e3b1f7fc2862fbb8
0,        880,        880,        1,  2531520, b1d087327f6e7dc8e3b1f7fc2862fbb8
0,        881,        881,        1,  2531520, da3bc007f224210f72244c2d4c792828
0,        882,        882,        1,  2531520, da3bc007f224210f72244c2d4c792828
0,        883,        883,        1,  2531520, da3bc007f224210f72244c2d4c792828
0,        884,        884,        1,  2531520, 25ec166dea049103fd67b884ac82e8e6
0,        885,        885,        1,  2531520, 25ec166dea049103fd67b884ac82e8e6
0,        886,        886,        1,  2531520, 25ec166dea049103fd67b884ac82e8e6
0,        887,        887,        1,  2531520, 6dd0bb0d612d0d295d86bb897b451478
0,        888,        888,        1,  2531520, 6dd0bb0d612d0d295d86bb897b451478
0,        889,        889,        1,  2531520, 6dd0bb0d612d0d295d86bb897b451478
0,        890,        890,        1,  2531520, e91163894146d272e804f174cb5113d1
0,        891,        891,        1,  2531520, e91163894146d272e804f174cb5113d1
0,        892,        892,        1,  2531520, e91163894146d272e804f174cb5113d1
0,        893,        893,        1,  2531520, 5d5bb7acfdbfc27a90b411ef286ab8a9
0,        894,        894,        1,  2531520, 5d5bb7acfdbfc27a90b411ef286ab8a9
0,        895,        895,        1,  2531520, 5d5bb7acfdbfc27a90b411ef286ab8a9
0,        896,        896,        1,  2531520, 3be19118b063ccc81626b6d750336c80
0,        897,        897,        1,  2531520, 3be19118b063ccc81626b6d750336c80
0,        898,        898,        1,  2531520, 3be19118b063ccc81626b6d750336c80
0,        899,        899,        1,  2531520, 26857f4688c3c891aa3c2d8d3493b2c0
0,        900,        900,        1,  2531520, 26857f4688c3c891aa3c2d8d3493b2c0
0,        901,        901,        1,  2531520, 26857f4688c3c891aa3c2d8d3493b2c0
0,        902,        902,        1,  2531520, c78bd4f3a0fb1619e3e9f8cb3692689d
0,        903,        903,        1,  2531520, c78bd4f3a0fb1619e3e9f8cb3692689d
0,        904,        904,        1,  2531520, c78bd4f3a0fb1619e3e9f8cb3692689d
0,        905,        905,        1,  2531520, 14fd75414c36b192a0aafed1cbc7f94f
0,        906,        906,        1,  2531520, 14fd75414c36b192a0aafed1cbc7f94f
0,        907,        907,        1,  2531520, 14fd75414c36b192a0aafed1cbc7f94f
0,        908,        908,        1,  2531520, 091699bcfd4637a3b629bfd7a6439725
0,        909,        909,        1,  2531520, 091699bcfd4637a3b629bfd7a6439725
0,        910,        910,        1,  2531520, 091699bcfd4637a3b629bfd7a6439725
0,        911,        911,        1,  2531520, 2f0e6a813c1b10307569c7ad60e4bc77
0,        912,        912,        1,  2531520, 2f0e6a813c1b10307569c7ad60e4bc77
0,        913,        913,        1,  2531520, 2f0e6a813c1b10307569c7ad60e4bc77
0,        914,        914,        1,  2531520, 9bfe89625e0d1989b03b4daf9580b460
0,        915,        915,        1,  2531520, 9bfe89625e0d1989b03b4daf9580b460
0,        916,        916,        1,  2531520, 9bfe89625e0d1989b03b4daf9580b460
0,        917,        917,        1,  2531520, c1474242fb92790e9a02932047803d46
0,        918,        918,        1,  2531520, c1474242fb92790e9a02932047803d46
0,        919,        919,        1,  2531520, c1474242fb92790e9a02932047803d46
0,        920,        920,        1,  2531520, 848c785d4535596f12847ce8c615521a
0,        921,        921,        1,  2531520, 848c785d4535596f12847ce8c615521a
0,        922,        922,        1,  2531520, 848c785d4535596f12847ce8c615521a
0,        923,        923,        1,  2531520, e45481086dbffdd3fef9819bdd92f0fb
0,        924,        924,        1,  2531520, e45481086dbffdd3fef9819bdd92f0fb
0,        925,        925,        1,  2531520, e45481086dbffdd3fef9819bdd92f0fb
0,        926,        926,        1,  2531520, be9993a662bf3ecedcfd58151b9854f7
0,        927,        927,        1,  2531520, be9993a662bf3ecedcfd58151b9854f7
0,        928,        928,        1,  2531520, be9993a662bf3ecedcfd58151b9854f7
0,        929,        929,        1,  2531520, 6ab0e4d17e0cfa1a90eff35eae53cdd4
0,        930,        930,        1,  2531520, 6ab0e4d17e0cfa1a90eff35eae53cdd4
0,        931,        931,        1,  2531520, 6ab0e4d17e0cfa1a90eff35eae53cdd4
0,        932,        932,        1,  2531520, e9a26e6ed961615fa9e47c02eb1bae28
0,        933,        933,        1,  2531520, e9a26e6ed961615fa9e47c02eb1bae28
0,        934,        934,        1,  2531520, e9a26e6ed961615fa9e47c02eb1bae28
0,        935,        935,        1,  2531520, 06cad5517827dc58ff201de46cc0904d
0,        936,        936,        1,  2531520, 06cad5517827dc58ff201de46cc0904d
0,        937,        937,        1,  2531520, 06cad5517827dc58ff201de46cc0904d
0,        938,        938,        1,  2531520, 0114d97e9083b448f9268d40bc31194c
0,        939,        939,        1,  2531520, 0114d97e9083b448f9268d40bc31194c
0,        940,        940,        1,  2531520, 0114d97e9083b448f9268d40bc31194c
0,        941,        941,        1,  2531520, e4f7e44b8dc2baaf26d48986e68f93f7
0,        942,        942,        1,  2531520, e4f7e44b8dc2baaf26d48986e68f93f7
0,        943,        943,        1,  2531520, e4f7e44b8dc2baaf26d48986e68f93f7
0,        944,        944,        1,  2531520, 8da2199faf9ec41450f399c7acab6512
0,        945,        945,        1,  2531520, 8da2199faf9ec41450f399c7acab6512
0,        946,        946,        1,  2531520, 8da2199faf9ec41450f399c7acab6512
0,        947,        947,        1,  2531520, 2b19966b4bbe5ab6d427c8156c5011d5
0,        948,        948,        1,  2531520, 2b19966b4bbe5ab6d427c8156c5011d5
0,        949,        949,        1,  2531520, 2b19966b4bbe5ab6d427c8156c5011d5
0,        950,        950,        1,  2531520, 2b19966b4bbe5ab6d427c8156c5011d5
0,        951,        951,        1,  2531520, f34ba970e5897987d4ab7500c6b971a1
0,        952,        952,        1,  2531520, f34ba970e5897987d4ab7500c6b971a1
0,        953,        953,        1,  2531520, 46732af646849fd70fa7060bd99530ee
0,        954,        954,        1,  2531520, 46732af646849fd70fa7060bd99530ee
0,        955,        955,        1,  2531520, 46732af646849fd70fa7060bd99530ee
0,        956,        956,        1,  2531520, 46732af646849fd70fa7060bd99530ee
0,        957,        957,        1,  2531520, a12216734f0dbe898c81719ccbf46871
0,        958,        958,        1,  2531520, a12216734f0dbe898c81719ccbf46871
0,        959,        959,        1,  2531520, b721c58e6702b8676a143532684c67f4
0,        960,        960,        1,  2531520, b721c58e6702b8676a143532684c67f4
0,        961,        961,        1,  2531520, b721c58e6702b8676a143532684c67f4
0,        962,        962,        1,  2531520, b721c58e6702b8676a143532684c67f4
0,        963,        963,        1,  2531520, d8f2bfe177d1448ee81de9a1e62fae30
0,        964,        964,        1,  2531520, d8f2bfe177d1448ee81de9a1e62fae30
0,        965,        965,        1,  2531520, 8103253586af84006ef1984300f18e0e
0,        966,        966,        1,  2531520, 8103253586af84006ef1984300f18e0e
0,        967,        967,        1,  2531520, 8103253586af84006ef1984300f18e0e
0,        968,        968,        1,  2531520, 8103253586af84006ef1984300f18e0e
0,        969,        969,        1,  2531520, ea1e26febe225efc6778e5d542b7abc9
0,        970,        970,        1,  2531520, ea1e26febe225efc6778e5d542b7abc9
0,        971,        971,        1,  2531520, 6c07cd5cfbb036499b321142e6eb52c5
0,        972,        972,        1,  2531520, 6c07cd5cfbb036499b321142e6eb52c5
0,        973,        973,        1,  2531520, 6c07cd5cfbb036499b321142e6eb52c5
0,        974,        974,        1,  2531520, 6c07cd5cfbb036499b321142e6eb52c5
0,        975,        975,        1,  2531520, bc52fd090e376ef6f86c7ca129b7d44c
0,        976,        976,        1,  2531520, bc52fd090e376ef6f86c7ca129b7d44c
0,        977,        977,        1,  2531520, 18c84e8e3540b55933675c0351eb0311
0,        978,        978,        1,  2531520, 18c84e8e3540b55933675c0351eb0311
0,        979,        979,        1,  2531520, 18c84e8e3540b55933675c0351eb0311
0,        980,        980,        1,  2531520, 18c84e8e3540b55933675c0351eb0311
0,        981,        981,        1,  2531520, a9083e3a30781982765e130dfe3decad
0,        982,        982,        1,  2531520, a9083e3a30781982765e130dfe3decad
0,        983,        983,        1,  2531520, a0aef68d7c0233c4324c715532acec9e
0,        984,        984,        1,  2531520, a0aef68d7c0233c4324c715532acec9e
0,        985,        985,        1,  2531520, a0aef68d7c0233c4324c715532acec9e
0,        986,        986,        1,  2531520, a0aef68d7c0233c4324c715532acec9e
0,        987,        987,        1,  2531520, 3483ad923a8eb5f27f10d614e9fbd4dc
0,        988,        988,        1,  2531520, 3483ad923a8eb5f27f10d614e9fbd4dc
0,        989,        989,        1,  2531520, 56324044bf011bc9b14a15bb84d96c9e
0,        990,        990,        1,  2531520, 56324044bf011bc9b14a15bb84d96c9e
0,        991,        991,        1,  2531520, 56324044bf011bc9b14a15bb84d96c9e
0,        992,        992,        1,  2531520, 1c756244d542aa4b062eed8f01481d92
0,        993,        993,        1,  2531520, 1c756244d542aa4b062eed8f01481d92
0,        994,        994,        1,  2531520, 1c756244d542aa4b062eed8f01481d92
0,        995,        995,        1,  2531520, 53aee951ab26ab67094aa819b7e1bf87
0,        996,        996,        1,  2531520, 53aee951ab26ab67094aa819b7e1bf87
0,        997,        997,        1,  2531520, 53aee951ab26ab67094aa819b7e1bf87
0,        998,        998,        1,  2531520, 53aee951ab26ab67094aa819b7e1bf87
0,        999,        999,        1,  2531520, f800d36e93847a2d2d59565f623de832
0,       1000,       1000,        1,  2531520, f800d36e93847a2d2d59565f623de832
0,       1001,       1001,        1,  2531520, 87c12a645efa7b1ec67d7f69ddcc11f6
0,       1002,       1002,        1,  2531520, 87c12a645efa7b1ec67d7f69ddcc11f6
0,       1003,       1003,        1,  2531520, 87c12a645efa7b1ec67d7f69ddcc11f6
0,       1004,       1004,        1,  2531520, 87c12a645efa7b1ec67d7f69ddcc11f6
0,       1005,       1005,        1,  2531520, 9b44c63ad35b7e9e06bbf745e5410029
0,       1006,       1006,        1,  2531520, 9b44c63ad35b7e9e06bbf745e5410029
0,       1007,       1007,        1,  2531520, 3eba2ad42aad4a33c3fd71762761316c
0,       1008,       1008,        1,  2531520, 3eba2ad42aad4a33c3fd71762761316c
0,       1009,       1009,        1,  2531520, 3eba2ad42aad4a33c3fd71762761316c
0,       1010,       1010,        1,  2531520, 3eba2ad42aad4a33c3fd71762761316c
0,       1011,       1011,        1,  2531520, c923635fb0e5404edcf7df22add6d4b4
0,       1012,       1012,        1,  2531520, c923635fb0e5404edcf7df22add6d4b4
0,       1013,       1013,        1,  2531520, defc5b142939627c48f2ff4156b136fe
0,       1014,       1014,        1,  2531520, defc5b142939627c48f2ff4156b136fe
0,       1015,       1015,        1,  2531520, defc5b142939627c48f2ff4156b136fe
0,       1016,       1016,        1,  2531520, defc5b142939627c48f2ff4156b136fe
0,       1017,       1017,        1,  2531520, 8fa8163ae45ad9243997a28edad15308
0,       1018,       1018,        1,  2531520, 8fa8163ae45ad9243997a28edad15308
0,       1019,       1019,        1,  2531520, 5c961d0845145f0f7f017139911ef44b
0,       1020,       1020,        1,  2531520, 5c961d0845145f0f7f017139911ef44b
0,       1021,       1021,        1,  2531520, 5c961d0845145f0f7f017139911ef44b
0,       1022,       1022,        1,  2531520, 5c961d0845145f0f7f017139911ef44b
0,       1023,       1023,        1,  2531520, 5d5dc28c63f09a49dc5d97d33d64f3d8
0,       1024,       1024,        1,  2531520, 5d5dc28c63f09a49dc5d97d33d64f3d8
0,       1025,       1025,        1,  2531520, f025ab48371ee6a23ce845c0074f4bc7
0,       1026,       1026,        1,  2531520, f025ab48371ee6a23ce845c0074f4bc7
0,       1027,       1027,        1,  2531520, f025ab48371ee6a23ce845c0074f4bc7
0,       1028,       1028,        1,  2531520, f025ab48371ee6a23ce845c0074f4bc7
0,       1029,       1029,        1,  2531520, 64890e619d1a842c505b8ef8cbf4a346
0,       1030,       1030,        1,  2531520, 64890e619d1a842c505b8ef8cbf4a346
0,       1031,       1031,        1,  2531520, 28a74e27996681d476a0ea707da2b3bb
0,       1032,       1032,        1,  2531520, 28a74e27996681d476a0ea707da2b3bb
0,       1033,       1033,        1,  2531520, 28a74e27996681d476a0ea707da2b3bb
0,       1034,       1034,        1,  2531520, 28a74e27996681d476a0ea707da2b3bb
0,       1035,       1035,        1,  2531520, 1d503ee7ca4d7dcf589194e3821caa04
0,       1036,       1036,        1,  2531520, 1d503ee7ca4d7dcf589194e3821caa04
0,       1037,       1037,        1,  2531520, 367850c1123cb57c7e9e2b45ff4b1523
0,       1038,       1038,        1,  2531520, 367850c1123cb57c7e9e2b45ff4b1523
0,       1039,       1039,        1,  2531520, 367850c1123cb57c7e9e2b45ff4b1523
0,       1040,       1040,        1,  2531520, 44a77b063123a2a8c9da1e45b781eeb2
0,       1041,       1041,        1,  2531520, 44a77b063123a2a8c9da1e45b781eeb2
0,       1042,       1042,        1,  2531520, 44a77b063123a2a8c9da1e45b781eeb2
0,       1043,       1043,        1,  2531520, cfc8336b8883dea1a76b6e08a6b06156
0,       1044,       1044,        1,  2531520, cfc8336b8883dea1a76b6e08a6b06156
0,       1045,       1045,        1,  2531520, cfc8336b8883dea1a76b6e08a6b06156
0,       1046,       1046,        1,  2531520, cfc8336b8883dea1a76b6e08a6b06156
0,       1047,       1047,        1,  2531520, 555cf0d4eac8dc9f5efda75b4f9521c8
0,       1048,       1048,        1,  2531520, 555cf0d4eac8dc9f5efda75b4f9521c8
0,       1049,       1049,        1,  2531520, 555cf0d4eac8dc9f5efda75b4f9521c8
0,       1050,       1050,        1,  2531520, 14b997a5ad93b5b641ba2533db59c073
0,       1051,       1051,        1,  2531520, 14b997a5ad93b5b641ba2533db59c073
0,       1052,       1052,        1,  2531520, 14b997a5ad93b5b641ba2533db59c073
0,       1053,       1053,        1,  2531520, 6abe090c15b52c63b7c7dce8262351fb
0,       1054,       1054,        1,  2531520, 6abe090c15b52c63b7c7dce8262351fb
0,       1055,       1055,        1,  2531520, 6abe090c15b52c63b7c7dce8262351fb
0,       1056,       1056,        1,  2531520, 39bce41c34ba9452d31b1d4c8b867e19
0,       1057,       1057,        1,  2531520, 39bce41c34ba9452d31b1d4c8b867e19
0,       1058,       1058,        1,  2531520, 39bce41c34ba9452d31b1d4c8b867e19
0,       1059,       1059,        1,  2531520, 3c3c50650fe6d776722feeb45c7a3c66
0,       1060,       1060,        1,  2531520, 3c3c50650fe6d776722feeb45c7a3c66
0,       1061,       1061,        1,  2531520, 3c3c50650fe6d776722feeb45c7a3c66
0,       1062,       1062,        1,  2531520, 05d703070333f9bdce70fc2a02db51a8
0,       1063,       1063,        1,  2531520, 05d703070333f9bdce70fc2a02db51a8
0,       1064,       1064,        1,  2531520, 05d703070333f9bdce70fc2a02db51a8
0,       1065,       1065,        1,  2531520, 23b50e206dd0973fb9e3a8dd7e490f19
0,       1066,       1066,        1,  2531520, 23b50e206dd0973fb9e3a8dd7e490f19
0,       1067,       1067,        1,  2531520, 23b50e206dd0973fb9e3a8dd7e490f19
0,       1068,       1068,        1,  2531520, fd3a5c4334d9108540d1a41758b5be25
0,       1069,       1069,        1,  2531520, fd3a5c4334d9108540d1a41758b5be25
0,       1070,       1070,        1,  2531520, fd3a5c4334d9108540d1a41758b5be25
0,       1071,       1071,        1,  2531520, c3ae9fc9d95553da5936a4a686ef260c
0,       1072,       1072,        1,  2531520, c3ae9fc9d95553da5936a4a686ef260c
0,       1073,       1073,        1,  2531520, 686cb6272e843ce94f79a13ef6e823d1
0,       1074,       1074,        1,  2531520, 686cb6272e843ce94f79a13ef6e823d1
0,       1075,       1075,        1,  2531520, 686cb6272e843ce94f79a13ef6e823d1
0,       1076,       1076,        1,  2531520, 686cb6272e843ce94f79a13ef6e823d1
0,       1077,       1077,        1,  2531520, c6fbeed821471c7570ee05733c4df116
0,       1078,       1078,        1,  2531520, c6fbeed821471c7570ee05733c4df116
0,       1079,       1079,        1,  2531520, 15dc0b464802faeea3749538318580f6
0,       1080,       1080,        1,  2531520, 15dc0b464802faeea3749538318580f6
0,       1081,       1081,        1,  2531520, 15dc0b464802faeea3749538318580f6
0,       1082,       1082,        1,  2531520, 15dc0b464802faeea3749538318580f6
0,       1083,       1083,        1,  2531520, ba07cd12cf6a5104d84c8e05139fe1fc
0,       1084,       1084,        1,  2531520, ba07cd12cf6a5104d84c8e05139fe1fc
0,       1085,       1085,        1,  2531520, c360e3dbdcb2b1647eb801a41304a2c6
0,       1086,       1086,        1,  2531520, c360e3dbdcb2b1647eb801a41304a2c6
0,       1087,       1087,        1,  2531520, c360e3dbdcb2b1647eb801a41304a2c6
0,       1088,       1088,        1,  2531520, e2d439f569bf9c40e21df4aa3edfb03f
0,       1089,       1089,        1,  2531520, e2d439f569bf9c40e21df4aa3edfb03f
0,       1090,       1090,        1,  2531520, e2d439f569bf9c40e21df4aa3edfb03f
0,       1091,       1091,        1,  2531520, b8e758acda6810380d2cd8771d34a31d
0,       1092,       1092,        1,  2531520, b8e758acda6810380d2cd8771d34a31d
0,       1093,       1093,        1,  2531520, b8e758acda6810380d2cd8771d34a31d
0,       1094,       1094,        1,  2531520, b8e758acda6810380d2cd8771d34a31d
0,       1095,       1095,        1,  2531520, 1f500fba9dc8b3c5ddc87804ec2f5a03
0,       1096,       1096,        1,  2531520, 1f500fba9dc8b3c5ddc87804ec2f5a03
0,       1097,       1097,        1,  2531520, c0d4149d7a48e0c39c8d7e2fc6d67aa7
0,       1098,       1098,        1,  2531520, c0d4149d7a48e0c39c8d7e2fc6d67aa7
0,       1099,       1099,        1,  2531520, c0d4149d7a48e0c39c8d7e2fc6d67aa7
0,       1100,       1100,        1,  2531520, c0d4149d7a48e0c39c8d7e2fc6d67aa7
0,       1101,       1101,        1,  2531520, 83b6898d54de1dd750199704d4d228c9
0,       1102,       1102,        1,  2531520, 83b6898d54de1dd750199704d4d228c9
0,       1103,       1103,        1,  2531520, cc6f2b327f6cce52125e9621e8bce60a
0,       1104,       1104,        1,  2531520, cc6f2b327f6cce52125e9621e8bce60a
0,       1105,       1105,        1,  2531520, cc6f2b327f6cce52125e9621e8bce60a
0,       1106,       1106,        1,  2531520, cc6f2b327f6cce52125e9621e8bce60a
0,       1107,       1107,        1,  2531520, 025d4084f646588be43b42176eab531d
0,       1108,       1108,        1,  2531520, 025d4084f646588be43b42176eab531d
0,       1109,       1109,        1,  2531520, bbcbb98797bca0ac9cb13576a6b667df
0,       1110,       1110,        1,  2531520, bbcbb98797bca0ac9cb13576a6b667df
0,       1111,       1111,        1,  2531520, bbcbb98797bca0ac9cb13576a6b667df
0,       1112,       1112,        1,  2531520, bbcbb98797bca0ac9cb13576a6b667df
0,       1113,       1113,        1,  2531520, a509a9af72d97fb3db8a07e67f7f7918
0,       1114,       1114,        1,  2531520, a509a9af72d97fb3db8a07e67f7f7918
0,       1115,       1115,        1,  2531520, 5650573fa1de6efcf32d17763cf14486
0,       1116,       1116,        1,  2531520, 5650573fa1de6efcf32d17763cf14486
0,       1117,       1117,        1,  2531520, 5650573fa1de6efcf32d17763cf14486
0,       1118,       1118,        1,  2531520, 5650573fa1de6efcf32d17763cf14486
0,       1119,       1119,        1,  2531520, 16e41b0a4e7bd95d693cbf3b05732074
0,       1120,       1120,        1,  2531520, 16e41b0a4e7bd95d693cbf3b05732074
0,       1121,       1121,        1,  2531520, 024b8e4565f63591e979aeec63c0db3f
0,       1122,       1122,        1,  2531520, 024b8e4565f63591e979aeec63c0db3f
0,       1123,       1123,        1,  2531520, 024b8e4565f63591e979aeec63c0db3f
0,       1124,       1124,        1,  2531520, 024b8e4565f63591e979aeec63c0db3f
0,       1125,       1125,        1,  2531520, 669d84a5bbe3e81eb13760cd3b681a32
0,       1126,       1126,        1,  2531520, 669d84a5bbe3e81eb13760cd3b681a32
0,       1127,       1127,        1,  2531520, 66f13f74f20ae3ea78522ae39bd1b93a
0,       1128,       1128,        1,  2531520, 66f13f74f20ae3ea78522ae39bd1b93a
0,       1129,       1129,        1,  2531520, 66f13f74f20ae3ea78522ae39bd1b93a
0,       1130,       1130,        1,  2531520, 66f13f74f20ae3ea78522ae39bd1b93a
0,       1131,       1131,        1,  2531520, 4b13132ce1bfab4aa40ccf0888eadc64
0,       1132,       1132,        1,  2531520, 4b13132ce1bfab4aa40ccf0888eadc64
0,       1133,       1133,        1,  2531520, 2de564aa4001e2e0f370543c8734f42f
0,       1134,       1134,        1,  2531520, 2de564aa4001e2e0f370543c8734f42f
0,       1135,       1135,        1,  2531520, 2de564aa4001e2e0f370543c8734f42f
0,       1136,       1136,        1,  2531520, 425b007d4231b800ad8ef505408266d5
0,       1137,       1137,        1,  2531520, 425b007d4231b800ad8ef505408266d5
0,       1138,       1138,        1,  2531520, 425b007d4231b800ad8ef505408266d5
0,       1139,       1139,        1,  2531520, da4a7609cc268e4e8ae9180862d4a053
0,       1140,       1140,        1,  2531520, da4a7609cc268e4e8ae9180862d4a053
0,       1141,       1141,        1,  2531520, da4a7609cc268e4e8ae9180862d4a053
0,       1142,       1142,        1,  2531520, da4a7609cc268e4e8ae9180862d4a053
0,       1143,       1143,        1,  2531520, 7d49c798e12503d731644d52b89ede0d
0,       1144,       1144,        1,  2531520, 7d49c798e12503d731644d52b89ede0d
0,       1145,       1145,        1,  2531520, 7d49c798e12503d731644d52b89ede0d
0,       1146,       1146,        1,  2531520, 947c5ade5c20cf750c65b2b28ceda108
0,       1147,       1147,        1,  2531520, 947c5ade5c20cf750c65b2b28ceda108
0,       1148,       1148,        1,  2531520, 947c5ade5c20cf750c65b2b28ceda108
0,       1149,       1149,        1,  2531520, f526289a235d41f807d2dcaffcd76956
0,       1150,       1150,        1,  2531520, f526289a235d41f807d2dcaffcd76956
0,       1151,       1151,        1,  2531520, 0b016241e519eec03b4cc5828e5ac94d
0,       1152,       1152,        1,  2531520, 0b016241e519eec03b4cc5828e5ac94d
0,       1153,       1153,        1,  2531520, 0b016241e519eec03b4cc5828e5ac94d
0,       1154,       1154,        1,  2531520, 0b016241e519eec03b4cc5828e5ac94d
0,       1155,       1155,        1,  2531520, ae70e41883a9ad3ec37e329bc324ecc2
0,       1156,       1156,        1,  2531520, ae70e41883a9ad3ec37e329bc324ecc2
0,       1157,       1157,        1,  2531520, 38591dd2ead95006c081dac512fae650
0,       1158,       1158,        1,  2531520, 38591dd2ead95006c081dac512fae650
0,       1159,       1159,        1,  2531520, 38591dd2ead95006c081dac512fae650
0,       1160,       1160,        1,  2531520, 38591dd2ead95006c081dac512fae650
0,       1161,       1161,        1,  2531520, 56248287bf957a126d0581105045118f
0,       1162,       1162,        1,  2531520, 56248287bf957a126d0581105045118f
0,       1163,       1163,        1,  2531520, 9eec13ed5a096816b7184ae59ce741b0
0,       1164,       1164,        1,  2531520, 9eec13ed5a096816b7184ae59ce741b0
0,       1165,       1165,        1,  2531520, 9eec13ed5a096816b7184ae59ce741b0
0,       1166,       1166,        1,  2531520, 9eec13ed5a096816b7184ae59ce741b0
0,       1167,       1167,        1,  2531520, e7d4fc66f36fe08faa1e6503590157f5
0,       1168,       1168,        1,  2531520, e7d4fc66f36fe08faa1e6503590157f5
0,       1169,       1169,        1,  2531520, 13ea0786b0a55a70f538e60b7b935fc2
0,       1170,       1170,        1,  2531520, 13ea0786b0a55a70f538e60b7b935fc2
0,       1171,       1171,        1,  2531520, 13ea0786b0a55a70f538e60b7b935fc2
0,       1172,       1172,        1,  2531520, 13ea0786b0a55a70f538e60b7b935fc2
0,       1173,       1173,        1,  2531520, b407c144ae44307d249fec395654bf7d
0,       1174,       1174,        1,  2531520, b407c144ae44307d249fec395654bf7d
0,       1175,       1175,        1,  2531520, be3d47afacd33447cc2c98777e838d4f
0,       1176,       1176,        1,  2531520, be3d47afacd33447cc2c98777e838d4f
0,       1177,       1177,        1,  2531520, be3d47afacd33447cc2c98777e838d4f
0,       1178,       1178,        1,  2531520, be3d47afacd33447cc2c98777e838d4f
0,       1179,       1179,        1,  2531520, e4bdd9432239e1179eed2d44aecf321b
0,       1180,       1180,        1,  2531520, e4bdd9432239e1179eed2d44aecf321b
0,       1181,       1181,        1,  2531520, 11b2a281dc00ddb308dfad5eb18cf4f4
0,       1182,       1182,        1,  2531520, 11b2a281dc00ddb308dfad5eb18cf4f4
0,       1183,       1183,        1,  2531520, 11b2a281dc00ddb308dfad5eb18cf4f4
0,       1184,       1184,        1,  2531520, e08359bbf83a77b116c9665f2b647bbc
0,       1185,       1185,        1,  2531520, e08359bbf83a77b116c9665f2b647bbc
0,       1186,       1186,        1,  2531520, e08359bbf83a77b116c9665f2b647bbc
0,       1187,       1187,        1,  2531520, 90a01883a0fdd526a21a6bafac12098f
0,       1188,       1188,        1,  2531520, 90a01883a0fdd526a21a6bafac12098f
0,       1189,       1189,        1,  2531520, 90a01883a0fdd526a21a6bafac12098f
0,       1190,       1190,        1,  2531520, 90a01883a0fdd526a21a6bafac12098f
0,       1191,       1191,        1,  2531520, 26628154eb8423c7fdf84f47b66e6ff1
0,       1192,       1192,        1,  2531520, 26628154eb8423c7fdf84f47b66e6ff1
0,       1193,       1193,        1,  2531520, 2714eb03a0ec52a64a3ff1ea9aed33f1
0,       1194,       1194,        1,  2531520, 2714eb03a0ec52a64a3ff1ea9aed33f1
0,       1195,       1195,        1,  2531520, 2714eb03a0ec52a64a3ff1ea9aed33f1
0,       1196,       1196,        1,  2531520, 2714eb03a0ec52a64a3ff1ea9aed33f1
0,       1197,       1197,        1,  2531520, b5c498d983195bdae6e32e3281e86287
0,       1198,       1198,        1,  2531520, b5c498d983195bdae6e32e3281e86287
0,       1199,       1199,        1,  2531520, 8922043c5fe2d417714e3f88eb3243c6
0,       1200,       1200,        1,  2531520, 8922043c5fe2d417714e3f88eb3243c6
0,       1201,       1201,        1,  2531520, 8922043c5fe2d417714e3f88eb3243c6
0,       1202,       1202,        1,  2531520, 8922043c5fe2d417714e3f88eb3243c6
0,       1203,       1203,        1,  2531520, 7c4685c1dfea6bd41196a402e03e9ecc
0,       1204,       1204,        1,  2531520, 7c4685c1dfea6bd41196a402e03e9ecc
0,       1205,       1205,        1,  2531520, 6552e441fdac6ae4714ad4ce39800ac1
0,       1206,       1206,        1,  2531520, 6552e441fdac6ae4714ad4ce39800ac1
0,       1207,       1207,        1,  2531520, 6552e441fdac6ae4714ad4ce39800ac1
0,       1208,       1208,        1,  2531520, 6552e441fdac6ae4714ad4ce39800ac1
0,       1209,       1209,        1,  2531520, 7dfd83f20f9c1d47618b9f95744b96a3
0,       1210,       1210,        1,  2531520, 7dfd83f20f9c1d47618b9f95744b96a3
0,       1211,       1211,        1,  2531520, 3da87d943f675d69d2a73072018599a7
0,       1212,       1212,        1,  2531520, 3da87d943f675d69d2a73072018599a7
0,       1213,       1213,        1,  2531520, 3da87d943f675d69d2a73072018599a7
0,       1214,       1214,        1,  2531520, 3da87d943f675d69d2a73072018599a7
0,       1215,       1215,        1,  2531520, a85ceee822c3edf6bcb725013f97d84a
0,       1216,       1216,        1,  2531520, a85ceee822c3edf6bcb725013f97d84a
0,       1217,       1217,        1,  2531520, 3559eb4cfd1024889049a6a701fca0b6
0,       1218,       1218,        1,  2531520, 3559eb4cfd1024889049a6a701fca0b6
0,       1219,       1219,        1,  2531520, 3559eb4cfd1024889049a6a701fca0b6
0,       1220,       1220,        1,  2531520, 3559eb4cfd1024889049a6a701fca0b6
0,       1221,       1221,        1,  2531520, e3061546a2efa3afd246ac5226c3f289
0,       1222,       1222,        1,  2531520, e3061546a2efa3afd246ac5226c3f289
0,       1223,       1223,        1,  2531520, 967798d892421e9ce7da591276996d6a
0,       1224,       1224,        1,  2531520, 967798d892421e9ce7da591276996d6a
0,       1225,       1225,        1,  2531520, 967798d892421e9ce7da591276996d6a
0,       1226,       1226,        1,  2531520, 967798d892421e9ce7da591276996d6a
0,       1227,       1227,        1,  2531520, bbac56292502e81bda24da5da272efcd
0,       1228,       1228,        1,  2531520, bbac56292502e81bda24da5da272efcd
0,       1229,       1229,        1,  2531520, e2b44c2562fcc29c76051c5709ee046a
0,       1230,       1230,        1,  2531520, e2b44c2562fcc29c76051c5709ee046a
0,       1231,       1231,        1,  2531520, e2b44c2562fcc29c76051c5709ee046a
0,       1232,       1232,        1,  2531520, 66ae729f0d45d075e11648920030a588
0,       1233,       1233,        1,  2531520, 66ae729f0d45d075e11648920030a588
0,       1234,       1234,        1,  2531520, 66ae729f0d45d075e11648920030a588
0,       1235,       1235,        1,  2531520, 6c0fb02e37681fe4b872b51df0d30cba
0,       1236,       1236,        1,  2531520, 6c0fb02e37681fe4b872b51df0d30cba
0,       1237,       1237,        1,  2531520, 6c0fb02e37681fe4b872b51df0d30cba
0,       1238,       1238,        1,  2531520, 6c0fb02e37681fe4b872b51df0d30cba
0,       1239,       1239,        1,  2531520, bdf0c7452a48a4dc130449bd64053fd2
0,       1240,       1240,        1,  2531520, bdf0c7452a48a4dc130449bd64053fd2
0,       1241,       1241,        1,  2531520, 5725626bb575fca13ab279bb19201861
0,       1242,       1242,        1,  2531520, 5725626bb575fca13ab279bb19201861
0,       1243,       1243,        1,  2531520, 5725626bb575fca13ab279bb19201861
0,       1244,       1244,        1,  2531520, 5725626bb575fca13ab279bb19201861
0,       1245,       1245,        1,  2531520, 8c73c31e132577a2287a16462dd74180
0,       1246,       1246,        1,  2531520, 8c73c31e132577a2287a16462dd74180
0,       1247,       1247,        1,  2531520, 4ea7df345f689d73b133ea89f0171ccf
0,       1248,       1248,        1,  2531520, 4ea7df345f689d73b133ea89f0171ccf
0,       1249,       1249,        1,  2531520, 4ea7df345f689d73b133ea89f0171ccf
0,       1250,       1250,        1,  2531520, e3ce17b87cb9d62d97ac77066f038f78
0,       1251,       1251,        1,  2531520, e3ce17b87cb9d62d97ac77066f038f78
0,       1252,       1252,        1,  2531520, e3ce17b87cb9d62d97ac77066f038f78
0,       1253,       1253,        1,  2531520, 1db5829dc700bf03f2a31ac4a1189802
0,       1254,       1254,        1,  2531520, 1db5829dc700bf03f2a31ac4a1189802
0,       1255,       1255,        1,  2531520, 1db5829dc700bf03f2a31ac4a1189802
0,       1256,       1256,        1,  2531520, 2e04ea078b578d81d61df9613152122f
0,       1257,       1257,        1,  2531520, 2e04ea078b578d81d61df9613152122f
0,       1258,       1258,        1,  2531520, 2e04ea078b578d81d61df9613152122f
0,       1259,       1259,        1,  2531520, 076000a7a37cabf8915658b1199a785b
0,       1260,       1260,        1,  2531520, 076000a7a37cabf8915658b1199a785b
0,       1261,       1261,        1,  2531520, 076000a7a37cabf8915658b1199a785b
0,       1262,       1262,        1,  2531520, 31ecf631dc3e91f6b7eb78ce168685cf
0,       1263,       1263,        1,  2531520, 31ecf631dc3e91f6b7eb78ce168685cf
0,       1264,       1264,        1,  2531520, 31ecf631dc3e91f6b7eb78ce168685cf
0,       1265,       1265,        1,  2531520, b6c47e5284ebd2f7302b5c3a0056cdb8
0,       1266,       1266,        1,  2531520, b6c47e5284ebd2f7302b5c3a0056cdb8
0,       1267,       1267,        1,  2531520, b6c47e5284ebd2f7302b5c3a0056cdb8
0,       1268,       1268,        1,  2531520, e61c1966d6cf60c47f3ff73dddb8615a
0,       1269,       1269,        1,  2531520, e61c1966d6cf60c47f3ff73dddb8615a
0,       1270,       1270,        1,  2531520, e61c1966d6cf60c47f3ff73dddb8615a
0,       1271,       1271,        1,  2531520, 7d88caefd1dc771968852944571085c1
0,       1272,       1272,        1,  2531520, 7d88caefd1dc771968852944571085c1
0,       1273,       1273,        1,  2531520, 7d88caefd1dc771968852944571085c1
0,       1274,       1274,        1,  2531520, 19f4dc628a5ce4022f0f60c1bee02040
0,       1275,       1275,        1,  2531520, 19f4dc628a5ce4022f0f60c1bee02040
0,       1276,       1276,        1,  2531520, 19f4dc628a5ce4022f0f60c1bee02040
0,       1277,       1277,        1,  2531520, 07e471c71a67870e2508dd1f21c620ec
0,       1278,       1278,        1,  2531520, 07e471c71a67870e2508dd1f21c620ec
0,       1279,       1279,        1,  2531520, 07e471c71a67870e2508dd1f21c620ec
0,       1280,       1280,        1,  2531520, ce1174a17b6babaaf33100b1e62dae86
0,       1281,       1281,        1,  2531520, ce1174a17b6babaaf33100b1e62dae86
0,       1282,       1282,        1,  2531520, ce1174a17b6babaaf33100b1e62dae86
0,       1283,       1283,        1,  2531520, 5992ecd8c5577a5984b0b895eac1cf31
0,       1284,       1284,        1,  2531520, 5992ecd8c5577a5984b0b895eac1cf31
0,       1285,       1285,        1,  2531520, 5992ecd8c5577a5984b0b895eac1cf31
0,       1286,       1286,        1,  2531520, 3ec2e8b54c4564719cd7940d40b8d4d6
0,       1287,       1287,        1,  2531520, 3ec2e8b54c4564719cd7940d40b8d4d6
0,       1288,       1288,        1,  2531520, 3ec2e8b54c4564719cd7940d40b8d4d6
0,       1289,       1289,        1,  2531520, 78f25eab606caa3c1afe3c98b55a5e00
0,       1290,       1290,        1,  2531520, 78f25eab606caa3c1afe3c98b55a5e00
0,       1291,       1291,        1,  2531520, 78f25eab606caa3c1afe3c98b55a5e00
0,       1292,       1292,        1,  2531520, 20d4c85106d2f59e4a7ce5e62b90ca73
0,       1293,       1293,        1,  2531520, 20d4c85106d2f59e4a7ce5e62b90ca73
0,       1294,       1294,        1,  2531520, 20d4c85106d2f59e4a7ce5e62b90ca73
0,       1295,       1295,        1,  2531520, 5562c6d07eb2f906e02b048f92b3872d
0,       1296,       1296,        1,  2531520, 5562c6d07eb2f906e02b048f92b3872d
0,       1297,       1297,        1,  2531520, 5562c6d07eb2f906e02b048f92b3872d
0,       1298,       1298,        1,  2531520, eb2dc4d33e92083fa58f1fcf1bbcbf63
0,       1299,       1299,        1,  2531520, eb2dc4d33e92083fa58f1fcf1bbcbf63
0,       1300,       1300,        1,  2531520, eb2dc4d33e92083fa58f1fcf1bbcbf63
0,       1301,       1301,        1,  2531520, e67492ed34d3e499cbc46dcd92cf6aed
0,       1302,       1302,        1,  2531520, e67492ed34d3e499cbc46dcd92cf6aed
0,       1303,       1303,        1,  2531520, e67492ed34d3e499cbc46dcd92cf6aed
0,       1304,       1304,        1,  2531520, 94231f37371fd29b14e828f6671c0b56
0,       1305,       1305,        1,  2531520, 94231f37371fd29b14e828f6671c0b56
0,       1306,       1306,        1,  2531520, 94231f37371fd29b14e828f6671c0b56
0,       1307,       1307,        1,  2531520, dacc8189885d1a6b238c605a50fe9050
0,       1308,       1308,        1,  2531520, dacc8189885d1a6b238c605a50fe9050
0,       1309,       1309,        1,  2531520, dacc8189885d1a6b238c605a50fe9050
0,       1310,       1310,        1,  2531520, dacc8189885d1a6b238c605a50fe9050
0,       1311,       1311,        1,  2531520, bd9a7ef0521cc1b6c11da2364bcf5879
0,       1312,       1312,        1,  2531520, bd9a7ef0521cc1b6c11da2364bcf5879
0,       1313,       1313,        1,  2531520, caae6d53bf3cab2d13f514ba6d3feeda
0,       1314,       1314,        1,  2531520, caae6d53bf3cab2d13f514ba6d3feeda
0,       1315,       1315,        1,  2531520, caae6d53bf3cab2d13f514ba6d3feeda
0,       1316,       1316,        1,  2531520, caae6d53bf3cab2d13f514ba6d3feeda
0,       1317,       1317,        1,  2531520, e29be97b09e130f5392cbf5dd0972f7d
0,       1318,       1318,        1,  2531520, e29be97b09e130f5392cbf5dd0972f7d
0,       1319,       1319,        1,  2531520, 6b9c5e94f79c3037b9f54e9be58f4f88
0,       1320,       1320,        1,  2531520, 6b9c5e94f79c3037b9f54e9be58f4f88
0,       1321,       1321,        1,  2531520, 6b9c5e94f79c3037b9f54e9be58f4f88
0,       1322,       1322,        1,  2531520, cb9a8689bb3fbf8350d900d7692c68d1
0,       1323,       1323,        1,  2531520, cb9a8689bb3fbf8350d900d7692c68d1
0,       1324,       1324,        1,  2531520, cb9a8689bb3fbf8350d900d7692c68d1
0,       1325,       1325,        1,  2531520, 589aed8945b3d3aaa90c203fdc0f1c77
0,       1326,       1326,        1,  2531520, 589aed8945b3d3aaa90c203fdc0f1c77
0,       1327,       1327,        1,  2531520, 589aed8945b3d3aaa90c203fdc0f1c77
0,       1328,       1328,        1,  2531520, 7ec7a90f1b9e71411e4e080165644f25
0,       1329,       1329,        1,  2531520, 7ec7a90f1b9e71411e4e080165644f25
0,       1330,       1330,        1,  2531520, 7ec7a90f1b9e71411e4e080165644f25
0,       1331,       1331,        1,  2531520, b51cf076a55ef50c85fe624cbd05cf89
0,       1332,       1332,        1,  2531520, b51cf076a55ef50c85fe624cbd05cf89
0,       1333,       1333,        1,  2531520, b51cf076a55ef50c85fe624cbd05cf89
0,       1334,       1334,        1,  2531520, d031616905c44c1cd30ce99c4cb3aa4a
0,       1335,       1335,        1,  2531520, d031616905c44c1cd30ce99c4cb3aa4a
0,       1336,       1336,        1,  2531520, d031616905c44c1cd30ce99c4cb3aa4a
0,       1337,       1337,        1,  2531520, 81e290376cd1ff44c838ea49df72715e
0,       1338,       1338,        1,  2531520, 81e290376cd1ff44c838ea49df72715e
0,       1339,       1339,        1,  2531520, 81e290376cd1ff44c838ea49df72715e
0,       1340,       1340,        1,  2531520, 81e290376cd1ff44c838ea49df72715e
0,       1341,       1341,        1,  2531520, 647170ddc48cf07631afa75120ea3994
0,       1342,       1342,        1,  2531520, 647170ddc48cf07631afa75120ea3994
0,       1343,       1343,        1,  2531520, 94c53d7206a7476289842d8357f41363
0,       1344,       1344,        1,  2531520, 94c53d7206a7476289842d8357f41363
0,       1345,       1345,        1,  2531520, 94c53d7206a7476289842d8357f41363
0,       1346,       1346,        1,  2531520, 87c938b7d0dc48a7856d2128b998c22c
0,       1347,       1347,        1,  2531520, 87c938b7d0dc48a7856d2128b998c22c
0,       1348,       1348,        1,  2531520, 87c938b7d0dc48a7856d2128b998c22c
0,       1349,       1349,        1,  2531520, 7b4001d48a78d2f7e4d234543e461dd1
0,       1350,       1350,        1,  2531520, 7b4001d48a78d2f7e4d234543e461dd1
0,       1351,       1351,        1,  2531520, 7b4001d48a78d2f7e4d234543e461dd1
0,       1352,       1352,        1,  2531520, 8bca2a68c90c3ed7d522acb15c3564d7
0,       1353,       1353,        1,  2531520, 8bca2a68c90c3ed7d522acb15c3564d7
0,       1354,       1354,        1,  2531520, 8bca2a68c90c3ed7d522acb15c3564d7
0,       1355,       1355,        1,  2531520, 4366ab8cf969b4d79131218fe9d04e95
0,       1356,       1356,        1,  2531520, 4366ab8cf969b4d79131218fe9d04e95
0,       1357,       1357,        1,  2531520, 4366ab8cf969b4d79131218fe9d04e95
0,       1358,       1358,        1,  2531520, 28bce100b54af7018961761267f7327f
0,       1359,       1359,        1,  2531520, 28bce100b54af7018961761267f7327f
0,       1360,       1360,        1,  2531520, 28bce100b54af7018961761267f7327f
0,       1361,       1361,        1,  2531520, 716329ce224c8962747489018706ae23
0,       1362,       1362,        1,  2531520, 716329ce224c8962747489018706ae23
0,       1363,       1363,        1,  2531520, 716329ce224c8962747489018706ae23
0,       1364,       1364,        1,  2531520, 83c6af47cb5a733e06d6b2a341e90f4f
0,       1365,       1365,        1,  2531520, 83c6af47cb5a733e06d6b2a341e90f4f
0,       1366,       1366,        1,  2531520, 83c6af47cb5a733e06d6b2a341e90f4f
0,       1367,       1367,        1,  2531520, ca5795de2370ab76ae59c3edb6598313
0,       1368,       1368,        1,  2531520, ca5795de2370ab76ae59c3edb6598313
0,       1369,       1369,        1,  2531520, ca5795de2370ab76ae59c3edb6598313
0,       1370,       1370,        1,  2531520, 74eee3b60b258d7ebada2883f773959c
0,       1371,       1371,        1,  2531520, 74eee3b60b258d7ebada2883f773959c
0,       1372,       1372,        1,  2531520, 74eee3b60b258d7ebada2883f773959c
0,       1373,       1373,        1,  2531520, 1333a9377648766ebc6547d82cf8af0b
0,       1374,       1374,        1,  2531520, 1333a9377648766ebc6547d82cf8af0b
0,       1375,       1375,        1,  2531520, 1333a9377648766ebc6547d82cf8af0b
0,       1376,       1376,        1,  2531520, 1e62065c8ff4b48cd504fa8954dcdb5e
0,       1377,       1377,        1,  2531520, 1e62065c8ff4b48cd504fa8954dcdb5e
0,       1378,       1378,        1,  2531520, 1e62065c8ff4b48cd504fa8954dcdb5e
0,       1379,       1379,        1,  2531520, 0fe596bdcf8155cdcc87bdedea28869a
0,       1380,       1380,        1,  2531520, 0fe596bdcf8155cdcc87bdedea28869a
0,       1381,       1381,        1,  2531520, 0fe596bdcf8155cdcc87bdedea28869a
0,       1382,       1382,        1,  2531520, 553b3125f72f9e56b4a7d0e3fbdd141d
0,       1383,       1383,        1,  2531520, 553b3125f72f9e56b4a7d0e3fbdd141d
0,       1384,       1384,        1,  2531520, 553b3125f72f9e56b4a7d0e3fbdd141d
0,       1385,       1385,        1,  2531520, 1671e81d61042a2c5873680b97863777
0,       1386,       1386,        1,  2531520, 1671e81d61042a2c5873680b97863777
0,       1387,       1387,        1,  2531520, 1671e81d61042a2c5873680b97863777
0,       1388,       1388,        1,  2531520, b3c280acc4b7013738ce004aa05fd342
0,       1389,       1389,        1,  2531520, b3c280acc4b7013738ce004aa05fd342
0,       1390,       1390,        1,  2531520, b3c280acc4b7013738ce004aa05fd342
0,       1391,       1391,        1,  2531520, d4d54ebfccace966ef52de32af6fd037
0,       1392,       1392,        1,  2531520, d4d54ebfccace966ef52de32af6fd037
0,       1393,       1393,        1,  2531520, d4d54ebfccace966ef52de32af6fd037
0,       1394,       1394,        1,  2531520, 2160aa989e9e5160b3e8d411713a738a
0,       1395,       1395,        1,  2531520, 2160aa989e9e5160b3e8d411713a738a
0,       1396,       1396,        1,  2531520, 2160aa989e9e5160b3e8d411713a738a
0,       1397,       1397,        1,  2531520, 53f1287d557ebb1d7a0d8392c2d254bd
0,       1398,       1398,        1,  2531520, 53f1287d557ebb1d7a0d8392c2d254bd
0,       1399,       1399,        1,  2531520, 53f1287d557ebb1d7a0d8392c2d254bd
0,       1400,       1400,        1,  2531520, c8ea138797da36144dd4a6a6fbc17fa4
0,       1401,       1401,        1,  2531520, c8ea138797da36144dd4a6a6fbc17fa4
0,       1402,       1402,        1,  2531520, c8ea138797da36144dd4a6a6fbc17fa4
0,       1403,       1403,        1,  2531520, efb541ca2204755ff932320ea2f50ff2
0,       1404,       1404,        1,  2531520, efb541ca2204755ff932320ea2f50ff2
0,       1405,       1405,        1,  2531520, efb541ca2204755ff932320ea2f50ff2
0,       1406,       1406,        1,  2531520, efb541ca2204755ff932320ea2f50ff2
0,       1407,       1407,        1,  2531520, e92e23767ccbf2760ea67bc452dc10b7
0,       1408,       1408,        1,  2531520, e92e23767ccbf2760ea67bc452dc10b7
0,       1409,       1409,        1,  2531520, 4dc3eda83b39885f72671522b4135c93
0,       1410,       1410,        1,  2531520, 4dc3eda83b39885f72671522b4135c93
0,       1411,       1411,        1,  2531520, 4dc3eda83b39885f72671522b4135c93
0,       1412,       1412,        1,  2531520, 4dc3eda83b39885f72671522b4135c93
0,       1413,       1413,        1,  2531520, a7f9c430cf75718322a03127766545d7
0,       1414,       1414,        1,  2531520, a7f9c430cf75718322a03127766545d7
0,       1415,       1415,        1,  2531520, 980d31e7ed6ec450cb0a4eeebdea023f
0,       1416,       1416,        1,  2531520, 980d31e7ed6ec450cb0a4eeebdea023f
0,       1417,       1417,        1,  2531520, 980d31e7ed6ec450cb0a4eeebdea023f
0,       1418,       1418,        1,  2531520, 7a57c666a6678ceed2066a6be11e4fa6
0,       1419,       1419,        1,  2531520, 7a57c666a6678ceed2066a6be11e4fa6
0,       1420,       1420,        1,  2531520, 7a57c666a6678ceed2066a6be11e4fa6
0,       1421,       1421,        1,  2531520, b85a7c908828f17b1eb5aa56c2fc0115
0,       1422,       1422,        1,  2531520, b85a7c908828f17b1eb5aa56c2fc0115
0,       1423,       1423,        1,  2531520, b85a7c908828f17b1eb5aa56c2fc0115
0,       1424,       1424,        1,  2531520, 36c82b993edb344a4ca59ce18d7d52cf
0,       1425,       1425,        1,  2531520, 36c82b993edb344a4ca59ce18d7d52cf
0,       1426,       1426,        1,  2531520, 36c82b993edb344a4ca59ce18d7d52cf
0,       1427,       1427,        1,  2531520, 62f1ab2aa39221046986d702ff2491db
0,       1428,       1428,        1,  2531520, 62f1ab2aa39221046986d702ff2491db
0,       1429,       1429,        1,  2531520, 62f1ab2aa39221046986d702ff2491db
0,       1430,       1430,        1,  2531520, f40419ee9c2bc06bd3cf3dea70c4271a
0,       1431,       1431,        1,  2531520, f40419ee9c2bc06bd3cf3dea70c4271a
0,       1432,       1432,        1,  2531520, f40419ee9c2bc06bd3cf3dea70c4271a
0,       1433,       1433,        1,  2531520, b30563283565ae2a89edcec3c0b3bbfb
0,       1434,       1434,        1,  2531520, b30563283565ae2a89edcec3c0b3bbfb
0,       1435,       1435,        1,  2531520, b30563283565ae2a89edcec3c0b3bbfb
0,       1436,       1436,        1,  2531520, 17f5d59e9c47a3649bff53b2a05b9c45
0,       1437,       1437,        1,  2531520, 17f5d59e9c47a3649bff53b2a05b9c45
0,       1438,       1438,        1,  2531520, 17f5d59e9c47a3649bff53b2a05b9c45
0,       1439,       1439,        1,  2531520, 6f9918c59afdd1397cb3905b1340ffdd
0,       1440,       1440,        1,  2531520, 6f9918c59afdd1397cb3905b1340ffdd
0,       1441,       1441,        1,  2531520, 6f9918c59afdd1397cb3905b1340ffdd
0,       1442,       1442,        1,  2531520, cba2d8c177a8482fabdccf6dae1380e3
0,       1443,       1443,        1,  2531520, cba2d8c177a8482fabdccf6dae1380e3
0,       1444,       1444,        1,  2531520, cba2d8c177a8482fabdccf6dae1380e3
0,       1445,       1445,        1,  2531520, 5772bf309a53eb335f881c9369106584
0,       1446,       1446,        1,  2531520, 5772bf309a53eb335f881c9369106584
0,       1447,       1447,        1,  2531520, 5772bf309a53eb335f881c9369106584
0,       1448,       1448,        1,  2531520, 4ce9c4b8c12687c11e96835418cc1ec8
0,       1449,       1449,        1,  2531520, 4ce9c4b8c12687c11e96835418cc1ec8
0,       1450,       1450,        1,  2531520, 4ce9c4b8c12687c11e96835418cc1ec8
0,       1451,       1451,        1,  2531520, a2bd1974a5cb23759775090c767e2d02
0,       1452,       1452,        1,  2531520, a2bd1974a5cb23759775090c767e2d02
0,       1453,       1453,        1,  2531520, a2bd1974a5cb23759775090c767e2d02
0,       1454,       1454,        1,  2531520, 9f4e625090c8fd7b28bd35d5234eb8b8
0,       1455,       1455,        1,  2531520, 9f4e625090c8fd7b28bd35d5234eb8b8
0,       1456,       1456,        1,  2531520, 9f4e625090c8fd7b28bd35d5234eb8b8
0,       1457,       1457,        1,  2531520, 60e08da7c56838e7d93cc35990149ca9
0,       1458,       1458,        1,  2531520, 60e08da7c56838e7d93cc35990149ca9
0,       1459,       1459,        1,  2531520, 60e08da7c56838e7d93cc35990149ca9
0,       1460,       1460,        1,  2531520, bf7c47f7a0e4c7a1349b4cfdfd072292
0,       1461,       1461,        1,  2531520, bf7c47f7a0e4c7a1349b4cfdfd072292
0,       1462,       1462,        1,  2531520, bf7c47f7a0e4c7a1349b4cfdfd072292
0,       1463,       1463,        1,  2531520, 957e983505bb4d612ba5c5c4184c2094
0,       1464,       1464,        1,  2531520, 957e983505bb4d612ba5c5c4184c2094
0,       1465,       1465,        1,  2531520, 957e983505bb4d612ba5c5c4184c2094
0,       1466,       1466,        1,  2531520, 3d58e71921b8695a3e0edef3aab279fb
0,       1467,       1467,        1,  2531520, 3d58e71921b8695a3e0edef3aab279fb
0,       1468,       1468,        1,  2531520, 3d58e71921b8695a3e0edef3aab279fb
0,       1469,       1469,        1,  2531520, e8c309c9a6bb7a2f7aed0c2312d53a1b
0,       1470,       1470,        1,  2531520, e8c309c9a6bb7a2f7aed0c2312d53a1b
0,       1471,       1471,        1,  2531520, e8c309c9a6bb7a2f7aed0c2312d53a1b
0,       1472,       1472,        1,  2531520, 4c6f883c94aad305170157381a71ccf1
0,       1473,       1473,        1,  2531520, 4c6f883c94aad305170157381a71ccf1
0,       1474,       1474,        1,  2531520, 4c6f883c94aad305170157381a71ccf1
0,       1475,       1475,        1,  2531520, 3439b53d29b19626e90ac9f5739dbd1d
0,       1476,       1476,        1,  2531520, 3439b53d29b19626e90ac9f5739dbd1d
0,       1477,       1477,        1,  2531520, 3439b53d29b19626e90ac9f5739dbd1d
0,       1478,       1478,        1,  2531520, 78822bb677240987375d877d4e36eeb5
0,       1479,       1479,        1,  2531520, 78822bb677240987375d877d4e36eeb5
0,       1480,       1480,        1,  2531520, 78822bb677240987375d877d4e36eeb5
0,       1481,       1481,        1,  2531520, b28120897e4e1a443e544c8339ae1c02
0,       1482,       1482,        1,  2531520, b28120897e4e1a443e544c8339ae1c02
0,       1483,       1483,        1,  2531520, b28120897e4e1a443e544c8339ae1c02
0,       1484,       1484,        1,  2531520, 42d6bb81808660c6d69aecaae9e72c06
0,       1485,       1485,        1,  2531520, 42d6bb81808660c6d69aecaae9e72c06
0,       1486,       1486,        1,  2531520, 42d6bb81808660c6d69aecaae9e72c06
0,       1487,       1487,        1,  2531520, bcb21116203be1924f589bc6422350c9
0,       1488,       1488,        1,  2531520, bcb21116203be1924f589bc6422350c9
0,       1489,       1489,        1,  2531520, bcb21116203be1924f589bc6422350c9
0,       1490,       1490,        1,  2531520, 8fb631f9eb15b103eae73c3dc7f5b509
0,       1491,       1491,        1,  2531520, 8fb631f9eb15b103eae73c3dc7f5b509
0,       1492,       1492,        1,  2531520, 8fb631f9eb15b103eae73c3dc7f5b509
0,       1493,       1493,        1,  2531520, eb3898261eedd4ccb718253d9a6c03a3
0,       1494,       1494,        1,  2531520, eb3898261eedd4ccb718253d9a6c03a3
0,       1495,       1495,        1,  2531520, eb3898261eedd4ccb718253d9a6c03a3
0,       1496,       1496,        1,  2531520, 0e253a3908e8aa5045e2de5501794afc
0,       1497,       1497,        1,  2531520, 0e253a3908e8aa5045e2de5501794afc
0,       1498,       1498,        1,  2531520, 0e253a3908e8aa5045e2de5501794afc
0,       1499,       1499,        1,  2531520, 6de0fe0296aaf7307b2137b0682c0f5f
0,       1500,       1500,        1,  2531520, 6de0fe0296aaf7307b2137b0682c0f5f
0,       1501,       1501,        1,  2531520, 6de0fe0296aaf7307b2137b0682c0f5f
0,       1502,       1502,        1,  2531520, f92872c4dbca3a772f7e2b7a0c512f6c
0,       1503,       1503,        1,  2531520, f92872c4dbca3a772f7e2b7a0c512f6c
0,       1504,       1504,        1,  2531520, f92872c4dbca3a772f7e2b7a0c512f6c
0,       1505,       1505,        1,  2531520, e194683a850e909b99d3fc4018969f5f
0,       1506,       1506,        1,  2531520, e194683a850e909b99d3fc4018969f5f
0,       1507,       1507,        1,  2531520, e194683a850e909b99d3fc4018969f5f
0,       1508,       1508,        1,  2531520, 7658780f5b6a0cf93d352210a0704c6f
0,       1509,       1509,        1,  2531520, 7658780f5b6a0cf93d352210a0704c6f
0,       1510,       1510,        1,  2531520, 7658780f5b6a0cf93d352210a0704c6f
0,       1511,       1511,        1,  2531520, 35ff36ef5a0497eaa6004fbca251956f
0,       1512,       1512,        1,  2531520, 35ff36ef5a0497eaa6004fbca251956f
0,       1513,       1513,        1,  2531520, 35ff36ef5a0497eaa6004fbca251956f
0,       1514,       1514,        1,  2531520, b5640edbd4726cc32c4602a9e980d8ac
0,       1515,       1515,        1,  2531520, b5640edbd4726cc32c4602a9e980d8ac
0,       1516,       1516,        1,  2531520, b5640edbd4726cc32c4602a9e980d8ac
0,       1517,       1517,        1,  2531520, 1ec01ada9d7cbe286a9e56c104075ae3
0,       1518,       1518,        1,  2531520, 1ec01ada9d7cbe286a9e56c104075ae3
0,       1519,       1519,        1,  2531520, 1ec01ada9d7cbe286a9e56c104075ae3
0,       1520,       1520,        1,  2531520, 797118933b5119cbf716f207018bf176
0,       1521,       1521,        1,  2531520, 797118933b5119cbf716f207018bf176
0,       1522,       1522,        1,  2531520, 797118933b5119cbf716f207018bf176
0,       1523,       1523,        1,  2531520, 67e9e5edbbf48e7568419106e583c94f
0,       1524,       1524,        1,  2531520, 67e9e5edbbf48e7568419106e583c94f
0,       1525,       1525,        1,  2531520, 67e9e5edbbf48e7568419106e583c94f
0,       1526,       1526,        1,  2531520, e4fd5beb74a8610c65ce35bd284895d9
0,       1527,       1527,        1,  2531520, e4fd5beb74a8610c65ce35bd284895d9
0,       1528,       1528,        1,  2531520, e4fd5beb74a8610c65ce35bd284895d9
0,       1529,       1529,        1,  2531520, 377cf9c60aebbf70f25f196d6d6b4953
0,       1530,       1530,        1,  2531520, 377cf9c60aebbf70f25f196d6d6b4953
0,       1531,       1531,        1,  2531520, 377cf9c60aebbf70f25f196d6d6b4953
0,       1532,       1532,        1,  2531520, 62178ca8ce5f36754f066f733ab0c3ca
0,       1533,       1533,        1,  2531520, 62178ca8ce5f36754f066f733ab0c3ca
0,       1534,       1534,        1,  2531520, 62178ca8ce5f36754f066f733ab0c3ca
0,       1535,       1535,        1,  2531520, 7113fc06056fc72df07ecfe1a6662c28
0,       1536,       1536,        1,  2531520, 7113fc06056fc72df07ecfe1a6662c28
0,       1537,       1537,        1,  2531520, 7113fc06056fc72df07ecfe1a6662c28
0,       1538,       1538,        1,  2531520, a8fdc02d532590548bdf9b250a68be23
0,       1539,       1539,        1,  2531520, a8fdc02d532590548bdf9b250a68be23
0,       1540,       1540,        1,  2531520, a8fdc02d532590548bdf9b250a68be23
0,       1541,       1541,        1,  2531520, 7c83894ae832af5182fcdbecbce22876
0,       1542,       1542,        1,  2531520, 7c83894ae832af5182fcdbecbce22876
0,       1543,       1543,        1,  2531520, 7c83894ae832af5182fcdbecbce22876
0,       1544,       1544,        1,  2531520, 9cb86f2eed2801dcd03f06222c65fa4a
0,       1545,       1545,        1,  2531520, 9cb86f2eed2801dcd03f06222c65fa4a
0,       1546,       1546,        1,  2531520, 9cb86f2eed2801dcd03f06222c65fa4a
0,       1547,       1547,        1,  2531520, 210006c3406f38546867cf9c18240ebb
0,       1548,       1548,        1,  2531520, 210006c3406f38546867cf9c18240ebb
0,       1549,       1549,        1,  2531520, 210006c3406f38546867cf9c18240ebb
0,       1550,       1550,        1,  2531520, 695d18e5d2cc2896612374a283bc80ac
0,       1551,       1551,        1,  2531520, 695d18e5d2cc2896612374a283bc80ac
0,       1552,       1552,        1,  2531520, 695d18e5d2cc2896612374a283bc80ac
0,       1553,       1553,        1,  2531520, 53ed7dcbdf32392687ba9a042ea7cdbc
0,       1554,       1554,        1,  2531520, 53ed7dcbdf32392687ba9a042ea7cdbc
0,       1555,       1555,        1,  2531520, 53ed7dcbdf32392687ba9a042ea7cdbc
0,       1556,       1556,        1,  2531520, 7673d4de42ca248ad4ee63148fad33f7
0,       1557,       1557,        1,  2531520, 7673d4de42ca248ad4ee63148fad33f7
0,       1558,       1558,        1,  2531520, 7673d4de42ca248ad4ee63148fad33f7
0,       1559,       1559,        1,  2531520, 1f3d7bbc9666ac4844ba0ffc412ba28c
0,       1560,       1560,        1,  2531520, 1f3d7bbc9666ac4844ba0ffc412ba28c
0,       1561,       1561,        1,  2531520, 1f3d7bbc9666ac4844ba0ffc412ba28c
0,       1562,       1562,        1,  2531520, 2b8c2d7c5dbbfb5dbad9acb30fa492ed
0,       1563,       1563,        1,  2531520, 2b8c2d7c5dbbfb5dbad9acb30fa492ed
0,       1564,       1564,        1,  2531520, 07616fc39b4728a0dc0918e788991cd3
0,       1565,       1565,        1,  2531520, 07616fc39b4728a0dc0918e788991cd3
0,       1566,       1566,        1,  2531520, 07616fc39b4728a0dc0918e788991cd3
0,       1567,       1567,        1,  2531520, 07616fc39b4728a0dc0918e788991cd3
0,       1568,       1568,        1,  2531520, 2e7dd673ee49ced952c62f7930cb6881
0,       1569,       1569,        1,  2531520, 2e7dd673ee49ced952c62f7930cb6881
0,       1570,       1570,        1,  2531520, 2e7dd673ee49ced952c62f7930cb6881
0,       1571,       1571,        1,  2531520, c13edc249259b0dfc4029c39e0b2de9b
0,       1572,       1572,        1,  2531520, c13edc249259b0dfc4029c39e0b2de9b
0,       1573,       1573,        1,  2531520, c13edc249259b0dfc4029c39e0b2de9b
0,       1574,       1574,        1,  2531520, 5ff1f52ab2c029edda198122f0836eb0
0,       1575,       1575,        1,  2531520, 5ff1f52ab2c029edda198122f0836eb0
0,       1576,       1576,        1,  2531520, 5ff1f52ab2c029edda198122f0836eb0
0,       1577,       1577,        1,  2531520, 9f867c482af3f3c82b10785af3d43a1d
0,       1578,       1578,        1,  2531520, 9f867c482af3f3c82b10785af3d43a1d
0,       1579,       1579,        1,  2531520, 9f867c482af3f3c82b10785af3d43a1d
0,       1580,       1580,        1,  2531520, 0966c42cbe862a234ec9e7b8f8ec519b
0,       1581,       1581,        1,  2531520, 0966c42cbe862a234ec9e7b8f8ec519b
0,       1582,       1582,        1,  2531520, 0966c42cbe862a234ec9e7b8f8ec519b
0,       1583,       1583,        1,  2531520, f1f64b84d7572b3d1d9b9d3db4b7db22
0,       1584,       1584,        1,  2531520, f1f64b84d7572b3d1d9b9d3db4b7db22
0,       1585,       1585,        1,  2531520, f1f64b84d7572b3d1d9b9d3db4b7db22
0,       1586,       1586,        1,  2531520, bbc572bdbfa79e0761ae8e17b24b7400
0,       1587,       1587,        1,  2531520, bbc572bdbfa79e0761ae8e17b24b7400
0,       1588,       1588,        1,  2531520, bbc572bdbfa79e0761ae8e17b24b7400
0,       1589,       1589,        1,  2531520, f264fbc45a62ddb553762591ca8a8be2
0,       1590,       1590,        1,  2531520, f264fbc45a62ddb553762591ca8a8be2
0,       1591,       1591,        1,  2531520, f264fbc45a62ddb553762591ca8a8be2
0,       1592,       1592,        1,  2531520, af2ed7ddbf99c2e28f8961c7b6d95272
0,       1593,       1593,        1,  2531520, af2ed7ddbf99c2e28f8961c7b6d95272
0,       1594,       1594,        1,  2531520, af2ed7ddbf99c2e28f8961c7b6d95272
0,       1595,       1595,        1,  2531520, f46a147a424f7fb4847808b2b1ada0bb
0,       1596,       1596,        1,  2531520, f46a147a424f7fb4847808b2b1ada0bb
0,       1597,       1597,        1,  2531520, f46a147a424f7fb4847808b2b1ada0bb
0,       1598,       1598,        1,  2531520, d5c61635a28211cacf67d495911cb4d8
0,       1599,       1599,        1,  2531520, d5c61635a28211cacf67d495911cb4d8
0,       1600,       1600,        1,  2531520, d5c61635a28211cacf67d495911cb4d8
0,       1601,       1601,        1,  2531520, ba839f6f73d7f54d203050cd0a5103c0
0,       1602,       1602,        1,  2531520, ba839f6f73d7f54d203050cd0a5103c0
0,       1603,       1603,        1,  2531520, ba839f6f73d7f54d203050cd0a5103c0
0,       1604,       1604,        1,  2531520, 28c060f540b4453495c880ae98596cfa
0,       1605,       1605,        1,  2531520, 28c060f540b4453495c880ae98596cfa
0,       1606,       1606,        1,  2531520, 28c060f540b4453495c880ae98596cfa
0,       1607,       1607,        1,  2531520, ab9e5506e1064460bbe27054310fd45b
0,       1608,       1608,        1,  2531520, ab9e5506e1064460bbe27054310fd45b
0,       1609,       1609,        1,  2531520, ab9e5506e1064460bbe27054310fd45b
0,       1610,       1610,        1,  2531520, 2ae7e8ffe24e2afb2bc6cc875f627acc
0,       1611,       1611,        1,  2531520, 2ae7e8ffe24e2afb2bc6cc875f627acc
0,       1612,       1612,        1,  2531520, 2ae7e8ffe24e2afb2bc6cc875f627acc
0,       1613,       1613,        1,  2531520, b0dd90269a2429e6dbd1024284c644cd
0,       1614,       1614,        1,  2531520, b0dd90269a2429e6dbd1024284c644cd
0,       1615,       1615,        1,  2531520, b0dd90269a2429e6dbd1024284c644cd
0,       1616,       1616,        1,  2531520, 72230caff448f377b1d7e50d9bdbae3f
0,       1617,       1617,        1,  2531520, 72230caff448f377b1d7e50d9bdbae3f
0,       1618,       1618,        1,  2531520, 72230caff448f377b1d7e50d9bdbae3f
0,       1619,       1619,        1,  2531520, e9fb46c2df9994a9b33e11de5b0eeb4f
0,       1620,       1620,        1,  2531520, e9fb46c2df9994a9b33e11de5b0eeb4f
0,       1621,       1621,        1,  2531520, e9fb46c2df9994a9b33e11de5b0eeb4f
0,       1622,       1622,        1,  2531520, 446a913160e7e9263815ad310963f8ad
0,       1623,       1623,        1,  2531520, 446a913160e7e9263815ad310963f8ad
0,       1624,       1624,        1,  2531520, 446a913160e7e9263815ad310963f8ad
0,       1625,       1625,        1,  2531520, 2ae8c798113c0caebe45377810964ede
0,       1626,       1626,        1,  2531520, 2ae8c798113c0caebe45377810964ede
0,       1627,       1627,        1,  2531520, 2ae8c798113c0caebe45377810964ede
0,       1628,       1628,        1,  2531520, d7e3ce8d88bf22e8b6f21ce25d3fbad0
0,       1629,       1629,        1,  2531520, d7e3ce8d88bf22e8b6f21ce25d3fbad0
0,       1630,       1630,        1,  2531520, d7e3ce8d88bf22e8b6f21ce25d3fbad0
0,       1631,       1631,        1,  2531520, a16bd009ab752fcf649add69d2693cd8
0,       1632,       1632,        1,  2531520, a16bd009ab752fcf649add69d2693cd8
0,       1633,       1633,        1,  2531520, a16bd009ab752fcf649add69d2693cd8
0,       1634,       1634,        1,  2531520, 25d649aeda45d66409f0fa24c2ad4480
0,       1635,       1635,        1,  2531520, 25d649aeda45d66409f0fa24c2ad4480
0,       1636,       1636,        1,  2531520, 25d649aeda45d66409f0fa24c2ad4480
0,       1637,       1637,        1,  2531520, 067c1e96eb3f9d25e7ad333fc490a12e
0,       1638,       1638,        1,  2531520, 067c1e96eb3f9d25e7ad333fc490a12e
0,       1639,       1639,        1,  2531520, 067c1e96eb3f9d25e7ad333fc490a12e
0,       1640,       1640,        1,  2531520, d8d2e0a155e479320fa697b967370239
0,       1641,       1641,        1,  2531520, d8d2e0a155e479320fa697b967370239
0,       1642,       1642,        1,  2531520, d8d2e0a155e479320fa697b967370239
0,       1643,       1643,        1,  2531520, a694727962b9a6fc3c281d84ba25f4d5
0,       1644,       1644,        1,  2531520, a694727962b9a6fc3c281d84ba25f4d5
0,       1645,       1645,        1,  2531520, a694727962b9a6fc3c281d84ba25f4d5
0,       1646,       1646,        1,  2531520, 925e2355b1b5c2ad212570d746afd9f0
0,       1647,       1647,        1,  2531520, 925e2355b1b5c2ad212570d746afd9f0
0,       1648,       1648,        1,  2531520, 925e2355b1b5c2ad212570d746afd9f0
0,       1649,       1649,        1,  2531520, ebdfbb4ab4aa0696ab567399b939c248
0,       1650,       1650,        1,  2531520, ebdfbb4ab4aa0696ab567399b939c248
0,       1651,       1651,        1,  2531520, ebdfbb4ab4aa0696ab567399b939c248
0,       1652,       1652,        1,  2531520, 44fbd508baf0f59b3bf844d278b24047
0,       1653,       1653,        1,  2531520, 44fbd508baf0f59b3bf844d278b24047
0,       1654,       1654,        1,  2531520, 44fbd508baf0f59b3bf844d278b24047
0,       1655,       1655,        1,  2531520, 908ef9f346853c91a6c46646e98cc5fe
0,       1656,       1656,        1,  2531520, 908ef9f346853c91a6c46646e98cc5fe
0,       1657,       1657,        1,  2531520, 908ef9f346853c91a6c46646e98cc5fe
0,       1658,       1658,        1,  2531520, fc47c04d8579caeef5a47a90b65e5b41
0,       1659,       1659,        1,  2531520, fc47c04d8579caeef5a47a90b65e5b41
0,       1660,       1660,        1,  2531520, fc47c04d8579caeef5a47a90b65e5b41
0,       1661,       1661,        1,  2531520, ebccc25b23b4b22fa23e759fdad186d7
0,       1662,       1662,        1,  2531520, ebccc25b23b4b22fa23e759fdad186d7
0,       1663,       1663,        1,  2531520, ebccc25b23b4b22fa23e759fdad186d7
0,       1664,       1664,        1,  2531520, e7d4c335ecaffea5cdefdb1bbdde80e5
0,       1665,       1665,        1,  2531520, e7d4c335ecaffea5cdefdb1bbdde80e5
0,       1666,       1666,        1,  2531520, e7d4c335ecaffea5cdefdb1bbdde80e5
0,       1667,       1667,        1,  2531520, 3e2d265d90fa7ee5b454490d31b58d23
0,       1668,       1668,        1,  2531520, 3e2d265d90fa7ee5b454490d31b58d23
0,       1669,       1669,        1,  2531520, 3e2d265d90fa7ee5b454490d31b58d23
0,       1670,       1670,        1,  2531520, dfd40867e5c3e29439bc698905896755
0,       1671,       1671,        1,  2531520, dfd40867e5c3e29439bc698905896755
0,       1672,       1672,        1,  2531520, dfd40867e5c3e29439bc698905896755
0,       1673,       1673,        1,  2531520, 4cf558686d36f31ddc363e01cd6b3f1e
0,       1674,       1674,        1,  2531520, 4cf558686d36f31ddc363e01cd6b3f1e
0,       1675,       1675,        1,  2531520, 4cf558686d36f31ddc363e01cd6b3f1e
0,       1676,       1676,        1,  2531520, b172654e724e31cb9e7302ad8c5ece38
0,       1677,       1677,        1,  2531520, b172654e724e31cb9e7302ad8c5ece38
0,       1678,       1678,        1,  2531520, b172654e724e31cb9e7302ad8c5ece38
0,       1679,       1679,        1,  2531520, a370c706316b7d02a92f114a48f21c91
0,       1680,       1680,        1,  2531520, a370c706316b7d02a92f114a48f21c91
0,       1681,       1681,        1,  2531520, a370c706316b7d02a92f114a48f21c91
0,       1682,       1682,        1,  2531520, 410c485461c14b50e9cf4d257dc2bb4e
0,       1683,       1683,        1,  2531520, 410c485461c14b50e9cf4d257dc2bb4e
0,       1684,       1684,        1,  2531520, 410c485461c14b50e9cf4d257dc2bb4e
0,       1685,       1685,        1,  2531520, 69fa91594e09fe6a4e953c84cae55d16
0,       1686,       1686,        1,  2531520, 69fa91594e09fe6a4e953c84cae55d16
0,       1687,       1687,        1,  2531520, 69fa91594e09fe6a4e953c84cae55d16
0,       1688,       1688,        1,  2531520, 2a29036bfb12f77f0fd2a6ee1a600391
0,       1689,       1689,        1,  2531520, 2a29036bfb12f77f0fd2a6ee1a600391
0,       1690,       1690,        1,  2531520, 2a29036bfb12f77f0fd2a6ee1a600391
0,       1691,       1691,        1,  2531520, e6de7bf6b3e4b9c54685c4e63f495586
0,       1692,       1692,        1,  2531520, e6de7bf6b3e4b9c54685c4e63f495586
0,       1693,       1693,        1,  2531520, e6de7bf6b3e4b9c54685c4e63f495586
0,       1694,       1694,        1,  2531520, 4855c2bde7677ea70e675361150d8b79
0,       1695,       1695,        1,  2531520, 4855c2bde7677ea70e675361150d8b79
0,       1696,       1696,        1,  2531520, 4855c2bde7677ea70e675361150d8b79
0,       1697,       1697,        1,  2531520, 15dfda0e532ba678e8c99b209f113a04
0,       1698,       1698,        1,  2531520, 15dfda0e532ba678e8c99b209f113a04
0,       1699,       1699,        1,  2531520, 15dfda0e532ba678e8c99b209f113a04
0,       1700,       1700,        1,  2531520, 5b035aab5b89762a9279767c113b239d
0,       1701,       1701,        1,  2531520, 5b035aab5b89762a9279767c113b239d
0,       1702,       1702,        1,  2531520, 5b035aab5b89762a9279767c113b239d
0,       1703,       1703,        1,  2531520, 8ee8df65ad945b639cf88a23d0727817
0,       1704,       1704,        1,  2531520, 8ee8df65ad945b639cf88a23d0727817
0,       1705,       1705,        1,  2531520, 8ee8df65ad945b639cf88a23d0727817
0,       1706,       1706,        1,  2531520, 1c42b67677a47f29517006b685a3a8bd
0,       1707,       1707,        1,  2531520, 1c42b67677a47f29517006b685a3a8bd
0,       1708,       1708,        1,  2531520, 75708d270c6266ee2a6282fddf30d2d8
0,       1709,       1709,        1,  2531520, 75708d270c6266ee2a6282fddf30d2d8
0,       1710,       1710,        1,  2531520, 75708d270c6266ee2a6282fddf30d2d8
0,       1711,       1711,        1,  2531520, 75708d270c6266ee2a6282fddf30d2d8
0,       1712,       1712,        1,  2531520, 1935dbc5070391e47691ef08e93b388c
0,       1713,       1713,        1,  2531520, 1935dbc5070391e47691ef08e93b388c
0,       1714,       1714,        1,  2531520, 1935dbc5070391e47691ef08e93b388c
0,       1715,       1715,        1,  2531520, 1aa07d322b26ca72611ab49938e495c9
0,       1716,       1716,        1,  2531520, 1aa07d322b26ca72611ab49938e495c9
0,       1717,       1717,        1,  2531520, 1aa07d322b26ca72611ab49938e495c9
0,       1718,       1718,        1,  2531520, e238e4813c79ccc016f6e45e1df1a314
0,       1719,       1719,        1,  2531520, e238e4813c79ccc016f6e45e1df1a314
0,       1720,       1720,        1,  2531520, e238e4813c79ccc016f6e45e1df1a314
0,       1721,       1721,        1,  2531520, e9f039ec684b40fd15c38272dc8a3a35
0,       1722,       1722,        1,  2531520, e9f039ec684b40fd15c38272dc8a3a35
0,       1723,       1723,        1,  2531520, e9f039ec684b40fd15c38272dc8a3a35
0,       1724,       1724,        1,  2531520, e7df3488a4957a314f6daa79622f2ac0
0,       1725,       1725,        1,  2531520, e7df3488a4957a314f6daa79622f2ac0
0,       1726,       1726,        1,  2531520, e7df3488a4957a314f6daa79622f2ac0
0,       1727,       1727,        1,  2531520, 884aee33a8302ba2bb09111812c23cf3
0,       1728,       1728,        1,  2531520, 884aee33a8302ba2bb09111812c23cf3
0,       1729,       1729,        1,  2531520, 884aee33a8302ba2bb09111812c23cf3
0,       1730,       1730,        1,  2531520, 5390a80150432ee5284410c989827e4a
0,       1731,       1731,        1,  2531520, 5390a80150432ee5284410c989827e4a
0,       1732,       1732,        1,  2531520, 5390a80150432ee5284410c989827e4a
0,       1733,       1733,        1,  2531520, 6a1abe99082d3a02c741d2845d66710a
0,       1734,       1734,        1,  2531520, 6a1abe99082d3a02c741d2845d66710a
0,       1735,       1735,        1,  2531520, 6a1abe99082d3a02c741d2845d66710a
0,       1736,       1736,        1,  2531520, 726baf07371474fdc0675631da57669d
0,       1737,       1737,        1,  2531520, 726baf07371474fdc0675631da57669d
0,       1738,       1738,        1,  2531520, 726baf07371474fdc0675631da57669d
0,       1739,       1739,        1,  2531520, df5fde34390cd481183a881594279733
0,       1740,       1740,        1,  2531520, df5fde34390cd481183a881594279733
0,       1741,       1741,        1,  2531520, df5fde34390cd481183a881594279733
0,       1742,       1742,        1,  2531520, c4bf93173b749bba6cdff9ac56c7f71d
0,       1743,       1743,        1,  2531520, c4bf93173b749bba6cdff9ac56c7f71d
0,       1744,       1744,        1,  2531520, c4bf93173b749bba6cdff9ac56c7f71d
0,       1745,       1745,        1,  2531520, 461668d0db1aa3b70b70f0f6fbbc11af
0,       1746,       1746,        1,  2531520, 461668d0db1aa3b70b70f0f6fbbc11af
0,       1747,       1747,        1,  2531520, 461668d0db1aa3b70b70f0f6fbbc11af
0,       1748,       1748,        1,  2531520, b5bbba61799d178c0371c6841a486087
0,       1749,       1749,        1,  2531520, b5bbba61799d178c0371c6841a486087
0,       1750,       1750,        1,  2531520, b5bbba61799d178c0371c6841a486087
0,       1751,       1751,        1,  2531520, 2e05b1d86a1ea69d70424dd7a0b94baa
0,       1752,       1752,        1,  2531520, 2e05b1d86a1ea69d70424dd7a0b94baa
0,       1753,       1753,        1,  2531520, 2e05b1d86a1ea69d70424dd7a0b94baa
0,       1754,       1754,        1,  2531520, 5b413ec12ebe279b61faea79cbb282f3
0,       1755,       1755,        1,  2531520, 5b413ec12ebe279b61faea79cbb282f3
0,       1756,       1756,        1,  2531520, 34d34d5cfffb99376999a8d5ff3c2f6f
0,       1757,       1757,        1,  2531520, 34d34d5cfffb99376999a8d5ff3c2f6f
0,       1758,       1758,        1,  2531520, 34d34d5cfffb99376999a8d5ff3c2f6f
0,       1759,       1759,        1,  2531520, 34d34d5cfffb99376999a8d5ff3c2f6f
0,       1760,       1760,        1,  2531520, 2496dc217186ad78089692daafef9424
0,       1761,       1761,        1,  2531520, 2496dc217186ad78089692daafef9424
0,       1762,       1762,        1,  2531520, 2496dc217186ad78089692daafef9424
0,       1763,       1763,        1,  2531520, 76331173b16e13d18e1823553d29ec58
0,       1764,       1764,        1,  2531520, 76331173b16e13d18e1823553d29ec58
0,       1765,       1765,        1,  2531520, 76331173b16e13d18e1823553d29ec58
0,       1766,       1766,        1,  2531520, 128431efd531178eb9f27c6696679810
0,       1767,       1767,        1,  2531520, 128431efd531178eb9f27c6696679810
0,       1768,       1768,        1,  2531520, 128431efd531178eb9f27c6696679810
0,       1769,       1769,        1,  2531520, be9fda3bfa2e3dc82934f36503edead8
0,       1770,       1770,        1,  2531520, be9fda3bfa2e3dc82934f36503edead8
0,       1771,       1771,        1,  2531520, be9fda3bfa2e3dc82934f36503edead8
0,       1772,       1772,        1,  2531520, 03113867c33829e96d11bc9035bedea4
0,       1773,       1773,        1,  2531520, 03113867c33829e96d11bc9035bedea4
0,       1774,       1774,        1,  2531520, 03113867c33829e96d11bc9035bedea4
0,       1775,       1775,        1,  2531520, 3e1a370b10ff65aa7511c8826ce6aaa5
0,       1776,       1776,        1,  2531520, 3e1a370b10ff65aa7511c8826ce6aaa5
0,       1777,       1777,        1,  2531520, 3e1a370b10ff65aa7511c8826ce6aaa5
0,       1778,       1778,        1,  2531520, 37861d375b5376e7d372070d49a5e690
0,       1779,       1779,        1,  2531520, 37861d375b5376e7d372070d49a5e690
0,       1780,       1780,        1,  2531520, 37861d375b5376e7d372070d49a5e690
0,       1781,       1781,        1,  2531520, c3820b8a899eb2e626e33f894071cf21
0,       1782,       1782,        1,  2531520, c3820b8a899eb2e626e33f894071cf21
0,       1783,       1783,        1,  2531520, c3820b8a899eb2e626e33f894071cf21
0,       1784,       1784,        1,  2531520, 4fefabe33310b01d97f238b307c41891
0,       1785,       1785,        1,  2531520, 4fefabe33310b01d97f238b307c41891
0,       1786,       1786,        1,  2531520, 4fefabe33310b01d97f238b307c41891
0,       1787,       1787,        1,  2531520, f1e3d1749e0ae031b2a285104ea73f36
0,       1788,       1788,        1,  2531520, f1e3d1749e0ae031b2a285104ea73f36
0,       1789,       1789,        1,  2531520, f1e3d1749e0ae031b2a285104ea73f36
0,       1790,       1790,        1,  2531520, a756f1095db43d8c28aa8b0411b542ba
0,       1791,       1791,        1,  2531520, a756f1095db43d8c28aa8b0411b542ba
0,       1792,       1792,        1,  2531520, a756f1095db43d8c28aa8b0411b542ba
0,       1793,       1793,        1,  2531520, c5918e4073e7cd07b1e1a081eeb3b849
0,       1794,       1794,        1,  2531520, c5918e4073e7cd07b1e1a081eeb3b849
0,       1795,       1795,        1,  2531520, c5918e4073e7cd07b1e1a081eeb3b849
0,       1796,       1796,        1,  2531520, 3064baf70e3e09edff251ba6b67d3001
0,       1797,       1797,        1,  2531520, 3064baf70e3e09edff251ba6b67d3001
0,       1798,       1798,        1,  2531520, 3064baf70e3e09edff251ba6b67d3001
0,       1799,       1799,        1,  2531520, 7972c3810d45f4f89f0ccad7040e3d5e
