#format: frame checksums
#version: 2
#hash: MD5
#software: Lavf61.7.103
#tb 0: 1/60
#media_type 0: video
#codec_id 0: rawvideo
#dimensions 0: 879x720
#sar 0: 0/1
#stream#, dts,        pts, duration,     size, hash
0,          0,          0,        1,  2531520, 8a3ec4a8d34448d1ae6a4f8bd4666f94
0,          1,          1,        1,  2531520, f052812bce2cd4b79479e0fce9132e74
0,          2,          2,        1,  2531520, f052812bce2cd4b79479e0fce9132e74
0,          3,          3,        1,  2531520, f052812bce2cd4b79479e0fce9132e74
0,          4,          4,        1,  2531520, 8a3ec4a8d34448d1ae6a4f8bd4666f94
0,          5,          5,        1,  2531520, 8a3ec4a8d34448d1ae6a4f8bd4666f94
0,          6,          6,        1,  2531520, 8a3ec4a8d34448d1ae6a4f8bd4666f94
0,          7,          7,        1,  2531520, f052812bce2cd4b79479e0fce9132e74
0,          8,          8,        1,  2531520, f052812bce2cd4b79479e0fce9132e74
0,          9,          9,        1,  2531520, f052812bce2cd4b79479e0fce9132e74
0,         10,         10,        1,  2531520, 8a3ec4a8d34448d1ae6a4f8bd4666f94
0,         11,         11,        1,  2531520, 8a3ec4a8d34448d1ae6a4f8bd4666f94
0,         12,         12,        1,  2531520, 8a3ec4a8d34448d1ae6a4f8bd4666f94
0,         13,         13,        1,  2531520, f052812bce2cd4b79479e0fce9132e74
0,         14,         14,        1,  2531520, f052812bce2cd4b79479e0fce9132e74
0,         15,         15,        1,  2531520, f052812bce2cd4b79479e0fce9132e74
0,         16,         16,        1,  2531520, 8a3ec4a8d34448d1ae6a4f8bd4666f94
0,         17,         17,        1,  2531520, 8a3ec4a8d34448d1ae6a4f8bd4666f94
0,         18,         18,        1,  2531520, 8a3ec4a8d34448d1ae6a4f8bd4666f94
0,         19,         19,        1,  2531520, f052812bce2cd4b79479e0fce9132e74
0,         20,         20,        1,  2531520, f052812bce2cd4b79479e0fce9132e74
0,         21,         21,        1,  2531520, f052812bce2cd4b79479e0fce9132e74
0,         22,         22,        1,  2531520, 8a3ec4a8d34448d1ae6a4f8bd4666f94
0,         23,         23,        1,  2531520, 8a3ec4a8d34448d1ae6a4f8bd4666f94
0,         24,         24,        1,  2531520, 8a3ec4a8d34448d1ae6a4f8bd4666f94
0,         25,         25,        1,  2531520, f052812bce2cd4b79479e0fce9132e74
0,         26,         26,        1,  2531520, f052812bce2cd4b79479e0fce9132e74
0,         27,         27,        1,  2531520, f052812bce2cd4b79479e0fce9132e74
0,         28,         28,        1,  2531520, 8a3ec4a8d34448d1ae6a4f8bd4666f94
0,         29,         29,        1,  2531520, 8a3ec4a8d34448d1ae6a4f8bd4666f94
0,         30,         30,        1,  2531520, 8a3ec4a8d34448d1ae6a4f8bd4666f94
0,         31,         31,        1,  2531520, f052812bce2cd4b79479e0fce9132e74
0,         32,         32,        1,  2531520, f052812bce2cd4b79479e0fce9132e74
0,         33,         33,        1,  2531520, f052812bce2cd4b79479e0fce9132e74
0,         34,         34,        1,  2531520, 8a3ec4a8d34448d1ae6a4f8bd4666f94
0,         35,         35,        1,  2531520, 8a3ec4a8d34448d1ae6a4f8bd4666f94
0,         36,         36,        1,  2531520, 8a3ec4a8d34448d1ae6a4f8bd4666f94
0,         37,         37,        1,  2531520, f052812bce2cd4b79479e0fce9132e74
0,         38,         38,        1,  2531520, f052812bce2cd4b79479e0fce9132e74
0,         39,         39,        1,  2531520, f052812bce2cd4b79479e0fce9132e74
0,         40,         40,        1,  2531520, b6a9f154b791abf5380e45a3288c9cbc
0,         41,         41,        1,  2531520, 9e04c928d1b5029f3a4ea1d6da21170a
0,         42,         42,        1,  2531520, a3931b9f8118a416dde8cd5bf223cfa6
0,         43,         43,        1,  2531520, 7a0ae057a66ec38c7cf72ac51fc76015
0,         44,         44,        1,  2531520, 5abdf8fe65fb5e286e7b13b451a0aa86
0,         45,         45,        1,  2531520, 58131d4b395ebfd011999b1ff892f752
0,         46,         46,        1,  2531520, 559f0ac635fb80ba1a222c0e03ae8488
0,         47,         47,        1,  2531520, 530efff2143848e6f7eb044997898780
0,         48,         48,        1,  2531520, e07879fa87b5e502cbcd5ccdb4301ae7
0,         49,         49,        1,  2531520, 1f389896a0c5330134e2d2fa8d499221
0,         50,         50,        1,  2531520, d5a116ead941444de61a4c6a88e2b171
0,         51,         51,        1,  2531520, d7b26ac4fe6c0c36c825ab064a42deac
0,         52,         52,        1,  2531520, f4330435faf526d44ea3d1874242d786
0,         53,         53,        1,  2531520, 43a1c8dcd54f9160786a694ed227f522
0,         54,         54,        1,  2531520, cb51a0576bba364d72a665f4a37d2c81
0,         55,         55,        1,  2531520, cc309564bf222a2e17506cf4dad9e65d
0,         56,         56,        1,  2531520, 6c6207ede13f85858efd17f9fad12892
0,         57,         57,        1,  2531520, 733632b3541187a2646ea41e17315846
0,         58,         58,        1,  2531520, 4c6f883c94aad305170157381a71ccf1
0,         59,         59,        1,  2531520, 4c6f883c94aad305170157381a71ccf1
0,         60,         60,        1,  2531520, 4c6f883c94aad305170157381a71ccf1
0,         61,         61,        1,  2531520, 3439b53d29b19626e90ac9f5739dbd1d
0,         62,         62,        1,  2531520, 3439b53d29b19626e90ac9f5739dbd1d
0,         63,         63,        1,  2531520, 3439b53d29b19626e90ac9f5739dbd1d
0,         64,         64,        1,  2531520, 4c6f883c94aad305170157381a71ccf1
0,         65,         65,        1,  2531520, 4c6f883c94aad305170157381a71ccf1
0,         66,         66,        1,  2531520, 4c6f883c94aad305170157381a71ccf1
0,         67,         67,        1,  2531520, 3439b53d29b19626e90ac9f5739dbd1d
0,         68,         68,        1,  2531520, 3439b53d29b19626e90ac9f5739dbd1d
0,         69,         69,        1,  2531520, 3439b53d29b19626e90ac9f5739dbd1d
0,         70,         70,        1,  2531520, 4c6f883c94aad305170157381a71ccf1
0,         71,         71,        1,  2531520, 4c6f883c94aad305170157381a71ccf1
0,         72,         72,        1,  2531520, 4c6f883c94aad305170157381a71ccf1
0,         73,         73,        1,  2531520, 3439b53d29b19626e90ac9f5739dbd1d
0,         74,         74,        1,  2531520, 3439b53d29b19626e90ac9f5739dbd1d
0,         75,         75,        1,  2531520, 3439b53d29b19626e90ac9f5739dbd1d
0,         76,         76,        1,  2531520, 4c6f883c94aad305170157381a71ccf1
0,         77,         77,        1,  2531520, 4c6f883c94aad305170157381a71ccf1
0,         78,         78,        1,  2531520, 4c6f883c94aad305170157381a71ccf1
0,         79,         79,        1,  2531520, 3439b53d29b19626e90ac9f5739dbd1d
0,         80,         80,        1,  2531520, 3439b53d29b19626e90ac9f5739dbd1d
0,         81,         81,        1,  2531520, 3439b53d29b19626e90ac9f5739dbd1d
0,         82,         82,        1,  2531520, 4c6f883c94aad305170157381a71ccf1
0,         83,         83,        1,  2531520, 4c6f883c94aad305170157381a71ccf1
0,         84,         84,        1,  2531520, 4c6f883c94aad305170157381a71ccf1
0,         85,         85,        1,  2531520, 3439b53d29b19626e90ac9f5739dbd1d
0,         86,         86,        1,  2531520, 3439b53d29b19626e90ac9f5739dbd1d
0,         87,         87,        1,  2531520, 3439b53d29b19626e90ac9f5739dbd1d
0,         88,         88,        1,  2531520, 4c6f883c94aad305170157381a71ccf1
0,         89,         89,        1,  2531520, 4c6f883c94aad305170157381a71ccf1
0,         90,         90,        1,  2531520, 4c6f883c94aad305170157381a71ccf1
0,         91,         91,        1,  2531520, 3439b53d29b19626e90ac9f5739dbd1d
0,         92,         92,        1,  2531520, 3439b53d29b19626e90ac9f5739dbd1d
0,         93,         93,        1,  2531520, 3439b53d29b19626e90ac9f5739dbd1d
0,         94,         94,        1,  2531520, 4c6f883c94aad305170157381a71ccf1
0,         95,         95,        1,  2531520, 4c6f883c94aad305170157381a71ccf1
0,         96,         96,        1,  2531520, 4c6f883c94aad305170157381a71ccf1
0,         97,         97,        1,  2531520, 3439b53d29b19626e90ac9f5739dbd1d
0,         98,         98,        1,  2531520, 3439b53d29b19626e90ac9f5739dbd1d
0,         99,         99,        1,  2531520, 3439b53d29b19626e90ac9f5739dbd1d
0,        100,        100,        1,  2531520, 4c6f883c94aad305170157381a71ccf1
0,        101,        101,        1,  2531520, 4c6f883c94aad305170157381a71ccf1
0,        102,        102,        1,  2531520, 3439b53d29b19626e90ac9f5739dbd1d
0,        103,        103,        1,  2531520, 3439b53d29b19626e90ac9f5739dbd1d
0,        104,        104,        1,  2531520, 3439b53d29b19626e90ac9f5739dbd1d
0,        105,        105,        1,  2531520, 3439b53d29b19626e90ac9f5739dbd1d
0,        106,        106,        1,  2531520, 4c6f883c94aad305170157381a71ccf1
0,        107,        107,        1,  2531520, 4c6f883c94aad305170157381a71ccf1
0,        108,        108,        1,  2531520, 4c6f883c94aad305170157381a71ccf1
0,        109,        109,        1,  2531520, 3439b53d29b19626e90ac9f5739dbd1d
0,        110,        110,        1,  2531520, 3439b53d29b19626e90ac9f5739dbd1d
0,        111,        111,        1,  2531520, 3439b53d29b19626e90ac9f5739dbd1d
0,        112,        112,        1,  2531520, 4c6f883c94aad305170157381a71ccf1
0,        113,        113,        1,  2531520, 4c6f883c94aad305170157381a71ccf1
0,        114,        114,        1,  2531520, 4c6f883c94aad305170157381a71ccf1
0,        115,        115,        1,  2531520, 3439b53d29b19626e90ac9f5739dbd1d
0,        116,        116,        1,  2531520, 3439b53d29b19626e90ac9f5739dbd1d
0,        117,        117,        1,  2531520, 3439b53d29b19626e90ac9f5739dbd1d
0,        118,        118,        1,  2531520, 4c6f883c94aad305170157381a71ccf1
0,        119,        119,        1,  2531520, 4c6f883c94aad305170157381a71ccf1
0,        120,        120,        1,  2531520, 4c6f883c94aad305170157381a71ccf1
0,        121,        121,        1,  2531520, 3439b53d29b19626e90ac9f5739dbd1d
0,        122,        122,        1,  2531520, 3439b53d29b19626e90ac9f5739dbd1d
0,        123,        123,        1,  2531520, 3439b53d29b19626e90ac9f5739dbd1d
0,        124,        124,        1,  2531520, 4c6f883c94aad305170157381a71ccf1
0,        125,        125,        1,  2531520, 4c6f883c94aad305170157381a71ccf1
0,        126,        126,        1,  2531520, 4c6f883c94aad305170157381a71ccf1
0,        127,        127,        1,  2531520, 3439b53d29b19626e90ac9f5739dbd1d
0,        128,        128,        1,  2531520, 3439b53d29b19626e90ac9f5739dbd1d
0,        129,        129,        1,  2531520, 3439b53d29b19626e90ac9f5739dbd1d
0,        130,        130,        1,  2531520, 4c6f883c94aad305170157381a71ccf1
0,        131,        131,        1,  2531520, 4c6f883c94aad305170157381a71ccf1
0,        132,        132,        1,  2531520, 4c6f883c94aad305170157381a71ccf1
0,        133,        133,        1,  2531520, 3439b53d29b19626e90ac9f5739dbd1d
0,        134,        134,        1,  2531520, 3439b53d29b19626e90ac9f5739dbd1d
0,        135,        135,        1,  2531520, 3439b53d29b19626e90ac9f5739dbd1d
0,        136,        136,        1,  2531520, 4c6f883c94aad305170157381a71ccf1
0,        137,        137,        1,  2531520, 4c6f883c94aad305170157381a71ccf1
0,        138,        138,        1,  2531520, 4c6f883c94aad305170157381a71ccf1
0,        139,        139,        1,  2531520, 3439b53d29b19626e90ac9f5739dbd1d
0,        140,        140,        1,  2531520, 3439b53d29b19626e90ac9f5739dbd1d
0,        141,        141,        1,  2531520, 3439b53d29b19626e90ac9f5739dbd1d
0,        142,        142,        1,  2531520, 4c6f883c94aad305170157381a71ccf1
0,        143,        143,        1,  2531520, 4c6f883c94aad305170157381a71ccf1
0,        144,        144,        1,  2531520, 4c6f883c94aad305170157381a71ccf1
0,        145,        145,        1,  2531520, 3439b53d29b19626e90ac9f5739dbd1d
0,        146,        146,        1,  2531520, 3439b53d29b19626e90ac9f5739dbd1d
0,        147,        147,        1,  2531520, 3439b53d29b19626e90ac9f5739dbd1d
0,        148,        148,        1,  2531520, 4c6f883c94aad305170157381a71ccf1
0,        149,        149,        1,  2531520, 4c6f883c94aad305170157381a71ccf1
0,        150,        150,        1,  2531520, 3439b53d29b19626e90ac9f5739dbd1d
0,        151,        151,        1,  2531520, 3439b53d29b19626e90ac9f5739dbd1d
0,        152,        152,        1,  2531520, 3439b53d29b19626e90ac9f5739dbd1d
0,        153,        153,        1,  2531520, 3439b53d29b19626e90ac9f5739dbd1d
0,        154,        154,        1,  2531520, 4c6f883c94aad305170157381a71ccf1
0,        155,        155,        1,  2531520, 4c6f883c94aad305170157381a71ccf1
0,        156,        156,        1,  2531520, 4c6f883c94aad305170157381a71ccf1
0,        157,        157,        1,  2531520, 3439b53d29b19626e90ac9f5739dbd1d
0,        158,        158,        1,  2531520, 3439b53d29b19626e90ac9f5739dbd1d
0,        159,        159,        1,  2531520, 3439b53d29b19626e90ac9f5739dbd1d
0,        160,        160,        1,  2531520, 4c6f883c94aad305170157381a71ccf1
0,        161,        161,        1,  2531520, 4c6f883c94aad305170157381a71ccf1
0,        162,        162,        1,  2531520, 4c6f883c94aad305170157381a71ccf1
0,        163,        163,        1,  2531520, 3439b53d29b19626e90ac9f5739dbd1d
0,        164,        164,        1,  2531520, 3439b53d29b19626e90ac9f5739dbd1d
0,        165,        165,        1,  2531520, 3439b53d29b19626e90ac9f5739dbd1d
0,        166,        166,        1,  2531520, 4c6f883c94aad305170157381a71ccf1
0,        167,        167,        1,  2531520, 4c6f883c94aad305170157381a71ccf1
0,        168,        168,        1,  2531520, 4c6f883c94aad305170157381a71ccf1
0,        169,        169,        1,  2531520, 3439b53d29b19626e90ac9f5739dbd1d
0,        170,        170,        1,  2531520, 3439b53d29b19626e90ac9f5739dbd1d
0,        171,        171,        1,  2531520, 3439b53d29b19626e90ac9f5739dbd1d
0,        172,        172,        1,  2531520, 4c6f883c94aad305170157381a71ccf1
0,        173,        173,        1,  2531520, 4c6f883c94aad305170157381a71ccf1
0,        174,        174,        1,  2531520, 4c6f883c94aad305170157381a71ccf1
0,        175,        175,        1,  2531520, 3439b53d29b19626e90ac9f5739dbd1d
0,        176,        176,        1,  2531520, 3439b53d29b19626e90ac9f5739dbd1d
0,        177,        177,        1,  2531520, 3439b53d29b19626e90ac9f5739dbd1d
0,        178,        178,        1,  2531520, 4c6f883c94aad305170157381a71ccf1
0,        179,        179,        1,  2531520, 4c6f883c94aad305170157381a71ccf1
0,        180,        180,        1,  2531520, 4c6f883c94aad305170157381a71ccf1
0,        181,        181,        1,  2531520, 3439b53d29b19626e90ac9f5739dbd1d
0,        182,        182,        1,  2531520, 3439b53d29b19626e90ac9f5739dbd1d
0,        183,        183,        1,  2531520, 3439b53d29b19626e90ac9f5739dbd1d
0,        184,        184,        1,  2531520, 4c6f883c94aad305170157381a71ccf1
0,        185,        185,        1,  2531520, 4c6f883c94aad305170157381a71ccf1
0,        186,        186,        1,  2531520, 4c6f883c94aad305170157381a71ccf1
0,        187,        187,        1,  2531520, 3439b53d29b19626e90ac9f5739dbd1d
0,        188,        188,        1,  2531520, 3439b53d29b19626e90ac9f5739dbd1d
0,        189,        189,        1,  2531520, 3439b53d29b19626e90ac9f5739dbd1d
0,        190,        190,        1,  2531520, 4c6f883c94aad305170157381a71ccf1
0,        191,        191,        1,  2531520, 4c6f883c94aad305170157381a71ccf1
0,        192,        192,        1,  2531520, 4c6f883c94aad305170157381a71ccf1
0,        193,        193,        1,  2531520, 3439b53d29b19626e90ac9f5739dbd1d
0,        194,        194,        1,  2531520, 3439b53d29b19626e90ac9f5739dbd1d
0,        195,        195,        1,  2531520, 3439b53d29b19626e90ac9f5739dbd1d
0,        196,        196,        1,  2531520, 4c6f883c94aad305170157381a71ccf1
0,        197,        197,        1,  2531520, 4c6f883c94aad305170157381a71ccf1
0,        198,        198,        1,  2531520, 4c6f883c94aad305170157381a71ccf1
0,        199,        199,        1,  2531520, 3439b53d29b19626e90ac9f5739dbd1d
0,        200,        200,        1,  2531520, 3439b53d29b19626e90ac9f5739dbd1d
0,        201,        201,        1,  2531520, 3439b53d29b19626e90ac9f5739dbd1d
0,        202,        202,        1,  2531520, 4c6f883c94aad305170157381a71ccf1
0,        203,        203,        1,  2531520, 4c6f883c94aad305170157381a71ccf1
0,        204,        204,        1,  2531520, 4c6f883c94aad305170157381a71ccf1
0,        205,        205,        1,  2531520, 3439b53d29b19626e90ac9f5739dbd1d
0,        206,        206,        1,  2531520, 3439b53d29b19626e90ac9f5739dbd1d
0,        207,        207,        1,  2531520, 3439b53d29b19626e90ac9f5739dbd1d
0,        208,        208,        1,  2531520, 4c6f883c94aad305170157381a71ccf1
0,        209,        209,        1,  2531520, 4c6f883c94aad305170157381a71ccf1
0,        210,        210,        1,  2531520, 4c6f883c94aad305170157381a71ccf1
0,        211,        211,        1,  2531520, 3439b53d29b19626e90ac9f5739dbd1d
0,        212,        212,        1,  2531520, 3439b53d29b19626e90ac9f5739dbd1d
0,        213,        213,        1,  2531520, 3439b53d29b19626e90ac9f5739dbd1d
0,        214,        214,        1,  2531520, 4c6f883c94aad305170157381a71ccf1
0,        215,        215,        1,  2531520, 4c6f883c94aad305170157381a71ccf1
0,        216,        216,        1,  2531520, 4c6f883c94aad305170157381a71ccf1
0,        217,        217,        1,  2531520, 3439b53d29b19626e90ac9f5739dbd1d
0,        218,        218,        1,  2531520, 3439b53d29b19626e90ac9f5739dbd1d
0,        219,        219,        1,  2531520, 3439b53d29b19626e90ac9f5739dbd1d
0,        220,        220,        1,  2531520, 4c6f883c94aad305170157381a71ccf1
0,        221,        221,        1,  2531520, 4c6f883c94aad305170157381a71ccf1
0,        222,        222,        1,  2531520, 4c6f883c94aad305170157381a71ccf1
0,        223,        223,        1,  2531520, 3439b53d29b19626e90ac9f5739dbd1d
0,        224,        224,        1,  2531520, 3439b53d29b19626e90ac9f5739dbd1d
0,        225,        225,        1,  2531520, 3439b53d29b19626e90ac9f5739dbd1d
0,        226,        226,        1,  2531520, 4c6f883c94aad305170157381a71ccf1
0,        227,        227,        1,  2531520, 4c6f883c94aad305170157381a71ccf1
0,        228,        228,        1,  2531520, 4c6f883c94aad305170157381a71ccf1
0,        229,        229,        1,  2531520, 3439b53d29b19626e90ac9f5739dbd1d
0,        230,        230,        1,  2531520, 3439b53d29b19626e90ac9f5739dbd1d
0,        231,        231,        1,  2531520, 3439b53d29b19626e90ac9f5739dbd1d
0,        232,        232,        1,  2531520, 4c6f883c94aad305170157381a71ccf1
0,        233,        233,        1,  2531520, 4c6f883c94aad305170157381a71ccf1
0,        234,        234,        1,  2531520, 4c6f883c94aad305170157381a71ccf1
0,        235,        235,        1,  2531520, 3439b53d29b19626e90ac9f5739dbd1d
0,        236,        236,        1,  2531520, 3439b53d29b19626e90ac9f5739dbd1d
0,        237,        237,        1,  2531520, 3439b53d29b19626e90ac9f5739dbd1d
0,        238,        238,        1,  2531520, 4c6f883c94aad305170157381a71ccf1
0,        239,        239,        1,  2531520, 4c6f883c94aad305170157381a71ccf1
0,        240,        240,        1,  2531520, 4c6f883c94aad305170157381a71ccf1
0,        241,        241,        1,  2531520, 3439b53d29b19626e90ac9f5739dbd1d
0,        242,        242,        1,  2531520, 3439b53d29b19626e90ac9f5739dbd1d
0,        243,        243,        1,  2531520, 3439b53d29b19626e90ac9f5739dbd1d
0,        244,        244,        1,  2531520, 4c6f883c94aad305170157381a71ccf1
0,        245,        245,        1,  2531520, 4c6f883c94aad305170157381a71ccf1
0,        246,        246,        1,  2531520, 3439b53d29b19626e90ac9f5739dbd1d
0,        247,        247,        1,  2531520, 3439b53d29b19626e90ac9f5739dbd1d
0,        248,        248,        1,  2531520, 3439b53d29b19626e90ac9f5739dbd1d
0,        249,        249,        1,  2531520, 4c6f883c94aad305170157381a71ccf1
0,        250,        250,        1,  2531520, 4c6f883c94aad305170157381a71ccf1
0,        251,        251,        1,  2531520, 4c6f883c94aad305170157381a71ccf1
0,        252,        252,        1,  2531520, 4c6f883c94aad305170157381a71ccf1
0,        253,        253,        1,  2531520, 3439b53d29b19626e90ac9f5739dbd1d
0,        254,        254,        1,  2531520, 3439b53d29b19626e90ac9f5739dbd1d
0,        255,        255,        1,  2531520, 3439b53d29b19626e90ac9f5739dbd1d
0,        256,        256,        1,  2531520, 4c6f883c94aad305170157381a71ccf1
0,        257,        257,        1,  2531520, 4c6f883c94aad305170157381a71ccf1
0,        258,        258,        1,  2531520, 4c6f883c94aad305170157381a71ccf1
0,        259,        259,        1,  2531520, 3439b53d29b19626e90ac9f5739dbd1d
0,        260,        260,        1,  2531520, 3439b53d29b19626e90ac9f5739dbd1d
0,        261,        261,        1,  2531520, 3439b53d29b19626e90ac9f5739dbd1d
0,        262,        262,        1,  2531520, 4c6f883c94aad305170157381a71ccf1
0,        263,        263,        1,  2531520, 4c6f883c94aad305170157381a71ccf1
0,        264,        264,        1,  2531520, 4c6f883c94aad305170157381a71ccf1
0,        265,        265,        1,  2531520, 3439b53d29b19626e90ac9f5739dbd1d
0,        266,        266,        1,  2531520, 3439b53d29b19626e90ac9f5739dbd1d
0,        267,        267,        1,  2531520, 3439b53d29b19626e90ac9f5739dbd1d
0,        268,        268,        1,  2531520, 4c6f883c94aad305170157381a71ccf1
0,        269,        269,        1,  2531520, 4c6f883c94aad305170157381a71ccf1
0,        270,        270,        1,  2531520, 4c6f883c94aad305170157381a71ccf1
0,        271,        271,        1,  2531520, 3439b53d29b19626e90ac9f5739dbd1d
0,        272,        272,        1,  2531520, 3439b53d29b19626e90ac9f5739dbd1d
0,        273,        273,        1,  2531520, 3439b53d29b19626e90ac9f5739dbd1d
0,        274,        274,        1,  2531520, 4c6f883c94aad305170157381a71ccf1
0,        275,        275,        1,  2531520, 4c6f883c94aad305170157381a71ccf1
0,        276,        276,        1,  2531520, 4c6f883c94aad305170157381a71ccf1
0,        277,        277,        1,  2531520, 3439b53d29b19626e90ac9f5739dbd1d
0,        278,        278,        1,  2531520, 3439b53d29b19626e90ac9f5739dbd1d
0,        279,        279,        1,  2531520, 3439b53d29b19626e90ac9f5739dbd1d
0,        280,        280,        1,  2531520, 4c6f883c94aad305170157381a71ccf1
0,        281,        281,        1,  2531520, 4c6f883c94aad305170157381a71ccf1
0,        282,        282,        1,  2531520, 4c6f883c94aad305170157381a71ccf1
0,        283,        283,        1,  2531520, 3439b53d29b19626e90ac9f5739dbd1d
0,        284,        284,        1,  2531520, 3439b53d29b19626e90ac9f5739dbd1d
0,        285,        285,        1,  2531520, 3439b53d29b19626e90ac9f5739dbd1d
0,        286,        286,        1,  2531520, 4c6f883c94aad305170157381a71ccf1
0,        287,        287,        1,  2531520, 4c6f883c94aad305170157381a71ccf1
0,        288,        288,        1,  2531520, 4c6f883c94aad305170157381a71ccf1
0,        289,        289,        1,  2531520, 3439b53d29b19626e90ac9f5739dbd1d
0,        290,        290,        1,  2531520, 3439b53d29b19626e90ac9f5739dbd1d
0,        291,        291,        1,  2531520, 3439b53d29b19626e90ac9f5739dbd1d
0,        292,        292,        1,  2531520, 4c6f883c94aad305170157381a71ccf1
0,        293,        293,        1,  2531520, 4c6f883c94aad305170157381a71ccf1
0,        294,        294,        1,  2531520, 3439b53d29b19626e90ac9f5739dbd1d
0,        295,        295,        1,  2531520, 3439b53d29b19626e90ac9f5739dbd1d
0,        296,        296,        1,  2531520, 3439b53d29b19626e90ac9f5739dbd1d
0,        297,        297,        1,  2531520, 4c6f883c94aad305170157381a71ccf1
0,        298,        298,        1,  2531520, 4c6f883c94aad305170157381a71ccf1
0,        299,        299,        1,  2531520, 4c6f883c94aad305170157381a71ccf1
0,        300,        300,        1,  2531520, 4c6f883c94aad305170157381a71ccf1
0,        301,        301,        1,  2531520, 3439b53d29b19626e90ac9f5739dbd1d
0,        302,        302,        1,  2531520, 3439b53d29b19626e90ac9f5739dbd1d
0,        303,        303,        1,  2531520, 3439b53d29b19626e90ac9f5739dbd1d
0,        304,        304,        1,  2531520, 4c6f883c94aad305170157381a71ccf1
0,        305,        305,        1,  2531520, 4c6f883c94aad305170157381a71ccf1
0,        306,        306,        1,  2531520, 4c6f883c94aad305170157381a71ccf1
0,        307,        307,        1,  2531520, 3439b53d29b19626e90ac9f5739dbd1d
0,        308,        308,        1,  2531520, 3439b53d29b19626e90ac9f5739dbd1d
0,        309,        309,        1,  2531520, 3439b53d29b19626e90ac9f5739dbd1d
0,        310,        310,        1,  2531520, 4c6f883c94aad305170157381a71ccf1
0,        311,        311,        1,  2531520, 4c6f883c94aad305170157381a71ccf1
0,        312,        312,        1,  2531520, 4c6f883c94aad305170157381a71ccf1
0,        313,        313,        1,  2531520, 3439b53d29b19626e90ac9f5739dbd1d
0,        314,        314,        1,  2531520, 3439b53d29b19626e90ac9f5739dbd1d
0,        315,        315,        1,  2531520, 3439b53d29b19626e90ac9f5739dbd1d
0,        316,        316,        1,  2531520, 4c6f883c94aad305170157381a71ccf1
0,        317,        317,        1,  2531520, 4c6f883c94aad305170157381a71ccf1
0,        318,        318,        1,  2531520, 4c6f883c94aad305170157381a71ccf1
0,        319,        319,        1,  2531520, 3439b53d29b19626e90ac9f5739dbd1d
0,        320,        320,        1,  2531520, 3439b53d29b19626e90ac9f5739dbd1d
0,        321,        321,        1,  2531520, 3439b53d29b19626e90ac9f5739dbd1d
0,        322,        322,        1,  2531520, 4c6f883c94aad305170157381a71ccf1
0,        323,        323,        1,  2531520, 4c6f883c94aad305170157381a71ccf1
0,        324,        324,        1,  2531520, 4c6f883c94aad305170157381a71ccf1
0,        325,        325,        1,  2531520, 3439b53d29b19626e90ac9f5739dbd1d
0,        326,        326,        1,  2531520, 3439b53d29b19626e90ac9f5739dbd1d
0,        327,        327,        1,  2531520, 3439b53d29b19626e90ac9f5739dbd1d
0,        328,        328,        1,  2531520, 4c6f883c94aad305170157381a71ccf1
0,        329,        329,        1,  2531520, 4c6f883c94aad305170157381a71ccf1
0,        330,        330,        1,  2531520, 4c6f883c94aad305170157381a71ccf1
0,        331,        331,        1,  2531520, 3439b53d29b19626e90ac9f5739dbd1d
0,        332,        332,        1,  2531520, 3439b53d29b19626e90ac9f5739dbd1d
0,        333,        333,        1,  2531520, 3439b53d29b19626e90ac9f5739dbd1d
0,        334,        334,        1,  2531520, 4c6f883c94aad305170157381a71ccf1
0,        335,        335,        1,  2531520, 4c6f883c94aad305170157381a71ccf1
0,        336,        336,        1,  2531520, 4c6f883c94aad305170157381a71ccf1
0,        337,        337,        1,  2531520, 3439b53d29b19626e90ac9f5739dbd1d
0,        338,        338,        1,  2531520, 3439b53d29b19626e90ac9f5739dbd1d
0,        339,        339,        1,  2531520, 3439b53d29b19626e90ac9f5739dbd1d
0,        340,        340,        1,  2531520, 4c6f883c94aad305170157381a71ccf1
0,        341,        341,        1,  2531520, 4c6f883c94aad305170157381a71ccf1
0,        342,        342,        1,  2531520, 3439b53d29b19626e90ac9f5739dbd1d
0,        343,        343,        1,  2531520, 3439b53d29b19626e90ac9f5739dbd1d
0,        344,        344,        1,  2531520, 3439b53d29b19626e90ac9f5739dbd1d
0,        345,        345,        1,  2531520, 4c6f883c94aad305170157381a71ccf1
0,        346,        346,        1,  2531520, 4c6f883c94aad305170157381a71ccf1
0,        347,        347,        1,  2531520, 4c6f883c94aad305170157381a71ccf1
0,        348,        348,        1,  2531520, 4c6f883c94aad305170157381a71ccf1
0,        349,        349,        1,  2531520, 3439b53d29b19626e90ac9f5739dbd1d
0,        350,        350,        1,  2531520, 3439b53d29b19626e90ac9f5739dbd1d
0,        351,        351,        1,  2531520, 3439b53d29b19626e90ac9f5739dbd1d
0,        352,        352,        1,  2531520, 4c6f883c94aad305170157381a71ccf1
0,        353,        353,        1,  2531520, 4c6f883c94aad305170157381a71ccf1
0,        354,        354,        1,  2531520, 4c6f883c94aad305170157381a71ccf1
0,        355,        355,        1,  2531520, 3439b53d29b19626e90ac9f5739dbd1d
0,        356,        356,        1,  2531520, 3439b53d29b19626e90ac9f5739dbd1d
0,        357,        357,        1,  2531520, 3439b53d29b19626e90ac9f5739dbd1d
0,        358,        358,        1,  2531520, 4c6f883c94aad305170157381a71ccf1
0,        359,        359,        1,  2531520, 4c6f883c94aad305170157381a71ccf1
0,        360,        360,        1,  2531520, 4c6f883c94aad305170157381a71ccf1
0,        361,        361,        1,  2531520, 3439b53d29b19626e90ac9f5739dbd1d
0,        362,        362,        1,  2531520, 3439b53d29b19626e90ac9f5739dbd1d
0,        363,        363,        1,  2531520, 3439b53d29b19626e90ac9f5739dbd1d
0,        364,        364,        1,  2531520, 4c6f883c94aad305170157381a71ccf1
0,        365,        365,        1,  2531520, 4c6f883c94aad305170157381a71ccf1
0,        366,        366,        1,  2531520, 4c6f883c94aad305170157381a71ccf1
0,        367,        367,        1,  2531520, 3439b53d29b19626e90ac9f5739dbd1d
0,        368,        368,        1,  2531520, 3439b53d29b19626e90ac9f5739dbd1d
0,        369,        369,        1,  2531520, 3439b53d29b19626e90ac9f5739dbd1d
0,        370,        370,        1,  2531520, 4c6f883c94aad305170157381a71ccf1
0,        371,        371,        1,  2531520, 4c6f883c94aad305170157381a71ccf1
0,        372,        372,        1,  2531520, 4c6f883c94aad305170157381a71ccf1
0,        373,        373,        1,  2531520, 3439b53d29b19626e90ac9f5739dbd1d
0,        374,        374,        1,  2531520, 3439b53d29b19626e90ac9f5739dbd1d
0,        375,        375,        1,  2531520, 3439b53d29b19626e90ac9f5739dbd1d
0,        376,        376,        1,  2531520, 4c6f883c94aad305170157381a71ccf1
0,        377,        377,        1,  2531520, 4c6f883c94aad305170157381a71ccf1
0,        378,        378,        1,  2531520, 4c6f883c94aad305170157381a71ccf1
0,        379,        379,        1,  2531520, 3439b53d29b19626e90ac9f5739dbd1d
0,        380,        380,        1,  2531520, 3439b53d29b19626e90ac9f5739dbd1d
0,        381,        381,        1,  2531520, 3439b53d29b19626e90ac9f5739dbd1d
0,        382,        382,        1,  2531520, 4c6f883c94aad305170157381a71ccf1
0,        383,        383,        1,  2531520, 4c6f883c94aad305170157381a71ccf1
0,        384,        384,        1,  2531520, 4c6f883c94aad305170157381a71ccf1
0,        385,        385,        1,  2531520, 3439b53d29b19626e90ac9f5739dbd1d
0,        386,        386,        1,  2531520, 3439b53d29b19626e90ac9f5739dbd1d
0,        387,        387,        1,  2531520, 3439b53d29b19626e90ac9f5739dbd1d
0,        388,        388,        1,  2531520, 4c6f883c94aad305170157381a71ccf1
0,        389,        389,        1,  2531520, 4c6f883c94aad305170157381a71ccf1
0,        390,        390,        1,  2531520, 3439b53d29b19626e90ac9f5739dbd1d
0,        391,        391,        1,  2531520, 3439b53d29b19626e90ac9f5739dbd1d
0,        392,        392,        1,  2531520, 3439b53d29b19626e90ac9f5739dbd1d
0,        393,        393,        1,  2531520, 4c6f883c94aad305170157381a71ccf1
0,        394,        394,        1,  2531520, 4c6f883c94aad305170157381a71ccf1
0,        395,        395,        1,  2531520, 4c6f883c94aad305170157381a71ccf1
0,        396,        396,        1,  2531520, 4c6f883c94aad305170157381a71ccf1
0,        397,        397,        1,  2531520, 3439b53d29b19626e90ac9f5739dbd1d
0,        398,        398,        1,  2531520, 3439b53d29b19626e90ac9f5739dbd1d
0,        399,        399,        1,  2531520, 3439b53d29b19626e90ac9f5739dbd1d
0,        400,        400,        1,  2531520, 4c6f883c94aad305170157381a71ccf1
0,        401,        401,        1,  2531520, 4c6f883c94aad305170157381a71ccf1
0,        402,        402,        1,  2531520, 4c6f883c94aad305170157381a71ccf1
0,        403,        403,        1,  2531520, 3439b53d29b19626e90ac9f5739dbd1d
0,        404,        404,        1,  2531520, 3439b53d29b19626e90ac9f5739dbd1d
0,        405,        405,        1,  2531520, 3439b53d29b19626e90ac9f5739dbd1d
0,        406,        406,        1,  2531520, 4c6f883c94aad305170157381a71ccf1
0,        407,        407,        1,  2531520, 4c6f883c94aad305170157381a71ccf1
0,        408,        408,        1,  2531520, 4c6f883c94aad305170157381a71ccf1
0,        409,        409,        1,  2531520, 3439b53d29b19626e90ac9f5739dbd1d
0,        410,        410,        1,  2531520, 3439b53d29b19626e90ac9f5739dbd1d
0,        411,        411,        1,  2531520, 3439b53d29b19626e90ac9f5739dbd1d
0,        412,        412,        1,  2531520, 4c6f883c94aad305170157381a71ccf1
0,        413,        413,        1,  2531520, 4c6f883c94aad305170157381a71ccf1
0,        414,        414,        1,  2531520, 4c6f883c94aad305170157381a71ccf1
0,        415,        415,        1,  2531520, 3439b53d29b19626e90ac9f5739dbd1d
0,        416,        416,        1,  2531520, 3439b53d29b19626e90ac9f5739dbd1d
0,        417,        417,        1,  2531520, 3439b53d29b19626e90ac9f5739dbd1d
0,        418,        418,        1,  2531520, 4c6f883c94aad305170157381a71ccf1
0,        419,        419,        1,  2531520, 4c6f883c94aad305170157381a71ccf1
0,        420,        420,        1,  2531520, 4c6f883c94aad305170157381a71ccf1
0,        421,        421,        1,  2531520, 3439b53d29b19626e90ac9f5739dbd1d
0,        422,        422,        1,  2531520, 3439b53d29b19626e90ac9f5739dbd1d
0,        423,        423,        1,  2531520, 3439b53d29b19626e90ac9f5739dbd1d
0,        424,        424,        1,  2531520, 4c6f883c94aad305170157381a71ccf1
0,        425,        425,        1,  2531520, 4c6f883c94aad305170157381a71ccf1
0,        426,        426,        1,  2531520, 4c6f883c94aad305170157381a71ccf1
0,        427,        427,        1,  2531520, 3439b53d29b19626e90ac9f5739dbd1d
0,        428,        428,        1,  2531520, 3439b53d29b19626e90ac9f5739dbd1d
0,        429,        429,        1,  2531520, 3439b53d29b19626e90ac9f5739dbd1d
0,        430,        430,        1,  2531520, 4c6f883c94aad305170157381a71ccf1
0,        431,        431,        1,  2531520, 4c6f883c94aad305170157381a71ccf1
0,        432,        432,        1,  2531520, 4c6f883c94aad305170157381a71ccf1
0,        433,        433,        1,  2531520, 3439b53d29b19626e90ac9f5739dbd1d
0,        434,        434,        1,  2531520, 3439b53d29b19626e90ac9f5739dbd1d
0,        435,        435,        1,  2531520, 3439b53d29b19626e90ac9f5739dbd1d
0,        436,        436,        1,  2531520, 4c6f883c94aad305170157381a71ccf1
0,        437,        437,        1,  2531520, 4c6f883c94aad305170157381a71ccf1
0,        438,        438,        1,  2531520, 3439b53d29b19626e90ac9f5739dbd1d
0,        439,        439,        1,  2531520, 3439b53d29b19626e90ac9f5739dbd1d
0,        440,        440,        1,  2531520, 3439b53d29b19626e90ac9f5739dbd1d
0,        441,        441,        1,  2531520, 4c6f883c94aad305170157381a71ccf1
0,        442,        442,        1,  2531520, 4c6f883c94aad305170157381a71ccf1
0,        443,        443,        1,  2531520, 4c6f883c94aad305170157381a71ccf1
0,        444,        444,        1,  2531520, 4c6f883c94aad305170157381a71ccf1
0,        445,        445,        1,  2531520, 3439b53d29b19626e90ac9f5739dbd1d
0,        446,        446,        1,  2531520, 3439b53d29b19626e90ac9f5739dbd1d
0,        447,        447,        1,  2531520, 3439b53d29b19626e90ac9f5739dbd1d
0,        448,        448,        1,  2531520, 4c6f883c94aad305170157381a71ccf1
0,        449,        449,        1,  2531520, 4c6f883c94aad305170157381a71ccf1
0,        450,        450,        1,  2531520, 4c6f883c94aad305170157381a71ccf1
0,        451,        451,        1,  2531520, 3439b53d29b19626e90ac9f5739dbd1d
0,        452,        452,        1,  2531520, 3439b53d29b19626e90ac9f5739dbd1d
0,        453,        453,        1,  2531520, 3439b53d29b19626e90ac9f5739dbd1d
0,        454,        454,        1,  2531520, 4c6f883c94aad305170157381a71ccf1
0,        455,        455,        1,  2531520, 4c6f883c94aad305170157381a71ccf1
0,        456,        456,        1,  2531520, 3439b53d29b19626e90ac9f5739dbd1d
0,        457,        457,        1,  2531520, 3439b53d29b19626e90ac9f5739dbd1d
0,        458,        458,        1,  2531520, 3439b53d29b19626e90ac9f5739dbd1d
0,        459,        459,        1,  2531520, 3439b53d29b19626e90ac9f5739dbd1d
0,        460,        460,        1,  2531520, 4c6f883c94aad305170157381a71ccf1
0,        461,        461,        1,  2531520, 4c6f883c94aad305170157381a71ccf1
0,        462,        462,        1,  2531520, 3439b53d29b19626e90ac9f5739dbd1d
0,        463,        463,        1,  2531520, 3439b53d29b19626e90ac9f5739dbd1d
0,        464,        464,        1,  2531520, 3439b53d29b19626e90ac9f5739dbd1d
0,        465,        465,        1,  2531520, 3439b53d29b19626e90ac9f5739dbd1d
0,        466,        466,        1,  2531520, 4c6f883c94aad305170157381a71ccf1
0,        467,        467,        1,  2531520, 4c6f883c94aad305170157381a71ccf1
0,        468,        468,        1,  2531520, 3439b53d29b19626e90ac9f5739dbd1d
0,        469,        469,        1,  2531520, 3439b53d29b19626e90ac9f5739dbd1d
0,        470,        470,        1,  2531520, 3439b53d29b19626e90ac9f5739dbd1d
0,        471,        471,        1,  2531520, 3439b53d29b19626e90ac9f5739dbd1d
0,        472,        472,        1,  2531520, 4c6f883c94aad305170157381a71ccf1
0,        473,        473,        1,  2531520, 4c6f883c94aad305170157381a71ccf1
0,        474,        474,        1,  2531520, 3439b53d29b19626e90ac9f5739dbd1d
0,        475,        475,        1,  2531520, 3439b53d29b19626e90ac9f5739dbd1d
0,        476,        476,        1,  2531520, 3439b53d29b19626e90ac9f5739dbd1d
0,        477,        477,        1,  2531520, 3439b53d29b19626e90ac9f5739dbd1d
0,        478,        478,        1,  2531520, 4c6f883c94aad305170157381a71ccf1
0,        479,        479,        1,  2531520, 4c6f883c94aad305170157381a71ccf1
0,        480,        480,        1,  2531520, 3439b53d29b19626e90ac9f5739dbd1d
0,        481,        481,        1,  2531520, 3439b53d29b19626e90ac9f5739dbd1d
0,        482,        482,        1,  2531520, 3439b53d29b19626e90ac9f5739dbd1d
0,        483,        483,        1,  2531520, 3439b53d29b19626e90ac9f5739dbd1d
0,        484,        484,        1,  2531520, 4c6f883c94aad305170157381a71ccf1
0,        485,        485,        1,  2531520, 4c6f883c94aad305170157381a71ccf1
0,        486,        486,        1,  2531520, 3439b53d29b19626e90ac9f5739dbd1d
0,        487,        487,        1,  2531520, 3439b53d29b19626e90ac9f5739dbd1d
0,        488,        488,        1,  2531520, 3439b53d29b19626e90ac9f5739dbd1d
0,        489,        489,        1,  2531520, 4c6f883c94aad305170157381a71ccf1
0,        490,        490,        1,  2531520, 4c6f883c94aad305170157381a71ccf1
0,        491,        491,        1,  2531520, 4c6f883c94aad305170157381a71ccf1
0,        492,        492,        1,  2531520, 3439b53d29b19626e90ac9f5739dbd1d
0,        493,        493,        1,  2531520, 3439b53d29b19626e90ac9f5739dbd1d
0,        494,        494,        1,  2531520, 3439b53d29b19626e90ac9f5739dbd1d
0,        495,        495,        1,  2531520, 3439b53d29b19626e90ac9f5739dbd1d
0,        496,        496,        1,  2531520, 4c6f883c94aad305170157381a71ccf1
0,        497,        497,        1,  2531520, 4c6f883c94aad305170157381a71ccf1
0,        498,        498,        1,  2531520, 3439b53d29b19626e90ac9f5739dbd1d
0,        499,        499,        1,  2531520, 3439b53d29b19626e90ac9f5739dbd1d
0,        500,        500,        1,  2531520, 3439b53d29b19626e90ac9f5739dbd1d
0,        501,        501,        1,  2531520, 3439b53d29b19626e90ac9f5739dbd1d
0,        502,        502,        1,  2531520, 4c6f883c94aad305170157381a71ccf1
0,        503,        503,        1,  2531520, 4c6f883c94aad305170157381a71ccf1
0,        504,        504,        1,  2531520, 3439b53d29b19626e90ac9f5739dbd1d
0,        505,        505,        1,  2531520, 3439b53d29b19626e90ac9f5739dbd1d
0,        506,        506,        1,  2531520, 3439b53d29b19626e90ac9f5739dbd1d
0,        507,        507,        1,  2531520, 3439b53d29b19626e90ac9f5739dbd1d
0,        508,        508,        1,  2531520, 4c6f883c94aad305170157381a71ccf1
0,        509,        509,        1,  2531520, 4c6f883c94aad305170157381a71ccf1
0,        510,        510,        1,  2531520, 3439b53d29b19626e90ac9f5739dbd1d
0,        511,        511,        1,  2531520, 3439b53d29b19626e90ac9f5739dbd1d
0,        512,        512,        1,  2531520, 3439b53d29b19626e90ac9f5739dbd1d
0,        513,        513,        1,  2531520, 3439b53d29b19626e90ac9f5739dbd1d
0,        514,        514,        1,  2531520, 4c6f883c94aad305170157381a71ccf1
0,        515,        515,        1,  2531520, 4c6f883c94aad305170157381a71ccf1
0,        516,        516,        1,  2531520, 3439b53d29b19626e90ac9f5739dbd1d
0,        517,        517,        1,  2531520, 3439b53d29b19626e90ac9f5739dbd1d
0,        518,        518,        1,  2531520, 3439b53d29b19626e90ac9f5739dbd1d
0,        519,        519,        1,  2531520, 3439b53d29b19626e90ac9f5739dbd1d
0,        520,        520,        1,  2531520, 4c6f883c94aad305170157381a71ccf1
0,        521,        521,        1,  2531520, 4c6f883c94aad305170157381a71ccf1
0,        522,        522,        1,  2531520, 3439b53d29b19626e90ac9f5739dbd1d
0,        523,        523,        1,  2531520, 3439b53d29b19626e90ac9f5739dbd1d
0,        524,        524,        1,  2531520, 3439b53d29b19626e90ac9f5739dbd1d
0,        525,        525,        1,  2531520, 3439b53d29b19626e90ac9f5739dbd1d
0,        526,        526,        1,  2531520, 4c6f883c94aad305170157381a71ccf1
0,        527,        527,        1,  2531520, 4c6f883c94aad305170157381a71ccf1
0,        528,        528,        1,  2531520, 3439b53d29b19626e90ac9f5739dbd1d
0,        529,        529,        1,  2531520, 3439b53d29b19626e90ac9f5739dbd1d
0,        530,        530,        1,  2531520, 3439b53d29b19626e90ac9f5739dbd1d
0,        531,        531,        1,  2531520, 3439b53d29b19626e90ac9f5739dbd1d
0,        532,        532,        1,  2531520, 4c6f883c94aad305170157381a71ccf1
0,        533,        533,        1,  2531520, 4c6f883c94aad305170157381a71ccf1
0,        534,        534,        1,  2531520, 3439b53d29b19626e90ac9f5739dbd1d
0,        535,        535,        1,  2531520, 3439b53d29b19626e90ac9f5739dbd1d
0,        536,        536,        1,  2531520, 3439b53d29b19626e90ac9f5739dbd1d
0,        537,        537,        1,  2531520, 4c6f883c94aad305170157381a71ccf1
0,        538,        538,        1,  2531520, 4c6f883c94aad305170157381a71ccf1
0,        539,        539,        1,  2531520, 4c6f883c94aad305170157381a71ccf1
0,        540,        540,        1,  2531520, 3439b53d29b19626e90ac9f5739dbd1d
0,        541,        541,        1,  2531520, 3439b53d29b19626e90ac9f5739dbd1d
0,        542,        542,        1,  2531520, 3439b53d29b19626e90ac9f5739dbd1d
0,        543,        543,        1,  2531520, 3439b53d29b19626e90ac9f5739dbd1d
0,        544,        544,        1,  2531520, 4c6f883c94aad305170157381a71ccf1
0,        545,        545,        1,  2531520, 4c6f883c94aad305170157381a71ccf1
0,        546,        546,        1,  2531520, 4c6f883c94aad305170157381a71ccf1
0,        547,        547,        1,  2531520, 3439b53d29b19626e90ac9f5739dbd1d
0,        548,        548,        1,  2531520, 3439b53d29b19626e90ac9f5739dbd1d
0,        549,        549,        1,  2531520, 3439b53d29b19626e90ac9f5739dbd1d
0,        550,        550,        1,  2531520, 4c6f883c94aad305170157381a71ccf1
0,        551,        551,        1,  2531520, 4c6f883c94aad305170157381a71ccf1
0,        552,        552,        1,  2531520, 4c6f883c94aad305170157381a71ccf1
0,        553,        553,        1,  2531520, 3439b53d29b19626e90ac9f5739dbd1d
0,        554,        554,        1,  2531520, 3439b53d29b19626e90ac9f5739dbd1d
0,        555,        555,        1,  2531520, 3439b53d29b19626e90ac9f5739dbd1d
0,        556,        556,        1,  2531520, 4c6f883c94aad305170157381a71ccf1
0,        557,        557,        1,  2531520, 4c6f883c94aad305170157381a71ccf1
0,        558,        558,        1,  2531520, 3439b53d29b19626e90ac9f5739dbd1d
0,        559,        559,        1,  2531520, 3439b53d29b19626e90ac9f5739dbd1d
0,        560,        560,        1,  2531520, 3439b53d29b19626e90ac9f5739dbd1d
0,        561,        561,        1,  2531520, 3439b53d29b19626e90ac9f5739dbd1d
0,        562,        562,        1,  2531520, 4c6f883c94aad305170157381a71ccf1
0,        563,        563,        1,  2531520, 4c6f883c94aad305170157381a71ccf1
0,        564,        564,        1,  2531520, 3439b53d29b19626e90ac9f5739dbd1d
0,        565,        565,        1,  2531520, 3439b53d29b19626e90ac9f5739dbd1d
0,        566,        566,        1,  2531520, 3439b53d29b19626e90ac9f5739dbd1d
0,        567,        567,        1,  2531520, 3439b53d29b19626e90ac9f5739dbd1d
0,        568,        568,        1,  2531520, 4c6f883c94aad305170157381a71ccf1
0,        569,        569,        1,  2531520, 4c6f883c94aad305170157381a71ccf1
0,        570,        570,        1,  2531520, 3439b53d29b19626e90ac9f5739dbd1d
0,        571,        571,        1,  2531520, 3439b53d29b19626e90ac9f5739dbd1d
0,        572,        572,        1,  2531520, 3439b53d29b19626e90ac9f5739dbd1d
0,        573,        573,        1,  2531520, 3439b53d29b19626e90ac9f5739dbd1d
0,        574,        574,        1,  2531520, 4c6f883c94aad305170157381a71ccf1
0,        575,        575,        1,  2531520, 4c6f883c94aad305170157381a71ccf1
0,        576,        576,        1,  2531520, 3439b53d29b19626e90ac9f5739dbd1d
0,        577,        577,        1,  2531520, 3439b53d29b19626e90ac9f5739dbd1d
0,        578,        578,        1,  2531520, 3439b53d29b19626e90ac9f5739dbd1d
0,        579,        579,        1,  2531520, 3439b53d29b19626e90ac9f5739dbd1d
0,        580,        580,        1,  2531520, 4c6f883c94aad305170157381a71ccf1
0,        581,        581,        1,  2531520, 4c6f883c94aad305170157381a71ccf1
0,        582,        582,        1,  2531520, 3439b53d29b19626e90ac9f5739dbd1d
0,        583,        583,        1,  2531520, 3439b53d29b19626e90ac9f5739dbd1d
0,        584,        584,        1,  2531520, 3439b53d29b19626e90ac9f5739dbd1d
0,        585,        585,        1,  2531520, 4c6f883c94aad305170157381a71ccf1
0,        586,        586,        1,  2531520, 4c6f883c94aad305170157381a71ccf1
0,        587,        587,        1,  2531520, 4c6f883c94aad305170157381a71ccf1
0,        588,        588,        1,  2531520, 3439b53d29b19626e90ac9f5739dbd1d
0,        589,        589,        1,  2531520, 3439b53d29b19626e90ac9f5739dbd1d
0,        590,        590,        1,  2531520, 3439b53d29b19626e90ac9f5739dbd1d
0,        591,        591,        1,  2531520, 3439b53d29b19626e90ac9f5739dbd1d
0,        592,        592,        1,  2531520, 4c6f883c94aad305170157381a71ccf1
0,        593,        593,        1,  2531520, 4c6f883c94aad305170157381a71ccf1
0,        594,        594,        1,  2531520, 3439b53d29b19626e90ac9f5739dbd1d
0,        595,        595,        1,  2531520, 3439b53d29b19626e90ac9f5739dbd1d
0,        596,        596,        1,  2531520, 3439b53d29b19626e90ac9f5739dbd1d
0,        597,        597,        1,  2531520, 3439b53d29b19626e90ac9f5739dbd1d
0,        598,        598,        1,  2531520, 4c6f883c94aad305170157381a71ccf1
0,        599,        599,        1,  2531520, 4c6f883c94aad305170157381a71ccf1
0,        600,        600,        1,  2531520, 3439b53d29b19626e90ac9f5739dbd1d
0,        601,        601,        1,  2531520, 3439b53d29b19626e90ac9f5739dbd1d
0,        602,        602,        1,  2531520, 3439b53d29b19626e90ac9f5739dbd1d
0,        603,        603,        1,  2531520, 3439b53d29b19626e90ac9f5739dbd1d
0,        604,        604,        1,  2531520, 4c6f883c94aad305170157381a71ccf1
0,        605,        605,        1,  2531520, 4c6f883c94aad305170157381a71ccf1
0,        606,        606,        1,  2531520, 3439b53d29b19626e90ac9f5739dbd1d
0,        607,        607,        1,  2531520, 3439b53d29b19626e90ac9f5739dbd1d
0,        608,        608,        1,  2531520, 3439b53d29b19626e90ac9f5739dbd1d
0,        609,        609,        1,  2531520, 3439b53d29b19626e90ac9f5739dbd1d
0,        610,        610,        1,  2531520, 4c6f883c94aad305170157381a71ccf1
0,        611,        611,        1,  2531520, 4c6f883c94aad305170157381a71ccf1
0,        612,        612,        1,  2531520, 3439b53d29b19626e90ac9f5739dbd1d
0,        613,        613,        1,  2531520, 3439b53d29b19626e90ac9f5739dbd1d
0,        614,        614,        1,  2531520, 3439b53d29b19626e90ac9f5739dbd1d
0,        615,        615,        1,  2531520, 3439b53d29b19626e90ac9f5739dbd1d
0,        616,        616,        1,  2531520, 4c6f883c94aad305170157381a71ccf1
0,        617,        617,        1,  2531520, 4c6f883c94aad305170157381a71ccf1
0,        618,        618,        1,  2531520, 3439b53d29b19626e90ac9f5739dbd1d
0,        619,        619,        1,  2531520, 3439b53d29b19626e90ac9f5739dbd1d
0,        620,        620,        1,  2531520, 3439b53d29b19626e90ac9f5739dbd1d
0,        621,        621,        1,  2531520, 3439b53d29b19626e90ac9f5739dbd1d
0,        622,        622,        1,  2531520, 4c6f883c94aad305170157381a71ccf1
0,        623,        623,        1,  2531520, 4c6f883c94aad305170157381a71ccf1
0,        624,        624,        1,  2531520, 3439b53d29b19626e90ac9f5739dbd1d
0,        625,        625,        1,  2531520, 3439b53d29b19626e90ac9f5739dbd1d
0,        626,        626,        1,  2531520, 3439b53d29b19626e90ac9f5739dbd1d
0,        627,        627,        1,  2531520, 3439b53d29b19626e90ac9f5739dbd1d
0,        628,        628,        1,  2531520, 4c6f883c94aad305170157381a71ccf1
0,        629,        629,        1,  2531520, 4c6f883c94aad305170157381a71ccf1
0,        630,        630,        1,  2531520, 3439b53d29b19626e90ac9f5739dbd1d
0,        631,        631,        1,  2531520, 3439b53d29b19626e90ac9f5739dbd1d
0,        632,        632,        1,  2531520, 3439b53d29b19626e90ac9f5739dbd1d
0,        633,        633,        1,  2531520, 4c6f883c94aad305170157381a71ccf1
0,        634,        634,        1,  2531520, 4c6f883c94aad305170157381a71ccf1
0,        635,        635,        1,  2531520, 4c6f883c94aad305170157381a71ccf1
0,        636,        636,        1,  2531520, 3439b53d29b19626e90ac9f5739dbd1d
0,        637,        637,        1,  2531520, 3439b53d29b19626e90ac9f5739dbd1d
0,        638,        638,        1,  2531520, 3439b53d29b19626e90ac9f5739dbd1d
0,        639,        639,        1,  2531520, 3439b53d29b19626e90ac9f5739dbd1d
0,        640,        640,        1,  2531520, 4c6f883c94aad305170157381a71ccf1
0,        641,        641,        1,  2531520, 4c6f883c94aad305170157381a71ccf1
0,        642,        642,        1,  2531520, 3439b53d29b19626e90ac9f5739dbd1d
0,        643,        643,        1,  2531520, 3439b53d29b19626e90ac9f5739dbd1d
0,        644,        644,        1,  2531520, 3439b53d29b19626e90ac9f5739dbd1d
0,        645,        645,        1,  2531520, 3439b53d29b19626e90ac9f5739dbd1d
0,        646,        646,        1,  2531520, 4c6f883c94aad305170157381a71ccf1
0,        647,        647,        1,  2531520, 4c6f883c94aad305170157381a71ccf1
0,        648,        648,        1,  2531520, 3439b53d29b19626e90ac9f5739dbd1d
0,        649,        649,        1,  2531520, 3439b53d29b19626e90ac9f5739dbd1d
0,        650,        650,        1,  2531520, 3439b53d29b19626e90ac9f5739dbd1d
0,        651,        651,        1,  2531520, 3439b53d29b19626e90ac9f5739dbd1d
0,        652,        652,        1,  2531520, 4c6f883c94aad305170157381a71ccf1
0,        653,        653,        1,  2531520, 4c6f883c94aad305170157381a71ccf1
0,        654,        654,        1,  2531520, 3439b53d29b19626e90ac9f5739dbd1d
0,        655,        655,        1,  2531520, 3439b53d29b19626e90ac9f5739dbd1d
0,        656,        656,        1,  2531520, 3439b53d29b19626e90ac9f5739dbd1d
0,        657,        657,        1,  2531520, 3439b53d29b19626e90ac9f5739dbd1d
0,        658,        658,        1,  2531520, 4c6f883c94aad305170157381a71ccf1
0,        659,        659,        1,  2531520, 4c6f883c94aad305170157381a71ccf1
0,        660,        660,        1,  2531520, 3439b53d29b19626e90ac9f5739dbd1d
0,        661,        661,        1,  2531520, 3439b53d29b19626e90ac9f5739dbd1d
0,        662,        662,        1,  2531520, 3439b53d29b19626e90ac9f5739dbd1d
0,        663,        663,        1,  2531520, 3439b53d29b19626e90ac9f5739dbd1d
0,        664,        664,        1,  2531520, 4c6f883c94aad305170157381a71ccf1
0,        665,        665,        1,  2531520, 4c6f883c94aad305170157381a71ccf1
0,        666,        666,        1,  2531520, 3439b53d29b19626e90ac9f5739dbd1d
0,        667,        667,        1,  2531520, 3439b53d29b19626e90ac9f5739dbd1d
0,        668,        668,        1,  2531520, 3439b53d29b19626e90ac9f5739dbd1d
0,        669,        669,        1,  2531520, 3439b53d29b19626e90ac9f5739dbd1d
0,        670,        670,        1,  2531520, 4c6f883c94aad305170157381a71ccf1
0,        671,        671,        1,  2531520, 4c6f883c94aad305170157381a71ccf1
0,        672,        672,        1,  2531520, 3439b53d29b19626e90ac9f5739dbd1d
0,        673,        673,        1,  2531520, 3439b53d29b19626e90ac9f5739dbd1d
0,        674,        674,        1,  2531520, 3439b53d29b19626e90ac9f5739dbd1d
0,        675,        675,        1,  2531520, 3439b53d29b19626e90ac9f5739dbd1d
0,        676,        676,        1,  2531520, 4c6f883c94aad305170157381a71ccf1
0,        677,        677,        1,  2531520, 4c6f883c94aad305170157381a71ccf1
0,        678,        678,        1,  2531520, 3439b53d29b19626e90ac9f5739dbd1d
0,        679,        679,        1,  2531520, 3439b53d29b19626e90ac9f5739dbd1d
0,        680,        680,        1,  2531520, 3439b53d29b19626e90ac9f5739dbd1d
0,        681,        681,        1,  2531520, 4c6f883c94aad305170157381a71ccf1
0,        682,        682,        1,  2531520, 4c6f883c94aad305170157381a71ccf1
0,        683,        683,        1,  2531520, 4c6f883c94aad305170157381a71ccf1
0,        684,        684,        1,  2531520, 3439b53d29b19626e90ac9f5739dbd1d
0,        685,        685,        1,  2531520, 3439b53d29b19626e90ac9f5739dbd1d
0,        686,        686,        1,  2531520, 3439b53d29b19626e90ac9f5739dbd1d
0,        687,        687,        1,  2531520, 4c6f883c94aad305170157381a71ccf1
0,        688,        688,        1,  2531520, 4c6f883c94aad305170157381a71ccf1
0,        689,        689,        1,  2531520, 4c6f883c94aad305170157381a71ccf1
0,        690,        690,        1,  2531520, 3439b53d29b19626e90ac9f5739dbd1d
0,        691,        691,        1,  2531520, 3439b53d29b19626e90ac9f5739dbd1d
0,        692,        692,        1,  2531520, 3439b53d29b19626e90ac9f5739dbd1d
0,        693,        693,        1,  2531520, 4c6f883c94aad305170157381a71ccf1
0,        694,        694,        1,  2531520, 4c6f883c94aad305170157381a71ccf1
0,        695,        695,        1,  2531520, 4c6f883c94aad305170157381a71ccf1
0,        696,        696,        1,  2531520, 3439b53d29b19626e90ac9f5739dbd1d
0,        697,        697,        1,  2531520, 3439b53d29b19626e90ac9f5739dbd1d
0,        698,        698,        1,  2531520, 3439b53d29b19626e90ac9f5739dbd1d
0,        699,        699,        1,  2531520, 4c6f883c94aad305170157381a71ccf1
0,        700,        700,        1,  2531520, 4c6f883c94aad305170157381a71ccf1
0,        701,        701,        1,  2531520, 4c6f883c94aad305170157381a71ccf1
0,        702,        702,        1,  2531520, 3439b53d29b19626e90ac9f5739dbd1d
0,        703,        703,        1,  2531520, 3439b53d29b19626e90ac9f5739dbd1d
0,        704,        704,        1,  2531520, 3439b53d29b19626e90ac9f5739dbd1d
0,        705,        705,        1,  2531520, 3439b53d29b19626e90ac9f5739dbd1d
0,        706,        706,        1,  2531520, 4c6f883c94aad305170157381a71ccf1
0,        707,        707,        1,  2531520, 4c6f883c94aad305170157381a71ccf1
0,        708,        708,        1,  2531520, 3439b53d29b19626e90ac9f5739dbd1d
0,        709,        709,        1,  2531520, 3439b53d29b19626e90ac9f5739dbd1d
0,        710,        710,        1,  2531520, 3439b53d29b19626e90ac9f5739dbd1d
0,        711,        711,        1,  2531520, 4c6f883c94aad305170157381a71ccf1
0,        712,        712,        1,  2531520, 4c6f883c94aad305170157381a71ccf1
0,        713,        713,        1,  2531520, 4c6f883c94aad305170157381a71ccf1
0,        714,        714,        1,  2531520, 3439b53d29b19626e90ac9f5739dbd1d
0,        715,        715,        1,  2531520, 3439b53d29b19626e90ac9f5739dbd1d
0,        716,        716,        1,  2531520, 3439b53d29b19626e90ac9f5739dbd1d
0,        717,        717,        1,  2531520, 4c6f883c94aad305170157381a71ccf1
0,        718,        718,        1,  2531520, 4c6f883c94aad305170157381a71ccf1
0,        719,        719,        1,  2531520, 4c6f883c94aad305170157381a71ccf1
0,        720,        720,        1,  2531520, 3439b53d29b19626e90ac9f5739dbd1d
0,        721,        721,        1,  2531520, 3439b53d29b19626e90ac9f5739dbd1d
0,        722,        722,        1,  2531520, 3439b53d29b19626e90ac9f5739dbd1d
0,        723,        723,        1,  2531520, 4c6f883c94aad305170157381a71ccf1
0,        724,        724,        1,  2531520, 4c6f883c94aad305170157381a71ccf1
0,        725,        725,        1,  2531520, 4c6f883c94aad305170157381a71ccf1
0,        726,        726,        1,  2531520, 3439b53d29b19626e90ac9f5739dbd1d
0,        727,        727,        1,  2531520, 3439b53d29b19626e90ac9f5739dbd1d
0,        728,        728,        1,  2531520, 3439b53d29b19626e90ac9f5739dbd1d
0,        729,        729,        1,  2531520, 4c6f883c94aad305170157381a71ccf1
0,        730,        730,        1,  2531520, 4c6f883c94aad305170157381a71ccf1
0,        731,        731,        1,  2531520, 4c6f883c94aad305170157381a71ccf1
0,        732,        732,        1,  2531520, 3439b53d29b19626e90ac9f5739dbd1d
0,        733,        733,        1,  2531520, 3439b53d29b19626e90ac9f5739dbd1d
0,        734,        734,        1,  2531520, 3439b53d29b19626e90ac9f5739dbd1d
0,        735,        735,        1,  2531520, 4c6f883c94aad305170157381a71ccf1
0,        736,        736,        1,  2531520, 4c6f883c94aad305170157381a71ccf1
0,        737,        737,        1,  2531520, 4c6f883c94aad305170157381a71ccf1
0,        738,        738,        1,  2531520, 3439b53d29b19626e90ac9f5739dbd1d
0,        739,        739,        1,  2531520, 3439b53d29b19626e90ac9f5739dbd1d
0,        740,        740,        1,  2531520, 3439b53d29b19626e90ac9f5739dbd1d
0,        741,        741,        1,  2531520, 4c6f883c94aad305170157381a71ccf1
0,        742,        742,        1,  2531520, 4c6f883c94aad305170157381a71ccf1
0,        743,        743,        1,  2531520, 4c6f883c94aad305170157381a71ccf1
0,        744,        744,        1,  2531520, 3439b53d29b19626e90ac9f5739dbd1d
0,        745,        745,        1,  2531520, 3439b53d29b19626e90ac9f5739dbd1d
0,        746,        746,        1,  2531520, 3439b53d29b19626e90ac9f5739dbd1d
0,        747,        747,        1,  2531520, 4c6f883c94aad305170157381a71ccf1
0,        748,        748,        1,  2531520, 4c6f883c94aad305170157381a71ccf1
0,        749,        749,        1,  2531520, 4c6f883c94aad305170157381a71ccf1
0,        750,        750,        1,  2531520, 3439b53d29b19626e90ac9f5739dbd1d
0,        751,        751,        1,  2531520, 3439b53d29b19626e90ac9f5739dbd1d
0,        752,        752,        1,  2531520, 3439b53d29b19626e90ac9f5739dbd1d
0,        753,        753,        1,  2531520, 4c6f883c94aad305170157381a71ccf1
0,        754,        754,        1,  2531520, 4c6f883c94aad305170157381a71ccf1
0,        755,        755,        1,  2531520, 4c6f883c94aad305170157381a71ccf1
0,        756,        756,        1,  2531520, 3439b53d29b19626e90ac9f5739dbd1d
0,        757,        757,        1,  2531520, 3439b53d29b19626e90ac9f5739dbd1d
0,        758,        758,        1,  2531520, 3439b53d29b19626e90ac9f5739dbd1d
0,        759,        759,        1,  2531520, 3439b53d29b19626e90ac9f5739dbd1d
0,        760,        760,        1,  2531520, 4c6f883c94aad305170157381a71ccf1
0,        761,        761,        1,  2531520, 4c6f883c94aad305170157381a71ccf1
0,        762,        762,        1,  2531520, 3439b53d29b19626e90ac9f5739dbd1d
0,        763,        763,        1,  2531520, 3439b53d29b19626e90ac9f5739dbd1d
0,        764,        764,        1,  2531520, 3439b53d29b19626e90ac9f5739dbd1d
0,        765,        765,        1,  2531520, 3439b53d29b19626e90ac9f5739dbd1d
0,        766,        766,        1,  2531520, 4c6f883c94aad305170157381a71ccf1
0,        767,        767,        1,  2531520, 4c6f883c94aad305170157381a71ccf1
0,        768,        768,        1,  2531520, 3439b53d29b19626e90ac9f5739dbd1d
0,        769,        769,        1,  2531520, 3439b53d29b19626e90ac9f5739dbd1d
0,        770,        770,        1,  2531520, 3439b53d29b19626e90ac9f5739dbd1d
0,        771,        771,        1,  2531520, 4c6f883c94aad305170157381a71ccf1
0,        772,        772,        1,  2531520, 4c6f883c94aad305170157381a71ccf1
0,        773,        773,        1,  2531520, 4c6f883c94aad305170157381a71ccf1
0,        774,        774,        1,  2531520, 3439b53d29b19626e90ac9f5739dbd1d
0,        775,        775,        1,  2531520, 3439b53d29b19626e90ac9f5739dbd1d
0,        776,        776,        1,  2531520, 3439b53d29b19626e90ac9f5739dbd1d
0,        777,        777,        1,  2531520, 4c6f883c94aad305170157381a71ccf1
0,        778,        778,        1,  2531520, 4c6f883c94aad305170157381a71ccf1
0,        779,        779,        1,  2531520, 4c6f883c94aad305170157381a71ccf1
0,        780,        780,        1,  2531520, 3439b53d29b19626e90ac9f5739dbd1d
0,        781,        781,        1,  2531520, 3439b53d29b19626e90ac9f5739dbd1d
0,        782,        782,        1,  2531520, 3439b53d29b19626e90ac9f5739dbd1d
0,        783,        783,        1,  2531520, 4c6f883c94aad305170157381a71ccf1
0,        784,        784,        1,  2531520, 4c6f883c94aad305170157381a71ccf1
0,        785,        785,        1,  2531520, 4c6f883c94aad305170157381a71ccf1
0,        786,        786,        1,  2531520, 3439b53d29b19626e90ac9f5739dbd1d
0,        787,        787,        1,  2531520, 3439b53d29b19626e90ac9f5739dbd1d
0,        788,        788,        1,  2531520, 3439b53d29b19626e90ac9f5739dbd1d
0,        789,        789,        1,  2531520, 4c6f883c94aad305170157381a71ccf1
0,        790,        790,        1,  2531520, 4c6f883c94aad305170157381a71ccf1
0,        791,        791,        1,  2531520, 4c6f883c94aad305170157381a71ccf1
0,        792,        792,        1,  2531520, 3439b53d29b19626e90ac9f5739dbd1d
0,        793,        793,        1,  2531520, 3439b53d29b19626e90ac9f5739dbd1d
0,        794,        794,        1,  2531520, 3439b53d29b19626e90ac9f5739dbd1d
0,        795,        795,        1,  2531520, 4c6f883c94aad305170157381a71ccf1
0,        796,        796,        1,  2531520, 4c6f883c94aad305170157381a71ccf1
0,        797,        797,        1,  2531520, 4c6f883c94aad305170157381a71ccf1
0,        798,        798,        1,  2531520, 3439b53d29b19626e90ac9f5739dbd1d
0,        799,        799,        1,  2531520, 3439b53d29b19626e90ac9f5739dbd1d
0,        800,        800,        1,  2531520, 3439b53d29b19626e90ac9f5739dbd1d
0,        801,        801,        1,  2531520, 4c6f883c94aad305170157381a71ccf1
0,        802,        802,        1,  2531520, 4c6f883c94aad305170157381a71ccf1
0,        803,        803,        1,  2531520, 4c6f883c94aad305170157381a71ccf1
0,        804,        804,        1,  2531520, 3439b53d29b19626e90ac9f5739dbd1d
0,        805,        805,        1,  2531520, 3439b53d29b19626e90ac9f5739dbd1d
0,        806,        806,        1,  2531520, 3439b53d29b19626e90ac9f5739dbd1d
0,        807,        807,        1,  2531520, 4c6f883c94aad305170157381a71ccf1
0,        808,        808,        1,  2531520, 4c6f883c94aad305170157381a71ccf1
0,        809,        809,        1,  2531520, 4c6f883c94aad305170157381a71ccf1
0,        810,        810,        1,  2531520, 3439b53d29b19626e90ac9f5739dbd1d
0,        811,        811,        1,  2531520, 3439b53d29b19626e90ac9f5739dbd1d
0,        812,        812,        1,  2531520, 3439b53d29b19626e90ac9f5739dbd1d
0,        813,        813,        1,  2531520, 4c6f883c94aad305170157381a71ccf1
0,        814,        814,        1,  2531520, 4c6f883c94aad305170157381a71ccf1
0,        815,        815,        1,  2531520, 4c6f883c94aad305170157381a71ccf1
0,        816,        816,        1,  2531520, 3439b53d29b19626e90ac9f5739dbd1d
0,        817,        817,        1,  2531520, 3439b53d29b19626e90ac9f5739dbd1d
0,        818,        818,        1,  2531520, 3439b53d29b19626e90ac9f5739dbd1d
0,        819,        819,        1,  2531520, 4c6f883c94aad305170157381a71ccf1
0,        820,        820,        1,  2531520, 4c6f883c94aad305170157381a71ccf1
0,        821,        821,        1,  2531520, 4c6f883c94aad305170157381a71ccf1
0,        822,        822,        1,  2531520, 3439b53d29b19626e90ac9f5739dbd1d
0,        823,        823,        1,  2531520, 3439b53d29b19626e90ac9f5739dbd1d
0,        824,        824,        1,  2531520, 3439b53d29b19626e90ac9f5739dbd1d
0,        825,        825,        1,  2531520, 4c6f883c94aad305170157381a71ccf1
0,        826,        826,        1,  2531520, 4c6f883c94aad305170157381a71ccf1
0,        827,        827,        1,  2531520, 4c6f883c94aad305170157381a71ccf1
0,        828,        828,        1,  2531520, 3439b53d29b19626e90ac9f5739dbd1d
0,        829,        829,        1,  2531520, 3439b53d29b19626e90ac9f5739dbd1d
0,        830,        830,        1,  2531520, 3439b53d29b19626e90ac9f5739dbd1d
0,        831,        831,        1,  2531520, 4c6f883c94aad305170157381a71ccf1
0,        832,        832,        1,  2531520, 4c6f883c94aad305170157381a71ccf1
0,        833,        833,        1,  2531520, 4c6f883c94aad305170157381a71ccf1
0,        834,        834,        1,  2531520, 3439b53d29b19626e90ac9f5739dbd1d
0,        835,        835,        1,  2531520, 3439b53d29b19626e90ac9f5739dbd1d
0,        836,        836,        1,  2531520, 3439b53d29b19626e90ac9f5739dbd1d
0,        837,        837,        1,  2531520, 4c6f883c94aad305170157381a71ccf1
0,        838,        838,        1,  2531520, 4c6f883c94aad305170157381a71ccf1
0,        839,        839,        1,  2531520, 4c6f883c94aad305170157381a71ccf1
0,        840,        840,        1,  2531520, 3439b53d29b19626e90ac9f5739dbd1d
0,        841,        841,        1,  2531520, 3439b53d29b19626e90ac9f5739dbd1d
0,        842,        842,        1,  2531520, 3439b53d29b19626e90ac9f5739dbd1d
0,        843,        843,        1,  2531520, 4c6f883c94aad305170157381a71ccf1
0,        844,        844,        1,  2531520, 4c6f883c94aad305170157381a71ccf1
0,        845,        845,        1,  2531520, 4c6f883c94aad305170157381a71ccf1
0,        846,        846,        1,  2531520, 3439b53d29b19626e90ac9f5739dbd1d
0,        847,        847,        1,  2531520, 3439b53d29b19626e90ac9f5739dbd1d
0,        848,        848,        1,  2531520, 3439b53d29b19626e90ac9f5739dbd1d
0,        849,        849,        1,  2531520, 4c6f883c94aad305170157381a71ccf1
0,        850,        850,        1,  2531520, 4c6f883c94aad305170157381a71ccf1
0,        851,        851,        1,  2531520, 4c6f883c94aad305170157381a71ccf1
0,        852,        852,        1,  2531520, 3439b53d29b19626e90ac9f5739dbd1d
0,        853,        853,        1,  2531520, 3439b53d29b19626e90ac9f5739dbd1d
0,        854,        854,        1,  2531520, 3439b53d29b19626e90ac9f5739dbd1d
0,        855,        855,        1,  2531520, 4c6f883c94aad305170157381a71ccf1
0,        856,        856,        1,  2531520, 4c6f883c94aad305170157381a71ccf1
0,        857,        857,        1,  2531520, 4c6f883c94aad305170157381a71ccf1
0,        858,        858,        1,  2531520, 3439b53d29b19626e90ac9f5739dbd1d
0,        859,        859,        1,  2531520, 3439b53d29b19626e90ac9f5739dbd1d
0,        860,        860,        1,  2531520, 3439b53d29b19626e90ac9f5739dbd1d
0,        861,        861,        1,  2531520, 4c6f883c94aad305170157381a71ccf1
0,        862,        862,        1,  2531520, 4c6f883c94aad305170157381a71ccf1
0,        863,        863,        1,  2531520, 4c6f883c94aad305170157381a71ccf1
0,        864,        864,        1,  2531520, 3439b53d29b19626e90ac9f5739dbd1d
0,        865,        865,        1,  2531520, 3439b53d29b19626e90ac9f5739dbd1d
0,        866,        866,        1,  2531520, 3439b53d29b19626e90ac9f5739dbd1d
0,        867,        867,        1,  2531520, 4c6f883c94aad305170157381a71ccf1
0,        868,        868,        1,  2531520, 4c6f883c94aad305170157381a71ccf1
0,        869,        869,        1,  2531520, 4c6f883c94aad305170157381a71ccf1
0,        870,        870,        1,  2531520, 3439b53d29b19626e90ac9f5739dbd1d
0,        871,        871,        1,  2531520, 3439b53d29b19626e90ac9f5739dbd1d
0,        872,        872,        1,  2531520, 3439b53d29b19626e90ac9f5739dbd1d
0,        873,        873,        1,  2531520, 4c6f883c94aad305170157381a71ccf1
0,        874,        874,        1,  2531520, 4c6f883c94aad305170157381a71ccf1
0,        875,        875,        1,  2531520, 4c6f883c94aad305170157381a71ccf1
0,        876,        876,        1,  2531520, 3439b53d29b19626e90ac9f5739dbd1d
0,        877,        877,        1,  2531520, 3439b53d29b19626e90ac9f5739dbd1d
0,        878,        878,        1,  2531520, 3439b53d29b19626e90ac9f5739dbd1d
0,        879,        879,        1,  2531520, 4c6f883c94aad305170157381a71ccf1
0,        880,        880,        1,  2531520, 4c6f883c94aad305170157381a71ccf1
0,        881,        881,        1,  2531520, 4c6f883c94aad305170157381a71ccf1
0,        882,        882,        1,  2531520, 3439b53d29b19626e90ac9f5739dbd1d
0,        883,        883,        1,  2531520, 3439b53d29b19626e90ac9f5739dbd1d
0,        884,        884,        1,  2531520, 3439b53d29b19626e90ac9f5739dbd1d
0,        885,        885,        1,  2531520, 4c6f883c94aad305170157381a71ccf1
0,        886,        886,        1,  2531520, 4c6f883c94aad305170157381a71ccf1
0,        887,        887,        1,  2531520, 4c6f883c94aad305170157381a71ccf1
0,        888,        888,        1,  2531520, 3439b53d29b19626e90ac9f5739dbd1d
0,        889,        889,        1,  2531520, 3439b53d29b19626e90ac9f5739dbd1d
0,        890,        890,        1,  2531520, 3439b53d29b19626e90ac9f5739dbd1d
0,        891,        891,        1,  2531520, 4c6f883c94aad305170157381a71ccf1
0,        892,        892,        1,  2531520, 4c6f883c94aad305170157381a71ccf1
0,        893,        893,        1,  2531520, 4c6f883c94aad305170157381a71ccf1
0,        894,        894,        1,  2531520, 3439b53d29b19626e90ac9f5739dbd1d
0,        895,        895,        1,  2531520, 3439b53d29b19626e90ac9f5739dbd1d
0,        896,        896,        1,  2531520, 3439b53d29b19626e90ac9f5739dbd1d
0,        897,        897,        1,  2531520, 4c6f883c94aad305170157381a71ccf1
0,        898,        898,        1,  2531520, 4c6f883c94aad305170157381a71ccf1
0,        899,        899,        1,  2531520, 4c6f883c94aad305170157381a71ccf1
0,        900,        900,        1,  2531520, 3439b53d29b19626e90ac9f5739dbd1d
0,        901,        901,        1,  2531520, 3439b53d29b19626e90ac9f5739dbd1d
0,        902,        902,        1,  2531520, 3439b53d29b19626e90ac9f5739dbd1d
0,        903,        903,        1,  2531520, 4c6f883c94aad305170157381a71ccf1
0,        904,        904,        1,  2531520, 4c6f883c94aad305170157381a71ccf1
0,        905,        905,        1,  2531520, 4c6f883c94aad305170157381a71ccf1
0,        906,        906,        1,  2531520, 3439b53d29b19626e90ac9f5739dbd1d
0,        907,        907,        1,  2531520, 3439b53d29b19626e90ac9f5739dbd1d
0,        908,        908,        1,  2531520, 3439b53d29b19626e90ac9f5739dbd1d
0,        909,        909,        1,  2531520, 4c6f883c94aad305170157381a71ccf1
0,        910,        910,        1,  2531520, 4c6f883c94aad305170157381a71ccf1
0,        911,        911,        1,  2531520, 4c6f883c94aad305170157381a71ccf1
0,        912,        912,        1,  2531520, 3439b53d29b19626e90ac9f5739dbd1d
0,        913,        913,        1,  2531520, 3439b53d29b19626e90ac9f5739dbd1d
0,        914,        914,        1,  2531520, 3439b53d29b19626e90ac9f5739dbd1d
0,        915,        915,        1,  2531520, 4c6f883c94aad305170157381a71ccf1
0,        916,        916,        1,  2531520, 4c6f883c94aad305170157381a71ccf1
0,        917,        917,        1,  2531520, 4c6f883c94aad305170157381a71ccf1
0,        918,        918,        1,  2531520, 3439b53d29b19626e90ac9f5739dbd1d
0,        919,        919,        1,  2531520, 3439b53d29b19626e90ac9f5739dbd1d
0,        920,        920,        1,  2531520, 3439b53d29b19626e90ac9f5739dbd1d
0,        921,        921,        1,  2531520, 4c6f883c94aad305170157381a71ccf1
0,        922,        922,        1,  2531520, 4c6f883c94aad305170157381a71ccf1
0,        923,        923,        1,  2531520, 4c6f883c94aad305170157381a71ccf1
0,        924,        924,        1,  2531520, 3439b53d29b19626e90ac9f5739dbd1d
0,        925,        925,        1,  2531520, 3439b53d29b19626e90ac9f5739dbd1d
0,        926,        926,        1,  2531520, 3439b53d29b19626e90ac9f5739dbd1d
0,        927,        927,        1,  2531520, 4c6f883c94aad305170157381a71ccf1
0,        928,        928,        1,  2531520, 4c6f883c94aad305170157381a71ccf1
0,        929,        929,        1,  2531520, 4c6f883c94aad305170157381a71ccf1
0,        930,        930,        1,  2531520, 3439b53d29b19626e90ac9f5739dbd1d
0,        931,        931,        1,  2531520, 3439b53d29b19626e90ac9f5739dbd1d
0,        932,        932,        1,  2531520, 3439b53d29b19626e90ac9f5739dbd1d
0,        933,        933,        1,  2531520, 4c6f883c94aad305170157381a71ccf1
0,        934,        934,        1,  2531520, 4c6f883c94aad305170157381a71ccf1
0,        935,        935,        1,  2531520, 4c6f883c94aad305170157381a71ccf1
0,        936,        936,        1,  2531520, 3439b53d29b19626e90ac9f5739dbd1d
0,        937,        937,        1,  2531520, 3439b53d29b19626e90ac9f5739dbd1d
0,        938,        938,        1,  2531520, 3439b53d29b19626e90ac9f5739dbd1d
0,        939,        939,        1,  2531520, 4c6f883c94aad305170157381a71ccf1
0,        940,        940,        1,  2531520, 4c6f883c94aad305170157381a71ccf1
0,        941,        941,        1,  2531520, 4c6f883c94aad305170157381a71ccf1
0,        942,        942,        1,  2531520, 3439b53d29b19626e90ac9f5739dbd1d
0,        943,        943,        1,  2531520, 3439b53d29b19626e90ac9f5739dbd1d
0,        944,        944,        1,  2531520, 3439b53d29b19626e90ac9f5739dbd1d
0,        945,        945,        1,  2531520, 4c6f883c94aad305170157381a71ccf1
0,        946,        946,        1,  2531520, 4c6f883c94aad305170157381a71ccf1
0,        947,        947,        1,  2531520, 4c6f883c94aad305170157381a71ccf1
0,        948,        948,        1,  2531520, 3439b53d29b19626e90ac9f5739dbd1d
0,        949,        949,        1,  2531520, 3439b53d29b19626e90ac9f5739dbd1d
0,        950,        950,        1,  2531520, 3439b53d29b19626e90ac9f5739dbd1d
0,        951,        951,        1,  2531520, 4c6f883c94aad305170157381a71ccf1
0,        952,        952,        1,  2531520, 4c6f883c94aad305170157381a71ccf1
0,        953,        953,        1,  2531520, 4c6f883c94aad305170157381a71ccf1
0,        954,        954,        1,  2531520, 3439b53d29b19626e90ac9f5739dbd1d
0,        955,        955,        1,  2531520, 3439b53d29b19626e90ac9f5739dbd1d
0,        956,        956,        1,  2531520, 3439b53d29b19626e90ac9f5739dbd1d
0,        957,        957,        1,  2531520, 4c6f883c94aad305170157381a71ccf1
0,        958,        958,        1,  2531520, 4c6f883c94aad305170157381a71ccf1
0,        959,        959,        1,  2531520, 4c6f883c94aad305170157381a71ccf1
0,        960,        960,        1,  2531520, 3439b53d29b19626e90ac9f5739dbd1d
0,        961,        961,        1,  2531520, 3439b53d29b19626e90ac9f5739dbd1d
0,        962,        962,        1,  2531520, 3439b53d29b19626e90ac9f5739dbd1d
0,        963,        963,        1,  2531520, 4c6f883c94aad305170157381a71ccf1
0,        964,        964,        1,  2531520, 4c6f883c94aad305170157381a71ccf1
0,        965,        965,        1,  2531520, 4c6f883c94aad305170157381a71ccf1
0,        966,        966,        1,  2531520, 3439b53d29b19626e90ac9f5739dbd1d
0,        967,        967,        1,  2531520, 3439b53d29b19626e90ac9f5739dbd1d
0,        968,        968,        1,  2531520, 3439b53d29b19626e90ac9f5739dbd1d
0,        969,        969,        1,  2531520, 4c6f883c94aad305170157381a71ccf1
0,        970,        970,        1,  2531520, 4c6f883c94aad305170157381a71ccf1
0,        971,        971,        1,  2531520, 4c6f883c94aad305170157381a71ccf1
0,        972,        972,        1,  2531520, 3439b53d29b19626e90ac9f5739dbd1d
0,        973,        973,        1,  2531520, 3439b53d29b19626e90ac9f5739dbd1d
0,        974,        974,        1,  2531520, 3439b53d29b19626e90ac9f5739dbd1d
0,        975,        975,        1,  2531520, 4c6f883c94aad305170157381a71ccf1
0,        976,        976,        1,  2531520, 4c6f883c94aad305170157381a71ccf1
0,        977,        977,        1,  2531520, 4c6f883c94aad305170157381a71ccf1
0,        978,        978,        1,  2531520, 3439b53d29b19626e90ac9f5739dbd1d
0,        979,        979,        1,  2531520, 3439b53d29b19626e90ac9f5739dbd1d
0,        980,        980,        1,  2531520, 3439b53d29b19626e90ac9f5739dbd1d
0,        981,        981,        1,  2531520, 4c6f883c94aad305170157381a71ccf1
0,        982,        982,        1,  2531520, 4c6f883c94aad305170157381a71ccf1
0,        983,        983,        1,  2531520, 4c6f883c94aad305170157381a71ccf1
0,        984,        984,        1,  2531520, 3439b53d29b19626e90ac9f5739dbd1d
0,        985,        985,        1,  2531520, 3439b53d29b19626e90ac9f5739dbd1d
0,        986,        986,        1,  2531520, 3439b53d29b19626e90ac9f5739dbd1d
0,        987,        987,        1,  2531520, 4c6f883c94aad305170157381a71ccf1
0,        988,        988,        1,  2531520, 4c6f883c94aad305170157381a71ccf1
0,        989,        989,        1,  2531520, 4c6f883c94aad305170157381a71ccf1
0,        990,        990,        1,  2531520, 3439b53d29b19626e90ac9f5739dbd1d
0,        991,        991,        1,  2531520, 3439b53d29b19626e90ac9f5739dbd1d
0,        992,        992,        1,  2531520, 3439b53d29b19626e90ac9f5739dbd1d
0,        993,        993,        1,  2531520, 4c6f883c94aad305170157381a71ccf1
0,        994,        994,        1,  2531520, 4c6f883c94aad305170157381a71ccf1
0,        995,        995,        1,  2531520, 4c6f883c94aad305170157381a71ccf1
0,        996,        996,        1,  2531520, 3439b53d29b19626e90ac9f5739dbd1d
0,        997,        997,        1,  2531520, 3439b53d29b19626e90ac9f5739dbd1d
0,        998,        998,        1,  2531520, 3439b53d29b19626e90ac9f5739dbd1d
0,        999,        999,        1,  2531520, 4c6f883c94aad305170157381a71ccf1
0,       1000,       1000,        1,  2531520, 4c6f883c94aad305170157381a71ccf1
0,       1001,       1001,        1,  2531520, 4c6f883c94aad305170157381a71ccf1
0,       1002,       1002,        1,  2531520, 3439b53d29b19626e90ac9f5739dbd1d
0,       1003,       1003,        1,  2531520, 3439b53d29b19626e90ac9f5739dbd1d
0,       1004,       1004,        1,  2531520, 3439b53d29b19626e90ac9f5739dbd1d
0,       1005,       1005,        1,  2531520, 4c6f883c94aad305170157381a71ccf1
0,       1006,       1006,        1,  2531520, 4c6f883c94aad305170157381a71ccf1
0,       1007,       1007,        1,  2531520, 4c6f883c94aad305170157381a71ccf1
0,       1008,       1008,        1,  2531520, 3439b53d29b19626e90ac9f5739dbd1d
0,       1009,       1009,        1,  2531520, 3439b53d29b19626e90ac9f5739dbd1d
0,       1010,       1010,        1,  2531520, 3439b53d29b19626e90ac9f5739dbd1d
0,       1011,       1011,        1,  2531520, 4c6f883c94aad305170157381a71ccf1
0,       1012,       1012,        1,  2531520, 4c6f883c94aad305170157381a71ccf1
0,       1013,       1013,        1,  2531520, 4c6f883c94aad305170157381a71ccf1
0,       1014,       1014,        1,  2531520, 3439b53d29b19626e90ac9f5739dbd1d
0,       1015,       1015,        1,  2531520, 3439b53d29b19626e90ac9f5739dbd1d
0,       1016,       1016,        1,  2531520, 3439b53d29b19626e90ac9f5739dbd1d
0,       1017,       1017,        1,  2531520, 4c6f883c94aad305170157381a71ccf1
0,       1018,       1018,        1,  2531520, 4c6f883c94aad305170157381a71ccf1
0,       1019,       1019,        1,  2531520, 4c6f883c94aad305170157381a71ccf1
0,       1020,       1020,        1,  2531520, 3439b53d29b19626e90ac9f5739dbd1d
0,       1021,       1021,        1,  2531520, 3439b53d29b19626e90ac9f5739dbd1d
0,       1022,       1022,        1,  2531520, 3439b53d29b19626e90ac9f5739dbd1d
0,       1023,       1023,        1,  2531520, 4c6f883c94aad305170157381a71ccf1
0,       1024,       1024,        1,  2531520, 4c6f883c94aad305170157381a71ccf1
0,       1025,       1025,        1,  2531520, 4c6f883c94aad305170157381a71ccf1
0,       1026,       1026,        1,  2531520, 3439b53d29b19626e90ac9f5739dbd1d
0,       1027,       1027,        1,  2531520, 3439b53d29b19626e90ac9f5739dbd1d
0,       1028,       1028,        1,  2531520, 3439b53d29b19626e90ac9f5739dbd1d
0,       1029,       1029,        1,  2531520, 4c6f883c94aad305170157381a71ccf1
0,       1030,       1030,        1,  2531520, 4c6f883c94aad305170157381a71ccf1
0,       1031,       1031,        1,  2531520, 4c6f883c94aad305170157381a71ccf1
0,       1032,       1032,        1,  2531520, 3439b53d29b19626e90ac9f5739dbd1d
0,       1033,       1033,        1,  2531520, 3439b53d29b19626e90ac9f5739dbd1d
0,       1034,       1034,        1,  2531520, 3439b53d29b19626e90ac9f5739dbd1d
0,       1035,       1035,        1,  2531520, 4c6f883c94aad305170157381a71ccf1
0,       1036,       1036,        1,  2531520, 4c6f883c94aad305170157381a71ccf1
0,       1037,       1037,        1,  2531520, 4c6f883c94aad305170157381a71ccf1
0,       1038,       1038,        1,  2531520, 3439b53d29b19626e90ac9f5739dbd1d
0,       1039,       1039,        1,  2531520, 3439b53d29b19626e90ac9f5739dbd1d
0,       1040,       1040,        1,  2531520, 3439b53d29b19626e90ac9f5739dbd1d
0,       1041,       1041,        1,  2531520, 4c6f883c94aad305170157381a71ccf1
0,       1042,       1042,        1,  2531520, 4c6f883c94aad305170157381a71ccf1
0,       1043,       1043,        1,  2531520, 4c6f883c94aad305170157381a71ccf1
0,       1044,       1044,        1,  2531520, 3439b53d29b19626e90ac9f5739dbd1d
0,       1045,       1045,        1,  2531520, 3439b53d29b19626e90ac9f5739dbd1d
0,       1046,       1046,        1,  2531520, 3439b53d29b19626e90ac9f5739dbd1d
0,       1047,       1047,        1,  2531520, 4c6f883c94aad305170157381a71ccf1
0,       1048,       1048,        1,  2531520, 4c6f883c94aad305170157381a71ccf1
0,       1049,       1049,        1,  2531520, 4c6f883c94aad305170157381a71ccf1
0,       1050,       1050,        1,  2531520, 3439b53d29b19626e90ac9f5739dbd1d
0,       1051,       1051,        1,  2531520, 3439b53d29b19626e90ac9f5739dbd1d
0,       1052,       1052,        1,  2531520, 3439b53d29b19626e90ac9f5739dbd1d
0,       1053,       1053,        1,  2531520, 4c6f883c94aad305170157381a71ccf1
0,       1054,       1054,        1,  2531520, 4c6f883c94aad305170157381a71ccf1
0,       1055,       1055,        1,  2531520, 4c6f883c94aad305170157381a71ccf1
0,       1056,       1056,        1,  2531520, 3439b53d29b19626e90ac9f5739dbd1d
0,       1057,       1057,        1,  2531520, 3439b53d29b19626e90ac9f5739dbd1d
0,       1058,       1058,        1,  2531520, 3439b53d29b19626e90ac9f5739dbd1d
0,       1059,       1059,        1,  2531520, 4c6f883c94aad305170157381a71ccf1
0,       1060,       1060,        1,  2531520, 4c6f883c94aad305170157381a71ccf1
0,       1061,       1061,        1,  2531520, 4c6f883c94aad305170157381a71ccf1
0,       1062,       1062,        1,  2531520, 3439b53d29b19626e90ac9f5739dbd1d
0,       1063,       1063,        1,  2531520, 3439b53d29b19626e90ac9f5739dbd1d
0,       1064,       1064,        1,  2531520, 3439b53d29b19626e90ac9f5739dbd1d
0,       1065,       1065,        1,  2531520, 4c6f883c94aad305170157381a71ccf1
0,       1066,       1066,        1,  2531520, 4c6f883c94aad305170157381a71ccf1
0,       1067,       1067,        1,  2531520, 4c6f883c94aad305170157381a71ccf1
0,       1068,       1068,        1,  2531520, 3439b53d29b19626e90ac9f5739dbd1d
0,       1069,       1069,        1,  2531520, 3439b53d29b19626e90ac9f5739dbd1d
0,       1070,       1070,        1,  2531520, 3439b53d29b19626e90ac9f5739dbd1d
0,       1071,       1071,        1,  2531520, 4c6f883c94aad305170157381a71ccf1
0,       1072,       1072,        1,  2531520, 4c6f883c94aad305170157381a71ccf1
0,       1073,       1073,        1,  2531520, 4c6f883c94aad305170157381a71ccf1
0,       1074,       1074,        1,  2531520, 3439b53d29b19626e90ac9f5739dbd1d
0,       1075,       1075,        1,  2531520, 3439b53d29b19626e90ac9f5739dbd1d
0,       1076,       1076,        1,  2531520, 3439b53d29b19626e90ac9f5739dbd1d
0,       1077,       1077,        1,  2531520, 4c6f883c94aad305170157381a71ccf1
0,       1078,       1078,        1,  2531520, 4c6f883c94aad305170157381a71ccf1
0,       1079,       1079,        1,  2531520, 4c6f883c94aad305170157381a71ccf1
0,       1080,       1080,        1,  2531520, 3439b53d29b19626e90ac9f5739dbd1d
0,       1081,       1081,        1,  2531520, 3439b53d29b19626e90ac9f5739dbd1d
0,       1082,       1082,        1,  2531520, 3439b53d29b19626e90ac9f5739dbd1d
0,       1083,       1083,        1,  2531520, 4c6f883c94aad305170157381a71ccf1
0,       1084,       1084,        1,  2531520, 4c6f883c94aad305170157381a71ccf1
0,       1085,       1085,        1,  2531520, 4c6f883c94aad305170157381a71ccf1
0,       1086,       1086,        1,  2531520, 3439b53d29b19626e90ac9f5739dbd1d
0,       1087,       1087,        1,  2531520, 3439b53d29b19626e90ac9f5739dbd1d
0,       1088,       1088,        1,  2531520, 3439b53d29b19626e90ac9f5739dbd1d
0,       1089,       1089,        1,  2531520, 4c6f883c94aad305170157381a71ccf1
0,       1090,       1090,        1,  2531520, 4c6f883c94aad305170157381a71ccf1
0,       1091,       1091,        1,  2531520, 4c6f883c94aad305170157381a71ccf1
0,       1092,       1092,        1,  2531520, 3439b53d29b19626e90ac9f5739dbd1d
0,       1093,       1093,        1,  2531520, 3439b53d29b19626e90ac9f5739dbd1d
0,       1094,       1094,        1,  2531520, 3439b53d29b19626e90ac9f5739dbd1d
0,       1095,       1095,        1,  2531520, 4c6f883c94aad305170157381a71ccf1
0,       1096,       1096,        1,  2531520, 4c6f883c94aad305170157381a71ccf1
0,       1097,       1097,        1,  2531520, 4c6f883c94aad305170157381a71ccf1
0,       1098,       1098,        1,  2531520, 3439b53d29b19626e90ac9f5739dbd1d
0,       1099,       1099,        1,  2531520, 3439b53d29b19626e90ac9f5739dbd1d
0,       1100,       1100,        1,  2531520, 3439b53d29b19626e90ac9f5739dbd1d
0,       1101,       1101,        1,  2531520, 4c6f883c94aad305170157381a71ccf1
0,       1102,       1102,        1,  2531520, 4c6f883c94aad305170157381a71ccf1
0,       1103,       1103,        1,  2531520, 4c6f883c94aad305170157381a71ccf1
0,       1104,       1104,        1,  2531520, 3439b53d29b19626e90ac9f5739dbd1d
0,       1105,       1105,        1,  2531520, 3439b53d29b19626e90ac9f5739dbd1d
0,       1106,       1106,        1,  2531520, 3439b53d29b19626e90ac9f5739dbd1d
0,       1107,       1107,        1,  2531520, 4c6f883c94aad305170157381a71ccf1
0,       1108,       1108,        1,  2531520, 4c6f883c94aad305170157381a71ccf1
0,       1109,       1109,        1,  2531520, 4c6f883c94aad305170157381a71ccf1
0,       1110,       1110,        1,  2531520, 3439b53d29b19626e90ac9f5739dbd1d
0,       1111,       1111,        1,  2531520, 3439b53d29b19626e90ac9f5739dbd1d
0,       1112,       1112,        1,  2531520, 3439b53d29b19626e90ac9f5739dbd1d
0,       1113,       1113,        1,  2531520, 4c6f883c94aad305170157381a71ccf1
0,       1114,       1114,        1,  2531520, 4c6f883c94aad305170157381a71ccf1
0,       1115,       1115,        1,  2531520, 4c6f883c94aad305170157381a71ccf1
0,       1116,       1116,        1,  2531520, 3439b53d29b19626e90ac9f5739dbd1d
0,       1117,       1117,        1,  2531520, 3439b53d29b19626e90ac9f5739dbd1d
0,       1118,       1118,        1,  2531520, 3439b53d29b19626e90ac9f5739dbd1d
0,       1119,       1119,        1,  2531520, 4c6f883c94aad305170157381a71ccf1
0,       1120,       1120,        1,  2531520, 4c6f883c94aad305170157381a71ccf1
0,       1121,       1121,        1,  2531520, 4c6f883c94aad305170157381a71ccf1
0,       1122,       1122,        1,  2531520, 3439b53d29b19626e90ac9f5739dbd1d
0,       1123,       1123,        1,  2531520, 3439b53d29b19626e90ac9f5739dbd1d
0,       1124,       1124,        1,  2531520, 3439b53d29b19626e90ac9f5739dbd1d
0,       1125,       1125,        1,  2531520, 4c6f883c94aad305170157381a71ccf1
0,       1126,       1126,        1,  2531520, 4c6f883c94aad305170157381a71ccf1
0,       1127,       1127,        1,  2531520, 4c6f883c94aad305170157381a71ccf1
0,       1128,       1128,        1,  2531520, 3439b53d29b19626e90ac9f5739dbd1d
0,       1129,       1129,        1,  2531520, 3439b53d29b19626e90ac9f5739dbd1d
0,       1130,       1130,        1,  2531520, 3439b53d29b19626e90ac9f5739dbd1d
0,       1131,       1131,        1,  2531520, 4c6f883c94aad305170157381a71ccf1
0,       1132,       1132,        1,  2531520, 4c6f883c94aad305170157381a71ccf1
0,       1133,       1133,        1,  2531520, 4c6f883c94aad305170157381a71ccf1
0,       1134,       1134,        1,  2531520, 3439b53d29b19626e90ac9f5739dbd1d
0,       1135,       1135,        1,  2531520, 3439b53d29b19626e90ac9f5739dbd1d
0,       1136,       1136,        1,  2531520, 3439b53d29b19626e90ac9f5739dbd1d
0,       1137,       1137,        1,  2531520, 4c6f883c94aad305170157381a71ccf1
0,       1138,       1138,        1,  2531520, 4c6f883c94aad305170157381a71ccf1
0,       1139,       1139,        1,  2531520, 4c6f883c94aad305170157381a71ccf1
0,       1140,       1140,        1,  2531520, 3439b53d29b19626e90ac9f5739dbd1d
0,       1141,       1141,        1,  2531520, 3439b53d29b19626e90ac9f5739dbd1d
0,       1142,       1142,        1,  2531520, 3439b53d29b19626e90ac9f5739dbd1d
0,       1143,       1143,        1,  2531520, 4c6f883c94aad305170157381a71ccf1
0,       1144,       1144,        1,  2531520, 4c6f883c94aad305170157381a71ccf1
0,       1145,       1145,        1,  2531520, 4c6f883c94aad305170157381a71ccf1
0,       1146,       1146,        1,  2531520, 3439b53d29b19626e90ac9f5739dbd1d
0,       1147,       1147,        1,  2531520, 3439b53d29b19626e90ac9f5739dbd1d
0,       1148,       1148,        1,  2531520, 3439b53d29b19626e90ac9f5739dbd1d
0,       1149,       1149,        1,  2531520, 4c6f883c94aad305170157381a71ccf1
0,       1150,       1150,        1,  2531520, 4c6f883c94aad305170157381a71ccf1
0,       1151,       1151,        1,  2531520, 4c6f883c94aad305170157381a71ccf1
0,       1152,       1152,        1,  2531520, 3439b53d29b19626e90ac9f5739dbd1d
0,       1153,       1153,        1,  2531520, 3439b53d29b19626e90ac9f5739dbd1d
0,       1154,       1154,        1,  2531520, 3439b53d29b19626e90ac9f5739dbd1d
0,       1155,       1155,        1,  2531520, 4c6f883c94aad305170157381a71ccf1
0,       1156,       1156,        1,  2531520, 4c6f883c94aad305170157381a71ccf1
0,       1157,       1157,        1,  2531520, 4c6f883c94aad305170157381a71ccf1
0,       1158,       1158,        1,  2531520, 3439b53d29b19626e90ac9f5739dbd1d
0,       1159,       1159,        1,  2531520, 3439b53d29b19626e90ac9f5739dbd1d
0,       1160,       1160,        1,  2531520, 3439b53d29b19626e90ac9f5739dbd1d
0,       1161,       1161,        1,  2531520, 4c6f883c94aad305170157381a71ccf1
0,       1162,       1162,        1,  2531520, 4c6f883c94aad305170157381a71ccf1
0,       1163,       1163,        1,  2531520, 4c6f883c94aad305170157381a71ccf1
0,       1164,       1164,        1,  2531520, 3439b53d29b19626e90ac9f5739dbd1d
0,       1165,       1165,        1,  2531520, 3439b53d29b19626e90ac9f5739dbd1d
0,       1166,       1166,        1,  2531520, 3439b53d29b19626e90ac9f5739dbd1d
0,       1167,       1167,        1,  2531520, 4c6f883c94aad305170157381a71ccf1
0,       1168,       1168,        1,  2531520, 4c6f883c94aad305170157381a71ccf1
0,       1169,       1169,        1,  2531520, 4c6f883c94aad305170157381a71ccf1
0,       1170,       1170,        1,  2531520, 3439b53d29b19626e90ac9f5739dbd1d
0,       1171,       1171,        1,  2531520, 3439b53d29b19626e90ac9f5739dbd1d
0,       1172,       1172,        1,  2531520, 3439b53d29b19626e90ac9f5739dbd1d
0,       1173,       1173,        1,  2531520, 4c6f883c94aad305170157381a71ccf1
0,       1174,       1174,        1,  2531520, 4c6f883c94aad305170157381a71ccf1
0,       1175,       1175,        1,  2531520, 4c6f883c94aad305170157381a71ccf1
0,       1176,       1176,        1,  2531520, 3439b53d29b19626e90ac9f5739dbd1d
0,       1177,       1177,        1,  2531520, 3439b53d29b19626e90ac9f5739dbd1d
0,       1178,       1178,        1,  2531520, 3439b53d29b19626e90ac9f5739dbd1d
0,       1179,       1179,        1,  2531520, 4c6f883c94aad305170157381a71ccf1
0,       1180,       1180,        1,  2531520, 4c6f883c94aad305170157381a71ccf1
0,       1181,       1181,        1,  2531520, 4c6f883c94aad305170157381a71ccf1
0,       1182,       1182,        1,  2531520, 3439b53d29b19626e90ac9f5739dbd1d
0,       1183,       1183,        1,  2531520, 3439b53d29b19626e90ac9f5739dbd1d
0,       1184,       1184,        1,  2531520, 3439b53d29b19626e90ac9f5739dbd1d
0,       1185,       1185,        1,  2531520, 4c6f883c94aad305170157381a71ccf1
0,       1186,       1186,        1,  2531520, 4c6f883c94aad305170157381a71ccf1
0,       1187,       1187,        1,  2531520, 4c6f883c94aad305170157381a71ccf1
0,       1188,       1188,        1,  2531520, 3439b53d29b19626e90ac9f5739dbd1d
0,       1189,       1189,        1,  2531520, 3439b53d29b19626e90ac9f5739dbd1d
0,       1190,       1190,        1,  2531520, 3439b53d29b19626e90ac9f5739dbd1d
0,       1191,       1191,        1,  2531520, 4c6f883c94aad305170157381a71ccf1
0,       1192,       1192,        1,  2531520, 4c6f883c94aad305170157381a71ccf1
0,       1193,       1193,        1,  2531520, 4c6f883c94aad305170157381a71ccf1
0,       1194,       1194,        1,  2531520, 3439b53d29b19626e90ac9f5739dbd1d
0,       1195,       1195,        1,  2531520, 3439b53d29b19626e90ac9f5739dbd1d
0,       1196,       1196,        1,  2531520, 3439b53d29b19626e90ac9f5739dbd1d
0,       1197,       1197,        1,  2531520, 4c6f883c94aad305170157381a71ccf1
0,       1198,       1198,        1,  2531520, 4c6f883c94aad305170157381a71ccf1
0,       1199,       1199,        1,  2531520, 4c6f883c94aad305170157381a71ccf1
0,       1200,       1200,        1,  2531520, 3439b53d29b19626e90ac9f5739dbd1d
0,       1201,       1201,        1,  2531520, 3439b53d29b19626e90ac9f5739dbd1d
0,       1202,       1202,        1,  2531520, 3439b53d29b19626e90ac9f5739dbd1d
0,       1203,       1203,        1,  2531520, 4c6f883c94aad305170157381a71ccf1
0,       1204,       1204,        1,  2531520, 4c6f883c94aad305170157381a71ccf1
0,       1205,       1205,        1,  2531520, 3439b53d29b19626e90ac9f5739dbd1d
0,       1206,       1206,        1,  2531520, 3439b53d29b19626e90ac9f5739dbd1d
0,       1207,       1207,        1,  2531520, 3439b53d29b19626e90ac9f5739dbd1d
0,       1208,       1208,        1,  2531520, 4c6f883c94aad305170157381a71ccf1
0,       1209,       1209,        1,  2531520, 4c6f883c94aad305170157381a71ccf1
0,       1210,       1210,        1,  2531520, 4c6f883c94aad305170157381a71ccf1
0,       1211,       1211,        1,  2531520, 4c6f883c94aad305170157381a71ccf1
0,       1212,       1212,        1,  2531520, 3439b53d29b19626e90ac9f5739dbd1d
0,       1213,       1213,        1,  2531520, 3439b53d29b19626e90ac9f5739dbd1d
0,       1214,       1214,        1,  2531520, 3439b53d29b19626e90ac9f5739dbd1d
0,       1215,       1215,        1,  2531520, 4c6f883c94aad305170157381a71ccf1
0,       1216,       1216,        1,  2531520, 4c6f883c94aad305170157381a71ccf1
0,       1217,       1217,        1,  2531520, 4c6f883c94aad305170157381a71ccf1
0,       1218,       1218,        1,  2531520, 3439b53d29b19626e90ac9f5739dbd1d
0,       1219,       1219,        1,  2531520, 3439b53d29b19626e90ac9f5739dbd1d
0,       1220,       1220,        1,  2531520, 3439b53d29b19626e90ac9f5739dbd1d
0,       1221,       1221,        1,  2531520, 4c6f883c94aad305170157381a71ccf1
0,       1222,       1222,        1,  2531520, 4c6f883c94aad305170157381a71ccf1
0,       1223,       1223,        1,  2531520, 4c6f883c94aad305170157381a71ccf1
0,       1224,       1224,        1,  2531520, 3439b53d29b19626e90ac9f5739dbd1d
0,       1225,       1225,        1,  2531520, 3439b53d29b19626e90ac9f5739dbd1d
0,       1226,       1226,        1,  2531520, 3439b53d29b19626e90ac9f5739dbd1d
0,       1227,       1227,        1,  2531520, 4c6f883c94aad305170157381a71ccf1
0,       1228,       1228,        1,  2531520, 4c6f883c94aad305170157381a71ccf1
0,       1229,       1229,        1,  2531520, 4c6f883c94aad305170157381a71ccf1
0,       1230,       1230,        1,  2531520, 3439b53d29b19626e90ac9f5739dbd1d
0,       1231,       1231,        1,  2531520, 3439b53d29b19626e90ac9f5739dbd1d
0,       1232,       1232,        1,  2531520, 3439b53d29b19626e90ac9f5739dbd1d
0,       1233,       1233,        1,  2531520, 4c6f883c94aad305170157381a71ccf1
0,       1234,       1234,        1,  2531520, 4c6f883c94aad305170157381a71ccf1
0,       1235,       1235,        1,  2531520, 4c6f883c94aad305170157381a71ccf1
0,       1236,       1236,        1,  2531520, 3439b53d29b19626e90ac9f5739dbd1d
0,       1237,       1237,        1,  2531520, 3439b53d29b19626e90ac9f5739dbd1d
0,       1238,       1238,        1,  2531520, 3439b53d29b19626e90ac9f5739dbd1d
0,       1239,       1239,        1,  2531520, 4c6f883c94aad305170157381a71ccf1
0,       1240,       1240,        1,  2531520, 4c6f883c94aad305170157381a71ccf1
0,       1241,       1241,        1,  2531520, 4c6f883c94aad305170157381a71ccf1
0,       1242,       1242,        1,  2531520, 3439b53d29b19626e90ac9f5739dbd1d
0,       1243,       1243,        1,  2531520, 3439b53d29b19626e90ac9f5739dbd1d
0,       1244,       1244,        1,  2531520, 3439b53d29b19626e90ac9f5739dbd1d
0,       1245,       1245,        1,  2531520, 4c6f883c94aad305170157381a71ccf1
0,       1246,       1246,        1,  2531520, 4c6f883c94aad305170157381a71ccf1
0,       1247,       1247,        1,  2531520, 4c6f883c94aad305170157381a71ccf1
0,       1248,       1248,        1,  2531520, 3439b53d29b19626e90ac9f5739dbd1d
0,       1249,       1249,        1,  2531520, 3439b53d29b19626e90ac9f5739dbd1d
0,       1250,       1250,        1,  2531520, 3439b53d29b19626e90ac9f5739dbd1d
0,       1251,       1251,        1,  2531520, 4c6f883c94aad305170157381a71ccf1
0,       1252,       1252,        1,  2531520, 4c6f883c94aad305170157381a71ccf1
0,       1253,       1253,        1,  2531520, 3439b53d29b19626e90ac9f5739dbd1d
0,       1254,       1254,        1,  2531520, 3439b53d29b19626e90ac9f5739dbd1d
0,       1255,       1255,        1,  2531520, 3439b53d29b19626e90ac9f5739dbd1d
0,       1256,       1256,        1,  2531520, 4c6f883c94aad305170157381a71ccf1
0,       1257,       1257,        1,  2531520, 4c6f883c94aad305170157381a71ccf1
0,       1258,       1258,        1,  2531520, 4c6f883c94aad305170157381a71ccf1
0,       1259,       1259,        1,  2531520, 4c6f883c94aad305170157381a71ccf1
0,       1260,       1260,        1,  2531520, 3439b53d29b19626e90ac9f5739dbd1d
0,       1261,       1261,        1,  2531520, 3439b53d29b19626e90ac9f5739dbd1d
0,       1262,       1262,        1,  2531520, 3439b53d29b19626e90ac9f5739dbd1d
0,       1263,       1263,        1,  2531520, 4c6f883c94aad305170157381a71ccf1
0,       1264,       1264,        1,  2531520, 4c6f883c94aad305170157381a71ccf1
0,       1265,       1265,        1,  2531520, 4c6f883c94aad305170157381a71ccf1
0,       1266,       1266,        1,  2531520, 3439b53d29b19626e90ac9f5739dbd1d
0,       1267,       1267,        1,  2531520, 3439b53d29b19626e90ac9f5739dbd1d
0,       1268,       1268,        1,  2531520, 3439b53d29b19626e90ac9f5739dbd1d
0,       1269,       1269,        1,  2531520, 4c6f883c94aad305170157381a71ccf1
0,       1270,       1270,        1,  2531520, 4c6f883c94aad305170157381a71ccf1
0,       1271,       1271,        1,  2531520, 4c6f883c94aad305170157381a71ccf1
0,       1272,       1272,        1,  2531520, 3439b53d29b19626e90ac9f5739dbd1d
0,       1273,       1273,        1,  2531520, 3439b53d29b19626e90ac9f5739dbd1d
0,       1274,       1274,        1,  2531520, 3439b53d29b19626e90ac9f5739dbd1d
0,       1275,       1275,        1,  2531520, 4c6f883c94aad305170157381a71ccf1
0,       1276,       1276,        1,  2531520, 4c6f883c94aad305170157381a71ccf1
0,       1277,       1277,        1,  2531520, 4c6f883c94aad305170157381a71ccf1
0,       1278,       1278,        1,  2531520, 3439b53d29b19626e90ac9f5739dbd1d
0,       1279,       1279,        1,  2531520, 3439b53d29b19626e90ac9f5739dbd1d
0,       1280,       1280,        1,  2531520, 3439b53d29b19626e90ac9f5739dbd1d
0,       1281,       1281,        1,  2531520, 4c6f883c94aad305170157381a71ccf1
0,       1282,       1282,        1,  2531520, 4c6f883c94aad305170157381a71ccf1
0,       1283,       1283,        1,  2531520, 4c6f883c94aad305170157381a71ccf1
0,       1284,       1284,        1,  2531520, 3439b53d29b19626e90ac9f5739dbd1d
0,       1285,       1285,        1,  2531520, 3439b53d29b19626e90ac9f5739dbd1d
0,       1286,       1286,        1,  2531520, 3439b53d29b19626e90ac9f5739dbd1d
0,       1287,       1287,        1,  2531520, 4c6f883c94aad305170157381a71ccf1
0,       1288,       1288,        1,  2531520, 4c6f883c94aad305170157381a71ccf1
0,       1289,       1289,        1,  2531520, 4c6f883c94aad305170157381a71ccf1
0,       1290,       1290,        1,  2531520, 3439b53d29b19626e90ac9f5739dbd1d
0,       1291,       1291,        1,  2531520, 3439b53d29b19626e90ac9f5739dbd1d
0,       1292,       1292,        1,  2531520, 3439b53d29b19626e90ac9f5739dbd1d
0,       1293,       1293,        1,  2531520, 4c6f883c94aad305170157381a71ccf1
0,       1294,       1294,        1,  2531520, 4c6f883c94aad305170157381a71ccf1
0,       1295,       1295,        1,  2531520, 4c6f883c94aad305170157381a71ccf1
0,       1296,       1296,        1,  2531520, 3439b53d29b19626e90ac9f5739dbd1d
0,       1297,       1297,        1,  2531520, 3439b53d29b19626e90ac9f5739dbd1d
0,       1298,       1298,        1,  2531520, 3439b53d29b19626e90ac9f5739dbd1d
0,       1299,       1299,        1,  2531520, 4c6f883c94aad305170157381a71ccf1
0,       1300,       1300,        1,  2531520, 4c6f883c94aad305170157381a71ccf1
0,       1301,       1301,        1,  2531520, 3439b53d29b19626e90ac9f5739dbd1d
0,       1302,       1302,        1,  2531520, 3439b53d29b19626e90ac9f5739dbd1d
0,       1303,       1303,        1,  2531520, 3439b53d29b19626e90ac9f5739dbd1d
0,       1304,       1304,        1,  2531520, 4c6f883c94aad305170157381a71ccf1
0,       1305,       1305,        1,  2531520, 4c6f883c94aad305170157381a71ccf1
0,       1306,       1306,        1,  2531520, 4c6f883c94aad305170157381a71ccf1
0,       1307,       1307,        1,  2531520, 4c6f883c94aad305170157381a71ccf1
0,       1308,       1308,        1,  2531520, 3439b53d29b19626e90ac9f5739dbd1d
0,       1309,       1309,        1,  2531520, 3439b53d29b19626e90ac9f5739dbd1d
0,       1310,       1310,        1,  2531520, 3439b53d29b19626e90ac9f5739dbd1d
0,       1311,       1311,        1,  2531520, 4c6f883c94aad305170157381a71ccf1
0,       1312,       1312,        1,  2531520, 4c6f883c94aad305170157381a71ccf1
0,       1313,       1313,        1,  2531520, 4c6f883c94aad305170157381a71ccf1
0,       1314,       1314,        1,  2531520, 3439b53d29b19626e90ac9f5739dbd1d
0,       1315,       1315,        1,  2531520, 3439b53d29b19626e90ac9f5739dbd1d
0,       1316,       1316,        1,  2531520, 3439b53d29b19626e90ac9f5739dbd1d
0,       1317,       1317,        1,  2531520, 4c6f883c94aad305170157381a71ccf1
0,       1318,       1318,        1,  2531520, 4c6f883c94aad305170157381a71ccf1
0,       1319,       1319,        1,  2531520, 4c6f883c94aad305170157381a71ccf1
0,       1320,       1320,        1,  2531520, 3439b53d29b19626e90ac9f5739dbd1d
0,       1321,       1321,        1,  2531520, 3439b53d29b19626e90ac9f5739dbd1d
0,       1322,       1322,        1,  2531520, 3439b53d29b19626e90ac9f5739dbd1d
0,       1323,       1323,        1,  2531520, 4c6f883c94aad305170157381a71ccf1
0,       1324,       1324,        1,  2531520, 4c6f883c94aad305170157381a71ccf1
0,       1325,       1325,        1,  2531520, 3439b53d29b19626e90ac9f5739dbd1d
0,       1326,       1326,        1,  2531520, 3439b53d29b19626e90ac9f5739dbd1d
0,       1327,       1327,        1,  2531520, 3439b53d29b19626e90ac9f5739dbd1d
0,       1328,       1328,        1,  2531520, 3439b53d29b19626e90ac9f5739dbd1d
0,       1329,       1329,        1,  2531520, 4c6f883c94aad305170157381a71ccf1
0,       1330,       1330,        1,  2531520, 4c6f883c94aad305170157381a71ccf1
0,       1331,       1331,        1,  2531520, 4c6f883c94aad305170157381a71ccf1
0,       1332,       1332,        1,  2531520, 3439b53d29b19626e90ac9f5739dbd1d
0,       1333,       1333,        1,  2531520, 3439b53d29b19626e90ac9f5739dbd1d
0,       1334,       1334,        1,  2531520, 3439b53d29b19626e90ac9f5739dbd1d
0,       1335,       1335,        1,  2531520, 4c6f883c94aad305170157381a71ccf1
0,       1336,       1336,        1,  2531520, 4c6f883c94aad305170157381a71ccf1
0,       1337,       1337,        1,  2531520, 4c6f883c94aad305170157381a71ccf1
0,       1338,       1338,        1,  2531520, 3439b53d29b19626e90ac9f5739dbd1d
0,       1339,       1339,        1,  2531520, 3439b53d29b19626e90ac9f5739dbd1d
0,       1340,       1340,        1,  2531520, 3439b53d29b19626e90ac9f5739dbd1d
0,       1341,       1341,        1,  2531520, 4c6f883c94aad305170157381a71ccf1
0,       1342,       1342,        1,  2531520, 4c6f883c94aad305170157381a71ccf1
0,       1343,       1343,        1,  2531520, 4c6f883c94aad305170157381a71ccf1
0,       1344,       1344,        1,  2531520, 3439b53d29b19626e90ac9f5739dbd1d
0,       1345,       1345,        1,  2531520, 3439b53d29b19626e90ac9f5739dbd1d
0,       1346,       1346,        1,  2531520, 3439b53d29b19626e90ac9f5739dbd1d
0,       1347,       1347,        1,  2531520, 4c6f883c94aad305170157381a71ccf1
0,       1348,       1348,        1,  2531520, 4c6f883c94aad305170157381a71ccf1
0,       1349,       1349,        1,  2531520, 3439b53d29b19626e90ac9f5739dbd1d
0,       1350,       1350,        1,  2531520, 3439b53d29b19626e90ac9f5739dbd1d
0,       1351,       1351,        1,  2531520, 3439b53d29b19626e90ac9f5739dbd1d
0,       1352,       1352,        1,  2531520, 4c6f883c94aad305170157381a71ccf1
0,       1353,       1353,        1,  2531520, 4c6f883c94aad305170157381a71ccf1
0,       1354,       1354,        1,  2531520, 4c6f883c94aad305170157381a71ccf1
0,       1355,       1355,        1,  2531520, 4c6f883c94aad305170157381a71ccf1
0,       1356,       1356,        1,  2531520, 3439b53d29b19626e90ac9f5739dbd1d
0,       1357,       1357,        1,  2531520, 3439b53d29b19626e90ac9f5739dbd1d
0,       1358,       1358,        1,  2531520, 3439b53d29b19626e90ac9f5739dbd1d
0,       1359,       1359,        1,  2531520, 4c6f883c94aad305170157381a71ccf1
0,       1360,       1360,        1,  2531520, 4c6f883c94aad305170157381a71ccf1
0,       1361,       1361,        1,  2531520, 4c6f883c94aad305170157381a71ccf1
0,       1362,       1362,        1,  2531520, 3439b53d29b19626e90ac9f5739dbd1d
0,       1363,       1363,        1,  2531520, 3439b53d29b19626e90ac9f5739dbd1d
0,       1364,       1364,        1,  2531520, 3439b53d29b19626e90ac9f5739dbd1d
0,       1365,       1365,        1,  2531520, 4c6f883c94aad305170157381a71ccf1
0,       1366,       1366,        1,  2531520, 4c6f883c94aad305170157381a71ccf1
0,       1367,       1367,        1,  2531520, 4c6f883c94aad305170157381a71ccf1
0,       1368,       1368,        1,  2531520, 3439b53d29b19626e90ac9f5739dbd1d
0,       1369,       1369,        1,  2531520, 3439b53d29b19626e90ac9f5739dbd1d
0,       1370,       1370,        1,  2531520, 3439b53d29b19626e90ac9f5739dbd1d
0,       1371,       1371,        1,  2531520, 4c6f883c94aad305170157381a71ccf1
0,       1372,       1372,        1,  2531520, 4c6f883c94aad305170157381a71ccf1
0,       1373,       1373,        1,  2531520, 4c6f883c94aad305170157381a71ccf1
0,       1374,       1374,        1,  2531520, 3439b53d29b19626e90ac9f5739dbd1d
0,       1375,       1375,        1,  2531520, 3439b53d29b19626e90ac9f5739dbd1d
0,       1376,       1376,        1,  2531520, 3439b53d29b19626e90ac9f5739dbd1d
0,       1377,       1377,        1,  2531520, 4c6f883c94aad305170157381a71ccf1
0,       1378,       1378,        1,  2531520, 4c6f883c94aad305170157381a71ccf1
0,       1379,       1379,        1,  2531520, 4c6f883c94aad305170157381a71ccf1
0,       1380,       1380,        1,  2531520, 3439b53d29b19626e90ac9f5739dbd1d
0,       1381,       1381,        1,  2531520, 3439b53d29b19626e90ac9f5739dbd1d
0,       1382,       1382,        1,  2531520, 3439b53d29b19626e90ac9f5739dbd1d
0,       1383,       1383,        1,  2531520, 4c6f883c94aad305170157381a71ccf1
0,       1384,       1384,        1,  2531520, 4c6f883c94aad305170157381a71ccf1
0,       1385,       1385,        1,  2531520, 4c6f883c94aad305170157381a71ccf1
0,       1386,       1386,        1,  2531520, 3439b53d29b19626e90ac9f5739dbd1d
0,       1387,       1387,        1,  2531520, 3439b53d29b19626e90ac9f5739dbd1d
0,       1388,       1388,        1,  2531520, 3439b53d29b19626e90ac9f5739dbd1d
0,       1389,       1389,        1,  2531520, 4c6f883c94aad305170157381a71ccf1
0,       1390,       1390,        1,  2531520, 4c6f883c94aad305170157381a71ccf1
0,       1391,       1391,        1,  2531520, 4c6f883c94aad305170157381a71ccf1
0,       1392,       1392,        1,  2531520, 3439b53d29b19626e90ac9f5739dbd1d
0,       1393,       1393,        1,  2531520, 3439b53d29b19626e90ac9f5739dbd1d
0,       1394,       1394,        1,  2531520, 3439b53d29b19626e90ac9f5739dbd1d
0,       1395,       1395,        1,  2531520, 4c6f883c94aad305170157381a71ccf1
0,       1396,       1396,        1,  2531520, 4c6f883c94aad305170157381a71ccf1
0,       1397,       1397,        1,  2531520, 3439b53d29b19626e90ac9f5739dbd1d
0,       1398,       1398,        1,  2531520, 3439b53d29b19626e90ac9f5739dbd1d
0,       1399,       1399,        1,  2531520, 3439b53d29b19626e90ac9f5739dbd1d
0,       1400,       1400,        1,  2531520, 4c6f883c94aad305170157381a71ccf1
0,       1401,       1401,        1,  2531520, 4c6f883c94aad305170157381a71ccf1
0,       1402,       1402,        1,  2531520, 4c6f883c94aad305170157381a71ccf1
0,       1403,       1403,        1,  2531520, 4c6f883c94aad305170157381a71ccf1
0,       1404,       1404,        1,  2531520, 3439b53d29b19626e90ac9f5739dbd1d
0,       1405,       1405,        1,  2531520, 3439b53d29b19626e90ac9f5739dbd1d
0,       1406,       1406,        1,  2531520, 3439b53d29b19626e90ac9f5739dbd1d
0,       1407,       1407,        1,  2531520, 4c6f883c94aad305170157381a71ccf1
0,       1408,       1408,        1,  2531520, 4c6f883c94aad305170157381a71ccf1
0,       1409,       1409,        1,  2531520, 4c6f883c94aad305170157381a71ccf1
0,       1410,       1410,        1,  2531520, 3439b53d29b19626e90ac9f5739dbd1d
0,       1411,       1411,        1,  2531520, 3439b53d29b19626e90ac9f5739dbd1d
0,       1412,       1412,        1,  2531520, 3439b53d29b19626e90ac9f5739dbd1d
0,       1413,       1413,        1,  2531520, 4c6f883c94aad305170157381a71ccf1
0,       1414,       1414,        1,  2531520, 4c6f883c94aad305170157381a71ccf1
0,       1415,       1415,        1,  2531520, 3439b53d29b19626e90ac9f5739dbd1d
0,       1416,       1416,        1,  2531520, 3439b53d29b19626e90ac9f5739dbd1d
0,       1417,       1417,        1,  2531520, 3439b53d29b19626e90ac9f5739dbd1d
0,       1418,       1418,        1,  2531520, 3439b53d29b19626e90ac9f5739dbd1d
0,       1419,       1419,        1,  2531520, 4c6f883c94aad305170157381a71ccf1
0,       1420,       1420,        1,  2531520, 4c6f883c94aad305170157381a71ccf1
0,       1421,       1421,        1,  2531520, 4c6f883c94aad305170157381a71ccf1
0,       1422,       1422,        1,  2531520, 3439b53d29b19626e90ac9f5739dbd1d
0,       1423,       1423,        1,  2531520, 3439b53d29b19626e90ac9f5739dbd1d
0,       1424,       1424,        1,  2531520, 3439b53d29b19626e90ac9f5739dbd1d
0,       1425,       1425,        1,  2531520, 4c6f883c94aad305170157381a71ccf1
0,       1426,       1426,        1,  2531520, 4c6f883c94aad305170157381a71ccf1
0,       1427,       1427,        1,  2531520, 4c6f883c94aad305170157381a71ccf1
0,       1428,       1428,        1,  2531520, 3439b53d29b19626e90ac9f5739dbd1d
0,       1429,       1429,        1,  2531520, 3439b53d29b19626e90ac9f5739dbd1d
0,       1430,       1430,        1,  2531520, 3439b53d29b19626e90ac9f5739dbd1d
0,       1431,       1431,        1,  2531520, 4c6f883c94aad305170157381a71ccf1
0,       1432,       1432,        1,  2531520, 4c6f883c94aad305170157381a71ccf1
0,       1433,       1433,        1,  2531520, 4c6f883c94aad305170157381a71ccf1
0,       1434,       1434,        1,  2531520, 3439b53d29b19626e90ac9f5739dbd1d
0,       1435,       1435,        1,  2531520, 3439b53d29b19626e90ac9f5739dbd1d
0,       1436,       1436,        1,  2531520, 3439b53d29b19626e90ac9f5739dbd1d
0,       1437,       1437,        1,  2531520, 4c6f883c94aad305170157381a71ccf1
0,       1438,       1438,        1,  2531520, 4c6f883c94aad305170157381a71ccf1
0,       1439,       1439,        1,  2531520, 4c6f883c94aad305170157381a71ccf1
0,       1440,       1440,        1,  2531520, 3439b53d29b19626e90ac9f5739dbd1d
0,       1441,       1441,        1,  2531520, 3439b53d29b19626e90ac9f5739dbd1d
0,       1442,       1442,        1,  2531520, 3439b53d29b19626e90ac9f5739dbd1d
0,       1443,       1443,        1,  2531520, 4c6f883c94aad305170157381a71ccf1
0,       1444,       1444,        1,  2531520, 4c6f883c94aad305170157381a71ccf1
0,       1445,       1445,        1,  2531520, 3439b53d29b19626e90ac9f5739dbd1d
0,       1446,       1446,        1,  2531520, 3439b53d29b19626e90ac9f5739dbd1d
0,       1447,       1447,        1,  2531520, 3439b53d29b19626e90ac9f5739dbd1d
0,       1448,       1448,        1,  2531520, 4c6f883c94aad305170157381a71ccf1
0,       1449,       1449,        1,  2531520, 4c6f883c94aad305170157381a71ccf1
0,       1450,       1450,        1,  2531520, 4c6f883c94aad305170157381a71ccf1
0,       1451,       1451,        1,  2531520, 3439b53d29b19626e90ac9f5739dbd1d
0,       1452,       1452,        1,  2531520, 3439b53d29b19626e90ac9f5739dbd1d
0,       1453,       1453,        1,  2531520, 3439b53d29b19626e90ac9f5739dbd1d
0,       1454,       1454,        1,  2531520, 3439b53d29b19626e90ac9f5739dbd1d
0,       1455,       1455,        1,  2531520, 4c6f883c94aad305170157381a71ccf1
0,       1456,       1456,        1,  2531520, 4c6f883c94aad305170157381a71ccf1
0,       1457,       1457,        1,  2531520, 4c6f883c94aad305170157381a71ccf1
0,       1458,       1458,        1,  2531520, 3439b53d29b19626e90ac9f5739dbd1d
0,       1459,       1459,        1,  2531520, 3439b53d29b19626e90ac9f5739dbd1d
0,       1460,       1460,        1,  2531520, 3439b53d29b19626e90ac9f5739dbd1d
0,       1461,       1461,        1,  2531520, 4c6f883c94aad305170157381a71ccf1
0,       1462,       1462,        1,  2531520, 4c6f883c94aad305170157381a71ccf1
0,       1463,       1463,        1,  2531520, 4c6f883c94aad305170157381a71ccf1
0,       1464,       1464,        1,  2531520, 3439b53d29b19626e90ac9f5739dbd1d
0,       1465,       1465,        1,  2531520, 3439b53d29b19626e90ac9f5739dbd1d
0,       1466,       1466,        1,  2531520, 3439b53d29b19626e90ac9f5739dbd1d
0,       1467,       1467,        1,  2531520, 4c6f883c94aad305170157381a71ccf1
0,       1468,       1468,        1,  2531520, 4c6f883c94aad305170157381a71ccf1
0,       1469,       1469,        1,  2531520, 4c6f883c94aad305170157381a71ccf1
0,       1470,       1470,        1,  2531520, 3439b53d29b19626e90ac9f5739dbd1d
0,       1471,       1471,        1,  2531520, 3439b53d29b19626e90ac9f5739dbd1d
0,       1472,       1472,        1,  2531520, 3439b53d29b19626e90ac9f5739dbd1d
0,       1473,       1473,        1,  2531520, 4c6f883c94aad305170157381a71ccf1
0,       1474,       1474,        1,  2531520, 4c6f883c94aad305170157381a71ccf1
0,       1475,       1475,        1,  2531520, 4c6f883c94aad305170157381a71ccf1
0,       1476,       1476,        1,  2531520, 3439b53d29b19626e90ac9f5739dbd1d
0,       1477,       1477,        1,  2531520, 3439b53d29b19626e90ac9f5739dbd1d
0,       1478,       1478,        1,  2531520, 3439b53d29b19626e90ac9f5739dbd1d
0,       1479,       1479,        1,  2531520, 4c6f883c94aad305170157381a71ccf1
0,       1480,       1480,        1,  2531520, 4c6f883c94aad305170157381a71ccf1
0,       1481,       1481,        1,  2531520, 4c6f883c94aad305170157381a71ccf1
0,       1482,       1482,        1,  2531520, 3439b53d29b19626e90ac9f5739dbd1d
0,       1483,       1483,        1,  2531520, 3439b53d29b19626e90ac9f5739dbd1d
0,       1484,       1484,        1,  2531520, 3439b53d29b19626e90ac9f5739dbd1d
0,       1485,       1485,        1,  2531520, 4c6f883c94aad305170157381a71ccf1
0,       1486,       1486,        1,  2531520, 4c6f883c94aad305170157381a71ccf1
0,       1487,       1487,        1,  2531520, 4c6f883c94aad305170157381a71ccf1
0,       1488,       1488,        1,  2531520, 3439b53d29b19626e90ac9f5739dbd1d
0,       1489,       1489,        1,  2531520, 3439b53d29b19626e90ac9f5739dbd1d
0,       1490,       1490,        1,  2531520, 3439b53d29b19626e90ac9f5739dbd1d
0,       1491,       1491,        1,  2531520, 4c6f883c94aad305170157381a71ccf1
0,       1492,       1492,        1,  2531520, 4c6f883c94aad305170157381a71ccf1
0,       1493,       1493,        1,  2531520, 3439b53d29b19626e90ac9f5739dbd1d
0,       1494,       1494,        1,  2531520, 3439b53d29b19626e90ac9f5739dbd1d
0,       1495,       1495,        1,  2531520, 3439b53d29b19626e90ac9f5739dbd1d
0,       1496,       1496,        1,  2531520, 4c6f883c94aad305170157381a71ccf1
0,       1497,       1497,        1,  2531520, 4c6f883c94aad305170157381a71ccf1
0,       1498,       1498,        1,  2531520, 4c6f883c94aad305170157381a71ccf1
0,       1499,       1499,        1,  2531520, 3439b53d29b19626e90ac9f5739dbd1d
0,       1500,       1500,        1,  2531520, 3439b53d29b19626e90ac9f5739dbd1d
0,       1501,       1501,        1,  2531520, 3439b53d29b19626e90ac9f5739dbd1d
0,       1502,       1502,        1,  2531520, 3439b53d29b19626e90ac9f5739dbd1d
0,       1503,       1503,        1,  2531520, 4c6f883c94aad305170157381a71ccf1
0,       1504,       1504,        1,  2531520, 4c6f883c94aad305170157381a71ccf1
0,       1505,       1505,        1,  2531520, 4c6f883c94aad305170157381a71ccf1
0,       1506,       1506,        1,  2531520, 3439b53d29b19626e90ac9f5739dbd1d
0,       1507,       1507,        1,  2531520, 3439b53d29b19626e90ac9f5739dbd1d
0,       1508,       1508,        1,  2531520, 3439b53d29b19626e90ac9f5739dbd1d
0,       1509,       1509,        1,  2531520, 4c6f883c94aad305170157381a71ccf1
0,       1510,       1510,        1,  2531520, 4c6f883c94aad305170157381a71ccf1
0,       1511,       1511,        1,  2531520, 4c6f883c94aad305170157381a71ccf1
0,       1512,       1512,        1,  2531520, 3439b53d29b19626e90ac9f5739dbd1d
0,       1513,       1513,        1,  2531520, 3439b53d29b19626e90ac9f5739dbd1d
0,       1514,       1514,        1,  2531520, 3439b53d29b19626e90ac9f5739dbd1d
0,       1515,       1515,        1,  2531520, 4c6f883c94aad305170157381a71ccf1
0,       1516,       1516,        1,  2531520, 4c6f883c94aad305170157381a71ccf1
0,       1517,       1517,        1,  2531520, 4c6f883c94aad305170157381a71ccf1
0,       1518,       1518,        1,  2531520, 3439b53d29b19626e90ac9f5739dbd1d
0,       1519,       1519,        1,  2531520, 3439b53d29b19626e90ac9f5739dbd1d
0,       1520,       1520,        1,  2531520, 3439b53d29b19626e90ac9f5739dbd1d
0,       1521,       1521,        1,  2531520, 4c6f883c94aad305170157381a71ccf1
0,       1522,       1522,        1,  2531520, 4c6f883c94aad305170157381a71ccf1
0,       1523,       1523,        1,  2531520, 4c6f883c94aad305170157381a71ccf1
0,       1524,       1524,        1,  2531520, 3439b53d29b19626e90ac9f5739dbd1d
0,       1525,       1525,        1,  2531520, 3439b53d29b19626e90ac9f5739dbd1d
0,       1526,       1526,        1,  2531520, 3439b53d29b19626e90ac9f5739dbd1d
0,       1527,       1527,        1,  2531520, 4c6f883c94aad305170157381a71ccf1
0,       1528,       1528,        1,  2531520, 4c6f883c94aad305170157381a71ccf1
0,       1529,       1529,        1,  2531520, 4c6f883c94aad305170157381a71ccf1
0,       1530,       1530,        1,  2531520, 3439b53d29b19626e90ac9f5739dbd1d
0,       1531,       1531,        1,  2531520, 3439b53d29b19626e90ac9f5739dbd1d
0,       1532,       1532,        1,  2531520, 3439b53d29b19626e90ac9f5739dbd1d
0,       1533,       1533,        1,  2531520, 4c6f883c94aad305170157381a71ccf1
0,       1534,       1534,        1,  2531520, 4c6f883c94aad305170157381a71ccf1
0,       1535,       1535,        1,  2531520, 4c6f883c94aad305170157381a71ccf1
0,       1536,       1536,        1,  2531520, 3439b53d29b19626e90ac9f5739dbd1d
0,       1537,       1537,        1,  2531520, 3439b53d29b19626e90ac9f5739dbd1d
0,       1538,       1538,        1,  2531520, 3439b53d29b19626e90ac9f5739dbd1d
0,       1539,       1539,        1,  2531520, 4c6f883c94aad305170157381a71ccf1
0,       1540,       1540,        1,  2531520, 4c6f883c94aad305170157381a71ccf1
0,       1541,       1541,        1,  2531520, 3439b53d29b19626e90ac9f5739dbd1d
0,       1542,       1542,        1,  2531520, 3439b53d29b19626e90ac9f5739dbd1d
0,       1543,       1543,        1,  2531520, 3439b53d29b19626e90ac9f5739dbd1d
0,       1544,       1544,        1,  2531520, 4c6f883c94aad305170157381a71ccf1
0,       1545,       1545,        1,  2531520, 4c6f883c94aad305170157381a71ccf1
0,       1546,       1546,        1,  2531520, 4c6f883c94aad305170157381a71ccf1
0,       1547,       1547,        1,  2531520, 3439b53d29b19626e90ac9f5739dbd1d
0,       1548,       1548,        1,  2531520, 3439b53d29b19626e90ac9f5739dbd1d
0,       1549,       1549,        1,  2531520, 3439b53d29b19626e90ac9f5739dbd1d
0,       1550,       1550,        1,  2531520, 3439b53d29b19626e90ac9f5739dbd1d
0,       1551,       1551,        1,  2531520, 4c6f883c94aad305170157381a71ccf1
0,       1552,       1552,        1,  2531520, 4c6f883c94aad305170157381a71ccf1
0,       1553,       1553,        1,  2531520, 4c6f883c94aad305170157381a71ccf1
0,       1554,       1554,        1,  2531520, 3439b53d29b19626e90ac9f5739dbd1d
0,       1555,       1555,        1,  2531520, 3439b53d29b19626e90ac9f5739dbd1d
0,       1556,       1556,        1,  2531520, 3439b53d29b19626e90ac9f5739dbd1d
0,       1557,       1557,        1,  2531520, 4c6f883c94aad305170157381a71ccf1
0,       1558,       1558,        1,  2531520, 4c6f883c94aad305170157381a71ccf1
0,       1559,       1559,        1,  2531520, 4c6f883c94aad305170157381a71ccf1
0,       1560,       1560,        1,  2531520, 3439b53d29b19626e90ac9f5739dbd1d
0,       1561,       1561,        1,  2531520, 3439b53d29b19626e90ac9f5739dbd1d
0,       1562,       1562,        1,  2531520, 3439b53d29b19626e90ac9f5739dbd1d
0,       1563,       1563,        1,  2531520, 4c6f883c94aad305170157381a71ccf1
0,       1564,       1564,        1,  2531520, 4c6f883c94aad305170157381a71ccf1
0,       1565,       1565,        1,  2531520, 4c6f883c94aad305170157381a71ccf1
0,       1566,       1566,        1,  2531520, 3439b53d29b19626e90ac9f5739dbd1d
0,       1567,       1567,        1,  2531520, 3439b53d29b19626e90ac9f5739dbd1d
0,       1568,       1568,        1,  2531520, 3439b53d29b19626e90ac9f5739dbd1d
0,       1569,       1569,        1,  2531520, 4c6f883c94aad305170157381a71ccf1
0,       1570,       1570,        1,  2531520, 4c6f883c94aad305170157381a71ccf1
0,       1571,       1571,        1,  2531520, 4c6f883c94aad305170157381a71ccf1
0,       1572,       1572,        1,  2531520, 3439b53d29b19626e90ac9f5739dbd1d
0,       1573,       1573,        1,  2531520, 3439b53d29b19626e90ac9f5739dbd1d
0,       1574,       1574,        1,  2531520, 3439b53d29b19626e90ac9f5739dbd1d
0,       1575,       1575,        1,  2531520, 4c6f883c94aad305170157381a71ccf1
0,       1576,       1576,        1,  2531520, 4c6f883c94aad305170157381a71ccf1
0,       1577,       1577,        1,  2531520, 4c6f883c94aad305170157381a71ccf1
0,       1578,       1578,        1,  2531520, 3439b53d29b19626e90ac9f5739dbd1d
0,       1579,       1579,        1,  2531520, 3439b53d29b19626e90ac9f5739dbd1d
0,       1580,       1580,        1,  2531520, 3439b53d29b19626e90ac9f5739dbd1d
0,       1581,       1581,        1,  2531520, 4c6f883c94aad305170157381a71ccf1
0,       1582,       1582,        1,  2531520, 4c6f883c94aad305170157381a71ccf1
0,       1583,       1583,        1,  2531520, 4c6f883c94aad305170157381a71ccf1
0,       1584,       1584,        1,  2531520, 3439b53d29b19626e90ac9f5739dbd1d
0,       1585,       1585,        1,  2531520, 3439b53d29b19626e90ac9f5739dbd1d
0,       1586,       1586,        1,  2531520, 3439b53d29b19626e90ac9f5739dbd1d
0,       1587,       1587,        1,  2531520, 4c6f883c94aad305170157381a71ccf1
0,       1588,       1588,        1,  2531520, 4c6f883c94aad305170157381a71ccf1
0,       1589,       1589,        1,  2531520, 3439b53d29b19626e90ac9f5739dbd1d
0,       1590,       1590,        1,  2531520, 3439b53d29b19626e90ac9f5739dbd1d
0,       1591,       1591,        1,  2531520, 3439b53d29b19626e90ac9f5739dbd1d
0,       1592,       1592,        1,  2531520, 4c6f883c94aad305170157381a71ccf1
0,       1593,       1593,        1,  2531520, 4c6f883c94aad305170157381a71ccf1
0,       1594,       1594,        1,  2531520, 4c6f883c94aad305170157381a71ccf1
0,       1595,       1595,        1,  2531520, 4c6f883c94aad305170157381a71ccf1
0,       1596,       1596,        1,  2531520, 3439b53d29b19626e90ac9f5739dbd1d
0,       1597,       1597,        1,  2531520, 3439b53d29b19626e90ac9f5739dbd1d
0,       1598,       1598,        1,  2531520, 3439b53d29b19626e90ac9f5739dbd1d
0,       1599,       1599,        1,  2531520, 4c6f883c94aad305170157381a71ccf1
0,       1600,       1600,        1,  2531520, 4c6f883c94aad305170157381a71ccf1
0,       1601,       1601,        1,  2531520, 4c6f883c94aad305170157381a71ccf1
0,       1602,       1602,        1,  2531520, 3439b53d29b19626e90ac9f5739dbd1d
0,       1603,       1603,        1,  2531520, 3439b53d29b19626e90ac9f5739dbd1d
0,       1604,       1604,        1,  2531520, 3439b53d29b19626e90ac9f5739dbd1d
0,       1605,       1605,        1,  2531520, 4c6f883c94aad305170157381a71ccf1
0,       1606,       1606,        1,  2531520, 4c6f883c94aad305170157381a71ccf1
0,       1607,       1607,        1,  2531520, 4c6f883c94aad305170157381a71ccf1
0,       1608,       1608,        1,  2531520, 3439b53d29b19626e90ac9f5739dbd1d
0,       1609,       1609,        1,  2531520, 3439b53d29b19626e90ac9f5739dbd1d
0,       1610,       1610,        1,  2531520, 3439b53d29b19626e90ac9f5739dbd1d
0,       1611,       1611,        1,  2531520, 4c6f883c94aad305170157381a71ccf1
0,       1612,       1612,        1,  2531520, 4c6f883c94aad305170157381a71ccf1
0,       1613,       1613,        1,  2531520, 4c6f883c94aad305170157381a71ccf1
0,       1614,       1614,        1,  2531520, 3439b53d29b19626e90ac9f5739dbd1d
0,       1615,       1615,        1,  2531520, 3439b53d29b19626e90ac9f5739dbd1d
0,       1616,       1616,        1,  2531520, 3439b53d29b19626e90ac9f5739dbd1d
0,       1617,       1617,        1,  2531520, 4c6f883c94aad305170157381a71ccf1
0,       1618,       1618,        1,  2531520, 4c6f883c94aad305170157381a71ccf1
0,       1619,       1619,        1,  2531520, 4c6f883c94aad305170157381a71ccf1
0,       1620,       1620,        1,  2531520, 3439b53d29b19626e90ac9f5739dbd1d
0,       1621,       1621,        1,  2531520, 3439b53d29b19626e90ac9f5739dbd1d
0,       1622,       1622,        1,  2531520, 3439b53d29b19626e90ac9f5739dbd1d
0,       1623,       1623,        1,  2531520, 4c6f883c94aad305170157381a71ccf1
0,       1624,       1624,        1,  2531520, 4c6f883c94aad305170157381a71ccf1
0,       1625,       1625,        1,  2531520, 4c6f883c94aad305170157381a71ccf1
0,       1626,       1626,        1,  2531520, 3439b53d29b19626e90ac9f5739dbd1d
0,       1627,       1627,        1,  2531520, 3439b53d29b19626e90ac9f5739dbd1d
0,       1628,       1628,        1,  2531520, 3439b53d29b19626e90ac9f5739dbd1d
0,       1629,       1629,        1,  2531520, 4c6f883c94aad305170157381a71ccf1
0,       1630,       1630,        1,  2531520, 4c6f883c94aad305170157381a71ccf1
0,       1631,       1631,        1,  2531520, 4c6f883c94aad305170157381a71ccf1
0,       1632,       1632,        1,  2531520, 3439b53d29b19626e90ac9f5739dbd1d
0,       1633,       1633,        1,  2531520, 3439b53d29b19626e90ac9f5739dbd1d
0,       1634,       1634,        1,  2531520, 3439b53d29b19626e90ac9f5739dbd1d
0,       1635,       1635,        1,  2531520, 4c6f883c94aad305170157381a71ccf1
0,       1636,       1636,        1,  2531520, 4c6f883c94aad305170157381a71ccf1
0,       1637,       1637,        1,  2531520, 3439b53d29b19626e90ac9f5739dbd1d
0,       1638,       1638,        1,  2531520, 3439b53d29b19626e90ac9f5739dbd1d
0,       1639,       1639,        1,  2531520, 3439b53d29b19626e90ac9f5739dbd1d
0,       1640,       1640,        1,  2531520, 4c6f883c94aad305170157381a71ccf1
0,       1641,       1641,        1,  2531520, 4c6f883c94aad305170157381a71ccf1
0,       1642,       1642,        1,  2531520, 4c6f883c94aad305170157381a71ccf1
0,       1643,       1643,        1,  2531520, 3439b53d29b19626e90ac9f5739dbd1d
0,       1644,       1644,        1,  2531520, 3439b53d29b19626e90ac9f5739dbd1d
0,       1645,       1645,        1,  2531520, 3439b53d29b19626e90ac9f5739dbd1d
0,       1646,       1646,        1,  2531520, 3439b53d29b19626e90ac9f5739dbd1d
0,       1647,       1647,        1,  2531520, 4c6f883c94aad305170157381a71ccf1
0,       1648,       1648,        1,  2531520, 4c6f883c94aad305170157381a71ccf1
0,       1649,       1649,        1,  2531520, 3439b53d29b19626e90ac9f5739dbd1d
0,       1650,       1650,        1,  2531520, 3439b53d29b19626e90ac9f5739dbd1d
0,       1651,       1651,        1,  2531520, 3439b53d29b19626e90ac9f5739dbd1d
0,       1652,       1652,        1,  2531520, 3439b53d29b19626e90ac9f5739dbd1d
0,       1653,       1653,        1,  2531520, 4c6f883c94aad305170157381a71ccf1
0,       1654,       1654,        1,  2531520, 4c6f883c94aad305170157381a71ccf1
0,       1655,       1655,        1,  2531520, 3439b53d29b19626e90ac9f5739dbd1d
0,       1656,       1656,        1,  2531520, 3439b53d29b19626e90ac9f5739dbd1d
0,       1657,       1657,        1,  2531520, 3439b53d29b19626e90ac9f5739dbd1d
0,       1658,       1658,        1,  2531520, 3439b53d29b19626e90ac9f5739dbd1d
0,       1659,       1659,        1,  2531520, 4c6f883c94aad305170157381a71ccf1
0,       1660,       1660,        1,  2531520, 4c6f883c94aad305170157381a71ccf1
0,       1661,       1661,        1,  2531520, 3439b53d29b19626e90ac9f5739dbd1d
0,       1662,       1662,        1,  2531520, 3439b53d29b19626e90ac9f5739dbd1d
0,       1663,       1663,        1,  2531520, 3439b53d29b19626e90ac9f5739dbd1d
0,       1664,       1664,        1,  2531520, 4c6f883c94aad305170157381a71ccf1
0,       1665,       1665,        1,  2531520, 4c6f883c94aad305170157381a71ccf1
0,       1666,       1666,        1,  2531520, 4c6f883c94aad305170157381a71ccf1
0,       1667,       1667,        1,  2531520, 3439b53d29b19626e90ac9f5739dbd1d
0,       1668,       1668,        1,  2531520, 3439b53d29b19626e90ac9f5739dbd1d
0,       1669,       1669,        1,  2531520, 3439b53d29b19626e90ac9f5739dbd1d
0,       1670,       1670,        1,  2531520, 4c6f883c94aad305170157381a71ccf1
0,       1671,       1671,        1,  2531520, 4c6f883c94aad305170157381a71ccf1
0,       1672,       1672,        1,  2531520, 4c6f883c94aad305170157381a71ccf1
0,       1673,       1673,        1,  2531520, 3439b53d29b19626e90ac9f5739dbd1d
0,       1674,       1674,        1,  2531520, 3439b53d29b19626e90ac9f5739dbd1d
0,       1675,       1675,        1,  2531520, 3439b53d29b19626e90ac9f5739dbd1d
0,       1676,       1676,        1,  2531520, 4c6f883c94aad305170157381a71ccf1
0,       1677,       1677,        1,  2531520, 4c6f883c94aad305170157381a71ccf1
0,       1678,       1678,        1,  2531520, 4c6f883c94aad305170157381a71ccf1
0,       1679,       1679,        1,  2531520, 3439b53d29b19626e90ac9f5739dbd1d
0,       1680,       1680,        1,  2531520, 3439b53d29b19626e90ac9f5739dbd1d
0,       1681,       1681,        1,  2531520, 3439b53d29b19626e90ac9f5739dbd1d
0,       1682,       1682,        1,  2531520, 3439b53d29b19626e90ac9f5739dbd1d
0,       1683,       1683,        1,  2531520, 4c6f883c94aad305170157381a71ccf1
0,       1684,       1684,        1,  2531520, 4c6f883c94aad305170157381a71ccf1
0,       1685,       1685,        1,  2531520, 3439b53d29b19626e90ac9f5739dbd1d
0,       1686,       1686,        1,  2531520, 3439b53d29b19626e90ac9f5739dbd1d
0,       1687,       1687,        1,  2531520, 3439b53d29b19626e90ac9f5739dbd1d
0,       1688,       1688,        1,  2531520, 4c6f883c94aad305170157381a71ccf1
0,       1689,       1689,        1,  2531520, 4c6f883c94aad305170157381a71ccf1
0,       1690,       1690,        1,  2531520, 4c6f883c94aad305170157381a71ccf1
0,       1691,       1691,        1,  2531520, 3439b53d29b19626e90ac9f5739dbd1d
0,       1692,       1692,        1,  2531520, 3439b53d29b19626e90ac9f5739dbd1d
0,       1693,       1693,        1,  2531520, 3439b53d29b19626e90ac9f5739dbd1d
0,       1694,       1694,        1,  2531520, 3439b53d29b19626e90ac9f5739dbd1d
0,       1695,       1695,        1,  2531520, 4c6f883c94aad305170157381a71ccf1
0,       1696,       1696,        1,  2531520, 4c6f883c94aad305170157381a71ccf1
0,       1697,       1697,        1,  2531520, 3439b53d29b19626e90ac9f5739dbd1d
0,       1698,       1698,        1,  2531520, 3439b53d29b19626e90ac9f5739dbd1d
0,       1699,       1699,        1,  2531520, 3439b53d29b19626e90ac9f5739dbd1d
0,       1700,       1700,        1,  2531520, 3439b53d29b19626e90ac9f5739dbd1d
0,       1701,       1701,        1,  2531520, 4c6f883c94aad305170157381a71ccf1
0,       1702,       1702,        1,  2531520, 4c6f883c94aad305170157381a71ccf1
0,       1703,       1703,        1,  2531520, 3439b53d29b19626e90ac9f5739dbd1d
0,       1704,       1704,        1,  2531520, 3439b53d29b19626e90ac9f5739dbd1d
0,       1705,       1705,        1,  2531520, 3439b53d29b19626e90ac9f5739dbd1d
0,       1706,       1706,        1,  2531520, 3439b53d29b19626e90ac9f5739dbd1d
0,       1707,       1707,        1,  2531520, 4c6f883c94aad305170157381a71ccf1
0,       1708,       1708,        1,  2531520, 4c6f883c94aad305170157381a71ccf1
0,       1709,       1709,        1,  2531520, 3439b53d29b19626e90ac9f5739dbd1d
0,       1710,       1710,        1,  2531520, 3439b53d29b19626e90ac9f5739dbd1d
0,       1711,       1711,        1,  2531520, 3439b53d29b19626e90ac9f5739dbd1d
0,       1712,       1712,        1,  2531520, 3439b53d29b19626e90ac9f5739dbd1d
0,       1713,       1713,        1,  2531520, 4c6f883c94aad305170157381a71ccf1
0,       1714,       1714,        1,  2531520, 4c6f883c94aad305170157381a71ccf1
0,       1715,       1715,        1,  2531520, 3439b53d29b19626e90ac9f5739dbd1d
0,       1716,       1716,        1,  2531520, 3439b53d29b19626e90ac9f5739dbd1d
0,       1717,       1717,        1,  2531520, 3439b53d29b19626e90ac9f5739dbd1d
0,       1718,       1718,        1,  2531520, 3439b53d29b19626e90ac9f5739dbd1d
0,       1719,       1719,        1,  2531520, 4c6f883c94aad305170157381a71ccf1
0,       1720,       1720,        1,  2531520, 4c6f883c94aad305170157381a71ccf1
0,       1721,       1721,        1,  2531520, 3439b53d29b19626e90ac9f5739dbd1d
0,       1722,       1722,        1,  2531520, 3439b53d29b19626e90ac9f5739dbd1d
0,       1723,       1723,        1,  2531520, 3439b53d29b19626e90ac9f5739dbd1d
0,       1724,       1724,        1,  2531520, 3439b53d29b19626e90ac9f5739dbd1d
0,       1725,       1725,        1,  2531520, 4c6f883c94aad305170157381a71ccf1
0,       1726,       1726,        1,  2531520, 4c6f883c94aad305170157381a71ccf1
0,       1727,       1727,        1,  2531520, 3439b53d29b19626e90ac9f5739dbd1d
0,       1728,       1728,        1,  2531520, 3439b53d29b19626e90ac9f5739dbd1d
0,       1729,       1729,        1,  2531520, 3439b53d29b19626e90ac9f5739dbd1d
0,       1730,       1730,        1,  2531520, 4c6f883c94aad305170157381a71ccf1
0,       1731,       1731,        1,  2531520, 4c6f883c94aad305170157381a71ccf1
0,       1732,       1732,        1,  2531520, 4c6f883c94aad305170157381a71ccf1
0,       1733,       1733,        1,  2531520, 3439b53d29b19626e90ac9f5739dbd1d
0,       1734,       1734,        1,  2531520, 3439b53d29b19626e90ac9f5739dbd1d
0,       1735,       1735,        1,  2531520, 3439b53d29b19626e90ac9f5739dbd1d
0,       1736,       1736,        1,  2531520, 4c6f883c94aad305170157381a71ccf1
0,       1737,       1737,        1,  2531520, 4c6f883c94aad305170157381a71ccf1
0,       1738,       1738,        1,  2531520, 4c6f883c94aad305170157381a71ccf1
0,       1739,       1739,        1,  2531520, 3439b53d29b19626e90ac9f5739dbd1d
0,       1740,       1740,        1,  2531520, 3439b53d29b19626e90ac9f5739dbd1d
0,       1741,       1741,        1,  2531520, 3439b53d29b19626e90ac9f5739dbd1d
0,       1742,       1742,        1,  2531520, 3439b53d29b19626e90ac9f5739dbd1d
0,       1743,       1743,        1,  2531520, 4c6f883c94aad305170157381a71ccf1
0,       1744,       1744,        1,  2531520, 4c6f883c94aad305170157381a71ccf1
0,       1745,       1745,        1,  2531520, 3439b53d29b19626e90ac9f5739dbd1d
0,       1746,       1746,        1,  2531520, 3439b53d29b19626e90ac9f5739dbd1d
0,       1747,       1747,        1,  2531520, 3439b53d29b19626e90ac9f5739dbd1d
0,       1748,       1748,        1,  2531520, 4c6f883c94aad305170157381a71ccf1
0,       1749,       1749,        1,  2531520, 4c6f883c94aad305170157381a71ccf1
0,       1750,       1750,        1,  2531520, 4c6f883c94aad305170157381a71ccf1
0,       1751,       1751,        1,  2531520, 3439b53d29b19626e90ac9f5739dbd1d
0,       1752,       1752,        1,  2531520, 3439b53d29b19626e90ac9f5739dbd1d
0,       1753,       1753,        1,  2531520, 3439b53d29b19626e90ac9f5739dbd1d
0,       1754,       1754,        1,  2531520, 3439b53d29b19626e90ac9f5739dbd1d
0,       1755,       1755,        1,  2531520, 4c6f883c94aad305170157381a71ccf1
0,       1756,       1756,        1,  2531520, 4c6f883c94aad305170157381a71ccf1
0,       1757,       1757,        1,  2531520, 3439b53d29b19626e90ac9f5739dbd1d
0,       1758,       1758,        1,  2531520, 3439b53d29b19626e90ac9f5739dbd1d
0,       1759,       1759,        1,  2531520, 3439b53d29b19626e90ac9f5739dbd1d
0,       1760,       1760,        1,  2531520, 4c6f883c94aad305170157381a71ccf1
0,       1761,       1761,        1,  2531520, 4c6f883c94aad305170157381a71ccf1
0,       1762,       1762,        1,  2531520, 4c6f883c94aad305170157381a71ccf1
0,       1763,       1763,        1,  2531520, 3439b53d29b19626e90ac9f5739dbd1d
0,       1764,       1764,        1,  2531520, 3439b53d29b19626e90ac9f5739dbd1d
0,       1765,       1765,        1,  2531520, 3439b53d29b19626e90ac9f5739dbd1d
0,       1766,       1766,        1,  2531520, 4c6f883c94aad305170157381a71ccf1
0,       1767,       1767,        1,  2531520, 4c6f883c94aad305170157381a71ccf1
0,       1768,       1768,        1,  2531520, 4c6f883c94aad305170157381a71ccf1
0,       1769,       1769,        1,  2531520, 3439b53d29b19626e90ac9f5739dbd1d
0,       1770,       1770,        1,  2531520, 3439b53d29b19626e90ac9f5739dbd1d
0,       1771,       1771,        1,  2531520, 3439b53d29b19626e90ac9f5739dbd1d
0,       1772,       1772,        1,  2531520, 3439b53d29b19626e90ac9f5739dbd1d
0,       1773,       1773,        1,  2531520, 4c6f883c94aad305170157381a71ccf1
0,       1774,       1774,        1,  2531520, 4c6f883c94aad305170157381a71ccf1
0,       1775,       1775,        1,  2531520, 3439b53d29b19626e90ac9f5739dbd1d
0,       1776,       1776,        1,  2531520, 3439b53d29b19626e90ac9f5739dbd1d
0,       1777,       1777,        1,  2531520, 3439b53d29b19626e90ac9f5739dbd1d
0,       1778,       1778,        1,  2531520, 3439b53d29b19626e90ac9f5739dbd1d
0,       1779,       1779,        1,  2531520, 4c6f883c94aad305170157381a71ccf1
0,       1780,       1780,        1,  2531520, 4c6f883c94aad305170157381a71ccf1
0,       1781,       1781,        1,  2531520, 3439b53d29b19626e90ac9f5739dbd1d
0,       1782,       1782,        1,  2531520, 3439b53d29b19626e90ac9f5739dbd1d
0,       1783,       1783,        1,  2531520, 3439b53d29b19626e90ac9f5739dbd1d
0,       1784,       1784,        1,  2531520, 4c6f883c94aad305170157381a71ccf1
0,       1785,       1785,        1,  2531520, 4c6f883c94aad305170157381a71ccf1
0,       1786,       1786,        1,  2531520, 4c6f883c94aad305170157381a71ccf1
0,       1787,       1787,        1,  2531520, 3439b53d29b19626e90ac9f5739dbd1d
0,       1788,       1788,        1,  2531520, 3439b53d29b19626e90ac9f5739dbd1d
0,       1789,       1789,        1,  2531520, 3439b53d29b19626e90ac9f5739dbd1d
0,       1790,       1790,        1,  2531520, 4c6f883c94aad305170157381a71ccf1
0,       1791,       1791,        1,  2531520, 4c6f883c94aad305170157381a71ccf1
0,       1792,       1792,        1,  2531520, 4c6f883c94aad305170157381a71ccf1
0,       1793,       1793,        1,  2531520, 3439b53d29b19626e90ac9f5739dbd1d
0,       1794,       1794,        1,  2531520, 3439b53d29b19626e90ac9f5739dbd1d
0,       1795,       1795,        1,  2531520, 3439b53d29b19626e90ac9f5739dbd1d
0,       1796,       1796,        1,  2531520, 4c6f883c94aad305170157381a71ccf1
0,       1797,       1797,        1,  2531520, 4c6f883c94aad305170157381a71ccf1
0,       1798,       1798,        1,  2531520, 4c6f883c94aad305170157381a71ccf1
0,       1799,       1799,        1,  2531520, 3439b53d29b19626e90ac9f5739dbd1d
