#format: frame checksums
#version: 2
#hash: MD5
#software: Lavf61.7.103
#tb 0: 1/60
#media_type 0: video
#codec_id 0: rawvideo
#dimensions 0: 879x720
#sar 0: 0/1
#stream#, dts,        pts, duration,     size, hash
0,          0,          0,        1,  2531520, 962be53b68bfa5f400c8a50520d7f5d8
0,          1,          1,        1,  2531520, dccd020f96e4985aa13555f05f9824ea
0,          2,          2,        1,  2531520, 616c6e1279d46a53fafa41ab2bacd52e
0,          3,          3,        1,  2531520, 7a031df8039eea2d57f5c234b23ed3d5
0,          4,          4,        1,  2531520, 88cb4a33beff07a2f95f64aa9d485e17
0,          5,          5,        1,  2531520, 330e49eea62b8ce089459d3a62a435ed
0,          6,          6,        1,  2531520, 7d0ba46a854f3208544acbb2f01c491f
0,          7,          7,        1,  2531520, ed744f79be12ad8ae44378c5f8563372
0,          8,          8,        1,  2531520, 1b63c1b2f179dd575f229494d8623d74
0,          9,          9,        1,  2531520, a7a67617b0d721939bfe4038e3eb627f
0,         10,         10,        1,  2531520, 0054328b793b5f08630f09ce02364ec2
0,         11,         11,        1,  2531520, 610ecac992878d4981ecb40cbc5d1872
0,         12,         12,        1,  2531520, be7b93439ea9a3811ceb2a27fb885a49
0,         13,         13,        1,  2531520, 043dc81c9237a918eea5d35aae698ca4
0,         14,         14,        1,  2531520, 3b5c831b3557230b15e1221da6e8b046
0,         15,         15,        1,  2531520, c76d034fabb0fa3a0ba11ffebfba9f85
0,         16,         16,        1,  2531520, de4b998ecc893a9eaaf2e9a3e83005a8
0,         17,         17,        1,  2531520, 017d496820790778ddbeef02032d43e8
0,         18,         18,        1,  2531520, 2927da5752169182ecec06b46890c25a
0,         19,         19,        1,  2531520, fe61926d3cebe88c6482aaab4bf96f94
0,         20,         20,        1,  2531520, a5de238b2faddd1c7c6cdf3c9ecd5175
0,         21,         21,        1,  2531520, 52db36b82623e069ee9092a6fa7dd250
0,         22,         22,        1,  2531520, 75e1098310b057877d15ce0c05f8304a
0,         23,         23,        1,  2531520, 10cae557503e267411e907823fb96404
0,         24,         24,        1,  2531520, 5faa4be85feb030e95e3894dfce6335e
0,         25,         25,        1,  2531520, 008f1e4349e82a03f4d60a598ab2bc64
0,         26,         26,        1,  2531520, 08c57b4fad9fdeb7f76a655e3115d565
0,         27,         27,        1,  2531520, 8c1c2f3c6c68d42a315863150fb5dd4b
0,         28,         28,        1,  2531520, 11b768783d485635bc30731cbf54e8c7
0,         29,         29,        1,  2531520, c98e8c4e56486a268e04f6b89e964a26
0,         30,         30,        1,  2531520, 87f1ad7f5337fabb32709eda8cd20efb
0,         31,         31,        1,  2531520, 0b323a97494ccc9a3bbc05286ca320a6
0,         32,         32,        1,  2531520, 27fd2da906601f7c7f91bc664b59145d
0,         33,         33,        1,  2531520, 3d8226af04cf3c92116138c9f585419e
0,         34,         34,        1,  2531520, 5b298da22eb2de6084dc3b2c1ebb5060
0,         35,         35,        1,  2531520, 3e210a2e827367e37619d93a9734efe0
0,         36,         36,        1,  2531520, 221a940c9cc53956a57b2991bad415ed
0,         37,         37,        1,  2531520, 9f1416ff14754a1ab67f444c668c065e
0,         38,         38,        1,  2531520, f39046352a2a7cb6144af7343b2f9e06
0,         39,         39,        1,  2531520, e580f8a2acc1efac2aa7292e40c781d9
0,         40,         40,        1,  2531520, ae259a856fe9f922fbbfc23583204161
0,         41,         41,        1,  2531520, 110619617aa00d562fad6fba26c16bc4
0,         42,         42,        1,  2531520, cc8697eea13fb022d4e89bbf51ef938d
0,         43,         43,        1,  2531520, 746afde43f66ebc49b3f7f310dfbfaae
0,         44,         44,        1,  2531520, 557423b02dcc2c8a62185aee1b84965f
0,         45,         45,        1,  2531520, 23eb84d5437d40b441fa3d3194201d7b
0,         46,         46,        1,  2531520, fe70398e76f475f9d385b4c3c25fec55
0,         47,         47,        1,  2531520, 3b009eee562214f71043a1d000971ee6
0,         48,         48,        1,  2531520, 2b2d07a790a23ecdaa4d6198d484af58
0,         49,         49,        1,  2531520, d38e4e1f543ae42ff53687cd7675164f
0,         50,         50,        1,  2531520, e14ead5e6dc3daf2b5ca1a2edec59354
0,         51,         51,        1,  2531520, abb6140dd2c9e42548843ad12dce9021
0,         52,         52,        1,  2531520, a0c788b8bb386b81628c7020f6c87eb2
0,         53,         53,        1,  2531520, 7d0749b17c3eebff5a05bd746c968198
0,         54,         54,        1,  2531520, b30a528cc243a19b5cba18997cb04663
0,         55,         55,        1,  2531520, 00a45f1286413e2d7bf5d15e2a4fc9b8
0,         56,         56,        1,  2531520, 4a14e7927989f5a5427b5dededf4bc10
0,         57,         57,        1,  2531520, 49cf0252ef9725f3ba5e11497dca0923
0,         58,         58,        1,  2531520, 7d260b9ada9a980fbc5d670640eb5bb4
0,         59,         59,        1,  2531520, 028f9f41e21a3ecb89c1041de324de63
0,         60,         60,        1,  2531520, d55d6e2129df4010710e866e7753c2fd
0,         61,         61,        1,  2531520, ad9cf453a9250d6e60ea91124c14d9b6
0,         62,         62,        1,  2531520, 409813d8b7eec97a87050a3ddb4f65cb
0,         63,         63,        1,  2531520, 6ae441da154b974901f23ab9c3a2b999
0,         64,         64,        1,  2531520, 0680fba011d89db2f7e9f41cdb20b633
0,         65,         65,        1,  2531520, a1ade7d27f0a663f8089de8b32abd31a
0,         66,         66,        1,  2531520, 667f0a2f4e93bdc6c12a3811a96b7e4a
0,         67,         67,        1,  2531520, 75e1235ddee230e39876a4a801432825
0,         68,         68,        1,  2531520, 61b99805075e57a20dba8f365c809580
0,         69,         69,        1,  2531520, 9900ab73db85d2c8224883f9e95230a8
0,         70,         70,        1,  2531520, f48676fffdea6bf734356e6488d7c437
0,         71,         71,        1,  2531520, a5989ace486e2e4a2e53428654e49021
0,         72,         72,        1,  2531520, 570fb56dd318ceb8388fc073a8fe3f53
0,         73,         73,        1,  2531520, 51e76cf2c0ffd607213af05888b28603
0,         74,         74,        1,  2531520, 2b61ccba050a9d3b89265c3c3b6651e6
0,         75,         75,        1,  2531520, d15aee3c1a1f9ca1685111fdcf405d0c
0,         76,         76,        1,  2531520, 248fc047e7871faf882f5c349080aefe
0,         77,         77,        1,  2531520, 9213c3bfdc80e52f3f73a753b89ff346
0,         78,         78,        1,  2531520, 15802f78816802de231b66791743ad6a
0,         79,         79,        1,  2531520, fc5decc46945130a21ce9502a7bc7cb5
0,         80,         80,        1,  2531520, 871b3357e295b48e8c8c352084fc752e
0,         81,         81,        1,  2531520, be0c770aaf015e9f4b00f9da4636c04e
0,         82,         82,        1,  2531520, c3fe18f6f06578079bdefca2fbad4949
0,         83,         83,        1,  2531520, dadc5dc722b2a5375c6549afbf2ca2af
0,         84,         84,        1,  2531520, b30ebfc5efb10ea91159fda65908f812
0,         85,         85,        1,  2531520, 103c58d26bb8dd9a3fe754deb68cf3fc
0,         86,         86,        1,  2531520, 4787baabe289c9a45283a32337bdc3e8
0,         87,         87,        1,  2531520, c7d695e68a860991123c79a9429a72be
0,         88,         88,        1,  2531520, 57fd91603c6f5a9c9b07ce73f44b4a81
0,         89,         89,        1,  2531520, 828b7aeb6514cc4f3526cc344d6bae42
0,         90,         90,        1,  2531520, 3135bac08674f004e36a7eb93294c92d
0,         91,         91,        1,  2531520, 484f5117fd354d69d75b7052e5a5f383
0,         92,         92,        1,  2531520, 9ab9d5a42bd8ecdf4ba9c96256a02e06
0,         93,         93,        1,  2531520, fa3c71cbbafac216bf5397205fa26172
0,         94,         94,        1,  2531520, ef55762adce922af1952a15a99d05757
0,         95,         95,        1,  2531520, 6213b55908cee099cc2d1929dc20e9e1
0,         96,         96,        1,  2531520, da32f093e8628c68e794ba41f0cae937
0,         97,         97,        1,  2531520, 32adc1d6234a66d68a6c512dbe410e91
0,         98,         98,        1,  2531520, cf843bb461d5c47e2efbc9d0040522a2
0,         99,         99,        1,  2531520, 946b681f326755fafd9ef1a2c5450da6
0,        100,        100,        1,  2531520, 0879f807b9e55c812c74d4094372fcee
0,        101,        101,        1,  2531520, 37e10fd9596c7ae825f2ed96d341a82c
0,        102,        102,        1,  2531520, 5daa07710d550a42db5d3d9e134e9bb8
0,        103,        103,        1,  2531520, e62beab0aac6f0f310d719661ed6654a
0,        104,        104,        1,  2531520, f66435896bbce06e6964575a2684085b
0,        105,        105,        1,  2531520, 56637881b5bb6af099651b3ae13bb6a9
0,        106,        106,        1,  2531520, bc018166f21fa1faec0f3cb355778958
0,        107,        107,        1,  2531520, 7f09995300d412ac62f279d614c24e31
0,        108,        108,        1,  2531520, 44496bef51dfcaf456a81706ef24bac2
0,        109,        109,        1,  2531520, 202d210388441c83a33efe050eb93d12
0,        110,        110,        1,  2531520, 73ae59308f18b2a1006206ec4cab2ae9
0,        111,        111,        1,  2531520, a4c2a12e334fcc536fad1f04fc39db52
0,        112,        112,        1,  2531520, a41540e7c4ff7311b50ca384ed05d21e
0,        113,        113,        1,  2531520, 1b59fd6e49ab7889622cc101adfa1094
0,        114,        114,        1,  2531520, 9a4a9531e137abcb59a82ddbb0c7405f
0,        115,        115,        1,  2531520, 4a5b0748ecbed222daec8641752b2651
0,        116,        116,        1,  2531520, b065c365752ed2fe1e7577feb47ade9f
0,        117,        117,        1,  2531520, 2d8ec43a35368b80f59493079bcadc09
0,        118,        118,        1,  2531520, e7195090b04b0822a9dbad6892c611bc
0,        119,        119,        1,  2531520, c1c8f8fb32b23ea4dcccb4bf4a9ffb09
0,        120,        120,        1,  2531520, f634f950266b067c838eac8dae605f5e
0,        121,        121,        1,  2531520, 0c3be5bf15eb734693cf34b4fd3bf1b9
0,        122,        122,        1,  2531520, 571e28039452087a7581986f8c1eec06
0,        123,        123,        1,  2531520, fcf5ac024a29936548c8260bbabcecf3
0,        124,        124,        1,  2531520, 3a5b4b8b5cc46a7c5dce812e09a55eba
0,        125,        125,        1,  2531520, 48041fe649ebbba6cd40d9b2468d71be
0,        126,        126,        1,  2531520, 6fbfa8681b83776709cb276bc78a65ce
0,        127,        127,        1,  2531520, e70e3c7647b35f5343c49b7bb5a64859
0,        128,        128,        1,  2531520, 5b47af89feb1a6b8f6a95a21d24eba3a
0,        129,        129,        1,  2531520, 9f20447943b4b8e444765fdc581fd62e
0,        130,        130,        1,  2531520, c7bdbd3216288fe8d31eb29cbf219a63
0,        131,        131,        1,  2531520, c5a394c131b2615340c7fbed02e0bd83
0,        132,        132,        1,  2531520, b8e10a857f3d7da2f3075ed9e7ffb97f
0,        133,        133,        1,  2531520, f1c6c052680731aed434c955ce525f3b
0,        134,        134,        1,  2531520, 8bd1788b587416e43e4ebe78df03a178
0,        135,        135,        1,  2531520, 9079d9868e72bc6f8ce0b307195c5e65
0,        136,        136,        1,  2531520, a895358389a4a39dfc77de5c2822e388
0,        137,        137,        1,  2531520, 209395c3faed123df804eb56e06db28d
0,        138,        138,        1,  2531520, 702edac172d08958c6ffe185f86a721e
0,        139,        139,        1,  2531520, 71104c97567592f6a7fc1c81c6095358
0,        140,        140,        1,  2531520, 27e2d33b9f6f376c4a30506334d1dd82
0,        141,        141,        1,  2531520, 8df2702e31c26e013d406cd8db9f6be3
0,        142,        142,        1,  2531520, 0f719806d176c3f04cea2cff353c4903
0,        143,        143,        1,  2531520, da52130959fcaf1db139ef2497beec5e
0,        144,        144,        1,  2531520, 6c8fd328cce84e1ba9342e9a684e9485
0,        145,        145,        1,  2531520, 9edebdca938c7265bf72bd1cc8a4dfe5
0,        146,        146,        1,  2531520, 51ac5685d960054d88249ce86890c378
0,        147,        147,        1,  2531520, 136392dd67c358d118f47ca5b25a0c9c
0,        148,        148,        1,  2531520, d125a5878a6692d60572051f35567cdf
0,        149,        149,        1,  2531520, 803298c9536ed0f78fdae7ffe70a804b
0,        150,        150,        1,  2531520, 8f6ab74497836b5c20a641c18c7a7c2f
0,        151,        151,        1,  2531520, 7fdb69b0a0d70706b1f733ca87846210
0,        152,        152,        1,  2531520, d7544b577a9ee0a1bd3e0605e568d43d
0,        153,        153,        1,  2531520, dffa06f1c0cef7a7cb0ea1f5a425c37b
0,        154,        154,        1,  2531520, 3d6d53a7ac55047ddb45357fb0add24c
0,        155,        155,        1,  2531520, 54e30ad45a750f87e7a7364e24dbe6e1
0,        156,        156,        1,  2531520, 04bc59c8020955ad684a5e146ca04f70
0,        157,        157,        1,  2531520, 09be019f0e124fadba0eb40297457a88
0,        158,        158,        1,  2531520, ee53e67c323290145ceb379b0ab177e9
0,        159,        159,        1,  2531520, efdfeb980d23179d0fd70707460f70d5
0,        160,        160,        1,  2531520, 9c403647d733594179741cae5f33fb37
0,        161,        161,        1,  2531520, 4a33064220cc5ca3e08dee7c6c21c997
0,        162,        162,        1,  2531520, 9f413145a36a58bda6454ecb8e9ce56e
0,        163,        163,        1,  2531520, bee139cbf3abf858d370c12127e8871c
0,        164,        164,        1,  2531520, 91504c357046206a1cb5aad94bf37207
0,        165,        165,        1,  2531520, ebe404374b1bf36aae8856ae1e1d815c
0,        166,        166,        1,  2531520, 4ec0481ef8b79b5fb65c5d41dd9f8401
0,        167,        167,        1,  2531520, 8f34eb4042477692da91b9697f27ad64
0,        168,        168,        1,  2531520, 7c2186f3242e386818f5a54df2dee6b8
0,        169,        169,        1,  2531520, a0035120bd3de757a119b86587fac73d
0,        170,        170,        1,  2531520, 52a80206ad8dc9cea3445b4555b3ff1b
0,        171,        171,        1,  2531520, 1d83682040c0c8af1ab2be7e7a70adba
0,        172,        172,        1,  2531520, 00ef45a7934f0e1bf8100a54b855c4af
0,        173,        173,        1,  2531520, 4e46aecd76c8b8b92d4e219a9b3dc819
0,        174,        174,        1,  2531520, a5a01010a16fa8b1dea1c203a93b58a3
0,        175,        175,        1,  2531520, 97be30f109d4536f133fd20f6dc95a14
0,        176,        176,        1,  2531520, d6c819106ad50ba795cd58e093094257
0,        177,        177,        1,  2531520, 4db485b29b5ac02e23ebcd961260c701
0,        178,        178,        1,  2531520, 096eeae802d6fa5d07096e29f1c0c2f0
0,        179,        179,        1,  2531520, ed1b561dc40eb3d0204bcef9fee8e03a
0,        180,        180,        1,  2531520, a73bdff885f75e629305730e2cfcc91a
0,        181,        181,        1,  2531520, 592f0b7f4e49df90acaec7959e619f46
0,        182,        182,        1,  2531520, 46d3cc5bfe6a48ab9c9713777c4a1d3e
0,        183,        183,        1,  2531520, 874642e5eff756c84668cee01256602a
0,        184,        184,        1,  2531520, f723a47742d5eedb9fff5f4a4544ace3
0,        185,        185,        1,  2531520, aa06850afc1a3d0226e74a5341b2a48f
0,        186,        186,        1,  2531520, 63c2e9952e92979c2b5895c70190dc85
0,        187,        187,        1,  2531520, 3c416b92b4e174df63845991e7f1f1ec
0,        188,        188,        1,  2531520, 0feaaa3db1b71a6768c2e889c860ff71
0,        189,        189,        1,  2531520, fcb0b4974aae33bd86b2bd189ea30e1c
0,        190,        190,        1,  2531520, dc22740fce2fb460e176f0afa5a5bf45
0,        191,        191,        1,  2531520, fe3858600e91075fb3d9f6639f909c1b
0,        192,        192,        1,  2531520, 9939a9540b5f82c3d7ed7b814f85ca31
0,        193,        193,        1,  2531520, 86deb1c12d2cb1b8dfe54a00bcde1e48
0,        194,        194,        1,  2531520, c73dd7a21449dc36721df7fabf28e4e2
0,        195,        195,        1,  2531520, 40c28abd0ce47773995b3adfcba19c64
0,        196,        196,        1,  2531520, 323948748bc97aee15593242426e3887
0,        197,        197,        1,  2531520, f23629f8f7f05c8036ccb1bc505335dc
0,        198,        198,        1,  2531520, ae628f126233b4ab11a9e954f812cc92
0,        199,        199,        1,  2531520, 1be16485d48b9571e784deb50d9869b1
0,        200,        200,        1,  2531520, 8567febb77f8f37cad5a20a83852c898
0,        201,        201,        1,  2531520, d644a7ad68fdc3fddd50f02051d2139f
0,        202,        202,        1,  2531520, dffc846a39a9dd435902c8f2782529e2
0,        203,        203,        1,  2531520, eefd3733b7ca92655da0c67b6490c7ae
0,        204,        204,        1,  2531520, 504077b99dd83a69565db5775712c485
0,        205,        205,        1,  2531520, 75784cf7e97d94405eeef1075e11e158
0,        206,        206,        1,  2531520, 3b881f3df645345f8fa9ce37a915ea09
0,        207,        207,        1,  2531520, 3dea40fb706611205cefdf02c1ddc77a
0,        208,        208,        1,  2531520, 7a872aabd0b73597a670c380169dd370
0,        209,        209,        1,  2531520, 3dfdedbeb8748eb85d6113e20643e25d
0,        210,        210,        1,  2531520, bcf1f8a40e81c12972287563f043c994
0,        211,        211,        1,  2531520, 3eb5ad3680a5480c27ece9ac2739e1d9
0,        212,        212,        1,  2531520, 77e96ee0b739e217e23b2577ac524234
0,        213,        213,        1,  2531520, 3e6b343afca07f3e721ba98cf89563d2
0,        214,        214,        1,  2531520, ee046c54393617e08b97ffe9993e7271
0,        215,        215,        1,  2531520, 74e2a92c98b262131b25cebfa792420b
0,        216,        216,        1,  2531520, bda2d210715a8471d9207fc93b6fbe74
0,        217,        217,        1,  2531520, a0c08d3a1ae9ac7bc634ada31bae711c
0,        218,        218,        1,  2531520, 6609159c05d925ec7317f41f405ca051
0,        219,        219,        1,  2531520, 2e4f76d23202e0825a6f4e4595f2c3d3
0,        220,        220,        1,  2531520, cf154fecfa45bec8fe58e1537f3e019d
0,        221,        221,        1,  2531520, f628147ba7d4a4964c66eff6a514fdc2
0,        222,        222,        1,  2531520, f47440e47f731304ad0ce9f7579ade34
0,        223,        223,        1,  2531520, 12494921bd1729e3e1cf281c7d462ac1
0,        224,        224,        1,  2531520, 3f4ebea6309492d41d18092faa1efac1
0,        225,        225,        1,  2531520, c0a3a83c79b46ffe4afca623b98d1c85
0,        226,        226,        1,  2531520, 59adff021f41501d2e628e3ca76318ed
0,        227,        227,        1,  2531520, 7a3520051abbace46d3f19e4b30081c1
0,        228,        228,        1,  2531520, f369d6e7be1b47713329260fb9ab50f1
0,        229,        229,        1,  2531520, 43b74944bedc12496160b0a6f6c78f19
0,        230,        230,        1,  2531520, c091ede35ce7587fd35b83216872e749
0,        231,        231,        1,  2531520, f5c3e8d47d261729d4d0879b7139988a
0,        232,        232,        1,  2531520, dc7b06f809ef84a2cbd7772c9cdc3250
0,        233,        233,        1,  2531520, e08e4f2551bfd77c5a46d663368e2573
0,        234,        234,        1,  2531520, a4de0db566c7a197fe46563d496a5c17
0,        235,        235,        1,  2531520, 38350e460f525b462fba9de0c5077f6c
0,        236,        236,        1,  2531520, 286d8ebac8ce4618206944aaa002cf95
0,        237,        237,        1,  2531520, d50464753db690e2fb2ffe62b9d76d50
0,        238,        238,        1,  2531520, 121b90ba9fb329a02d10e7de23a47017
0,        239,        239,        1,  2531520, 56eed3fa4c7ed483b3e8d731aae539d8
0,        240,        240,        1,  2531520, 0e519d615a632db85f84f2b3d2fa85ac
0,        241,        241,        1,  2531520, daacf71e0e48c6a6e8d459bf4fdd78ed
0,        242,        242,        1,  2531520, 7c8732f29886cdb0cbf66d0b0ffd958d
0,        243,        243,        1,  2531520, 6798f0f8daa0e772aaba8b792918adb3
0,        244,        244,        1,  2531520, a323be173987dd0fce406776af7e03b9
0,        245,        245,        1,  2531520, 984791f6421ad9b7b548196a818cbcdb
0,        246,        246,        1,  2531520, 3c487cae00b75147faba022d43efef49
0,        247,        247,        1,  2531520, 19bb4997b487d954b0b6f907d9e5da17
0,        248,        248,        1,  2531520, 8acc63c6c88ffc0dd63e83787da54bb7
0,        249,        249,        1,  2531520, c62d9f5ca130b5f3e4f6a5acb329e43a
0,        250,        250,        1,  2531520, 9b9beeabdddfcf5f1e729d852983e508
0,        251,        251,        1,  2531520, 7bec0274c9cfa9d9c9dd9c367761f6b0
0,        252,        252,        1,  2531520, cdca986c1a79f192c73b283d6a577396
0,        253,        253,        1,  2531520, 40e5ae22cb472c59c98b7115a93ddb36
0,        254,        254,        1,  2531520, 4ca6f8514e71e75cbfa8cbf2c0553d68
0,        255,        255,        1,  2531520, 1c60a15575756fe47f6654df243836d1
0,        256,        256,        1,  2531520, 5a232ef44f5ea9541ce3e7a891d9139d
0,        257,        257,        1,  2531520, 73888f6a98f510b058024bd1efc83565
0,        258,        258,        1,  2531520, 1a1210ede99d03b9012af66d7c41d8da
0,        259,        259,        1,  2531520, 30ba354490343458c67a06f8eaffbcfc
0,        260,        260,        1,  2531520, 854ae0295145dc8ca2921002838298af
0,        261,        261,        1,  2531520, f343e1a9c1464e107787d24fa3838a93
0,        262,        262,        1,  2531520, 6dfd76fc7562d1220c46221280d21503
0,        263,        263,        1,  2531520, d2867d5d7d77e48bc52d5e3aa66bfce0
0,        264,        264,        1,  2531520, bfb124fbf15d27eedebe34e052858993
0,        265,        265,        1,  2531520, 52ca6a014483de13a20135f63ad5e602
0,        266,        266,        1,  2531520, 3dd13c162da1949488db0b15f41823c0
0,        267,        267,        1,  2531520, 6804be37bc36c6c0586aec319ddeb260
0,        268,        268,        1,  2531520, c4472f11a5e632e1bd5244ead331b700
0,        269,        269,        1,  2531520, fabb27729f0b05b36101ffb9515980bf
0,        270,        270,        1,  2531520, 6974951c5af2966d0d3bed72f61b202b
0,        271,        271,        1,  2531520, 939293a03cbcc39e036f869c0f320086
0,        272,        272,        1,  2531520, b0205cb50a1eaf18cfe5018f0e567d0f
0,        273,        273,        1,  2531520, c31986a1e4057112888cabd82f74e36b
0,        274,        274,        1,  2531520, e4884cf3e33054c952f1584471e630a4
0,        275,        275,        1,  2531520, a4ddc5824cdfdbcd94496cd23057a0ac
0,        276,        276,        1,  2531520, 4876970434d5630470fc3cd91060f196
0,        277,        277,        1,  2531520, 5b395e24b1dd86665094bc8f5e889cf6
0,        278,        278,        1,  2531520, e0c1428a3c71f5ca49d2c9beb43145d4
0,        279,        279,        1,  2531520, a43bd95f82e0bdfb71dd9e5e7f897ca7
0,        280,        280,        1,  2531520, 3d208d74ef2c495209450d84c4f429f7
0,        281,        281,        1,  2531520, f0ffcc3c362404bdc4fa9e9bc4ec50fd
0,        282,        282,        1,  2531520, 65da587ae4dcf68623400b1d61847ef6
0,        283,        283,        1,  2531520, 55d732de33a09eeaeb71642fd6592b86
0,        284,        284,        1,  2531520, 363a04391f383712b3b39d6f546cde4e
0,        285,        285,        1,  2531520, 3dea8e9e0be085c422bf02de941b3b7e
0,        286,        286,        1,  2531520, 9d2f2338a358b7b635a3680a39d377eb
0,        287,        287,        1,  2531520, 517a6935e1df11d92c4d0fb79041fd1a
0,        288,        288,        1,  2531520, 799a21ff866a75aae57123ddb46a255a
0,        289,        289,        1,  2531520, 91cc9728a6d7c5ba40e69253d7f70c41
0,        290,        290,        1,  2531520, 5c0e5806e4737a13ff016c374d7ec0ab
0,        291,        291,        1,  2531520, f989da9aab2202f02b9f1c8d8d6f70e2
0,        292,        292,        1,  2531520, 3249edd0db4e12e654e6edda2c0a5cce
0,        293,        293,        1,  2531520, c219e68d81dae438b4a966aa46023aa7
0,        294,        294,        1,  2531520, 417d3cfb899d204e76c179621a1ca966
0,        295,        295,        1,  2531520, a47460d85ac62a2e14b162b45fd5e30c
0,        296,        296,        1,  2531520, 3a4883fd75eb308897def7e22f6b2dcc
0,        297,        297,        1,  2531520, 8f7e702dfdbb1c12f5128a7bcf939354
0,        298,        298,        1,  2531520, d1cd56e7675a11618bd3b9c1abac1c7a
0,        299,        299,        1,  2531520, 93570a032e9e61efcfcaeaa26a268390
0,        300,        300,        1,  2531520, 603c439b2b4020e681649849566a1ada
0,        301,        301,        1,  2531520, 3355b0dc10cc8215d29cf739bc6d98e7
0,        302,        302,        1,  2531520, 862e8be7d127682be4bfe33765c546a9
0,        303,        303,        1,  2531520, fbf0d64068a1fd3eae7915301831d74e
0,        304,        304,        1,  2531520, 654cd8bbbae7a96eb64330bbfbd7e35f
0,        305,        305,        1,  2531520, 7140906593700344f50a69ed01f20c77
0,        306,        306,        1,  2531520, a7a035b098762bbf3bb9a5c5af9f78c2
0,        307,        307,        1,  2531520, c1692393bc22be1a71b97c12e8c728e1
0,        308,        308,        1,  2531520, 69099aed81a3181f37f3a7188e373b33
0,        309,        309,        1,  2531520, c53cc090fbf7efc0195c6db622f9c68c
0,        310,        310,        1,  2531520, fb9b8dcc55d96427d59570b70460422b
0,        311,        311,        1,  2531520, d88f2afe5f18ccc021cfadbd485dc4f4
0,        312,        312,        1,  2531520, 0161eb2ea294ff7830263881d66263b3
0,        313,        313,        1,  2531520, e95c53fbdd2903cf2e0893df18e51e87
0,        314,        314,        1,  2531520, 38da592bb5f352e0159af4330525738e
0,        315,        315,        1,  2531520, 26770f21da8b927b1d5695901ec81942
0,        316,        316,        1,  2531520, e709e7addd97ace6566269fdc2f69d2a
0,        317,        317,        1,  2531520, e16d6c49256f8bec1a35d37f7210e90a
0,        318,        318,        1,  2531520, 4ca706663202029d6f02bc4862ba1f9d
0,        319,        319,        1,  2531520, cd8296f360ac53adaba6577beb310e3f
0,        320,        320,        1,  2531520, 1556bc86f1af151a10c22d9fb466f281
0,        321,        321,        1,  2531520, 6d92cad9f9dad84ffb3243c483c188b9
0,        322,        322,        1,  2531520, 29e89960b9f2572be15aa6125de9d5b2
0,        323,        323,        1,  2531520, 49b5be8139b147881be2fcec438b78eb
0,        324,        324,        1,  2531520, a3dfaa9dd215ea5ce0a7c3f6fb131781
0,        325,        325,        1,  2531520, f608ebbac1e0837a1f8a426366300dd4
0,        326,        326,        1,  2531520, 8e266125c23484b2761bfef10d487acc
0,        327,        327,        1,  2531520, 455d4176428908ac240e943a28a00df3
0,        328,        328,        1,  2531520, 18cc536b05aa7b9642250ed3f97a125b
0,        329,        329,        1,  2531520, 734fb0e07e72ca49e477bda51daba2d7
0,        330,        330,        1,  2531520, 100e2adf4dc6b41dfe5c7669c5583c9a
0,        331,        331,        1,  2531520, ffcd21e24fdd31c8b36dc4a31629983c
0,        332,        332,        1,  2531520, f2e1af9428b1424c4c995274c12d5c18
0,        333,        333,        1,  2531520, 4d39198c11a700e697f4d829d21c5bd4
0,        334,        334,        1,  2531520, 96d26b50e3ea8115974fcf0e35b41525
0,        335,        335,        1,  2531520, 6470310ccdb46772be461a8ec1e59762
0,        336,        336,        1,  2531520, 6cc871c7126095da1cde36ccecc39a48
0,        337,        337,        1,  2531520, c981f9bcc821e279e95c430e0a0e2813
0,        338,        338,        1,  2531520, 8eae07c2fb8199da2633f0b02c9a3864
0,        339,        339,        1,  2531520, fb08595758f85aa256b52bb3b31b0e78
0,        340,        340,        1,  2531520, e8b7477abe4c394ee735bbed1dc27e46
0,        341,        341,        1,  2531520, ce477bd8e3688ef7dd56996241d13fa7
0,        342,        342,        1,  2531520, 423ce3dbece8311706e8e25077737eae
0,        343,        343,        1,  2531520, 8540cced5b944f5ad25edf7c94381189
0,        344,        344,        1,  2531520, 81d21ea4eeb259712e3505b65a12cdf1
0,        345,        345,        1,  2531520, 70a21393bb037715834078f9d9395f43
0,        346,        346,        1,  2531520, ebb684c6324d75c1c9258cc15ded3fe4
0,        347,        347,        1,  2531520, 7d400621dc3210c2bbc9c441849bfedd
0,        348,        348,        1,  2531520, abaade764582201e9a6794c6f2921993
0,        349,        349,        1,  2531520, 7aadb17905dc2be714f113b11c797e55
0,        350,        350,        1,  2531520, 5f732c5d65b42bc6db3f089ba9d952ba
0,        351,        351,        1,  2531520, 8c9cf2a0685d9e1b8815ade0d842f6f5
0,        352,        352,        1,  2531520, 80587f40187de3fb7eff54aab5168239
0,        353,        353,        1,  2531520, 0dc5f310d325c26fd108e3bd8105936b
0,        354,        354,        1,  2531520, 53c1d9027936788d1ae3522b50b34368
0,        355,        355,        1,  2531520, 625ea6d6e73382ba87bba6ed5edfa34a
0,        356,        356,        1,  2531520, e5ead7c27082f556f18b592a6ff3cbf9
0,        357,        357,        1,  2531520, 599f9b2e6592065bb8b1ce8e75a415b0
0,        358,        358,        1,  2531520, d58ab0533f3a5e4f6f617f46fb45b37e
0,        359,        359,        1,  2531520, cae9a276b5e0a04b2168f4846fd966ad
0,        360,        360,        1,  2531520, 5883479a7d4ce4047175415529e20a5f
0,        361,        361,        1,  2531520, 38636171e4b84686cab550ca2efefb94
0,        362,        362,        1,  2531520, 3bbbca451228cf4f0396741d3c5d94c0
0,        363,        363,        1,  2531520, 71a58823e1387304afaf8c95ab8eb63f
0,        364,        364,        1,  2531520, 46b431bd32264fe845a8ff01237fe88e
0,        365,        365,        1,  2531520, 877f3effeb233bb58b5139e16d0c38aa
0,        366,        366,        1,  2531520, 2ea0013bfcc76c6e7982b43e51220c42
0,        367,        367,        1,  2531520, 7fbe229898ded4abfc6c7e01090fcb25
0,        368,        368,        1,  2531520, 13af3711635017d2eb70f76468c40e05
0,        369,        369,        1,  2531520, 6132bc95bec0c40418a909c84bb60165
0,        370,        370,        1,  2531520, cf7dae752dd985ca320240e2d61d7ceb
0,        371,        371,        1,  2531520, 62cf67fb35584d548cc6a22b13c17a80
0,        372,        372,        1,  2531520, b3d929778cb6a2a641b8eb871677f2d9
0,        373,        373,        1,  2531520, fb04173d79c5af79958777241a9cb42b
0,        374,        374,        1,  2531520, 82c3b4f4347e8c778e5f49fa39f2f6c7
0,        375,        375,        1,  2531520, 71b54671ba37f850eba7cb87c043ccd0
0,        376,        376,        1,  2531520, c712f4eca5be836b0b15775f5f506d44
0,        377,        377,        1,  2531520, 87e745576aa4631dfa3014ecdb4458f1
0,        378,        378,        1,  2531520, 8eb6805df2806addcf8db49f1e7c0591
0,        379,        379,        1,  2531520, 08cb8a4f38b538cc3d0552b369b7e61b
0,        380,        380,        1,  2531520, d3ce8b191a56c4f620a1df73284bc3ad
0,        381,        381,        1,  2531520, 4c24c3ad762943c5bd7bc8c5cf7e8b82
0,        382,        382,        1,  2531520, a04f60871f48c5ec6ae5671ce2fb9bf4
0,        383,        383,        1,  2531520, 5cb9f81cca053a2fe229e54dc9305ae4
0,        384,        384,        1,  2531520, 29da3875eed34f0dc224bef2b5ddd84b
0,        385,        385,        1,  2531520, 9c513ee3d8cde62ffb64c1f2d44f46c3
0,        386,        386,        1,  2531520, 76523b4c2ba7d39bcb16fada599a8841
0,        387,        387,        1,  2531520, 41c9c8bc1a8954844a39a54685e9a5d4
0,        388,        388,        1,  2531520, 79d28137b81fedd2515898023c83bf92
0,        389,        389,        1,  2531520, 84be1f78a3315742f99dd4bcbc7bfa1c
0,        390,        390,        1,  2531520, 7acef6de2ce3beecf438169192030382
0,        391,        391,        1,  2531520, c72a2b58b6174739ad58f5a56fbd4737
0,        392,        392,        1,  2531520, 3adb84b3b881b078f71ebbf1f704d306
0,        393,        393,        1,  2531520, f316948f8e8eef790916cf68ad493a2e
0,        394,        394,        1,  2531520, 3bf1f6154dc8ca484748bfbe9c665aa9
0,        395,        395,        1,  2531520, 854e2d298f5ffb1f844ba6b4296b798a
0,        396,        396,        1,  2531520, e7d5a4cf0b07f57a0db3b75196a870bb
0,        397,        397,        1,  2531520, a253f67ee47f7e12b98a57eb9e6ecac8
0,        398,        398,        1,  2531520, 01972e10f8c5a954c946542440b060f3
0,        399,        399,        1,  2531520, d7d2584e8febcdca22c135f05d6ee74c
0,        400,        400,        1,  2531520, bc4400bd6b02896b8c22f5af07d1d7de
0,        401,        401,        1,  2531520, 65dd2f9be42328ee3c6bc1a97622b4e6
0,        402,        402,        1,  2531520, 4e869869effab13a304259d3dbec6d7b
0,        403,        403,        1,  2531520, 2895b1d59d0adfdb353c801a20b23914
0,        404,        404,        1,  2531520, e88708ce93ef3762d6555eebac33b830
0,        405,        405,        1,  2531520, dffbd29c0dd37b5b990d6687f14b3c70
0,        406,        406,        1,  2531520, ebba5fb0b035a7c3722ebe1ddbaf2e0f
0,        407,        407,        1,  2531520, 4bab4731a064a35674068a26e7b0cd50
0,        408,        408,        1,  2531520, 94c2946188c5bd02ce17b3202799097e
0,        409,        409,        1,  2531520, 68ac6acd484f9fefdca503740845c14e
0,        410,        410,        1,  2531520, 54cd583336ad473860fafe15c6bc081d
0,        411,        411,        1,  2531520, 1e98b939ea93ca8f7f564975e81af2c7
0,        412,        412,        1,  2531520, 5604c9c42b3c41cbb7ca5155eae16ccf
0,        413,        413,        1,  2531520, 199604e5f5b881b43abd5de26d3025ae
0,        414,        414,        1,  2531520, 9b5c0e5d51f149dbe582881cafd06eda
0,        415,        415,        1,  2531520, 66ff20b7be20d77a17326ab29652dd20
0,        416,        416,        1,  2531520, 50696de8e6bb6ccff9db08936c6340ab
0,        417,        417,        1,  2531520, c829445f76287d225479ec969c8f87ac
0,        418,        418,        1,  2531520, 4278271c71ea13183d45918c2872f2a7
0,        419,        419,        1,  2531520, 8b8cfd571b0cd7db09d810af3605e3f0
0,        420,        420,        1,  2531520, 1170d24f8c920bddbcf929058ed8435e
0,        421,        421,        1,  2531520, 8abf18d96f270288ba1543cd77bdd3e8
0,        422,        422,        1,  2531520, ea7e82898fa48e32b2e45e3098cae351
0,        423,        423,        1,  2531520, 369d7eefeced2f4f033d1657e26d19cb
0,        424,        424,        1,  2531520, 228d008895ef21c48836d8f779afe8c1
0,        425,        425,        1,  2531520, 09f02548601117fd2ef2750cad6723e3
0,        426,        426,        1,  2531520, 789038d0bc23bd9ba70328f22211f3c1
0,        427,        427,        1,  2531520, a030494799e19b0192cc5a9b94bbdb81
0,        428,        428,        1,  2531520, 54e15b7cc41ddfd831218a992297ca76
0,        429,        429,        1,  2531520, ac59b9c732a1c9ed965696f56d8d42cd
0,        430,        430,        1,  2531520, 478a6f94fec24fb9fac14dba7be2eda4
0,        431,        431,        1,  2531520, a91cbc0d6c23be8aeea3287e08d59bcd
0,        432,        432,        1,  2531520, 03157c79b6d818205888e8f2e50bf086
0,        433,        433,        1,  2531520, 96caf18ee5e5dbbfeba78bd1256e155b
0,        434,        434,        1,  2531520, 3c7aaa44d542a984e6cc77901d222694
0,        435,        435,        1,  2531520, c6ce2b489eff6c0d3a3053121acf64d2
0,        436,        436,        1,  2531520, f856f6b32efc67a3a65da8ae1691c702
0,        437,        437,        1,  2531520, 72d5d6445a9c04fb6259cd8182933756
0,        438,        438,        1,  2531520, 8fec1fc98812b59a6b5a6214d89e7a95
0,        439,        439,        1,  2531520, ab7cf80029c9a2cb289e68916110f646
0,        440,        440,        1,  2531520, e14b5751f88655714e81679b041e3fa1
0,        441,        441,        1,  2531520, 6a4183e984af8271c44e54ff3f9eac7d
0,        442,        442,        1,  2531520, 56198e7a3e7414746b26541e1a7668aa
0,        443,        443,        1,  2531520, fd3fd8f44b6a7fbc4f3c8c69fad550b8
0,        444,        444,        1,  2531520, 346618386a338fb01d61e21b029a551d
0,        445,        445,        1,  2531520, 158eab6dc642764680afb4f5a3d91228
0,        446,        446,        1,  2531520, c5e4720cefb1b3818c8c7becf1f50682
0,        447,        447,        1,  2531520, ba7130e10eef9ca76dd2b6155a54f992
0,        448,        448,        1,  2531520, 956d80b6f8cc667a3b2cdbeb1985ef7f
0,        449,        449,        1,  2531520, b87f4d99ce0121bdd8f7bfee0c9472b4
0,        450,        450,        1,  2531520, f3bcf5880085d5286527dc5810bff24d
0,        451,        451,        1,  2531520, 4ac93c20c05ee787f362a6d5ae6179ea
0,        452,        452,        1,  2531520, 861d196281761aadce7b6329103e222c
0,        453,        453,        1,  2531520, 92bdd3c58efada0d1a0ba72f1c65b6b7
0,        454,        454,        1,  2531520, 81d62f1c914c25b10c7f0a52bf4fb945
0,        455,        455,        1,  2531520, 99973e8101c9acb8fe076d29626dc63a
0,        456,        456,        1,  2531520, 3e5dc88c75623722d7b512fc356a8bda
0,        457,        457,        1,  2531520, 32566e20a2d3b1b1fe4d1e0e38c4bc0d
0,        458,        458,        1,  2531520, 494356c2191fe5dfed01399a4bef19b3
0,        459,        459,        1,  2531520, a5b770f1d7e7dec4f05c1b093edad5e6
0,        460,        460,        1,  2531520, ef2cc9fdee8117f6b7738de29762772b
0,        461,        461,        1,  2531520, 43b1034ef46fd82b6ac6e2e8331807dc
0,        462,        462,        1,  2531520, 3be99254e011646a577bcc9fea007f83
0,        463,        463,        1,  2531520, 14f6d42860bc25f70bea1e15ced6e110
0,        464,        464,        1,  2531520, bd181d7400151022a12ec472a2ea5141
0,        465,        465,        1,  2531520, b6c4dd1c08f9a1d1ad8b7604c4711423
0,        466,        466,        1,  2531520, 671169b2f0a50d7b114cef1b8849282e
0,        467,        467,        1,  2531520, 80897608b8bdaffda6422ba773031b5c
0,        468,        468,        1,  2531520, 92733e224e7ce34d7007217189a8f3c4
0,        469,        469,        1,  2531520, 4164aa54d770eacec023fa25318ad38b
0,        470,        470,        1,  2531520, 5d26290072eb2c86223995e769a23f5e
0,        471,        471,        1,  2531520, e595f96ade1fdcacc126ef3ea6f2d49a
0,        472,        472,        1,  2531520, 86c149718580c20efc310eec5b7a9ef5
0,        473,        473,        1,  2531520, db44a78977e0f8351b364f30b194323f
0,        474,        474,        1,  2531520, 0d5d5048cceb64f39532c9b927c49f25
0,        475,        475,        1,  2531520, 803edd6eec26e335ca089f8fcf89e941
0,        476,        476,        1,  2531520, 4941dbc7f4d9bda5dfff6da05365c9c4
0,        477,        477,        1,  2531520, 702e68aff0cce65ab76b9b36d46513f5
0,        478,        478,        1,  2531520, 9244ab3d4f93e598e88956401cec0c38
0,        479,        479,        1,  2531520, c52f0f3920441ddd08788123aec10266
0,        480,        480,        1,  2531520, cae3f03f5ea8c31e33b34d9f4787b9ba
0,        481,        481,        1,  2531520, bc474d4dfa399bd0d57e8ab5cd6f11a5
0,        482,        482,        1,  2531520, ad3590481261bfe444bdf902da962613
0,        483,        483,        1,  2531520, caa64dc53474bebc450045f7a2582b3c
0,        484,        484,        1,  2531520, f1b522b30f5270e38c3b01c83ecb1d46
0,        485,        485,        1,  2531520, 26e96dc51bc0c03d484820936f7bb7a7
0,        486,        486,        1,  2531520, 13ec3645c84eb5864fa9ea2431a5c57e
0,        487,        487,        1,  2531520, 2bd09808adfb54c24b3ce2757814c075
0,        488,        488,        1,  2531520, f2f2bf7918fda11118cebc7f84a51293
0,        489,        489,        1,  2531520, 1cc6d3baef2256732c7710f2e6e8454c
0,        490,        490,        1,  2531520, 6a5a633df25aa1b65ece271d51c71f67
0,        491,        491,        1,  2531520, e4b0966096ae24b5ac2a981ac3942873
0,        492,        492,        1,  2531520, 0d48f2f8e5b8ea78a85c6b922a06ab09
0,        493,        493,        1,  2531520, ca7c801451e56ecdc62e6cf2497ff362
0,        494,        494,        1,  2531520, 2475e78c5109b4021ed49649781fa34c
0,        495,        495,        1,  2531520, a5f19bb5301ae80a6637ff776be1e14d
0,        496,        496,        1,  2531520, 1df79480e1c9f6b7aea9e3c62de23efe
0,        497,        497,        1,  2531520, 2ae403092bdb23baaef3a9786635f854
0,        498,        498,        1,  2531520, 132cc4f4a47fa0cfe32d46c05f1b6657
0,        499,        499,        1,  2531520, 30a946a11275d28860dfdd09fada9772
0,        500,        500,        1,  2531520, 0d43a34e8547342002eeb6eb5a3a3a9c
0,        501,        501,        1,  2531520, 2a37b605198a3a3b7a912412b0782208
0,        502,        502,        1,  2531520, 9147c2a493b0b585ed052677af626f47
0,        503,        503,        1,  2531520, 2282ff350235474e8282a849c4ea01d8
0,        504,        504,        1,  2531520, 43749fb9942e5ecc96549bddc3a28675
0,        505,        505,        1,  2531520, 006b70553d1ac05b9ad331163a585e1e
0,        506,        506,        1,  2531520, 4dafe082c55ee7fc4afc6ae111507a62
0,        507,        507,        1,  2531520, 9a58e52ab71cbf885742cb7098f9dd26
0,        508,        508,        1,  2531520, ae86ebd560e76f408a2efcfd4acf7ea7
0,        509,        509,        1,  2531520, 5e3520fc5130b991144045934daabfe6
0,        510,        510,        1,  2531520, 9ee3503e6b429f02687a9ddef6d349be
0,        511,        511,        1,  2531520, a8ff34042248b40f9384c3098c735363
0,        512,        512,        1,  2531520, 7c995a592ccdda452682ac4b11ce8712
0,        513,        513,        1,  2531520, 731d8a5d1e38ee6cb90ddda73e0534e4
0,        514,        514,        1,  2531520, ba800b975f292953e5e2824ee7beb789
0,        515,        515,        1,  2531520, 4376f7fea0408c05d6ede07d94bea439
0,        516,        516,        1,  2531520, 55835857dd86dab7c2c069540697faee
0,        517,        517,        1,  2531520, 829967ec6f81849cac2d65fb1ed06525
0,        518,        518,        1,  2531520, 70b54f6e1fa2c87d3519944114fe612d
0,        519,        519,        1,  2531520, 00491b177e81490786f0bd3d9d9297bb
0,        520,        520,        1,  2531520, ea989d0d4ce0f9f8dbd0f2f0c97ce2ba
0,        521,        521,        1,  2531520, 1c0c8e4428119a4433bb854714bca743
0,        522,        522,        1,  2531520, 27132b64fcbc86645175ede0b2297dc0
0,        523,        523,        1,  2531520, 090f1d31db63ab0fe6bde42801a633eb
0,        524,        524,        1,  2531520, 42b936b5b27dbd80a537e312e4a688bf
0,        525,        525,        1,  2531520, 967553fb742226d5b97f492fa6d6d47c
0,        526,        526,        1,  2531520, 17e4547d872f0e5dff237663448f7206
0,        527,        527,        1,  2531520, edbd5f9c334f60d468639225a0c9b8b5
0,        528,        528,        1,  2531520, 1c2f0efe80806a4c04f28ab9c5e11f99
0,        529,        529,        1,  2531520, 59db8c025b9a3eca3782bd1b9a29169a
0,        530,        530,        1,  2531520, a98ef7b930d697120ae2ae143df3929e
0,        531,        531,        1,  2531520, cef30f07a0cc458bc6dee0a1756f5e8a
0,        532,        532,        1,  2531520, 066efba369c1e6485b60a1bd30d6598a
0,        533,        533,        1,  2531520, 28fba793ba5f455cb6428db1bfce9585
0,        534,        534,        1,  2531520, b81efe32983f753181aaee43256b150f
0,        535,        535,        1,  2531520, 1f5b46ecaa02c31ea9ad39eb7e31ed39
0,        536,        536,        1,  2531520, 09df1f21d3b592855d7fcba2523c06b2
0,        537,        537,        1,  2531520, f0e3bcf06f816fab27eb597eb6c850eb
0,        538,        538,        1,  2531520, 8ca8781fcbb14d5b22539eb70e2ea451
0,        539,        539,        1,  2531520, 61139f3d985da2566f88e9cb4416c26e
0,        540,        540,        1,  2531520, d8081da30dba9bdbc6bd6995131686f3
0,        541,        541,        1,  2531520, d8dd95a878422ff2b8902ff3b5a0c11c
0,        542,        542,        1,  2531520, 795478d19ac8a82ba56d1f0f4dfaed6a
0,        543,        543,        1,  2531520, 88d2b8e9cca86269243880f98cc83dc4
0,        544,        544,        1,  2531520, 6a42daef7b2d24eb9441fb77bb360495
0,        545,        545,        1,  2531520, 8e4eb16438da496d16a9c1535025e7f8
0,        546,        546,        1,  2531520, 9d58d728b7f2ef25b492bf390a03671b
0,        547,        547,        1,  2531520, 2560af072fba33994b80e119a564783f
0,        548,        548,        1,  2531520, acbf77dd2fc03f1110777c631631a2af
0,        549,        549,        1,  2531520, 78efd142be4daabbf6608bc86a245027
0,        550,        550,        1,  2531520, 54f04d80b6de60167a71077c0a76b7f5
0,        551,        551,        1,  2531520, de95f13966b86098e7067664ad93cad9
0,        552,        552,        1,  2531520, 9e5c25a3f21b3607ecabdc37cf5de7e7
0,        553,        553,        1,  2531520, abc51b0805e7601cad4b9e682ecf2f3b
0,        554,        554,        1,  2531520, 0e4598364ed02525d1f4129fac91e125
0,        555,        555,        1,  2531520, 131c0f65492a95fd4dda2e24705b2aaf
0,        556,        556,        1,  2531520, 4a71fcf83f28cb0d3402cc6b763f1230
0,        557,        557,        1,  2531520, bc7b9ce7d1f255b64e908f00f2c8fb05
0,        558,        558,        1,  2531520, 8a901d90a40dd929cbb48c2533593b2e
0,        559,        559,        1,  2531520, 175e29ecd3f62f1076ca5255401c82f5
0,        560,        560,        1,  2531520, 4bc27fb5c119b7126604b5bb7475cd23
0,        561,        561,        1,  2531520, f313befbbc508e801704e697b3de53d4
0,        562,        562,        1,  2531520, 4fdcda917babadb0a11e7a55849b05f8
0,        563,        563,        1,  2531520, e09abd654bca0845efae0ec9776805e9
0,        564,        564,        1,  2531520, 22ed000b102370d24343c49c3e2a3d52
0,        565,        565,        1,  2531520, 263916a48ff42a360d26cbc68ef399ae
0,        566,        566,        1,  2531520, 670f38aa3ca0ac112ca4c4400d2510f3
0,        567,        567,        1,  2531520, 1e34d33c6a5bc2ac5ceec6fdf9075a18
0,        568,        568,        1,  2531520, d9b0dd6239d846ceb60f0687014c4f31
0,        569,        569,        1,  2531520, 3d35f3347c080de0189dc5626eb620d2
0,        570,        570,        1,  2531520, b00a72f5644f9673f0386df004dc80e6
0,        571,        571,        1,  2531520, 751cd94775af9a2c298f5e74060c29de
0,        572,        572,        1,  2531520, 3a88b5a495c6b311c13adcfa9cee0f98
0,        573,        573,        1,  2531520, 697f7b3e09923bb036bc98d06dc6407d
0,        574,        574,        1,  2531520, 52e7cadbf26579e42a08220f534ea58d
0,        575,        575,        1,  2531520, 22eba632832d644e9d641a6fc1efa7bd
0,        576,        576,        1,  2531520, 0461cb59480cd5098c74854f2e1f77e9
0,        577,        577,        1,  2531520, 085bc7347cf97de80d7d87973de68f5d
0,        578,        578,        1,  2531520, 88cc6af7b5c0453510dc8b4c7d827960
0,        579,        579,        1,  2531520, ea7dc2419f27eaa1a3d5c40d747cf191
0,        580,        580,        1,  2531520, a85eddb858f5b16bba06dbb305622ede
0,        581,        581,        1,  2531520, 342140cca7a6afd1afa69360da132902
0,        582,        582,        1,  2531520, a07b618d478687198415df366691685c
0,        583,        583,        1,  2531520, 067087e36780f391fa4ca2958c1601f0
0,        584,        584,        1,  2531520, d5e826e1d2521bae79912f5502e1b1e2
0,        585,        585,        1,  2531520, 35c02b8072799f55842a1e936844c065
0,        586,        586,        1,  2531520, 9c7f4469d84090fcad00dd54f8b0cede
0,        587,        587,        1,  2531520, 19b450e18f4691eb5adbc69b59563d3d
0,        588,        588,        1,  2531520, 7f69516dee9618487ec88f4e052b5ef1
0,        589,        589,        1,  2531520, 15e937c321c739de38f8d9c800dfe21b
0,        590,        590,        1,  2531520, 2e8d9aeaffee29ca1a2d50815d52f7f8
0,        591,        591,        1,  2531520, 8ef21e59b65a9a7fd2b5e05fbb1f4f78
0,        592,        592,        1,  2531520, e4b824d473301b3beb4ba2798c2c0467
0,        593,        593,        1,  2531520, a987c371bd5c7e50edf3364712f5db65
0,        594,        594,        1,  2531520, eafd06c9b67a099e049a8bf5a1d5aa9d
0,        595,        595,        1,  2531520, f2a8dc4287f32f7575c9735b8c491816
0,        596,        596,        1,  2531520, cad7f39145683cf36662d213f6197116
0,        597,        597,        1,  2531520, 15cc26f0cea45e6a2f13d59b03f98805
0,        598,        598,        1,  2531520, a6af4f97078ee6d6a3bbc2342bbd8c6f
0,        599,        599,        1,  2531520, 67fbc38151a8a74b4fd6b5ed7d728359
0,        600,        600,        1,  2531520, 039c673f2898ba347f7382bb42977f00
0,        601,        601,        1,  2531520, 0e800f171d200513d1e650cd3cf6baa8
0,        602,        602,        1,  2531520, 549d3611619500381ec59d656280fe80
0,        603,        603,        1,  2531520, 34ebe946f72764e2825ef9da8cc691a5
0,        604,        604,        1,  2531520, 1f10f4df18f7ab2c8ed801383636f3f9
0,        605,        605,        1,  2531520, 8114bb1f126754cc61b1ddc946df3a84
0,        606,        606,        1,  2531520, 7f0a4d18f4a190474838ccd035d86b02
0,        607,        607,        1,  2531520, a7cddcb9a1babc4de5ac4b69764b7a26
0,        608,        608,        1,  2531520, 86687ee5498ce936e7ffaf2b0fd4a7cd
0,        609,        609,        1,  2531520, 40b6b814a3944cadfc0b3eef2d9e3f3e
0,        610,        610,        1,  2531520, 713ce072bee32b52304eeafaff0464ee
0,        611,        611,        1,  2531520, 011159b769431b125f97c3d367a77320
0,        612,        612,        1,  2531520, 44d3557894aa2fbcc5aba1e0b45a929f
0,        613,        613,        1,  2531520, b3f9db05da3a135f8748ea31ec38c98d
0,        614,        614,        1,  2531520, 6c5e1deb5d2612c5802877ad56e98b06
0,        615,        615,        1,  2531520, 0e9a593b4510f9225c24aa1faf9db284
0,        616,        616,        1,  2531520, 95a36c1abf4d7d5d18e10a27f7caf5f3
0,        617,        617,        1,  2531520, 322fb428040bf05b69de42ecc2c6ff40
0,        618,        618,        1,  2531520, a531ac4c6436644c7f11125128b025ac
0,        619,        619,        1,  2531520, 99e4bd59c794e09b6f3724123dedc348
0,        620,        620,        1,  2531520, fab8ee5963b99f3f0f13308027814845
0,        621,        621,        1,  2531520, f096e4d7a7c7aa592ebfc20e13a066af
0,        622,        622,        1,  2531520, 8c2b60a9697ca359a90ec965ce6fe169
0,        623,        623,        1,  2531520, 8c6b679a816ff4f93040c76f5d6a887a
0,        624,        624,        1,  2531520, 9f6695fa4f4a474daee76a0a48b8b5f6
0,        625,        625,        1,  2531520, 9f704beb7486ff1cb2ffc93966001df4
0,        626,        626,        1,  2531520, f41eb626f2553851ff29e8d8ae600d7e
0,        627,        627,        1,  2531520, 5230559588cd7e1660be4ca1445ddd64
0,        628,        628,        1,  2531520, bd75e9bd643d2e83c6bf64612ab250dc
0,        629,        629,        1,  2531520, fee112582f3fcbdedbd53d7481fe5b3f
0,        630,        630,        1,  2531520, 531725987fd6a5a2cf86797b39d69544
0,        631,        631,        1,  2531520, a255a841ada6fbb6e056cc40c8e2e48c
0,        632,        632,        1,  2531520, 9e725d05462b001bc61c0363081b0548
0,        633,        633,        1,  2531520, b70d34c31350f3cee091baa0248074b1
0,        634,        634,        1,  2531520, b10bb9cbf3a42eb6c42c076e84801958
0,        635,        635,        1,  2531520, a57985f1a6f3b0d9ffbab4a6e1b1da45
0,        636,        636,        1,  2531520, 9be051d9626f681deae9feadb594cd1f
0,        637,        637,        1,  2531520, c50d70a9ce0b5a48fefa21bd07e40913
0,        638,        638,        1,  2531520, 7bd86f8dbb8b4d863575c1fd174cfdf6
0,        639,        639,        1,  2531520, 5fa16969e88b3f31ad8afa4830bc9dcb
0,        640,        640,        1,  2531520, 0977c626083affd1d7f9a08d9b3dc2ea
0,        641,        641,        1,  2531520, 8c14bb5d66d0c3fad1c1744cba502997
0,        642,        642,        1,  2531520, 2dd2e5c0bdd7b150fb83cab99f22b381
0,        643,        643,        1,  2531520, 4fd2d85ae31a6a16fcd413444a0ba53b
0,        644,        644,        1,  2531520, 2f410cf0e70598945a1a6d943f3a5b37
0,        645,        645,        1,  2531520, 6145e26adb0704888c18fddafe0d5e5b
0,        646,        646,        1,  2531520, 0841cc806d883b81e36378739eede5cc
0,        647,        647,        1,  2531520, e7b959085f78464b60a56fdebeb3bbbd
0,        648,        648,        1,  2531520, 3f324d185da482513f5ea9bf7041f833
0,        649,        649,        1,  2531520, 45cb0102193850bafb4a504bcb776a08
0,        650,        650,        1,  2531520, 3e68e80f04ebc42abc9f4572c41e5463
0,        651,        651,        1,  2531520, e4c7589476d3b2f2602ddb0b5ee411ee
0,        652,        652,        1,  2531520, cf9f654796c6bf987a32d7740b2601f3
0,        653,        653,        1,  2531520, 380dff5a31b9df6bd1aaab9cfa8df506
0,        654,        654,        1,  2531520, c8f990f57f185a2861b84f76496d4ef5
0,        655,        655,        1,  2531520, e25f60deaa060e2b57ac5eceb6ba74dc
0,        656,        656,        1,  2531520, 8d86d86ca28b4b80d84c246274b1da94
0,        657,        657,        1,  2531520, 2f7dcbc4565f4ec1b2af8e3414e73a4b
0,        658,        658,        1,  2531520, 2272c4694076de288281b0beaf8c0a02
0,        659,        659,        1,  2531520, 080a9c8074ec5a0e4266cbc6d31a220c
0,        660,        660,        1,  2531520, 6caef40fdb307df89d2aff1881aab759
0,        661,        661,        1,  2531520, 7b4c1477c72c7b2aa979e760bc6efce4
0,        662,        662,        1,  2531520, a2daca9557639250ad733cec615d5c8c
0,        663,        663,        1,  2531520, 2e7053ad6baf4e568f5b6b6253afc870
0,        664,        664,        1,  2531520, d4c01f88b01132d25a743bcd44015c92
0,        665,        665,        1,  2531520, c0b2c313877fa9c57a15d32f21138ed0
0,        666,        666,        1,  2531520, 670d8dc279c59f58b31c72816e85332d
0,        667,        667,        1,  2531520, 2924d0590e518abd18e0e9b736c2f1a1
0,        668,        668,        1,  2531520, e3b5be896ce7571bcb6e1cc4b2cbe22e
0,        669,        669,        1,  2531520, b9e54aa4e53a6f496d7167d51b9d44f1
0,        670,        670,        1,  2531520, c0c46f03b8b0485e6a414b7849a61938
0,        671,        671,        1,  2531520, efd2dd0d0929d74576a17e39790577c5
0,        672,        672,        1,  2531520, 59740cc283ebd7b8779ad99159b316ca
0,        673,        673,        1,  2531520, 7824902727bd430ee2cecba3a00a36e8
0,        674,        674,        1,  2531520, 2fca26d93b992f94b83f58120e716815
0,        675,        675,        1,  2531520, 6c81aba686a2001f2814b9b3e6696b0f
0,        676,        676,        1,  2531520, c61511327f7912814b58b6e391a251fc
0,        677,        677,        1,  2531520, 1d18bb8c9f364244c4a68aa2739f9fbe
0,        678,        678,        1,  2531520, cbbe189a6e4478b3f5a37ced479f4632
0,        679,        679,        1,  2531520, 22ef552d10b7b3d9d94021314435d87f
0,        680,        680,        1,  2531520, 6afa06b4e6c55b7a0c8b4005a5178092
0,        681,        681,        1,  2531520, 27a27fdfff9e7c8ad392d588b3b1e4e1
0,        682,        682,        1,  2531520, 2de55f20040c755b61b24119937b5189
0,        683,        683,        1,  2531520, 8e89c252593cca63d537b225d3d98bd6
0,        684,        684,        1,  2531520, 60741a434e86e1b30757c67fd0c1f519
0,        685,        685,        1,  2531520, 5c1e7578d3fcd20ee6ecce0a2f2c5514
0,        686,        686,        1,  2531520, 0340a557996b07e03d6bbd6602056165
0,        687,        687,        1,  2531520, 00c72cf00184d0856c5f435698a2e07f
0,        688,        688,        1,  2531520, 4f12eacc2c14418c711b116925f2c81d
0,        689,        689,        1,  2531520, 9b0bdb00f54bc482cf6fbe721f40a3ba
0,        690,        690,        1,  2531520, e363e083412aad086e077e90e8a1e3c3
0,        691,        691,        1,  2531520, 2ef1e5e92d2fdf9a73de6c2381c83f7b
0,        692,        692,        1,  2531520, 8c07bbd54c6698c382eb00b0f02e5711
0,        693,        693,        1,  2531520, c5572bd888207290e65316173d03dfba
0,        694,        694,        1,  2531520, 0f15443a9698d7224381b1a5ade6557b
0,        695,        695,        1,  2531520, 89d969b64c63cbd5fdb5cc2161b3819a
0,        696,        696,        1,  2531520, 47e59ffa26e69ede6c8600f59e9df287
0,        697,        697,        1,  2531520, f35d1789f5db6fde8ed56af79087fa30
0,        698,        698,        1,  2531520, 1f5769d09b2038262455e08c62d821c3
0,        699,        699,        1,  2531520, aab61cf8f166db2b29c7ab801f66bafa
0,        700,        700,        1,  2531520, a76e5fda63f1f3d9676ae6d3f3350609
0,        701,        701,        1,  2531520, 879b78f3acfba43fcb3ca52cf001b179
0,        702,        702,        1,  2531520, 66c7927a202e6eadb4dc046501dfe490
0,        703,        703,        1,  2531520, a2693c17b5b857fe97f53bd95972f798
0,        704,        704,        1,  2531520, 36f42a87611f12b7927874c88fd9db4d
0,        705,        705,        1,  2531520, 2eb90290dcf18f83cdbe59c65195b0b1
0,        706,        706,        1,  2531520, d09b721fccdcf61a1e14aa225f6c48b1
0,        707,        707,        1,  2531520, 00a7b0298d55504b18eb5c5c417b4d2f
0,        708,        708,        1,  2531520, 6b872f4d7969912513700fce91775440
0,        709,        709,        1,  2531520, 4344bc2305a5a19ec7378a404ef1f0cd
0,        710,        710,        1,  2531520, eda88a18dd18684375163d222395fc06
0,        711,        711,        1,  2531520, 8958c76b2a5930cba69bdc3754e6b3e5
0,        712,        712,        1,  2531520, 0120bef45a5462ca82be12662ed03b04
0,        713,        713,        1,  2531520, e4905a4d92b15a7ae5880abdcf53ee0d
0,        714,        714,        1,  2531520, 35ac4ccedd7b16bb461834e18765a00d
0,        715,        715,        1,  2531520, dd300643ac6731a0833224ce4498041e
0,        716,        716,        1,  2531520, 3339aaebb68ab2749451e862fa8d0c8b
0,        717,        717,        1,  2531520, b1ebb0af5be81d67f714c33d1f6ec5fd
0,        718,        718,        1,  2531520, dabf0bdfde4926813ef8441a93da993b
0,        719,        719,        1,  2531520, e0b7e38792273edd3c1df9ed43f4a7b3
0,        720,        720,        1,  2531520, 8e597d7dbc8e2f63f9d5f62f3321f989
0,        721,        721,        1,  2531520, bfac795276a735902694ba8a00b9cd68
0,        722,        722,        1,  2531520, 3b9eed14e17560844260a6aaa7fb7738
0,        723,        723,        1,  2531520, f110e264cf7b8538537693d4c95c9c61
0,        724,        724,        1,  2531520, 8d0414b172c38d68ea76437625096f64
0,        725,        725,        1,  2531520, 39ca79637fa214394db3d677ce37f173
0,        726,        726,        1,  2531520, 432c0f08b664683594a6a3cf98512156
0,        727,        727,        1,  2531520, bd3180ee4848ca621a14951e99244073
0,        728,        728,        1,  2531520, c57b31c61a394da20ce4865f6ac8f155
0,        729,        729,        1,  2531520, a1e4909829e82596d85fedd8f927e14d
0,        730,        730,        1,  2531520, 81b3c1592d1db9b903f5a01c2c9b5333
0,        731,        731,        1,  2531520, 0991806545d1c39cd915557a596e0d9d
0,        732,        732,        1,  2531520, 5e04d4d9c5f45fe1f24b2d0a76587258
0,        733,        733,        1,  2531520, f1c78d1accf3919f672627ff737d9f60
0,        734,        734,        1,  2531520, bf18ed64770481ab32eda168e34d36a9
0,        735,        735,        1,  2531520, 5b997858d9adadbe5ee578053da15375
0,        736,        736,        1,  2531520, 8226c601a27ddb83c6afa46247b52bfd
0,        737,        737,        1,  2531520, 86f9709c1a6c657424e776b38944a0db
0,        738,        738,        1,  2531520, 2332f5272b8548947ffbb8f103120e28
0,        739,        739,        1,  2531520, 68a98486a60c5673ac1da601bf55a8d0
0,        740,        740,        1,  2531520, 122622f7d8927a395dc7aa993919ddbe
0,        741,        741,        1,  2531520, 26e313fd4b3c4312c1c6be3c82e6ba36
0,        742,        742,        1,  2531520, 803ccab64bf691ef372c193281a257b9
0,        743,        743,        1,  2531520, e5d9106120fdb8ed6b0934c091ed5236
0,        744,        744,        1,  2531520, 272620fec889ba478c2c4c83769895c0
0,        745,        745,        1,  2531520, ae27066a38ddbe824e158336ac1c934c
0,        746,        746,        1,  2531520, e35fb2a56e0208603f27d403b8cd1611
0,        747,        747,        1,  2531520, 3a4897b1a65047ffe7bf706753690e08
0,        748,        748,        1,  2531520, 9e5795f5333331fa432787f966dcaba8
0,        749,        749,        1,  2531520, a7264088c26c132677a9b1fecf875cb3
0,        750,        750,        1,  2531520, c353ddcd19db5bdd9de676f751678d3f
0,        751,        751,        1,  2531520, 83c4ad12469d36d684e37363e112dea2
0,        752,        752,        1,  2531520, 8297b563869d72106a6180026b3e191f
0,        753,        753,        1,  2531520, 59054c47e8bef29b53aa4d4ac0d203d6
0,        754,        754,        1,  2531520, e730423c8f6c0f4b270d7403d2c3aac9
0,        755,        755,        1,  2531520, e7aaee61b648276e95362ee288a152bc
0,        756,        756,        1,  2531520, d071b0cec67e0bb994ac9b9e62e4832b
0,        757,        757,        1,  2531520, 44a7ec3d22cf518e42a12c5538fbdb35
0,        758,        758,        1,  2531520, cb719e576df4e54b262e32aa07b65c5f
0,        759,        759,        1,  2531520, 18102d53d4dbed487b37b631df67540d
0,        760,        760,        1,  2531520, 3579d0f654fc20a339fd0114b87990b5
0,        761,        761,        1,  2531520, dabc6ef28479328990c7111aab0fc832
0,        762,        762,        1,  2531520, 0008df45837f4b7ce0db539f7c8a2900
0,        763,        763,        1,  2531520, 23a48c92a71ca6079b3742002b5c25fb
0,        764,        764,        1,  2531520, 34a705e00e05269e7a2d0c3ac196e2bc
0,        765,        765,        1,  2531520, a6d043990bfaeb23e49277993d61d655
0,        766,        766,        1,  2531520, 63f367eff02a325545c36157314ce90d
0,        767,        767,        1,  2531520, c277ea8e91d0f846912ba6fa8c7397a8
0,        768,        768,        1,  2531520, f081d9b66896f5cbb39199af7f816824
0,        769,        769,        1,  2531520, f632c30afcff6be67be1ea64ab9c92e3
0,        770,        770,        1,  2531520, 5b238171c2efd2b19d6ea15e9123e008
0,        771,        771,        1,  2531520, 15a82a5507a65451675dd38b0d4d42c3
0,        772,        772,        1,  2531520, 71b8efbd81e3f4787e1235af88cddb74
0,        773,        773,        1,  2531520, bd9a7b39ceb70d0cf4061b7395a6d772
0,        774,        774,        1,  2531520, e36299f062d38e026df5197a3836fef2
0,        775,        775,        1,  2531520, e86b900b5b8afd3f8e84484b8af0febd
0,        776,        776,        1,  2531520, 451ed5cad4332647d3b18dd179839501
0,        777,        777,        1,  2531520, 56cfe57cdf8b06bff309536eaf4fe4dc
0,        778,        778,        1,  2531520, f598543c623a3cae54652396382c946b
0,        779,        779,        1,  2531520, 9b64804b94b777945f0e5757cf28a2cf
0,        780,        780,        1,  2531520, 40b060f2d58876d2694c1c56632e0e4d
0,        781,        781,        1,  2531520, 15a802a952f4e9921a50c47de2e4897a
0,        782,        782,        1,  2531520, 26b8b37e0940fb77b2a7a640396063df
0,        783,        783,        1,  2531520, 3fa988d46f86190f0bec83405ea5b7c1
0,        784,        784,        1,  2531520, 2bc4abc961bfe6bd613fa87d75d4e214
0,        785,        785,        1,  2531520, 0f7de7cc893676e21c5395a47515867f
0,        786,        786,        1,  2531520, dbc502638700c0a4384bd16f234928c7
0,        787,        787,        1,  2531520, e2d7289b43cf4d527d5827c63cd29e07
0,        788,        788,        1,  2531520, 7b58190e48e64ee503f1bb81db5aa526
0,        789,        789,        1,  2531520, 0a888c282194f7d1cda9f9763cf9b6f7
0,        790,        790,        1,  2531520, da4b255e141d2e7e8712da542fc84a0d
0,        791,        791,        1,  2531520, 702b82e648c8791b84a9a3f7dab980b1
0,        792,        792,        1,  2531520, e9874d23b9bf9e3c36370bdf9ea650d4
0,        793,        793,        1,  2531520, c6aceb580e6390627b1c302d6897e5c0
0,        794,        794,        1,  2531520, ed1cc9c870cf66c4904c95d244525be5
0,        795,        795,        1,  2531520, 51a75a204abd81f0fe46107e51b8db68
0,        796,        796,        1,  2531520, 738b9aab8bc27b2a395e825396559a08
0,        797,        797,        1,  2531520, 178564470f80b07df1544a17c12cf65c
0,        798,        798,        1,  2531520, f810ce023ff957cddc082b7014e25e8a
0,        799,        799,        1,  2531520, c4be84e12046934a5fd1f02edec46644
0,        800,        800,        1,  2531520, 45fdb104f9487cfea855a983abfe2f80
0,        801,        801,        1,  2531520, 1a41fb4767615f350c04a3905694895e
0,        802,        802,        1,  2531520, 93f7abdd8ed90bc5c5ec36012d8efce0
0,        803,        803,        1,  2531520, ec4efc523af6e507329bd3c147615c6b
0,        804,        804,        1,  2531520, bee8ccfa714dc2fa93eae9ff20e4044e
0,        805,        805,        1,  2531520, 0f260fb3e4dbb326e972834c1cfd9655
0,        806,        806,        1,  2531520, b41d6512e4f9ca0f815115db04551a76
0,        807,        807,        1,  2531520, 18acc116b100066b597040102a7aba07
0,        808,        808,        1,  2531520, 526460a5f9b17a6bd770f607339e9ce7
0,        809,        809,        1,  2531520, 129a009e33f5186e9b5bb1d0290636a8
0,        810,        810,        1,  2531520, 4d2f61c8a479d98743221d55e19ce22b
0,        811,        811,        1,  2531520, 0d635f572a247dc9192b329b2f2c61ca
0,        812,        812,        1,  2531520, 8f0991aaa6d503b3027af6f97c2f6269
0,        813,        813,        1,  2531520, 0f75ce132fd9a6986e3b111922f241b3
0,        814,        814,        1,  2531520, a21a4bb0ba24786ffbc1b287331d47a7
0,        815,        815,        1,  2531520, 0ee00528218da6779ebd507c9169b71a
0,        816,        816,        1,  2531520, 5bfb32098cafea3a413caa462db0f809
0,        817,        817,        1,  2531520, 8801bed8e09baf756b9334330303f0ea
0,        818,        818,        1,  2531520, d5baab384051b7833f77e5a6550c3c37
0,        819,        819,        1,  2531520, 83b97402f91abbb6b89e0517d933201a
0,        820,        820,        1,  2531520, 87a8ef4d39f3a44718f634ca554dad30
0,        821,        821,        1,  2531520, 194aca7ff2abd62368c618501f5ed059
0,        822,        822,        1,  2531520, 2ac9afc002ad2273e234a6e844891d9d
0,        823,        823,        1,  2531520, 3e41ed25a8559882e7b37542a8abfac6
0,        824,        824,        1,  2531520, 82f6dc0668b11fcc29a5e4b1666b41cf
0,        825,        825,        1,  2531520, 9909a1b8848670a794628529090cff68
0,        826,        826,        1,  2531520, 931d9308b094a46ece871a8e757f97f4
0,        827,        827,        1,  2531520, c6d1aadd1bd9e1816c082bc51eb8c974
0,        828,        828,        1,  2531520, 74e160b8f63cc937170ac4b4d43419f3
0,        829,        829,        1,  2531520, 66a8dc926dc1dc233b38e2a5b64f975a
0,        830,        830,        1,  2531520, 3a29f20d234e07e00b6773d9e6545ed3
0,        831,        831,        1,  2531520, e723c8b38f3f7fab190ae37b60cb2254
0,        832,        832,        1,  2531520, 382156f48e2a14d68f24d67bd1f0cb45
0,        833,        833,        1,  2531520, e68301f3bd850791dfb493336ce0312c
0,        834,        834,        1,  2531520, 068472431dcf1df0805a79932301c362
0,        835,        835,        1,  2531520, 90481b1cdf1383bd3239357f9390450f
0,        836,        836,        1,  2531520, 5a421e2b8c1361744e0dc062629c5ae1
0,        837,        837,        1,  2531520, f8a01c7f6da96928066369e78f48f498
0,        838,        838,        1,  2531520, 5e627b84b04ebb01ab12b208873bf86f
0,        839,        839,        1,  2531520, 680e1fc6129ba8b2e91175d1d0dd1046
0,        840,        840,        1,  2531520, 99fc6f8f30022105376686fe8ba174c9
0,        841,        841,        1,  2531520, 4583393908f28fd300a670284556cc9b
0,        842,        842,        1,  2531520, 16ba87ff09de1e7104e40bca2bb0a0b1
0,        843,        843,        1,  2531520, 038253fb438dbc9b808ae6061b116667
0,        844,        844,        1,  2531520, 94eab7e72934c113af8263f4509e4e8c
0,        845,        845,        1,  2531520, 37fe86f557947930b06cbb3805c4911f
0,        846,        846,        1,  2531520, ec4e8bfdbb8c5643281bb9a7cc5fc912
0,        847,        847,        1,  2531520, f7ee8e511384a01961d211fce0417e16
0,        848,        848,        1,  2531520, 25aa89cea4e4565e4d065333eb6ed35f
0,        849,        849,        1,  2531520, 6d31df3d355aa90f366dfafb9578e628
0,        850,        850,        1,  2531520, 5410ae3dabb00eeaa147de1331373ff5
0,        851,        851,        1,  2531520, ec6fb6f4d0a1a943ca51ec966d5a5982
0,        852,        852,        1,  2531520, 8f655abde1b4e05f85090c5c8c5948e0
0,        853,        853,        1,  2531520, 1a1af89bf893ae6d63694b42c3ff25ff
0,        854,        854,        1,  2531520, a8f0bcac7900b433a18da57e2d5d8e03
0,        855,        855,        1,  2531520, 3be386acb51f24ef0fba0afb125849c6
0,        856,        856,        1,  2531520, 11715fcc71b3dbf1d3a6facdacc0f322
0,        857,        857,        1,  2531520, a20a05dc64ba919ba86574abb3129863
0,        858,        858,        1,  2531520, 0dff99cc66ca90465c230551ffd4e7fe
0,        859,        859,        1,  2531520, 923897b06be83b654d5cbdd2c59ff143
0,        860,        860,        1,  2531520, 29a7320c9fee604b3036f53a64691f2c
0,        861,        861,        1,  2531520, 76390ea4b84d661866508dfc088d66f0
0,        862,        862,        1,  2531520, 3703e7fe3746530ec0eb6090254ceeb2
0,        863,        863,        1,  2531520, cbf8b7b6cd9a516936a690ad47a53ecb
0,        864,        864,        1,  2531520, d6db8f2c6a20932c580911f5afad315a
0,        865,        865,        1,  2531520, be9d6c288d6ae4c941aefa824e46cca7
0,        866,        866,        1,  2531520, 36643907d68678132ac917e862089230
0,        867,        867,        1,  2531520, 725843112f786cfe0aa5894ee36f8f14
0,        868,        868,        1,  2531520, f105fcf840fa809dc1f0d896fd35d479
0,        869,        869,        1,  2531520, e1b2517c9b9fcdc9932b62654345e2fe
0,        870,        870,        1,  2531520, 2f3384cd76fc05014f751080da7a23ab
0,        871,        871,        1,  2531520, fc4ab38ef95960f74beab1b294fac5da
0,        872,        872,        1,  2531520, b798d2d70762d8b72b3bd3a731a6b237
0,        873,        873,        1,  2531520, d23f41b893584e2c1b3d9223f30f1695
0,        874,        874,        1,  2531520, d9ae01336a6ff543316d3842c7099e00
0,        875,        875,        1,  2531520, bf3b27c6b90ab98b3fd3e5813deee01c
0,        876,        876,        1,  2531520, d916ebe52ffbf7504c3c3cf4625ed7bd
0,        877,        877,        1,  2531520, 72a3a3d8a41d245cc36c34892fb3d22a
0,        878,        878,        1,  2531520, 7c47b380ab93c261ac2a45261d662467
0,        879,        879,        1,  2531520, 2e9d58d666bb63582fbe456b4bf5b939
0,        880,        880,        1,  2531520, 2c6b6eb7d4f04322a237f16da31f0148
0,        881,        881,        1,  2531520, 8b2ed9aeebc3cd02fec51b8572ef991a
0,        882,        882,        1,  2531520, 69d11970d41aced405d8f392a9c89d3f
0,        883,        883,        1,  2531520, 115891000e27d2d23216a1d9447c0b37
0,        884,        884,        1,  2531520, b460868a856816a080459ab6ad238592
0,        885,        885,        1,  2531520, 6f54cf8bfe479ff2cb7b8ff006e47b96
0,        886,        886,        1,  2531520, b9ffe8ce49fec3df9159b4e36add094c
0,        887,        887,        1,  2531520, ccabf4451ae8fad05096017cd3687787
0,        888,        888,        1,  2531520, ac2ff58e5758d0fc4e189c7b5e46a107
0,        889,        889,        1,  2531520, b353551eee32cfd847f82c8ac29faa11
0,        890,        890,        1,  2531520, 006c203f38955ed2d77942b35af7ecf8
0,        891,        891,        1,  2531520, 1ab561e8913cb0161622804120c4a439
0,        892,        892,        1,  2531520, e58d9d3e6d15ce5a12a234010f7bf092
0,        893,        893,        1,  2531520, b6cbd1b595e84c8039f97173c0bef501
0,        894,        894,        1,  2531520, a8d97f4092d6968d95c95ee2b64ff668
0,        895,        895,        1,  2531520, bf5a6a377b2b03271e9069687ac5589e
0,        896,        896,        1,  2531520, fdf6aed1787b0c6fc3b9a4821e3a8047
0,        897,        897,        1,  2531520, 509b9e748ed5ba7758fba8cce4d43098
0,        898,        898,        1,  2531520, f2638f0ab578ab135165d8e0afabae7b
0,        899,        899,        1,  2531520, 30c28aa68aac6031d5addaf89a0fe6af
0,        900,        900,        1,  2531520, 31a80f5d26b7bc12f313e16fb5c569dc
0,        901,        901,        1,  2531520, 3e29297f6a1e1fde4e32e8abfba3ff4a
0,        902,        902,        1,  2531520, 50e433e9e76a80e98d69d8b874a41578
0,        903,        903,        1,  2531520, 34599a7a76743306b9c16a8211dd64c1
0,        904,        904,        1,  2531520, 94514a038ede59da203f9295d42f09ec
0,        905,        905,        1,  2531520, 5fe5d10c256065301738268adcc16ba5
0,        906,        906,        1,  2531520, d41d0b040af8c254630f478527fbda55
0,        907,        907,        1,  2531520, 17f0d6600193caf8d594716eca68d226
0,        908,        908,        1,  2531520, 7bf386b21c386061eee282aa23dee03c
0,        909,        909,        1,  2531520, 6f8160e12dc0cbcc2e250a88775afb78
0,        910,        910,        1,  2531520, 572470844c70e457cab31aa0d6d8f955
0,        911,        911,        1,  2531520, c40932bd55d59d755246a0d942654dd1
0,        912,        912,        1,  2531520, f5de8a33c0a408c0e8d87cb95b817d48
0,        913,        913,        1,  2531520, 08af047176c642340f3b8c6ab090e2d9
0,        914,        914,        1,  2531520, 4c4aaea7ca34101c5773d49393278864
0,        915,        915,        1,  2531520, 84d68a0f173e81a1be17dda8cb7d5a2d
0,        916,        916,        1,  2531520, f0fc04be259e7edea649970ba82a4704
0,        917,        917,        1,  2531520, 0142492e8f2c69ec0695b6e8298f2dcb
0,        918,        918,        1,  2531520, 407e3c6b31591685317d64fa2d272812
0,        919,        919,        1,  2531520, 3005f893eeb969942fc1dfd03dc606a1
0,        920,        920,        1,  2531520, fc292640f4839d4268c8f3c7d7a7fe6d
0,        921,        921,        1,  2531520, c2b7a854f29c7d2f0fcade2243e252ed
0,        922,        922,        1,  2531520, ae0f9594ded0ba400bdc3447da459b6f
0,        923,        923,        1,  2531520, 705a0648fd294b0ea549a9bbad749827
0,        924,        924,        1,  2531520, f07eda9ed954f6beb83b0ff1a68b22ab
0,        925,        925,        1,  2531520, f0f6c3fdc1995e802fddea29e3e8c6eb
0,        926,        926,        1,  2531520, 759c37ae7cf4a2df04fb318c80304133
0,        927,        927,        1,  2531520, 8f56b4f43c8620355d94be6af52247a4
0,        928,        928,        1,  2531520, 3a5fad6c95c304a68b0bfdaadceb0abf
0,        929,        929,        1,  2531520, c692b0a030342ef2dcea20b1fbcc501a
0,        930,        930,        1,  2531520, af1feaee6628022552148b4ad9f1f6b6
0,        931,        931,        1,  2531520, 817ca233d378d2b6ecb7662d06e0a709
0,        932,        932,        1,  2531520, 9fd8acd5edb6373fb578261a6f2ef742
0,        933,        933,        1,  2531520, ec873bccd9fa83394cc22f01f5800fdb
0,        934,        934,        1,  2531520, 71fed903b8a4e85929fee76e73e8779e
0,        935,        935,        1,  2531520, 664bd3db97eb11edeb53828fab8f8c19
0,        936,        936,        1,  2531520, c48bbb5e8df31c3257c1a13b38537fbf
0,        937,        937,        1,  2531520, f8f4700b83aa814d5964c0e4b5a147a1
0,        938,        938,        1,  2531520, fbf4723f2aa7693106b797c8c75bc36e
0,        939,        939,        1,  2531520, b33bc93be99183c48a1d0b3302e02b0e
0,        940,        940,        1,  2531520, cc290a30ba363b934def5c7490451281
0,        941,        941,        1,  2531520, 3355f1cf721f6265f8d5cf7fa14b37d4
0,        942,        942,        1,  2531520, 0138d69104b55b0e3ee5e9d8f2e92173
0,        943,        943,        1,  2531520, 5f52f15be35ea3598a95e38c9dba9fb6
0,        944,        944,        1,  2531520, 1f2b2c83e422d4045727dd712a452f4d
0,        945,        945,        1,  2531520, 7244be23f266382fc905edf63e8c3de2
0,        946,        946,        1,  2531520, 856dccc6a943fe88cf1050052d46c7dc
0,        947,        947,        1,  2531520, 21e7a69de94d372d1aa268734aeba289
0,        948,        948,        1,  2531520, 0b478a99a0081619e7721e7715e567f7
0,        949,        949,        1,  2531520, c8e5616da1b51bc7f7f42b8faba5ff15
0,        950,        950,        1,  2531520, 58963da60040235ad492dafa111a9b1b
0,        951,        951,        1,  2531520, 63be26c7235a666f554ae9d55e254dc6
0,        952,        952,        1,  2531520, 93e2791e45951b8a7ee4202dfd4f10a5
0,        953,        953,        1,  2531520, daf3351382fbee8a75dd7f57996aa309
0,        954,        954,        1,  2531520, b8eab4f2fb548cf224840fb43e8f1a6f
0,        955,        955,        1,  2531520, 50a8663d6e1588fc07bb944344a844bb
0,        956,        956,        1,  2531520, 3cbb038cdb97b556bafb4c96dc09c25a
0,        957,        957,        1,  2531520, 5c6c9ae3ebf0413241477c7442d3f2e1
0,        958,        958,        1,  2531520, ca8c5a3839fd9c0f5546bbdde8f0a93d
0,        959,        959,        1,  2531520, dd71407acf1c63f5f1ca578177dafa79
0,        960,        960,        1,  2531520, 6b551bef99e1f2b6b531d4c0a3751bfc
0,        961,        961,        1,  2531520, 4a1fc147886c35b11c2a9cc4becc87bd
0,        962,        962,        1,  2531520, e61a075120945dcf72878f44a004e869
0,        963,        963,        1,  2531520, 8eec2a0ebd82ab8c8dacd681c855d532
0,        964,        964,        1,  2531520, a6933ea08bbde6012e7ba107c20c226a
0,        965,        965,        1,  2531520, 3ae1b594e3365c3863c338977b00f6f6
0,        966,        966,        1,  2531520, c0db0533c4465b96a2c13c54dd293154
0,        967,        967,        1,  2531520, d18b80c7cd0321a16e4e01b9986dcbb4
0,        968,        968,        1,  2531520, 4a2147a55f46a4da112913fb3aeffa8d
0,        969,        969,        1,  2531520, af7460a4310120f5bd9ea0d9b6edb0c6
0,        970,        970,        1,  2531520, d1a789825d895b9d67ab0fdf9d8c0f81
0,        971,        971,        1,  2531520, 4a9747cb9edd4ec30bb083a84636c37b
0,        972,        972,        1,  2531520, df16ddc2f79420b4e5e2b79e25c48d92
0,        973,        973,        1,  2531520, b840f369920b6a341441a6a21fe9678f
0,        974,        974,        1,  2531520, 89f6a26f0eef6a7e686fea1dde10b6f5
0,        975,        975,        1,  2531520, 0cb736f8d65512ce65a328dee164e10c
0,        976,        976,        1,  2531520, 40d8157b2a90a359046b5b48d2d295cf
0,        977,        977,        1,  2531520, ec488851a4f6f58237df2da94de2957e
0,        978,        978,        1,  2531520, a53fcf02c3b624549ba7f47cbf72315d
0,        979,        979,        1,  2531520, 3b98a8f1a9174c4bc116c58060d28e5f
0,        980,        980,        1,  2531520, d2d871aa3e69ae53777c305cde9210a8
0,        981,        981,        1,  2531520, 6e7d4d7ab0fccc65dc713ab75ee539a4
0,        982,        982,        1,  2531520, 96486016dc37cc7f9f9138e7b6cbc631
0,        983,        983,        1,  2531520, 6b6832db054ec85bb763d1099eba008c
0,        984,        984,        1,  2531520, 809731e8be07770561c402069889f150
0,        985,        985,        1,  2531520, a480db6572acd641e1acd68e613453e3
0,        986,        986,        1,  2531520, 3ed2f6ff639cbc81364033cc4376be3e
0,        987,        987,        1,  2531520, d2b314e8966ca0e8e413d74984180f2e
0,        988,        988,        1,  2531520, 89c1f479f906cc22974686a48aec4ec0
0,        989,        989,        1,  2531520, ad8b0ad616ccf980c3d403b9a710ebea
0,        990,        990,        1,  2531520, 1a633dabe537971be6609076614d552d
0,        991,        991,        1,  2531520, ee0c5151be4f23f710b33a5058d19b7f
0,        992,        992,        1,  2531520, 6e766ba899da5168b1af73e11a7cee3c
0,        993,        993,        1,  2531520, ab76f96608e093c3d1558ed335bc5fde
0,        994,        994,        1,  2531520, 8e22df81de92cf80960e145856afca7d
0,        995,        995,        1,  2531520, dc995a282a5b824f10e9a5fd4b833230
0,        996,        996,        1,  2531520, 5a7874b572aa51dff3c4477351f66744
0,        997,        997,        1,  2531520, d65f69337fc0fac463e7540cfbc845fa
0,        998,        998,        1,  2531520, 8d137ef625f9cdfb185b819fc7310b76
0,        999,        999,        1,  2531520, 1aafd1a3b4822c93e42f2f624dc75c48
0,       1000,       1000,        1,  2531520, cbd4544fc8bbb2d12c06cadd732b2741
0,       1001,       1001,        1,  2531520, a95a03692288d84bc510661cbddeab2b
0,       1002,       1002,        1,  2531520, 91fa355de911b507fb3fd6fb4b6e0e22
0,       1003,       1003,        1,  2531520, 9f6e96712379833d1384bd52e65fc672
0,       1004,       1004,        1,  2531520, 0aa3384771235c489e0400897f8f7e4d
0,       1005,       1005,        1,  2531520, c93bb3eaa51f51618ed3778f96b384d4
0,       1006,       1006,        1,  2531520, 4b1f6a0f5fa9cc10803f35db8115d714
0,       1007,       1007,        1,  2531520, f315a59a0cf9607b33c68c9d45a1ccce
0,       1008,       1008,        1,  2531520, df5e7d4e4b9afe2333dae39c3ffa737d
0,       1009,       1009,        1,  2531520, 3dc65406fce21ee7f1fcfaf7d9aebe20
0,       1010,       1010,        1,  2531520, f4efae91c1ad4771a16c2d86287502d9
0,       1011,       1011,        1,  2531520, 499ea541a1535eaabf972e33369ec132
0,       1012,       1012,        1,  2531520, e626c0b26c730368a1016569e4a2e206
0,       1013,       1013,        1,  2531520, 0d1f144bb0d8a40c0d9791939c97fa07
0,       1014,       1014,        1,  2531520, f4fff39020e9814bd3709a5becef7faa
0,       1015,       1015,        1,  2531520, 97a884f708cb0da50672a7978e00df08
0,       1016,       1016,        1,  2531520, 2c02cf496aefb843838b2ea66bab6ec7
0,       1017,       1017,        1,  2531520, 78732ffa1b3a32923dbae318649147b4
0,       1018,       1018,        1,  2531520, 229f0629b8e929e45061a8a836e5146a
0,       1019,       1019,        1,  2531520, f2dc9f0df1cdd48206b47ed966b46ad4
0,       1020,       1020,        1,  2531520, cba4cb57c4f858fe3a43b1b8d13cd724
0,       1021,       1021,        1,  2531520, d03feabcee07ecd6ebc601e7e2b63d2d
0,       1022,       1022,        1,  2531520, 4b8196b55bf10304dee771351949a45c
0,       1023,       1023,        1,  2531520, 60d409bd2483d41410d545397d9e4bae
0,       1024,       1024,        1,  2531520, 98a184ae060c9ea8e19fd218b38c8a38
0,       1025,       1025,        1,  2531520, 6944d41678a92176f85ff57db7306248
0,       1026,       1026,        1,  2531520, 0674076b9d688dc0af30d587696dafd8
0,       1027,       1027,        1,  2531520, 56dc5a6f169cc83af071438f611707f8
0,       1028,       1028,        1,  2531520, 8fca13fd3f5440e1853aee32d1685473
0,       1029,       1029,        1,  2531520, 35fb60c4ea4d360fe7cc11041185f3fa
0,       1030,       1030,        1,  2531520, ce41b66087d8b186053233c80d54dc48
0,       1031,       1031,        1,  2531520, bf324ec0a8ec221b73167bea4766fbbb
0,       1032,       1032,        1,  2531520, 158d3f59e24b8efd25dfe750298bcdf3
0,       1033,       1033,        1,  2531520, 20a2efdd49100e3c6047f4f7ba84b166
0,       1034,       1034,        1,  2531520, a03888a096b4c50dbd2585313965444a
0,       1035,       1035,        1,  2531520, a2576ea77a21999c42edebcea188ca41
0,       1036,       1036,        1,  2531520, 6c4aeae5dde6f0e95b536fdc34ec559c
0,       1037,       1037,        1,  2531520, ecc6e5d7da12e9f132b5abfc2ba9ba2e
0,       1038,       1038,        1,  2531520, d6f840e9a7dbd924f83b3f890a71bfc6
0,       1039,       1039,        1,  2531520, 3d5ac177de1ce4be15044a92bb80b436
0,       1040,       1040,        1,  2531520, 8d590a0c4df3afda8b494f2751f4f225
0,       1041,       1041,        1,  2531520, c1f4cb174e7645ed295307293603fce3
0,       1042,       1042,        1,  2531520, 1cdc729ac63d50e97e082d83dea8c6d3
0,       1043,       1043,        1,  2531520, ca810edb122a36c96d052c47c8b0a0c7
0,       1044,       1044,        1,  2531520, 18e87917ffd32e51b28c0df19571611a
0,       1045,       1045,        1,  2531520, 9fdd4931bdfa731840e290d19ab89715
0,       1046,       1046,        1,  2531520, b8969725a3c07c0c882a462a995d6afe
0,       1047,       1047,        1,  2531520, 28ff90bf55b6136571a735a357ab66f6
0,       1048,       1048,        1,  2531520, 3ce79f562dd1ce4ce540c45a107cb016
0,       1049,       1049,        1,  2531520, 5d6b2890b9f595ef6187ae652c4b540d
0,       1050,       1050,        1,  2531520, 4b38303704364d84f27320042af95dcd
0,       1051,       1051,        1,  2531520, 8fb54d44cbb06edd15ee23c4f719bcaa
0,       1052,       1052,        1,  2531520, e212cbd8ab8cc4a49a93d44014571b00
0,       1053,       1053,        1,  2531520, 8edd279326fe7facc09dcf61288e8574
0,       1054,       1054,        1,  2531520, 7e82d1b8b42ab6a694f166ebf9911f67
0,       1055,       1055,        1,  2531520, 375a01a2c243bb4448f614105ddeec30
0,       1056,       1056,        1,  2531520, a0022826227b5631734ea4a624db1386
0,       1057,       1057,        1,  2531520, a352691f64cc9099427fa7a6ff3f949f
0,       1058,       1058,        1,  2531520, e607a701f524d4d6269035d80cd5be86
0,       1059,       1059,        1,  2531520, 579f642e6fe94235d96751ed630932ec
0,       1060,       1060,        1,  2531520, cd4928a46691e302791061bc4ef4c888
0,       1061,       1061,        1,  2531520, 69b2a2ac4109cf4e7c712eac00dafa46
0,       1062,       1062,        1,  2531520, 1dd6eeb3741880f2208e4fcbb0b74498
0,       1063,       1063,        1,  2531520, 411549424a4f631166433ad3ae94ddb0
0,       1064,       1064,        1,  2531520, cb6a601c4c8458f20d8576d6902577e5
0,       1065,       1065,        1,  2531520, b2ea0126af5db6a752c5807741c4f847
0,       1066,       1066,        1,  2531520, f2a76125484ed6f67784b65d28574f0d
0,       1067,       1067,        1,  2531520, 933a89442600d8fc4cf1def2a4b7e3bd
0,       1068,       1068,        1,  2531520, e018964526d972017fcb729f1b9eb733
0,       1069,       1069,        1,  2531520, 9570b780ee325aa0548e8ed08446c237
0,       1070,       1070,        1,  2531520, 0d3134cc5adc9f2bc6d6f22ff19e98c3
0,       1071,       1071,        1,  2531520, b4e0e50c8e6af9882816b061fd302dd0
0,       1072,       1072,        1,  2531520, 6b3c98a5185b9939decd7c5978ea61a9
0,       1073,       1073,        1,  2531520, e3e65a29d21afdbd3c0638e16d928dee
0,       1074,       1074,        1,  2531520, 0ec00d45d11eef984992cccdc0c8be57
0,       1075,       1075,        1,  2531520, 4c7c34a25f24b414ee56ea87adc0e189
0,       1076,       1076,        1,  2531520, 82741bbcbeada77ef506c96a0f338dc2
0,       1077,       1077,        1,  2531520, 26bedffae7188dbf079d49323f23a859
0,       1078,       1078,        1,  2531520, b85ef9347213496ae28f80393226a090
0,       1079,       1079,        1,  2531520, 70097485a3ffea647c738d4623268df7
0,       1080,       1080,        1,  2531520, 5512bdff515ed126974c86fc8099c1f4
0,       1081,       1081,        1,  2531520, a70ec7b0aed6ce67ef1364b87cde3d48
0,       1082,       1082,        1,  2531520, f6b96b2fccc56ed15c4338bc5aef58ec
0,       1083,       1083,        1,  2531520, 00caa4f5218c5d6487c24150a07664ef
0,       1084,       1084,        1,  2531520, 75980a10fa8d90d2dd350b2f2b38f8a3
0,       1085,       1085,        1,  2531520, 7e0fddc79bcb0220719fb9b1b15462b2
0,       1086,       1086,        1,  2531520, 7e17380e50162ddb900d36f5edda58dd
0,       1087,       1087,        1,  2531520, d8f57eb1dc7885919f01f2e835716d11
0,       1088,       1088,        1,  2531520, cb52db248370eeab92d8bbb5d32c060a
0,       1089,       1089,        1,  2531520, 44e8da1417b31051c15fa543b6173958
0,       1090,       1090,        1,  2531520, 4d87a2a8650987567868d3a12b5537dc
0,       1091,       1091,        1,  2531520, dd99253bb71a751676237bacbfca6ec2
0,       1092,       1092,        1,  2531520, f93363ca6d78ccf16ab944a2f65ad6ac
0,       1093,       1093,        1,  2531520, a37d174681800fed67df5d813b719e03
0,       1094,       1094,        1,  2531520, ddd58a2c780af9e1d551ccb1474248d8
0,       1095,       1095,        1,  2531520, 63b030b7cfda6affc4a10a27edd766e1
0,       1096,       1096,        1,  2531520, 8abede82a0630dcf8637af1f86e160bd
0,       1097,       1097,        1,  2531520, 56d27cc1909c41b8f236def6279a9ee9
0,       1098,       1098,        1,  2531520, a398ac4222f3a261eaa4873c06a36757
0,       1099,       1099,        1,  2531520, bf3c3b875137f85da48d3987605d6ed7
0,       1100,       1100,        1,  2531520, 513ad767c2491eeb2dcd5a5431cead52
0,       1101,       1101,        1,  2531520, c55cbf9c15fca676bf48a41326bf58c0
0,       1102,       1102,        1,  2531520, 8a67e31ea3b6b3d0f4ba93405e3d07c5
0,       1103,       1103,        1,  2531520, 255a55a3e8f86f3a1780503e064ec237
0,       1104,       1104,        1,  2531520, c8a00a4bec1d17d17f72928ff3511049
0,       1105,       1105,        1,  2531520, 94d659e2bed310080cc3aeab83d13609
0,       1106,       1106,        1,  2531520, fd0987ae3add464c2797785689ad2656
0,       1107,       1107,        1,  2531520, 2c3b7dbbbeb1cd4582ed48b408f3f4df
0,       1108,       1108,        1,  2531520, 58131f2f29def20dfcf62c521f79e42f
0,       1109,       1109,        1,  2531520, d8c658aaa90ef0bb325f5fb9e83fe4b9
0,       1110,       1110,        1,  2531520, 72d79718826f1392906e9ecfb4abc008
0,       1111,       1111,        1,  2531520, 9bd8b2062189a51c3be54134573dfb4f
0,       1112,       1112,        1,  2531520, 7774ad51ea2c23bbe9169b6fdee11073
0,       1113,       1113,        1,  2531520, 7dd58dbfe541de7a61f68d33945b20b4
0,       1114,       1114,        1,  2531520, 98f2f7af7b994a2c58ab3d1056626af7
0,       1115,       1115,        1,  2531520, 1ad84f02d4a458c8570c7433aafc4851
0,       1116,       1116,        1,  2531520, e9dcb639fa2c3744da76f32e8ad83503
0,       1117,       1117,        1,  2531520, df825d4e52d3cab6dd572a25d7e1fcde
0,       1118,       1118,        1,  2531520, c8ee0d1c4a29e45c6356ba27014fd958
0,       1119,       1119,        1,  2531520, 20d02615ff85de3f8821f9e0c613365a
0,       1120,       1120,        1,  2531520, 4a3555ac7ea90110f287657e24706aea
0,       1121,       1121,        1,  2531520, 1f398ba32d3cae17670cf1508e4bc33f
0,       1122,       1122,        1,  2531520, dd62081a76231cc8d4670327c2a25807
0,       1123,       1123,        1,  2531520, c9e372da533d13a640e5373dcf8e7d43
0,       1124,       1124,        1,  2531520, 5be80e280454141427c55bcc89d91ebc
0,       1125,       1125,        1,  2531520, 9c960bb3c6585e74e1c2f55eb18c459c
0,       1126,       1126,        1,  2531520, a93cf7be50cec37d01bb3094ce6004d0
0,       1127,       1127,        1,  2531520, 964e492232fe595a9f5c8db5067afa7a
0,       1128,       1128,        1,  2531520, 5f78e7d9275a84591388c76bd6ea9448
0,       1129,       1129,        1,  2531520, 7fd73ae5ac29023df5f8e4c90802b107
0,       1130,       1130,        1,  2531520, 2c32babe469994aa0ae01a7b02a56e1a
0,       1131,       1131,        1,  2531520, 12115738841b3404febac252552e5ac6
0,       1132,       1132,        1,  2531520, 813a8bc1023f5b85cf51c83f96363ed8
0,       1133,       1133,        1,  2531520, 75bbd55841cafe7bf569b522fde07e09
0,       1134,       1134,        1,  2531520, 38f03eb04ba143a3d11b497c3b62e135
0,       1135,       1135,        1,  2531520, 761f699a89c957fcd0981af5deacbf7f
0,       1136,       1136,        1,  2531520, c82709c740f7a22bd84f0c18d83fcffe
0,       1137,       1137,        1,  2531520, 2466f347d01ceda641a2f1a02234698d
0,       1138,       1138,        1,  2531520, ed20a40d81609d95bd01506523254dcd
0,       1139,       1139,        1,  2531520, 15f81deda3ee738518d6ff5c9d7343bb
0,       1140,       1140,        1,  2531520, fa1aef62de5d89c88a9b127b3f08443d
0,       1141,       1141,        1,  2531520, 6ecc98956d4deb632208395264c92939
0,       1142,       1142,        1,  2531520, 7b6d29eccdad43e202cdcf5b64aa8f95
0,       1143,       1143,        1,  2531520, 0c027d822b1bd7d7eb54f1eaa3db995f
0,       1144,       1144,        1,  2531520, ead525c48d34e9fd6b40295c7734506c
0,       1145,       1145,        1,  2531520, 86ca9f2931732f4ebbf6900e2d2907fa
0,       1146,       1146,        1,  2531520, deb243317e6eae001d639ddccff020c4
0,       1147,       1147,        1,  2531520, fdd9397a5cfe74970fd0c1b33d2c887d
0,       1148,       1148,        1,  2531520, b9b3a7e264ec3a60a5b4451754dea47c
0,       1149,       1149,        1,  2531520, 0671d53b2fdba87139d14a42a38446d3
0,       1150,       1150,        1,  2531520, bdafa5fccac400453ffb146236ecd7fc
0,       1151,       1151,        1,  2531520, 5a4bea82a03cb6f98c25a0ff9af01203
0,       1152,       1152,        1,  2531520, 24c6a58e934a3344e3a3313c252e3c13
0,       1153,       1153,        1,  2531520, 82a7db80d22eca3607d2e0b96e2f3df5
0,       1154,       1154,        1,  2531520, 9acbb2fe70c94cc01a69a2018f691e38
0,       1155,       1155,        1,  2531520, 3dea1bb24d32d36c6f5cc142657d26a8
0,       1156,       1156,        1,  2531520, 24cd2bcb818a50d6b1498f4ae5e8ce7e
0,       1157,       1157,        1,  2531520, c3e7f1668f236f6f708e0db6a8bab934
0,       1158,       1158,        1,  2531520, 582f158c99a31e1f5daeea3665a507d0
0,       1159,       1159,        1,  2531520, 404e051b7580d9eb6ec0ff73ff69833d
0,       1160,       1160,        1,  2531520, 3c605856dcc90067e8e14c4663d3b97a
0,       1161,       1161,        1,  2531520, a6951b60ca48b9c31dfa49c3ef8e058d
0,       1162,       1162,        1,  2531520, 2cb9ae4a26a35a29a09fc7b301fceb68
0,       1163,       1163,        1,  2531520, adf11834b2f9c24ac6f760e99cddf31d
0,       1164,       1164,        1,  2531520, 0605c97a818f1733b99584813679a0b5
0,       1165,       1165,        1,  2531520, 125503363649c1363a129f4c43035c2d
0,       1166,       1166,        1,  2531520, 18fd6919d798da49bf929aed159932ea
0,       1167,       1167,        1,  2531520, 6e157a77dd85185597f2311fbbbedbcd
0,       1168,       1168,        1,  2531520, b04be4b16a73610f04bb94e2b6d0c7e1
0,       1169,       1169,        1,  2531520, bd6c2f6d0aad9783ec4bc8e0730ef3eb
0,       1170,       1170,        1,  2531520, be9ce003195542fdb5a66f2b97eac5ed
0,       1171,       1171,        1,  2531520, 6dfa7d1bca30ab2243e4538714ce4d80
0,       1172,       1172,        1,  2531520, c783c499c217e735fc18d55ab1b06cfc
0,       1173,       1173,        1,  2531520, 2a5df1e4556896dc5b95e468c2eab841
0,       1174,       1174,        1,  2531520, caa23457fae513509d88aa6a41f68793
0,       1175,       1175,        1,  2531520, 6882acf2ece3da1735820cdcd51d465f
0,       1176,       1176,        1,  2531520, 3d4e65ae7a97a7e1f767dd3132a21144
0,       1177,       1177,        1,  2531520, 5ad6baecbcf857bdd000881894ff6676
0,       1178,       1178,        1,  2531520, 0d92735451ae9360049ac08b1b10290b
0,       1179,       1179,        1,  2531520, f6476d591ca94ae5b9db9cb7356761d4
0,       1180,       1180,        1,  2531520, 00d24edf809d64bd9d2736e15603ce1c
0,       1181,       1181,        1,  2531520, ba0cc6e50a32d4fb7c6a3490446235e5
0,       1182,       1182,        1,  2531520, d74b86bceca1f9f1e1d5ede5305281fa
0,       1183,       1183,        1,  2531520, f70b5ed733db4a39b547b26b3693d8ee
0,       1184,       1184,        1,  2531520, f84a276baaa00cb30a84e8b835af01a4
0,       1185,       1185,        1,  2531520, 9a1a946921e095a702cf5bf03f8e520e
0,       1186,       1186,        1,  2531520, 80320a795841832bf09ce57fb9bc02bc
0,       1187,       1187,        1,  2531520, a971d46192b79a62eaf8aa9063175a9c
0,       1188,       1188,        1,  2531520, 7cb97c2489b520a9c19cc15fbc962eec
0,       1189,       1189,        1,  2531520, 42bcfa7867c0d37de25bda716b3eeb0a
0,       1190,       1190,        1,  2531520, c5d31f5e2099cb25dbacae6aef5d5ad6
0,       1191,       1191,        1,  2531520, fc1cf5d8a3f30b384724c254153c3416
0,       1192,       1192,        1,  2531520, e2bf91f6a7a84ac9179628b4c0ad8f78
0,       1193,       1193,        1,  2531520, 3e6f2c43d5a0df6e9ccfeeb442025a37
0,       1194,       1194,        1,  2531520, 1fee88aceaf92b714e1ff6cc7ba928ed
0,       1195,       1195,        1,  2531520, c65c52a9be1ec82372f6a284129d032a
0,       1196,       1196,        1,  2531520, 8a7ecd660c74cf934bf80a84f3ff891f
0,       1197,       1197,        1,  2531520, 8a7ecd660c74cf934bf80a84f3ff891f
0,       1198,       1198,        1,  2531520, 8a7ecd660c74cf934bf80a84f3ff891f
0,       1199,       1199,        1,  2531520, 8a7ecd660c74cf934bf80a84f3ff891f
0,       1200,       1200,        1,  2531520, 8a7ecd660c74cf934bf80a84f3ff891f
0,       1201,       1201,        1,  2531520, 8a7ecd660c74cf934bf80a84f3ff891f
0,       1202,       1202,        1,  2531520, 8a7ecd660c74cf934bf80a84f3ff891f
0,       1203,       1203,        1,  2531520, 8a7ecd660c74cf934bf80a84f3ff891f
0,       1204,       1204,        1,  2531520, 8a7ecd660c74cf934bf80a84f3ff891f
0,       1205,       1205,        1,  2531520, 8a7ecd660c74cf934bf80a84f3ff891f
0,       1206,       1206,        1,  2531520, 8a7ecd660c74cf934bf80a84f3ff891f
0,       1207,       1207,        1,  2531520, 8a7ecd660c74cf934bf80a84f3ff891f
0,       1208,       1208,        1,  2531520, 8a7ecd660c74cf934bf80a84f3ff891f
0,       1209,       1209,        1,  2531520, 8a7ecd660c74cf934bf80a84f3ff891f
0,       1210,       1210,        1,  2531520, 8a7ecd660c74cf934bf80a84f3ff891f
0,       1211,       1211,        1,  2531520, 8a7ecd660c74cf934bf80a84f3ff891f
0,       1212,       1212,        1,  2531520, 8a7ecd660c74cf934bf80a84f3ff891f
0,       1213,       1213,        1,  2531520, 8a7ecd660c74cf934bf80a84f3ff891f
0,       1214,       1214,        1,  2531520, 8a7ecd660c74cf934bf80a84f3ff891f
0,       1215,       1215,        1,  2531520, 8a7ecd660c74cf934bf80a84f3ff891f
0,       1216,       1216,        1,  2531520, 8a7ecd660c74cf934bf80a84f3ff891f
0,       1217,       1217,        1,  2531520, 8a7ecd660c74cf934bf80a84f3ff891f
0,       1218,       1218,        1,  2531520, 8a7ecd660c74cf934bf80a84f3ff891f
0,       1219,       1219,        1,  2531520, 8a7ecd660c74cf934bf80a84f3ff891f
0,       1220,       1220,        1,  2531520, 8a7ecd660c74cf934bf80a84f3ff891f
0,       1221,       1221,        1,  2531520, 8a7ecd660c74cf934bf80a84f3ff891f
0,       1222,       1222,        1,  2531520, 8a7ecd660c74cf934bf80a84f3ff891f
0,       1223,       1223,        1,  2531520, 8a7ecd660c74cf934bf80a84f3ff891f
0,       1224,       1224,        1,  2531520, 8a7ecd660c74cf934bf80a84f3ff891f
0,       1225,       1225,        1,  2531520, 8a7ecd660c74cf934bf80a84f3ff891f
0,       1226,       1226,        1,  2531520, 8a7ecd660c74cf934bf80a84f3ff891f
0,       1227,       1227,        1,  2531520, 8a7ecd660c74cf934bf80a84f3ff891f
0,       1228,       1228,        1,  2531520, 8a7ecd660c74cf934bf80a84f3ff891f
0,       1229,       1229,        1,  2531520, 8a7ecd660c74cf934bf80a84f3ff891f
0,       1230,       1230,        1,  2531520, 8a7ecd660c74cf934bf80a84f3ff891f
0,       1231,       1231,        1,  2531520, 8a7ecd660c74cf934bf80a84f3ff891f
0,       1232,       1232,        1,  2531520, 8a7ecd660c74cf934bf80a84f3ff891f
0,       1233,       1233,        1,  2531520, 8a7ecd660c74cf934bf80a84f3ff891f
0,       1234,       1234,        1,  2531520, 8a7ecd660c74cf934bf80a84f3ff891f
0,       1235,       1235,        1,  2531520, 8a7ecd660c74cf934bf80a84f3ff891f
0,       1236,       1236,        1,  2531520, 8a7ecd660c74cf934bf80a84f3ff891f
0,       1237,       1237,        1,  2531520, 8a7ecd660c74cf934bf80a84f3ff891f
0,       1238,       1238,        1,  2531520, 8a7ecd660c74cf934bf80a84f3ff891f
0,       1239,       1239,        1,  2531520, 8a7ecd660c74cf934bf80a84f3ff891f
0,       1240,       1240,        1,  2531520, 8a7ecd660c74cf934bf80a84f3ff891f
0,       1241,       1241,        1,  2531520, 8a7ecd660c74cf934bf80a84f3ff891f
0,       1242,       1242,        1,  2531520, 8a7ecd660c74cf934bf80a84f3ff891f
0,       1243,       1243,        1,  2531520, 8a7ecd660c74cf934bf80a84f3ff891f
0,       1244,       1244,        1,  2531520, 8a7ecd660c74cf934bf80a84f3ff891f
0,       1245,       1245,        1,  2531520, 8a7ecd660c74cf934bf80a84f3ff891f
0,       1246,       1246,        1,  2531520, 8a7ecd660c74cf934bf80a84f3ff891f
0,       1247,       1247,        1,  2531520, 8a7ecd660c74cf934bf80a84f3ff891f
0,       1248,       1248,        1,  2531520, 8a7ecd660c74cf934bf80a84f3ff891f
0,       1249,       1249,        1,  2531520, 8a7ecd660c74cf934bf80a84f3ff891f
0,       1250,       1250,        1,  2531520, 8a7ecd660c74cf934bf80a84f3ff891f
0,       1251,       1251,        1,  2531520, 8a7ecd660c74cf934bf80a84f3ff891f
0,       1252,       1252,        1,  2531520, 8a7ecd660c74cf934bf80a84f3ff891f
0,       1253,       1253,        1,  2531520, 8a7ecd660c74cf934bf80a84f3ff891f
0,       1254,       1254,        1,  2531520, 8a7ecd660c74cf934bf80a84f3ff891f
0,       1255,       1255,        1,  2531520, 8a7ecd660c74cf934bf80a84f3ff891f
0,       1256,       1256,        1,  2531520, 8a7ecd660c74cf934bf80a84f3ff891f
0,       1257,       1257,        1,  2531520, 8a7ecd660c74cf934bf80a84f3ff891f
0,       1258,       1258,        1,  2531520, 8a7ecd660c74cf934bf80a84f3ff891f
0,       1259,       1259,        1,  2531520, 8a7ecd660c74cf934bf80a84f3ff891f
0,       1260,       1260,        1,  2531520, 8a7ecd660c74cf934bf80a84f3ff891f
0,       1261,       1261,        1,  2531520, 8a7ecd660c74cf934bf80a84f3ff891f
0,       1262,       1262,        1,  2531520, 8a7ecd660c74cf934bf80a84f3ff891f
0,       1263,       1263,        1,  2531520, 8a7ecd660c74cf934bf80a84f3ff891f
0,       1264,       1264,        1,  2531520, 8a7ecd660c74cf934bf80a84f3ff891f
0,       1265,       1265,        1,  2531520, 8a7ecd660c74cf934bf80a84f3ff891f
0,       1266,       1266,        1,  2531520, 8a7ecd660c74cf934bf80a84f3ff891f
0,       1267,       1267,        1,  2531520, 8a7ecd660c74cf934bf80a84f3ff891f
0,       1268,       1268,        1,  2531520, 8a7ecd660c74cf934bf80a84f3ff891f
0,       1269,       1269,        1,  2531520, 8a7ecd660c74cf934bf80a84f3ff891f
0,       1270,       1270,        1,  2531520, 8a7ecd660c74cf934bf80a84f3ff891f
0,       1271,       1271,        1,  2531520, 8a7ecd660c74cf934bf80a84f3ff891f
0,       1272,       1272,        1,  2531520, 8a7ecd660c74cf934bf80a84f3ff891f
0,       1273,       1273,        1,  2531520, 8a7ecd660c74cf934bf80a84f3ff891f
0,       1274,       1274,        1,  2531520, 8a7ecd660c74cf934bf80a84f3ff891f
0,       1275,       1275,        1,  2531520, 8a7ecd660c74cf934bf80a84f3ff891f
0,       1276,       1276,        1,  2531520, 51cc09609701cbccf5f961371fb9bb91
0,       1277,       1277,        1,  2531520, 51cc09609701cbccf5f961371fb9bb91
0,       1278,       1278,        1,  2531520, 51cc09609701cbccf5f961371fb9bb91
0,       1279,       1279,        1,  2531520, 51cc09609701cbccf5f961371fb9bb91
0,       1280,       1280,        1,  2531520, 51cc09609701cbccf5f961371fb9bb91
0,       1281,       1281,        1,  2531520, 51cc09609701cbccf5f961371fb9bb91
0,       1282,       1282,        1,  2531520, 51cc09609701cbccf5f961371fb9bb91
0,       1283,       1283,        1,  2531520, 51cc09609701cbccf5f961371fb9bb91
0,       1284,       1284,        1,  2531520, 51cc09609701cbccf5f961371fb9bb91
0,       1285,       1285,        1,  2531520, 51cc09609701cbccf5f961371fb9bb91
0,       1286,       1286,        1,  2531520, 51cc09609701cbccf5f961371fb9bb91
0,       1287,       1287,        1,  2531520, 51cc09609701cbccf5f961371fb9bb91
0,       1288,       1288,        1,  2531520, 51cc09609701cbccf5f961371fb9bb91
0,       1289,       1289,        1,  2531520, 51cc09609701cbccf5f961371fb9bb91
0,       1290,       1290,        1,  2531520, 51cc09609701cbccf5f961371fb9bb91
0,       1291,       1291,        1,  2531520, 51cc09609701cbccf5f961371fb9bb91
0,       1292,       1292,        1,  2531520, 51cc09609701cbccf5f961371fb9bb91
0,       1293,       1293,        1,  2531520, 51cc09609701cbccf5f961371fb9bb91
0,       1294,       1294,        1,  2531520, 51cc09609701cbccf5f961371fb9bb91
0,       1295,       1295,        1,  2531520, 51cc09609701cbccf5f961371fb9bb91
0,       1296,       1296,        1,  2531520, 51cc09609701cbccf5f961371fb9bb91
0,       1297,       1297,        1,  2531520, 51cc09609701cbccf5f961371fb9bb91
0,       1298,       1298,        1,  2531520, 51cc09609701cbccf5f961371fb9bb91
0,       1299,       1299,        1,  2531520, 51cc09609701cbccf5f961371fb9bb91
0,       1300,       1300,        1,  2531520, 51cc09609701cbccf5f961371fb9bb91
0,       1301,       1301,        1,  2531520, 51cc09609701cbccf5f961371fb9bb91
0,       1302,       1302,        1,  2531520, 51cc09609701cbccf5f961371fb9bb91
0,       1303,       1303,        1,  2531520, 51cc09609701cbccf5f961371fb9bb91
0,       1304,       1304,        1,  2531520, 51cc09609701cbccf5f961371fb9bb91
0,       1305,       1305,        1,  2531520, 51cc09609701cbccf5f961371fb9bb91
0,       1306,       1306,        1,  2531520, 51cc09609701cbccf5f961371fb9bb91
0,       1307,       1307,        1,  2531520, 51cc09609701cbccf5f961371fb9bb91
0,       1308,       1308,        1,  2531520, 51cc09609701cbccf5f961371fb9bb91
0,       1309,       1309,        1,  2531520, 51cc09609701cbccf5f961371fb9bb91
0,       1310,       1310,        1,  2531520, 51cc09609701cbccf5f961371fb9bb91
0,       1311,       1311,        1,  2531520, 51cc09609701cbccf5f961371fb9bb91
0,       1312,       1312,        1,  2531520, 51cc09609701cbccf5f961371fb9bb91
0,       1313,       1313,        1,  2531520, 51cc09609701cbccf5f961371fb9bb91
0,       1314,       1314,        1,  2531520, 51cc09609701cbccf5f961371fb9bb91
0,       1315,       1315,        1,  2531520, 51cc09609701cbccf5f961371fb9bb91
0,       1316,       1316,        1,  2531520, 51cc09609701cbccf5f961371fb9bb91
0,       1317,       1317,        1,  2531520, 51cc09609701cbccf5f961371fb9bb91
0,       1318,       1318,        1,  2531520, 51cc09609701cbccf5f961371fb9bb91
0,       1319,       1319,        1,  2531520, 51cc09609701cbccf5f961371fb9bb91
0,       1320,       1320,        1,  2531520, 51cc09609701cbccf5f961371fb9bb91
0,       1321,       1321,        1,  2531520, 51cc09609701cbccf5f961371fb9bb91
0,       1322,       1322,        1,  2531520, 51cc09609701cbccf5f961371fb9bb91
0,       1323,       1323,        1,  2531520, 51cc09609701cbccf5f961371fb9bb91
0,       1324,       1324,        1,  2531520, 51cc09609701cbccf5f961371fb9bb91
0,       1325,       1325,        1,  2531520, 51cc09609701cbccf5f961371fb9bb91
0,       1326,       1326,        1,  2531520, 51cc09609701cbccf5f961371fb9bb91
0,       1327,       1327,        1,  2531520, 51cc09609701cbccf5f961371fb9bb91
0,       1328,       1328,        1,  2531520, 51cc09609701cbccf5f961371fb9bb91
0,       1329,       1329,        1,  2531520, 51cc09609701cbccf5f961371fb9bb91
0,       1330,       1330,        1,  2531520, 51cc09609701cbccf5f961371fb9bb91
0,       1331,       1331,        1,  2531520, 51cc09609701cbccf5f961371fb9bb91
0,       1332,       1332,        1,  2531520, 51cc09609701cbccf5f961371fb9bb91
0,       1333,       1333,        1,  2531520, 51cc09609701cbccf5f961371fb9bb91
0,       1334,       1334,        1,  2531520, 51cc09609701cbccf5f961371fb9bb91
0,       1335,       1335,        1,  2531520, 51cc09609701cbccf5f961371fb9bb91
0,       1336,       1336,        1,  2531520, 51cc09609701cbccf5f961371fb9bb91
0,       1337,       1337,        1,  2531520, 51cc09609701cbccf5f961371fb9bb91
0,       1338,       1338,        1,  2531520, 51cc09609701cbccf5f961371fb9bb91
0,       1339,       1339,        1,  2531520, 51cc09609701cbccf5f961371fb9bb91
0,       1340,       1340,        1,  2531520, 51cc09609701cbccf5f961371fb9bb91
0,       1341,       1341,        1,  2531520, 51cc09609701cbccf5f961371fb9bb91
0,       1342,       1342,        1,  2531520, 51cc09609701cbccf5f961371fb9bb91
0,       1343,       1343,        1,  2531520, 51cc09609701cbccf5f961371fb9bb91
0,       1344,       1344,        1,  2531520, 51cc09609701cbccf5f961371fb9bb91
0,       1345,       1345,        1,  2531520, 51cc09609701cbccf5f961371fb9bb91
0,       1346,       1346,        1,  2531520, 51cc09609701cbccf5f961371fb9bb91
0,       1347,       1347,        1,  2531520, 51cc09609701cbccf5f961371fb9bb91
0,       1348,       1348,        1,  2531520, 51cc09609701cbccf5f961371fb9bb91
0,       1349,       1349,        1,  2531520, 51cc09609701cbccf5f961371fb9bb91
0,       1350,       1350,        1,  2531520, 51cc09609701cbccf5f961371fb9bb91
0,       1351,       1351,        1,  2531520, 51cc09609701cbccf5f961371fb9bb91
0,       1352,       1352,        1,  2531520, 51cc09609701cbccf5f961371fb9bb91
0,       1353,       1353,        1,  2531520, 51cc09609701cbccf5f961371fb9bb91
0,       1354,       1354,        1,  2531520, 51cc09609701cbccf5f961371fb9bb91
0,       1355,       1355,        1,  2531520, 51cc09609701cbccf5f961371fb9bb91
0,       1356,       1356,        1,  2531520, 51cc09609701cbccf5f961371fb9bb91
0,       1357,       1357,        1,  2531520, 51cc09609701cbccf5f961371fb9bb91
0,       1358,       1358,        1,  2531520, 4f9d3acdbaa2194696bd3f7f03e6de77
0,       1359,       1359,        1,  2531520, 36d227fcb92868918f449d83f4da5890
0,       1360,       1360,        1,  2531520, 3ce840193404d2e4e21d314898c7343b
0,       1361,       1361,        1,  2531520, d9f70633d1ce856b5f2f72075a938cfc
0,       1362,       1362,        1,  2531520, b9a10628e6a6a8e8581227e9e2736dc0
0,       1363,       1363,        1,  2531520, ad6bbd35aa0cda8f6ef04df9841c043c
0,       1364,       1364,        1,  2531520, e5e5af437cd3f99d60a710f771534cb8
0,       1365,       1365,        1,  2531520, 16ae3bebac85269351ca29b789d7f274
0,       1366,       1366,        1,  2531520, 1113b65a696c5c80fd8038d0ce8ecf14
0,       1367,       1367,        1,  2531520, fbb89fcbd1476a84df049de296e30a94
0,       1368,       1368,        1,  2531520, 0df9daaab939ef04080bac13fdaff2f1
0,       1369,       1369,        1,  2531520, 718ccd7e889ccf86e7c367cf54e76127
0,       1370,       1370,        1,  2531520, 6997e2a3e7f846e646d59fe58131ce0f
0,       1371,       1371,        1,  2531520, 671d82b2fa06397bf6dc410ef25b4a3f
0,       1372,       1372,        1,  2531520, 5fd7cc7f52fb3b559d259311a23ae9a3
0,       1373,       1373,        1,  2531520, 5c4256b9b257ec970c00ee1c2c88ec62
0,       1374,       1374,        1,  2531520, d9a2ad94985fb8b0b0b9faeade3f9bcd
0,       1375,       1375,        1,  2531520, 14002ea3f598943be5f862b73ecf6be9
0,       1376,       1376,        1,  2531520, 820a27598b6a2f217bfb95ec00c65658
0,       1377,       1377,        1,  2531520, de02e986796270c5daad970b5bc2e4da
0,       1378,       1378,        1,  2531520, e9851158d71d249456a36b91d14a8e8b
0,       1379,       1379,        1,  2531520, 0d0caeb325c85c04a30f4b9e14e616bf
0,       1380,       1380,        1,  2531520, a1ccfc8c2dabbe7ea0108255c5519881
0,       1381,       1381,        1,  2531520, 57a8316b2ae3dce472bce9bc3f19926b
0,       1382,       1382,        1,  2531520, 3c9238a90abb9fb54d30c729d7edc498
0,       1383,       1383,        1,  2531520, c9c6fb13210e829365b5e0560deef995
0,       1384,       1384,        1,  2531520, 4e5b6445130dd10ed2f4610d7dba12a2
0,       1385,       1385,        1,  2531520, 38c09e48c02acc871cc34d4efde40905
0,       1386,       1386,        1,  2531520, 33c29058dedf1633045f982329e65877
0,       1387,       1387,        1,  2531520, c499833883de8fdffbac793add05f5a9
0,       1388,       1388,        1,  2531520, 2abccd1ee4c65bc14abcb184ba4acef4
0,       1389,       1389,        1,  2531520, d2db690dee27dedba7a3b10e2a92af13
0,       1390,       1390,        1,  2531520, 9cbffcf55572712bd58b7d40d288b502
0,       1391,       1391,        1,  2531520, 54317309500c8cba927a735e686fc044
0,       1392,       1392,        1,  2531520, 6a48911c83d1b4263f6c8e47944d0d68
0,       1393,       1393,        1,  2531520, 56bb17f47249c5a96d4d46288af42478
0,       1394,       1394,        1,  2531520, 63ff3414f1bef7b24b84c6f8418fd796
0,       1395,       1395,        1,  2531520, 76ecc79fb56021b136af57615f29a11f
0,       1396,       1396,        1,  2531520, c5c8264f1d5228200b4db4151106f2a5
0,       1397,       1397,        1,  2531520, 1194eed99c52fe7cc6b361663a016b28
0,       1398,       1398,        1,  2531520, c5cfdbdb6ca66a888209eef82eca7450
0,       1399,       1399,        1,  2531520, b85604aae2d527c90877d405ff41751c
0,       1400,       1400,        1,  2531520, 1397e3cc3112ee25628ecb1d10505f3f
0,       1401,       1401,        1,  2531520, 4d96b23c1d986cb061de31aea6b9c16c
0,       1402,       1402,        1,  2531520, 27e1e617ca91158acdad112ff42b5c1e
0,       1403,       1403,        1,  2531520, 8f295eb83ca01d0cc66a4ac7333b4c24
0,       1404,       1404,        1,  2531520, 8b04224bab3f2dc2982a1ce2462f027d
0,       1405,       1405,        1,  2531520, adf2361398db3be84cfc8f1091196380
0,       1406,       1406,        1,  2531520, 46295b6739aec0501983c4e74c9fdfd4
0,       1407,       1407,        1,  2531520, d0370adeb91838112525daefae7e2d5d
0,       1408,       1408,        1,  2531520, e67847bb97b328818ed9d803b7a70779
0,       1409,       1409,        1,  2531520, d65e72127be43829c8bbecc70a2b4fad
0,       1410,       1410,        1,  2531520, c51604ed7e6a41c9066795829ebac634
0,       1411,       1411,        1,  2531520, ab20ac55698bd6fcab85efdd9bf354a9
0,       1412,       1412,        1,  2531520, 0c6503457e9704a28d37c56e27f9cb70
0,       1413,       1413,        1,  2531520, e276343917902403743acc15bac13194
0,       1414,       1414,        1,  2531520, cc4da964af184ba95a47efd6d17e80b6
0,       1415,       1415,        1,  2531520, 1a0990779f089ec4c6c8ddf255f0fde3
0,       1416,       1416,        1,  2531520, d0538c4735d7985570b8ab9110d1fd09
0,       1417,       1417,        1,  2531520, 42ec0760c106c3e1e434caf185fb685a
0,       1418,       1418,        1,  2531520, a05013333661705f22720f8f582a2f4d
0,       1419,       1419,        1,  2531520, 3caf8275f7d0200a23a45197c67a5481
0,       1420,       1420,        1,  2531520, c5349239ac6b9a924ed6226fdc85a8c2
0,       1421,       1421,        1,  2531520, 963c3f1fa14622fd3d64203af5fa235f
0,       1422,       1422,        1,  2531520, e26531dc93adcecfcff2acfd0459ec22
0,       1423,       1423,        1,  2531520, 06c401a15c790e21c733ae58b94fd88f
0,       1424,       1424,        1,  2531520, f019281564b1ccf6e5c2ba15eecb65fa
0,       1425,       1425,        1,  2531520, a9807692fe2cd77a5857f45ee9c8c76b
0,       1426,       1426,        1,  2531520, 286a26a433d14ef1d14410a332e1a2ab
0,       1427,       1427,        1,  2531520, e4fd37d3f35b55b3f0f5a3c3aa0539d2
0,       1428,       1428,        1,  2531520, 8c67d82327d02c402e8076e523db30c1
0,       1429,       1429,        1,  2531520, ba5654980aa489805f5c70b0f42be951
0,       1430,       1430,        1,  2531520, d1fe1ad325a339571c72bdec8c6c94c8
0,       1431,       1431,        1,  2531520, c248571ee40e00fa15a93bca2981a4ba
0,       1432,       1432,        1,  2531520, 8d1e23713556a4ec0e23ce7dfa791cf0
0,       1433,       1433,        1,  2531520, cdabf725e2e0336d5e2be4de6f629a8a
0,       1434,       1434,        1,  2531520, 4108b0a5e41bb7f21f359235133c0bbd
0,       1435,       1435,        1,  2531520, 8286ca0603eb856270141050ba118369
0,       1436,       1436,        1,  2531520, 50af9e30627535bcb0f5fc222f16237e
0,       1437,       1437,        1,  2531520, 834009ff652e36e4bbcc671ac50f21da
0,       1438,       1438,        1,  2531520, e911013d4e9f7de5d18fb925da3f5696
0,       1439,       1439,        1,  2531520, 34a2e345410c0e4bb5b95d2a4f3b4b75
0,       1440,       1440,        1,  2531520, 1670d0acd6266176584bf7905dd8a081
0,       1441,       1441,        1,  2531520, 20a3b22fbd2ff57d10ed0e9563bcf758
0,       1442,       1442,        1,  2531520, 552b72461e8e0fc24bd2bd69582f044c
0,       1443,       1443,        1,  2531520, 070aa5cd5c2dbaad2af19ff7fa53d211
0,       1444,       1444,        1,  2531520, 160c934b03fc7a1f588d8b9d7601e711
0,       1445,       1445,        1,  2531520, bb296c3eef9ee216e848fd975a58250a
0,       1446,       1446,        1,  2531520, 8af0317c66539392a068487d768ce499
0,       1447,       1447,        1,  2531520, 1fc562c3a959d5321bfd1cdb6a2dc296
0,       1448,       1448,        1,  2531520, 0c0616472630aad47e28edee23fd8ed0
0,       1449,       1449,        1,  2531520, 08e92c0650aadc56e65f706fd4a0048c
0,       1450,       1450,        1,  2531520, ad44f635b6a68362741489d88f42be8d
0,       1451,       1451,        1,  2531520, 4bd3897626ddd3f564f2a34e72d3beff
0,       1452,       1452,        1,  2531520, 4b1af9da0b1464363e14237b02da6ca3
0,       1453,       1453,        1,  2531520, 22981fdc00661c963f2df9da867a85ee
0,       1454,       1454,        1,  2531520, 600b69a8d68cb0d652936d506bc9b494
0,       1455,       1455,        1,  2531520, b36b5cb00b656e2112bb869655997179
0,       1456,       1456,        1,  2531520, 04f71d68314c9f3cf91a0a70ca4530e8
0,       1457,       1457,        1,  2531520, 9c0d145c9224393ec4b4d3b705f590c2
0,       1458,       1458,        1,  2531520, 837c108a9de6834035e97ff59eada931
0,       1459,       1459,        1,  2531520, a079706470f9f98e906dd37dfb5fb766
0,       1460,       1460,        1,  2531520, 8a497dc6983e2ae849e7b1995bce0d2a
0,       1461,       1461,        1,  2531520, b25718dc242bf7c8050124acaea5d48d
0,       1462,       1462,        1,  2531520, 37bb20124653ebda1fe66321b032593b
0,       1463,       1463,        1,  2531520, 454ea655a5e000fa3759a240c9d33308
0,       1464,       1464,        1,  2531520, 47d9677028da46999b25a14fa2560d60
0,       1465,       1465,        1,  2531520, e24a0142031352c41912802f24ca9a76
0,       1466,       1466,        1,  2531520, e3c5d7a6a03c74fe613fbc9c0fa8e361
0,       1467,       1467,        1,  2531520, 81de3c3ccfbaeca42544465dbfefaaf9
0,       1468,       1468,        1,  2531520, ba9226d4c5c1c608bbbfa81af84ea0e1
0,       1469,       1469,        1,  2531520, c695f9d69b223a9a1f4a6fb19f7fbe93
0,       1470,       1470,        1,  2531520, 2d41b6ead779fe92e5ae226a5dee83b0
0,       1471,       1471,        1,  2531520, 6fa1971f99855ed0a98265c511307da0
0,       1472,       1472,        1,  2531520, ac0b7c32b7f67dacbd889c6a3315ef21
0,       1473,       1473,        1,  2531520, bf9eace859aa4e7b79741e39a209596c
0,       1474,       1474,        1,  2531520, 4a9c9af362045d9d11af40b8a47afdc8
0,       1475,       1475,        1,  2531520, 5acecdc51627d17fc894a4c8541ef67d
0,       1476,       1476,        1,  2531520, f40cdc74792328d311716939dce6fc0a
0,       1477,       1477,        1,  2531520, e2c332e09c0a092c261186f87c0ec8f7
0,       1478,       1478,        1,  2531520, d6ec9096fc58ea5dbd393a919efcfdc0
0,       1479,       1479,        1,  2531520, 6534293dcd8f1fc7652e8d19fe5f1f77
0,       1480,       1480,        1,  2531520, cda7bde8663d47e6144e8fd220f8fb33
0,       1481,       1481,        1,  2531520, 0bca3514eb3c18ac722def70b026b91b
0,       1482,       1482,        1,  2531520, a09d7b8fe61585c207e321f67153111d
0,       1483,       1483,        1,  2531520, 545255ef8c7b4fdbcd09da268623475f
0,       1484,       1484,        1,  2531520, 692ca87962072bca174049afcce295e9
0,       1485,       1485,        1,  2531520, 72d34086d39cd227cf77a1ca90492b46
0,       1486,       1486,        1,  2531520, a292ff65cfd8692c697fff0553426090
0,       1487,       1487,        1,  2531520, c983e265ca83365eb3075a99f25f6ac7
0,       1488,       1488,        1,  2531520, f2eaec21d76560cbb625633404aa9496
0,       1489,       1489,        1,  2531520, 8bf3522a320d431c24836ffd81f685f2
0,       1490,       1490,        1,  2531520, 0ccdcebb8aea556e92db551651e247ad
0,       1491,       1491,        1,  2531520, db978e7b002f388429e19371c09d17dc
0,       1492,       1492,        1,  2531520, 586b74ee0fdff45267a2ccf00d9d523f
0,       1493,       1493,        1,  2531520, 7c598a669eee2f0be89f3f01ac12d05d
0,       1494,       1494,        1,  2531520, 9b6a4be101ddb6f4574a8e15c6be9975
0,       1495,       1495,        1,  2531520, 7bf399cfde68aa4685740138b549b7c5
0,       1496,       1496,        1,  2531520, 0302244bcc7e154cef7af6bf8c4eec5f
0,       1497,       1497,        1,  2531520, 7149ad9be4a963fa5ded9f2e25d4f2a0
0,       1498,       1498,        1,  2531520, 79792d8111edd786f902c0988ac221b8
0,       1499,       1499,        1,  2531520, 0e1f1b6e44bfe845cfad3f74de76fa43
0,       1500,       1500,        1,  2531520, b247039ab1f2ba274f7af4feaf907ced
0,       1501,       1501,        1,  2531520, 058954f8fa0b831583776d939613b9ab
0,       1502,       1502,        1,  2531520, 63f2a01dacb10af4f95341b90f847e0d
0,       1503,       1503,        1,  2531520, 73d5a051ded0a035a49ff819024f9e19
0,       1504,       1504,        1,  2531520, d10bea9d3655d2b8a1e611fbefcb3392
0,       1505,       1505,        1,  2531520, a005c258d7614133d485a6f167d3be30
0,       1506,       1506,        1,  2531520, 47abdbdbd2fc779df542679f227ca4b6
0,       1507,       1507,        1,  2531520, 7e535f433df4aad49008c1890d8f7770
0,       1508,       1508,        1,  2531520, 059b8855db4bbabfb630b818b235d023
0,       1509,       1509,        1,  2531520, 34438677ab0b5b0f0b026ff2f8da5a36
0,       1510,       1510,        1,  2531520, 3711bf6814b2ef544835ef0b714c037a
0,       1511,       1511,        1,  2531520, 787b499bf7dceae7f02bab4e455c51d0
0,       1512,       1512,        1,  2531520, e13b0057ab4f0b78d06cf58b93671542
0,       1513,       1513,        1,  2531520, fa6048992ac6b08fcda2a9fde0eb5c95
0,       1514,       1514,        1,  2531520, 01ee9b526deba4f9fddfc6804561a751
0,       1515,       1515,        1,  2531520, 51ef8efa8a3c91a954399957cc73f832
0,       1516,       1516,        1,  2531520, cdded16db3c21ea54ff49ab82eb0dc82
0,       1517,       1517,        1,  2531520, b202260646b37b374d65a521cb730708
0,       1518,       1518,        1,  2531520, 9209734de0612ca63410709704a6deab
0,       1519,       1519,        1,  2531520, fe302d00a9ef555a7090a0ff80fd2ca3
0,       1520,       1520,        1,  2531520, 0bb9b10e067e2b61e87318973fb3bc5a
0,       1521,       1521,        1,  2531520, 0b74baa0565348afe1a66e5265b97152
0,       1522,       1522,        1,  2531520, 62b716d13c6267c781998f1615e32c09
0,       1523,       1523,        1,  2531520, 68647ffe65b7ffab55b7d388beabbeac
0,       1524,       1524,        1,  2531520, f0793f4f145487398948f88a1da4ab0f
0,       1525,       1525,        1,  2531520, 4c72af7d5f7099558ce88f4609625197
0,       1526,       1526,        1,  2531520, e03b3e2733aeefbe907528db8c6716b2
0,       1527,       1527,        1,  2531520, dfceee7b17998dd852abd2ce24417b4d
0,       1528,       1528,        1,  2531520, 6be46f5473c45141d7fd2a2ccacd474e
0,       1529,       1529,        1,  2531520, 39a8c6e7bbf2df6052078c9a91956533
0,       1530,       1530,        1,  2531520, 80e490bee7ad0384a5afdaf039a1acc7
0,       1531,       1531,        1,  2531520, dc99896fd25cecd00d740d36f21cf613
0,       1532,       1532,        1,  2531520, 8bb433e9698352961161caadcd94e279
0,       1533,       1533,        1,  2531520, 36ddaebfa28073979128bfdf36d71324
0,       1534,       1534,        1,  2531520, c273e2f6315a971d3c23585e298252f9
0,       1535,       1535,        1,  2531520, 77c42e9d469bac11e41fd50cae70d295
0,       1536,       1536,        1,  2531520, cca1322f5205dd0fdafa3ca45e9062ab
0,       1537,       1537,        1,  2531520, c01735394544f7910eb6de559717b2a5
0,       1538,       1538,        1,  2531520, 99e8086122eedb4c9cb3dc51a75fdee9
0,       1539,       1539,        1,  2531520, 82a3f927712e3ad5674af6da8e1fce01
0,       1540,       1540,        1,  2531520, a52d31a60685926ed814a2e65b53438b
0,       1541,       1541,        1,  2531520, ee1fc156ba7c8c5bdb7c4388c3cdbeef
0,       1542,       1542,        1,  2531520, 932f4364b0f0b7fc22fcdced3133dfd1
0,       1543,       1543,        1,  2531520, 34ad7166b03ed8d5a7c253169e8c2615
0,       1544,       1544,        1,  2531520, 852ab9abb79bd62e88a333239051ed87
0,       1545,       1545,        1,  2531520, 278dec0fa9e3787e2f6385c82fe0c346
0,       1546,       1546,        1,  2531520, 8f40e7f2648be8cf5f507fb555f2d5da
0,       1547,       1547,        1,  2531520, 8dd97ace22f6cd60d549b730e609a132
0,       1548,       1548,        1,  2531520, 9fb19df5a6386ccdd31a4326cfc27b9b
0,       1549,       1549,        1,  2531520, 901ea2d325900981afbe7b40fcf5ce67
0,       1550,       1550,        1,  2531520, e15d0175671a74ba57aff0303567be31
0,       1551,       1551,        1,  2531520, f9b994b3d62bf346db63946b445806ef
0,       1552,       1552,        1,  2531520, 90497286e8b12430d919f09507bf9d22
0,       1553,       1553,        1,  2531520, 85c69ff04f9fdac357650bd2c09cf3a4
0,       1554,       1554,        1,  2531520, ac828c66f2ac9f7246a3e6612bf81b89
0,       1555,       1555,        1,  2531520, 8741d8655066222b02519c1c4ccc5a35
0,       1556,       1556,        1,  2531520, 4f76fb16402c084678a0ccf1c3ed244b
0,       1557,       1557,        1,  2531520, 09e93045fa0d7cf2377c6f94e71393e6
0,       1558,       1558,        1,  2531520, f352c129705ac0264ecc2a0029dd1fb4
0,       1559,       1559,        1,  2531520, 7863bbfc510c72457ac0a8971a4f0ff1
0,       1560,       1560,        1,  2531520, 197c3bfce86ac1d8a45908d0ff54774d
0,       1561,       1561,        1,  2531520, 6448d8696c6c3653cf675fbe21f1f1a7
0,       1562,       1562,        1,  2531520, 0cd33731d394a9b15bd73ec6e3a3663a
0,       1563,       1563,        1,  2531520, 04360b63854247ab7c912f7ba7d07c9d
0,       1564,       1564,        1,  2531520, 31c29824aa698633bec2ff2eeb60c818
0,       1565,       1565,        1,  2531520, 3ce730b179d80ab046b32d61e90d3a21
0,       1566,       1566,        1,  2531520, 2964ce41fb0cc08a70243765bd8b7bc0
0,       1567,       1567,        1,  2531520, a7677c4c493d91e6e2ba2ac22bb922bd
0,       1568,       1568,        1,  2531520, 99af7d841dc9f7b4856eff3608b3d2e3
0,       1569,       1569,        1,  2531520, 8c0253f4c159dc5666b2409d551338ce
0,       1570,       1570,        1,  2531520, cbf7f7ea3e2ce4150055bcfd1d759352
0,       1571,       1571,        1,  2531520, cb9e9c8e1f6dc8499eb2cc6f20c67721
0,       1572,       1572,        1,  2531520, 2932f6906ebecd43fd3c99423faed1e5
0,       1573,       1573,        1,  2531520, e676855dbb1db8b9b3d9f6963bb8ef3e
0,       1574,       1574,        1,  2531520, 299cab1907c4b60fc3177bc033fea525
0,       1575,       1575,        1,  2531520, d8825326ab4a94655a5b36346d52e380
0,       1576,       1576,        1,  2531520, d08b13413ab509e9bca51ce589d9ab0c
0,       1577,       1577,        1,  2531520, 39cf1bf35c5891b89ae9a3711b62df85
0,       1578,       1578,        1,  2531520, c9ae2c147b8c0dc223e3d0922bf27962
0,       1579,       1579,        1,  2531520, 879a5fd3f91a1d5bc3a49e7b615a66c8
0,       1580,       1580,        1,  2531520, 258a34ba7409fffbd4aca159055d1e66
0,       1581,       1581,        1,  2531520, 78b522dae1ff60f216cbfa24368e9a0b
0,       1582,       1582,        1,  2531520, b591f779fc0dd7a20851927965e2bae5
0,       1583,       1583,        1,  2531520, 4965ed0fdfbb1f98cca86afc2841d146
0,       1584,       1584,        1,  2531520, 48a9390596548c1a4cfcdc2947732176
0,       1585,       1585,        1,  2531520, b17361f0da9b2c28c66adbbcab134c26
0,       1586,       1586,        1,  2531520, 06abba88af73496842178e8dc705377f
0,       1587,       1587,        1,  2531520, e6fdb4f9db1842b73adedcb1a6ed052b
0,       1588,       1588,        1,  2531520, 4a5025b46518a6b28f8d52a4a22ec73c
0,       1589,       1589,        1,  2531520, 979dd1495745da344d5981226f9654fb
0,       1590,       1590,        1,  2531520, 32d6c4b8162399a62a3067e6a55dad19
0,       1591,       1591,        1,  2531520, 41f50384726a1f9e17efa1d596336988
0,       1592,       1592,        1,  2531520, 463cbee443a7728ad7a59c984c9ef14d
0,       1593,       1593,        1,  2531520, 9835b4d5336b5df55f0de5bde832f811
0,       1594,       1594,        1,  2531520, 51d12ff3de9d5a53e74c9255ed4741c6
0,       1595,       1595,        1,  2531520, 4d83bd9306d03b159009e33da7bd083e
0,       1596,       1596,        1,  2531520, 62c8c63ea133e73163fe6bf8ceace710
0,       1597,       1597,        1,  2531520, b19ce10a921809cbd6d0703502608b50
0,       1598,       1598,        1,  2531520, f7652fc068e9983cbf9c98896d009ef4
0,       1599,       1599,        1,  2531520, 67f9d7bf16f000436a172d720e732c83
0,       1600,       1600,        1,  2531520, fc87ccd740bde862d85f7d3c6e92549c
0,       1601,       1601,        1,  2531520, 66d6eb8c93b32d72ca0278bfca25f9b8
0,       1602,       1602,        1,  2531520, 858df0e8ecc149c06af7159bc333a33b
0,       1603,       1603,        1,  2531520, c6ada56b5727372ad55fb56c94e9774b
0,       1604,       1604,        1,  2531520, d1e6f00420d5d4aacf447a56857b51fe
0,       1605,       1605,        1,  2531520, 12494db8524309305d1465ef422b7a44
0,       1606,       1606,        1,  2531520, e0a8733eb8384c424c5c824b08cda7b1
0,       1607,       1607,        1,  2531520, 634928ead8980d9aa23b358f6f6b77ac
0,       1608,       1608,        1,  2531520, 91935637d8ceba255f058be4265a766d
0,       1609,       1609,        1,  2531520, 3370ebfb40ea25a1c39bd6a0f6a5e4ff
0,       1610,       1610,        1,  2531520, affb70d9d3cd5be0f972d63aeeb7878c
0,       1611,       1611,        1,  2531520, 161b954736c95e499d513fc9d7d7302b
0,       1612,       1612,        1,  2531520, 3668a3576540a1185aa40f05ef2ddbc7
0,       1613,       1613,        1,  2531520, c49455170c6d4aaf749df55b96f0bd9b
0,       1614,       1614,        1,  2531520, b031e6ecfd2cc7c12248eb65a4fcdd0d
0,       1615,       1615,        1,  2531520, a83b9819f432eaa87b01e03e86142232
0,       1616,       1616,        1,  2531520, a0777334112dfd1f2fbb647c8203c89f
0,       1617,       1617,        1,  2531520, 22a7c42bced6acac2150f358627b5861
0,       1618,       1618,        1,  2531520, cb73305af095feb0f8e6c8d197abfad3
0,       1619,       1619,        1,  2531520, 4f7601d32e18bbf5344e345cd343a15c
0,       1620,       1620,        1,  2531520, 1b34f340b86aea58fe248522cb34287a
0,       1621,       1621,        1,  2531520, 6edce358e5342f7385042928397e88ef
0,       1622,       1622,        1,  2531520, 564eaa559959ef73e30b892e282613ca
0,       1623,       1623,        1,  2531520, d956b6c080cc3280cf8187bcd28d9ab8
0,       1624,       1624,        1,  2531520, 24fb9674f4639456d34021c2815dcddf
0,       1625,       1625,        1,  2531520, 9e4888b803e6d854c68b081edf4849b1
0,       1626,       1626,        1,  2531520, f5085f0aba52c67c0aac4b466fc0580f
0,       1627,       1627,        1,  2531520, 9e79644ec3407f6fff8d49da86cb8d73
0,       1628,       1628,        1,  2531520, 888ee81b20049abeb54cda6b22036247
0,       1629,       1629,        1,  2531520, 7ab157b30b6d8658420f6c9a1fb3485b
0,       1630,       1630,        1,  2531520, aa77d58b2f4b82a8fc80f4eaf4d403c2
0,       1631,       1631,        1,  2531520, e0ef2571cb15cb0a7d8b593117d1df86
0,       1632,       1632,        1,  2531520, 1963fb645aa0684d843a0522b93e2a7a
0,       1633,       1633,        1,  2531520, e41de44eb786680ccc03ea38078204e4
0,       1634,       1634,        1,  2531520, 9203d6fe1d45b80ebda78de083ff63e5
0,       1635,       1635,        1,  2531520, b1fd377f4032a2a1f0ef335180fc0b7f
0,       1636,       1636,        1,  2531520, 0b30f78fcf22dd9fe943682788f068ad
0,       1637,       1637,        1,  2531520, 25f33b46e3c5229a977c76b0a67f2701
0,       1638,       1638,        1,  2531520, 305c4dfe9e16bcf5a475f6663a943eca
0,       1639,       1639,        1,  2531520, e9f0ceb6e323489f27ba00ad44143ecb
0,       1640,       1640,        1,  2531520, 04755acd7eec7e0eeb8f5865f2252e4b
0,       1641,       1641,        1,  2531520, a353c2775fd2b70af80ba9aa990d9423
0,       1642,       1642,        1,  2531520, fbe07cd4dabf92382798832b553ea481
0,       1643,       1643,        1,  2531520, 265dda90f26d82e8ccd2c2f4c81abb8d
0,       1644,       1644,        1,  2531520, 9c664a6ba1e997b7d80ad09957665539
0,       1645,       1645,        1,  2531520, 7ef5ada2df51ff70c3e52a26ada9a984
0,       1646,       1646,        1,  2531520, 3506b266a46ff5c66f6f69475f1c86e5
0,       1647,       1647,        1,  2531520, 0dbfdc23c4b0c13a37ae88ee786a8b45
0,       1648,       1648,        1,  2531520, d122543904666967b603d342c55559b6
0,       1649,       1649,        1,  2531520, c729fc6950f1ef3e2d075dbefc49bd42
0,       1650,       1650,        1,  2531520, 6bb12672891914027e0a007618e4f2d4
0,       1651,       1651,        1,  2531520, e02b9e55a0d7382b2ac830e39ac8b46f
0,       1652,       1652,        1,  2531520, 52bbbfbf505044a99a7486c7c1d4982f
0,       1653,       1653,        1,  2531520, 177a06cbf3efe1a72269389e1d425cc2
0,       1654,       1654,        1,  2531520, d97b17f3963c2f602d503dbb45e44035
0,       1655,       1655,        1,  2531520, 88a9bd2a5d7e265d4967e16a61a508a7
0,       1656,       1656,        1,  2531520, 6ca5a374a54acd9cf05f08e1c7b364bd
0,       1657,       1657,        1,  2531520, f24d3bc21ce4df207f483284b6a83321
0,       1658,       1658,        1,  2531520, 346223151acd45b155908cbadcc0f1fc
0,       1659,       1659,        1,  2531520, 24ea353780f59aea88e0c7c534aa4337
0,       1660,       1660,        1,  2531520, 89cf7ed3141233d4b6720c06ffafd198
0,       1661,       1661,        1,  2531520, 3f14a9e21a5e0f8bd09c7c5149d6f455
0,       1662,       1662,        1,  2531520, 88670bf0b5b2eb7116d0a5310e0c83c5
0,       1663,       1663,        1,  2531520, 4435f9bb416a723e662b5b4f68817e5a
0,       1664,       1664,        1,  2531520, fd7d06105291ea206cffa742fa2705d3
0,       1665,       1665,        1,  2531520, a148c1e4a4d7f80ef09a883210d5f276
0,       1666,       1666,        1,  2531520, ef47e6eb27ebe49d8a8e892c3cffffe6
0,       1667,       1667,        1,  2531520, 23927ae333f11b4674b06d8c3e496ce0
0,       1668,       1668,        1,  2531520, 1f44a0e64948129ffdbcc5f4ba9cf07f
0,       1669,       1669,        1,  2531520, 9aaa712e292d94e19ef758056b13e4fb
0,       1670,       1670,        1,  2531520, 86c4406e73a0fea79efb28e55e0b20c3
0,       1671,       1671,        1,  2531520, 90c031536df061b95ff5ae79f03c71c8
0,       1672,       1672,        1,  2531520, 1e37c94bef415a01a8b9243ecbcb6478
0,       1673,       1673,        1,  2531520, 57ebf6d765b8c0d79279ee427ae507e4
0,       1674,       1674,        1,  2531520, 3a285e1cb4dc6fdcb37ff3781d60bc6e
0,       1675,       1675,        1,  2531520, 1e4cda6cdfb401c8b949800a56f9fb36
0,       1676,       1676,        1,  2531520, d1a1d44416ae9083390eebf69b128d2e
0,       1677,       1677,        1,  2531520, 6bbc3fa50f63384603601d6a7d52b0be
0,       1678,       1678,        1,  2531520, 45a4731804c7a63ea85b9c7252de225b
0,       1679,       1679,        1,  2531520, 9d544c61b15699b7b8ebd981e6576c4c
0,       1680,       1680,        1,  2531520, ccd7a40892791a1f701810daf4a75b4c
0,       1681,       1681,        1,  2531520, e080e9e3f8c2ebe546c0b1d0396aec9a
0,       1682,       1682,        1,  2531520, 1f864ebec80abf0600161ba0271f9c74
0,       1683,       1683,        1,  2531520, 483a28066c4073af39b03077b17796a0
0,       1684,       1684,        1,  2531520, be4e500975cd0c2ce1cc4b5e15529731
0,       1685,       1685,        1,  2531520, 0270726991ed4bd011c749b51c3f8085
0,       1686,       1686,        1,  2531520, 6ea7c60a85588f387ac1fe9c5f96ebb1
0,       1687,       1687,        1,  2531520, 0d5fe5b01c342f12d2ec15e990e09430
0,       1688,       1688,        1,  2531520, f34233196359b6e9f0244b3eb774d0bf
0,       1689,       1689,        1,  2531520, fe0b81c3d68083a05d3c8ccdac8d31b8
0,       1690,       1690,        1,  2531520, eccbb6879b2e171255fc7686014158ff
0,       1691,       1691,        1,  2531520, bc75df9eac2d5093d52f1a7418e0460b
0,       1692,       1692,        1,  2531520, d82d6a8dddc6cc5c194bed94b324cd99
0,       1693,       1693,        1,  2531520, 09257f060b8c22d712d905c73cd75087
0,       1694,       1694,        1,  2531520, 4a441fc2711b9db77fda7cd351124b16
0,       1695,       1695,        1,  2531520, 9aaf59632caf5b97d0962778af03fb35
0,       1696,       1696,        1,  2531520, 40447dc3d4326ff3edbbca4ec64e5b0a
0,       1697,       1697,        1,  2531520, b608204f03db4f233243e9d50b058b38
0,       1698,       1698,        1,  2531520, 37ac19b7ae187266a876c673a5524ddf
0,       1699,       1699,        1,  2531520, 5f998be20d4cb6792a3174c4ad1b3896
0,       1700,       1700,        1,  2531520, 9eca266f505b520a23ed988bee49faa2
0,       1701,       1701,        1,  2531520, 6cfc74a6f36727bc5bace11db4b7247d
0,       1702,       1702,        1,  2531520, 6b7d1ac66dd8fc956729c50788a00c0b
0,       1703,       1703,        1,  2531520, 6ef692f051750bafdff4d1bfc9b8ee71
0,       1704,       1704,        1,  2531520, 8ce122473e7996cec8928715ccc9f4ba
0,       1705,       1705,        1,  2531520, 98d257c3ea5dfe004b120d7dcd0163f0
0,       1706,       1706,        1,  2531520, b642bb87b29ca4fced5d9322b0b234e7
0,       1707,       1707,        1,  2531520, 8a330bec596914d306ceb395baea4b1f
0,       1708,       1708,        1,  2531520, bce441f6e425cca02c6280ef689890c9
0,       1709,       1709,        1,  2531520, d5e6230e9a2cdb0d9d5e2048158b2557
0,       1710,       1710,        1,  2531520, 6f1393898fd422f4fdfcbfcf8917e94b
0,       1711,       1711,        1,  2531520, b7529d78d6e8023209e49954fa8ca580
0,       1712,       1712,        1,  2531520, 9398b178662354e3e394059196f3f474
0,       1713,       1713,        1,  2531520, ff6d0460ae1748afe4ff462d128453c0
0,       1714,       1714,        1,  2531520, 9748b040ceee9b02522b36b590dd87c2
0,       1715,       1715,        1,  2531520, d491f3cbe8ca5c4c7936f8c4867dea6e
0,       1716,       1716,        1,  2531520, bbbf46c52e3c42531b831dfdf6df3e79
0,       1717,       1717,        1,  2531520, 4049b868d7af6346476eae9ee7ff0504
0,       1718,       1718,        1,  2531520, fc0872d143d14684148e47cd10117c7f
0,       1719,       1719,        1,  2531520, 0bf93f226e3b25f1a0bc23cea5b34cf0
0,       1720,       1720,        1,  2531520, a38d755a1d2275b8c65adffb7fd63d87
0,       1721,       1721,        1,  2531520, 4881ad8168ab9b7caf9c20361b79899f
0,       1722,       1722,        1,  2531520, d841b2df884fe4151cb79df1e06d64b6
0,       1723,       1723,        1,  2531520, f9cca209dd3f602dcef7704e4443e2ad
0,       1724,       1724,        1,  2531520, 417efd85b99353a243f410df8fdb7d4b
0,       1725,       1725,        1,  2531520, 4b732fb3c6a243d7f991b1b8301e217f
0,       1726,       1726,        1,  2531520, 479a671c908237ac971a73f31c64aed1
0,       1727,       1727,        1,  2531520, 817b9d5a51c62e174d9eecc4845c96c7
0,       1728,       1728,        1,  2531520, 1c2a225ee70485a4972b32e3c287c6b6
0,       1729,       1729,        1,  2531520, 940fe89131c754e0068e2c644bf06a4e
0,       1730,       1730,        1,  2531520, 53e73e159e7f1528dc3dea00e124ac11
0,       1731,       1731,        1,  2531520, fbe861ae23b1a8f87c2af677f6d50942
0,       1732,       1732,        1,  2531520, cfbfd7ff90822320c74cee07df361c7c
0,       1733,       1733,        1,  2531520, 894f84ec52719fd4c8902ac4b3e24f7f
0,       1734,       1734,        1,  2531520, 6a49638bdd1e607e4363792101f85acb
0,       1735,       1735,        1,  2531520, 9bcbc04dc0485d9ea6acccbeeaf2fbc0
0,       1736,       1736,        1,  2531520, 8e9f0c1445af5419151c64634538392b
0,       1737,       1737,        1,  2531520, f57b4ac8768cc3b957e664bc1d62f355
0,       1738,       1738,        1,  2531520, f99ce8dd48cdcc2d0eabb9dfba9fcaa3
0,       1739,       1739,        1,  2531520, 0726a0ca6c800216d945ec278f742aa3
0,       1740,       1740,        1,  2531520, 42ecffd9fa92aeceeea3320af4a0ae8b
0,       1741,       1741,        1,  2531520, 4197dc0862daa239487267da2cecead2
0,       1742,       1742,        1,  2531520, 4f67f092fed475a9251f08f8cdedb861
0,       1743,       1743,        1,  2531520, cf9d767af8eb6d9a9c742b8648f51eea
0,       1744,       1744,        1,  2531520, 153ebc31620b4915f3e2a581dd5c7e70
0,       1745,       1745,        1,  2531520, 2a8eb67ce25771affafc06dba94ac6c1
0,       1746,       1746,        1,  2531520, f7a410c50019cd77d6015280f4294014
0,       1747,       1747,        1,  2531520, fc795f79afd97dfd0576aa37b6e24bfc
0,       1748,       1748,        1,  2531520, c5f7d7b163afc3a77a73f5b33795b831
0,       1749,       1749,        1,  2531520, 6d4857b5c6bf3633f3451756bed8bdba
0,       1750,       1750,        1,  2531520, 993026212e07fbdd9a31c882f8c84aa0
0,       1751,       1751,        1,  2531520, e4716215c76100afb41596e8c2e97d23
0,       1752,       1752,        1,  2531520, 1bb2634895205298f52ec9a7c323dc30
0,       1753,       1753,        1,  2531520, acded083a3f65683cf46abc9ce18dfa0
0,       1754,       1754,        1,  2531520, a341dd423a44867a9a19fbe151316ebb
0,       1755,       1755,        1,  2531520, 8b6eef53d655bf5eddcf0a2a833f96fc
0,       1756,       1756,        1,  2531520, 854b16bf91acf063311d801bc6826122
0,       1757,       1757,        1,  2531520, 0b08b02bc0bb9b52fb23defc1fd4979a
0,       1758,       1758,        1,  2531520, 58db7b9dfa1ed9e10a0f70738048e0af
0,       1759,       1759,        1,  2531520, d6227da09e0a8b193a101466520f1984
0,       1760,       1760,        1,  2531520, c2b784d0f13dfb1b25e7aa66bb82ca0f
0,       1761,       1761,        1,  2531520, c1ea317c1219564b6e8c92047fcaa034
0,       1762,       1762,        1,  2531520, 5a61143e077244bbbe024039db6c22ac
0,       1763,       1763,        1,  2531520, 596f8af61c22f57d2e4364d7c80e6ab3
0,       1764,       1764,        1,  2531520, 39198430cf41dc3a1d030c1ed826d313
0,       1765,       1765,        1,  2531520, 9420a226223c0f8453a0dd83a724bedc
0,       1766,       1766,        1,  2531520, 297e4ce2bd36f041085b4202aee0f1a2
0,       1767,       1767,        1,  2531520, b28744b3af1e7270d52b38ccb5246ddd
0,       1768,       1768,        1,  2531520, d38fde68e0637244cccc2aab29247d70
0,       1769,       1769,        1,  2531520, 1ab7ac6cb4ec2e6d3f0dbb1a783ef38d
0,       1770,       1770,        1,  2531520, 37c8f059f9a35a75c7668b180b7b8c15
0,       1771,       1771,        1,  2531520, 89903fc1b4dd3eb8c28cc82afc833f40
0,       1772,       1772,        1,  2531520, b0b60c9b90e2500ce3587e5478e1fc24
0,       1773,       1773,        1,  2531520, a2db6f574c26b989a10b01dcdfe8ea6f
0,       1774,       1774,        1,  2531520, e0fd54b5c2f6fa3df164103e10b4f968
0,       1775,       1775,        1,  2531520, 95c933c25b550db80c1d96dc9b9fb1ba
0,       1776,       1776,        1,  2531520, 149127996d9919731fd429cd4cc30182
0,       1777,       1777,        1,  2531520, d666e0b75a85415d88ee734305daf179
0,       1778,       1778,        1,  2531520, b5b81a47a0f8e04a01b43a623f766a7c
0,       1779,       1779,        1,  2531520, 3f858b9f62d86187984e74de9b522106
0,       1780,       1780,        1,  2531520, 11f2a569455b501f2dde2a0c448ff407
0,       1781,       1781,        1,  2531520, 3279ddf9f5c61b25b6d9577a7a57304e
0,       1782,       1782,        1,  2531520, 4429dd5cb63e022580e82f7f9cd86535
0,       1783,       1783,        1,  2531520, 0e786f0c5ad436c0eb0789a30f9ad8a5
0,       1784,       1784,        1,  2531520, 93c7934cd09f1d5de2a1bb8fad2ced7a
0,       1785,       1785,        1,  2531520, 8170a6aa1a7ac70486c72f0cac218c19
0,       1786,       1786,        1,  2531520, 94a875fa25bdd24b39012dbb766e097e
0,       1787,       1787,        1,  2531520, ff097cd649990215b170797e19eec072
0,       1788,       1788,        1,  2531520, 2df26bc946d22537983fc0ecdf7c89f5
0,       1789,       1789,        1,  2531520, 5db151cf4b666f73245c84ca4fd9ae53
0,       1790,       1790,        1,  2531520, beef1dc5f0519dd9dd359fd6040d5454
0,       1791,       1791,        1,  2531520, 5c06e3d8c26ed38ac415f75caa7ab557
0,       1792,       1792,        1,  2531520, f72a53b2a1afc0f49424926908f53695
0,       1793,       1793,        1,  2531520, e5f19b1e1f6b75bf6b1b80e6abd920e5
0,       1794,       1794,        1,  2531520, ea4b94532eadbabfa62fe4d6c17e025f
0,       1795,       1795,        1,  2531520, 6b15f3074afa6e583feaecab4a1a7a5f
0,       1796,       1796,        1,  2531520, d2c50109225333f8dbb5fb21c86023a2
0,       1797,       1797,        1,  2531520, 1bce57f4995126a911b8dd81c70f612e
0,       1798,       1798,        1,  2531520, 4d9be8628a1383f2da7455ee8e82ca49
0,       1799,       1799,        1,  2531520, fc156dbc831b1dd09991386babbc46cf
