sequence,recv_perf_ns,recv_wall_ns,sender_intended_ns,sender_call_ns,sender_wall_ns,packet_bytes,valid
0,152523753479563,1790295625447584192,28779921202622,28779921828066,1790295625211000000,1000,1
1,152523758465532,1790295625452570462,28779926202622,28779929769066,1790295625219000000,1000,1
2,152523765187911,1790295625459292841,28779931202622,28779935134288,1790295625225000000,1000,1
3,152523770619131,1790295625464723771,28779936202622,28779941645251,1790295625231000000,1000,1
4,152523778396036,1790295625472499834,28779941202622,28779947853362,1790295625237000000,1000,1
5,152523783096944,1790295625477201623,28779946202622,28779953208214,1790295625243000000,1000,1
6,152523788306345,1790295625482411015,28779951202622,28779959664066,1790295625249000000,1000,1
7,152523794754923,1790295625488859563,28779956202622,28779965031510,1790295625254000000,1000,1
8,152523800560625,1790295625494664413,28779961202622,28779971320140,1790295625261000000,1000,1
9,152523806745145,1790295625500849795,28779966202622,28779977354362,1790295625267000000,1000,1
10,152523812272808,1790295625506377748,28779971202622,28779983438955,1790295625273000000,1000,1
11,152523818287163,1790295625512391843,28779976202622,28779989048103,1790295625278000000,1000,1
12,152523823615411,1790295625517720191,28779981202622,28779994995658,1790295625284000000,1000,1
13,152523830390861,1790295625524495520,28779986202622,28780000322473,1790295625290000000,1000,1
14,152523836055784,1790295625530160453,28779991202622,28780007014288,1790295625296000000,1000,1
15,152523841907803,1790295625536011601,28779996202622,28780012666658,1790295625302000000,1000,1
16,152523847679659,1790295625541784639,28780001202622,28780018609325,1790295625308000000,1000,1
17,152523854189445,1790295625548294094,28780006202622,28780024520103,1790295625314000000,1000,1
18,152523860207186,1790295625554312106,28780011202622,28780030818325,1790295625320000000,1000,1
19,152523866243626,1790295625560348997,28780016202622,28780036188140,1790295625326000000,1000,1
20,152523871405606,1790295625565509414,28780021202622,28780042804103,1790295625332000000,1000,1
21,152523878489369,1790295625572593157,28780026202622,28780048987584,1790295625338000000,1000,1
22,152523884271504,1790295625578376214,28780031202622,28780054532992,1790295625344000000,1000,1
23,152523889612806,1790295625583715943,28780036202622,28780061175473,1790295625351000000,1000,1
24,152523896224865,1790295625590329465,28780041202622,28780066492955,1790295625356000000,1000,1
25,152523902264920,1790295625596369018,28780046202622,28780073214473,1790295625363000000,1000,1
26,152523908151555,1790295625602256475,28780051202622,28780078816918,1790295625368000000,1000,1
27,152523913764750,1790295625607869410,28780056202622,28780084817214,1790295625374000000,1000,1
28,152523920079878,1790295625614184718,28780061202622,28780090465214,1790295625380000000,1000,1
29,152523925295482,1790295625619400793,28780066202622,28780096714140,1790295625386000000,1000,1
30,152523931235496,1790295625625340145,28780071202622,28780101980325,1790295625391000000,1000,1
31,152523936723514,1790295625630828173,28780076202622,28780107828399,1790295625397000000,1000,1
32,152523942708445,1790295625636813074,28780081202622,28780113423029,1790295625403000000,1000,1
33,152523949258935,1790295625643363575,28780086202622,28780119449436,1790295625409000000,1000,1
34,152523955070038,1790295625649174647,28780091202622,28780125987880,1790295625415000000,1000,1
35,152523962037472,1790295625656142402,28780096202622,28780131762880,1790295625421000000,1000,1
36,152523968707719,1790295625662812379,28780101202622,28780138539399,1790295625428000000,1000,1
37,152523973817653,1790295625667922122,28780106202622,28780145239621,1790295625435000000,1000,1
38,152523981041090,1790295625675145058,28780111202622,28780150671510,1790295625440000000,1000,1
39,152523986546001,1790295625680649118,28780116202622,28780157323658,1790295625447000000,1000,1
40,152523991699737,1790295625685802864,28780121202622,28780163439547,1790295625453000000,1000,1
41,152523999185872,1790295625693288989,28780126202622,28780168805547,1790295625458000000,1000,1
42,152524004536881,1790295625698640008,28780131202622,28780176287547,1790295625466000000,1000,1
43,152524011821584,1790295625705924711,28780136202622,28780181571436,1790295625471000000,1000,1
44,152524017557333,1790295625711660500,28780141202622,28780188655992,1790295625478000000,1000,1
45,152524023056313,1790295625717159470,28780146202622,28780194344214,1790295625484000000,1000,1
46,152524030094780,1790295625724197927,28780151202622,28780200120917,1790295625489000000,1000,1
47,152524039708787,1790295625733813848,28780156202622,28780207108621,1790295625496000000,1000,1
48,152524048445965,1790295625742550765,28780161202622,28780216473955,1790295625506000000,1000,1
49,152524053774300,1790295625747879180,28780166202622,28780223886473,1790295625513000000,1000,1
50,152524058914040,1790295625753017838,28780171202622,28780230335732,1790295625520000000,1000,1
51,152524069046532,1790295625763151172,28780176202622,28780235602029,1790295625525000000,1000,1
52,152524071910208,1790295625766014917,28780181202622,28780242866658,1790295625532000000,1000,1
53,152524079468598,1790295625773572406,28780186202622,28780248531992,1790295625538000000,1000,1
54,152524085013696,1790295625779118326,28780191202622,28780255431954,1790295625545000000,1000,1
55,152524090936719,1790295625785040557,28780196202622,28780261657917,1790295625551000000,1000,1
56,152524102536830,1790295625796641459,28780201202622,28780267654325,1790295625557000000,1000,1
57,152524108208668,1790295625802313919,28780206202622,28780279131584,1790295625569000000,1000,1
58,152524115563474,1790295625809668104,28780211202622,28780285115288,1790295625574000000,1000,1
59,152524121356170,1790295625815460799,28780216202622,28780292192473,1790295625582000000,1000,1
60,152524129453274,1790295625823558174,28780221202622,28780298096177,1790295625587000000,1000,1
61,152524133950756,1790295625828055385,28780226202622,28780303789732,1790295625593000000,1000,1
62,152524139644593,1790295625833748391,28780231202622,28780310630325,1790295625600000000,1000,1
63,152524148057414,1790295625842161954,28780236202622,28780316196436,1790295625606000000,1000,1
64,152524159047330,1790295625853151969,28780241202622,28780323047214,1790295625612000000,1000,1
65,152524161805015,1790295625855909193,28780246202622,28780332309732,1790295625622000000,1000,1
66,152524171315448,1790295625865420217,28780251202622,28780337904510,1790295625627000000,1000,1
67,152524175202362,1790295625869307202,28780256202622,28780345506251,1790295625635000000,1000,1
68,152524189469613,1790295625883574243,28780261202622,28780351026399,1790295625640000000,1000,1
69,152524198583565,1790295625892688244,28780266202622,28780366025066,1790295625655000000,1000,1
70,152524205965524,1790295625900070264,28780271202622,28780376189399,1790295625666000000,1000,1
71,152524218239985,1790295625912344635,28780276202622,28780382515251,1790295625672000000,1000,1
72,152524223834214,1790295625917939144,28780281202622,28780394934769,1790295625684000000,1000,1
73,152524233161516,1790295625927265645,28780286202622,28780400541177,1790295625690000000,1000,1
74,152524240974601,1790295625935078399,28780291202622,28780409650843,1790295625699000000,1000,1
75,152524249967652,1790295625944071460,28780296202622,28780417772769,1790295625707000000,1000,1
76,152524257872660,1790295625951977289,28780301202622,28780426162325,1790295625716000000,1000,1
77,152524267280959,1790295625961385599,28780306202622,28780434590621,1790295625724000000,1000,1
78,152524273862361,1790295625967967071,28780311202622,28780444464547,1790295625734000000,1000,1
79,152524284891698,1790295625978996327,28780316202622,28780450500362,1790295625740000000,1000,1
80,152524290572292,1790295625984676080,28780321202622,28780461204288,1790295625751000000,1000,1
81,152524302711073,1790295625996816134,28780326202622,28780467233991,1790295625757000000,1000,1
82,152524307983793,1790295626002088423,28780331202622,28780479316547,1790295625769000000,1000,1
83,152524313972251,1790295626008076901,28780336202622,28780484611547,1790295625774000000,1000,1
84,152524322963668,1790295626017068388,28780341202622,28780490727288,1790295625780000000,1000,1
85,152524329559688,1790295626023664357,28780346202622,28780499511214,1790295625789000000,1000,1
86,152524334824773,1790295626028929403,28780351202622,28780505627917,1790295625795000000,1000,1
87,152524342878562,1790295626036983212,28780356202622,28780511431880,1790295625801000000,1000,1
88,152524351060928,1790295626045165859,28780361202622,28780519556658,1790295625809000000,1000,1
89,152524357037925,1790295626051142825,28780366202622,28780527655584,1790295625817000000,1000,1
90,152524367709906,1790295626061814505,28780371202622,28780533746732,1790295625823000000,1000,1
91,152524377276734,1790295626071381283,28780376202622,28780544299473,1790295625834000000,1000,1
92,152524383397412,1790295626077501220,28780381202622,28780549746880,1790295625839000000,1000,1
93,152524390625286,1790295626084730066,28780386202622,28780559797547,1790295625849000000,1000,1
94,152524399109735,1790295626093214454,28780391202622,28780567217658,1790295625857000000,1000,1
95,152524406348312,1790295626100453352,28780396202622,28780574185251,1790295625864000000,1000,1
96,152524413587147,1790295626107692118,28780401202622,28780583155954,1790295625873000000,1000,1
97,152524419956727,1790295626114059893,28780406202622,28780590616732,1790295625880000000,1000,1
98,152524430630101,1790295626124734750,28780411202622,28780596934288,1790295625886000000,1000,1
99,152524435289350,1790295626129393990,28780416202622,28780605508547,1790295625895000000,1000,1
100,152524442525914,1790295626136630614,28780421202622,28780611998139,1790295625901000000,1000,1
101,152524451926775,1790295626146031425,28780426202622,28780618463695,1790295625908000000,1000,1
102,152524456544266,1790295626150648965,28780431202622,28780627823880,1790295625917000000,1000,1
103,152524463942523,1790295626158047182,28780436202622,28780633269658,1790295625923000000,1000,1
104,152524471934588,1790295626166039188,28780441202622,28780640659991,1790295625930000000,1000,1
105,152524479294964,1790295626173398762,28780446202622,28780648586547,1790295625938000000,1000,1
106,152524486286162,1790295626180390801,28780451202622,28780654079658,1790295625943000000,1000,1
107,152524493531322,1790295626187635951,28780456202622,28780662888473,1790295625952000000,1000,1
108,152524499828873,1790295626193933523,28780461202622,28780670155917,1790295625960000000,1000,1
109,152524507815286,1790295626201919916,28780466202622,28780676450325,1790295625966000000,1000,1
110,152524515061826,1790295626209166456,28780471202622,28780684263732,1790295625974000000,1000,1
111,152524521757856,1790295626215862495,28780476202622,28780691780288,1790295625981000000,1000,1
112,152524529700745,1790295626223805665,28780481202622,28780697557991,1790295625987000000,1000,1
113,152524536479511,1790295626230584451,28780486202622,28780706281880,1790295625996000000,1000,1
114,152524542380954,1790295626236485664,28780491202622,28780713155251,1790295626003000000,1000,1
115,152524551237845,1790295626245342525,28780496202622,28780718443176,1790295626008000000,1000,1
116,152524557092310,1790295626251197220,28780501202622,28780727604399,1790295626017000000,1000,1
117,152524564430805,1790295626258535535,28780506202622,28780733743102,1790295626023000000,1000,1
118,152524571834173,1790295626265939113,28780511202622,28780739724176,1790295626029000000,1000,1
119,152524580936521,1790295626275041541,28780516202622,28780748476325,1790295626038000000,1000,1
120,152524585723312,1790295626279827941,28780521202622,28780755100658,1790295626044000000,1000,1
121,152524593504174,1790295626287608803,28780526202622,28780761561436,1790295626051000000,1000,1
122,152524600902854,1790295626295007724,28780531202622,28780770151102,1790295626060000000,1000,1
123,152524606676182,1790295626300780832,28780536202622,28780777044362,1790295626066000000,1000,1
124,152524616259994,1790295626310364664,28780541202622,28780782634325,1790295626072000000,1000,1
125,152524621377222,1790295626315481851,28780546202622,28780792097547,1790295626081000000,1000,1
126,152524628835513,1790295626322940473,28780551202622,28780798077288,1790295626087000000,1000,1
127,152524636238970,1790295626330343679,28780556202622,28780803698732,1790295626093000000,1000,1
128,152524642470980,1790295626336575609,28780561202622,28780812765510,1790295626102000000,1000,1
129,152524650439978,1790295626344544587,28780566202622,28780819184102,1790295626109000000,1000,1
130,152524657972523,1790295626352077222,28780571202622,28780826009880,1790295626115000000,1000,1
131,152524665923938,1790295626360028567,28780576202622,28780834638473,1790295626124000000,1000,1
132,152524670810378,1790295626364915017,28780581202622,28780841229621,1790295626131000000,1000,1
133,152524678944933,1790295626373049433,28780586202622,28780846782250,1790295626136000000,1000,1
134,152524685839958,1790295626379944597,28780591202622,28780855469250,1790295626145000000,1000,1
135,152524691875776,1790295626385980776,28780596202622,28780862406806,1790295626152000000,1000,1
136,152524701925929,1790295626396029737,28780601202622,28780867718880,1790295626157000000,1000,1
137,152524706955741,1790295626401060391,28780606202622,28780877252991,1790295626167000000,1000,1
138,152524716254010,1790295626410358640,28780611202622,28780883656658,1790295626173000000,1000,1
139,152524723193381,1790295626417298100,28780616202622,28780891196473,1790295626181000000,1000,1
140,152524730881256,1790295626424985064,28780621202622,28780899821139,1790295626189000000,1000,1
141,152524736110495,1790295626430214593,28780626202622,28780906820473,1790295626196000000,1000,1
142,152524743972504,1790295626438077454,28780631202622,28780912404287,1790295626202000000,1000,1
143,152524751317704,1790295626445422624,28780636202622,28780920910324,1790295626210000000,1000,1
144,152524755942586,1790295626450046414,28780641202622,28780927629621,1790295626217000000,1000,1
145,152524768154406,1790295626462258985,28780646202622,28780932904324,1790295626222000000,1000,1
146,152524772130219,1790295626466234858,28780651202622,28780942074695,1790295626231000000,1000,1
147,152524777714800,1790295626471818618,28780656202622,28780948874880,1790295626238000000,1000,1
148,152524787490803,1790295626481595443,28780661202622,28780954415510,1790295626244000000,1000,1
149,152524794769647,1790295626488873766,28780666202622,28780963657695,1790295626253000000,1000,1
150,152524801233615,1790295626495337333,28780671202622,28780971499584,1790295626261000000,1000,1
151,152524808144872,1790295626502249822,28780676202622,28780977521991,1790295626267000000,1000,1
152,152524818218508,1790295626512323148,28780681202622,28780984590287,1790295626274000000,1000,1
153,152524822358925,1790295626516463644,28780686202622,28780993610547,1790295626283000000,1000,1
154,152524829125688,1790295626523230358,28780691202622,28780999096954,1790295626288000000,1000,1
155,152524838572346,1790295626532676986,28780696202622,28781005802065,1790295626295000000,1000,1
156,152524844470564,1790295626538575444,28780701202622,28781015177584,1790295626305000000,1000,1
157,152524850379311,1790295626544484241,28780706202622,28781021218436,1790295626311000000,1000,1
158,152524858291341,1790295626552395991,28780711202622,28781027255287,1790295626317000000,1000,1
159,152524865455145,1790295626559560296,28780716202622,28781035050769,1790295626324000000,1000,1
160,152524871016164,1790295626565120863,28780721202622,28781042153324,1790295626332000000,1000,1
161,152524878906233,1790295626573011143,28780726202622,28781047633436,1790295626337000000,1000,1
162,152524888054740,1790295626582159660,28780731202622,28781055822880,1790295626345000000,1000,1
163,152524891459633,1790295626585563060,28780736202622,28781063030398,1790295626352000000,1000,1
164,152524901194177,1790295626595298015,28780741202622,28781068328695,1790295626358000000,1000,1
165,152524907226118,1790295626601331109,28780746202622,28781077433769,1790295626367000000,1000,1
166,152524915547156,1790295626609651815,28780751202622,28781083901065,1790295626373000000,1000,1
167,152524923238169,1790295626617342868,28780756202622,28781090628028,1790295626380000000,1000,1
168,152524929133210,1790295626623237840,28780761202622,28781099448028,1790295626389000000,1000,1
169,152524935439198,1790295626629544228,28780766202622,28781105425917,1790295626395000000,1000,1
170,152524943653411,1790295626637758351,28780771202622,28781111696917,1790295626401000000,1000,1
171,152524950174489,1790295626644279118,28780776202622,28781120252139,1790295626410000000,1000,1
172,152524956167643,1790295626650272363,28780781202622,28781126836584,1790295626416000000,1000,1
173,152524965917199,1790295626660021839,28780786202622,28781132923843,1790295626422000000,1000,1
174,152524972731230,1790295626666835869,28780791202622,28781142558880,1790295626432000000,1000,1
175,152524978081967,1790295626672185775,28780796202622,28781148647435,1790295626438000000,1000,1
176,152524990515788,1790295626684619415,28780801202622,28781154945732,1790295626444000000,1000,1
177,152524993887957,1790295626687991394,28780806202622,28781164299917,1790295626454000000,1000,1
178,152525000954738,1790295626695057855,28780811202622,28781170699102,1790295626460000000,1000,1
179,152525008766190,1790295626702870859,28780816202622,28781177003917,1790295626466000000,1000,1
180,152525016121686,1790295626710226325,28780821202622,28781185396472,1790295626475000000,1000,1
181,152525022408149,1790295626716512788,28780826202622,28781192469324,1790295626482000000,1000,1
182,152525030330673,1790295626724435302,28780831202622,28781198356102,1790295626488000000,1000,1
183,152525037162837,1790295626731267487,28780836202622,28781206915695,1790295626496000000,1000,1
184,152525043455299,1790295626737560449,28780841202622,28781213718435,1790295626503000000,1000,1
185,152525052032392,1790295626746136901,28780846202622,28781219416769,1790295626509000000,1000,1
186,152525057949994,1790295626752054534,28780851202622,28781228429509,1790295626518000000,1000,1
187,152525064227902,1790295626758332531,28780856202622,28781234673139,1790295626524000000,1000,1
188,152525072873883,1790295626766978522,28780861202622,28781240766176,1790295626530000000,1000,1
189,152525080072594,1790295626774177234,28780866202622,28781249537213,1790295626539000000,1000,1
190,152525086143907,1790295626780248877,28780871202622,28781256312954,1790295626546000000,1000,1
191,152525093971771,1790295626788076862,28780876202622,28781261990028,1790295626551000000,1000,1
192,152525101280869,1790295626795385499,28780881202622,28781270537398,1790295626560000000,1000,1
193,152525106430408,1790295626800534507,28780886202622,28781277781435,1790295626567000000,1000,1
194,152525116256237,1790295626810361147,28780891202622,28781283091176,1790295626572000000,1000,1
195,152525122017786,1790295626816122425,28780896202622,28781292397324,1790295626582000000,1000,1
196,152525127515472,1790295626821620131,28780901202622,28781298591880,1790295626588000000,1000,1
197,152525138295987,1790295626832401338,28780906202622,28781304259324,1790295626594000000,1000,1
198,152525143620587,1790295626837725257,28780911202622,28781314009880,1790295626603000000,1000,1
199,152525150016809,1790295626844121448,28780916202622,28781320302176,1790295626610000000,1000,1
200,152525166928104,1790295626861032744,28780921202622,28781335947880,1790295626625000000,1000,1
201,152525172289823,1790295626866394452,28780926202622,28781343339065,1790295626633000000,1000,1
202,152525182234286,1790295626876338314,28780931202622,28781348950806,1790295626638000000,1000,1
203,152525188142541,1790295626882247181,28780936202622,28781358376065,1790295626648000000,1000,1
204,152525195367480,1790295626889472100,28780941202622,28781364812102,1790295626654000000,1000,1
205,152525203359736,1790295626897464325,28780946202622,28781370421917,1790295626660000000,1000,1
206,152525210654137,1790295626904758846,28780951202622,28781380211398,1790295626670000000,1000,1
207,152525217737490,1790295626911842120,28780956202622,28781387315546,1790295626677000000,1000,1
208,152525224699323,1790295626918804033,28780961202622,28781392885620,1790295626682000000,1000,1
209,152525234002502,1790295626928107211,28780966202622,28781401234509,1790295626691000000,1000,1
210,152525237366195,1790295626931469993,28780971202622,28781408168250,1790295626698000000,1000,1
211,152525244742480,1790295626938847130,28780976202622,28781414048880,1790295626703000000,1000,1
212,152525252770263,1790295626946874893,28780981202622,28781421455843,1790295626711000000,1000,1
213,152525258121352,1790295626952225170,28780986202622,28781429318472,1790295626719000000,1000,1
214,152525265522197,1790295626959626826,28780991202622,28781434744324,1790295626724000000,1000,1
215,152525274442137,1790295626968547478,28780996202622,28781442007398,1790295626731000000,1000,1
216,152525282876459,1790295626976980257,28781001202622,28781450912843,1790295626740000000,1000,1
217,152525290639998,1790295626984744628,28781006202622,28781459277991,1790295626749000000,1000,1
218,152525300631593,1790295626994736503,28781011202622,28781467119472,1790295626756000000,1000,1
219,152525305933411,1790295627000037219,28781016202622,28781476830472,1790295626766000000,1000,1
220,152525314381238,1790295627008485878,28781021202622,28781482477250,1790295626772000000,1000,1
221,152525321132941,1790295627015237440,28781026202622,28781490786102,1790295626780000000,1000,1
222,152525327495367,1790295627021600006,28781031202622,28781497642880,1790295626787000000,1000,1
223,152525338143011,1790295627032247650,28781036202622,28781503076028,1790295626792000000,1000,1
224,152525343462582,1790295627037567191,28781041202622,28781514688806,1790295626804000000,1000,1
225,152525350696901,1790295627044801531,28781046202622,28781519997213,1790295626809000000,1000,1
226,152525359096678,1790295627053201308,28781051202622,28781527230546,1790295626817000000,1000,1
227,152525365802313,1790295627059906973,28781056202622,28781535595546,1790295626825000000,1000,1
228,152525372054722,1790295627066159662,28781061202622,28781542502880,1790295626832000000,1000,1
229,152525381359964,1790295627075464764,28781066202622,28781548499583,1790295626838000000,1000,1
230,152525389479820,1790295627083584549,28781071202622,28781558109102,1790295626848000000,1000,1
231,152525395269982,1790295627089374612,28781076202622,28781566003620,1790295626855000000,1000,1
232,152525405702390,1790295627099807030,28781081202622,28781571791991,1790295626861000000,1000,1
233,152525412789621,1790295627106894251,28781086202622,28781582121435,1790295626871000000,1000,1
234,152525417642297,1790295627111745434,28781091202622,28781589217213,1790295626879000000,1000,1
235,152525426095404,1790295627120200073,28781096202622,28781594656102,1790295626884000000,1000,1
236,152525432888888,1790295627126993788,28781101202622,28781602664287,1790295626892000000,1000,1
237,152525438799849,1790295627132904498,28781106202622,28781609613731,1790295626899000000,1000,1
238,152525445547222,1790295627139651972,28781111202622,28781615429917,1790295626905000000,1000,1
239,152525455464356,1790295627149568986,28781116202622,28781622235583,1790295626912000000,1000,1
240,152525460766724,1790295627154871394,28781121202622,28781631801657,1790295626921000000,1000,1
241,152525471402077,1790295627165506717,28781126202622,28781637495102,1790295626927000000,1000,1
242,152525479671448,1790295627173776328,28781131202622,28781648134028,1790295626938000000,1000,1
243,152525485925938,1790295627180030578,28781136202622,28781656263991,1790295626946000000,1000,1
244,152525494533179,1790295627188637819,28781141202622,28781662585546,1790295626952000000,1000,1
245,152525503465503,1790295627197570163,28781146202622,28781671258843,1790295626961000000,1000,1
246,152525509717381,1790295627203822020,28781151202622,28781679802917,1790295626969000000,1000,1
247,152525523028150,1790295627217132779,28781156202622,28781686365694,1790295626976000000,1000,1
248,152525530082258,1790295627224186908,28781161202622,28781699571880,1790295626989000000,1000,1
249,152525538614367,1790295627232719658,28781166202622,28781706321880,1790295626996000000,1000,1
250,152525544108106,1790295627238212735,28781171202622,28781715264583,1790295627005000000,1000,1
251,152525551581478,1790295627245686108,28781176202622,28781720643324,1790295627010000000,1000,1
252,152525559891713,1790295627253996342,28781181202622,28781727816880,1790295627017000000,1000,1
253,152525565412776,1790295627259517415,28781186202622,28781736554991,1790295627026000000,1000,1
254,152525572484033,1790295627266588663,28781191202622,28781742087657,1790295627031000000,1000,1
255,152525580261500,1790295627274365258,28781196202622,28781749201472,1790295627039000000,1000,1
256,152525586434277,1790295627280538084,28781201202622,28781757117065,1790295627046000000,1000,1
257,152525591856771,1790295627285961411,28781206202622,28781762926954,1790295627052000000,1000,1
258,152525601022030,1790295627295126669,28781211202622,28781768656509,1790295627058000000,1000,1
259,152525607122258,1790295627301226887,28781216202622,28781777411509,1790295627067000000,1000,1
260,152525612995788,1790295627307100418,28781221202622,28781783681028,1790295627073000000,1000,1
261,152525621825268,1790295627315930219,28781226202622,28781789629954,1790295627079000000,1000,1
262,152525628552277,1790295627322656916,28781231202622,28781798405546,1790295627088000000,1000,1
263,152525633963982,1790295627328068902,28781236202622,28781805190583,1790295627095000000,1000,1
264,152525642245412,1790295627336350052,28781241202622,28781810561398,1790295627100000000,1000,1
265,152525652082104,1790295627346187014,28781246202622,28781818891435,1790295627108000000,1000,1
266,152525655499328,1790295627349603887,28781251202622,28781826673398,1790295627116000000,1000,1
267,152525664721020,1790295627358825639,28781256202622,28781832137398,1790295627122000000,1000,1
268,152525670703577,1790295627364808497,28781261202622,28781839893731,1790295627129000000,1000,1
269,152525676381487,1790295627370486748,28781266202622,28781847352842,1790295627137000000,1000,1
270,152525682802473,1790295627376907444,28781271202622,28781853194509,1790295627143000000,1000,1
271,152525692085475,1790295627386190105,28781276202622,28781859706731,1790295627149000000,1000,1
272,152525698296443,1790295627392401373,28781281202622,28781868827250,1790295627158000000,1000,1
273,152525708908701,1790295627403013591,28781286202622,28781874809916,1790295627164000000,1000,1
274,152525714087895,1790295627408191041,28781291202622,28781881330324,1790295627171000000,1000,1
275,152525719378109,1790295627413481907,28781296202622,28781889982065,1790295627179000000,1000,1
276,152525725684810,1790295627419789439,28781301202622,28781896163991,1790295627186000000,1000,1
277,152525734309711,1790295627428414340,28781306202622,28781902210694,1790295627192000000,1000,1
278,152525739952985,1790295627434057004,28781311202622,28781911019991,1790295627200000000,1000,1
279,152525748386204,1790295627442491224,28781316202622,28781916606028,1790295627206000000,1000,1
280,152525758116592,1790295627452221252,28781321202622,28781923749657,1790295627213000000,1000,1
281,152525764965659,1790295627459070599,28781326202622,28781934767250,1790295627224000000,1000,1
282,152525774557797,1790295627468662436,28781331202622,28781941646028,1790295627231000000,1000,1
283,152525782506006,1790295627476609814,28781336202622,28781950590509,1790295627240000000,1000,1
284,152525790644635,1790295627484749575,28781341202622,28781959041213,1790295627248000000,1000,1
285,152525798554255,1790295627492658964,28781346202622,28781967134583,1790295627257000000,1000,1
286,152525811859850,1790295627505964499,28781351202622,28781975250768,1790295627265000000,1000,1
287,152525813512040,1790295627507616679,28781356202622,28781984300583,1790295627274000000,1000,1
288,152525822544934,1790295627516649604,28781361202622,28781990231102,1790295627280000000,1000,1
289,152525828582125,1790295627522686765,28781366202622,28781999181398,1790295627289000000,1000,1
290,152525834154383,1790295627528259093,28781371202622,28782005117028,1790295627294000000,1000,1
291,152525842061476,1790295627536165254,28781376202622,28782010884398,1790295627300000000,1000,1
292,152525848885688,1790295627542990348,28781381202622,28782018749250,1790295627308000000,1000,1
293,152525854720413,1790295627548825153,28781386202622,28782025799990,1790295627315000000,1000,1
294,152525862544700,1790295627556649350,28781391202622,28782031405213,1790295627321000000,1000,1
295,152525869789717,1790295627563894547,28781396202622,28782039402916,1790295627329000000,1000,1
296,152525876043148,1790295627570147687,28781401202622,28782046364250,1790295627336000000,1000,1
297,152525882323939,1790295627576428409,28781406202622,28782052248213,1790295627342000000,1000,1
298,152525890100886,1790295627584204022,28781411202622,28782059310398,1790295627349000000,1000,1
299,152525895646404,1790295627589749531,28781416202622,28782067126176,1790295627357000000,1000,1
300,152525902660504,1790295627596763631,28781421202622,28782072517287,1790295627362000000,1000,1
301,152525912671774,1790295627606776424,28781426202622,28782079656879,1790295627369000000,1000,1
302,152525916098407,1790295627610203046,28781431202622,28782087318916,1790295627377000000,1000,1
303,152525923143377,1790295627617248127,28781436202622,28782092714620,1790295627382000000,1000,1
304,152525930815894,1790295627624920534,28781441202622,28782099782472,1790295627389000000,1000,1
305,152525936293885,1790295627630398815,28781446202622,28782107490805,1790295627397000000,1000,1
306,152525943139127,1790295627637244067,28781451202622,28782112983916,1790295627402000000,1000,1
307,152525951110751,1790295627645215380,28781456202622,28782119751250,1790295627409000000,1000,1
308,152525957355364,1790295627651459993,28781461202622,28782127655805,1790295627417000000,1000,1
309,152525965156878,1790295627659261518,28781466202622,28782133947842,1790295627423000000,1000,1
310,152525973202472,1790295627667307111,28781471202622,28782140441583,1790295627430000000,1000,1
311,152525979342257,1790295627673446296,28781476202622,28782149812842,1790295627439000000,1000,1
312,152525986159475,1790295627680262601,28781481202622,28782156380620,1790295627446000000,1000,1
313,152525994150237,1790295627688253363,28781486202622,28782163049990,1790295627452000000,1000,1
314,152526000917109,1790295627695020236,28781491202622,28782171220953,1790295627461000000,1000,1
315,152526006399808,1790295627700502935,28781496202622,28782177763064,1790295627467000000,1000,1
316,152526016125767,1790295627710228894,28781501202622,28782183431027,1790295627473000000,1000,1
317,152526022270710,1790295627716375720,28781506202622,28782192462546,1790295627482000000,1000,1
318,152526027984248,1790295627722088887,28781511202622,28782198860657,1790295627488000000,1000,1
319,152526036935178,1790295627731039818,28781516202622,28782204516287,1790295627494000000,1000,1
320,152526043685299,1790295627737789057,28781521202622,28782213621546,1790295627503000000,1000,1
321,152526049499747,1790295627743604387,28781526202622,28782220390842,1790295627510000000,1000,1
322,152526056550276,1790295627750655186,28781531202622,28782226078101,1790295627515000000,1000,1
323,152526066538913,1790295627760643542,28781536202622,28782233331509,1790295627523000000,1000,1
324,152526071909591,1790295627766014220,28781541202622,28782242985398,1790295627532000000,1000,1
325,152526078758420,1790295627772863049,28781546202622,28782248602064,1790295627538000000,1000,1
326,152526087438185,1790295627781543085,28781551202622,28782255284953,1790295627545000000,1000,1
327,152526092801276,1790295627786905915,28781556202622,28782263883287,1790295627553000000,1000,1
328,152526102017671,1790295627796122281,28781561202622,28782269499620,1790295627559000000,1000,1
329,152526109316019,1790295627803419817,28781566202622,28782278682546,1790295627568000000,1000,1
330,152526118733444,1790295627812838074,28781571202622,28782286190101,1790295627576000000,1000,1
331,152526125260120,1790295627819364750,28781576202622,28782294366768,1790295627584000000,1000,1
332,152526134900940,1790295627829005580,28781581202622,28782301784509,1790295627591000000,1000,1
333,152526140847036,1790295627834950854,28781586202622,28782311463990,1790295627601000000,1000,1
334,152526149599823,1790295627843704462,28781591202622,28782317334175,1790295627607000000,1000,1
335,152526156610405,1790295627850715035,28781596202622,28782326173287,1790295627616000000,1000,1
336,152526161929653,1790295627856033481,28781601202622,28782333124064,1790295627623000000,1000,1
337,152526172976846,1790295627867080644,28781606202622,28782338855657,1790295627628000000,1000,1
338,152526180899710,1790295627875003498,28781611202622,28782349688879,1790295627639000000,1000,1
339,152526189714522,1790295627883819001,28781616202622,28782357651694,1790295627647000000,1000,1
340,152526200350484,1790295627894455394,28781621202622,28782366540509,1790295627656000000,1000,1
341,152526207108842,1790295627901213481,28781626202622,28782376715212,1790295627666000000,1000,1
342,152526221229241,1790295627915333880,28781631202622,28782383755064,1790295627673000000,1000,1
343,152526226039755,1790295627920144474,28781636202622,28782397054583,1790295627686000000,1000,1
344,152526239064742,1790295627933169402,28781641202622,28782402390842,1790295627692000000,1000,1
345,152526244679443,1790295627938784072,28781646202622,28782415578287,1790295627705000000,1000,1
346,152526256104514,1790295627950209163,28781651202622,28782421325101,1790295627711000000,1000,1
347,152526266748330,1790295627960852980,28781656202622,28782432755694,1790295627722000000,1000,1
348,152526274120097,1790295627968224736,28781661202622,28782444537212,1790295627734000000,1000,1
349,152526282853968,1790295627976958618,28781666202622,28782450836027,1790295627740000000,1000,1
350,152526291238516,1790295627985342314,28781671202622,28782459562879,1790295627749000000,1000,1
351,152526297644174,1790295627991748022,28781676202622,28782467888694,1790295627757000000,1000,1
352,152526308768261,1790295628002873251,28781681202622,28782474408546,1790295627764000000,1000,1
353,152526322211156,1790295628016315846,28781686202622,28782485473546,1790295627775000000,1000,1
354,152526327003858,1790295628021107696,28781691202622,28782495775138,1790295627785000000,1000,1
355,152526362902041,1790295628057006681,28781696202622,28782503864731,1790295627793000000,1000,1
356,152526362943129,1790295628057046065,28781701202622,28782512751805,1790295627802000000,1000,1
357,152526362949381,1790295628057052257,28781706202622,28782519056212,1790295627808000000,1000,1
358,152526362955512,1790295628057058359,28781711202622,28782531231435,1790295627821000000,1000,1
359,152526369495503,1790295628063600133,28781716202622,28782536585027,1790295627826000000,1000,1
360,152526376103826,1790295628070208466,28781721202622,28782547008027,1790295627836000000,1000,1
361,152526384381591,1790295628078486181,28781726202622,28782552942879,1790295627842000000,1000,1
362,152526393982705,1790295628088087344,28781731202622,28782560305620,1790295627850000000,1000,1
363,152526403287414,1790295628097392043,28781736202622,28782570670064,1790295627860000000,1000,1
364,152526411485949,1790295628105590518,28781741202622,28782579637694,1790295627869000000,1000,1
365,152526421370348,1790295628115473495,28781746202622,28782588258842,1790295627878000000,1000,1
366,152526427974223,1790295628122077440,28781751202622,28782597699212,1790295627887000000,1000,1
367,152526439038317,1790295628133142947,28781756202622,28782604469398,1790295627894000000,1000,1
368,152526446085501,1790295628140190150,28781761202622,28782615444249,1790295627905000000,1000,1
369,152526456490528,1790295628150595178,28781766202622,28782620813805,1790295627910000000,1000,1
370,152526462116778,1790295628156221417,28781771202622,28782633134360,1790295627923000000,1000,1
371,152526473202344,1790295628167306142,28781776202622,28782638663916,1790295627928000000,1000,1
372,152526482537853,1790295628176642512,28781781202622,28782649633027,1790295627939000000,1000,1
373,152526492040210,1790295628186145120,28781786202622,28782659218805,1790295627949000000,1000,1
374,152526500994048,1790295628195098678,28781791202622,28782666845064,1790295627956000000,1000,1
375,152526508028025,1790295628202132685,28781796202622,28782676883694,1790295627966000000,1000,1
376,152526517534819,1790295628211639448,28781801202622,28782684848768,1790295627974000000,1000,1
377,152526526614385,1790295628220719005,28781806202622,28782693142435,1790295627983000000,1000,1
378,152526537019159,1790295628231123798,28781811202622,28782702981620,1790295627992000000,1000,1
379,152526544093515,1790295628238198084,28781816202622,28782712509286,1790295628002000000,1000,1
380,152526555234637,1790295628249339717,28781821202622,28782720772620,1790295628010000000,1000,1
381,152526561681942,1790295628255786862,28781826202622,28782731757583,1790295628021000000,1000,1
382,152526572708128,1790295628266813058,28781831202622,28782738168694,1790295628028000000,1000,1
383,152526577917388,1790295628272021947,28781836202622,28782749308286,1790295628039000000,1000,1
384,152526591421937,1790295628285526586,28781841202622,28782754607842,1790295628044000000,1000,1
385,152526597365778,1790295628291470668,28781846202622,28782767885027,1790295628057000000,1000,1
386,152526607575296,1790295628301679946,28781851202622,28782773664953,1790295628063000000,1000,1
387,152526616397034,1790295628310501643,28781856202622,28782784201842,1790295628074000000,1000,1
388,152526624509686,1790295628318614326,28781861202622,28782792947434,1790295628082000000,1000,1
389,152526637238545,1790295628331343485,28781866202622,28782800924064,1790295628090000000,1000,1
390,152526642508720,1790295628336612548,28781871202622,28782813764509,1790295628103000000,1000,1
391,152526655089188,1790295628349193827,28781876202622,28782819093138,1790295628108000000,1000,1
392,152526660058154,1790295628354163064,28781881202622,28782831354064,1790295628121000000,1000,1
393,152526667634512,1790295628361739152,28781886202622,28782836638731,1790295628126000000,1000,1
394,152526678077789,1790295628372182639,28781891202622,28782847409471,1790295628137000000,1000,1
395,152526687589965,1790295628381694595,28781896202622,28782854664027,1790295628144000000,1000,1
396,152526695965123,1790295628390069783,28781901202622,28782864278657,1790295628154000000,1000,1
397,152526705585885,1790295628399690705,28781906202622,28782872782175,1790295628162000000,1000,1
398,152526714232697,1790295628408337638,28781911202622,28782882158360,1790295628172000000,1000,1
399,152526723311630,1790295628417416520,28781916202622,28782889548842,1790295628179000000,1000,1
400,152526747416326,1790295628441520976,28781921202622,28782916395175,1790295628206000000,1000,1
401,152526756437478,1790295628450542599,28781926202622,28782922825805,1790295628212000000,1000,1
402,152526764490197,1790295628458594906,28781931202622,28782933010953,1790295628222000000,1000,1
403,152526771001286,1790295628465105925,28781936202622,28782941093990,1790295628230000000,1000,1
404,152526778081831,1790295628472186550,28781941202622,28782947440657,1790295628237000000,1000,1
405,152526787020109,1790295628481124709,28781946202622,28782954913138,1790295628244000000,1000,1
406,152526792844885,1790295628486949525,28781951202622,28782963380583,1790295628253000000,1000,1
407,152526800745908,1790295628494850517,28781956202622,28782969236138,1790295628259000000,1000,1
408,152526809211367,1790295628503316047,28781961202622,28782977292508,1790295628267000000,1000,1
409,152526816822328,1790295628510926156,28781966202622,28782985580249,1790295628275000000,1000,1
410,152526825244798,1790295628519348606,28781971202622,28782992458212,1790295628282000000,1000,1
411,152526834217210,1790295628528320997,28781976202622,28783001968916,1790295628291000000,1000,1
412,152526839983306,1790295628534087004,28781981202622,28783009627249,1790295628299000000,1000,1
413,152526850170600,1790295628544275239,28781986202622,28783016823582,1790295628306000000,1000,1
414,152526856381159,1790295628550485778,28781991202622,28783026886471,1790295628316000000,1000,1
415,152526863157147,1790295628557261746,28781996202622,28783033041360,1790295628322000000,1000,1
416,152526874201496,1790295628568306216,28782001202622,28783039782434,1790295628329000000,1000,1
417,152526880380583,1790295628574485223,28782006202622,28783050883657,1790295628340000000,1000,1
418,152526893017640,1790295628587121437,28782011202622,28783057065101,1790295628346000000,1000,1
419,152526901251872,1790295628595356501,28782016202622,28783069713768,1790295628359000000,1000,1
420,152526907369696,1790295628601473473,28782021202622,28783077695953,1790295628367000000,1000,1
421,152526916090863,1790295628610195633,28782026202622,28783083340619,1790295628373000000,1000,1
422,152526923013320,1790295628617117508,28782031202622,28783092546138,1790295628382000000,1000,1
423,152526929239527,1790295628623343305,28782036202622,28783099797694,1790295628389000000,1000,1
424,152526941025570,1790295628635130200,28782041202622,28783105221619,1790295628395000000,1000,1
425,152526948136453,1790295628642241082,28782046202622,28783117602249,1790295628407000000,1000,1
426,152526957665260,1790295628651770170,28782051202622,28783124682101,1790295628414000000,1000,1
427,152526966343483,1790295628660448112,28782056202622,28783134373434,1790295628424000000,1000,1
428,152526974391684,1790295628668496324,28782061202622,28783143258434,1790295628433000000,1000,1
429,152526982918551,1790295628677023150,28782066202622,28783151037545,1790295628440000000,1000,1
430,152526991933764,1790295628686036870,28782071202622,28783159756953,1790295628449000000,1000,1
431,152526997964290,1790295628692067397,28782076202622,28783168877064,1790295628458000000,1000,1
432,152527010997436,1790295628705102045,28782081202622,28783174921916,1790295628464000000,1000,1
433,152527019486953,1790295628713591593,28782086202622,28783187337212,1790295628477000000,1000,1
434,152527027204377,1790295628721309066,28782091202622,28783196067953,1790295628485000000,1000,1
435,152527038307124,1790295628732410331,28782096202622,28783204343693,1790295628494000000,1000,1
436,152527042969118,1790295628737072305,28782101202622,28783214497397,1790295628504000000,1000,1
437,152527054797521,1790295628748902181,28782106202622,28783219797619,1790295628509000000,1000,1
438,152527060282705,1790295628754387184,28782111202622,28783231313397,1790295628521000000,1000,1
439,152527069291736,1790295628763396456,28782116202622,28783236807286,1790295628526000000,1000,1
440,152527078498139,1790295628772602889,28782121202622,28783244395805,1790295628534000000,1000,1
441,152527088043578,1790295628782148208,28782126202622,28783255157953,1790295628545000000,1000,1
442,152527098071720,1790295628792176339,28782131202622,28783264741953,1790295628554000000,1000,1
443,152527106109318,1790295628800214218,28782136202622,28783273430212,1790295628563000000,1000,1
444,152527114335016,1790295628808439736,28782141202622,28783282626582,1790295628572000000,1000,1
445,152527123404492,1790295628817508270,28782146202622,28783290400101,1790295628580000000,1000,1
446,152527129017599,1790295628823122208,28782151202622,28783299529916,1790295628589000000,1000,1
447,152527150950379,1790295628845055019,28782156202622,28783304852730,1790295628594000000,1000,1
448,152527150992429,1790295628845095375,28782161202622,28783314610323,1790295628604000000,1000,1
449,152527151003009,1790295628845105885,28782166202622,28783320321693,1790295628610000000,1000,1
450,152527158721313,1790295628852825912,28782171202622,28783326558916,1790295628616000000,1000,1
451,152527164814750,1790295628858918458,28782176202622,28783335348545,1790295628625000000,1000,1
452,152527173563348,1790295628867667977,28782181202622,28783341582212,1790295628631000000,1000,1
453,152527181921042,1790295628876024840,28782186202622,28783350105730,1790295628639000000,1000,1
454,152527188710438,1790295628882815037,28782191202622,28783358689842,1790295628648000000,1000,1
455,152527195611344,1790295628889715983,28782196202622,28783365281064,1790295628655000000,1000,1
456,152527203658612,1790295628897763582,28782201202622,28783372238138,1790295628662000000,1000,1
457,152527209002870,1790295628903107529,28782206202622,28783380349990,1790295628670000000,1000,1
458,152527216568444,1790295628910673324,28782211202622,28783385648286,1790295628675000000,1000,1
459,152527225218125,1790295628919322765,28782216202622,28783393226175,1790295628683000000,1000,1
460,152527230722193,1790295628924825991,28782221202622,28783401946434,1790295628691000000,1000,1
461,152527237621365,1790295628931726275,28782226202622,28783407504249,1790295628697000000,1000,1
462,152527246442532,1790295628940547181,28782231202622,28783414159990,1790295628704000000,1000,1
463,152527252923774,1790295628947028414,28782236202622,28783422271471,1790295628712000000,1000,1
464,152527257934878,1790295628952039508,28782241202622,28783429223879,1790295628719000000,1000,1
465,152527267985153,1790295628962090143,28782246202622,28783434650582,1790295628724000000,1000,1
466,152527274067738,1790295628968172347,28782251202622,28783444248582,1790295628734000000,1000,1
467,152527279320522,1790295628973425101,28782256202622,28783450646397,1790295628740000000,1000,1
468,152527289126365,1790295628983230934,28782261202622,28783456037953,1790295628745000000,1000,1
469,152527296025947,1790295628990130656,28782266202622,28783465863101,1790295628755000000,1000,1
470,152527302024003,1790295628996128633,28782271202622,28783472615286,1790295628762000000,1000,1
471,152527310831491,1790295629004936421,28782276202622,28783478605804,1790295628768000000,1000,1
472,152527318427424,1790295629012531212,28782281202622,28783487349360,1790295628777000000,1000,1
473,152527323903160,1790295629018006958,28782286202622,28783495131619,1790295628785000000,1000,1
474,152527333644832,1790295629027749491,28782291202622,28783500686730,1790295628790000000,1000,1
475,152527340636097,1790295629034741078,28782296202622,28783510274508,1790295628800000000,1000,1
476,152527347485234,1790295629041589884,28782301202622,28783517064656,1790295628806000000,1000,1
477,152527356178637,1790295629050283267,28782306202622,28783522515767,1790295628812000000,1000,1
478,152527363015573,1790295629057120193,28782311202622,28783532293249,1790295628822000000,1000,1
479,152527368863643,1790295629062968664,28782316202622,28783539638545,1790295628829000000,1000,1
480,152527377744642,1790295629071848831,28782321202622,28783545558212,1790295628835000000,1000,1
481,152527385447698,1790295629079551486,28782326202622,28783554513619,1790295628844000000,1000,1
482,152527426047990,1790295629120152699,28782331202622,28783562285841,1790295628852000000,1000,1
483,152527432290067,1790295629126394697,28782336202622,28783602583582,1790295628892000000,1000,1
484,152527441306123,1790295629135409931,28782341202622,28783608880175,1790295628898000000,1000,1
485,152527448368034,1790295629142473054,28782346202622,28783617871693,1790295628907000000,1000,1
486,152527454031024,1790295629148135653,28782351202622,28783624492841,1790295628914000000,1000,1
487,152527462809980,1790295629156914620,28782356202622,28783630529804,1790295628920000000,1000,1
488,152527470657569,1790295629164762198,28782361202622,28783639311249,1790295628929000000,1000,1
489,152527475316628,1790295629169421257,28782366202622,28783645552767,1790295628935000000,1000,1
490,152527484658520,1790295629178763159,28782371202622,28783651696878,1790295628941000000,1000,1
491,152527490652168,1790295629184755876,28782376202622,28783661252508,1790295628951000000,1000,1
492,152527497198883,1790295629191302721,28782381202622,28783667183471,1790295628957000000,1000,1
493,152527506679078,1790295629200783988,28782386202622,28783673777508,1790295628963000000,1000,1
494,152527511975814,1790295629206080533,28782391202622,28783683174767,1790295628973000000,1000,1
495,152527522182582,1790295629216287221,28782396202622,28783688549656,1790295628978000000,1000,1
496,152527527192817,1790295629221297456,28782401202622,28783695522693,1790295628985000000,1000,1
497,152527533686212,1790295629227790851,28782406202622,28783703621582,1790295628993000000,1000,1
498,152527540941859,1790295629235046528,28782411202622,28783710230989,1790295629000000000,1000,1
499,152527551291618,1790295629245396458,28782416202622,28783717276693,1790295629007000000,1000,1
500,152527554875550,1790295629248980199,28782421202622,28783725488915,1790295629015000000,1000,1
501,152527560222002,1790295629254327032,28782426202622,28783731143656,1790295629021000000,1000,1
502,152527568770601,1790295629262875221,28782431202622,28783736635804,1790295629026000000,1000,1
503,152527575377880,1790295629269482489,28782436202622,28783745377767,1790295629035000000,1000,1
504,152527581144809,1790295629275249468,28782441202622,28783751750434,1790295629041000000,1000,1
505,152527590983211,1790295629285086989,28782446202622,28783757850841,1790295629047000000,1000,1
506,152527599052754,1790295629293157704,28782451202622,28783767744952,1790295629057000000,1000,1
507,152527606030584,1790295629300135735,28782456202622,28783776513989,1790295629066000000,1000,1
508,152527614746020,1790295629308850669,28782461202622,28783782382804,1790295629072000000,1000,1
509,152527622829876,1790295629316934776,28782466202622,28783791454026,1790295629081000000,1000,1
510,152527628734045,1790295629322838694,28782471202622,28783799338693,1790295629089000000,1000,1
511,152527639479726,1790295629333584365,28782476202622,28783804811619,1790295629094000000,1000,1
512,152527644911279,1790295629339015918,28782481202622,28783815612175,1790295629105000000,1000,1
513,152527653510832,1790295629347615471,28782486202622,28783821627026,1790295629111000000,1000,1
514,152527661779792,1790295629355884431,28782491202622,28783830262101,1790295629120000000,1000,1
515,152527667876476,1790295629361981075,28782496202622,28783838335693,1790295629128000000,1000,1
516,152527675458282,1790295629369563252,28782501202622,28783844535989,1790295629134000000,1000,1
517,152527683961045,1790295629378065664,28782506202622,28783852164767,1790295629142000000,1000,1
518,152527690142739,1790295629384247399,28782511202622,28783860545397,1790295629150000000,1000,1
519,152527697533091,1790295629391637731,28782516202622,28783866753656,1790295629156000000,1000,1
520,152527705527802,1790295629399632441,28782521202622,28783873245582,1790295629163000000,1000,1
521,152527711608753,1790295629405713393,28782526202622,28783882360175,1790295629172000000,1000,1
522,152527719452025,1790295629413555823,28782531202622,28783888340989,1790295629178000000,1000,1
523,152527727154902,1790295629421260012,28782536202622,28783896157915,1790295629186000000,1000,1
524,152527732914424,1790295629427019034,28782541202622,28783903731286,1790295629193000000,1000,1
525,152527741300265,1790295629435404072,28782546202622,28783909618323,1790295629199000000,1000,1
526,152527748165482,1790295629442270402,28782551202622,28783918214063,1790295629208000000,1000,1
527,152527756416274,1790295629450520913,28782556202622,28783924817582,1790295629214000000,1000,1
528,152527763128093,1790295629457231891,28782561202622,28783931495841,1790295629221000000,1000,1
529,152527771061636,1790295629465166316,28782566202622,28783939804286,1790295629229000000,1000,1
530,152527798821428,1790295629492926057,28782571202622,28783946816952,1790295629236000000,1000,1
531,152527798862436,1790295629492965342,28782576202622,28783953066212,1790295629242000000,1000,1
532,152527798871332,1790295629492974209,28782581202622,28783963325137,1790295629253000000,1000,1
533,152527801950286,1790295629496054925,28782586202622,28783969740100,1790295629259000000,1000,1
534,152527808887479,1790295629502992109,28782591202622,28783977399952,1790295629267000000,1000,1
535,152527816128862,1790295629510233782,28782596202622,28783985585693,1790295629275000000,1000,1
536,152527825427680,1790295629519532600,28782601202622,28783992792508,1790295629282000000,1000,1
537,152527832301557,1790295629526406537,28782606202622,28784002040026,1790295629291000000,1000,1
538,152527838154859,1790295629532259839,28782611202622,28784009117693,1790295629298000000,1000,1
539,152527846508139,1790295629540612789,28782616202622,28784014824804,1790295629304000000,1000,1
540,152527858639745,1790295629552744375,28782621202622,28784023182841,1790295629313000000,1000,1
541,152527860358933,1790295629554463573,28782626202622,28784031354989,1790295629321000000,1000,1
542,152527872994295,1790295629567098954,28782631202622,28784037174471,1790295629327000000,1000,1
543,152527876242148,1790295629570345966,28782636202622,28784047607878,1790295629337000000,1000,1
544,152527884587802,1790295629578691720,28782641202622,28784052950878,1790295629342000000,1000,1
545,152527892100818,1790295629586203935,28782646202622,28784061575211,1790295629351000000,1000,1
546,152527897295081,1790295629591398248,28782651202622,28784068999249,1790295629358000000,1000,1
547,152527905016923,1790295629599120130,28782656202622,28784074264063,1790295629364000000,1000,1
548,152527912806483,1790295629606911654,28782661202622,28784081844508,1790295629371000000,1000,1
549,152527920074255,1790295629614177361,28782666202622,28784089653211,1790295629379000000,1000,1
550,152527928176066,1790295629622279203,28782671202622,28784097103323,1790295629386000000,1000,1
551,152527937245151,1790295629631348948,28782676202622,28784105172545,1790295629395000000,1000,1
552,152527942721336,1790295629636826256,28782681202622,28784113777545,1790295629403000000,1000,1
553,152527953366970,1790295629647471600,28782686202622,28784119379323,1790295629409000000,1000,1
554,152527960219595,1790295629654324244,28782691202622,28784130017619,1790295629419000000,1000,1
555,152527965052273,1790295629659156953,28782696202622,28784135416915,1790295629425000000,1000,1
556,152527973659723,1790295629667764373,28782701202622,28784141104878,1790295629431000000,1000,1
557,152527979516510,1790295629673620268,28782706202622,28784150199026,1790295629440000000,1000,1
558,152527985733379,1790295629679836376,28782711202622,28784156525989,1790295629446000000,1000,1
559,152527992325239,1790295629686429027,28782716202622,28784162168323,1790295629452000000,1000,1
560,152528000712333,1790295629694817003,28782721202622,28784168982100,1790295629458000000,1000,1
561,152528006634575,1790295629700739194,28782726202622,28784177415471,1790295629467000000,1000,1
562,152528012144615,1790295629706249144,28782731202622,28784183246656,1790295629473000000,1000,1
563,152528023221785,1790295629717326435,28782736202622,28784188995248,1790295629478000000,1000,1
564,152528028183757,1790295629722287595,28782741202622,28784199435100,1790295629489000000,1000,1
565,152528035304191,1790295629729409121,28782746202622,28784204852137,1790295629494000000,1000,1
566,152528043396623,1790295629737501252,28782751202622,28784212048508,1790295629501000000,1000,1
567,152528050045412,1790295629744149520,28782756202622,28784220207656,1790295629510000000,1000,1
568,152528055685209,1790295629749790339,28782761202622,28784225777582,1790295629515000000,1000,1
569,152528086943620,1790295629781048259,28782766202622,28784232354619,1790295629522000000,1000,1
570,152528086987262,1790295629781090179,28782771202622,28784240709693,1790295629530000000,1000,1
571,152528086995949,1790295629781098815,28782776202622,28784247288619,1790295629537000000,1000,1
572,152528088432190,1790295629782536820,28782781202622,28784252869656,1790295629542000000,1000,1
573,152528091704720,1790295629785809670,28782786202622,28784262223841,1790295629552000000,1000,1
574,152528096980706,1790295629791084534,28782791202622,28784268328211,1790295629558000000,1000,1
575,152528106188023,1790295629800291811,28782796202622,28784273815989,1790295629563000000,1000,1
576,152528113907280,1790295629808011078,28782801202622,28784282949285,1790295629572000000,1000,1
577,152528119682324,1790295629813787254,28782806202622,28784290673878,1790295629580000000,1000,1
578,152528127423873,1790295629821528893,28782811202622,28784296574285,1790295629586000000,1000,1
579,152528134934536,1790295629829039165,28782816202622,28784303867174,1790295629593000000,1000,1
580,152528140702935,1790295629834807895,28782821202622,28784311527100,1790295629601000000,1000,1
581,152528148376213,1790295629842481133,28782826202622,28784317360174,1790295629607000000,1000,1
582,152528155690584,1790295629849795213,28782831202622,28784324934471,1790295629614000000,1000,1
583,152528161386476,1790295629855491075,28782836202622,28784332392693,1790295629622000000,1000,1
584,152528169026825,1790295629863131474,28782841202622,28784337971471,1790295629627000000,1000,1
585,152528177466837,1790295629871571437,28782846202622,28784345510322,1790295629635000000,1000,1
586,152528183404699,1790295629877509348,28782851202622,28784354060471,1790295629643000000,1000,1
587,152528189454954,1790295629883559593,28782856202622,28784360198545,1790295629650000000,1000,1
588,152528198821190,1790295629892925899,28782861202622,28784366135656,1790295629656000000,1000,1
589,152528205421838,1790295629899526497,28782866202622,28784374747767,1790295629664000000,1000,1
590,152528210908393,1790295629905013083,28782871202622,28784382112026,1790295629671000000,1000,1
591,152528222297306,1790295629916401935,28782876202622,28784387517582,1790295629677000000,1000,1
592,152528226661755,1790295629920766414,28782881202622,28784397378174,1790295629687000000,1000,1
593,152528232310168,1790295629926414848,28782886202622,28784403343396,1790295629693000000,1000,1
594,152528241788398,1790295629935893198,28782891202622,28784409112508,1790295629698000000,1000,1
595,152528249191876,1790295629943296897,28782896202622,28784418502248,1790295629708000000,1000,1
596,152528255592916,1790295629949697545,28782901202622,28784426122248,1790295629715000000,1000,1
597,152528263874600,1790295629957979340,28782906202622,28784432325248,1790295629722000000,1000,1
598,152528270604771,1790295629964709390,28782911202622,28784440486248,1790295629730000000,1000,1
599,152528276532081,1790295629970636731,28782916202622,28784446978137,1790295629736000000,1000,1
600,152528301692779,1790295629995797439,28782921202622,28784469418730,1790295629759000000,1000,1
601,152528309807303,1790295630003912123,28782926202622,28784478281026,1790295629768000000,1000,1
602,152528315156841,1790295630009261761,28782931202622,28784486296137,1790295629776000000,1000,1
603,152528323996901,1790295630018101510,28782936202622,28784491617841,1790295629781000000,1000,1
604,152528330760087,1790295630024864216,28782941202622,28784500688693,1790295629790000000,1000,1
605,152528339478799,1790295630033583408,28782946202622,28784507337582,1790295629797000000,1000,1
606,152528376630352,1790295630070734891,28782951202622,28784515242396,1790295629805000000,1000,1
607,152528376671340,1790295630070774286,28782956202622,28784523322248,1790295629813000000,1000,1
608,152528376692199,1790295630070795075,28782961202622,28784530537433,1790295629820000000,1000,1
609,152528376697600,1790295630070800456,28782966202622,28784538368656,1790295629828000000,1000,1
610,152528382414684,1790295630076519203,28782971202622,28784550644433,1790295629840000000,1000,1
611,152528389387889,1790295630083492538,28782976202622,28784558812915,1790295629848000000,1000,1
612,152528394203945,1790295630088307723,28782981202622,28784565270804,1790295629855000000,1000,1
613,152528403054057,1790295630097158696,28782986202622,28784570807878,1790295629860000000,1000,1
614,152528408940520,1790295630103044318,28782991202622,28784578937545,1790295629868000000,1000,1
615,152528414583342,1790295630108687972,28782996202622,28784585829804,1790295629875000000,1000,1
616,152528422044540,1790295630116147737,28783001202622,28784591496693,1790295629881000000,1000,1
617,152528430013829,1790295630124118759,28783006202622,28784597951470,1790295629887000000,1000,1
618,152528439036478,1790295630133141087,28783011202622,28784606542433,1790295629896000000,1000,1
619,152528447107082,1790295630141211732,28783016202622,28784615144952,1790295629905000000,1000,1
620,152528455364126,1790295630149468736,28783021202622,28784623801767,1790295629913000000,1000,1
621,152528460970942,1790295630155075591,28783026202622,28784631307952,1790295629921000000,1000,1
622,152528472514746,1790295630166619386,28783031202622,28784637514656,1790295629927000000,1000,1
623,152528476043321,1790295630170148051,28783036202622,28784646537026,1790295629936000000,1000,1
624,152528482867753,1790295630176972382,28783041202622,28784652544841,1790295629942000000,1000,1
625,152528493138304,1790295630187242933,28783046202622,28784658924174,1790295629948000000,1000,1
626,152528499661255,1790295630193765855,28783051202622,28784669243433,1790295629959000000,1000,1
627,152528508184766,1790295630202289416,28783056202622,28784675251989,1790295629965000000,1000,1
628,152528516186729,1790295630210291358,28783061202622,28784684752544,1790295629974000000,1000,1
629,152528525827006,1790295630219931645,28783066202622,28784694804322,1790295629984000000,1000,1
630,152528531739418,1790295630225844458,28783071202622,28784702386026,1790295629992000000,1000,1
631,152528541478299,1790295630235582939,28783076202622,28784708533396,1790295629998000000,1000,1
632,152528549257281,1790295630243362281,28783081202622,28784718290693,1790295630008000000,1000,1
633,152528555235580,1790295630249340220,28783086202622,28784724719063,1790295630014000000,1000,1
634,152528562620806,1790295630256725445,28783091202622,28784731339507,1790295630021000000,1000,1
635,152528570324752,1790295630264429402,28783096202622,28784739278915,1790295630029000000,1000,1
636,152528576749956,1790295630270854595,28783101202622,28784746881581,1790295630036000000,1000,1
637,152528585711728,1790295630279816367,28783106202622,28784753344285,1790295630043000000,1000,1
638,152528592314641,1790295630286419280,28783111202622,28784762380470,1790295630052000000,1000,1
639,152528599646022,1790295630293750632,28783116202622,28784768955285,1790295630058000000,1000,1
640,152528608349985,1790295630302454635,28783121202622,28784775190322,1790295630065000000,1000,1
641,152528613279517,1790295630307384156,28783126202622,28784784501470,1790295630074000000,1000,1
642,152528620092214,1790295630314196854,28783131202622,28784789960841,1790295630079000000,1000,1
643,152528628870428,1790295630322975067,28783136202622,28784796794693,1790295630086000000,1000,1
644,152528634696597,1790295630328801197,28783141202622,28784805292730,1790295630095000000,1000,1
645,152528642539349,1790295630336643959,28783146202622,28784811318359,1790295630101000000,1000,1
646,152528649653778,1790295630343758428,28783151202622,28784817935655,1790295630107000000,1000,1
647,152528656777719,1790295630350882378,28783156202622,28784826310396,1790295630116000000,1000,1
648,152528662397418,1790295630356502048,28783161202622,28784833366618,1790295630123000000,1000,1
649,152528680756977,1790295630374861617,28783166202622,28784838929137,1790295630128000000,1000,1
650,152528680940054,1790295630375043211,28783171202622,28784848293470,1790295630138000000,1000,1
651,152528685424881,1790295630379529541,28783176202622,28784854170470,1790295630144000000,1000,1
652,152528693751357,1790295630387856006,28783181202622,28784860750433,1790295630150000000,1000,1
653,152528700515666,1790295630394620576,28783186202622,28784870323692,1790295630160000000,1000,1
654,152528707527684,1790295630401632504,28783191202622,28784877108322,1790295630166000000,1000,1
655,152528717156978,1790295630411261788,28783196202622,28784883937137,1790295630173000000,1000,1
656,152528723070374,1790295630417175034,28783201202622,28784892953655,1790295630182000000,1000,1
657,152528728606494,1790295630422711153,28783206202622,28784899751026,1790295630189000000,1000,1
658,152528739523410,1790295630433628009,28783211202622,28784905321211,1790295630195000000,1000,1
659,152528744546740,1790295630438651670,28783216202622,28784914836952,1790295630204000000,1000,1
660,152528750021734,1790295630444126374,28783221202622,28784920901433,1790295630210000000,1000,1
661,152528759716334,1790295630453820122,28783226202622,28784926652396,1790295630216000000,1000,1
662,152528767911374,1790295630462015142,28783231202622,28784936418544,1790295630226000000,1000,1
663,152528774839321,1790295630468943941,28783236202622,28784944389359,1790295630234000000,1000,1
664,152528782192925,1790295630476297544,28783241202622,28784950553026,1790295630240000000,1000,1
665,152528789856556,1790295630483960695,28783246202622,28784958892841,1790295630248000000,1000,1
666,152528808396036,1790295630502500746,28783251202622,28784965921100,1790295630255000000,1000,1
667,152528814668851,1790295630508773480,28783256202622,28784985121137,1790295630274000000,1000,1
668,152528822087450,1790295630516192119,28783261202622,28784991192618,1790295630281000000,1000,1
669,152528828894680,1790295630522999650,28783266202622,28784997589137,1790295630287000000,1000,1
670,152528836971875,1790295630531076515,28783271202622,28785005447507,1790295630295000000,1000,1
671,152528842707463,1790295630536812513,28783276202622,28785013626396,1790295630303000000,1000,1
672,152528852412865,1790295630546517505,28783281202622,28785019611952,1790295630309000000,1000,1
673,152528859510603,1790295630553615253,28783286202622,28785029022470,1790295630318000000,1000,1
674,152528865907473,1790295630560012082,28783291202622,28785036294248,1790295630326000000,1000,1
675,152528875189002,1790295630569294313,28783296202622,28785042581433,1790295630332000000,1000,1
676,152528881700702,1790295630575804410,28783301202622,28785051834100,1790295630341000000,1000,1
677,152528890417569,1790295630584520695,28783306202622,28785057849285,1790295630347000000,1000,1
678,152528897362479,1790295630591466257,28783311202622,28785065484803,1790295630355000000,1000,1
679,152528903946555,1790295630598051154,28783316202622,28785074137470,1790295630364000000,1000,1
680,152528910203580,1790295630604308199,28783321202622,28785080666655,1790295630370000000,1000,1
681,152528919475080,1790295630613580020,28783326202622,28785086842989,1790295630376000000,1000,1
682,152528925713890,1790295630619818530,28783331202622,28785096116063,1790295630385000000,1000,1
683,152528932830066,1790295630626934665,28783336202622,28785102302840,1790295630392000000,1000,1
684,152528941333611,1790295630635438190,28783341202622,28785109422544,1790295630399000000,1000,1
685,152528948625987,1790295630642730897,28783346202622,28785118070433,1790295630407000000,1000,1
686,152528955182461,1790295630649287130,28783351202622,28785124166137,1790295630414000000,1000,1
687,152528965253773,1790295630659358382,28783356202622,28785131058507,1790295630420000000,1000,1
688,152528970468505,1790295630664572283,28783361202622,28785140304433,1790295630430000000,1000,1
689,152528976262264,1790295630670367184,28783366202622,28785147126952,1790295630437000000,1000,1
690,152528987943189,1790295630682047899,28783371202622,28785152924359,1790295630442000000,1000,1
691,152528992909209,1790295630687012316,28783376202622,28785163756840,1790295630453000000,1000,1
692,152528999543581,1790295630693646697,28783381202622,28785169678729,1790295630459000000,1000,1
693,152529008646189,1790295630702751109,28783386202622,28785176536359,1790295630466000000,1000,1
694,152529014394740,1790295630708499380,28783391202622,28785185070655,1790295630474000000,1000,1
695,152529020485783,1790295630714590764,28783396202622,28785191000581,1790295630480000000,1000,1
696,152529029309313,1790295630723414233,28783401202622,28785197177655,1790295630487000000,1000,1
697,152529035163577,1790295630729268487,28783406202622,28785205977322,1790295630495000000,1000,1
698,152529042107717,1790295630736212667,28783411202622,28785211567544,1790295630501000000,1000,1
699,152529051667689,1790295630745772329,28783416202622,28785218687100,1790295630508000000,1000,1
700,152529057457159,1790295630751561798,28783421202622,28785228242507,1790295630518000000,1000,1
701,152529063845184,1790295630757949824,28783426202622,28785233858544,1790295630523000000,1000,1
702,152529073444543,1790295630767549203,28783431202622,28785240503989,1790295630530000000,1000,1
703,152529078641462,1790295630772746282,28783436202622,28785250034655,1790295630539000000,1000,1
704,152529087191184,1790295630781296094,28783441202622,28785255278692,1790295630545000000,1000,1
705,152529094845426,1790295630788950026,28783446202622,28785263146655,1790295630553000000,1000,1
706,152529100565727,1790295630794670366,28783451202622,28785271411100,1790295630561000000,1000,1
707,152529109393175,1790295630803497755,28783456202622,28785277324803,1790295630567000000,1000,1
708,152529117239431,1790295630811344070,28783461202622,28785285948285,1790295630575000000,1000,1
709,152529124237890,1790295630818342821,28783466202622,28785293891840,1790295630583000000,1000,1
710,152529132480279,1790295630826584918,28783471202622,28785300065433,1790295630589000000,1000,1
711,152529140281633,1790295630834386252,28783476202622,28785309054877,1790295630598000000,1000,1
712,152529145705139,1790295630839809859,28783481202622,28785316908359,1790295630606000000,1000,1
713,152529156326737,1790295630850431377,28783486202622,28785322296692,1790295630612000000,1000,1
714,152529161965401,1790295630856070140,28783491202622,28785332215803,1790295630622000000,1000,1
715,152529168725429,1790295630862830339,28783496202622,28785338629026,1790295630628000000,1000,1
716,152529178140992,1790295630872245621,28783501202622,28785345697988,1790295630635000000,1000,1
717,152529184460344,1790295630878565004,28783506202622,28785354617766,1790295630644000000,1000,1
718,152529190718712,1790295630884823622,28783511202622,28785361247470,1790295630651000000,1000,1
719,152529199277411,1790295630893382311,28783516202622,28785367001174,1790295630656000000,1000,1
720,152529206425135,1790295630900530065,28783521202622,28785375912248,1790295630665000000,1000,1
721,152529211860373,1790295630905964993,28783526202622,28785382499544,1790295630672000000,1000,1
722,152529224431022,1790295630918536062,28783531202622,28785388560544,1790295630678000000,1000,1
723,152529228656169,1790295630922760798,28783536202622,28785398598655,1790295630688000000,1000,1
724,152529235522691,1790295630929627331,28783541202622,28785405064581,1790295630694000000,1000,1
725,152529244484892,1790295630938589501,28783546202622,28785411595729,1790295630701000000,1000,1
726,152529250293489,1790295630944398099,28783551202622,28785421128248,1790295630711000000,1000,1
727,152529256787984,1790295630950892694,28783556202622,28785427466211,1790295630717000000,1000,1
728,152529267043399,1790295630961148038,28783561202622,28785433240803,1790295630723000000,1000,1
729,152529273800471,1790295630967905120,28783566202622,28785442318951,1790295630732000000,1000,1
730,152529278266182,1790295630972370691,28783571202622,28785449168285,1790295630739000000,1000,1
731,152529291999685,1790295630986137357,28783576202622,28785454915396,1790295630744000000,1000,1
732,152529293992521,1790295630988097130,28783581202622,28785464578285,1790295630754000000,1000,1
733,152529300384523,1790295630994489463,28783586202622,28785470362174,1790295630760000000,1000,1
734,152529309634142,1790295631003739122,28783591202622,28785476809285,1790295630766000000,1000,1
735,152529318288499,1790295631012393138,28783596202622,28785485950951,1790295630775000000,1000,1
736,152529323393882,1790295631017498491,28783601202622,28785494047803,1790295630783000000,1000,1
737,152529332168590,1790295631026273720,28783606202622,28785499835359,1790295630789000000,1000,1
738,152529338661321,1790295631032765961,28783611202622,28785508737914,1790295630798000000,1000,1
739,152529345308215,1790295631039413466,28783616202622,28785515114433,1790295630804000000,1000,1
740,152529354712597,1790295631048817236,28783621202622,28785521620988,1790295630811000000,1000,1
741,152529360838546,1790295631054943205,28783626202622,28785531075025,1790295630820000000,1000,1
742,152529367126330,1790295631061230990,28783631202622,28785537396692,1790295630827000000,1000,1
743,152529375720765,1790295631069825365,28783636202622,28785543664099,1790295630833000000,1000,1
744,152529384647041,1790295631078751670,28783641202622,28785552283099,1790295630842000000,1000,1
745,152529390114069,1790295631084218989,28783646202622,28785561211507,1790295630851000000,1000,1
746,152529395881899,1790295631089986629,28783651202622,28785566759470,1790295630856000000,1000,1
747,152529406594378,1790295631100699018,28783656202622,28785572379618,1790295630862000000,1000,1
748,152529411091819,1790295631105195547,28783661202622,28785581743470,1790295630871000000,1000,1
749,152529417746569,1790295631111849696,28783666202622,28785588109655,1790295630877000000,1000,1
750,152529428391140,1790295631122496060,28783671202622,28785595442618,1790295630885000000,1000,1
751,152529434224312,1790295631128329292,28783676202622,28785604408470,1790295630894000000,1000,1
752,152529441912351,1790295631136016961,28783681202622,28785610787840,1790295630900000000,1000,1
753,152529450388861,1790295631144493491,28783686202622,28785618416729,1790295630908000000,1000,1
754,152529457466734,1790295631151571644,28783691202622,28785626673951,1790295630916000000,1000,1
755,152529464617132,1790295631158721761,28783696202622,28785633581914,1790295630923000000,1000,1
756,152529472524826,1790295631166628644,28783701202622,28785641012359,1790295630930000000,1000,1
757,152529479105536,1790295631173210236,28783706202622,28785649028544,1790295630938000000,1000,1
758,152529490776509,1790295631184881529,28783711202622,28785655605766,1790295630945000000,1000,1
759,152529496238630,1790295631190343249,28783716202622,28785664282396,1790295630954000000,1000,1
760,152529501499359,1790295631195603989,28783721202622,28785671747766,1790295630961000000,1000,1
761,152529512825007,1790295631206929637,28783726202622,28785679848618,1790295630969000000,1000,1
762,152529520240861,1790295631214345571,28783731202622,28785689374062,1790295630979000000,1000,1
763,152529526601612,1790295631220706252,28783736202622,28785696906803,1790295630986000000,1000,1
764,152529535498883,1790295631229602601,28783741202622,28785702689803,1790295630992000000,1000,1
765,152529542196173,1790295631236300803,28783746202622,28785711830581,1790295631001000000,1000,1
766,152529548145035,1790295631242249665,28783751202622,28785718959173,1790295631008000000,1000,1
767,152529557216436,1790295631251321075,28783756202622,28785724762581,1790295631014000000,1000,1
768,152529563641008,1790295631257745928,28783761202622,28785734355359,1790295631024000000,1000,1
769,152529570729351,1790295631264833981,28783766202622,28785739586099,1790295631029000000,1000,1
770,152529580337948,1790295631274442577,28783771202622,28785747462766,1790295631037000000,1000,1
771,152529585779708,1790295631279884639,28783776202622,28785756803136,1790295631046000000,1000,1
772,152529593764498,1790295631287868306,28783781202622,28785762382692,1790295631052000000,1000,1
773,152529603467675,1790295631297572325,28783786202622,28785770366840,1790295631060000000,1000,1
774,152529609184426,1790295631303289346,28783791202622,28785779234099,1790295631069000000,1000,1
775,152529617422478,1790295631311527117,28783796202622,28785785348988,1790295631075000000,1000,1
776,152529626222230,1790295631320326880,28783801202622,28785793254914,1790295631083000000,1000,1
777,152529630931865,1790295631325036505,28783806202622,28785802150396,1790295631092000000,1000,1
778,152529641092376,1790295631335197015,28783811202622,28785807394766,1790295631097000000,1000,1
779,152529648086039,1790295631342190679,28783816202622,28785817855173,1790295631107000000,1000,1
780,152529656434867,1790295631350539517,28783821202622,28785824571692,1790295631114000000,1000,1
781,152529662978007,1790295631357082917,28783826202622,28785830739840,1790295631120000000,1000,1
782,152529673544361,1790295631367648990,28783831202622,28785839534322,1790295631129000000,1000,1
783,152529678365375,1790295631372470075,28783836202622,28785847517840,1790295631137000000,1000,1
784,152529686734281,1790295631380838911,28783841202622,28785854309951,1790295631144000000,1000,1
785,152529693853953,1790295631387958593,28783846202622,28785863124062,1790295631153000000,1000,1
786,152529702200226,1790295631396304836,28783851202622,28785870319322,1790295631160000000,1000,1
787,152529710441654,1790295631404546284,28783856202622,28785877179729,1790295631167000000,1000,1
788,152529716402127,1790295631410507048,28783861202622,28785886936877,1790295631176000000,1000,1
789,152529725533590,1790295631419638219,28783866202622,28785892945840,1790295631182000000,1000,1
790,152529732875874,1790295631426980534,28783871202622,28785902050062,1790295631191000000,1000,1
791,152529739938468,1790295631434043097,28783876202622,28785910115136,1790295631199000000,1000,1
792,152529748055546,1790295631442160176,28783881202622,28785916402951,1790295631206000000,1000,1
793,152529755739658,1790295631449844298,28783886202622,28785924705655,1790295631214000000,1000,1
794,152529761481809,1790295631455586709,28783891202622,28785931830655,1790295631221000000,1000,1
795,152529770513982,1790295631464618621,28783896202622,28785938144099,1790295631228000000,1000,1
796,152529776729330,1790295631470833960,28783901202622,28785947060284,1790295631236000000,1000,1
797,152529784845691,1790295631478950341,28783906202622,28785953350284,1790295631243000000,1000,1
798,152529794912314,1790295631489017043,28783911202622,28785961725544,1790295631251000000,1000,1
799,152529803741135,1790295631497846346,28783916202622,28785971382433,1790295631261000000,1000,1
800,152529827123431,1790295631521228071,28783921202622,28785997255470,1790295631287000000,1000,1
801,152529840517300,1790295631534621940,28783926202622,28786003649284,1790295631293000000,1000,1
802,152529843921702,1790295631538026562,28783931202622,28786014471396,1790295631304000000,1000,1
803,152529852387894,1790295631546492554,28783936202622,28786020453729,1790295631310000000,1000,1
804,152529862062456,1790295631556167096,28783941202622,28786028693655,1790295631318000000,1000,1
805,152529871199431,1790295631565304532,28783946202622,28786038716729,1790295631328000000,1000,1
806,152529878373283,1790295631572478203,28783951202622,28786046589840,1790295631336000000,1000,1
807,152529884688521,1790295631578793040,28783956202622,28786055007914,1790295631344000000,1000,1
808,152529891507822,1790295631585612772,28783961202622,28786061560766,1790295631351000000,1000,1
809,152529901723479,1790295631595828209,28783966202622,28786068167284,1790295631358000000,1000,1
810,152529906234667,1790295631600338455,28783971202622,28786076219544,1790295631366000000,1000,1
811,152529912411373,1790295631606515992,28783976202622,28786083025136,1790295631372000000,1000,1
812,152529920990358,1790295631615095288,28783981202622,28786088477766,1790295631378000000,1000,1
813,152529927350401,1790295631621455040,28783986202622,28786097464766,1790295631387000000,1000,1
814,152529934296361,1790295631628401000,28783991202622,28786104045210,1790295631393000000,1000,1
815,152529942645132,1790295631636749762,28783996202622,28786109866358,1790295631399000000,1000,1
816,152529948698832,1790295631642803481,28784001202622,28786119177321,1790295631409000000,1000,1
817,152529957328125,1790295631651432764,28784006202622,28786125379284,1790295631415000000,1000,1
818,152529965516299,1790295631659621229,28784011202622,28786133933247,1790295631423000000,1000,1
819,152529973857655,1790295631667962285,28784016202622,28786142134655,1790295631432000000,1000,1
820,152529984839093,1790295631678942911,28784021202622,28786150555877,1790295631440000000,1000,1
821,152529988147172,1790295631682250309,28784026202622,28786159380618,1790295631449000000,1000,1
822,152529994979428,1790295631689082555,28784031202622,28786165208136,1790295631455000000,1000,1
823,152530003960897,1790295631698064114,28784036202622,28786171267581,1790295631461000000,1000,1
824,152530010154512,1790295631704258310,28784041202622,28786180806136,1790295631470000000,1000,1
825,152530017735659,1790295631711840299,28784046202622,28786186831544,1790295631476000000,1000,1
826,152530025802122,1790295631719907082,28784051202622,28786193648544,1790295631483000000,1000,1
827,152530031097247,1790295631725201896,28784056202622,28786201735284,1790295631491000000,1000,1
828,152530038196921,1790295631732301561,28784061202622,28786207782506,1790295631497000000,1000,1
829,152530046272561,1790295631740377201,28784066202622,28786214768358,1790295631504000000,1000,1
830,152530052612565,1790295631746717204,28784071202622,28786222859618,1790295631512000000,1000,1
831,152530058081859,1790295631752186769,28784076202622,28786229279692,1790295631519000000,1000,1
832,152530068595980,1790295631762700619,28784081202622,28786234729692,1790295631524000000,1000,1
833,152530074269472,1790295631768374512,28784086202622,28786243742025,1790295631533000000,1000,1
834,152530079585775,1790295631773690565,28784091202622,28786250204099,1790295631540000000,1000,1
835,152530088121831,1790295631782226471,28784096202622,28786255475877,1790295631545000000,1000,1
836,152530094624100,1790295631788728730,28784101202622,28786264709581,1790295631554000000,1000,1
837,152530101796339,1790295631795900979,28784106202622,28786271289951,1790295631561000000,1000,1
838,152530114628547,1790295631808733427,28784111202622,28786278458692,1790295631568000000,1000,1
839,152530124255620,1790295631818360590,28784116202622,28786291176321,1790295631581000000,1000,1
840,152530132564683,1790295631826669322,28784121202622,28786301022914,1790295631590000000,1000,1
841,152530140759861,1790295631834864501,28784126202622,28786309245988,1790295631599000000,1000,1
842,152530146550495,1790295631840655205,28784131202622,28786317562358,1790295631607000000,1000,1
843,152530157355577,1790295631851460226,28784136202622,28786323235877,1790295631613000000,1000,1
844,152530162505536,1790295631856610176,28784141202622,28786333759766,1790295631623000000,1000,1
845,152530170490538,1790295631864595178,28784146202622,28786339175395,1790295631629000000,1000,1
846,152530179286574,1790295631873391213,28784151202622,28786347232877,1790295631637000000,1000,1
847,152530187740314,1790295631881844984,28784156202622,28786355725469,1790295631645000000,1000,1
848,152530194960166,1790295631889064806,28784161202622,28786364427210,1790295631654000000,1000,1
849,152530204695020,1790295631898800030,28784166202622,28786371307136,1790295631661000000,1000,1
850,152530213142585,1790295631907247305,28784171202622,28786381444766,1790295631671000000,1000,1
851,152530224946054,1790295631919050633,28784176202622,28786387853580,1790295631677000000,1000,1
852,152530227138758,1790295631921243488,28784181202622,28786398413803,1790295631688000000,1000,1
853,152530234922698,1790295631929027337,28784186202622,28786403784099,1790295631693000000,1000,1
854,152530244892819,1790295631938997459,28784191202622,28786411589025,1790295631701000000,1000,1
855,152530250221407,1790295631944326227,28784196202622,28786420995395,1790295631710000000,1000,1
856,152530258537653,1790295631952642403,28784201202622,28786427319025,1790295631717000000,1000,1
857,152530265857144,1790295631959961754,28784206202622,28786434751692,1790295631724000000,1000,1
858,152530275240015,1790295631969344654,28784211202622,28786442580692,1790295631732000000,1000,1
859,152530282338073,1790295631976442712,28784216202622,28786451023655,1790295631740000000,1000,1
860,152530291965104,1790295631986069734,28784221202622,28786459020173,1790295631748000000,1000,1
861,152530298852955,1790295631992957905,28784226202622,28786468631914,1790295631758000000,1000,1
862,152530308839008,1790295632002943638,28784231202622,28786475567210,1790295631765000000,1000,1
863,152530316572210,1790295632010677120,28784236202622,28786485439654,1790295631775000000,1000,1
864,152530326234639,1790295632020339278,28784241202622,28786490715803,1790295631780000000,1000,1
865,152530332698108,1790295632026802747,28784246202622,28786502651062,1790295631792000000,1000,1
866,152530343431714,1790295632037536353,28784251202622,28786509356395,1790295631799000000,1000,1
867,152530350671053,1790295632044775702,28784256202622,28786519176617,1790295631809000000,1000,1
868,152530359989939,1790295632054094578,28784261202622,28786527211840,1790295631817000000,1000,1
869,152530366791769,1790295632060896398,28784266202622,28786536583099,1790295631826000000,1000,1
870,152530376671520,1790295632070776239,28784271202622,28786543448469,1790295631833000000,1000,1
871,152530383138073,1790295632077242713,28784276202622,28786553407358,1790295631843000000,1000,1
872,152530392306748,1790295632086411387,28784281202622,28786558729988,1790295631848000000,1000,1
873,152530398738103,1790295632092842742,28784286202622,28786568155914,1790295631858000000,1000,1
874,152530406421802,1790295632100526442,28784291202622,28786575150840,1790295631865000000,1000,1
875,152530412347472,1790295632106451179,28784296202622,28786581857210,1790295631871000000,1000,1
876,152530421695896,1790295632115799033,28784301202622,28786589276358,1790295631879000000,1000,1
877,152530428145477,1790295632122248593,28784306202622,28786598477469,1790295631888000000,1000,1
878,152530436093717,1790295632130196854,28784311202622,28786603960099,1790295631893000000,1000,1
879,152530442753507,1790295632136856644,28784316202622,28786613005469,1790295631902000000,1000,1
880,152530449355978,1790295632143460898,28784321202622,28786619744395,1790295631909000000,1000,1
881,152530457193007,1790295632151297646,28784326202622,28786625066247,1790295631914000000,1000,1
882,152530464031583,1790295632158136323,28784331202622,28786633878284,1790295631923000000,1000,1
883,152530469833408,1790295632163938078,28784336202622,28786640203654,1790295631930000000,1000,1
884,152530478308028,1790295632172412678,28784341202622,28786646379099,1790295631936000000,1000,1
885,152530488479059,1790295632182583668,28784346202622,28786654922358,1790295631944000000,1000,1
886,152530494500259,1790295632188604899,28784351202622,28786665154914,1790295631955000000,1000,1
887,152530505217114,1790295632199321743,28784356202622,28786670426025,1790295631960000000,1000,1
888,152530510531074,1790295632204635704,28784361202622,28786681862654,1790295631971000000,1000,1
889,152530516764898,1790295632210869497,28784366202622,28786687178988,1790295631977000000,1000,1
890,152530527627079,1790295632221730887,28784371202622,28786695053543,1790295631984000000,1000,1
891,152530533295581,1790295632227400541,28784376202622,28786704277728,1790295631994000000,1000,1
892,152530544379962,1790295632238484601,28784381202622,28786711251062,1790295632001000000,1000,1
893,152530552054182,1790295632246159623,28784386202622,28786721021432,1790295632010000000,1000,1
894,152530560391772,1790295632254496482,28784391202622,28786728624580,1790295632018000000,1000,1
895,152530571244878,1790295632265349828,28784396202622,28786737278173,1790295632027000000,1000,1
896,152530578171492,1790295632272275631,28784401202622,28786747934580,1790295632037000000,1000,1
897,152530589657156,1790295632283760944,28784406202622,28786754624914,1790295632044000000,1000,1
898,152530595534161,1790295632289638780,28784411202622,28786766378210,1790295632056000000,1000,1
899,152530606692736,1790295632300796604,28784416202622,28786772193099,1790295632062000000,1000,1
900,152530613979774,1790295632308084414,28784421202622,28786783377173,1790295632073000000,1000,1
901,152530625118372,1790295632319223322,28784426202622,28786790622914,1790295632080000000,1000,1
902,152530632999695,1790295632327104334,28784431202622,28786800712877,1790295632090000000,1000,1
903,152530642232361,1790295632336337050,28784436202622,28786809100210,1790295632098000000,1000,1
904,152530652477724,1790295632346582393,28784441202622,28786818195025,1790295632108000000,1000,1
905,152530660553136,1790295632354657796,28784446202622,28786828709432,1790295632118000000,1000,1
906,152530670266850,1790295632364371510,28784451202622,28786837223284,1790295632127000000,1000,1
907,152530678658533,1790295632372763644,28784456202622,28786846266506,1790295632136000000,1000,1
908,152530686290837,1790295632380395456,28784461202622,28786855482728,1790295632145000000,1000,1
909,152530696899807,1790295632391004447,28784466202622,28786862405914,1790295632152000000,1000,1
910,152530703526285,1790295632397630914,28784471202622,28786873453358,1790295632163000000,1000,1
911,152530711540982,1790295632405644800,28784476202622,28786880238395,1790295632170000000,1000,1
912,152530719536110,1790295632413640740,28784481202622,28786887180099,1790295632177000000,1000,1
913,152530727680244,1790295632421784052,28784486202622,28786896160099,1790295632186000000,1000,1
914,152530733550608,1790295632427655308,28784491202622,28786904206173,1790295632194000000,1000,1
915,152530743929573,1790295632438034493,28784496202622,28786910382395,1790295632200000000,1000,1
916,152530750003010,1790295632444107649,28784501202622,28786920628025,1790295632210000000,1000,1
917,152530759684076,1790295632453788686,28784506202622,28786926800062,1790295632216000000,1000,1
918,152530767179260,1790295632461283909,28784511202622,28786936439839,1790295632226000000,1000,1
919,152530775441425,1790295632469546425,28784516202622,28786943797284,1790295632233000000,1000,1
920,152530783284838,1790295632477389478,28784521202622,28786951166802,1790295632241000000,1000,1
921,152530792459261,1790295632486563900,28784526202622,28786960252988,1790295632250000000,1000,1
922,152530798302574,1790295632492407204,28784531202622,28786968846210,1790295632258000000,1000,1
923,152530808819061,1790295632502923690,28784536202622,28786974933765,1790295632264000000,1000,1
924,152530814697699,1790295632508802328,28784541202622,28786984883691,1790295632274000000,1000,1
925,152530837601082,1790295632531705722,28784546202622,28786991102358,1790295632280000000,1000,1
926,152530837644164,1790295632531747110,28784551202622,28786999836950,1790295632289000000,1000,1
927,152530841555885,1790295632535660515,28784556202622,28787007445802,1790295632297000000,1000,1
928,152530847687863,1790295632541792793,28784561202622,28787015427913,1790295632305000000,1000,1
929,152530854066027,1790295632548170937,28784566202622,28787024472839,1790295632314000000,1000,1
930,152530860247772,1790295632554352412,28784571202622,28787030070210,1790295632319000000,1000,1
931,152530868635584,1790295632562740344,28784576202622,28787036821062,1790295632326000000,1000,1
932,152530875411594,1790295632569516134,28784581202622,28787045117358,1790295632334000000,1000,1
933,152530881781634,1790295632575886394,28784586202622,28787051943617,1790295632341000000,1000,1
934,152530893771753,1790295632587876694,28784591202622,28787058541506,1790295632348000000,1000,1
935,152530896852100,1790295632590955888,28784596202622,28787067337173,1790295632357000000,1000,1
936,152530903987302,1790295632598091090,28784601202622,28787073599617,1790295632363000000,1000,1
937,152530912404471,1790295632606509161,28784606202622,28787080763876,1790295632370000000,1000,1
938,152530921267874,1790295632615372564,28784611202622,28787089085173,1790295632378000000,1000,1
939,152530925607838,1790295632619712779,28784616202622,28787096122617,1790295632386000000,1000,1
940,152530934772536,1790295632628877156,28784621202622,28787102866876,1790295632392000000,1000,1
941,152530942550983,1790295632636655673,28784626202622,28787111217876,1790295632401000000,1000,1
942,152530948928777,1790295632643033487,28784631202622,28787119113765,1790295632408000000,1000,1
943,152530957462379,1790295632651567018,28784636202622,28787125649691,1790295632415000000,1000,1
944,152530964858402,1790295632658963031,28784641202622,28787134458543,1790295632424000000,1000,1
945,152530972562608,1790295632666667238,28784646202622,28787141432358,1790295632431000000,1000,1
946,152530982623433,1790295632676727502,28784651202622,28787149286506,1790295632439000000,1000,1
947,152530990577225,1790295632684682256,28784656202622,28787159530284,1790295632449000000,1000,1
948,152530999936458,1790295632694041087,28784661202622,28787167427506,1790295632457000000,1000,1
949,152531009331491,1790295632703436020,28784666202622,28787176393247,1790295632466000000,1000,1
950,152531014931163,1790295632709035892,28784671202622,28787186033839,1790295632475000000,1000,1
951,152531026077363,1790295632720181191,28784676202622,28787191758543,1790295632481000000,1000,1
952,152531032390677,1790295632726495317,28784681202622,28787203799987,1790295632493000000,1000,1
953,152531042955345,1790295632737059143,28784686202622,28787209170654,1790295632499000000,1000,1
954,152531050178573,1790295632744283293,28784691202622,28787218405913,1790295632508000000,1000,1
955,152531056149387,1790295632750254026,28784696202622,28787226756395,1790295632516000000,1000,1
956,152531064254875,1790295632758359595,28784701202622,28787232712839,1790295632522000000,1000,1
957,152531074390882,1790295632768494680,28784706202622,28787240819469,1790295632530000000,1000,1
958,152531078479309,1790295632772583528,28784711202622,28787249610395,1790295632539000000,1000,1
959,152531088468388,1790295632782573188,28784716202622,28787255201543,1790295632545000000,1000,1
960,152531094726715,1790295632788831435,28784721202622,28787264707876,1790295632554000000,1000,1
961,152531100395458,1790295632794500097,28784726202622,28787271471839,1790295632561000000,1000,1
962,152531110393254,1790295632804497804,28784731202622,28787277259506,1790295632567000000,1000,1
963,152531115776804,1790295632809880602,28784736202622,28787287195247,1790295632577000000,1000,1
964,152531123943247,1790295632818047926,28784741202622,28787292551728,1790295632582000000,1000,1
965,152531135893029,1790295632829997939,28784746202622,28787300619691,1790295632590000000,1000,1
966,152531140037313,1790295632834141922,28784751202622,28787309505839,1790295632599000000,1000,1
967,152531146291134,1790295632840395754,28784756202622,28787315407284,1790295632605000000,1000,1
968,152531158233951,1790295632852338601,28784761202622,28787322849543,1790295632612000000,1000,1
969,152531161228025,1790295632855332655,28784766202622,28787331539913,1790295632621000000,1000,1
970,152531169959322,1790295632864064011,28784771202622,28787337729913,1790295632627000000,1000,1
971,152531177402675,1790295632871507294,28784776202622,28787346774135,1790295632636000000,1000,1
972,152531182941209,1790295632877045017,28784781202622,28787354254654,1790295632644000000,1000,1
973,152531192851168,1790295632886956078,28784786202622,28787359633765,1790295632649000000,1000,1
974,152531198761108,1790295632892865737,28784791202622,28787369503098,1790295632659000000,1000,1
975,152531205132449,1790295632899237079,28784796202622,28787375386987,1790295632665000000,1000,1
976,152531214551768,1790295632908656437,28784801202622,28787381764580,1790295632671000000,1000,1
977,152531221622735,1790295632915727494,28784806202622,28787391001506,1790295632680000000,1000,1
978,152531226796770,1790295632920901389,28784811202622,28787398006247,1790295632687000000,1000,1
979,152531237376136,1790295632931480766,28784816202622,28787403475061,1790295632693000000,1000,1
980,152531242908110,1790295632937012539,28784821202622,28787412901987,1790295632702000000,1000,1
981,152531249023860,1790295632943128810,28784826202622,28787419671024,1790295632709000000,1000,1
982,152531259977245,1790295632954081925,28784831202622,28787425589506,1790295632715000000,1000,1
983,152531264640781,1790295632958745401,28784836202622,28787434938839,1790295632724000000,1000,1
984,152531272923047,1790295632967027786,28784841202622,28787441241839,1790295632731000000,1000,1
985,152531281835544,1790295632975940174,28784846202622,28787449786135,1790295632739000000,1000,1
986,152531288582711,1790295632982687360,28784851202622,28787458471543,1790295632748000000,1000,1
987,152531295503052,1790295632989607982,28784856202622,28787465191098,1790295632755000000,1000,1
988,152531304489883,1790295632998594532,28784861202622,28787472097728,1790295632761000000,1000,1
989,152531310276067,1790295633004380746,28784866202622,28787480657543,1790295632770000000,1000,1
990,152531316395652,1790295633010499500,28784871202622,28787486888950,1790295632776000000,1000,1
991,152531325626233,1790295633019730422,28784876202622,28787493303913,1790295632783000000,1000,1
992,152531332222672,1790295633026326540,28784881202622,28787502353839,1790295632792000000,1000,1
993,152531340794556,1790295633034899486,28784886202622,28787508927691,1790295632798000000,1000,1
994,152531348905073,1790295633043009702,28784891202622,28787516584283,1790295632806000000,1000,1
995,152531356583364,1790295633050688003,28784896202622,28787525415358,1790295632815000000,1000,1
996,152531367616137,1790295633061720776,28784901202622,28787532596135,1790295632822000000,1000,1
997,152531377536156,1790295633071641326,28784906202622,28787539121617,1790295632828000000,1000,1
998,152531387360984,1790295633081465594,28784911202622,28787552065024,1790295632841000000,1000,1
999,152531393622878,1790295633087727518,28784916202622,28787562943432,1790295632852000000,1000,1
1000,152531419675494,1790295633113780133,28784921202622,28787590392617,1790295632880000000,1000,1
1001,152531427174034,1790295633121277241,28784926202622,28787595819469,1790295632885000000,1000,1
1002,152531434236837,1790295633128340134,28784931202622,28787603869987,1790295632893000000,1000,1
1003,152531443230869,1790295633137334066,28784936202622,28787611030506,1790295632900000000,1000,1
1004,152531448261892,1790295633142366531,28784941202622,28787616824506,1790295632906000000,1000,1
1005,152531456686786,1790295633150791545,28784946202622,28787624989617,1790295632914000000,1000,1
1006,152531461518982,1790295633155623852,28784951202622,28787632431802,1790295632922000000,1000,1
1007,152531470783006,1790295633164887966,28784956202622,28787638036098,1790295632927000000,1000,1
1008,152531476979597,1790295633171084537,28784961202622,28787646580024,1790295632936000000,1000,1
1009,152531482161366,1790295633176265565,28784966202622,28787653142765,1790295632943000000,1000,1
1010,152531491830018,1790295633185934637,28784971202622,28787659050765,1790295632948000000,1000,1
1011,152531497215493,1790295633191320122,28784976202622,28787668218802,1790295632958000000,1000,1
1012,152531503183872,1790295633197288832,28784981202622,28787673822024,1790295632963000000,1000,1
1013,152531511599378,1790295633205703968,28784986202622,28787679688654,1790295632969000000,1000,1
1014,152531518005036,1790295633212108824,28784991202622,28787688283506,1790295632978000000,1000,1
1015,152531524054029,1790295633218158638,28784996202622,28787694783506,1790295632984000000,1000,1
1016,152531531334865,1790295633225438903,28785001202622,28787700709765,1790295632990000000,1000,1
1017,152531545519923,1790295633239624553,28785006202622,28787708245024,1790295632998000000,1000,1
1018,152531546557930,1790295633240662540,28785011202622,28787716945580,1790295633006000000,1000,1
1019,152531559766907,1790295633253871837,28785016202622,28787722780691,1790295633012000000,1000,1
1020,152531561926169,1790295633256031079,28785021202622,28787733295098,1790295633023000000,1000,1
1021,152531568706789,1790295633262811499,28785026202622,28787738599320,1790295633028000000,1000,1
1022,152531578717188,1790295633272821848,28785031202622,28787745173691,1790295633035000000,1000,1
1023,152531584341966,1790295633278446585,28785036202622,28787755465913,1790295633045000000,1000,1
1024,152531591753401,1790295633285858101,28785041202622,28787760890209,1790295633050000000,1000,1
1025,152531599570792,1790295633293675412,28785046202622,28787768302431,1790295633058000000,1000,1
1026,152531608109975,1790295633302214584,28785051202622,28787776265728,1790295633066000000,1000,1
1027,152531613761935,1790295633307866554,28785056202622,28787784451728,1790295633074000000,1000,1
1028,152531625630291,1790295633319735331,28785061202622,28787790730913,1790295633080000000,1000,1
1029,152531630087728,1790295633324192378,28785066202622,28787801245617,1790295633091000000,1000,1
1030,152531638625147,1790295633332729747,28785071202622,28787806600728,1790295633096000000,1000,1
1031,152531646963697,1790295633341068607,28785076202622,28787815262580,1790295633105000000,1000,1
1032,152531652365324,1790295633346469983,28785081202622,28787823480876,1790295633113000000,1000,1
1033,152531660493043,1790295633354597683,28785086202622,28787830189394,1790295633120000000,1000,1
1034,152531670194498,1790295633364299127,28785091202622,28787837051691,1790295633126000000,1000,1
1035,152531675902473,1790295633370007413,28785096202622,28787845429728,1790295633135000000,1000,1
1036,152531682526423,1790295633376631443,28785101202622,28787852410987,1790295633142000000,1000,1
1037,152531693014037,1790295633387119158,28785106202622,28787859204543,1790295633149000000,1000,1
1038,152531698236392,1790295633392341031,28785111202622,28787869485506,1790295633159000000,1000,1
1039,152531710766446,1790295633404871075,28785116202622,28787874811024,1790295633164000000,1000,1
1040,152531715082434,1790295633409187143,28785121202622,28787885972246,1790295633175000000,1000,1
1041,152531725305737,1790295633419410367,28785126202622,28787891735394,1790295633181000000,1000,1
1042,152531733174746,1790295633427278544,28785131202622,28787901314320,1790295633191000000,1000,1
1043,152531742081364,1790295633436186043,28785136202622,28787909568172,1790295633199000000,1000,1
1044,152531749894418,1790295633443999038,28785141202622,28787917377357,1790295633207000000,1000,1
1045,152531757483927,1790295633451588557,28785146202622,28787924265024,1790295633214000000,1000,1
1046,152531763207334,1790295633457312033,28785151202622,28787933299802,1790295633223000000,1000,1
1047,152531776595963,1790295633470700883,28785156202622,28787939658468,1790295633229000000,1000,1
1048,152531779455191,1790295633473560031,28785161202622,28787948639654,1790295633238000000,1000,1
1049,152531785050294,1790295633479153851,28785166202622,28787956204839,1790295633246000000,1000,1
1050,152531796548862,1790295633490653581,28785171202622,28787961837172,1790295633251000000,1000,1
1051,152531802628982,1790295633496732770,28785176202622,28787972948024,1790295633262000000,1000,1
1052,152531809704360,1790295633503808478,28785181202622,28787979385802,1790295633269000000,1000,1
1053,152531817532833,1790295633511636641,28785186202622,28787985654802,1790295633275000000,1000,1
1054,152531825698307,1790295633519803227,28785191202622,28787994116468,1790295633283000000,1000,1
1055,152531831503787,1790295633525608406,28785196202622,28788002089728,1790295633291000000,1000,1
1056,152531841275771,1790295633535380461,28785201202622,28788007815765,1790295633297000000,1000,1
1057,152531846624227,1790295633540729668,28785206202622,28788017751765,1790295633307000000,1000,1
1058,152531853559347,1790295633547664277,28785211202622,28788023074246,1790295633312000000,1000,1
1059,152531863817907,1790295633557922517,28785216202622,28788031122061,1790295633321000000,1000,1
1060,152531869161922,1790295633563266652,28785221202622,28788040248802,1790295633330000000,1000,1
1061,152531878600817,1790295633572705497,28785226202622,28788045587802,1790295633335000000,1000,1
1062,152531889739125,1790295633583842993,28785231202622,28788054938246,1790295633344000000,1000,1
1063,152531895639134,1790295633589742351,28785236202622,28788066143987,1790295633356000000,1000,1
1064,152531906225174,1790295633600328390,28785241202622,28788072256024,1790295633362000000,1000,1
1065,152531912304032,1790295633606408651,28785246202622,28788082673394,1790295633372000000,1000,1
1066,152531918100186,1790295633612204785,28785251202622,28788088352839,1790295633378000000,1000,1
1067,152531927467453,1790295633621572033,28785256202622,28788094016024,1790295633383000000,1000,1
1068,152531932697034,1790295633626801663,28785261202622,28788104092876,1790295633393000000,1000,1
1069,152531941686599,1790295633635791489,28785266202622,28788109363765,1790295633399000000,1000,1
1070,152531949300314,1790295633643405024,28785271202622,28788117803394,1790295633407000000,1000,1
1071,152531956290130,1790295633650394760,28785276202622,28788125932320,1790295633415000000,1000,1
1072,152531964176394,1790295633658281053,28785281202622,28788132896505,1790295633422000000,1000,1
1073,152531973045702,1790295633667150371,28785286202622,28788140261394,1790295633430000000,1000,1
1074,152531977840616,1790295633671945727,28785291202622,28788149369950,1790295633439000000,1000,1
1075,152531985861606,1790295633679965424,28785296202622,28788154691061,1790295633444000000,1000,1
1076,152531993593957,1790295633687697745,28785301202622,28788162498950,1790295633452000000,1000,1
1077,152531999455103,1790295633693559703,28785306202622,28788170577172,1790295633460000000,1000,1
1078,152532009616387,1790295633703721077,28785311202622,28788176157691,1790295633466000000,1000,1
1079,152532015083236,1790295633709188236,28785316202622,28788186206394,1790295633476000000,1000,1
1080,152532027868473,1790295633721973393,28785321202622,28788191713653,1790295633481000000,1000,1
1081,152532031524571,1790295633725628369,28785326202622,28788199397061,1790295633489000000,1000,1
1082,152532038451015,1790295633732555694,28785331202622,28788207943616,1790295633497000000,1000,1
1083,152532045349788,1790295633739454709,28785336202622,28788215046690,1790295633504000000,1000,1
1084,152532056529109,1790295633750633729,28785341202622,28788221968728,1790295633511000000,1000,1
1085,152532060359979,1790295633754464619,28785346202622,28788231627690,1790295633521000000,1000,1
1086,152532067743810,1790295633761848600,28785351202622,28788236922172,1790295633526000000,1000,1
1087,152532076808138,1790295633770912767,28785356202622,28788244300987,1790295633534000000,1000,1
1088,152532082013080,1790295633776117769,28785361202622,28788253387913,1790295633543000000,1000,1
1089,152532091669960,1790295633785774660,28785366202622,28788258862950,1790295633548000000,1000,1
1090,152532098848905,1790295633792953504,28785371202622,28788268339802,1790295633558000000,1000,1
1091,152532105337548,1790295633799442468,28785376202622,28788275346802,1790295633565000000,1000,1
1092,152532114211722,1790295633808316451,28785381202622,28788281989505,1790295633571000000,1000,1
1093,152532124280863,1790295633818385503,28785386202622,28788291052727,1790295633580000000,1000,1
1094,152532130150736,1790295633824254564,28785391202622,28788300297950,1790295633590000000,1000,1
1095,152532141481277,1790295633835585917,28785396202622,28788306829616,1790295633596000000,1000,1
1096,152532146889534,1790295633840994424,28785401202622,28788318170283,1790295633608000000,1000,1
1097,152532158660846,1790295633852765526,28785406202622,28788323418802,1790295633613000000,1000,1
1098,152532164591265,1790295633858696185,28785411202622,28788333851468,1790295633623000000,1000,1
1099,152532170992706,1790295633865097616,28785416202622,28788340403246,1790295633630000000,1000,1
1100,152532180667988,1790295633874772708,28785421202622,28788347304320,1790295633637000000,1000,1
1101,152532187630964,1790295633881735974,28785426202622,28788357472098,1790295633647000000,1000,1
1102,152532194375976,1790295633888480515,28785431202622,28788365604727,1790295633655000000,1000,1
1103,152532204386161,1790295633898491162,28785436202622,28788370985468,1790295633660000000,1000,1
1104,152532211710939,1790295633905815579,28785441202622,28788380981839,1790295633670000000,1000,1
1105,152532218013052,1790295633912117682,28785446202622,28788388360505,1790295633678000000,1000,1
1106,152532226480448,1790295633920585107,28785451202622,28788394704579,1790295633684000000,1000,1
1107,152532232086451,1790295633926191200,28785456202622,28788403086024,1790295633692000000,1000,1
1108,152532238757561,1790295633932862221,28785461202622,28788408730098,1790295633698000000,1000,1
1109,152532247284178,1790295633941388787,28785466202622,28788415325950,1790295633705000000,1000,1
1110,152532255575018,1790295633949679717,28785471202622,28788423900579,1790295633713000000,1000,1
1111,152532261357366,1790295633955462246,28785476202622,28788431369876,1790295633721000000,1000,1
1112,152532268853628,1790295633962958649,28785481202622,28788436973061,1790295633726000000,1000,1
1113,152532277621089,1790295633971725849,28785486202622,28788445315061,1790295633735000000,1000,1
1114,152532283017917,1790295633977122637,28785491202622,28788454106876,1790295633743000000,1000,1
1115,152532292398203,1790295633986502833,28785496202622,28788459689468,1790295633749000000,1000,1
1116,152532297850563,1790295633991955203,28785501202622,28788468870616,1790295633758000000,1000,1
1117,152532305530598,1790295633999635227,28785506202622,28788474576431,1790295633764000000,1000,1
1118,152532310997307,1790295634005101947,28785511202622,28788480705394,1790295633770000000,1000,1
1119,152532316885604,1790295634010990243,28785516202622,28788487667283,1790295633777000000,1000,1
1120,152532322790724,1790295634016895384,28785521202622,28788493532394,1790295633783000000,1000,1
1121,152532327075282,1790295634021179961,28785526202622,28788498263098,1790295633788000000,1000,1
1122,152532331677591,1790295634025782231,28785531202622,28788502358653,1790295633792000000,1000,1
1123,152532339557714,1790295634033661521,28785536202622,28788508649764,1790295633798000000,1000,1
1124,152532343764123,1790295634037868923,28785541202622,28788515967690,1790295633805000000,1000,1
1125,152532347664212,1790295634041768992,28785546202622,28788520341950,1790295633810000000,1000,1
1126,152532354888933,1790295634048993593,28785551202622,28788524308505,1790295633814000000,1000,1
1127,152532363853720,1790295634057958420,28785556202622,28788531141950,1790295633821000000,1000,1
1128,152532364778442,1790295634058881649,28785561202622,28788537631283,1790295633827000000,1000,1
1129,152532369967895,1790295634064072484,28785566202622,28788541524950,1790295633831000000,1000,1
1130,152532375647206,1790295634069751004,28785571202622,28788546345616,1790295633836000000,1000,1
1131,152532381779827,1790295634075883876,28785576202622,28788552250320,1790295633842000000,1000,1
1132,152532385857704,1790295634079961502,28785581202622,28788558404875,1790295633848000000,1000,1
1133,152532393035775,1790295634087140395,28785586202622,28788562474061,1790295633852000000,1000,1
1134,152532398540968,1790295634092644766,28785591202622,28788569335875,1790295633859000000,1000,1
1135,152532405040133,1790295634099144792,28785596202622,28788575124838,1790295633865000000,1000,1
1136,152532411608408,1790295634105713028,28785601202622,28788581526875,1790295633871000000,1000,1
1137,152532416247069,1790295634110350997,28785606202622,28788588179246,1790295633878000000,1000,1
1138,152532426730453,1790295634120835122,28785611202622,28788593176838,1790295633883000000,1000,1
1139,152532430762702,1790295634124867372,28785616202622,28788603291209,1790295633893000000,1000,1
1140,152532435666485,1790295634129771305,28785621202622,28788607124505,1790295633897000000,1000,1
1141,152532446252867,1790295634140357497,28785626202622,28788612232283,1790295633902000000,1000,1
1142,152532450020415,1790295634144125075,28785631202622,28788622788283,1790295633912000000,1000,1
1143,152532455680349,1790295634149784998,28785636202622,28788626647135,1790295633916000000,1000,1
1144,152532462330599,1790295634156435218,28785641202622,28788632362024,1790295633922000000,1000,1
1145,152532468211233,1790295634162315862,28785646202622,28788638826949,1790295633928000000,1000,1
1146,152532473927405,1790295634168032045,28785651202622,28788644754838,1790295633934000000,1000,1
1147,152532479421556,1790295634173526276,28785656202622,28788650501987,1790295633940000000,1000,1
1148,152532486872586,1790295634180977245,28785661202622,28788655828283,1790295633945000000,1000,1
1149,152532493285086,1790295634187389996,28785666202622,28788663232616,1790295633953000000,1000,1
1150,152532496826998,1790295634190932078,28785671202622,28788669473209,1790295633959000000,1000,1
1151,152532502865380,1790295634196969989,28785676202622,28788673225727,1790295633963000000,1000,1
1152,152532510093325,1790295634204198045,28785681202622,28788679389579,1790295633969000000,1000,1
1153,152532514047578,1790295634208151416,28785686202622,28788686448653,1790295633976000000,1000,1
1154,152532518899812,1790295634213004592,28785691202622,28788690765949,1790295633980000000,1000,1
1155,152532526871777,1790295634220976417,28785696202622,28788694592616,1790295633984000000,1000,1
1156,152532533205891,1790295634227310360,28785701202622,28788703347542,1790295633993000000,1000,1
1157,152532538145051,1790295634232248859,28785706202622,28788709066875,1790295633998000000,1000,1
1158,152532542468443,1790295634236573072,28785711202622,28788714890912,1790295634004000000,1000,1
1159,152532548454815,1790295634242559434,28785716202622,28788719096912,1790295634008000000,1000,1
1160,152532584518461,1790295634278623091,28785721202622,28788725040320,1790295634014000000,1000,1
1161,152532590033381,1790295634284137179,28785726202622,28788761031801,1790295634050000000,1000,1
1162,152532593545276,1790295634287650086,28785731202622,28788765717246,1790295634055000000,1000,1
1163,152532598203962,1790295634292307800,28785736202622,28788770160875,1790295634060000000,1000,1
1164,152532603982330,1790295634298087030,28785741202622,28788773991912,1790295634063000000,1000,1
1165,152532609408914,1790295634303513834,28785746202622,28788780462098,1790295634070000000,1000,1
1166,152532613316297,1790295634307420015,28785751202622,28788785973542,1790295634075000000,1000,1
1167,152532617199294,1790295634311303092,28785756202622,28788790041764,1790295634079000000,1000,1
1168,152532622691622,1790295634316795429,28785761202622,28788793842542,1790295634083000000,1000,1
1169,152532629266290,1790295634323370098,28785766202622,28788799409801,1790295634089000000,1000,1
1170,152532634689746,1790295634328793544,28785771202622,28788805850838,1790295634095000000,1000,1
1171,152532641063623,1790295634335168263,28785776202622,28788810674986,1790295634100000000,1000,1
1172,152532644269779,1790295634338374389,28785781202622,28788816274838,1790295634106000000,1000,1
1173,152532650322747,1790295634344427467,28785786202622,28788820822986,1790295634110000000,1000,1
1174,152532658151774,1790295634352256333,28785791202622,28788826905209,1790295634116000000,1000,1
1175,152532661741396,1790295634355845194,28785796202622,28788834476653,1790295634124000000,1000,1
1176,152532666544518,1790295634360648326,28785801202622,28788838443542,1790295634128000000,1000,1
1177,152532673013556,1790295634367117354,28785806202622,28788843201838,1790295634133000000,1000,1
1178,152532677772082,1790295634371875890,28785811202622,28788849665616,1790295634139000000,1000,1
1179,152532681889395,1790295634375994024,28785816202622,28788854357653,1790295634144000000,1000,1
1180,152532687234863,1790295634381339502,28785821202622,28788858455838,1790295634148000000,1000,1
1181,152532693497087,1790295634387601707,28785826202622,28788863757394,1790295634153000000,1000,1
1182,152532698003437,1790295634392108137,28785831202622,28788870088690,1790295634159000000,1000,1
1183,152532702015580,1790295634396120220,28785836202622,28788874557542,1790295634164000000,1000,1
1184,152532707585706,1790295634401690616,28785841202622,28788878491764,1790295634168000000,1000,1
1185,152532714581891,1790295634408686521,28785846202622,28788884046209,1790295634173000000,1000,1
1186,152532716209666,1790295634410314256,28785851202622,28788890458246,1790295634180000000,1000,1
1187,152532717493108,1790295634411598048,28785856202622,28788892817060,1790295634182000000,1000,1
1188,152532720302653,1790295634414407633,28785861202622,28788894159357,1790295634184000000,1000,1
1189,152532720345113,1790295634414448039,28785866202622,28788895641949,1790295634185000000,1000,1
1190,152532722589937,1790295634416693745,28785871202622,28788897062357,1790295634186000000,1000,1
1191,152532723588570,1790295634417692408,28785876202622,28788898393764,1790295634188000000,1000,1
1192,152532726299496,1790295634420404216,28785881202622,28788900150431,1790295634190000000,1000,1
1193,152532728366613,1790295634422470441,28785886202622,28788901659838,1790295634191000000,1000,1
1194,152532730365080,1790295634424469279,28785891202622,28788905293246,1790295634195000000,1000,1
1195,152532732255242,1790295634426359040,28785896202622,28788907115579,1790295634196000000,1000,1
1196,152532733974239,1790295634428078377,28785901202622,28788909071209,1790295634198000000,1000,1
1197,152532737648641,1790295634431752519,28785906202622,28788910883875,1790295634200000000,1000,1
1198,152532739610669,1790295634433714467,28785911202622,28788913356505,1790295634203000000,1000,1
1199,152532743595581,1790295634437700531,28785916202622,28788916348542,1790295634206000000,1000,1
1200,152532774335106,1790295634468440087,28785921202622,28788943381209,1790295634233000000,1000,1
1201,152532774377176,1790295634468480112,28785926202622,28788944890875,1790295634234000000,1000,1
1202,152532774386444,1790295634468489320,28785931202622,28788948754653,1790295634238000000,1000,1
1203,152532776161858,1790295634470266518,28785936202622,28788950753060,1790295634240000000,1000,1
1204,152532776869349,1790295634470974309,28785941202622,28788952734801,1790295634242000000,1000,1
1205,152532778369612,1790295634472474242,28785946202622,28788953500023,1790295634243000000,1000,1
1206,152532778950623,1790295634473055323,28785951202622,28788954888468,1790295634244000000,1000,1
1207,152532779412228,1790295634473515355,28785956202622,28788955586542,1790295634245000000,1000,1
1208,152532780033495,1790295634474136632,28785961202622,28788956370875,1790295634246000000,1000,1
1209,152532780663579,1790295634474767307,28785966202622,28788956988949,1790295634246000000,1000,1
1210,152532781620823,1790295634475724631,28785971202622,28788957475060,1790295634247000000,1000,1
1211,152532782433083,1790295634476536821,28785976202622,28788958281727,1790295634248000000,1000,1
1212,152532783266963,1790295634477370761,28785981202622,28788959011209,1790295634248000000,1000,1
1213,152532783291690,1790295634477394636,28785986202622,28788959560838,1790295634249000000,1000,1
1214,152532783863493,1790295634477967291,28785991202622,28788960120579,1790295634249000000,1000,1
1215,152532784023787,1790295634478126914,28785996202622,28788960626394,1790295634250000000,1000,1
1216,152532786503155,1790295634480608075,28786001202622,28788961109134,1790295634250000000,1000,1
1217,152532788269722,1790295634482373500,28786006202622,28788963095097,1790295634252000000,1000,1
1218,152532789310945,1790295634483414743,28786011202622,28788965156246,1790295634255000000,1000,1
1219,152532789811113,1790295634483914901,28786016202622,28788965937838,1790295634255000000,1000,1
1220,152532790576123,1790295634484679920,28786021202622,28788966589579,1790295634256000000,1000,1
1221,152532791424570,1790295634485528368,28786026202622,28788967175764,1790295634257000000,1000,1
1222,152532791505554,1790295634485608681,28786031202622,28788967728246,1790295634257000000,1000,1
1223,152532792296603,1790295634486400391,28786036202622,28788968347949,1790295634258000000,1000,1
1224,152532793534058,1790295634487637866,28786041202622,28788968857468,1790295634258000000,1000,1
1225,152532793559356,1790295634487662292,28786046202622,28788969885246,1790295634259000000,1000,1
1226,152532794743891,1790295634488847689,28786051202622,28788970484653,1790295634260000000,1000,1
1227,152532794903884,1790295634489007001,28786056202622,28788971180172,1790295634261000000,1000,1
1228,152532795860517,1790295634489964305,28786061202622,28788971866134,1790295634261000000,1000,1
1229,152532796652287,1790295634490756085,28786066202622,28788972625134,1790295634262000000,1000,1
1230,152532797433587,1790295634491537295,28786071202622,28788973305875,1790295634263000000,1000,1
1231,152532798249663,1790295634492353471,28786076202622,28788974013801,1790295634263000000,1000,1
1232,152532798689737,1790295634492793525,28786081202622,28788974725246,1790295634264000000,1000,1
1233,152532799498990,1790295634493602708,28786086202622,28788975418838,1790295634265000000,1000,1
1234,152532800062348,1790295634494165374,28786091202622,28788976264172,1790295634266000000,1000,1
1235,152532800805757,1790295634494910015,28786096202622,28788976931690,1790295634266000000,1000,1
1236,152532801562210,1790295634495665988,28786101202622,28788977573727,1790295634267000000,1000,1
1237,152532802409476,1790295634496513284,28786106202622,28788978305690,1790295634268000000,1000,1
1238,152532802931164,1790295634497034962,28786111202622,28788978996060,1790295634268000000,1000,1
1239,152532804296121,1790295634498399929,28786116202622,28788979670690,1790295634269000000,1000,1
1240,152532806091913,1790295634500195721,28786121202622,28788980772060,1790295634270000000,1000,1
1241,152532806881329,1790295634500986229,28786126202622,28788982772764,1790295634272000000,1000,1
1242,152532807485083,1790295634501589913,28786131202622,28788983437690,1790295634273000000,1000,1
1243,152532808053079,1790295634502156226,28786136202622,28788984096505,1790295634273000000,1000,1
1244,152532808065663,1790295634502168599,28786141202622,28788984687542,1790295634274000000,1000,1
1245,152532809030481,1790295634503134189,28786146202622,28788985234653,1790295634275000000,1000,1
1246,152532809712203,1790295634503816001,28786151202622,28788985786542,1790295634275000000,1000,1
1247,152532809737010,1790295634503839937,28786156202622,28788986303283,1790295634276000000,1000,1
1248,152532811262591,1790295634505366379,28786161202622,28788986799801,1790295634276000000,1000,1
1249,152532811762138,1790295634505865936,28786166202622,28788987893172,1790295634277000000,1000,1
1250,152532811787035,1790295634505889972,28786171202622,28788988469875,1790295634278000000,1000,1
1251,152532812716416,1790295634506820164,28786176202622,28788988979579,1790295634278000000,1000,1
1252,152532812819181,1790295634506922197,28786181202622,28788989442986,1790295634279000000,1000,1
1253,152532813736168,1790295634507839916,28786186202622,28788989922579,1790295634279000000,1000,1
1254,152532814032580,1790295634508135606,28786191202622,28788990372468,1790295634280000000,1000,1
1255,152532814889894,1790295634508993021,28786196202622,28788991003394,1790295634280000000,1000,1
1256,152532816145553,1790295634510248680,28786201202622,28788991889505,1790295634281000000,1000,1
1257,152532817085745,1790295634511189543,28786206202622,28788993128394,1790295634283000000,1000,1
1258,152532817816179,1790295634511919977,28786211202622,28788993856134,1790295634283000000,1000,1
1259,152532818592420,1790295634512696178,28786216202622,28788994589875,1790295634284000000,1000,1
1260,152532819421161,1790295634513525279,28786221202622,28788995232097,1790295634285000000,1000,1
1261,152532819839043,1790295634513942169,28786226202622,28788995960986,1790295634285000000,1000,1
1262,152532822429040,1790295634516532838,28786231202622,28788996794320,1790295634286000000,1000,1
1263,152532823389900,1790295634517493698,28786236202622,28788999180838,1790295634289000000,1000,1
1264,152532824522206,1790295634518626284,28786241202622,28788999999134,1790295634289000000,1000,1
1265,152532824982959,1790295634519086767,28786246202622,28789000875320,1790295634290000000,1000,1
1266,152532825715247,1790295634519819034,28786251202622,28789001703431,1790295634291000000,1000,1
1267,152532827293027,1790295634521396835,28786256202622,28789002283986,1790295634292000000,1000,1
1268,152532827318284,1790295634521421231,28786261202622,28789003095209,1790295634292000000,1000,1
1269,152532828157785,1790295634522260912,28786266202622,28789003922579,1790295634293000000,1000,1
1270,152532828726072,1790295634522829860,28786271202622,28789005111320,1790295634294000000,1000,1
1271,152532829341799,1790295634523445576,28786276202622,28789005606579,1790295634295000000,1000,1
1272,152532829726377,1790295634523830165,28786281202622,28789006116949,1790295634295000000,1000,1
1273,152532830273514,1790295634524377312,28786286202622,28789006570023,1790295634296000000,1000,1
1274,152532830434098,1790295634524537225,28786291202622,28789007051912,1790295634296000000,1000,1
1275,152532831041419,1790295634525145116,28786296202622,28789007477986,1790295634297000000,1000,1
1276,152532831612130,1790295634525715878,28786301202622,28789007889468,1790295634297000000,1000,1
1277,152532831772103,1790295634525875140,28786306202622,28789008354801,1790295634298000000,1000,1
1278,152532832648985,1790295634526752703,28786311202622,28789008777246,1790295634298000000,1000,1
1279,152532832784922,1790295634526887949,28786316202622,28789009212801,1790295634299000000,1000,1
1280,152532833500999,1790295634527604707,28786321202622,28789009625320,1790295634299000000,1000,1
1281,152532833548670,1790295634527651656,28786326202622,28789010065023,1790295634299000000,1000,1
1282,152532834365287,1790295634528469085,28786331202622,28789010558246,1790295634300000000,1000,1
1283,152532834389744,1790295634528492680,28786336202622,28789011022283,1790295634300000000,1000,1
1284,152532835756985,1790295634529860783,28786341202622,28789011570986,1790295634301000000,1000,1
1285,152532836036855,1790295634530139982,28786346202622,28789012293542,1790295634302000000,1000,1
1286,152532837075002,1790295634531178740,28786351202622,28789013019986,1790295634302000000,1000,1
1287,152532839870179,1790295634533974829,28786356202622,28789013829023,1790295634303000000,1000,1
1288,152532842021946,1790295634536125714,28786361202622,28789015228171,1790295634305000000,1000,1
1289,152532842046904,1790295634536149840,28786366202622,28789017958431,1790295634307000000,1000,1
1290,152532843416028,1790295634537519836,28786371202622,28789018756912,1790295634308000000,1000,1
1291,152532843837797,1790295634537940923,28786376202622,28789019682764,1790295634309000000,1000,1
1292,152532845321088,1790295634539424885,28786381202622,28789020557023,1790295634310000000,1000,1
1293,152532845754108,1790295634539858207,28786386202622,28789021958023,1790295634311000000,1000,1
1294,152532845911867,1790295634540014984,28786391202622,28789022494394,1790295634312000000,1000,1
1295,152532846701283,1790295634540804981,28786396202622,28789022990097,1790295634312000000,1000,1
1296,152532846822222,1790295634540925239,28786401202622,28789023460246,1790295634313000000,1000,1
1297,152532847378587,1790295634541481603,28786406202622,28789023889912,1790295634313000000,1000,1
1298,152532847739971,1790295634541842998,28786411202622,28789024377431,1790295634314000000,1000,1
1299,152532848457321,1790295634542560347,28786416202622,28789024813690,1790295634314000000,1000,1
1300,152532849088617,1790295634543191643,28786421202622,28789025559727,1790295634315000000,1000,1
1301,152532850173352,1790295634544277150,28786426202622,28789026344283,1790295634316000000,1000,1
1302,152532850751287,1790295634544855075,28786431202622,28789026906949,1790295634316000000,1000,1
1303,152532850881794,1790295634544984911,28786436202622,28789027454209,1790295634317000000,1000,1
1304,152532853686709,1790295634547790497,28786441202622,28789027987209,1790295634317000000,1000,1
1305,152532854493618,1790295634548597406,28786446202622,28789030416986,1790295634320000000,1000,1
1306,152532854933141,1790295634549036919,28786451202622,28789031037097,1790295634320000000,1000,1
1307,152532857353608,1790295634551457436,28786456202622,28789031668209,1790295634321000000,1000,1
1308,152532858062731,1790295634552165878,28786461202622,28789034313357,1790295634324000000,1000,1
1309,152532858963929,1790295634553067055,28786466202622,28789035126394,1790295634325000000,1000,1
1310,152532861623498,1790295634555727306,28786471202622,28789035933764,1790295634325000000,1000,1
1311,152532861652613,1790295634555755550,28786476202622,28789037047616,1790295634326000000,1000,1
1312,152532862573078,1790295634556676876,28786481202622,28789038602579,1790295634328000000,1000,1
1313,152532863377773,1790295634557481631,28786486202622,28789039362949,1790295634329000000,1000,1
1314,152532863828457,1790295634557931624,28786491202622,28789040085023,1790295634329000000,1000,1
1315,152532864870772,1790295634558974590,28786496202622,28789040819505,1790295634330000000,1000,1
1316,152532865384505,1790295634559488223,28786501202622,28789041472579,1790295634331000000,1000,1
1317,152532866013096,1790295634560116824,28786506202622,28789042142986,1790295634332000000,1000,1
1318,152532866646947,1790295634560750665,28786511202622,28789042787838,1790295634332000000,1000,1
1319,152532868366315,1790295634562470143,28786516202622,28789043446949,1790295634333000000,1000,1
1320,152532868404317,1790295634562507243,28786521202622,28789044105394,1790295634333000000,1000,1
1321,152532868479760,1790295634562582686,28786526202622,28789044844097,1790295634334000000,1000,1
1322,152532870834241,1790295634564938881,28786531202622,28789045393246,1790295634335000000,1000,1
1323,152532877594653,1790295634571699292,28786536202622,28789047487209,1790295634337000000,1000,1
1324,152532877635981,1790295634571738917,28786541202622,28789048328801,1790295634338000000,1000,1
1325,152532877644177,1790295634571747053,28786546202622,28789049302912,1790295634339000000,1000,1
1326,152532877649637,1790295634571752503,28786551202622,28789049959616,1790295634339000000,1000,1
1327,152532877654306,1790295634571757152,28786556202622,28789050576727,1790295634340000000,1000,1
1328,152532877659285,1790295634571762131,28786561202622,28789051158616,1790295634341000000,1000,1
1329,152532877663894,1790295634571766740,28786566202622,28789051780357,1790295634341000000,1000,1
1330,152532877668352,1790295634571771209,28786571202622,28789052465246,1790295634342000000,1000,1
1331,152532877673673,1790295634571776519,28786576202622,28789053637209,1790295634343000000,1000,1
1332,152532878714124,1790295634572817922,28786581202622,28789054174801,1790295634344000000,1000,1
1333,152532878739542,1790295634572842478,28786586202622,28789054640134,1790295634344000000,1000,1
1334,152532878746185,1790295634572849051,28786591202622,28789055226875,1790295634345000000,1000,1
1335,152532879790694,1790295634573893720,28786596202622,28789055889579,1790295634345000000,1000,1
1336,152532880649821,1790295634574753549,28786601202622,28789056625060,1790295634346000000,1000,1
1337,152532881152514,1790295634575256221,28786606202622,28789057269468,1790295634347000000,1000,1
1338,152532881903667,1790295634576007465,28786611202622,28789057953875,1790295634347000000,1000,1
1339,152532883554434,1790295634577658102,28786616202622,28789058563949,1790295634348000000,1000,1
1340,152532883576386,1790295634577679282,28786621202622,28789059738875,1790295634349000000,1000,1
1341,152532884428781,1790295634578531908,28786626202622,28789060565283,1790295634350000000,1000,1
1342,152532885379122,1790295634579482258,28786631202622,28789061375320,1790295634351000000,1000,1
1343,152532885835717,1790295634579938843,28786636202622,28789062098283,1790295634351000000,1000,1
1344,152532886729650,1790295634580832777,28786641202622,28789062837690,1790295634352000000,1000,1
1345,152532887497956,1790295634581601083,28786646202622,28789063590097,1790295634353000000,1000,1
1346,152532888726183,1790295634582830642,28786651202622,28789064462690,1790295634354000000,1000,1
1347,152532890450180,1790295634584553978,28786656202622,28789065219208,1790295634355000000,1000,1
1348,152532890474076,1790295634584577012,28786661202622,28789065911431,1790295634355000000,1000,1
1349,152532890480718,1790295634584583614,28786666202622,28789066707653,1790295634356000000,1000,1
1350,152532891007967,1790295634585111775,28786671202622,28789067283134,1790295634357000000,1000,1
1351,152532891783838,1790295634585887576,28786676202622,28789067849764,1790295634357000000,1000,1
1352,152532892091100,1790295634586194136,28786681202622,28789068462653,1790295634358000000,1000,1
1353,152532894618939,1790295634588723930,28786686202622,28789069083023,1790295634358000000,1000,1
1354,152532894662061,1790295634588765017,28786691202622,28789070701912,1790295634360000000,1000,1
1355,152532895398086,1790295634589502935,28786696202622,28789071581431,1790295634361000000,1000,1
1355,152532896094806,1790295634590198804,28786696202622,28789071581431,1790295634361000000,1000,1
1356,152532896123219,1790295634590226116,28786701202622,28789072146986,1790295634362000000,1000,1
1357,152532896142386,1790295634590245372,28786706202622,28789072644801,1790295634362000000,1000,1
1358,152532896213561,1790295634590316487,28786711202622,28789073077134,1790295634362000000,1000,1
1359,152532897160625,1790295634591264413,28786716202622,28789073518134,1790295634363000000,1000,1
1360,152532897249734,1790295634591352821,28786721202622,28789073916097,1790295634363000000,1000,1
1361,152532898024472,1790295634592128591,28786726202622,28789074370246,1790295634364000000,1000,1
1362,152532899456967,1790295634593560765,28786731202622,28789074804357,1790295634364000000,1000,1
1363,152532899494168,1790295634593597104,28786736202622,28789075229912,1790295634365000000,1000,1
1364,152532899513725,1790295634593616611,28786741202622,28789075731320,1790295634365000000,1000,1
1365,152532900431464,1790295634594535262,28786746202622,28789076458764,1790295634366000000,1000,1
1366,152532901079031,1790295634595182758,28786751202622,28789077152468,1790295634367000000,1000,1
1367,152532901745924,1790295634595849662,28786756202622,28789077872986,1790295634367000000,1000,1
1368,152532904433797,1790295634598537565,28786761202622,28789078547320,1790295634368000000,1000,1
1369,152532908184935,1790295634602289545,28786766202622,28789081080320,1790295634370000000,1000,1
1370,152532911322280,1790295634605426919,28786771202622,28789083932394,1790295634373000000,1000,1
1371,152532911365321,1790295634605468257,28786776202622,28789084847801,1790295634374000000,1000,1
1372,152532911372435,1790295634605475311,28786781202622,28789085610246,1790295634375000000,1000,1
1373,152532911378276,1790295634605481132,28786786202622,28789086348690,1790295634376000000,1000,1
1374,152532911384107,1790295634605486953,28786791202622,28789087255505,1790295634377000000,1000,1
1375,152532911951872,1790295634606056502,28786796202622,28789087982246,1790295634377000000,1000,1
1376,152532912040160,1790295634606143126,28786801202622,28789088572579,1790295634378000000,1000,1
1377,152532912882907,1790295634606987035,28786806202622,28789089054060,1790295634378000000,1000,1
1378,152532912905890,1790295634607008797,28786811202622,28789089506579,1790295634379000000,1000,1
1379,152532913623951,1790295634607727659,28786816202622,28789089973764,1790295634379000000,1000,1
1380,152532914004873,1790295634608108601,28786821202622,28789090415431,1790295634380000000,1000,1
1381,152532914528806,1790295634608632854,28786826202622,28789090892320,1790295634380000000,1000,1
1382,152532914606914,1790295634608709920,28786831202622,28789091325097,1790295634381000000,1000,1
1383,152532915608061,1790295634609711789,28786836202622,28789091766431,1790295634381000000,1000,1
1384,152532915978984,1790295634610082011,28786841202622,28789092282468,1790295634382000000,1000,1
1385,152532916866115,1790295634610969833,28786846202622,28789093029431,1790295634382000000,1000,1
1386,152532918545256,1790295634612649044,28786851202622,28789093776468,1790295634383000000,1000,1
1387,152532921044392,1790295634615149602,28786856202622,28789095312838,1790295634385000000,1000,1
1388,152532921088034,1790295634615190960,28786861202622,28789097430171,1790295634387000000,1000,1
1389,152532923769175,1790295634617873043,28786866202622,28789098004616,1790295634387000000,1000,1
1390,152532924595691,1790295634618699499,28786871202622,28789100530801,1790295634390000000,1000,1
1391,152532925722266,1790295634619826044,28786876202622,28789101340394,1790295634391000000,1000,1
1392,152532925786689,1790295634619889605,28786881202622,28789102136949,1790295634392000000,1000,1
1393,152532927494916,1790295634621598724,28786886202622,28789102920653,1790295634393000000,1000,1
1394,152532928561787,1790295634622665585,28786891202622,28789104367505,1790295634394000000,1000,1
1395,152532929302320,1790295634623406058,28786896202622,28789105251097,1790295634395000000,1000,1
1396,152532929870657,1790295634623974365,28786901202622,28789105985542,1790295634395000000,1000,1
1397,152532930668889,1790295634624772958,28786906202622,28789106685431,1790295634396000000,1000,1
1398,152532931169558,1790295634625273276,28786911202622,28789107320431,1790295634397000000,1000,1
1399,152532931891446,1790295634625995174,28786916202622,28789107971097,1790295634397000000,1000,1
1400,152532961661946,1790295634655766886,28786921202622,28789137588653,1790295634427000000,1000,1
1401,152532962030134,1790295634656133281,28786926202622,28789138233097,1790295634428000000,1000,1
1402,152532962892488,1790295634656997438,28786931202622,28789138997468,1790295634428000000,1000,1
1403,152532963452329,1790295634657557279,28786936202622,28789139535690,1790295634429000000,1000,1
1403,152532963618695,1790295634657721711,28786936202622,28789139535690,1790295634429000000,1000,1
1404,152532963634334,1790295634657737240,28786941202622,28789140080764,1790295634429000000,1000,1
1405,152532964619862,1790295634658724511,28786946202622,28789140561838,1790295634430000000,1000,1
1406,152532965355626,1790295634659460186,28786951202622,28789141170764,1790295634431000000,1000,1
1407,152532965947929,1790295634660052648,28786956202622,28789141847542,1790295634431000000,1000,1
1408,152532966348698,1790295634660451735,28786961202622,28789142628616,1790295634432000000,1000,1
1409,152532966999021,1790295634661102147,28786966202622,28789143338060,1790295634433000000,1000,1
1410,152532968048329,1790295634662152037,28786971202622,28789143985431,1790295634433000000,1000,1
1411,152532968659668,1790295634662763395,28786976202622,28789144722468,1790295634434000000,1000,1
1412,152532969544314,1790295634663648433,28786981202622,28789145456060,1790295634435000000,1000,1
1413,152532970095729,1790295634664200208,28786986202622,28789146143616,1790295634436000000,1000,1
1414,152532970815764,1790295634664919882,28786991202622,28789146853134,1790295634436000000,1000,1
1415,152532979638712,1790295634673742570,28786996202622,28789147808171,1790295634437000000,1000,1
1416,152532979662838,1790295634673765724,28787001202622,28789148938505,1790295634438000000,1000,1
1417,152532979667827,1790295634673770673,28787006202622,28789149800764,1790295634439000000,1000,1
1418,152532979671173,1790295634673773999,28787011202622,28789150599875,1790295634440000000,1000,1
1419,152532979687925,1790295634673790761,28787016202622,28789152337801,1790295634442000000,1000,1
1420,152532979691201,1790295634673794027,28787021202622,28789152966875,1790295634442000000,1000,1
1421,152532979694267,1790295634673797093,28787026202622,28789153570949,1790295634443000000,1000,1
1422,152532979697413,1790295634673800239,28787031202622,28789154125468,1790295634444000000,1000,1
1423,152532979848299,1790295634673951135,28787036202622,28789155207097,1790295634445000000,1000,1
1424,152532979876332,1790295634673979158,28787041202622,28789155757764,1790295634445000000,1000,1
1425,152532979879458,1790295634673982284,28787046202622,28789156316283,1790295634446000000,1000,1
1426,152532980280518,1790295634674383444,28787051202622,28789156824616,1790295634446000000,1000,1
1427,152532981828471,1790295634675931317,28787056202622,28789157277653,1790295634447000000,1000,1
1428,152532982276500,1790295634676379346,28787061202622,28789158822542,1790295634448000000,1000,1
1429,152532982810411,1790295634676913247,28787066202622,28789159287171,1790295634449000000,1000,1
1430,152532983502993,1790295634677605830,28787071202622,28789159786727,1790295634449000000,1000,1
1431,152532985393426,1790295634679497204,28787076202622,28789160374801,1790295634450000000,1000,1
1432,152532987821577,1790295634681926878,28787081202622,28789161940357,1790295634451000000,1000,1
1433,152532987866382,1790295634681969318,28787086202622,28789162678838,1790295634452000000,1000,1
1434,152532987875449,1790295634681978315,28787091202622,28789163403394,1790295634453000000,1000,1
1435,152532988473242,1790295634682576409,28787096202622,28789164318394,1790295634454000000,1000,1
1436,152532990813175,1790295634684917875,28787101202622,28789165392912,1790295634455000000,1000,1
1437,152532990855616,1790295634684958522,28787106202622,28789166356134,1790295634456000000,1000,1
1438,152532991885307,1790295634685989505,28787111202622,28789167194357,1790295634457000000,1000,1
1439,152532992154497,1790295634686257623,28787116202622,28789168352468,1790295634458000000,1000,1
1440,152532993288967,1790295634687392674,28787121202622,28789169190875,1790295634459000000,1000,1
1441,152532993924481,1790295634688027618,28787126202622,28789169980542,1790295634459000000,1000,1
1442,152532995874066,1790295634689978034,28787131202622,28789171498838,1790295634461000000,1000,1
1443,152532996628876,1790295634690732002,28787136202622,28789172382468,1790295634462000000,1000,1
1444,152532997147849,1790295634691250976,28787141202622,28789173584245,1790295634463000000,1000,1
1445,152532997871560,1790295634691975328,28787146202622,28789174113097,1790295634463000000,1000,1
1446,152532998026824,1790295634692129961,28787151202622,28789174634801,1790295634464000000,1000,1
1447,152532998548553,1790295634692651619,28787156202622,28789175078023,1790295634464000000,1000,1
1448,152532998909917,1790295634693012944,28787161202622,28789175523949,1790295634465000000,1000,1
1449,152532999867081,1790295634693970218,28787166202622,28789175943060,1790295634465000000,1000,1
1450,152532999879915,1790295634693982851,28787171202622,28789176444727,1790295634466000000,1000,1
1451,152533000854282,1790295634694958440,28787176202622,28789176909431,1790295634466000000,1000,1
1452,152533000879359,1790295634694982305,28787181202622,28789177363653,1790295634467000000,1000,1
1453,152533001544309,1790295634695648107,28787186202622,28789177845727,1790295634467000000,1000,1
1454,152533001629671,1790295634695732778,28787191202622,28789178282542,1790295634468000000,1000,1
1455,152533003550682,1790295634697653828,28787196202622,28789178695023,1790295634468000000,1000,1
1456,152533003563907,1790295634697666843,28787201202622,28789179150060,1790295634469000000,1000,1
1457,152533003991637,1790295634698094774,28787206202622,28789179659653,1790295634469000000,1000,1
1458,152533004018047,1790295634698121034,28787211202622,28789180191431,1790295634470000000,1000,1
1459,152533005267995,1790295634699371793,28787216202622,28789180905171,1790295634470000000,1000,1
1460,152533008271887,1790295634702376606,28787221202622,28789181689357,1790295634471000000,1000,1
1461,152533008314748,1790295634702417654,28787226202622,28789182388616,1790295634472000000,1000,1
1462,152533008324396,1790295634702427262,28787231202622,28789183186505,1790295634473000000,1000,1
1463,152533009641222,1790295634703745030,28787236202622,28789183925727,1790295634473000000,1000,1
1464,152533010430538,1790295634704534355,28787241202622,28789186134283,1790295634476000000,1000,1
1465,152533011235753,1790295634705339551,28787246202622,28789186930097,1790295634476000000,1000,1
1466,152533012684589,1790295634706788447,28787251202622,28789187858468,1790295634477000000,1000,1
1467,152533013336104,1790295634707439912,28787256202622,28789189360468,1790295634479000000,1000,1
1468,152533014080965,1790295634708184894,28787261202622,28789190087208,1790295634479000000,1000,1
1469,152533014678768,1790295634708782576,28787266202622,28789190782949,1790295634480000000,1000,1
1470,152533016115982,1790295634710219780,28787271202622,28789191430986,1790295634481000000,1000,1
1471,152533016141851,1790295634710244797,28787276202622,28789192169357,1790295634482000000,1000,1
1472,152533016577246,1790295634710681074,28787281202622,28789192804245,1790295634482000000,1000,1
1473,152533017249980,1790295634711353768,28787286202622,28789193324060,1790295634483000000,1000,1
1474,152533017296619,1790295634711399615,28787291202622,28789193823468,1790295634483000000,1000,1
1475,152533018636066,1790295634712739864,28787296202622,28789194339690,1790295634484000000,1000,1
1476,152533020237250,1790295634714340377,28787301202622,28789195557431,1790295634485000000,1000,1
1477,152533020249874,1790295634714352810,28787306202622,28789196147468,1790295634486000000,1000,1
1478,152533022223484,1790295634716326611,28787311202622,28789196706505,1790295634486000000,1000,1
1479,152533022234906,1790295634716337832,28787316202622,28789198628801,1790295634488000000,1000,1
1480,152533024566053,1790295634718669170,28787321202622,28789199292653,1790295634489000000,1000,1
1481,152533024577385,1790295634718680321,28787326202622,28789199882505,1790295634489000000,1000,1
1482,152533024584017,1790295634718686884,28787331202622,28789200527727,1790295634490000000,1000,1
1483,152533025911282,1790295634720014409,28787336202622,28789201325505,1790295634491000000,1000,1
1484,152533025928915,1790295634720031852,28787341202622,28789201934245,1790295634491000000,1000,1
1485,152533027095065,1790295634721198192,28787346202622,28789202525468,1790295634492000000,1000,1
1486,152533027671577,1790295634721774704,28787351202622,28789203837986,1790295634493000000,1000,1
1487,152533028537288,1790295634722640555,28787356202622,28789204660838,1790295634494000000,1000,1
1488,152533030230025,1790295634724333152,28787361202622,28789205378320,1790295634495000000,1000,1
1489,152533031151642,1790295634725254769,28787366202622,28789207205320,1790295634497000000,1000,1
1490,152533031860886,1790295634725964003,28787371202622,28789207968912,1790295634497000000,1000,1
1491,152533032534683,1790295634726637809,28787376202622,28789208820912,1790295634498000000,1000,1
1492,152533033206896,1790295634727310053,28787381202622,28789209515764,1790295634499000000,1000,1
1493,152533033847209,1790295634727950346,28787386202622,28789210181616,1790295634500000000,1000,1
1494,152533034517830,1790295634728620947,28787391202622,28789210812986,1790295634500000000,1000,1
1495,152533035462500,1790295634729565647,28787396202622,28789211519690,1790295634501000000,1000,1
1496,152533036024384,1790295634730127531,28787401202622,28789212253134,1790295634502000000,1000,1
1497,152533036691950,1790295634730795076,28787406202622,28789212947431,1790295634502000000,1000,1
1498,152533037888607,1790295634731992405,28787411202622,28789213666986,1790295634503000000,1000,1
1499,152533038559429,1790295634732663226,28787416202622,28789214624320,1790295634504000000,1000,1
1500,152533039358252,1790295634733462060,28787421202622,28789215433431,1790295634505000000,1000,1
1501,152533041248554,1790295634735352352,28787426202622,28789216089912,1790295634505000000,1000,1
1502,152533041273742,1790295634735376668,28787431202622,28789216764579,1790295634506000000,1000,1
1503,152533042045173,1790295634736148961,28787436202622,28789218059653,1790295634507000000,1000,1
1504,152533043789047,1790295634737892845,28787441202622,28789218763431,1790295634508000000,1000,1
1505,152533045176056,1790295634739279874,28787446202622,28789219371949,1790295634509000000,1000,1
1506,152533045201063,1790295634739303989,28787451202622,28789221367320,1790295634511000000,1000,1
1507,152533045209038,1790295634739311924,28787456202622,28789221931875,1790295634511000000,1000,1
1508,152533046243088,1790295634740346856,28787461202622,28789222414320,1790295634512000000,1000,1
1509,152533046341524,1790295634740444651,28787466202622,28789222924690,1790295634512000000,1000,1
1510,152533046840690,1790295634740943817,28787471202622,28789223382986,1790295634513000000,1000,1
1511,152533047930255,1790295634742033382,28787476202622,28789223820060,1790295634513000000,1000,1
1512,152533047943049,1790295634742045986,28787481202622,28789224371801,1790295634514000000,1000,1
1513,152533049145959,1790295634743249756,28787486202622,28789225119320,1790295634514000000,1000,1
1514,152533049831938,1790295634743935766,28787491202622,28789225883097,1790295634515000000,1000,1
1515,152533050630221,1790295634744734319,28787496202622,28789226627097,1790295634516000000,1000,1
1516,152533051529725,1790295634745633513,28787501202622,28789227283505,1790295634517000000,1000,1
1517,152533055664520,1790295634749769320,28787506202622,28789228084468,1790295634517000000,1000,1
1518,152533055706901,1790295634749809827,28787511202622,28789229900875,1790295634519000000,1000,1
1519,152533055716158,1790295634749819024,28787516202622,28789230638727,1790295634520000000,1000,1
1520,152533055760081,1790295634749862938,28787521202622,28789231671171,1790295634521000000,1000,1
1521,152533056996244,1790295634751100052,28787526202622,28789232808097,1790295634522000000,1000,1
1522,152533058111427,1790295634752215235,28787531202622,28789233596912,1790295634523000000,1000,1
1523,152533058621775,1790295634752725573,28787536202622,28789234454023,1790295634524000000,1000,1
1524,152533059308526,1790295634753412314,28787541202622,28789235365912,1790295634525000000,1000,1
1525,152533059681653,1790295634753784790,28787546202622,28789236090653,1790295634525000000,1000,1
1526,152533060464727,1790295634754568535,28787551202622,28789236665171,1790295634526000000,1000,1
1527,152533061062239,1790295634755166037,28787556202622,28789237229690,1790295634527000000,1000,1
1528,152533062195186,1790295634756298993,28787561202622,28789238324727,1790295634528000000,1000,1
1529,152533062527345,1790295634756630471,28787566202622,28789238928097,1790295634528000000,1000,1
1530,152533063742116,1790295634757845253,28787571202622,28789240102134,1790295634529000000,1000,1
1531,152533064443976,1790295634758547774,28787576202622,28789240706357,1790295634530000000,1000,1
1532,152533064468703,1790295634758571650,28787581202622,28789241271875,1790295634531000000,1000,1
1533,152533065544863,1790295634759648691,28787586202622,28789241773986,1790295634531000000,1000,1
1534,152533065600548,1790295634759703504,28787591202622,28789242237468,1790295634532000000,1000,1
1535,152533066467431,1790295634760571259,28787596202622,28789242710949,1790295634532000000,1000,1
1536,152533067193056,1790295634761296844,28787601202622,28789243233912,1790295634533000000,1000,1
1537,152533068270989,1790295634762374797,28787606202622,28789243775171,1790295634533000000,1000,1
1538,152533068294694,1790295634762397640,28787611202622,28789244409949,1790295634534000000,1000,1
1539,152533070596715,1790295634764700834,28787616202622,28789245060208,1790295634534000000,1000,1
1540,152533070704559,1790295634764807686,28787621202622,28789245711171,1790295634535000000,1000,1
1541,152533070728765,1790295634764831702,28787626202622,28789246373468,1790295634536000000,1000,1
1542,152533071392252,1790295634765496962,28787631202622,28789247023838,1790295634536000000,1000,1
1543,152533075034765,1790295634769139465,28787636202622,28789247990505,1790295634537000000,1000,1
1544,152533075076905,1790295634769179841,28787641202622,28789248998431,1790295634538000000,1000,1
1545,152533075083547,1790295634769186424,28787646202622,28789249731875,1790295634539000000,1000,1
1546,152533075090881,1790295634769193727,28787651202622,28789250747468,1790295634540000000,1000,1
1547,152533076362211,1790295634770466049,28787656202622,28789251809986,1790295634541000000,1000,1
1548,152533090341098,1790295634784445307,28787661202622,28789252676282,1790295634542000000,1000,1
1549,152533090367188,1790295634784470114,28787666202622,28789253693542,1790295634543000000,1000,1
1550,152533090384330,1790295634784487206,28787671202622,28789255061616,1790295634544000000,1000,1
1551,152533090389319,1790295634784492176,28787676202622,28789255635468,1790295634545000000,1000,1
1552,152533090416641,1790295634784519487,28787681202622,28789256180690,1790295634546000000,1000,1
1553,152533090421130,1790295634784523976,28787686202622,28789256646357,1790295634546000000,1000,1
1554,152533090430067,1790295634784532923,28787691202622,28789257073875,1790295634546000000,1000,1
1555,152533090450345,1790295634784553191,28787696202622,28789257495394,1790295634547000000,1000,1
1556,152533090454773,1790295634784557620,28787701202622,28789257899579,1790295634547000000,1000,1
1557,152533091143779,1790295634785246906,28787706202622,28789258325394,1790295634548000000,1000,1
1558,152533091155471,1790295634785258398,28787711202622,28789258982986,1790295634548000000,1000,1
1559,152533091161974,1790295634785264840,28787716202622,28789259569912,1790295634549000000,1000,1
1560,152533091166562,1790295634785269429,28787721202622,28789260138208,1790295634550000000,1000,1
1561,152533091171171,1790295634785274027,28787726202622,28789260662542,1790295634550000000,1000,1
1562,152533091175559,1790295634785278416,28787731202622,28789261147208,1790295634551000000,1000,1
1563,152533091180218,1790295634785283064,28787736202622,28789261678245,1790295634551000000,1000,1
1564,152533091208191,1790295634785311047,28787741202622,28789262197357,1790295634552000000,1000,1
1565,152533091213922,1790295634785316778,28787746202622,28789263100616,1790295634552000000,1000,1
1566,152533091218411,1790295634785321267,28787751202622,28789263627208,1790295634553000000,1000,1
1567,152533091228209,1790295634785331065,28787756202622,28789264399171,1790295634554000000,1000,1
1568,152533091239951,1790295634785342798,28787761202622,28789265203468,1790295634555000000,1000,1
1569,152533091244350,1790295634785347206,28787766202622,28789265928282,1790295634555000000,1000,1
1570,152533091489304,1790295634785592431,28787771202622,28789266676023,1790295634556000000,1000,1
1571,152533092115170,1790295634786218196,28787776202622,28789267761912,1790295634557000000,1000,1
1572,152533092356076,1790295634786459093,28787781202622,28789268572912,1790295634558000000,1000,1
1573,152533093288513,1790295634787392231,28787786202622,28789269323616,1790295634559000000,1000,1
1574,152533094012405,1790295634788116213,28787791202622,28789270047616,1790295634559000000,1000,1
1575,152533095414311,1790295634789518139,28787796202622,28789270743394,1790295634560000000,1000,1
1576,152533095873370,1790295634789976497,28787801202622,28789272096282,1790295634561000000,1000,1
1577,152533097054889,1790295634791158687,28787806202622,28789272884245,1790295634562000000,1000,1
1578,152533098033594,1790295634792137392,28787811202622,28789273660171,1790295634563000000,1000,1
1579,152533098864088,1790295634792968207,28787816202622,28789274640282,1790295634564000000,1000,1
1580,152533100400940,1790295634794504788,28787821202622,28789275324357,1790295634565000000,1000,1
1581,152533100893103,1790295634794996901,28787826202622,28789276294171,1790295634566000000,1000,1
1582,152533100918792,1790295634795021738,28787831202622,28789277000579,1790295634566000000,1000,1
1583,152533101613578,1790295634795718208,28787836202622,28789277538023,1790295634567000000,1000,1
1584,152533101656450,1790295634795759396,28787841202622,28789278058060,1790295634567000000,1000,1
1585,152533102283318,1790295634796387937,28787846202622,28789278521727,1790295634568000000,1000,1
1586,152533103934437,1790295634798038235,28787851202622,28789278951949,1790295634568000000,1000,1
1587,152533103960686,1790295634798063623,28787856202622,28789279523542,1790295634569000000,1000,1
1588,152533103968832,1790295634798071698,28787861202622,28789280045801,1790295634569000000,1000,1
1589,152533104448391,1790295634798552219,28787866202622,28789280556727,1790295634570000000,1000,1
1590,152533106698564,1790295634800802352,28787871202622,28789281278616,1790295634571000000,1000,1
1591,152533106725234,1790295634800828181,28787876202622,28789282033838,1790295634571000000,1000,1
1592,152533106732488,1790295634800835354,28787881202622,28789282587727,1790295634572000000,1000,1
1593,152533107728625,1790295634801833315,28787886202622,28789283381542,1790295634573000000,1000,1
1594,152533109016806,1790295634803120654,28787891202622,28789283969986,1790295634573000000,1000,1
1595,152533109042024,1790295634803144950,28787896202622,28789284847134,1790295634574000000,1000,1
1596,152533109519238,1790295634803623026,28787901202622,28789285719357,1790295634575000000,1000,1
1597,152533110842907,1790295634804946705,28787906202622,28789286812579,1790295634576000000,1000,1
1598,152533111842531,1790295634805946339,28787911202622,28789287548801,1790295634577000000,1000,1
1599,152533112076695,1790295634806179821,28787916202622,28789288364357,1790295634578000000,1000,1
1600,152533146418979,1790295634840524039,28787921202622,28789322187949,1790295634612000000,1000,1
1601,152533146460327,1790295634840563274,28787926202622,28789322777690,1790295634612000000,1000,1
1602,152533147273167,1790295634841376955,28787931202622,28789323313764,1790295634613000000,1000,1
1603,152533147419414,1790295634841522541,28787936202622,28789323814505,1790295634613000000,1000,1
1604,152533148141402,1790295634842245120,28787941202622,28789324391356,1790295634614000000,1000,1
1605,152533148535399,1790295634842639117,28787946202622,28789324928505,1790295634614000000,1000,1
1606,152533149063620,1790295634843167337,28787951202622,28789325387208,1790295634615000000,1000,1
1606,152533149720133,1790295634843823871,28787951202622,28789325387208,1790295634615000000,1000,1
1607,152533149742606,1790295634843845492,28787956202622,28789325856431,1790295634615000000,1000,1
1608,152533149775909,1790295634843878795,28787961202622,28789326300579,1790295634616000000,1000,1
1609,152533150526391,1790295634844630129,28787966202622,28789326775282,1790295634616000000,1000,1
1610,152533151002804,1790295634845106521,28787971202622,28789327252875,1790295634617000000,1000,1
1611,152533151616065,1790295634845720525,28787976202622,28789327769208,1790295634617000000,1000,1
1612,152533152494410,1790295634846598188,28787981202622,28789328331208,1790295634618000000,1000,1
1613,152533155122390,1790295634849227150,28787986202622,28789328999505,1790295634618000000,1000,1
1614,152533157454319,1790295634851558157,28787991202622,28789331629431,1790295634621000000,1000,1
1615,152533157480779,1790295634851583726,28787996202622,28789332832394,1790295634622000000,1000,1
1616,152533157486971,1790295634851589827,28788001202622,28789333658579,1790295634623000000,1000,1
1617,152533162523904,1790295634856628604,28788006202622,28789335605394,1790295634625000000,1000,1
1618,152533162567898,1790295634856670814,28788011202622,28789336521949,1790295634626000000,1000,1
1619,152533162574370,1790295634856677236,28788016202622,28789337295468,1790295634627000000,1000,1
1620,152533162580962,1790295634856683808,28788021202622,28789338080060,1790295634627000000,1000,1
1621,152533162589128,1790295634856691974,28788026202622,28789338782134,1790295634628000000,1000,1
1622,152533162754812,1790295634856857938,28788031202622,28789339309134,1790295634629000000,1000,1
1623,152533163640981,1790295634857745810,28788036202622,28789339746023,1790295634629000000,1000,1
1624,152533164505388,1790295634858609166,28788041202622,28789340272468,1790295634630000000,1000,1
1625,152533164530386,1790295634858633332,28788046202622,28789340828208,1790295634630000000,1000,1
1626,152533165567731,1790295634859671519,28788051202622,28789341351764,1790295634631000000,1000,1
1627,152533165592929,1790295634859695865,28788056202622,28789341836727,1790295634631000000,1000,1
1628,152533165990552,1790295634860094320,28788061202622,28789342291616,1790295634632000000,1000,1
1629,152533166632539,1790295634860736326,28788066202622,28789342754468,1790295634632000000,1000,1
1630,152533167109622,1790295634861213400,28788071202622,28789343370838,1790295634633000000,1000,1
1631,152533167625049,1790295634861728857,28788076202622,28789343872653,1790295634633000000,1000,1
1632,152533167995531,1790295634862098658,28788081202622,28789344397912,1790295634634000000,1000,1
1633,152533168570190,1790295634862673978,28788086202622,28789344919245,1790295634634000000,1000,1
1634,152533170550332,1790295634864654200,28788091202622,28789345411171,1790295634635000000,1000,1
1635,152533170575761,1790295634864678707,28788096202622,28789346113023,1790295634635000000,1000,1
1636,152533170583746,1790295634864686622,28788101202622,28789346635690,1790295634636000000,1000,1
1637,152533171099293,1790295634865203101,28788106202622,28789347156875,1790295634637000000,1000,1
1638,152533174106871,1790295634868209998,28788111202622,28789347866690,1790295634637000000,1000,1
1639,152533174140635,1790295634868243572,28788116202622,28789348728542,1790295634638000000,1000,1
1640,152533174147879,1790295634868250735,28788121202622,28789349497356,1790295634639000000,1000,1
1641,152533174920022,1790295634869024712,28788126202622,28789350340616,1790295634640000000,1000,1
1642,152533175546469,1790295634869650277,28788131202622,28789351126838,1790295634641000000,1000,1
1643,152533176077265,1790295634870180421,28788136202622,28789351902208,1790295634641000000,1000,1
1644,152533177087499,1790295634871191297,28788141202622,28789353052653,1790295634642000000,1000,1
1645,152533177998365,1790295634872102183,28788146202622,28789353844542,1790295634643000000,1000,1
1646,152533178814662,1790295634872918470,28788151202622,28789354620912,1790295634644000000,1000,1
1647,152533183477968,1790295634877581786,28788156202622,28789355399023,1790295634645000000,1000,1
1648,152533183753560,1790295634877856697,28788161202622,28789356507134,1790295634646000000,1000,1
1649,152533183765102,1790295634877868028,28788166202622,28789357248431,1790295634647000000,1000,1
1650,152533183785320,1790295634877888207,28788171202622,28789357929542,1790295634647000000,1000,1
1651,152533185002998,1790295634879107697,28788176202622,28789358598986,1790295634648000000,1000,1
1652,152533185071648,1790295634879174875,28788181202622,28789359286134,1790295634649000000,1000,1
1653,152533185080114,1790295634879182970,28788186202622,28789359928431,1790295634649000000,1000,1
1654,152533186190468,1790295634880294296,28788191202622,28789360630875,1790295634650000000,1000,1
1655,152533186216748,1790295634880319684,28788196202622,28789361379764,1790295634651000000,1000,1
1656,152533186225034,1790295634880327910,28788201202622,28789361936245,1790295634651000000,1000,1
1657,152533187995008,1790295634882098816,28788206202622,28789362589616,1790295634652000000,1000,1
1658,152533189420810,1790295634883524618,28788211202622,28789364523801,1790295634654000000,1000,1
1659,152533194006640,1790295634888110447,28788216202622,28789365365171,1790295634655000000,1000,1
1660,152533194031927,1790295634888134864,28788221202622,28789367562875,1790295634657000000,1000,1
1661,152533194038229,1790295634888141096,28788226202622,28789368232838,1790295634658000000,1000,1
1662,152533194043079,1790295634888145935,28788231202622,28789368825653,1790295634658000000,1000,1
1663,152533194048709,1790295634888151555,28788236202622,28789369365356,1790295634659000000,1000,1
1664,152533194241895,1790295634888345012,28788241202622,28789370661505,1790295634660000000,1000,1
1665,152533194872400,1790295634888975526,28788246202622,28789371215023,1790295634661000000,1000,1
1666,152533195538682,1790295634889641709,28788251202622,28789371816468,1790295634661000000,1000,1
1667,152533196414802,1790295634890518580,28788256202622,28789372515579,1790295634662000000,1000,1
1668,152533197192075,1790295634891295763,28788261202622,28789373170468,1790295634663000000,1000,1
1669,152533198555269,1790295634892659407,28788266202622,28789373785690,1790295634663000000,1000,1
1670,152533198602709,1790295634892705675,28788271202622,28789374464912,1790295634664000000,1000,1
1671,152533199104309,1790295634893208137,28788276202622,28789375139653,1790295634665000000,1000,1
1672,152533200044541,1790295634894148399,28788281202622,28789375911468,1790295634665000000,1000,1
1673,152533201013316,1790295634895117445,28788286202622,28789376711097,1790295634666000000,1000,1
1674,152533201105922,1790295634895208888,28788291202622,28789377414356,1790295634667000000,1000,1
1675,152533202075158,1790295634896178956,28788296202622,28789378052690,1790295634667000000,1000,1
1676,152533202873511,1790295634896977309,28788301202622,28789378704282,1790295634668000000,1000,1
1677,152533203782232,1790295634897886040,28788306202622,28789379619542,1790295634669000000,1000,1
1678,152533204493911,1790295634898597719,28788311202622,28789380482838,1790295634670000000,1000,1
1679,152533205536477,1790295634899640285,28788316202622,28789381482875,1790295634671000000,1000,1
1680,152533205986640,1790295634900089927,28788321202622,28789382343060,1790295634672000000,1000,1
1681,152533206489322,1790295634900592459,28788326202622,28789382907727,1790295634672000000,1000,1
1682,152533210038097,1790295634904141925,28788331202622,28789383455616,1790295634673000000,1000,1
1683,152533210064567,1790295634904167513,28788336202622,28789384193949,1790295634674000000,1000,1
1684,152533210070939,1790295634904173785,28788341202622,28789384731282,1790295634674000000,1000,1
1685,152533210077121,1790295634904179967,28788346202622,28789385360319,1790295634675000000,1000,1
1686,152533210783990,1790295634904887788,28788351202622,28789386168727,1790295634676000000,1000,1
1687,152533211598984,1790295634905703113,28788356202622,28789387056431,1790295634676000000,1000,1
1688,152533211938157,1790295634906041283,28788361202622,28789388173653,1790295634678000000,1000,1
1689,152533212518737,1790295634906622525,28788366202622,28789388737097,1790295634678000000,1000,1
1690,152533212912283,1790295634907016061,28788371202622,28789389219653,1790295634679000000,1000,1
1691,152533213021089,1790295634907124216,28788376202622,28789389642245,1790295634679000000,1000,1
1692,152533213679597,1790295634907783395,28788381202622,28789390058134,1790295634679000000,1000,1
1693,152533213828820,1790295634907931946,28788386202622,28789390449727,1790295634680000000,1000,1
1694,152533214508928,1790295634908612716,28788391202622,28789390846468,1790295634680000000,1000,1
1695,152533215020959,1790295634909124737,28788396202622,28789391298616,1790295634681000000,1000,1
1696,152533215818640,1790295634909922749,28788401202622,28789391744356,1790295634681000000,1000,1
1697,152533216042445,1790295634910145571,28788406202622,28789392349245,1790295634682000000,1000,1
1698,152533217043191,1790295634911146989,28788411202622,28789393023986,1790295634682000000,1000,1
1699,152533217589496,1790295634911693304,28788416202622,28789393703505,1790295634683000000,1000,1
1700,152533218355487,1790295634912459275,28788421202622,28789394349060,1790295634684000000,1000,1
1701,152533219179238,1790295634913283046,28788426202622,28789395086023,1790295634684000000,1000,1
1702,152533221418310,1790295634915522138,28788431202622,28789395987171,1790295634685000000,1000,1
1703,152533222355757,1790295634916458773,28788436202622,28789398258468,1790295634688000000,1000,1
1704,152533223203534,1790295634917306660,28788441202622,28789399385393,1790295634689000000,1000,1
1705,152533224393208,1790295634918497056,28788446202622,28789400244801,1790295634690000000,1000,1
1706,152533226866013,1790295634920969861,28788451202622,28789401077764,1790295634690000000,1000,1
1707,152533226893044,1790295634920995970,28788456202622,28789402202282,1790295634692000000,1000,1
1708,152533226899697,1790295634921002543,28788461202622,28789402881097,1790295634692000000,1000,1
1709,152533227821553,1790295634921926293,28788466202622,28789403423134,1790295634693000000,1000,1
1710,152533228637580,1790295634922742189,28788471202622,28789404229356,1790295634694000000,1000,1
1711,152533229507618,1790295634923611366,28788476202622,28789405427875,1790295634695000000,1000,1
1712,152533229532265,1790295634923635201,28788481202622,28789405993356,1790295634695000000,1000,1
1713,152533230349173,1790295634924452951,28788486202622,28789406617579,1790295634696000000,1000,1
1714,152533230935575,1790295634925039352,28788491202622,28789407129060,1790295634697000000,1000,1
1715,152533231845218,1790295634925949016,28788496202622,28789407599282,1790295634697000000,1000,1
1716,152533231985124,1790295634926088260,28788501202622,28789408188282,1790295634698000000,1000,1
1717,152533232813674,1790295634926917472,28788506202622,28789409055986,1790295634698000000,1000,1
1718,152533233318110,1790295634927421898,28788511202622,28789409574356,1790295634699000000,1000,1
1719,152533233983100,1790295634928087178,28788516202622,28789410089171,1790295634699000000,1000,1
1720,152533234004961,1790295634928107857,28788521202622,28789410624505,1790295634700000000,1000,1
1721,152533235218160,1790295634929321988,28788526202622,28789411130653,1790295634701000000,1000,1
1722,152533236077449,1790295634930181267,28788531202622,28789411613097,1790295634701000000,1000,1
1723,152533236143283,1790295634930246390,28788536202622,28789412222468,1790295634702000000,1000,1
1724,152533237117820,1790295634931221638,28788541202622,28789413132431,1790295634703000000,1000,1
1725,152533237914910,1790295634932018688,28788546202622,28789413876393,1790295634703000000,1000,1
1726,152533239079847,1790295634933184306,28788551202622,28789414824282,1790295634704000000,1000,1
1727,152533239840859,1790295634933943986,28788556202622,28789415869097,1790295634705000000,1000,1
1728,152533240666744,1790295634934769871,28788561202622,28789416808764,1790295634706000000,1000,1
1729,152533242702021,1790295634936805819,28788566202622,28789417645319,1790295634707000000,1000,1
1730,152533244905507,1790295634939009345,28788571202622,28789418682023,1790295634708000000,1000,1
1731,152533244930765,1790295634939033711,28788576202622,28789419518616,1790295634709000000,1000,1
1732,152533245702527,1790295634939807176,28788581202622,28789420602023,1790295634710000000,1000,1
1733,152533245851659,1790295634939954786,28788586202622,28789422107690,1790295634711000000,1000,1
1734,152533246837026,1790295634940941656,28788591202622,28789422853393,1790295634712000000,1000,1
1735,152533249106116,1790295634943209924,28788596202622,28789423494949,1790295634713000000,1000,1
1736,152533249130893,1790295634943233829,28788601202622,28789424271060,1790295634714000000,1000,1
1737,152533249790072,1790295634943893880,28788606202622,28789424909505,1790295634714000000,1000,1
1738,152533250548499,1790295634944652628,28788611202622,28789425352764,1790295634715000000,1000,1
1739,152533250573416,1790295634944676373,28788616202622,28789425797875,1790295634715000000,1000,1
1740,152533250581261,1790295634944684137,28788621202622,28789426269986,1790295634716000000,1000,1
1741,152533250586792,1790295634944689648,28788626202622,28789426721134,1790295634716000000,1000,1
1742,152533250591451,1790295634944694307,28788631202622,28789427163505,1790295634717000000,1000,1
1743,152533251732753,1790295634945836461,28788636202622,28789427612171,1790295634717000000,1000,1
1744,152533251766537,1790295634945869434,28788641202622,28789428181764,1790295634718000000,1000,1
1745,152533252462707,1790295634946566905,28788646202622,28789428654912,1790295634718000000,1000,1
1746,152533253279184,1790295634947382982,28788651202622,28789429410505,1790295634719000000,1000,1
1747,152533254400238,1790295634948504036,28788656202622,28789429968356,1790295634719000000,1000,1
1748,152533254516298,1790295634948619424,28788661202622,28789430610319,1790295634720000000,1000,1
1749,152533255806853,1790295634949910611,28788666202622,28789431577245,1790295634721000000,1000,1
1750,152533256069310,1790295634950172356,28788671202622,28789432465764,1790295634722000000,1000,1
1751,152533256900445,1790295634951004163,28788676202622,28789433082319,1790295634722000000,1000,1
1752,152533257472589,1790295634951576307,28788681202622,28789433668431,1790295634723000000,1000,1
1753,152533258364930,1790295634952468728,28788686202622,28789434230171,1790295634724000000,1000,1
1754,152533258909793,1790295634953013581,28788691202622,28789435086801,1790295634724000000,1000,1
1755,152533259610160,1790295634953713938,28788696202622,28789435693097,1790295634725000000,1000,1
1756,152533261133066,1790295634955236864,28788701202622,28789436344690,1790295634726000000,1000,1
1757,152533261659493,1790295634955763291,28788706202622,28789437609023,1790295634727000000,1000,1
1758,152533262488975,1790295634956593093,28788711202622,28789438405393,1790295634728000000,1000,1
1759,152533263086256,1790295634957190044,28788716202622,28789439167690,1790295634729000000,1000,1
1760,152533263854301,1790295634957958089,28788721202622,28789439832801,1790295634729000000,1000,1
1761,152533264501498,1790295634958605296,28788726202622,28789440605912,1790295634730000000,1000,1
1762,152533266433319,1790295634960537107,28788731202622,28789441263023,1790295634731000000,1000,1
1763,152533267013749,1790295634961117547,28788736202622,28789441983764,1790295634731000000,1000,1
1764,152533267039678,1790295634961142614,28788741202622,28789442747690,1790295634732000000,1000,1
1765,152533267618214,1790295634961722012,28788746202622,28789443532282,1790295634733000000,1000,1
1766,152533268312340,1790295634962416137,28788751202622,28789444392505,1790295634734000000,1000,1
1767,152533269178521,1790295634963281657,28788756202622,28789445088579,1790295634734000000,1000,1
1768,152533269927289,1790295634964031077,28788761202622,28789445741875,1790295634735000000,1000,1
1769,152533273314708,1790295634967418506,28788766202622,28789446680616,1790295634736000000,1000,1
1770,152533276504983,1790295634970609974,28788771202622,28789449884208,1790295634739000000,1000,1
1771,152533276547564,1790295634970650510,28788776202622,28789450866764,1790295634740000000,1000,1
1772,152533276554427,1790295634970657303,28788781202622,28789451482134,1790295634741000000,1000,1
1773,152533276561651,1790295634970664517,28788786202622,28789452152245,1790295634742000000,1000,1
1774,152533277650174,1790295634971753881,28788791202622,28789452805579,1790295634742000000,1000,1
1775,152533277691672,1790295634971794599,28788796202622,28789454282616,1790295634744000000,1000,1
1776,152533278561300,1790295634972665008,28788801202622,28789454841134,1790295634744000000,1000,1
1777,152533278694142,1790295634972797068,28788806202622,28789455315430,1790295634745000000,1000,1
1778,152533279698105,1790295634973802223,28788811202622,28789455783653,1790295634745000000,1000,1
1779,152533280037147,1790295634974140274,28788816202622,28789456313579,1790295634746000000,1000,1
1780,152533281495921,1790295634975599719,28788821202622,28789456856579,1790295634746000000,1000,1
1781,152533281521159,1790295634975624185,28788826202622,28789457283468,1790295634747000000,1000,1
1782,152533281528964,1790295634975631840,28788831202622,28789457739282,1790295634747000000,1000,1
1783,152533289600328,1790295634983704918,28788836202622,28789458274986,1790295634748000000,1000,1
1784,152533289645474,1790295634983748410,28788841202622,28789458816282,1790295634748000000,1000,1
1785,152533289653569,1790295634983756435,28788846202622,28789459370282,1790295634749000000,1000,1
1786,152533289660312,1790295634983763178,28788851202622,28789459864356,1790295634749000000,1000,1
1787,152533289686371,1790295634983789217,28788856202622,28789460533208,1790295634750000000,1000,1
1788,152533289690870,1790295634983793716,28788861202622,28789461136171,1790295634751000000,1000,1
1789,152533289695388,1790295634983798234,28788866202622,28789461640986,1790295634751000000,1000,1
1790,152533289700959,1790295634983803805,28788871202622,28789462133245,1790295634752000000,1000,1
1791,152533289705467,1790295634983808313,28788876202622,28789462789912,1790295634752000000,1000,1
1792,152533289710156,1790295634983813002,28788881202622,28789463369801,1790295634753000000,1000,1
1793,152533289714535,1790295634983817381,28788886202622,28789463852282,1790295634753000000,1000,1
1794,152533289719163,1790295634983822009,28788891202622,28789464964282,1790295634754000000,1000,1
1795,152533291033123,1790295634985136851,28788896202622,28789465555949,1790295634755000000,1000,1
1796,152533291807390,1790295634985911188,28788901202622,28789467892393,1790295634757000000,1000,1
1797,152533291947505,1790295634986050642,28788906202622,28789468554764,1790295634758000000,1000,1
1798,152533292660807,1790295634986764875,28788911202622,28789468991393,1790295634758000000,1000,1
1799,152533292839265,1790295634986942381,28788916202622,28789469426060,1790295634759000000,1000,1
1800,152533325687253,1790295635019791973,28788921202622,28789501620430,1790295634791000000,1000,1
1801,152533325800678,1790295635019903995,28788926202622,28789502154616,1790295634792000000,1000,1
1802,152533325831636,1790295635019934533,28788931202622,28789502575134,1790295634792000000,1000,1
1803,152533326635109,1790295635020739739,28788936202622,28789502979579,1790295634792000000,1000,1
1804,152533326675385,1790295635020778282,28788941202622,28789503363467,1790295634793000000,1000,1
1805,152533327319276,1790295635021423905,28788946202622,28789503668023,1790295634793000000,1000,1
1806,152533327381754,1790295635021484630,28788951202622,28789503958764,1790295634793000000,1000,1
1807,152533328086089,1790295635022190618,28788956202622,28789504267986,1790295634794000000,1000,1
1808,152533328126355,1790295635022229231,28788961202622,28789504547912,1790295634794000000,1000,1
1809,152533328151994,1790295635022254850,28788966202622,28789504812949,1790295634794000000,1000,1
1810,152533328155811,1790295635022258657,28788971202622,28789505089949,1790295634794000000,1000,1
1811,152533328875465,1790295635022980345,28788976202622,28789505351467,1790295634795000000,1000,1
1812,152533328916172,1790295635023019048,28788981202622,28789505622319,1790295634795000000,1000,1
1813,152533329737348,1790295635023841156,28788986202622,28789505884467,1790295634795000000,1000,1
1814,152533329762436,1790295635023865362,28788991202622,28789506153097,1790295634796000000,1000,1
1815,152533330165139,1790295635024268937,28788996202622,28789506414616,1790295634796000000,1000,1
1816,152533330190747,1790295635024293684,28789001202622,28789506689097,1790295634796000000,1000,1
1817,152533330652031,1790295635024755829,28789006202622,28789506963653,1790295634796000000,1000,1
1818,152533330677991,1790295635024780927,28789011202622,28789507225912,1790295634797000000,1000,1
1819,152533331492895,1790295635025596613,28789016202622,28789507500356,1790295634797000000,1000,1
1820,152533331515137,1790295635025618033,28789021202622,28789507761208,1790295634797000000,1000,1
1821,152533331532710,1790295635025635577,28789026202622,28789508127282,1790295634798000000,1000,1
1822,152533331908793,1790295635026011840,28789031202622,28789508410616,1790295634798000000,1000,1
1823,152533331917169,1790295635026020055,28789036202622,28789508704134,1790295634798000000,1000,1
1824,152533332552353,1790295635026656401,28789041202622,28789508987653,1790295634798000000,1000,1
1825,152533332940067,1790295635027043805,28789046202622,28789509319505,1790295634799000000,1000,1
1826,152533333421790,1790295635027525498,28789051202622,28789509767245,1790295634799000000,1000,1
1827,152533333445004,1790295635027547891,28789056202622,28789510124875,1790295634800000000,1000,1
1828,152533333687774,1790295635027790901,28789061202622,28789510439949,1790295634800000000,1000,1
1829,152533333990418,1790295635028093545,28789066202622,28789510754245,1790295634800000000,1000,1
1830,152533334329931,1790295635028433058,28789071202622,28789511039245,1790295634800000000,1000,1
1831,152533334774093,1790295635028877250,28789076202622,28789511330319,1790295634801000000,1000,1
1832,152533335173540,1790295635029276667,28789081202622,28789511612764,1790295634801000000,1000,1
1833,152533335495140,1790295635029598266,28789086202622,28789512102912,1790295634801000000,1000,1
1834,152533336699422,1790295635030803300,28789091202622,28789512571912,1790295634802000000,1000,1
1835,152533336756400,1790295635030859486,28789096202622,28789513278801,1790295634803000000,1000,1
1836,152533337549252,1790295635031653050,28789101202622,28789513793319,1790295634803000000,1000,1
1837,152533339941185,1790295635034044983,28789106202622,28789515816282,1790295634805000000,1000,1
1838,152533340919770,1790295635035024449,28789111202622,28789516624208,1790295634806000000,1000,1
1839,152533340962420,1790295635035065357,28789116202622,28789517285949,1790295634807000000,1000,1
1840,152533341875461,1790295635035980170,28789121202622,28789517898282,1790295634807000000,1000,1
1841,152533342779544,1790295635036883312,28789126202622,28789518538393,1790295634808000000,1000,1
1842,152533342804902,1790295635036907848,28789131202622,28789519156690,1790295634809000000,1000,1
1843,152533343675372,1790295635037779170,28789136202622,28789519735875,1790295634809000000,1000,1
1844,152533344679194,1790295635038782942,28789141202622,28789520791208,1790295634810000000,1000,1
1845,152533345181406,1790295635039284432,28789146202622,28789521434060,1790295634811000000,1000,1
1846,152533345538542,1790295635039641569,28789151202622,28789522025764,1790295634811000000,1000,1
1847,152533346035003,1790295635040138030,28789156202622,28789522559949,1790295634812000000,1000,1
1848,152533346681819,1790295635040784986,28789161202622,28789523051356,1790295634812000000,1000,1
1849,152533347288879,1790295635041392657,28789166202622,28789523511430,1790295634813000000,1000,1
1850,152533347590762,1790295635041693878,28789171202622,28789523971467,1790295634813000000,1000,1
1851,152533347947588,1790295635042050704,28789176202622,28789524554690,1790295634814000000,1000,1
1852,152533348630472,1790295635042734189,28789181202622,28789524918653,1790295634814000000,1000,1
1853,152533348653345,1790295635042756261,28789186202622,28789525223579,1790295634815000000,1000,1
1854,152533349025751,1790295635043129799,28789191202622,28789525506505,1790295634815000000,1000,1
1855,152533349858128,1790295635043961905,28789196202622,28789525788764,1790295634815000000,1000,1
1855,152533349883155,1790295635043986091,28789196202622,28789525788764,1790295634815000000,1000,1
1856,152533349891371,1790295635043994217,28789201202622,28789526105171,1790295634815000000,1000,1
1857,152533349897753,1790295635044000619,28789206202622,28789526386467,1790295634816000000,1000,1
1858,152533350039902,1790295635044143029,28789211202622,28789526665653,1790295634816000000,1000,1
1859,152533350051805,1790295635044154741,28789216202622,28789526964727,1790295634816000000,1000,1
1860,152533351430326,1790295635045534144,28789221202622,28789527236690,1790295634817000000,1000,1
1861,152533351455354,1790295635045558290,28789226202622,28789527518467,1790295634817000000,1000,1
1862,152533352540249,1790295635046644418,28789231202622,28789527786134,1790295634817000000,1000,1
1863,152533352565156,1790295635046668093,28789236202622,28789528108579,1790295634817000000,1000,1
1864,152533352585956,1790295635046688812,28789241202622,28789528380319,1790295634818000000,1000,1
1865,152533353019137,1790295635047122945,28789246202622,28789528656505,1790295634818000000,1000,1
1866,152533353045236,1790295635047148153,28789251202622,28789528923134,1790295634818000000,1000,1
1867,152533353051959,1790295635047154825,28789256202622,28789529219319,1790295634819000000,1000,1
1868,152533353093067,1790295635047195953,28789261202622,28789529768690,1790295634819000000,1000,1
1869,152533353747116,1790295635047850904,28789266202622,28789530118282,1790295634819000000,1000,1
1870,152533355814444,1790295635049918292,28789271202622,28789530481764,1790295634820000000,1000,1
1871,152533356057795,1790295635050160922,28789276202622,28789532532616,1790295634822000000,1000,1
1872,152533356875094,1790295635050978892,28789281202622,28789533125986,1790295634823000000,1000,1
1873,152533357755672,1790295635051859751,28789286202622,28789533638134,1790295634823000000,1000,1
1874,152533357782423,1790295635051885369,28789291202622,28789534133505,1790295634824000000,1000,1
1875,152533359189509,1790295635053293487,28789296202622,28789534583319,1790295634824000000,1000,1
1876,152533359210919,1790295635053313785,28789301202622,28789535044319,1790295634824000000,1000,1
1877,152533359216891,1790295635053319757,28789306202622,28789535457430,1790295634825000000,1000,1
1878,152533359247979,1790295635053350836,28789311202622,28789535865579,1790295634825000000,1000,1
1879,152533359994925,1790295635054099023,28789316202622,28789536315134,1790295634826000000,1000,1
1880,152533360470776,1790295635054574584,28789321202622,28789536765653,1790295634826000000,1000,1
1881,152533361093777,1790295635055197565,28789326202622,28789537262282,1790295634827000000,1000,1
1882,152533361118273,1790295635055221190,28789331202622,28789537747505,1790295634827000000,1000,1
1883,152533361832747,1790295635055936545,28789336202622,28789538187801,1790295634828000000,1000,1
1884,152533361857765,1790295635055960721,28789341202622,28789538631986,1790295634828000000,1000,1
1885,152533362710301,1790295635056814108,28789346202622,28789539051653,1790295634828000000,1000,1
1886,152533362853692,1790295635056956819,28789351202622,28789539473616,1790295634829000000,1000,1
1887,152533363589086,1790295635057692794,28789356202622,28789539881690,1790295634829000000,1000,1
1888,152533363742907,1790295635057845934,28789361202622,28789540354319,1790295634830000000,1000,1
1889,152533364663071,1790295635058766819,28789366202622,28789540770171,1790295634830000000,1000,1
1890,152533364706624,1790295635058809640,28789371202622,28789541190690,1790295634831000000,1000,1
1891,152533365324505,1790295635059428252,28789376202622,28789541652430,1790295634831000000,1000,1
1892,152533365949249,1790295635060053056,28789381202622,28789542093579,1790295634831000000,1000,1
1892,152533366024161,1790295635060127227,28789381202622,28789542093579,1790295634831000000,1000,1
1893,152533366050020,1790295635060152906,28789386202622,28789542541356,1790295634832000000,1000,1
1894,152533366939405,1790295635061043203,28789391202622,28789543147616,1790295634833000000,1000,1
1895,152533367674849,1790295635061778637,28789396202622,28789543676690,1790295634833000000,1000,1
1896,152533367712610,1790295635061815537,28789401202622,28789544268430,1790295634834000000,1000,1
1897,152533368673210,1790295635062776928,28789406202622,28789544755282,1790295634834000000,1000,1
1898,152533368694511,1790295635062797397,28789411202622,28789545247393,1790295634835000000,1000,1
1899,152533369583104,1790295635063686882,28789416202622,28789545700319,1790295634835000000,1000,1
1900,152533370027516,1790295635064131314,28789421202622,28789546418171,1790295634836000000,1000,1
1901,152533370766737,1790295635064870525,28789426202622,28789546923467,1790295634836000000,1000,1
1902,152533372677668,1790295635066781485,28789431202622,28789547410171,1790295634837000000,1000,1
1903,152533373174018,1790295635067277856,28789436202622,28789549406912,1790295634839000000,1000,1
1904,152533373677172,1790295635067780980,28789441202622,28789549914875,1790295634839000000,1000,1
1905,152533374275045,1790295635068378823,28789446202622,28789550424282,1790295634840000000,1000,1
1906,152533375029084,1790295635069132872,28789451202622,28789550927282,1790295634840000000,1000,1
1907,152533375054331,1790295635069157268,28789456202622,28789551404912,1790295634841000000,1000,1
1908,152533375515546,1790295635069619323,28789461202622,28789551839912,1790295634841000000,1000,1
1909,152533375540443,1790295635069643389,28789466202622,28789552293245,1790295634842000000,1000,1
1910,152533376147042,1790295635070250179,28789471202622,28789552709801,1790295634842000000,1000,1
1911,152533376696874,1790295635070800652,28789476202622,28789553157023,1790295634843000000,1000,1
1912,152533377110678,1790295635071214476,28789481202622,28789553543023,1790295634843000000,1000,1
1913,152533377226147,1790295635071329293,28789486202622,28789553891505,1790295634843000000,1000,1
1914,152533377976188,1790295635072080016,28789491202622,28789554260319,1790295634844000000,1000,1
1915,152533378116774,1790295635072219911,28789496202622,28789554740542,1790295634844000000,1000,1
1916,152533378662308,1790295635072766076,28789501202622,28789555110393,1790295634844000000,1000,1
1917,152533378811671,1790295635072914797,28789506202622,28789555460986,1790295634845000000,1000,1
1918,152533379416917,1790295635073521116,28789511202622,28789555774208,1790295634845000000,1000,1
1919,152533379445241,1790295635073548207,28789516202622,28789556114579,1790295634845000000,1000,1
1920,152533379757493,1790295635073860549,28789521202622,28789556409430,1790295634846000000,1000,1
1921,152533379779534,1790295635073882471,28789526202622,28789556702282,1790295634846000000,1000,1
1922,152533380630717,1790295635074734545,28789531202622,28789556988023,1790295634846000000,1000,1
1923,152533380652118,1790295635074755014,28789536202622,28789557291208,1790295634847000000,1000,1
1924,152533381044131,1790295635075147879,28789541202622,28789557564505,1790295634847000000,1000,1
1925,152533381105667,1790295635075208704,28789546202622,28789557841727,1790295634847000000,1000,1
1926,152533381728247,1790295635075831374,28789551202622,28789558136171,1790295634848000000,1000,1
1927,152533382100352,1790295635076203479,28789556202622,28789558589023,1790295634848000000,1000,1
1928,152533391596286,1790295635085701006,28789561202622,28789561271097,1790295634851000000,1000,1
1929,152533391638506,1790295635085741452,28789566202622,28789566355171,1790295634856000000,1000,1
1930,152533395252784,1790295635089357443,28789571202622,28789571204653,1790295634861000000,1000,1
1931,152533400048011,1790295635094151819,28789576202622,28789576205690,1790295634866000000,1000,1
1932,152533406036668,1790295635100140476,28789581202622,28789581981467,1790295634871000000,1000,1
1933,152533410082104,1790295635104185902,28789586202622,28789586205949,1790295634876000000,1000,1
1934,152533415014721,1790295635109118609,28789591202622,28789591206504,1790295634881000000,1000,1
1935,152533419789058,1790295635113892245,28789596202622,28789596206986,1790295634886000000,1000,1
1936,152533424964183,1790295635119067350,28789601202622,28789601210579,1790295634891000000,1000,1
1937,152533430231265,1790295635124336395,28789606202622,28789606209986,1790295634896000000,1000,1
1938,152533436093572,1790295635130198291,28789611202622,28789611205764,1790295634901000000,1000,1
1939,152533440356889,1790295635134461519,28789616202622,28789616205208,1790295634906000000,1000,1
1940,152533445407100,1790295635139511699,28789621202622,28789621209653,1790295634911000000,1000,1
1941,152533450776383,1790295635144881273,28789626202622,28789626722838,1790295634916000000,1000,1
1942,152533455285708,1790295635149390338,28789631202622,28789631206875,1790295634921000000,1000,1
1943,152533460113766,1790295635154218756,28789636202622,28789636208097,1790295634926000000,1000,1
1944,152533465226003,1790295635159330803,28789641202622,28789641206319,1790295634931000000,1000,1
1945,152533470138731,1790295635164243351,28789646202622,28789646206949,1790295634936000000,1000,1
1946,152533475365586,1790295635169470196,28789651202622,28789651209467,1790295634941000000,1000,1
1947,152533480332869,1790295635174437790,28789656202622,28789656302504,1790295634946000000,1000,1
1948,152533485456538,1790295635179561417,28789661202622,28789661210356,1790295634951000000,1000,1
1949,152533491697663,1790295635185802383,28789666202622,28789666210912,1790295634956000000,1000,1
1950,152533495429225,1790295635189533934,28789671202622,28789671211171,1790295634961000000,1000,1
1951,152533500214203,1790295635194318842,28789676202622,28789676208393,1790295634966000000,1000,1
1952,152533505585379,1790295635199690009,28789681202622,28789681212319,1790295634971000000,1000,1
1953,152533510794240,1790295635204898970,28789686202622,28789686211060,1790295634976000000,1000,1
1954,152533515558088,1790295635209662708,28789691202622,28789691208616,1790295634981000000,1000,1
1955,152533520233809,1790295635214338438,28789696202622,28789696208282,1790295634986000000,1000,1
1956,152533525486581,1790295635219591230,28789701202622,28789701364319,1790295634991000000,1000,1
1957,152533530346730,1790295635224451360,28789706202622,28789706208245,1790295634996000000,1000,1
1958,152533535548878,1790295635229653508,28789711202622,28789711209356,1790295635001000000,1000,1
1959,152533540372608,1790295635234477237,28789716202622,28789716205430,1790295635006000000,1000,1
1960,152533545365299,1790295635239470099,28789721202622,28789721207356,1790295635011000000,1000,1
1961,152533550353640,1790295635244458680,28789726202622,28789726209986,1790295635016000000,1000,1
1962,152533556511056,1790295635250615756,28789731202622,28789731210097,1790295635021000000,1000,1
1963,152533560326427,1790295635254431156,28789736202622,28789736205467,1790295635026000000,1000,1
1964,152533564891786,1790295635258996616,28789741202622,28789741205060,1790295635031000000,1000,1
1965,152533570910532,1790295635265015162,28789746202622,28789746453282,1790295635036000000,1000,1
1966,152533575875369,1790295635269979998,28789751202622,28789751211912,1790295635041000000,1000,1
1967,152533580034040,1790295635274137798,28789756202622,28789756205171,1790295635046000000,1000,1
1968,152533585314134,1790295635279418834,28789761202622,28789761205467,1790295635051000000,1000,1
1969,152533592214259,1790295635286319299,28789766202622,28789766210504,1790295635056000000,1000,1
1970,152533595561903,1790295635289666612,28789771202622,28789771213393,1790295635061000000,1000,1
1971,152533600424796,1790295635294529446,28789776202622,28789776208245,1790295635066000000,1000,1
1972,152533606942548,1790295635301047167,28789781202622,28789782549319,1790295635072000000,1000,1
1973,152533611002821,1790295635305107841,28789786202622,28789786362838,1790295635076000000,1000,1
1974,152533615604820,1790295635309709590,28789791202622,28789791416615,1790295635081000000,1000,1
1975,152533620640923,1790295635314745573,28789796202622,28789796377319,1790295635086000000,1000,1
1976,152533627337092,1790295635321441711,28789801202622,28789801209171,1790295635091000000,1000,1
1977,152533630503732,1790295635324608371,28789806202622,28789806207764,1790295635096000000,1000,1
1978,152533635384130,1790295635329488770,28789811202622,28789811210356,1790295635101000000,1000,1
1979,152533640596468,1790295635334700266,28789816202622,28789816354986,1790295635106000000,1000,1
1980,152533645209549,1790295635339314449,28789821202622,28789821209986,1790295635111000000,1000,1
1981,152533650059028,1790295635344162826,28789826202622,28789826207319,1790295635116000000,1000,1
1982,152533656601524,1790295635350706163,28789831202622,28789832347319,1790295635122000000,1000,1
1983,152533660611052,1790295635354716012,28789836202622,28789836207986,1790295635126000000,1000,1
1984,152533665418162,1790295635359522821,28789841202622,28789841206245,1790295635131000000,1000,1
1985,152533672073412,1790295635366178262,28789846202622,28789846207356,1790295635136000000,1000,1
1986,152533676081167,1790295635370186167,28789851202622,28789851213949,1790295635141000000,1000,1
1987,152533680150748,1790295635374255377,28789856202622,28789856206690,1790295635146000000,1000,1
1988,152533685141565,1790295635379246165,28789861202622,28789861207615,1790295635151000000,1000,1
1989,152533690359032,1790295635384462860,28789866202622,28789866209727,1790295635156000000,1000,1
1990,152533696133353,1790295635390237932,28789871202622,28789871207282,1790295635161000000,1000,1
1991,152533700117262,1790295635394221862,28789876202622,28789876208727,1790295635166000000,1000,1
1992,152533706402030,1790295635400506649,28789881202622,28789882243393,1790295635172000000,1000,1
1993,152533710091041,1790295635404194839,28789886202622,28789886205949,1790295635176000000,1000,1
1994,152533715722753,1790295635409827393,28789891202622,28789891209097,1790295635181000000,1000,1
1995,152533720528460,1790295635414633090,28789896202622,28789896206764,1790295635186000000,1000,1
1996,152533725489901,1790295635419594540,28789901202622,28789901209282,1790295635191000000,1000,1
1997,152533730151535,1790295635424256164,28789906202622,28789906206727,1790295635196000000,1000,1
1998,152533735302787,1790295635429407827,28789911202622,28789911207171,1790295635201000000,1000,1
1999,152533740833966,1790295635434937884,28789916202622,28789916210430,1790295635206000000,1000,1
2000,152533785946061,1790295635480050700,28789921202622,28789961898764,1790295635251000000,1000,1
2001,152533786029218,1790295635480132445,28789926202622,28789962409060,1790295635252000000,1000,1
2002,152533786871063,1790295635480975683,28789931202622,28789963005208,1790295635252000000,1000,1
2003,152533787610765,1790295635481715454,28789936202622,28789963514912,1790295635253000000,1000,1
2004,152533788257931,1790295635482362871,28789941202622,28789964234652,1790295635254000000,1000,1
2005,152533789965837,1790295635484070386,28789946202622,28789964823282,1790295635254000000,1000,1
2006,152533790006303,1790295635484109200,28789951202622,28789965368801,1790295635255000000,1000,1
2007,152533790011243,1790295635484114089,28789956202622,28789965860393,1790295635255000000,1000,1
2008,152533790017545,1790295635484120381,28789961202622,28789966390171,1790295635256000000,1000,1
2009,152533790776342,1790295635484880972,28789966202622,28789966901949,1790295635256000000,1000,1
2010,152533797590673,1790295635491695302,28789971202622,28789971211319,1790295635261000000,1000,1
2011,152533800139001,1790295635494243701,28789976202622,28789976207615,1790295635266000000,1000,1
2012,152533806812506,1790295635500917226,28789981202622,28789981206875,1790295635271000000,1000,1
2013,152533810925601,1790295635505030280,28789986202622,28789986209245,1790295635276000000,1000,1
2014,152533815333492,1790295635509438131,28789991202622,28789991206097,1790295635281000000,1000,1
2015,152533820108258,1790295635514213178,28789996202622,28789996205393,1790295635286000000,1000,1
2016,152533826095545,1790295635520200174,28790001202622,28790001205134,1790295635291000000,1000,1
2017,152533830356488,1790295635524461167,28790006202622,28790006206986,1790295635296000000,1000,1
2018,152533835236415,1790295635529341045,28790011202622,28790011205875,1790295635301000000,1000,1
2019,152533840529774,1790295635534634915,28790016202622,28790016210689,1790295635306000000,1000,1
2020,152533845396036,1790295635539500696,28790021202622,28790021207467,1790295635311000000,1000,1
2021,152533849988748,1790295635544093407,28790026202622,28790026207986,1790295635316000000,1000,1
2022,152533855221322,1790295635549325961,28790031202622,28790031205319,1790295635321000000,1000,1
2023,152533860471248,1790295635554575898,28790036202622,28790036207023,1790295635326000000,1000,1
2024,152533865428332,1790295635559533122,28790041202622,28790041208282,1790295635331000000,1000,1
2025,152533870641449,1790295635564746209,28790046202622,28790046209689,1790295635336000000,1000,1
2026,152533875794975,1790295635569899083,28790051202622,28790051331504,1790295635341000000,1000,1
2027,152533880438595,1790295635574543324,28790056202622,28790056211171,1790295635346000000,1000,1
2028,152533885216107,1790295635579320125,28790061202622,28790061229319,1790295635351000000,1000,1
2029,152533890613054,1790295635584716210,28790066202622,28790066211578,1790295635356000000,1000,1
2030,152533895646612,1790295635589749769,28790071202622,28790071403800,1790295635361000000,1000,1
2031,152533899937301,1790295635594040518,28790076202622,28790076206060,1790295635366000000,1000,1
2032,152533905161651,1790295635599264858,28790081202622,28790081207245,1790295635371000000,1000,1
2033,152533910134023,1790295635604237230,28790086202622,28790086208282,1790295635376000000,1000,1
2034,152533915642260,1790295635609746910,28790091202622,28790091212838,1790295635381000000,1000,1
2035,152533920999182,1790295635615102979,28790096202622,28790096206726,1790295635386000000,1000,1
2036,152533925454394,1790295635619558182,28790101202622,28790101207838,1790295635391000000,1000,1
2037,152533930643516,1790295635624747334,28790106202622,28790106462319,1790295635396000000,1000,1
2038,152533935302404,1790295635629407064,28790111202622,28790111205319,1790295635401000000,1000,1
2039,152533940702267,1790295635634807217,28790116202622,28790116207060,1790295635406000000,1000,1
2040,152533945423933,1790295635639528572,28790121202622,28790121206097,1790295635411000000,1000,1
2041,152533950561679,1790295635644666649,28790126202622,28790126209097,1790295635416000000,1000,1
2042,152533955845610,1790295635649950540,28790131202622,28790131209467,1790295635421000000,1000,1
2043,152533960646258,1790295635654751178,28790136202622,28790136206171,1790295635426000000,1000,1
2044,152533966104680,1790295635660209560,28790141202622,28790141205282,1790295635431000000,1000,1
2045,152533970685641,1790295635664790270,28790146202622,28790146206949,1790295635436000000,1000,1
2046,152533976148213,1790295635670252812,28790151202622,28790151418245,1790295635441000000,1000,1
2047,152533980219196,1790295635674323805,28790156202622,28790156211134,1790295635446000000,1000,1
2048,152533985637704,1790295635679740840,28790161202622,28790161207319,1790295635451000000,1000,1
2049,152533990475731,1790295635684580371,28790166202622,28790166212134,1790295635456000000,1000,1
2050,152533996277324,1790295635690381953,28790171202622,28790171708504,1790295635461000000,1000,1
2051,152534003804118,1790295635697908757,28790176202622,28790176206356,1790295635466000000,1000,1
2052,152534005209891,1790295635699313609,28790181202622,28790181207949,1790295635471000000,1000,1
2053,152534010426015,1790295635704529813,28790186202622,28790186211171,1790295635476000000,1000,1
2054,152534015279000,1790295635709383119,28790191202622,28790191208356,1790295635481000000,1000,1
2055,152534020539317,1790295635714644036,28790196202622,28790196207171,1790295635486000000,1000,1
2056,152534025708032,1790295635719812691,28790201202622,28790201212430,1790295635491000000,1000,1
2057,152534030245600,1790295635724349398,28790206202622,28790206206949,1790295635496000000,1000,1
2058,152534035285560,1790295635729390530,28790211202622,28790211204578,1790295635501000000,1000,1
2059,152534040438513,1790295635734543594,28790216202622,28790216207874,1790295635506000000,1000,1
2060,152534045811456,1790295635739915253,28790221202622,28790221386171,1790295635511000000,1000,1
2061,152534050108829,1790295635744212636,28790226202622,28790226205393,1790295635516000000,1000,1
2062,152534055421395,1790295635749525193,28790231202622,28790231208393,1790295635521000000,1000,1
2063,152534060306943,1790295635754411923,28790236202622,28790236209245,1790295635526000000,1000,1
2064,152534065485034,1790295635759588862,28790241202622,28790241209986,1790295635531000000,1000,1
2065,152534070421468,1790295635764525296,28790246202622,28790246207319,1790295635536000000,1000,1
2066,152534075813925,1790295635769918535,28790251202622,28790251207319,1790295635541000000,1000,1
2067,152534080193334,1790295635774297052,28790256202622,28790256207393,1790295635546000000,1000,1
2068,152534085293427,1790295635779398347,28790261202622,28790261205023,1790295635551000000,1000,1
2069,152534090413189,1790295635784517819,28790266202622,28790266208467,1790295635556000000,1000,1
2070,152534095324607,1790295635789429236,28790271202622,28790271205800,1790295635561000000,1000,1
2071,152534100241943,1790295635794346573,28790276202622,28790276211208,1790295635566000000,1000,1
2072,152534105654589,1790295635799759219,28790281202622,28790281207986,1790295635571000000,1000,1
2073,152534112906562,1790295635807011171,28790286202622,28790287758800,1790295635577000000,1000,1
2074,152534114908956,1790295635809013575,28790291202622,28790291206689,1790295635581000000,1000,1
2075,152534120071818,1790295635814176908,28790296202622,28790296206800,1790295635586000000,1000,1
2076,152534125189786,1790295635819294907,28790301202622,28790301208837,1790295635591000000,1000,1
2077,152534130112514,1790295635824217224,28790306202622,28790306206689,1790295635596000000,1000,1
2078,152534135223159,1790295635829328089,28790311202622,28790311205874,1790295635601000000,1000,1
2079,152534139960585,1790295635834065224,28790316202622,28790316207134,1790295635606000000,1000,1
2080,152534145407978,1790295635839512607,28790321202622,28790321212171,1790295635611000000,1000,1
2081,152534150361473,1790295635844466132,28790326202622,28790326212430,1790295635616000000,1000,1
2082,152534155139846,1790295635849244566,28790331202622,28790331209134,1790295635621000000,1000,1
2083,152534160458605,1790295635854563525,28790336202622,28790336208652,1790295635626000000,1000,1
2084,152534165392183,1790295635859497203,28790341202622,28790341206986,1790295635631000000,1000,1
2085,152534171294618,1790295635865399248,28790346202622,28790346211208,1790295635636000000,1000,1
2086,152534175493766,1790295635869598486,28790351202622,28790351209800,1790295635641000000,1000,1
2087,152534180243206,1790295635874347856,28790356202622,28790356207578,1790295635646000000,1000,1
