
========================================================================
Starting PrivyHub Linux native-video backend v0.7
Profile: native_game_720p60_reference 1280x720@60, 7000/7000 kbps H.264 VAAPI, GOP=15, BF=0
Capture backend: exact X11 window via x11grab
Capture: managed RetroArch window (pid=1451812, window_id=60817410, discovered=1920x1080)
Window title: RetroArch Beetle PSX HW <ipv4> 82d8e05 || FPS:  60.84 || Frames: 512
Video FEC: XOR 8+1; FFmpeg RTP -> loopback relay -> onn; encoder=7000 kbps
========================================================================
encoder argv: /usr/bin/ffmpeg -hide_banner -loglevel info -nostdin -vaapi_device /dev/dri/renderD128 -f x11grab -framerate 60 -window_id 60817410 -i :0 -vf scale=1280:720:force_original_aspect_ratio=decrease:flags=fast_bilinear,pad=1280:720:(ow-iw)/2:(oh-ih)/2:black,format=nv12,hwupload -an -c:v h264_vaapi -profile:v high -b:v 7000k -maxrate 7000k -bufsize 7000k -max_frame_size 90000 -g 15 -bf 0 -payload_type 96 -f rtp rtp://<ipv4>:48110?pkt_size=1200
[x11grab @ 0x5599b2b13cc0] Stream #0: not enough frames to estimate rate; consider increasing probesize
Input #0, x11grab, from ':0':
  Duration: N/A, start: 1790887339.951350, bitrate: 3981312 kb/s
  Stream #0:0: Video: rawvideo (BGR[0] / 0x524742), bgr0, 1920x1080, 3981312 kb/s, 60 fps, 1000k tbr, 1000k tbn
Stream mapping:
  Stream #0:0 -> #0:0 (rawvideo (native) -> h264 (h264_vaapi))
Output #0, rtp, to 'rtp://<ipv4>:48110?pkt_size=1200':
  Metadata:
    encoder         : Lavf61.7.103
  Stream #0:0: Video: h264 (High), vaapi(tv, progressive), 1280x720, q=2-31, 7000 kb/s, 60 fps, 90k tbn
      Metadata:
        encoder         : Lavc61.19.101 h264_vaapi
SDP:
v=0
o=- 0 0 IN IP4 <ipv4>
s=No Name
c=IN IP4 <ipv4>
t=0 0
a=tool:libavformat 61.7.103
m=video 48110 RTP/AVP 96
b=AS:7000
a=rtpmap:96 H264/90000
a=fmtp:96 packetization-mode=1

frame=   30 fps=0.0 q=-0.0 size=     203KiB time=00:00:00.50 bitrate=3320.7kbits/s speed=   1x    
frame=   60 fps= 60 q=-0.0 size=     636KiB time=00:00:01.00 bitrate=5208.8kbits/s speed=   1x    
frame=   90 fps= 60 q=-0.0 size=    1069KiB time=00:00:01.50 bitrate=5838.1kbits/s speed=   1x    
frame=  120 fps= 60 q=-0.0 size=    1502KiB time=00:00:02.00 bitrate=6152.8kbits/s speed=   1x    
frame=  150 fps= 60 q=-0.0 size=    1935KiB time=00:00:02.50 bitrate=6341.6kbits/s speed=   1x    
frame=  180 fps= 60 q=-0.0 size=    2368KiB time=00:00:03.00 bitrate=6467.5kbits/s speed=   1x    
frame=  210 fps= 60 q=-0.0 size=    2802KiB time=00:00:03.50 bitrate=6557.4kbits/s speed=   1x    
frame=  240 fps= 60 q=-0.0 size=    3235KiB time=00:00:04.00 bitrate=6624.8kbits/s speed=   1x    
frame=  270 fps= 60 q=-0.0 size=    3668KiB time=00:00:04.50 bitrate=6677.3kbits/s speed=   1x    
frame=  300 fps= 60 q=-0.0 size=    4101KiB time=00:00:05.00 bitrate=6719.2kbits/s speed=   1x    
frame=  330 fps= 60 q=-0.0 size=    4534KiB time=00:00:05.50 bitrate=6753.6kbits/s speed=   1x    
frame=  360 fps= 60 q=-0.0 size=    4967KiB time=00:00:06.00 bitrate=6782.2kbits/s speed=   1x    
frame=  390 fps= 60 q=-0.0 size=    5401KiB time=00:00:06.50 bitrate=6806.3kbits/s speed=   1x    
frame=  420 fps= 60 q=-0.0 size=    5834KiB time=00:00:07.00 bitrate=6826.9kbits/s speed=   1x    
frame=  450 fps= 60 q=-0.0 size=    6267KiB time=00:00:07.50 bitrate=6844.8kbits/s speed=   1x    
frame=  480 fps= 60 q=-0.0 size=    6700KiB time=00:00:08.00 bitrate=6860.5kbits/s speed=   1x    
frame=  510 fps= 60 q=-0.0 size=    7133KiB time=00:00:08.50 bitrate=6874.4kbits/s speed=   1x    
frame=  540 fps= 60 q=-0.0 size=    7566KiB time=00:00:09.00 bitrate=6886.7kbits/s speed=   1x    
frame=  570 fps= 60 q=-0.0 size=    7999KiB time=00:00:09.50 bitrate=6897.6kbits/s speed=   1x    
frame=  600 fps= 60 q=-0.0 size=    8432KiB time=00:00:10.00 bitrate=6907.4kbits/s speed=   1x    
frame=  630 fps= 60 q=-0.0 size=    8865KiB time=00:00:10.50 bitrate=6916.5kbits/s speed=   1x    
frame=  660 fps= 60 q=-0.0 size=    9298KiB time=00:00:11.00 bitrate=6924.7kbits/s speed=   1x    
frame=  690 fps= 60 q=-0.0 size=    9731KiB time=00:00:11.50 bitrate=6932.2kbits/s speed=   1x    
frame=  720 fps= 60 q=-0.0 size=   10165KiB time=00:00:12.00 bitrate=6939.0kbits/s speed=   1x    
frame=  750 fps= 60 q=-0.0 size=   10598KiB time=00:00:12.50 bitrate=6945.3kbits/s speed=   1x    
frame=  780 fps= 60 q=-0.0 size=   11031KiB time=00:00:13.00 bitrate=6951.2kbits/s speed=   1x    
frame=  810 fps= 60 q=-0.0 size=   11464KiB time=00:00:13.50 bitrate=6956.5kbits/s speed=   1x    
frame=  840 fps= 60 q=-0.0 size=   11897KiB time=00:00:14.00 bitrate=6961.6kbits/s speed=   1x    
frame=  870 fps= 60 q=-0.0 size=   12330KiB time=00:00:14.50 bitrate=6966.2kbits/s speed=   1x    
frame=  900 fps= 60 q=-0.0 size=   12764KiB time=00:00:15.00 bitrate=6970.6kbits/s speed=   1x    
frame=  930 fps= 60 q=-0.0 size=   13197KiB time=00:00:15.50 bitrate=6974.7kbits/s speed=   1x    
frame=  960 fps= 60 q=-0.0 size=   13630KiB time=00:00:16.00 bitrate=6978.5kbits/s speed=   1x    
frame=  990 fps= 60 q=-0.0 size=   14063KiB time=00:00:16.50 bitrate=6982.1kbits/s speed=   1x    
frame= 1020 fps= 60 q=-0.0 size=   14496KiB time=00:00:17.00 bitrate=6985.4kbits/s speed=   1x    
frame= 1050 fps= 60 q=-0.0 size=   14929KiB time=00:00:17.50 bitrate=6988.6kbits/s speed=   1x    
frame= 1080 fps= 60 q=-0.0 size=   15362KiB time=00:00:18.00 bitrate=6991.6kbits/s speed=   1x    
frame= 1110 fps= 60 q=-0.0 size=   15796KiB time=00:00:18.50 bitrate=6994.5kbits/s speed=   1x    
frame= 1140 fps= 60 q=-0.0 size=   16229KiB time=00:00:19.00 bitrate=6997.2kbits/s speed=   1x    
frame= 1170 fps= 60 q=-0.0 size=   16662KiB time=00:00:19.50 bitrate=6999.7kbits/s speed=   1x    
frame= 1200 fps= 60 q=-0.0 size=   17095KiB time=00:00:20.00 bitrate=7002.1kbits/s speed=   1x    
frame= 1230 fps= 60 q=-0.0 size=   17528KiB time=00:00:20.50 bitrate=7004.4kbits/s speed=   1x    
frame= 1260 fps= 60 q=-0.0 size=   17961KiB time=00:00:21.00 bitrate=7006.6kbits/s speed=   1x    
frame= 1290 fps= 60 q=-0.0 size=   18394KiB time=00:00:21.50 bitrate=7008.7kbits/s speed=   1x    
frame= 1320 fps= 60 q=-0.0 size=   18827KiB time=00:00:22.00 bitrate=7010.7kbits/s speed=   1x    
frame= 1350 fps= 60 q=-0.0 size=   19261KiB time=00:00:22.50 bitrate=7012.6kbits/s speed=   1x    
frame= 1380 fps= 60 q=-0.0 size=   19694KiB time=00:00:23.00 bitrate=7014.3kbits/s speed=   1x    
frame= 1410 fps= 60 q=-0.0 size=   20127KiB time=00:00:23.50 bitrate=7016.0kbits/s speed=   1x    
frame= 1440 fps= 60 q=-0.0 size=   20560KiB time=00:00:24.00 bitrate=7017.7kbits/s speed=   1x    
frame= 1470 fps= 60 q=-0.0 size=   20993KiB time=00:00:24.50 bitrate=7019.3kbits/s speed=   1x    
frame= 1500 fps= 60 q=-0.0 size=   21426KiB time=00:00:25.00 bitrate=7020.8kbits/s speed=   1x    
frame= 1530 fps= 60 q=-0.0 size=   21859KiB time=00:00:25.50 bitrate=7022.2kbits/s speed=   1x    
frame= 1560 fps= 60 q=-0.0 size=   22379KiB time=00:00:26.00 bitrate=7051.0kbits/s speed=   1x    
frame= 1590 fps= 60 q=-0.0 size=   22785KiB time=00:00:26.50 bitrate=7043.6kbits/s speed=   1x    
frame= 1620 fps= 60 q=-0.0 size=   23253KiB time=00:00:27.00 bitrate=7055.1kbits/s speed=   1x    
frame= 1650 fps= 60 q=-0.0 size=   23729KiB time=00:00:27.50 bitrate=7068.6kbits/s speed=   1x    
frame= 1680 fps= 60 q=-0.0 size=   24199KiB time=00:00:28.00 bitrate=7079.9kbits/s speed=   1x    
frame= 1710 fps= 60 q=-0.0 size=   24611KiB time=00:00:28.50 bitrate=7074.2kbits/s speed=   1x    
frame= 1740 fps= 60 q=-0.0 size=   25047KiB time=00:00:29.00 bitrate=7075.3kbits/s speed=   1x    
frame= 1770 fps= 60 q=-0.0 size=   25504KiB time=00:00:29.50 bitrate=7082.3kbits/s speed=   1x    
frame= 1800 fps= 60 q=-0.0 size=   25947KiB time=00:00:30.00 bitrate=7085.2kbits/s speed=   1x    
frame= 1830 fps= 60 q=-0.0 size=   26372KiB time=00:00:30.50 bitrate=7083.2kbits/s speed=   1x    
frame= 1860 fps= 60 q=-0.0 size=   26803KiB time=00:00:31.00 bitrate=7083.0kbits/s speed=   1x    
frame= 1890 fps= 60 q=-0.0 size=   27246KiB time=00:00:31.50 bitrate=7085.8kbits/s speed=   1x    
frame= 1920 fps= 60 q=-0.0 size=   27681KiB time=00:00:32.00 bitrate=7086.3kbits/s speed=   1x    
frame= 1950 fps= 60 q=-0.0 size=   28110KiB time=00:00:32.50 bitrate=7085.3kbits/s speed=   1x    
frame= 1980 fps= 60 q=-0.0 size=   28532KiB time=00:00:33.00 bitrate=7083.0kbits/s speed=   1x    
frame= 2010 fps= 60 q=-0.0 size=   28972KiB time=00:00:33.50 bitrate=7084.7kbits/s speed=   1x    
frame= 2040 fps= 60 q=-0.0 size=   29414KiB time=00:00:34.00 bitrate=7087.0kbits/s speed=   1x    
frame= 2070 fps= 60 q=-0.0 size=   29840KiB time=00:00:34.50 bitrate=7085.5kbits/s speed=   1x    
frame= 2100 fps= 60 q=-0.0 size=   30278KiB time=00:00:35.00 bitrate=7086.8kbits/s speed=   1x    
frame= 2131 fps= 60 q=-0.0 size=   30722KiB time=00:00:35.51 bitrate=7086.2kbits/s speed=   1x    
frame= 2160 fps= 60 q=-0.0 size=   31126KiB time=00:00:36.00 bitrate=7082.9kbits/s speed=   1x    
frame= 2191 fps= 60 q=-0.0 size=   31577KiB time=00:00:36.51 bitrate=7083.8kbits/s speed=   1x    
frame= 2221 fps= 60 q=-0.0 size=   32007KiB time=00:00:37.01 bitrate=7083.3kbits/s speed=   1x    
frame= 2250 fps= 60 q=-0.0 size=   32442KiB time=00:00:37.50 bitrate=7087.0kbits/s speed=   1x    
frame= 2280 fps= 60 q=-0.0 size=   32878KiB time=00:00:38.00 bitrate=7087.7kbits/s speed=   1x    
frame= 2311 fps= 60 q=-0.0 size=   33314KiB time=00:00:38.51 bitrate=7085.5kbits/s speed=   1x    
frame= 2340 fps= 60 q=-0.0 size=   33744KiB time=00:00:39.00 bitrate=7088.0kbits/s speed=   1x    
frame= 2370 fps= 60 q=-0.0 size=   34174KiB time=00:00:39.51 bitrate=7084.5kbits/s speed=   1x    
frame= 2401 fps= 60 q=-0.0 size=   34606KiB time=00:00:40.01 bitrate=7084.4kbits/s speed=   1x    
frame= 2431 fps= 60 q=-0.0 size=   35049KiB time=00:00:40.51 bitrate=7086.5kbits/s speed=   1x    
frame= 2461 fps= 60 q=-0.0 size=   35479KiB time=00:00:41.01 bitrate=7086.1kbits/s speed=   1x    
frame= 2491 fps= 60 q=-0.0 size=   35917KiB time=00:00:41.51 bitrate=7087.0kbits/s speed=   1x    
frame= 2521 fps= 60 q=-0.0 size=   36344KiB time=00:00:42.01 bitrate=7086.0kbits/s speed=   1x    
frame= 2551 fps= 60 q=-0.0 size=   36777KiB time=00:00:42.51 bitrate=7086.2kbits/s speed=   1x    
frame= 2581 fps= 60 q=-0.0 size=   37190KiB time=00:00:43.01 bitrate=7082.4kbits/s speed=   1x    
frame= 2611 fps= 60 q=-0.0 size=   37625KiB time=00:00:43.51 bitrate=7083.0kbits/s speed=   1x    
frame= 2641 fps= 60 q=-0.0 size=   38048KiB time=00:00:44.01 bitrate=7081.1kbits/s speed=   1x    
frame= 2671 fps= 60 q=-0.0 size=   38516KiB time=00:00:44.51 bitrate=7087.7kbits/s speed=   1x    
frame= 2701 fps= 60 q=-0.0 size=   38945KiB time=00:00:45.01 bitrate=7087.0kbits/s speed=   1x    
frame= 2731 fps= 60 q=-0.0 size=   39373KiB time=00:00:45.51 bitrate=7086.3kbits/s speed=   1x    
frame= 2761 fps= 60 q=-0.0 size=   39796KiB time=00:00:46.01 bitrate=7084.6kbits/s speed=   1x    
frame= 2791 fps= 60 q=-0.0 size=   40239KiB time=00:00:46.51 bitrate=7086.5kbits/s speed=   1x    
frame= 2821 fps= 60 q=-0.0 size=   40661KiB time=00:00:47.01 bitrate=7084.7kbits/s speed=   1x    
frame= 2851 fps= 60 q=-0.0 size=   41094KiB time=00:00:47.51 bitrate=7084.7kbits/s speed=   1x    
frame= 2881 fps= 60 q=-0.0 size=   41530KiB time=00:00:48.01 bitrate=7085.3kbits/s speed=   1x    
frame= 2911 fps= 60 q=-0.0 size=   41972KiB time=00:00:48.51 bitrate=7086.9kbits/s speed=   1x    
frame= 2941 fps= 60 q=-0.0 size=   42413KiB time=00:00:49.01 bitrate=7088.4kbits/s speed=   1x    
frame= 2971 fps= 60 q=-0.0 size=   42833KiB time=00:00:49.51 bitrate=7086.3kbits/s speed=   1x    
frame= 3001 fps= 60 q=-0.0 size=   43271KiB time=00:00:50.01 bitrate=7087.1kbits/s speed=   1x    
frame= 3031 fps= 60 q=-0.0 size=   43733KiB time=00:00:50.51 bitrate=7091.9kbits/s speed=   1x    
frame= 3061 fps= 60 q=-0.0 size=   44119KiB time=00:00:51.01 bitrate=7084.4kbits/s speed=   1x    
frame= 3091 fps= 60 q=-0.0 size=   44565KiB time=00:00:51.51 bitrate=7086.6kbits/s speed=   1x    
frame= 3121 fps= 60 q=-0.0 size=   44999KiB time=00:00:52.01 bitrate=7086.8kbits/s speed=   1x    
frame= 3151 fps= 60 q=-0.0 size=   45435KiB time=00:00:52.51 bitrate=7087.3kbits/s speed=   1x    
frame= 3181 fps= 60 q=-0.0 size=   45872KiB time=00:00:53.01 bitrate=7088.0kbits/s speed=   1x    
frame= 3211 fps= 60 q=-0.0 size=   46298KiB time=00:00:53.51 bitrate=7087.0kbits/s speed=   1x    
frame= 3241 fps= 60 q=-0.0 size=   46727KiB time=00:00:54.01 bitrate=7086.5kbits/s speed=   1x    
frame= 3271 fps= 60 q=-0.0 size=   47162KiB time=00:00:54.51 bitrate=7086.9kbits/s speed=   1x    
frame= 3301 fps= 60 q=-0.0 size=   47598KiB time=00:00:55.01 bitrate=7087.3kbits/s speed=   1x    
frame= 3331 fps= 60 q=-0.0 size=   48018KiB time=00:00:55.51 bitrate=7085.6kbits/s speed=   1x    
frame= 3361 fps= 60 q=-0.0 size=   48447KiB time=00:00:56.01 bitrate=7084.9kbits/s speed=   1x    
frame= 3391 fps= 60 q=-0.0 size=   48880KiB time=00:00:56.51 bitrate=7085.1kbits/s speed=   1x    
frame= 3421 fps= 60 q=-0.0 size=   49331KiB time=00:00:57.01 bitrate=7087.8kbits/s speed=   1x    
frame= 3451 fps= 60 q=-0.0 size=   49783KiB time=00:00:57.51 bitrate=7090.5kbits/s speed=   1x    
frame= 3481 fps= 60 q=-0.0 size=   50225KiB time=00:00:58.01 bitrate=7091.8kbits/s speed=   1x    
frame= 3511 fps= 60 q=-0.0 size=   50618KiB time=00:00:58.51 bitrate=7086.3kbits/s speed=   1x    
frame= 3541 fps= 60 q=-0.0 size=   51069KiB time=00:00:59.01 bitrate=7088.8kbits/s speed=   1x    
frame= 3571 fps= 60 q=-0.0 size=   51514KiB time=00:00:59.51 bitrate=7090.5kbits/s speed=   1x    
frame= 3601 fps= 60 q=-0.0 size=   51951KiB time=00:01:00.01 bitrate=7091.1kbits/s speed=   1x    
frame= 3631 fps= 60 q=-0.0 size=   52359KiB time=00:01:00.51 bitrate=7087.7kbits/s speed=   1x    
frame= 3661 fps= 60 q=-0.0 size=   52792KiB time=00:01:01.01 bitrate=7087.8kbits/s speed=   1x    
frame= 3691 fps= 60 q=-0.0 size=   53229KiB time=00:01:01.51 bitrate=7088.4kbits/s speed=   1x    
frame= 3721 fps= 60 q=-0.0 size=   53653KiB time=00:01:02.01 bitrate=7087.2kbits/s speed=   1x    
frame= 3751 fps= 60 q=-0.0 size=   54114KiB time=00:01:02.51 bitrate=7090.9kbits/s speed=   1x    
frame= 3781 fps= 60 q=-0.0 size=   54520KiB time=00:01:03.01 bitrate=7087.5kbits/s speed=   1x    
frame= 3811 fps= 60 q=-0.0 size=   54987KiB time=00:01:03.51 bitrate=7091.8kbits/s speed=   1x    
frame= 3841 fps= 60 q=-0.0 size=   55422KiB time=00:01:04.01 bitrate=7092.2kbits/s speed=   1x    
frame= 3871 fps= 60 q=-0.0 size=   55843KiB time=00:01:04.51 bitrate=7090.7kbits/s speed=   1x    
frame= 3901 fps= 60 q=-0.0 size=   56275KiB time=00:01:05.01 bitrate=7090.5kbits/s speed=   1x    
frame= 3931 fps= 60 q=-0.0 size=   56713KiB time=00:01:05.51 bitrate=7091.2kbits/s speed=   1x    
frame= 3961 fps= 60 q=-0.0 size=   57114KiB time=00:01:06.01 bitrate=7087.3kbits/s speed=   1x    
frame= 3991 fps= 60 q=-0.0 size=   57579KiB time=00:01:06.51 bitrate=7091.2kbits/s speed=   1x    
frame= 4021 fps= 60 q=-0.0 size=   57998KiB time=00:01:07.01 bitrate=7089.6kbits/s speed=   1x    
frame= 4051 fps= 60 q=-0.0 size=   58441KiB time=00:01:07.51 bitrate=7090.8kbits/s speed=   1x    
frame= 4081 fps= 60 q=-0.0 size=   58862KiB time=00:01:08.01 bitrate=7089.4kbits/s speed=   1x    
frame= 4111 fps= 60 q=-0.0 size=   59309KiB time=00:01:08.51 bitrate=7091.1kbits/s speed=   1x    
frame= 4141 fps= 60 q=-0.0 size=   59723KiB time=00:01:09.01 bitrate=7088.9kbits/s speed=   1x    
frame= 4171 fps= 60 q=-0.0 size=   60193KiB time=00:01:09.51 bitrate=7093.3kbits/s speed=   1x    
frame= 4201 fps= 60 q=-0.0 size=   60536KiB time=00:01:10.01 bitrate=7082.7kbits/s speed=   1x    
frame= 4231 fps= 60 q=-0.0 size=   61089KiB time=00:01:10.51 bitrate=7096.8kbits/s speed=   1x    
frame= 4261 fps= 60 q=-0.0 size=   61449KiB time=00:01:11.01 bitrate=7088.4kbits/s speed=   1x    
frame= 4291 fps= 60 q=-0.0 size=   61901KiB time=00:01:11.51 bitrate=7090.6kbits/s speed=   1x    
frame= 4321 fps= 60 q=-0.0 size=   62317KiB time=00:01:12.01 bitrate=7088.7kbits/s speed=   1x    
frame= 4351 fps= 60 q=-0.0 size=   62754KiB time=00:01:12.51 bitrate=7089.1kbits/s speed=   1x    
frame= 4381 fps= 60 q=-0.0 size=   63218KiB time=00:01:13.01 bitrate=7092.7kbits/s speed=   1x    
frame= 4411 fps= 60 q=-0.0 size=   63597KiB time=00:01:13.51 bitrate=7086.7kbits/s speed=   1x    
frame= 4441 fps= 60 q=-0.0 size=   64065KiB time=00:01:14.01 bitrate=7090.6kbits/s speed=   1x    
frame= 4471 fps= 60 q=-0.0 size=   64556KiB time=00:01:14.51 bitrate=7097.0kbits/s speed=   1x    
frame= 4501 fps= 60 q=-0.0 size=   64909KiB time=00:01:15.01 bitrate=7088.3kbits/s speed=   1x    
frame= 4531 fps= 60 q=-0.0 size=   65390KiB time=00:01:15.51 bitrate=7093.5kbits/s speed=   1x    
frame= 4561 fps= 60 q=-0.0 size=   65783KiB time=00:01:16.01 bitrate=7089.1kbits/s speed=   1x    
frame= 4591 fps= 60 q=-0.0 size=   66225KiB time=00:01:16.51 bitrate=7090.2kbits/s speed=   1x    
frame= 4621 fps= 60 q=-0.0 size=   66675KiB time=00:01:17.01 bitrate=7092.0kbits/s speed=   1x    
frame= 4651 fps= 60 q=-0.0 size=   67078KiB time=00:01:17.51 bitrate=7088.9kbits/s speed=   1x    
frame= 4681 fps= 60 q=-0.0 size=   67542KiB time=00:01:18.01 bitrate=7092.1kbits/s speed=   1x    
frame= 4711 fps= 60 q=-0.0 size=   67942KiB time=00:01:18.51 bitrate=7088.6kbits/s speed=   1x    
frame= 4741 fps= 60 q=-0.0 size=   68396KiB time=00:01:19.01 bitrate=7090.9kbits/s speed=   1x    
frame= 4771 fps= 60 q=-0.0 size=   68848KiB time=00:01:19.51 bitrate=7092.9kbits/s speed=   1x    
frame= 4801 fps= 60 q=-0.0 size=   69256KiB time=00:01:20.01 bitrate=7090.4kbits/s speed=   1x    
frame= 4831 fps= 60 q=-0.0 size=   69689KiB time=00:01:20.51 bitrate=7090.4kbits/s speed=   1x    
frame= 4861 fps= 60 q=-0.0 size=   70125KiB time=00:01:21.01 bitrate=7090.7kbits/s speed=   1x    
frame= 4891 fps= 60 q=-0.0 size=   70546KiB time=00:01:21.51 bitrate=7089.5kbits/s speed=   1x    
frame= 4921 fps= 60 q=-0.0 size=   70983KiB time=00:01:22.01 bitrate=7090.0kbits/s speed=   1x    
frame= 4951 fps= 60 q=-0.0 size=   71420KiB time=00:01:22.51 bitrate=7090.3kbits/s speed=   1x    
frame= 4981 fps= 60 q=-0.0 size=   71861KiB time=00:01:23.01 bitrate=7091.2kbits/s speed=   1x    
frame= 5011 fps= 60 q=-0.0 size=   72280KiB time=00:01:23.51 bitrate=7089.8kbits/s speed=   1x    
frame= 5041 fps= 60 q=-0.0 size=   72719KiB time=00:01:24.01 bitrate=7090.4kbits/s speed=   1x    
frame= 5071 fps= 60 q=-0.0 size=   73164KiB time=00:01:24.51 bitrate=7091.6kbits/s speed=   1x    
frame= 5101 fps= 60 q=-0.0 size=   73586KiB time=00:01:25.01 bitrate=7090.6kbits/s speed=   1x    
frame= 5131 fps= 60 q=-0.0 size=   74013KiB time=00:01:25.51 bitrate=7090.0kbits/s speed=   1x    
frame= 5161 fps= 60 q=-0.0 size=   74519KiB time=00:01:26.01 bitrate=7097.0kbits/s speed=   1x    
frame= 5191 fps= 60 q=-0.0 size=   74862KiB time=00:01:26.51 bitrate=7088.5kbits/s speed=   1x    
frame= 5221 fps= 60 q=-0.0 size=   75299KiB time=00:01:27.01 bitrate=7088.9kbits/s speed=   1x    
frame= 5251 fps= 60 q=-0.0 size=   75739KiB time=00:01:27.51 bitrate=7089.5kbits/s speed=   1x    
frame= 5281 fps= 60 q=-0.0 size=   76175KiB time=00:01:28.01 bitrate=7089.8kbits/s speed=   1x    
frame= 5311 fps= 60 q=-0.0 size=   76621KiB time=00:01:28.51 bitrate=7091.1kbits/s speed=   1x    
frame= 5341 fps= 60 q=-0.0 size=   77087KiB time=00:01:29.01 bitrate=7094.1kbits/s speed=   1x    
frame= 5371 fps= 60 q=-0.0 size=   77481KiB time=00:01:29.51 bitrate=7090.6kbits/s speed=   1x    
frame= 5401 fps= 60 q=-0.0 size=   77919KiB time=00:01:30.01 bitrate=7091.1kbits/s speed=   1x    
frame= 5431 fps= 60 q=-0.0 size=   78333KiB time=00:01:30.51 bitrate=7089.3kbits/s speed=   1x    
frame= 5461 fps= 60 q=-0.0 size=   78778KiB time=00:01:31.01 bitrate=7090.4kbits/s speed=   1x    
frame= 5491 fps= 60 q=-0.0 size=   79214KiB time=00:01:31.51 bitrate=7090.7kbits/s speed=   1x    
frame= 5521 fps= 60 q=-0.0 size=   79647KiB time=00:01:32.01 bitrate=7090.7kbits/s speed=   1x    
frame= 5551 fps= 60 q=-0.0 size=   80078KiB time=00:01:32.51 bitrate=7090.6kbits/s speed=   1x    
frame= 5581 fps= 60 q=-0.0 size=   80506KiB time=00:01:33.01 bitrate=7090.2kbits/s speed=   1x    
frame= 5611 fps= 60 q=-0.0 size=   80939KiB time=00:01:33.51 bitrate=7090.2kbits/s speed=   1x    
frame= 5641 fps= 60 q=-0.0 size=   81364KiB time=00:01:34.01 bitrate=7089.6kbits/s speed=   1x    
frame= 5671 fps= 60 q=-0.0 size=   81829KiB time=00:01:34.51 bitrate=7092.3kbits/s speed=   1x    
frame= 5701 fps= 60 q=-0.0 size=   82235KiB time=00:01:35.01 bitrate=7090.0kbits/s speed=   1x    
frame= 5731 fps= 60 q=-0.0 size=   82675KiB time=00:01:35.51 bitrate=7090.6kbits/s speed=   1x    
frame= 5761 fps= 60 q=-0.0 size=   83098KiB time=00:01:36.01 bitrate=7089.8kbits/s speed=   1x    
frame= 5791 fps= 60 q=-0.0 size=   83528KiB time=00:01:36.51 bitrate=7089.5kbits/s speed=   1x    
frame= 5821 fps= 60 q=-0.0 size=   84009KiB time=00:01:37.01 bitrate=7093.6kbits/s speed=   1x    
frame= 5851 fps= 60 q=-0.0 size=   84394KiB time=00:01:37.51 bitrate=7089.6kbits/s speed=   1x    
frame= 5881 fps= 60 q=-0.0 size=   84920KiB time=00:01:38.01 bitrate=7097.4kbits/s speed=   1x    
frame= 5911 fps= 60 q=-0.0 size=   85232KiB time=00:01:38.51 bitrate=7087.4kbits/s speed=   1x    
frame= 5941 fps= 60 q=-0.0 size=   85695KiB time=00:01:39.01 bitrate=7089.8kbits/s speed=   1x    
frame= 5971 fps= 60 q=-0.0 size=   86132KiB time=00:01:39.51 bitrate=7090.2kbits/s speed=   1x    
frame= 6001 fps= 60 q=-0.0 size=   86572KiB time=00:01:40.01 bitrate=7090.8kbits/s speed=   1x    
frame= 6031 fps= 60 q=-0.0 size=   86980KiB time=00:01:40.51 bitrate=7088.8kbits/s speed=   1x    
frame= 6061 fps= 60 q=-0.0 size=   87421KiB time=00:01:41.01 bitrate=7089.5kbits/s speed=   1x    
frame= 6091 fps= 60 q=-0.0 size=   87880KiB time=00:01:41.51 bitrate=7091.6kbits/s speed=   1x    
frame= 6121 fps= 60 q=-0.0 size=   88299KiB time=00:01:42.01 bitrate=7090.5kbits/s speed=   1x    
frame= 6151 fps= 60 q=-0.0 size=   88717KiB time=00:01:42.51 bitrate=7089.3kbits/s speed=   1x    
frame= 6181 fps= 60 q=-0.0 size=   89179KiB time=00:01:43.01 bitrate=7091.6kbits/s speed=   1x    
frame= 6211 fps= 60 q=-0.0 size=   89602KiB time=00:01:43.51 bitrate=7090.8kbits/s speed=   1x    
frame= 6241 fps= 60 q=-0.0 size=   90027KiB time=00:01:44.01 bitrate=7090.2kbits/s speed=   1x    
frame= 6271 fps= 60 q=-0.0 size=   90448KiB time=00:01:44.51 bitrate=7089.3kbits/s speed=   1x    
frame= 6301 fps= 60 q=-0.0 size=   90964KiB time=00:01:45.01 bitrate=7095.8kbits/s speed=   1x    
frame= 6331 fps= 60 q=-0.0 size=   91304KiB time=00:01:45.51 bitrate=7088.5kbits/s speed=   1x    
frame= 6361 fps= 60 q=-0.0 size=   91740KiB time=00:01:46.01 bitrate=7088.8kbits/s speed=   1x    
frame= 6391 fps= 60 q=-0.0 size=   92191KiB time=00:01:46.51 bitrate=7090.2kbits/s speed=   1x    
frame= 6421 fps= 60 q=-0.0 size=   92635KiB time=00:01:47.01 bitrate=7091.1kbits/s speed=   1x    
frame= 6451 fps= 60 q=-0.0 size=   93070KiB time=00:01:47.51 bitrate=7091.3kbits/s speed=   1x    
frame= 6481 fps= 60 q=-0.0 size=   93539KiB time=00:01:48.01 bitrate=7094.0kbits/s speed=   1x    
frame= 6511 fps= 60 q=-0.0 size=   93911KiB time=00:01:48.51 bitrate=7089.4kbits/s speed=   1x    
frame= 6541 fps= 60 q=-0.0 size=   94346KiB time=00:01:49.01 bitrate=7089.6kbits/s speed=   1x    
frame= 6571 fps= 60 q=-0.0 size=   94838KiB time=00:01:49.51 bitrate=7094.0kbits/s speed=   1x    
frame= 6601 fps= 60 q=-0.0 size=   95214KiB time=00:01:50.01 bitrate=7089.7kbits/s speed=   1x    
frame= 6632 fps= 60 q=-0.0 size=   95677KiB time=00:01:50.53 bitrate=7090.9kbits/s speed=   1x    
frame= 6662 fps= 60 q=-0.0 size=   96112KiB time=00:01:51.03 bitrate=7091.1kbits/s speed=   1x    
frame= 6692 fps= 60 q=-0.0 size=   96576KiB time=00:01:51.53 bitrate=7093.4kbits/s speed=   1x    
frame= 6722 fps= 60 q=-0.0 size=   96990KiB time=00:01:52.03 bitrate=7092.0kbits/s speed=   1x    
frame= 6752 fps= 60 q=-0.0 size=   97426KiB time=00:01:52.53 bitrate=7092.3kbits/s speed=   1x    
frame= 6782 fps= 60 q=-0.0 size=   97849KiB time=00:01:53.03 bitrate=7091.5kbits/s speed=   1x    
frame= 6812 fps= 60 q=-0.0 size=   98295KiB time=00:01:53.53 bitrate=7092.5kbits/s speed=   1x    
frame= 6842 fps= 60 q=-0.0 size=   98721KiB time=00:01:54.03 bitrate=7092.0kbits/s speed=   1x    
frame= 6872 fps= 60 q=-0.0 size=   99146KiB time=00:01:54.53 bitrate=7091.4kbits/s speed=   1x    
frame= 6902 fps= 60 q=-0.0 size=   99574KiB time=00:01:55.03 bitrate=7091.1kbits/s speed=   1x    
frame= 6932 fps= 60 q=-0.0 size=  100023KiB time=00:01:55.53 bitrate=7092.2kbits/s speed=   1x    
frame= 6962 fps= 60 q=-0.0 size=  100374KiB time=00:01:56.03 bitrate=7086.5kbits/s speed=   1x    
frame= 6992 fps= 60 q=-0.0 size=  100785KiB time=00:01:56.53 bitrate=7085.0kbits/s speed=   1x    
frame= 7022 fps= 60 q=-0.0 size=  101248KiB time=00:01:57.03 bitrate=7087.1kbits/s speed=   1x    
frame= 7052 fps= 60 q=-0.0 size=  101769KiB time=00:01:57.53 bitrate=7093.3kbits/s speed=   1x    
frame= 7082 fps= 60 q=-0.0 size=  102198KiB time=00:01:58.03 bitrate=7092.9kbits/s speed=   1x    
frame= 7112 fps= 60 q=-0.0 size=  102600KiB time=00:01:58.53 bitrate=7090.8kbits/s speed=   1x    
frame= 7142 fps= 60 q=-0.0 size=  102862KiB time=00:01:59.03 bitrate=7079.1kbits/s speed=   1x    
frame= 7172 fps= 60 q=-0.0 size=  103295KiB time=00:01:59.53 bitrate=7079.1kbits/s speed=   1x    
frame= 7202 fps= 60 q=-0.0 size=  103941KiB time=00:02:00.03 bitrate=7093.7kbits/s speed=   1x    
frame= 7232 fps= 60 q=-0.0 size=  104370KiB time=00:02:00.53 bitrate=7093.4kbits/s speed=   1x    
frame= 7262 fps= 60 q=-0.0 size=  104823KiB time=00:02:01.03 bitrate=7094.8kbits/s speed=   1x    
frame= 7292 fps= 60 q=-0.0 size=  105196KiB time=00:02:01.53 bitrate=7090.8kbits/s speed=   1x    
frame= 7322 fps= 60 q=-0.0 size=  105628KiB time=00:02:02.03 bitrate=7090.7kbits/s speed=   1x    
frame= 7352 fps= 60 q=-0.0 size=  106042KiB time=00:02:02.53 bitrate=7089.5kbits/s speed=   1x    
frame= 7382 fps= 60 q=-0.0 size=  106471KiB time=00:02:03.03 bitrate=7089.2kbits/s speed=   1x    
frame= 7412 fps= 60 q=-0.0 size=  106885KiB time=00:02:03.53 bitrate=7088.0kbits/s speed=   1x    
frame= 7442 fps= 60 q=-0.0 size=  107322KiB time=00:02:04.03 bitrate=7088.3kbits/s speed=   1x    
frame= 7472 fps= 60 q=-0.0 size=  107750KiB time=00:02:04.53 bitrate=7088.0kbits/s speed=   1x    
frame= 7502 fps= 60 q=-0.0 size=  108210KiB time=00:02:05.03 bitrate=7089.7kbits/s speed=   1x    
frame= 7532 fps= 60 q=-0.0 size=  108625KiB time=00:02:05.53 bitrate=7088.6kbits/s speed=   1x    
frame= 7562 fps= 60 q=-0.0 size=  109086KiB time=00:02:06.03 bitrate=7090.5kbits/s speed=   1x    
frame= 7592 fps= 60 q=-0.0 size=  109465KiB time=00:02:06.53 bitrate=7087.0kbits/s speed=   1x    
frame= 7622 fps= 60 q=-0.0 size=  109790KiB time=00:02:07.03 bitrate=7080.0kbits/s speed=   1x    
frame= 7652 fps= 60 q=-0.0 size=  110223KiB time=00:02:07.53 bitrate=7080.1kbits/s speed=   1x    
frame= 7682 fps= 60 q=-0.0 size=  110878KiB time=00:02:08.03 bitrate=7094.4kbits/s speed=   1x    
frame= 7712 fps= 60 q=-0.0 size=  111308KiB time=00:02:08.53 bitrate=7094.2kbits/s speed=   1x    
frame= 7742 fps= 60 q=-0.0 size=  111760KiB time=00:02:09.03 bitrate=7095.4kbits/s speed=   1x    
frame= 7772 fps= 60 q=-0.0 size=  112176KiB time=00:02:09.53 bitrate=7094.3kbits/s speed=   1x    
frame= 7802 fps= 60 q=-0.0 size=  112585KiB time=00:02:10.03 bitrate=7092.8kbits/s speed=   1x    
frame= 7832 fps= 60 q=-0.0 size=  113057KiB time=00:02:10.53 bitrate=7095.2kbits/s speed=   1x    
frame= 7862 fps= 60 q=-0.0 size=  113474KiB time=00:02:11.03 bitrate=7094.2kbits/s speed=   1x    
frame= 7892 fps= 60 q=-0.0 size=  113882KiB time=00:02:11.53 bitrate=7092.7kbits/s speed=   1x    
frame= 7922 fps= 60 q=-0.0 size=  114319KiB time=00:02:12.03 bitrate=7092.9kbits/s speed=   1x    
frame= 7952 fps= 60 q=-0.0 size=  114761KiB time=00:02:12.53 bitrate=7093.5kbits/s speed=   1x    
frame= 7982 fps= 60 q=-0.0 size=  115205KiB time=00:02:13.03 bitrate=7094.1kbits/s speed=   1x    
frame= 8012 fps= 60 q=-0.0 size=  115613KiB time=00:02:13.53 bitrate=7092.6kbits/s speed=   1x    
frame= 8042 fps= 60 q=-0.0 size=  116085KiB time=00:02:14.03 bitrate=7095.0kbits/s speed=   1x    
frame= 8072 fps= 60 q=-0.0 size=  116544KiB time=00:02:14.53 bitrate=7096.6kbits/s speed=   1x    
frame= 8102 fps= 60 q=-0.0 size=  116934KiB time=00:02:15.03 bitrate=7094.0kbits/s speed=   1x    
frame= 8132 fps= 60 q=-0.0 size=  117381KiB time=00:02:15.53 bitrate=7094.8kbits/s speed=   1x    
frame= 8162 fps= 60 q=-0.0 size=  117811KiB time=00:02:16.03 bitrate=7094.6kbits/s speed=   1x    
frame= 8192 fps= 60 q=-0.0 size=  118241KiB time=00:02:16.53 bitrate=7094.5kbits/s speed=   1x    
frame= 8222 fps= 60 q=-0.0 size=  118681KiB time=00:02:17.03 bitrate=7094.9kbits/s speed=   1x    
frame= 8252 fps= 60 q=-0.0 size=  119103KiB time=00:02:17.53 bitrate=7094.2kbits/s speed=   1x    
frame= 8282 fps= 60 q=-0.0 size=  119541KiB time=00:02:18.03 bitrate=7094.5kbits/s speed=   1x    
frame= 8312 fps= 60 q=-0.0 size=  119951KiB time=00:02:18.53 bitrate=7093.2kbits/s speed=   1x    
frame= 8342 fps= 60 q=-0.0 size=  120402KiB time=00:02:19.03 bitrate=7094.2kbits/s speed=   1x    
frame= 8372 fps= 60 q=-0.0 size=  120831KiB time=00:02:19.53 bitrate=7094.0kbits/s speed=   1x    
frame= 8402 fps= 60 q=-0.0 size=  121263KiB time=00:02:20.03 bitrate=7093.9kbits/s speed=   1x    
frame= 8432 fps= 60 q=-0.0 size=  121683KiB time=00:02:20.53 bitrate=7093.2kbits/s speed=   1x    
frame= 8462 fps= 60 q=-0.0 size=  122137KiB time=00:02:21.03 bitrate=7094.4kbits/s speed=   1x    
frame= 8492 fps= 60 q=-0.0 size=  122548KiB time=00:02:21.53 bitrate=7093.1kbits/s speed=   1x    
frame= 8522 fps= 60 q=-0.0 size=  122986KiB time=00:02:22.03 bitrate=7093.4kbits/s speed=   1x    
frame= 8552 fps= 60 q=-0.0 size=  123412KiB time=00:02:22.53 bitrate=7093.0kbits/s speed=   1x    
frame= 8582 fps= 60 q=-0.0 size=  123850KiB time=00:02:23.03 bitrate=7093.3kbits/s speed=   1x    
frame= 8612 fps= 60 q=-0.0 size=  124288KiB time=00:02:23.53 bitrate=7093.6kbits/s speed=   1x    
frame= 8642 fps= 60 q=-0.0 size=  124726KiB time=00:02:24.03 bitrate=7093.9kbits/s speed=   1x    
frame= 8672 fps= 60 q=-0.0 size=  125163KiB time=00:02:24.53 bitrate=7094.1kbits/s speed=   1x    
frame= 8702 fps= 60 q=-0.0 size=  125599KiB time=00:02:25.03 bitrate=7094.3kbits/s speed=   1x    
frame= 8732 fps= 60 q=-0.0 size=  126019KiB time=00:02:25.53 bitrate=7093.5kbits/s speed=   1x    
frame= 8762 fps= 60 q=-0.0 size=  126441KiB time=00:02:26.03 bitrate=7092.9kbits/s speed=   1x    
frame= 8792 fps= 60 q=-0.0 size=  126890KiB time=00:02:26.53 bitrate=7093.8kbits/s speed=   1x    
frame= 8822 fps= 60 q=-0.0 size=  127327KiB time=00:02:27.03 bitrate=7094.1kbits/s speed=   1x    
frame= 8852 fps= 60 q=-0.0 size=  127743KiB time=00:02:27.53 bitrate=7093.1kbits/s speed=   1x    
frame= 8882 fps= 60 q=-0.0 size=  128191KiB time=00:02:28.03 bitrate=7094.0kbits/s speed=   1x    
frame= 8912 fps= 60 q=-0.0 size=  128614KiB time=00:02:28.53 bitrate=7093.4kbits/s speed=   1x    
frame= 8942 fps= 60 q=-0.0 size=  129067KiB time=00:02:29.03 bitrate=7094.5kbits/s speed=   1x    
frame= 8972 fps= 60 q=-0.0 size=  129475KiB time=00:02:29.53 bitrate=7093.1kbits/s speed=   1x    
frame= 9002 fps= 60 q=-0.0 size=  129922KiB time=00:02:30.03 bitrate=7093.9kbits/s speed=   1x    
frame= 9032 fps= 60 q=-0.0 size=  130349KiB time=00:02:30.53 bitrate=7093.6kbits/s speed=   1x    
frame= 9062 fps= 60 q=-0.0 size=  130798KiB time=00:02:31.03 bitrate=7094.4kbits/s speed=   1x    
frame= 9092 fps= 60 q=-0.0 size=  131214KiB time=00:02:31.53 bitrate=7093.5kbits/s speed=   1x    
frame= 9122 fps= 60 q=-0.0 size=  131634KiB time=00:02:32.03 bitrate=7092.8kbits/s speed=   1x    
frame= 9152 fps= 60 q=-0.0 size=  132070KiB time=00:02:32.53 bitrate=7093.0kbits/s speed=   1x    
frame= 9182 fps= 60 q=-0.0 size=  132498KiB time=00:02:33.03 bitrate=7092.7kbits/s speed=   1x    
frame= 9212 fps= 60 q=-0.0 size=  132944KiB time=00:02:33.53 bitrate=7093.4kbits/s speed=   1x    
frame= 9242 fps= 60 q=-0.0 size=  133386KiB time=00:02:34.03 bitrate=7093.9kbits/s speed=   1x    
frame= 9272 fps= 60 q=-0.0 size=  133822KiB time=00:02:34.53 bitrate=7094.0kbits/s speed=   1x    
frame= 9302 fps= 60 q=-0.0 size=  134254KiB time=00:02:35.03 bitrate=7094.0kbits/s speed=   1x    
frame= 9332 fps= 60 q=-0.0 size=  134678KiB time=00:02:35.53 bitrate=7093.5kbits/s speed=   1x    
frame= 9362 fps= 60 q=-0.0 size=  135105KiB time=00:02:36.03 bitrate=7093.2kbits/s speed=   1x    
frame= 9392 fps= 60 q=-0.0 size=  135549KiB time=00:02:36.53 bitrate=7093.8kbits/s speed=   1x    
frame= 9422 fps= 60 q=-0.0 size=  135974KiB time=00:02:37.03 bitrate=7093.4kbits/s speed=   1x    
frame= 9452 fps= 60 q=-0.0 size=  136426KiB time=00:02:37.53 bitrate=7094.4kbits/s speed=   1x    
frame= 9482 fps= 60 q=-0.0 size=  136837KiB time=00:02:38.03 bitrate=7093.2kbits/s speed=   1x    
frame= 9512 fps= 60 q=-0.0 size=  137291KiB time=00:02:38.53 bitrate=7094.3kbits/s speed=   1x    
frame= 9542 fps= 60 q=-0.0 size=  137708KiB time=00:02:39.03 bitrate=7093.5kbits/s speed=   1x    
frame= 9572 fps= 60 q=-0.0 size=  138152KiB time=00:02:39.53 bitrate=7094.1kbits/s speed=   1x    
frame= 9602 fps= 60 q=-0.0 size=  138568KiB time=00:02:40.03 bitrate=7093.2kbits/s speed=   1x    
frame= 9632 fps= 60 q=-0.0 size=  139010KiB time=00:02:40.53 bitrate=7093.7kbits/s speed=   1x    
frame= 9662 fps= 60 q=-0.0 size=  139437KiB time=00:02:41.03 bitrate=7093.4kbits/s speed=   1x    
frame= 9692 fps= 60 q=-0.0 size=  139877KiB time=00:02:41.53 bitrate=7093.7kbits/s speed=   1x    
frame= 9722 fps= 60 q=-0.0 size=  140302KiB time=00:02:42.03 bitrate=7093.3kbits/s speed=   1x    
frame= 9752 fps= 60 q=-0.0 size=  140752KiB time=00:02:42.53 bitrate=7094.2kbits/s speed=   1x    
frame= 9782 fps= 60 q=-0.0 size=  141175KiB time=00:02:43.03 bitrate=7093.7kbits/s speed=   1x    
frame= 9812 fps= 60 q=-0.0 size=  141604KiB time=00:02:43.53 bitrate=7093.5kbits/s speed=   1x    
frame= 9842 fps= 60 q=-0.0 size=  142048KiB time=00:02:44.03 bitrate=7094.1kbits/s speed=   1x    
frame= 9872 fps= 60 q=-0.0 size=  142484KiB time=00:02:44.53 bitrate=7094.2kbits/s speed=   1x    
frame= 9902 fps= 60 q=-0.0 size=  142912KiB time=00:02:45.03 bitrate=7093.9kbits/s speed=   1x    
frame= 9932 fps= 60 q=-0.0 size=  143368KiB time=00:02:45.53 bitrate=7095.1kbits/s speed=   1x    
frame= 9962 fps= 60 q=-0.0 size=  143770KiB time=00:02:46.03 bitrate=7093.5kbits/s speed=   1x    
frame= 9992 fps= 60 q=-0.0 size=  144207KiB time=00:02:46.53 bitrate=7093.8kbits/s speed=   1x    
frame=10022 fps= 60 q=-0.0 size=  144653KiB time=00:02:47.03 bitrate=7094.4kbits/s speed=   1x    
frame=10052 fps= 60 q=-0.0 size=  145077KiB time=00:02:47.53 bitrate=7094.0kbits/s speed=   1x    
frame=10082 fps= 60 q=-0.0 size=  145508KiB time=00:02:48.03 bitrate=7093.8kbits/s speed=   1x    
frame=10112 fps= 60 q=-0.0 size=  145926KiB time=00:02:48.53 bitrate=7093.1kbits/s speed=   1x    
frame=10142 fps= 60 q=-0.0 size=  146391KiB time=00:02:49.03 bitrate=7094.7kbits/s speed=   1x    
frame=10172 fps= 60 q=-0.0 size=  146692KiB time=00:02:49.53 bitrate=7088.3kbits/s speed=   1x    
frame=10202 fps= 60 q=-0.0 size=  147032KiB time=00:02:50.03 bitrate=7083.8kbits/s speed=   1x    
frame=10232 fps= 60 q=-0.0 size=  147465KiB time=00:02:50.53 bitrate=7083.9kbits/s speed=   1x    
frame=10263 fps= 60 q=-0.0 size=  147913KiB time=00:02:51.05 bitrate=7083.9kbits/s speed=   1x    
frame=10292 fps= 60 q=-0.0 size=  148721KiB time=00:02:51.53 bitrate=7102.5kbits/s speed=   1x    
frame=10323 fps= 60 q=-0.0 size=  148954KiB time=00:02:52.05 bitrate=7092.3kbits/s speed=   1x    
frame=10353 fps= 60 q=-0.0 size=  149440KiB time=00:02:52.55 bitrate=7094.8kbits/s speed=   1x    
frame=10383 fps= 60 q=-0.0 size=  149874KiB time=00:02:53.05 bitrate=7094.9kbits/s speed=   1x    
frame=10413 fps= 60 q=-0.0 size=  150303KiB time=00:02:53.55 bitrate=7094.7kbits/s speed=   1x    
frame=10443 fps= 60 q=-0.0 size=  150736KiB time=00:02:54.05 bitrate=7094.7kbits/s speed=   1x    
frame=10473 fps= 60 q=-0.0 size=  151171KiB time=00:02:54.55 bitrate=7094.8kbits/s speed=   1x    
frame=10503 fps= 60 q=-0.0 size=  151594KiB time=00:02:55.05 bitrate=7094.3kbits/s speed=   1x    
frame=10533 fps= 60 q=-0.0 size=  152033KiB time=00:02:55.55 bitrate=7094.6kbits/s speed=   1x    
frame=10563 fps= 60 q=-0.0 size=  152468KiB time=00:02:56.05 bitrate=7094.7kbits/s speed=   1x    
frame=10593 fps= 60 q=-0.0 size=  152899KiB time=00:02:56.55 bitrate=7094.6kbits/s speed=   1x    
frame=10623 fps= 60 q=-0.0 size=  153335KiB time=00:02:57.05 bitrate=7094.7kbits/s speed=   1x    
frame=10653 fps= 60 q=-0.0 size=  153771KiB time=00:02:57.55 bitrate=7094.8kbits/s speed=   1x    
frame=10683 fps= 60 q=-0.0 size=  154207KiB time=00:02:58.05 bitrate=7095.0kbits/s speed=   1x    
frame=10713 fps= 60 q=-0.0 size=  154659KiB time=00:02:58.55 bitrate=7095.9kbits/s speed=   1x    
frame=10743 fps= 60 q=-0.0 size=  154842KiB time=00:02:59.05 bitrate=7084.4kbits/s speed=   1x    
frame=10773 fps= 60 q=-0.0 size=  155275KiB time=00:02:59.55 bitrate=7084.4kbits/s speed=   1x    
frame=10803 fps= 60 q=-0.0 size=  155708KiB time=00:03:00.05 bitrate=7084.5kbits/s speed=   1x    
frame=10833 fps= 60 q=-0.0 size=  156141KiB time=00:03:00.55 bitrate=7084.5kbits/s speed=   1x    
frame=10863 fps= 60 q=-0.0 size=  156574KiB time=00:03:01.05 bitrate=7084.5kbits/s speed=   1x    
frame=10893 fps= 60 q=-0.0 size=  157007KiB time=00:03:01.55 bitrate=7084.6kbits/s speed=   1x    
frame=10923 fps= 60 q=-0.0 size=  157440KiB time=00:03:02.05 bitrate=7084.6kbits/s speed=   1x    
frame=10953 fps= 60 q=-0.0 size=  157874KiB time=00:03:02.55 bitrate=7084.6kbits/s speed=   1x    
frame=10983 fps= 60 q=-0.0 size=  158307KiB time=00:03:03.05 bitrate=7084.7kbits/s speed=   1x    
frame=11013 fps= 60 q=-0.0 size=  158740KiB time=00:03:03.55 bitrate=7084.7kbits/s speed=   1x    
frame=11043 fps= 60 q=-0.0 size=  159173KiB time=00:03:04.05 bitrate=7084.7kbits/s speed=   1x    
frame=11073 fps= 60 q=-0.0 size=  159606KiB time=00:03:04.55 bitrate=7084.8kbits/s speed=   1x    
frame=11103 fps= 60 q=-0.0 size=  160240KiB time=00:03:05.05 bitrate=7093.7kbits/s speed=   1x    
frame=11133 fps= 60 q=-0.0 size=  160679KiB time=00:03:05.55 bitrate=7094.0kbits/s speed=   1x    
frame=11163 fps= 60 q=-0.0 size=  161117KiB time=00:03:06.05 bitrate=7094.2kbits/s speed=   1x    
frame=11193 fps= 60 q=-0.0 size=  161550KiB time=00:03:06.55 bitrate=7094.2kbits/s speed=   1x    
frame=11223 fps= 60 q=-0.0 size=  161985KiB time=00:03:07.05 bitrate=7094.2kbits/s speed=   1x    
frame=11253 fps= 60 q=-0.0 size=  162391KiB time=00:03:07.55 bitrate=7093.1kbits/s speed=   1x    
frame=11283 fps= 60 q=-0.0 size=  162838KiB time=00:03:08.05 bitrate=7093.7kbits/s speed=   1x    
frame=11313 fps= 60 q=-0.0 size=  163278KiB time=00:03:08.55 bitrate=7094.0kbits/s speed=   1x    
frame=11343 fps= 60 q=-0.0 size=  163707KiB time=00:03:09.05 bitrate=7093.8kbits/s speed=   1x    
frame=11373 fps= 60 q=-0.0 size=  164147KiB time=00:03:09.55 bitrate=7094.1kbits/s speed=   1x    
frame=11403 fps= 60 q=-0.0 size=  164565KiB time=00:03:10.05 bitrate=7093.5kbits/s speed=   1x    
frame=11433 fps= 60 q=-0.0 size=  164999KiB time=00:03:10.55 bitrate=7093.5kbits/s speed=   1x    
frame=11463 fps= 60 q=-0.0 size=  165454KiB time=00:03:11.05 bitrate=7094.5kbits/s speed=   1x    
frame=11493 fps= 60 q=-0.0 size=  165861KiB time=00:03:11.55 bitrate=7093.3kbits/s speed=   1x    
frame=11523 fps= 60 q=-0.0 size=  166309KiB time=00:03:12.05 bitrate=7094.0kbits/s speed=   1x    
frame=11553 fps= 60 q=-0.0 size=  166725KiB time=00:03:12.55 bitrate=7093.3kbits/s speed=   1x    
frame=11583 fps= 60 q=-0.0 size=  167180KiB time=00:03:13.05 bitrate=7094.2kbits/s speed=   1x    
frame=11613 fps= 60 q=-0.0 size=  167595KiB time=00:03:13.55 bitrate=7093.5kbits/s speed=   1x    
frame=11643 fps= 60 q=-0.0 size=  168040KiB time=00:03:14.05 bitrate=7093.9kbits/s speed=   1x    
frame=11673 fps= 60 q=-0.0 size=  168464KiB time=00:03:14.55 bitrate=7093.6kbits/s speed=   1x    
frame=11703 fps= 60 q=-0.0 size=  168901KiB time=00:03:15.05 bitrate=7093.8kbits/s speed=   1x    
frame=11733 fps= 60 q=-0.0 size=  169352KiB time=00:03:15.55 bitrate=7094.5kbits/s speed=   1x    
frame=11763 fps= 60 q=-0.0 size=  169766KiB time=00:03:16.05 bitrate=7093.7kbits/s speed=   1x    
frame=11793 fps= 60 q=-0.0 size=  170205KiB time=00:03:16.55 bitrate=7094.0kbits/s speed=   1x    
frame=11823 fps= 60 q=-0.0 size=  170635KiB time=00:03:17.05 bitrate=7093.9kbits/s speed=   1x    
frame=11853 fps= 60 q=-0.0 size=  171073KiB time=00:03:17.55 bitrate=7094.0kbits/s speed=   1x    
frame=11883 fps= 60 q=-0.0 size=  171504KiB time=00:03:18.05 bitrate=7094.0kbits/s speed=   1x    
frame=11913 fps= 60 q=-0.0 size=  171933KiB time=00:03:18.55 bitrate=7093.8kbits/s speed=   1x    
frame=11943 fps= 60 q=-0.0 size=  172376KiB time=00:03:19.05 bitrate=7094.2kbits/s speed=   1x    
frame=11973 fps= 60 q=-0.0 size=  172808KiB time=00:03:19.55 bitrate=7094.2kbits/s speed=   1x    
frame=12003 fps= 60 q=-0.0 size=  173240KiB time=00:03:20.05 bitrate=7094.1kbits/s speed=   1x    
frame=12033 fps= 60 q=-0.0 size=  173671KiB time=00:03:20.55 bitrate=7094.1kbits/s speed=   1x    
frame=12063 fps= 60 q=-0.0 size=  174100KiB time=00:03:21.05 bitrate=7093.9kbits/s speed=   1x    
frame=12093 fps= 60 q=-0.0 size=  174529KiB time=00:03:21.55 bitrate=7093.7kbits/s speed=   1x    
frame=12123 fps= 60 q=-0.0 size=  174975KiB time=00:03:22.05 bitrate=7094.2kbits/s speed=   1x    
frame=12153 fps= 60 q=-0.0 size=  175402KiB time=00:03:22.55 bitrate=7094.0kbits/s speed=   1x    
frame=12183 fps= 60 q=-0.0 size=  175833KiB time=00:03:23.05 bitrate=7093.9kbits/s speed=   1x    
frame=12213 fps= 60 q=-0.0 size=  176241KiB time=00:03:23.55 bitrate=7092.9kbits/s speed=   1x    
frame=12243 fps= 60 q=-0.0 size=  176696KiB time=00:03:24.05 bitrate=7093.8kbits/s speed=   1x    
frame=12273 fps= 60 q=-0.0 size=  177144KiB time=00:03:24.55 bitrate=7094.4kbits/s speed=   1x    
frame=12303 fps= 60 q=-0.0 size=  177567KiB time=00:03:25.05 bitrate=7094.0kbits/s speed=   1x    
frame=12333 fps= 60 q=-0.0 size=  178002KiB time=00:03:25.55 bitrate=7094.1kbits/s speed=   1x    
frame=12363 fps= 60 q=-0.0 size=  178438KiB time=00:03:26.05 bitrate=7094.2kbits/s speed=   1x    
frame=12393 fps= 60 q=-0.0 size=  178871KiB time=00:03:26.55 bitrate=7094.2kbits/s speed=   1x    
frame=12423 fps= 60 q=-0.0 size=  179300KiB time=00:03:27.05 bitrate=7094.0kbits/s speed=   1x    
frame=12453 fps= 60 q=-0.0 size=  179729KiB time=00:03:27.55 bitrate=7093.9kbits/s speed=   1x    
frame=12483 fps= 60 q=-0.0 size=  180140KiB time=00:03:28.05 bitrate=7093.0kbits/s speed=   1x    
frame=12513 fps= 60 q=-0.0 size=  180594KiB time=00:03:28.55 bitrate=7093.9kbits/s speed=   1x    
frame=12543 fps= 60 q=-0.0 size=  181032KiB time=00:03:29.05 bitrate=7094.1kbits/s speed=   1x    
frame=12573 fps= 60 q=-0.0 size=  181462KiB time=00:03:29.55 bitrate=7093.9kbits/s speed=   1x    
frame=12603 fps= 60 q=-0.0 size=  181892KiB time=00:03:30.05 bitrate=7093.8kbits/s speed=   1x    
frame=12633 fps= 60 q=-0.0 size=  182341KiB time=00:03:30.55 bitrate=7094.5kbits/s speed=   1x    
frame=12663 fps= 60 q=-0.0 size=  182772KiB time=00:03:31.05 bitrate=7094.4kbits/s speed=   1x    
frame=12693 fps= 60 q=-0.0 size=  183200KiB time=00:03:31.55 bitrate=7094.2kbits/s speed=   1x    
frame=12723 fps= 60 q=-0.0 size=  183636KiB time=00:03:32.05 bitrate=7094.3kbits/s speed=   1x    
frame=12753 fps= 60 q=-0.0 size=  184071KiB time=00:03:32.55 bitrate=7094.4kbits/s speed=   1x    
frame=12783 fps= 60 q=-0.0 size=  184494KiB time=00:03:33.05 bitrate=7094.0kbits/s speed=   1x    
frame=12813 fps= 60 q=-0.0 size=  184928KiB time=00:03:33.55 bitrate=7094.0kbits/s speed=   1x    
frame=12843 fps= 60 q=-0.0 size=  185362KiB time=00:03:34.05 bitrate=7094.1kbits/s speed=   1x    
frame=12873 fps= 60 q=-0.0 size=  185786KiB time=00:03:34.55 bitrate=7093.7kbits/s speed=   1x    
frame=12903 fps= 60 q=-0.0 size=  186244KiB time=00:03:35.05 bitrate=7094.7kbits/s speed=   1x    
frame=12933 fps= 60 q=-0.0 size=  186671KiB time=00:03:35.55 bitrate=7094.5kbits/s speed=   1x    
frame=12963 fps= 60 q=-0.0 size=  187076KiB time=00:03:36.05 bitrate=7093.4kbits/s speed=   1x    
frame=12993 fps= 60 q=-0.0 size=  187538KiB time=00:03:36.55 bitrate=7094.5kbits/s speed=   1x    
frame=13023 fps= 60 q=-0.0 size=  187973KiB time=00:03:37.05 bitrate=7094.6kbits/s speed=   1x    
frame=13053 fps= 60 q=-0.0 size=  188389KiB time=00:03:37.55 bitrate=7093.9kbits/s speed=   1x    
frame=13083 fps= 60 q=-0.0 size=  188835KiB time=00:03:38.05 bitrate=7094.4kbits/s speed=   1x    
frame=13113 fps= 60 q=-0.0 size=  189264KiB time=00:03:38.55 bitrate=7094.3kbits/s speed=   1x    
frame=13143 fps= 60 q=-0.0 size=  189696KiB time=00:03:39.05 bitrate=7094.2kbits/s speed=   1x    
frame=13173 fps= 60 q=-0.0 size=  190120KiB time=00:03:39.55 bitrate=7093.9kbits/s speed=   1x    
frame=13203 fps= 60 q=-0.0 size=  190558KiB time=00:03:40.05 bitrate=7094.1kbits/s speed=   1x    
frame=13233 fps= 60 q=-0.0 size=  190990KiB time=00:03:40.55 bitrate=7094.0kbits/s speed=   1x    
frame=13263 fps= 60 q=-0.0 size=  191431KiB time=00:03:41.05 bitrate=7094.3kbits/s speed=   1x    
frame=13293 fps= 60 q=-0.0 size=  191873KiB time=00:03:41.55 bitrate=7094.7kbits/s speed=   1x    
frame=13323 fps= 60 q=-0.0 size=  192288KiB time=00:03:42.05 bitrate=7094.0kbits/s speed=   1x    
frame=13353 fps= 60 q=-0.0 size=  192734KiB time=00:03:42.55 bitrate=7094.5kbits/s speed=   1x    
frame=13383 fps= 60 q=-0.0 size=  193179KiB time=00:03:43.05 bitrate=7094.9kbits/s speed=   1x    
frame=13413 fps= 60 q=-0.0 size=  193589KiB time=00:03:43.55 bitrate=7094.1kbits/s speed=   1x    
frame=13443 fps= 60 q=-0.0 size=  194018KiB time=00:03:44.05 bitrate=7093.9kbits/s speed=   1x    
frame=13473 fps= 60 q=-0.0 size=  194439KiB time=00:03:44.55 bitrate=7093.5kbits/s speed=   1x    
frame=13503 fps= 60 q=-0.0 size=  194896KiB time=00:03:45.05 bitrate=7094.4kbits/s speed=   1x    
frame=13533 fps= 60 q=-0.0 size=  195319KiB time=00:03:45.55 bitrate=7094.0kbits/s speed=   1x    
frame=13563 fps= 60 q=-0.0 size=  195742KiB time=00:03:46.05 bitrate=7093.6kbits/s speed=   1x    
frame=13593 fps= 60 q=-0.0 size=  196187KiB time=00:03:46.55 bitrate=7094.1kbits/s speed=   1x    
frame=13623 fps= 60 q=-0.0 size=  196657KiB time=00:03:47.05 bitrate=7095.4kbits/s speed=   1x    
frame=13653 fps= 60 q=-0.0 size=  197055KiB time=00:03:47.55 bitrate=7094.1kbits/s speed=   1x    
frame=13683 fps= 60 q=-0.0 size=  197484KiB time=00:03:48.05 bitrate=7094.0kbits/s speed=   1x    
frame=13713 fps= 60 q=-0.0 size=  197914KiB time=00:03:48.55 bitrate=7093.9kbits/s speed=   1x    
frame=13743 fps= 60 q=-0.0 size=  198349KiB time=00:03:49.05 bitrate=7094.0kbits/s speed=   1x    
frame=13773 fps= 60 q=-0.0 size=  198779KiB time=00:03:49.55 bitrate=7093.9kbits/s speed=   1x    
frame=13803 fps= 60 q=-0.0 size=  199228KiB time=00:03:50.05 bitrate=7094.5kbits/s speed=   1x    
frame=13833 fps= 60 q=-0.0 size=  199652KiB time=00:03:50.55 bitrate=7094.1kbits/s speed=   1x    
frame=13863 fps= 60 q=-0.0 size=  200076KiB time=00:03:51.05 bitrate=7093.8kbits/s speed=   1x    
frame=13893 fps= 60 q=-0.0 size=  200529KiB time=00:03:51.55 bitrate=7094.5kbits/s speed=   1x    
frame=13924 fps= 60 q=-0.0 size=  200956KiB time=00:03:52.06 bitrate=7093.8kbits/s speed=   1x    
frame=13954 fps= 60 q=-0.0 size=  201385KiB time=00:03:52.56 bitrate=7093.7kbits/s speed=   1x    
frame=13984 fps= 60 q=-0.0 size=  201828KiB time=00:03:53.06 bitrate=7094.0kbits/s speed=   1x    
frame=14014 fps= 60 q=-0.0 size=  202267KiB time=00:03:53.56 bitrate=7094.2kbits/s speed=   1x    
frame=14044 fps= 60 q=-0.0 size=  202704KiB time=00:03:54.06 bitrate=7094.4kbits/s speed=   1x    
frame=14074 fps= 60 q=-0.0 size=  203131KiB time=00:03:54.56 bitrate=7094.2kbits/s speed=   1x    
frame=14104 fps= 60 q=-0.0 size=  203560KiB time=00:03:55.06 bitrate=7094.0kbits/s speed=   1x    
frame=14134 fps= 60 q=-0.0 size=  203989KiB time=00:03:55.56 bitrate=7093.9kbits/s speed=   1x    
frame=14164 fps= 60 q=-0.0 size=  204440KiB time=00:03:56.06 bitrate=7094.5kbits/s speed=   1x    
frame=14194 fps= 60 q=-0.0 size=  204852KiB time=00:03:56.56 bitrate=7093.8kbits/s speed=   1x    
frame=14224 fps= 60 q=-0.0 size=  205277KiB time=00:03:57.06 bitrate=7093.5kbits/s speed=   1x    
frame=14254 fps= 60 q=-0.0 size=  205740KiB time=00:03:57.56 bitrate=7094.5kbits/s speed=   1x    
frame=14284 fps= 60 q=-0.0 size=  206149KiB time=00:03:58.06 bitrate=7093.7kbits/s speed=   1x    
frame=14314 fps= 60 q=-0.0 size=  206596KiB time=00:03:58.56 bitrate=7094.2kbits/s speed=   1x    
frame=14344 fps= 60 q=-0.0 size=  207025KiB time=00:03:59.06 bitrate=7094.1kbits/s speed=   1x    
frame=14374 fps= 60 q=-0.0 size=  207452KiB time=00:03:59.56 bitrate=7093.8kbits/s speed=   1x    
frame=14404 fps= 60 q=-0.0 size=  207890KiB time=00:04:00.06 bitrate=7094.0kbits/s speed=   1x    
frame=14434 fps= 60 q=-0.0 size=  208298KiB time=00:04:00.56 bitrate=7093.2kbits/s speed=   1x    
frame=14464 fps= 60 q=-0.0 size=  208770KiB time=00:04:01.06 bitrate=7094.5kbits/s speed=   1x    
frame=14494 fps= 60 q=-0.0 size=  209180KiB time=00:04:01.56 bitrate=7093.7kbits/s speed=   1x    
frame=14524 fps= 60 q=-0.0 size=  209604KiB time=00:04:02.06 bitrate=7093.4kbits/s speed=   1x    
frame=14554 fps= 60 q=-0.0 size=  210074KiB time=00:04:02.56 bitrate=7094.6kbits/s speed=   1x    
frame=14584 fps= 60 q=-0.0 size=  210482KiB time=00:04:03.06 bitrate=7093.8kbits/s speed=   1x    
frame=14614 fps= 60 q=-0.0 size=  210811KiB time=00:04:03.56 bitrate=7090.3kbits/s speed=   1x    
frame=14644 fps= 60 q=-0.0 size=  211290KiB time=00:04:04.06 bitrate=7091.9kbits/s speed=   1x    
frame=14674 fps= 60 q=-0.0 size=  211764KiB time=00:04:04.56 bitrate=7093.3kbits/s speed=   1x    
frame=14704 fps= 60 q=-0.0 size=  212214KiB time=00:04:05.06 bitrate=7093.8kbits/s speed=   1x    
frame=14734 fps= 60 q=-0.0 size=  212634KiB time=00:04:05.56 bitrate=7093.4kbits/s speed=   1x    
frame=14764 fps= 60 q=-0.0 size=  213052KiB time=00:04:06.06 bitrate=7092.9kbits/s speed=   1x    
frame=14794 fps= 60 q=-0.0 size=  213452KiB time=00:04:06.56 bitrate=7091.8kbits/s speed=   1x    
frame=14824 fps= 60 q=-0.0 size=  213873KiB time=00:04:07.06 bitrate=7091.4kbits/s speed=   1x    
frame=14854 fps= 60 q=-0.0 size=  214297KiB time=00:04:07.56 bitrate=7091.1kbits/s speed=   1x    
frame=14884 fps= 60 q=-0.0 size=  214720KiB time=00:04:08.06 bitrate=7090.8kbits/s speed=   1x    
frame=14914 fps= 60 q=-0.0 size=  215166KiB time=00:04:08.56 bitrate=7091.2kbits/s speed=   1x    
frame=14944 fps= 60 q=-0.0 size=  215595KiB time=00:04:09.06 bitrate=7091.1kbits/s speed=   1x    
frame=14974 fps= 60 q=-0.0 size=  216015KiB time=00:04:09.56 bitrate=7090.7kbits/s speed=   1x    
frame=15004 fps= 60 q=-0.0 size=  216445KiB time=00:04:10.06 bitrate=7090.6kbits/s speed=   1x    
frame=15034 fps= 60 q=-0.0 size=  216955KiB time=00:04:10.56 bitrate=7093.1kbits/s speed=   1x    
frame=15064 fps= 60 q=-0.0 size=  217216KiB time=00:04:11.06 bitrate=7087.5kbits/s speed=   1x    
frame=15094 fps= 60 q=-0.0 size=  217649KiB time=00:04:11.56 bitrate=7087.5kbits/s speed=   1x    
frame=15124 fps= 60 q=-0.0 size=  218368KiB time=00:04:12.06 bitrate=7096.8kbits/s speed=   1x    
frame=15154 fps= 60 q=-0.0 size=  218691KiB time=00:04:12.56 bitrate=7093.2kbits/s speed=   1x    
frame=15184 fps= 60 q=-0.0 size=  219170KiB time=00:04:13.06 bitrate=7094.7kbits/s speed=   1x    
frame=15214 fps= 60 q=-0.0 size=  219607KiB time=00:04:13.56 bitrate=7094.9kbits/s speed=   1x    
frame=15244 fps= 60 q=-0.0 size=  220027KiB time=00:04:14.06 bitrate=7094.4kbits/s speed=   1x    
frame=15274 fps= 60 q=-0.0 size=  220451KiB time=00:04:14.56 bitrate=7094.1kbits/s speed=   1x    
frame=15304 fps= 60 q=-0.0 size=  220877KiB time=00:04:15.06 bitrate=7093.9kbits/s speed=   1x    
frame=15334 fps= 60 q=-0.0 size=  221326KiB time=00:04:15.56 bitrate=7094.5kbits/s speed=   1x    
frame=15364 fps= 60 q=-0.0 size=  221750KiB time=00:04:16.06 bitrate=7094.2kbits/s speed=   1x    
frame=15394 fps= 60 q=-0.0 size=  222169KiB time=00:04:16.56 bitrate=7093.7kbits/s speed=   1x    
frame=15424 fps= 60 q=-0.0 size=  222596KiB time=00:04:17.06 bitrate=7093.5kbits/s speed=   1x    
frame=15454 fps= 60 q=-0.0 size=  223039KiB time=00:04:17.56 bitrate=7093.8kbits/s speed=   1x    
frame=15484 fps= 60 q=-0.0 size=  223476KiB time=00:04:18.06 bitrate=7094.0kbits/s speed=   1x    
frame=15514 fps= 60 q=-0.0 size=  223914KiB time=00:04:18.56 bitrate=7094.1kbits/s speed=   1x    
frame=15544 fps= 60 q=-0.0 size=  224367KiB time=00:04:19.06 bitrate=7094.8kbits/s speed=   1x    
frame=15574 fps= 60 q=-0.0 size=  224770KiB time=00:04:19.56 bitrate=7093.8kbits/s speed=   1x    
frame=15604 fps= 60 q=-0.0 size=  225199KiB time=00:04:20.06 bitrate=7093.7kbits/s speed=   1x    
frame=15634 fps= 60 q=-0.0 size=  225648KiB time=00:04:20.56 bitrate=7094.2kbits/s speed=   1x    
frame=15664 fps= 60 q=-0.0 size=  226087KiB time=00:04:21.06 bitrate=7094.4kbits/s speed=   1x    
frame=15694 fps= 60 q=-0.0 size=  226511KiB time=00:04:21.56 bitrate=7094.1kbits/s speed=   1x    
frame=15724 fps= 60 q=-0.0 size=  226941KiB time=00:04:22.06 bitrate=7094.0kbits/s speed=   1x    
frame=15754 fps= 60 q=-0.0 size=  227369KiB time=00:04:22.56 bitrate=7093.9kbits/s speed=   1x    
frame=15784 fps= 60 q=-0.0 size=  227831KiB time=00:04:23.06 bitrate=7094.7kbits/s speed=   1x    
frame=15814 fps= 60 q=-0.0 size=  228245KiB time=00:04:23.56 bitrate=7094.1kbits/s speed=   1x    
frame=15844 fps= 60 q=-0.0 size=  228696KiB time=00:04:24.06 bitrate=7094.7kbits/s speed=   1x    
frame=15874 fps= 60 q=-0.0 size=  229126KiB time=00:04:24.56 bitrate=7094.6kbits/s speed=   1x    
frame=15904 fps= 60 q=-0.0 size=  229539KiB time=00:04:25.06 bitrate=7094.0kbits/s speed=   1x    
frame=15934 fps= 60 q=-0.0 size=  229960KiB time=00:04:25.56 bitrate=7093.6kbits/s speed=   1x    
frame=15964 fps= 60 q=-0.0 size=  230400KiB time=00:04:26.06 bitrate=7093.8kbits/s speed=   1x    
frame=15994 fps= 60 q=-0.0 size=  230848KiB time=00:04:26.56 bitrate=7094.3kbits/s speed=   1x    
frame=16024 fps= 60 q=-0.0 size=  231296KiB time=00:04:27.06 bitrate=7094.8kbits/s speed=   1x    
frame=16054 fps= 60 q=-0.0 size=  231695KiB time=00:04:27.56 bitrate=7093.7kbits/s speed=   1x    
frame=16084 fps= 60 q=-0.0 size=  232145KiB time=00:04:28.06 bitrate=7094.2kbits/s speed=   1x    
frame=16114 fps= 60 q=-0.0 size=  232562KiB time=00:04:28.56 bitrate=7093.8kbits/s speed=   1x    
frame=16144 fps= 60 q=-0.0 size=  233006KiB time=00:04:29.06 bitrate=7094.1kbits/s speed=   1x    
frame=16174 fps= 60 q=-0.0 size=  233434KiB time=00:04:29.56 bitrate=7093.9kbits/s speed=   1x    
frame=16204 fps= 60 q=-0.0 size=  233880KiB time=00:04:30.06 bitrate=7094.4kbits/s speed=   1x    
frame=16234 fps= 60 q=-0.0 size=  234326KiB time=00:04:30.56 bitrate=7094.7kbits/s speed=   1x    
frame=16264 fps= 60 q=-0.0 size=  234726KiB time=00:04:31.06 bitrate=7093.7kbits/s speed=   1x    
frame=16294 fps= 60 q=-0.0 size=  235188KiB time=00:04:31.56 bitrate=7094.6kbits/s speed=   1x    
frame=16324 fps= 60 q=-0.0 size=  235606KiB time=00:04:32.06 bitrate=7094.2kbits/s speed=   1x    
frame=16354 fps= 60 q=-0.0 size=  236033KiB time=00:04:32.56 bitrate=7094.0kbits/s speed=   1x    
frame=16384 fps= 60 q=-0.0 size=  236471KiB time=00:04:33.06 bitrate=7094.1kbits/s speed=   1x    
frame=16414 fps= 60 q=-0.0 size=  236912KiB time=00:04:33.56 bitrate=7094.4kbits/s speed=   1x    
frame=16444 fps= 60 q=-0.0 size=  237336KiB time=00:04:34.06 bitrate=7094.1kbits/s speed=   1x    
frame=16474 fps= 60 q=-0.0 size=  237763KiB time=00:04:34.56 bitrate=7093.9kbits/s speed=   1x    
frame=16504 fps= 60 q=-0.0 size=  238200KiB time=00:04:35.06 bitrate=7094.0kbits/s speed=   1x    
frame=16534 fps= 60 q=-0.0 size=  238630KiB time=00:04:35.56 bitrate=7093.9kbits/s speed=   1x    
frame=16564 fps= 60 q=-0.0 size=  239054KiB time=00:04:36.06 bitrate=7093.7kbits/s speed=   1x    
frame=16594 fps= 60 q=-0.0 size=  239483KiB time=00:04:36.56 bitrate=7093.6kbits/s speed=   1x    
frame=16624 fps= 60 q=-0.0 size=  239924KiB time=00:04:37.06 bitrate=7093.8kbits/s speed=   1x    
frame=16654 fps= 60 q=-0.0 size=  240364KiB time=00:04:37.56 bitrate=7094.0kbits/s speed=   1x    
frame=16684 fps= 60 q=-0.0 size=  240788KiB time=00:04:38.06 bitrate=7093.8kbits/s speed=   1x    
frame=16714 fps= 60 q=-0.0 size=  241235KiB time=00:04:38.56 bitrate=7094.2kbits/s speed=   1x    
frame=16744 fps= 60 q=-0.0 size=  241653KiB time=00:04:39.06 bitrate=7093.7kbits/s speed=   1x    
frame=16774 fps= 60 q=-0.0 size=  242112KiB time=00:04:39.56 bitrate=7094.5kbits/s speed=   1x    
frame=16804 fps= 60 q=-0.0 size=  242512KiB time=00:04:40.06 bitrate=7093.5kbits/s speed=   1x    
frame=16834 fps= 60 q=-0.0 size=  242950KiB time=00:04:40.56 bitrate=7093.7kbits/s speed=   1x    
frame=16864 fps= 60 q=-0.0 size=  243393KiB time=00:04:41.06 bitrate=7094.0kbits/s speed=   1x    
frame=16894 fps= 60 q=-0.0 size=  243826KiB time=00:04:41.56 bitrate=7094.0kbits/s speed=   1x    
frame=16924 fps= 60 q=-0.0 size=  244260KiB time=00:04:42.06 bitrate=7094.0kbits/s speed=   1x    
frame=16954 fps= 60 q=-0.0 size=  244697KiB time=00:04:42.56 bitrate=7094.1kbits/s speed=   1x    
frame=16984 fps= 60 q=-0.0 size=  245142KiB time=00:04:43.06 bitrate=7094.5kbits/s speed=   1x    
frame=17014 fps= 60 q=-0.0 size=  245563KiB time=00:04:43.56 bitrate=7094.1kbits/s speed=   1x    
frame=17044 fps= 60 q=-0.0 size=  245995KiB time=00:04:44.06 bitrate=7094.1kbits/s speed=   1x    
frame=17074 fps= 60 q=-0.0 size=  246436KiB time=00:04:44.56 bitrate=7094.3kbits/s speed=   1x    
frame=17104 fps= 60 q=-0.0 size=  246862KiB time=00:04:45.06 bitrate=7094.1kbits/s speed=   1x    
frame=17134 fps= 60 q=-0.0 size=  247296KiB time=00:04:45.56 bitrate=7094.1kbits/s speed=   1x    
frame=17164 fps= 60 q=-0.0 size=  247715KiB time=00:04:46.06 bitrate=7093.7kbits/s speed=   1x    
frame=17195 fps= 60 q=-0.0 size=  248164KiB time=00:04:46.58 bitrate=7093.8kbits/s speed=   1x    
frame=17225 fps= 60 q=-0.0 size=  248608KiB time=00:04:47.08 bitrate=7094.1kbits/s speed=   1x    
frame=17255 fps= 60 q=-0.0 size=  249051KiB time=00:04:47.58 bitrate=7094.4kbits/s speed=   1x    
frame=17285 fps= 60 q=-0.0 size=  249476KiB time=00:04:48.08 bitrate=7094.2kbits/s speed=   1x    
frame=17315 fps= 60 q=-0.0 size=  249888KiB time=00:04:48.58 bitrate=7093.6kbits/s speed=   1x    
frame=17345 fps= 60 q=-0.0 size=  250332KiB time=00:04:49.08 bitrate=7093.9kbits/s speed=   1x    
frame=17375 fps= 60 q=-0.0 size=  250769KiB time=00:04:49.58 bitrate=7094.0kbits/s speed=   1x    
frame=17405 fps= 60 q=-0.0 size=  251188KiB time=00:04:50.08 bitrate=7093.6kbits/s speed=   1x    
frame=17435 fps= 60 q=-0.0 size=  251634KiB time=00:04:50.58 bitrate=7093.9kbits/s speed=   1x    
frame=17465 fps= 60 q=-0.0 size=  252046KiB time=00:04:51.08 bitrate=7093.4kbits/s speed=   1x    
frame=17495 fps= 60 q=-0.0 size=  252307KiB time=00:04:51.58 bitrate=7088.5kbits/s speed=   1x    
frame=17525 fps= 60 q=-0.0 size=  252740KiB time=00:04:52.08 bitrate=7088.5kbits/s speed=   1x    
frame=17555 fps= 60 q=-0.0 size=  253173KiB time=00:04:52.58 bitrate=7088.6kbits/s speed=   1x    
frame=17585 fps= 60 q=-0.0 size=  254018KiB time=00:04:53.08 bitrate=7100.1kbits/s speed=   1x    
frame=17615 fps= 60 q=-0.0 size=  254192KiB time=00:04:53.58 bitrate=7092.9kbits/s speed=   1x    
frame=17645 fps= 60 q=-0.0 size=  254675KiB time=00:04:54.08 bitrate=7094.2kbits/s speed=   1x    
frame=17675 fps= 60 q=-0.0 size=  255114KiB time=00:04:54.58 bitrate=7094.4kbits/s speed=   1x    
frame=17705 fps= 60 q=-0.0 size=  255545KiB time=00:04:55.08 bitrate=7094.3kbits/s speed=   1x    
frame=17735 fps= 60 q=-0.0 size=  255971KiB time=00:04:55.58 bitrate=7094.2kbits/s speed=   1x    
frame=17765 fps= 60 q=-0.0 size=  256427KiB time=00:04:56.08 bitrate=7094.8kbits/s speed=   1x    
frame=17795 fps= 60 q=-0.0 size=  256821KiB time=00:04:56.58 bitrate=7093.7kbits/s speed=   1x    
frame=17825 fps= 60 q=-0.0 size=  257286KiB time=00:04:57.08 bitrate=7094.6kbits/s speed=   1x    
frame=17855 fps= 60 q=-0.0 size=  257713KiB time=00:04:57.58 bitrate=7094.4kbits/s speed=   1x    
frame=17885 fps= 60 q=-0.0 size=  258143KiB time=00:04:58.08 bitrate=7094.4kbits/s speed=   1x    
frame=17915 fps= 60 q=-0.0 size=  258567KiB time=00:04:58.58 bitrate=7094.1kbits/s speed=   1x    
frame=17945 fps= 60 q=-0.0 size=  259027KiB time=00:04:59.08 bitrate=7094.8kbits/s speed=   1x    
frame=17975 fps= 60 q=-0.0 size=  259454KiB time=00:04:59.58 bitrate=7094.7kbits/s speed=   1x    
frame=18005 fps= 60 q=-0.0 size=  259875KiB time=00:05:00.08 bitrate=7094.4kbits/s speed=   1x    
frame=18035 fps= 60 q=-0.0 size=  260102KiB time=00:05:00.58 bitrate=7088.7kbits/s speed=   1x    
frame=18065 fps= 60 q=-0.0 size=  260535KiB time=00:05:01.08 bitrate=7088.7kbits/s speed=   1x    
frame=18095 fps= 60 q=-0.0 size=  260968KiB time=00:05:01.58 bitrate=7088.8kbits/s speed=   1x    
frame=18125 fps= 60 q=-0.0 size=  261401KiB time=00:05:02.08 bitrate=7088.8kbits/s speed=   1x    
frame=18155 fps= 60 q=-0.0 size=  261835KiB time=00:05:02.58 bitrate=7088.8kbits/s speed=   1x    
frame=18185 fps= 60 q=-0.0 size=  262268KiB time=00:05:03.08 bitrate=7088.8kbits/s speed=   1x    
frame=18215 fps= 60 q=-0.0 size=  262701KiB time=00:05:03.58 bitrate=7088.8kbits/s speed=   1x    
frame=18245 fps= 60 q=-0.0 size=  263134KiB time=00:05:04.08 bitrate=7088.8kbits/s speed=   1x    
frame=18275 fps= 60 q=-0.0 size=  263567KiB time=00:05:04.58 bitrate=7088.8kbits/s speed=   1x    
frame=18305 fps= 60 q=-0.0 size=  264000KiB time=00:05:05.08 bitrate=7088.9kbits/s speed=   1x    
frame=18335 fps= 60 q=-0.0 size=  264641KiB time=00:05:05.58 bitrate=7094.4kbits/s speed=   1x    
frame=18365 fps= 60 q=-0.0 size=  265015KiB time=00:05:06.08 bitrate=7092.9kbits/s speed=   1x    
frame=18395 fps= 60 q=-0.0 size=  265513KiB time=00:05:06.58 bitrate=7094.6kbits/s speed=   1x    
frame=18425 fps= 60 q=-0.0 size=  265886KiB time=00:05:07.08 bitrate=7093.0kbits/s speed=   1x    
frame=18455 fps= 60 q=-0.0 size=  266371KiB time=00:05:07.58 bitrate=7094.4kbits/s speed=   1x    
frame=18485 fps= 60 q=-0.0 size=  266748KiB time=00:05:08.08 bitrate=7092.9kbits/s speed=   1x    
frame=18515 fps= 60 q=-0.0 size=  267237KiB time=00:05:08.58 bitrate=7094.4kbits/s speed=   1x    
frame=18545 fps= 60 q=-0.0 size=  267621KiB time=00:05:09.08 bitrate=7093.1kbits/s speed=   1x    
frame=18575 fps= 60 q=-0.0 size=  268095KiB time=00:05:09.58 bitrate=7094.2kbits/s speed=   1x    
frame=18605 fps= 60 q=-0.0 size=  268480KiB time=00:05:10.08 bitrate=7092.9kbits/s speed=   1x    
frame=18635 fps= 60 q=-0.0 size=  268962KiB time=00:05:10.58 bitrate=7094.2kbits/s speed=   1x    
frame=18665 fps= 60 q=-0.0 size=  269347KiB time=00:05:11.08 bitrate=7092.9kbits/s speed=   1x    
frame=18695 fps= 60 q=-0.0 size=  269840KiB time=00:05:11.58 bitrate=7094.5kbits/s speed=   1x    
frame=18725 fps= 60 q=-0.0 size=  270214KiB time=00:05:12.08 bitrate=7092.9kbits/s speed=   1x    
frame=18755 fps= 60 q=-0.0 size=  270714KiB time=00:05:12.58 bitrate=7094.7kbits/s speed=   1x    
frame=18785 fps= 60 q=-0.0 size=  271083KiB time=00:05:13.08 bitrate=7093.0kbits/s speed=   1x    
frame=18815 fps= 60 q=-0.0 size=  271557KiB time=00:05:13.58 bitrate=7094.1kbits/s speed=   1x    
frame=18845 fps= 60 q=-0.0 size=  271954KiB time=00:05:14.08 bitrate=7093.2kbits/s speed=   1x    
frame=18875 fps= 60 q=-0.0 size=  272456KiB time=00:05:14.58 bitrate=7095.0kbits/s speed=   1x    
frame=18905 fps= 60 q=-0.0 size=  272812KiB time=00:05:15.08 bitrate=7093.0kbits/s speed=   1x    
frame=18935 fps= 60 q=-0.0 size=  273303KiB time=00:05:15.58 bitrate=7094.5kbits/s speed=   1x    
frame=18965 fps= 60 q=-0.0 size=  273703KiB time=00:05:16.08 bitrate=7093.6kbits/s speed=   1x    
frame=18995 fps= 60 q=-0.0 size=  274180KiB time=00:05:16.58 bitrate=7094.8kbits/s speed=   1x    
frame=19025 fps= 60 q=-0.0 size=  274539KiB time=00:05:17.08 bitrate=7092.8kbits/s speed=   1x    
frame=19055 fps= 60 q=-0.0 size=  275048KiB time=00:05:17.58 bitrate=7094.8kbits/s speed=   1x    
frame=19085 fps= 60 q=-0.0 size=  275426KiB time=00:05:18.08 bitrate=7093.4kbits/s speed=   1x    
frame=19115 fps= 60 q=-0.0 size=  275866KiB time=00:05:18.58 bitrate=7093.6kbits/s speed=   1x    
frame=19145 fps= 60 q=-0.0 size=  276354KiB time=00:05:19.08 bitrate=7095.0kbits/s speed=   1x    
frame=19175 fps= 60 q=-0.0 size=  276696KiB time=00:05:19.58 bitrate=7092.6kbits/s speed=   1x    
frame=19205 fps= 60 q=-0.0 size=  277187KiB time=00:05:20.08 bitrate=7094.2kbits/s speed=   1x    
frame=19235 fps= 60 q=-0.0 size=  277606KiB time=00:05:20.58 bitrate=7093.8kbits/s speed=   1x    
frame=19265 fps= 60 q=-0.0 size=  278032KiB time=00:05:21.08 bitrate=7093.6kbits/s speed=   1x    
frame=19295 fps= 60 q=-0.0 size=  278492KiB time=00:05:21.58 bitrate=7094.3kbits/s speed=   1x    
frame=19325 fps= 60 q=-0.0 size=  278764KiB time=00:05:22.08 bitrate=7090.2kbits/s speed=   1x    
frame=19355 fps= 60 q=-0.0 size=  279331KiB time=00:05:22.58 bitrate=7093.6kbits/s speed=   1x    
frame=19385 fps= 60 q=-0.0 size=  279776KiB time=00:05:23.08 bitrate=7093.9kbits/s speed=   1x    
frame=19415 fps= 60 q=-0.0 size=  280218KiB time=00:05:23.58 bitrate=7094.1kbits/s speed=   1x    
frame=19445 fps= 60 q=-0.0 size=  280610KiB time=00:05:24.08 bitrate=7093.1kbits/s speed=   1x    
frame=19475 fps= 60 q=-0.0 size=  281033KiB time=00:05:24.58 bitrate=7092.8kbits/s speed=   1x    
frame=19505 fps= 60 q=-0.0 size=  281451KiB time=00:05:25.08 bitrate=7092.5kbits/s speed=   1x    
frame=19535 fps= 60 q=-0.0 size=  281865KiB time=00:05:25.58 bitrate=7092.0kbits/s speed=   1x    
frame=19565 fps= 60 q=-0.0 size=  282283KiB time=00:05:26.08 bitrate=7091.6kbits/s speed=   1x    
frame=19595 fps= 60 q=-0.0 size=  282719KiB time=00:05:26.58 bitrate=7091.7kbits/s speed=   1x    
frame=19625 fps= 60 q=-0.0 size=  283150KiB time=00:05:27.08 bitrate=7091.7kbits/s speed=   1x    
frame=19655 fps= 60 q=-0.0 size=  283577KiB time=00:05:27.58 bitrate=7091.5kbits/s speed=   1x    
frame=19685 fps= 60 q=-0.0 size=  284010KiB time=00:05:28.08 bitrate=7091.5kbits/s speed=   1x    
frame=19715 fps= 60 q=-0.0 size=  284517KiB time=00:05:28.58 bitrate=7093.4kbits/s speed=   1x    
frame=19745 fps= 60 q=-0.0 size=  284850KiB time=00:05:29.08 bitrate=7090.9kbits/s speed=   1x    
frame=19775 fps= 60 q=-0.0 size=  285294KiB time=00:05:29.58 bitrate=7091.2kbits/s speed=   1x    
frame=19805 fps= 60 q=-0.0 size=  285817KiB time=00:05:30.08 bitrate=7093.4kbits/s speed=   1x    
frame=19835 fps= 60 q=-0.0 size=  286272KiB time=00:05:30.58 bitrate=7093.9kbits/s speed=   1x    
frame=19865 fps= 60 q=-0.0 size=  286698KiB time=00:05:31.08 bitrate=7093.8kbits/s speed=   1x    
frame=19895 fps= 60 q=-0.0 size=  287125KiB time=00:05:31.58 bitrate=7093.6kbits/s speed=   1x    
frame=19925 fps= 60 q=-0.0 size=  287571KiB time=00:05:32.08 bitrate=7094.0kbits/s speed=   1x    
frame=19955 fps= 60 q=-0.0 size=  288018KiB time=00:05:32.58 bitrate=7094.3kbits/s speed=   1x    
frame=19985 fps= 60 q=-0.0 size=  288437KiB time=00:05:33.08 bitrate=7093.9kbits/s speed=   1x    
frame=20015 fps= 60 q=-0.0 size=  288892KiB time=00:05:33.58 bitrate=7094.5kbits/s speed=   1x    
frame=20045 fps= 60 q=-0.0 size=  289312KiB time=00:05:34.08 bitrate=7094.2kbits/s speed=   1x    
frame=20075 fps= 60 q=-0.0 size=  289732KiB time=00:05:34.58 bitrate=7093.9kbits/s speed=   1x    
frame=20105 fps= 60 q=-0.0 size=  290156KiB time=00:05:35.08 bitrate=7093.6kbits/s speed=   1x    
frame=20135 fps= 60 q=-0.0 size=  290603KiB time=00:05:35.58 bitrate=7094.0kbits/s speed=   1x    
frame=20165 fps= 60 q=-0.0 size=  290997KiB time=00:05:36.08 bitrate=7093.0kbits/s speed=   1x    
frame=20195 fps= 60 q=-0.0 size=  291496KiB time=00:05:36.58 bitrate=7094.6kbits/s speed=   1x    
frame=20225 fps= 60 q=-0.0 size=  291950KiB time=00:05:37.08 bitrate=7095.1kbits/s speed=   1x    
frame=20255 fps= 60 q=-0.0 size=  292370KiB time=00:05:37.58 bitrate=7094.8kbits/s speed=   1x    
frame=20285 fps= 60 q=-0.0 size=  292799KiB time=00:05:38.08 bitrate=7094.7kbits/s speed=   1x    
frame=20315 fps= 60 q=-0.0 size=  293233KiB time=00:05:38.58 bitrate=7094.7kbits/s speed=   1x    
frame=20345 fps= 60 q=-0.0 size=  293669KiB time=00:05:39.08 bitrate=7094.8kbits/s speed=   1x    
frame=20375 fps= 60 q=-0.0 size=  294075KiB time=00:05:39.58 bitrate=7094.2kbits/s speed=   1x    
frame=20405 fps= 60 q=-0.0 size=  294506KiB time=00:05:40.08 bitrate=7094.1kbits/s speed=   1x    
frame=20435 fps= 60 q=-0.0 size=  294929KiB time=00:05:40.58 bitrate=7093.9kbits/s speed=   1x    
frame=20465 fps= 60 q=-0.0 size=  295369KiB time=00:05:41.08 bitrate=7094.1kbits/s speed=   1x    
frame=20495 fps= 60 q=-0.0 size=  295808KiB time=00:05:41.58 bitrate=7094.2kbits/s speed=   1x    
frame=20525 fps= 60 q=-0.0 size=  296249KiB time=00:05:42.08 bitrate=7094.4kbits/s speed=   1x    
frame=20555 fps= 60 q=-0.0 size=  296654KiB time=00:05:42.58 bitrate=7093.7kbits/s speed=   1x    
frame=20585 fps= 60 q=-0.0 size=  297103KiB time=00:05:43.08 bitrate=7094.1kbits/s speed=   1x    
frame=20615 fps= 60 q=-0.0 size=  297540KiB time=00:05:43.58 bitrate=7094.2kbits/s speed=   1x    
frame=20645 fps= 60 q=-0.0 size=  297963KiB time=00:05:44.08 bitrate=7093.9kbits/s speed=   1x    
frame=20675 fps= 60 q=-0.0 size=  298411KiB time=00:05:44.58 bitrate=7094.3kbits/s speed=   1x    
frame=20705 fps= 60 q=-0.0 size=  298833KiB time=00:05:45.08 bitrate=7094.0kbits/s speed=   1x    
frame=20736 fps= 60 q=-0.0 size=  299278KiB time=00:05:45.60 bitrate=7094.0kbits/s speed=   1x    
frame=20765 fps= 60 q=-0.0 size=  299685KiB time=00:05:46.08 bitrate=7093.7kbits/s speed=   1x    
frame=20796 fps= 60 q=-0.0 size=  300153KiB time=00:05:46.60 bitrate=7094.2kbits/s speed=   1x    
frame=20826 fps= 60 q=-0.0 size=  300584KiB time=00:05:47.10 bitrate=7094.2kbits/s speed=   1x    
frame=20855 fps= 60 q=-0.0 size=  301010KiB time=00:05:47.58 bitrate=7094.3kbits/s speed=   1x    
frame=20886 fps= 60 q=-0.0 size=  301454KiB time=00:05:48.10 bitrate=7094.3kbits/s speed=   1x    
frame=20916 fps= 60 q=-0.0 size=  301850KiB time=00:05:48.60 bitrate=7093.4kbits/s speed=   1x    
frame=20946 fps= 60 q=-0.0 size=  302300KiB time=00:05:49.10 bitrate=7093.8kbits/s speed=   1x    
frame=20976 fps= 60 q=-0.0 size=  302760KiB time=00:05:49.60 bitrate=7094.4kbits/s speed=   1x    
frame=21006 fps= 60 q=-0.0 size=  303161KiB time=00:05:50.10 bitrate=7093.7kbits/s speed=   1x    
frame=21036 fps= 60 q=-0.0 size=  303596KiB time=00:05:50.60 bitrate=7093.7kbits/s speed=   1x    
frame=21066 fps= 60 q=-0.0 size=  304033KiB time=00:05:51.10 bitrate=7093.8kbits/s speed=   1x    
frame=21096 fps= 60 q=-0.0 size=  304496KiB time=00:05:51.60 bitrate=7094.5kbits/s speed=   1x    
frame=21126 fps= 60 q=-0.0 size=  304905KiB time=00:05:52.10 bitrate=7094.0kbits/s speed=   1x    
frame=21156 fps= 60 q=-0.0 size=  305294KiB time=00:05:52.60 bitrate=7092.9kbits/s speed=   1x    
frame=21186 fps= 60 q=-0.0 size=  305756KiB time=00:05:53.10 bitrate=7093.6kbits/s speed=   1x    
frame=21216 fps= 60 q=-0.0 size=  306175KiB time=00:05:53.60 bitrate=7093.3kbits/s speed=   1x    
frame=21246 fps= 60 q=-0.0 size=  306628KiB time=00:05:54.10 bitrate=7093.8kbits/s speed=   1x    
frame=21276 fps= 60 q=-0.0 size=  307064KiB time=00:05:54.60 bitrate=7093.8kbits/s speed=   1x    
frame=21306 fps= 60 q=-0.0 size=  307317KiB time=00:05:55.10 bitrate=7089.7kbits/s speed=   1x    
frame=21336 fps= 60 q=-0.0 size=  307857KiB time=00:05:55.60 bitrate=7092.1kbits/s speed=   1x    
frame=21366 fps= 60 q=-0.0 size=  308378KiB time=00:05:56.10 bitrate=7094.2kbits/s speed=   1x    
frame=21396 fps= 60 q=-0.0 size=  308781KiB time=00:05:56.60 bitrate=7093.5kbits/s speed=   1x    
frame=21426 fps= 60 q=-0.0 size=  309208KiB time=00:05:57.10 bitrate=7093.3kbits/s speed=   1x    
frame=21456 fps= 60 q=-0.0 size=  309622KiB time=00:05:57.60 bitrate=7092.9kbits/s speed=   1x    
frame=21486 fps= 60 q=-0.0 size=  310040KiB time=00:05:58.10 bitrate=7092.6kbits/s speed=   1x    
frame=21516 fps= 60 q=-0.0 size=  310444KiB time=00:05:58.60 bitrate=7091.9kbits/s speed=   1x    
frame=21546 fps= 60 q=-0.0 size=  310859KiB time=00:05:59.10 bitrate=7091.5kbits/s speed=   1x    
frame=21576 fps= 60 q=-0.0 size=  311307KiB time=00:05:59.60 bitrate=7091.8kbits/s speed=   1x    
frame=21606 fps= 60 q=-0.0 size=  311738KiB time=00:06:00.10 bitrate=7091.8kbits/s speed=   1x    
frame=21636 fps= 60 q=-0.0 size=  312160KiB time=00:06:00.60 bitrate=7091.6kbits/s speed=   1x    
frame=21666 fps= 60 q=-0.0 size=  312592KiB time=00:06:01.10 bitrate=7091.5kbits/s speed=   1x    
frame=21696 fps= 60 q=-0.0 size=  313034KiB time=00:06:01.60 bitrate=7091.7kbits/s speed=   1x    
frame=21726 fps= 60 q=-0.0 size=  313520KiB time=00:06:02.10 bitrate=7093.0kbits/s speed=   1x    
frame=21756 fps= 60 q=-0.0 size=  313812KiB time=00:06:02.60 bitrate=7089.8kbits/s speed=   1x    
frame=21786 fps= 60 q=-0.0 size=  314519KiB time=00:06:03.10 bitrate=7095.9kbits/s speed=   1x    
frame=21816 fps= 60 q=-0.0 size=  314823KiB time=00:06:03.60 bitrate=7093.0kbits/s speed=   1x    
frame=21846 fps= 60 q=-0.0 size=  315291KiB time=00:06:04.10 bitrate=7093.8kbits/s speed=   1x    
frame=21876 fps= 60 q=-0.0 size=  315715KiB time=00:06:04.60 bitrate=7093.6kbits/s speed=   1x    
frame=21906 fps= 60 q=-0.0 size=  316149KiB time=00:06:05.10 bitrate=7093.6kbits/s speed=   1x    
frame=21936 fps= 60 q=-0.0 size=  316578KiB time=00:06:05.60 bitrate=7093.6kbits/s speed=   1x    
frame=21966 fps= 60 q=-0.0 size=  317012KiB time=00:06:06.10 bitrate=7093.6kbits/s speed=   1x    
frame=21996 fps= 60 q=-0.0 size=  317446KiB time=00:06:06.60 bitrate=7093.6kbits/s speed=   1x    
frame=22026 fps= 60 q=-0.0 size=  317874KiB time=00:06:07.10 bitrate=7093.5kbits/s speed=   1x    
frame=22056 fps= 60 q=-0.0 size=  318316KiB time=00:06:07.60 bitrate=7093.7kbits/s speed=   1x    
frame=22086 fps= 60 q=-0.0 size=  318741KiB time=00:06:08.10 bitrate=7093.5kbits/s speed=   1x    
frame=22116 fps= 60 q=-0.0 size=  319177KiB time=00:06:08.60 bitrate=7093.6kbits/s speed=   1x    
frame=22146 fps= 60 q=-0.0 size=  319610KiB time=00:06:09.10 bitrate=7093.6kbits/s speed=   1x    
frame=22176 fps= 60 q=-0.0 size=  320035KiB time=00:06:09.60 bitrate=7093.4kbits/s speed=   1x    
frame=22206 fps= 60 q=-0.0 size=  320474KiB time=00:06:10.10 bitrate=7093.5kbits/s speed=   1x    
frame=22236 fps= 60 q=-0.0 size=  320920KiB time=00:06:10.60 bitrate=7093.8kbits/s speed=   1x    
frame=22266 fps= 60 q=-0.0 size=  321351KiB time=00:06:11.10 bitrate=7093.8kbits/s speed=   1x    
frame=22296 fps= 60 q=-0.0 size=  321797KiB time=00:06:11.60 bitrate=7094.1kbits/s speed=   1x    
frame=22326 fps= 60 q=-0.0 size=  322237KiB time=00:06:12.10 bitrate=7094.2kbits/s speed=   1x    
frame=22356 fps= 60 q=-0.0 size=  322677KiB time=00:06:12.60 bitrate=7094.4kbits/s speed=   1x    
frame=22386 fps= 60 q=-0.0 size=  323094KiB time=00:06:13.10 bitrate=7094.0kbits/s speed=   1x    
frame=22416 fps= 60 q=-0.0 size=  323539KiB time=00:06:13.60 bitrate=7094.3kbits/s speed=   1x    
frame=22446 fps= 60 q=-0.0 size=  323955KiB time=00:06:14.10 bitrate=7093.9kbits/s speed=   1x    
frame=22476 fps= 60 q=-0.0 size=  324388KiB time=00:06:14.60 bitrate=7093.9kbits/s speed=   1x    
frame=22506 fps= 60 q=-0.0 size=  324818KiB time=00:06:15.10 bitrate=7093.9kbits/s speed=   1x    
frame=22536 fps= 60 q=-0.0 size=  325261KiB time=00:06:15.60 bitrate=7094.1kbits/s speed=   1x    
frame=22566 fps= 60 q=-0.0 size=  325690KiB time=00:06:16.10 bitrate=7094.0kbits/s speed=   1x    
frame=22596 fps= 60 q=-0.0 size=  326123KiB time=00:06:16.60 bitrate=7094.0kbits/s speed=   1x    
frame=22626 fps= 60 q=-0.0 size=  326566KiB time=00:06:17.10 bitrate=7094.2kbits/s speed=   1x    
frame=22656 fps= 60 q=-0.0 size=  326992KiB time=00:06:17.60 bitrate=7094.1kbits/s speed=   1x    
frame=22686 fps= 60 q=-0.0 size=  327385KiB time=00:06:18.10 bitrate=7093.2kbits/s speed=   1x    
frame=22716 fps= 60 q=-0.0 size=  327893KiB time=00:06:18.60 bitrate=7094.8kbits/s speed=   1x    
frame=22746 fps= 60 q=-0.0 size=  328297KiB time=00:06:19.10 bitrate=7094.2kbits/s speed=   1x    
frame=22776 fps= 60 q=-0.0 size=  328710KiB time=00:06:19.60 bitrate=7093.8kbits/s speed=   1x    
frame=22806 fps= 60 q=-0.0 size=  329164KiB time=00:06:20.10 bitrate=7094.2kbits/s speed=   1x    
frame=22836 fps= 60 q=-0.0 size=  329579KiB time=00:06:20.60 bitrate=7093.8kbits/s speed=   1x    
frame=22866 fps= 60 q=-0.0 size=  330036KiB time=00:06:21.10 bitrate=7094.3kbits/s speed=   1x    
frame=22896 fps= 60 q=-0.0 size=  330446KiB time=00:06:21.60 bitrate=7093.8kbits/s speed=   1x    
frame=22926 fps= 60 q=-0.0 size=  330878KiB time=00:06:22.10 bitrate=7093.8kbits/s speed=   1x    
frame=22957 fps= 60 q=-0.0 size=  331316KiB time=00:06:22.61 bitrate=7093.6kbits/s dup=1 drop=0 speed=   1x    
frame=22987 fps= 60 q=-0.0 size=  331764KiB time=00:06:23.11 bitrate=7094.0kbits/s dup=1 drop=0 speed=   1x    
frame=23017 fps= 60 q=-0.0 size=  332192KiB time=00:06:23.61 bitrate=7093.8kbits/s dup=1 drop=0 speed=   1x    
frame=23047 fps= 60 q=-0.0 size=  332619KiB time=00:06:24.11 bitrate=7093.7kbits/s dup=1 drop=0 speed=   1x    
frame=23077 fps= 60 q=-0.0 size=  333065KiB time=00:06:24.61 bitrate=7094.0kbits/s dup=1 drop=0 speed=   1x    
frame=23107 fps= 60 q=-0.0 size=  333495KiB time=00:06:25.11 bitrate=7093.9kbits/s dup=1 drop=0 speed=   1x    
frame=23137 fps= 60 q=-0.0 size=  333944KiB time=00:06:25.61 bitrate=7094.3kbits/s dup=1 drop=0 speed=   1x    
frame=23167 fps= 60 q=-0.0 size=  334362KiB time=00:06:26.11 bitrate=7094.0kbits/s dup=1 drop=0 speed=   1x    
frame=23197 fps= 60 q=-0.0 size=  334778KiB time=00:06:26.61 bitrate=7093.6kbits/s dup=1 drop=0 speed=   1x    
frame=23227 fps= 60 q=-0.0 size=  335224KiB time=00:06:27.11 bitrate=7093.9kbits/s dup=1 drop=0 speed=   1x    
frame=23257 fps= 60 q=-0.0 size=  335655KiB time=00:06:27.61 bitrate=7093.8kbits/s dup=1 drop=0 speed=   1x    
frame=23287 fps= 60 q=-0.0 size=  336093KiB time=00:06:28.11 bitrate=7093.9kbits/s dup=1 drop=0 speed=   1x    
frame=23317 fps= 60 q=-0.0 size=  336547KiB time=00:06:28.61 bitrate=7094.4kbits/s dup=1 drop=0 speed=   1x    
frame=23347 fps= 60 q=-0.0 size=  336950KiB time=00:06:29.11 bitrate=7093.7kbits/s dup=1 drop=0 speed=   1x    
frame=23377 fps= 60 q=-0.0 size=  337398KiB time=00:06:29.61 bitrate=7094.1kbits/s dup=1 drop=0 speed=   1x    
frame=23407 fps= 60 q=-0.0 size=  337811KiB time=00:06:30.11 bitrate=7093.6kbits/s dup=1 drop=0 speed=   1x    
frame=23437 fps= 60 q=-0.0 size=  338264KiB time=00:06:30.61 bitrate=7094.1kbits/s dup=1 drop=0 speed=   1x    
frame=23467 fps= 60 q=-0.0 size=  338697KiB time=00:06:31.11 bitrate=7094.1kbits/s dup=1 drop=0 speed=   1x    
frame=23497 fps= 60 q=-0.0 size=  339128KiB time=00:06:31.61 bitrate=7094.0kbits/s dup=1 drop=0 speed=   1x    
frame=23527 fps= 60 q=-0.0 size=  339554KiB time=00:06:32.11 bitrate=7093.9kbits/s dup=1 drop=0 speed=   1x    
frame=23557 fps= 60 q=-0.0 size=  339954KiB time=00:06:32.61 bitrate=7093.2kbits/s dup=1 drop=0 speed=   1x    
frame=23587 fps= 60 q=-0.0 size=  340419KiB time=00:06:33.11 bitrate=7093.8kbits/s dup=1 drop=0 speed=   1x    
frame=23617 fps= 60 q=-0.0 size=  340811KiB time=00:06:33.61 bitrate=7093.0kbits/s dup=1 drop=0 speed=   1x    
frame=23647 fps= 60 q=-0.0 size=  341109KiB time=00:06:34.11 bitrate=7090.2kbits/s dup=1 drop=0 speed=   1x    
frame=23677 fps= 60 q=-0.0 size=  341542KiB time=00:06:34.61 bitrate=7090.2kbits/s dup=1 drop=0 speed=   1x    
frame=23707 fps= 60 q=-0.0 size=  341975KiB time=00:06:35.11 bitrate=7090.2kbits/s dup=1 drop=0 speed=   1x    
frame=23737 fps= 60 q=-0.0 size=  342462KiB time=00:06:35.61 bitrate=7091.3kbits/s dup=1 drop=0 speed=   1x    
frame=23767 fps= 60 q=-0.0 size=  343057KiB time=00:06:36.11 bitrate=7094.7kbits/s dup=1 drop=0 speed=   1x    
frame=23797 fps= 60 q=-0.0 size=  343435KiB time=00:06:36.61 bitrate=7093.5kbits/s dup=1 drop=0 speed=   1x    
frame=23827 fps= 60 q=-0.0 size=  343872KiB time=00:06:37.11 bitrate=7093.6kbits/s dup=1 drop=0 speed=   1x    
frame=23857 fps= 60 q=-0.0 size=  344319KiB time=00:06:37.61 bitrate=7093.9kbits/s dup=1 drop=0 speed=   1x    
frame=23887 fps= 60 q=-0.0 size=  344739KiB time=00:06:38.11 bitrate=7093.6kbits/s dup=1 drop=0 speed=   1x    
frame=23917 fps= 60 q=-0.0 size=  345184KiB time=00:06:38.61 bitrate=7093.9kbits/s dup=1 drop=0 speed=   1x    
frame=23947 fps= 60 q=-0.0 size=  345623KiB time=00:06:39.11 bitrate=7094.0kbits/s dup=1 drop=0 speed=   1x    
frame=23977 fps= 60 q=-0.0 size=  346027KiB time=00:06:39.61 bitrate=7093.4kbits/s dup=1 drop=0 speed=   1x    
frame=24007 fps= 60 q=-0.0 size=  346480KiB time=00:06:40.11 bitrate=7093.9kbits/s dup=1 drop=0 speed=   1x    
frame=24037 fps= 60 q=-0.0 size=  346934KiB time=00:06:40.61 bitrate=7094.3kbits/s dup=1 drop=0 speed=   1x    
frame=24067 fps= 60 q=-0.0 size=  347353KiB time=00:06:41.11 bitrate=7094.0kbits/s dup=1 drop=0 speed=   1x    
frame=24097 fps= 60 q=-0.0 size=  347794KiB time=00:06:41.61 bitrate=7094.2kbits/s dup=1 drop=0 speed=   1x    
frame=24127 fps= 60 q=-0.0 size=  348230KiB time=00:06:42.11 bitrate=7094.2kbits/s dup=1 drop=0 speed=   1x    
frame=24157 fps= 60 q=-0.0 size=  348678KiB time=00:06:42.61 bitrate=7094.5kbits/s dup=1 drop=0 speed=   1x    
frame=24187 fps= 60 q=-0.0 size=  349048KiB time=00:06:43.11 bitrate=7093.2kbits/s dup=1 drop=0 speed=   1x    
frame=24217 fps= 60 q=-0.0 size=  349337KiB time=00:06:43.61 bitrate=7090.3kbits/s dup=1 drop=0 speed=   1x    
frame=24247 fps= 60 q=-0.0 size=  349770KiB time=00:06:44.11 bitrate=7090.3kbits/s dup=1 drop=0 speed=   1x    
frame=24277 fps= 60 q=-0.0 size=  350203KiB time=00:06:44.61 bitrate=7090.3kbits/s dup=1 drop=0 speed=   1x    
frame=24307 fps= 60 q=-0.0 size=  350636KiB time=00:06:45.11 bitrate=7090.3kbits/s dup=1 drop=0 speed=   1x    
frame=24337 fps= 60 q=-0.0 size=  351070KiB time=00:06:45.61 bitrate=7090.3kbits/s dup=1 drop=0 speed=   1x    
frame=24367 fps= 60 q=-0.0 size=  351503KiB time=00:06:46.11 bitrate=7090.3kbits/s dup=1 drop=0 speed=   1x    
frame=24397 fps= 60 q=-0.0 size=  351936KiB time=00:06:46.61 bitrate=7090.4kbits/s dup=1 drop=0 speed=   1x    
frame=24427 fps= 60 q=-0.0 size=  352369KiB time=00:06:47.11 bitrate=7090.4kbits/s dup=1 drop=0 speed=   1x    
frame=24457 fps= 60 q=-0.0 size=  352802KiB time=00:06:47.61 bitrate=7090.4kbits/s dup=1 drop=0 speed=   1x    
frame=24487 fps= 60 q=-0.0 size=  353235KiB time=00:06:48.11 bitrate=7090.4kbits/s dup=1 drop=0 speed=   1x    
frame=24517 fps= 60 q=-0.0 size=  353668KiB time=00:06:48.61 bitrate=7090.4kbits/s dup=1 drop=0 speed=   1x    
frame=24547 fps= 60 q=-0.0 size=  354101KiB time=00:06:49.11 bitrate=7090.4kbits/s dup=1 drop=0 speed=   1x    
frame=24577 fps= 60 q=-0.0 size=  354534KiB time=00:06:49.61 bitrate=7090.4kbits/s dup=1 drop=0 speed=   1x    
frame=24607 fps= 60 q=-0.0 size=  355039KiB time=00:06:50.11 bitrate=7091.8kbits/s dup=1 drop=0 speed=   1x    
frame=24637 fps= 60 q=-0.0 size=  355470KiB time=00:06:50.61 bitrate=7091.8kbits/s dup=1 drop=0 speed=   1x    
frame=24667 fps= 60 q=-0.0 size=  355911KiB time=00:06:51.11 bitrate=7092.0kbits/s dup=1 drop=0 speed=   1x    
frame=24697 fps= 60 q=-0.0 size=  356400KiB time=00:06:51.61 bitrate=7093.1kbits/s dup=1 drop=0 speed=   1x    
frame=24727 fps= 60 q=-0.0 size=  356874KiB time=00:06:52.11 bitrate=7093.9kbits/s dup=1 drop=0 speed=   1x    
frame=24757 fps= 60 q=-0.0 size=  357289KiB time=00:06:52.61 bitrate=7093.5kbits/s dup=1 drop=0 speed=   1x    
frame=24787 fps= 60 q=-0.0 size=  357750KiB time=00:06:53.11 bitrate=7094.1kbits/s dup=1 drop=0 speed=   1x    
frame=24817 fps= 60 q=-0.0 size=  358169KiB time=00:06:53.61 bitrate=7093.8kbits/s dup=1 drop=0 speed=   1x    
frame=24848 fps= 60 q=-0.0 size=  358603KiB time=00:06:54.13 bitrate=7093.6kbits/s dup=1 drop=0 speed=   1x    
frame=24877 fps= 60 q=-0.0 size=  359036KiB time=00:06:54.61 bitrate=7093.8kbits/s dup=1 drop=0 speed=   1x    
frame=24908 fps= 60 q=-0.0 size=  359480KiB time=00:06:55.13 bitrate=7093.8kbits/s dup=1 drop=0 speed=   1x    
frame=24938 fps= 60 q=-0.0 size=  359910KiB time=00:06:55.63 bitrate=7093.7kbits/s dup=1 drop=0 speed=   1x    
frame=24968 fps= 60 q=-0.0 size=  360358KiB time=00:06:56.13 bitrate=7094.0kbits/s dup=1 drop=0 speed=   1x    
frame=24998 fps= 60 q=-0.0 size=  360787KiB time=00:06:56.63 bitrate=7093.9kbits/s dup=1 drop=0 speed=   1x    
frame=25028 fps= 60 q=-0.0 size=  361208KiB time=00:06:57.13 bitrate=7093.7kbits/s dup=1 drop=0 speed=   1x    
frame=25058 fps= 60 q=-0.0 size=  361651KiB time=00:06:57.63 bitrate=7093.9kbits/s dup=1 drop=0 speed=   1x    
frame=25088 fps= 60 q=-0.0 size=  362098KiB time=00:06:58.13 bitrate=7094.2kbits/s dup=1 drop=0 speed=   1x    
frame=25118 fps= 60 q=-0.0 size=  362526KiB time=00:06:58.63 bitrate=7094.1kbits/s dup=1 drop=0 speed=   1x    
frame=25148 fps= 60 q=-0.0 size=  362952KiB time=00:06:59.13 bitrate=7093.9kbits/s dup=1 drop=0 speed=   1x    
frame=25178 fps= 60 q=-0.0 size=  363392KiB time=00:06:59.63 bitrate=7094.1kbits/s dup=1 drop=0 speed=   1x    
frame=25208 fps= 60 q=-0.0 size=  363803KiB time=00:07:00.13 bitrate=7093.6kbits/s dup=1 drop=0 speed=   1x    
frame=25238 fps= 60 q=-0.0 size=  364268KiB time=00:07:00.63 bitrate=7094.3kbits/s dup=1 drop=0 speed=   1x    
frame=25268 fps= 60 q=-0.0 size=  364680KiB time=00:07:01.13 bitrate=7093.8kbits/s dup=1 drop=0 speed=   1x    
frame=25298 fps= 60 q=-0.0 size=  365148KiB time=00:07:01.63 bitrate=7094.5kbits/s dup=1 drop=0 speed=   1x    
frame=25328 fps= 60 q=-0.0 size=  365550KiB time=00:07:02.13 bitrate=7093.9kbits/s dup=1 drop=0 speed=   1x    
frame=25358 fps= 60 q=-0.0 size=  365984KiB time=00:07:02.63 bitrate=7094.0kbits/s dup=1 drop=0 speed=   1x    
frame=25388 fps= 60 q=-0.0 size=  366420KiB time=00:07:03.13 bitrate=7094.0kbits/s dup=1 drop=0 speed=   1x    
frame=25418 fps= 60 q=-0.0 size=  366849KiB time=00:07:03.63 bitrate=7093.9kbits/s dup=1 drop=0 speed=   1x    
frame=25448 fps= 60 q=-0.0 size=  367286KiB time=00:07:04.13 bitrate=7094.0kbits/s dup=1 drop=0 speed=   1x    
frame=25478 fps= 60 q=-0.0 size=  367705KiB time=00:07:04.63 bitrate=7093.7kbits/s dup=1 drop=0 speed=   1x    
frame=25508 fps= 60 q=-0.0 size=  368148KiB time=00:07:05.13 bitrate=7093.9kbits/s dup=1 drop=0 speed=   1x    
frame=25538 fps= 60 q=-0.0 size=  368611KiB time=00:07:05.63 bitrate=7094.5kbits/s dup=1 drop=0 speed=   1x    
frame=25568 fps= 60 q=-0.0 size=  369024KiB time=00:07:06.13 bitrate=7094.1kbits/s dup=1 drop=0 speed=   1x    
frame=25598 fps= 60 q=-0.0 size=  369453KiB time=00:07:06.63 bitrate=7094.1kbits/s dup=1 drop=0 speed=   1x    
frame=25628 fps= 60 q=-0.0 size=  369880KiB time=00:07:07.13 bitrate=7093.9kbits/s dup=1 drop=0 speed=   1x    
frame=25658 fps= 60 q=-0.0 size=  370316KiB time=00:07:07.63 bitrate=7094.0kbits/s dup=1 drop=0 speed=   1x    
frame=25688 fps= 60 q=-0.0 size=  370736KiB time=00:07:08.13 bitrate=7093.7kbits/s dup=1 drop=0 speed=   1x    
frame=25718 fps= 60 q=-0.0 size=  371195KiB time=00:07:08.63 bitrate=7094.3kbits/s dup=1 drop=0 speed=   1x    
frame=25748 fps= 60 q=-0.0 size=  371619KiB time=00:07:09.13 bitrate=7094.1kbits/s dup=1 drop=0 speed=   1x    
frame=25778 fps= 60 q=-0.0 size=  372045KiB time=00:07:09.63 bitrate=7093.9kbits/s dup=1 drop=0 speed=   1x    
frame=25808 fps= 60 q=-0.0 size=  372481KiB time=00:07:10.13 bitrate=7094.0kbits/s dup=1 drop=0 speed=   1x    
frame=25838 fps= 60 q=-0.0 size=  372939KiB time=00:07:10.63 bitrate=7094.5kbits/s dup=1 drop=0 speed=   1x    
frame=25868 fps= 60 q=-0.0 size=  373342KiB time=00:07:11.13 bitrate=7093.9kbits/s dup=1 drop=0 speed=   1x    
frame=25898 fps= 60 q=-0.0 size=  373760KiB time=00:07:11.63 bitrate=7093.6kbits/s dup=1 drop=0 speed=   1x    
frame=25928 fps= 60 q=-0.0 size=  374207KiB time=00:07:12.13 bitrate=7093.9kbits/s dup=1 drop=0 speed=   1x    
frame=25958 fps= 60 q=-0.0 size=  374641KiB time=00:07:12.63 bitrate=7093.9kbits/s dup=1 drop=0 speed=   1x    
frame=25988 fps= 60 q=-0.0 size=  375086KiB time=00:07:13.13 bitrate=7094.1kbits/s dup=1 drop=0 speed=   1x    
frame=26018 fps= 60 q=-0.0 size=  375509KiB time=00:07:13.63 bitrate=7093.9kbits/s dup=1 drop=0 speed=   1x    
frame=26048 fps= 60 q=-0.0 size=  375942KiB time=00:07:14.13 bitrate=7093.9kbits/s dup=1 drop=0 speed=   1x    
frame=26078 fps= 60 q=-0.0 size=  376401KiB time=00:07:14.63 bitrate=7094.4kbits/s dup=1 drop=0 speed=   1x    
frame=26108 fps= 60 q=-0.0 size=  376787KiB time=00:07:15.13 bitrate=7093.6kbits/s dup=1 drop=0 speed=   1x    
frame=26138 fps= 60 q=-0.0 size=  377248KiB time=00:07:15.63 bitrate=7094.1kbits/s dup=1 drop=0 speed=   1x    
frame=26168 fps= 60 q=-0.0 size=  377667KiB time=00:07:16.13 bitrate=7093.8kbits/s dup=1 drop=0 speed=   1x    
frame=26198 fps= 60 q=-0.0 size=  378114KiB time=00:07:16.63 bitrate=7094.1kbits/s dup=1 drop=0 speed=   1x    
frame=26228 fps= 60 q=-0.0 size=  378529KiB time=00:07:17.13 bitrate=7093.7kbits/s dup=1 drop=0 speed=   1x    
frame=26258 fps= 60 q=-0.0 size=  378970KiB time=00:07:17.63 bitrate=7093.9kbits/s dup=1 drop=0 speed=   1x    
frame=26288 fps= 60 q=-0.0 size=  379394KiB time=00:07:18.13 bitrate=7093.7kbits/s dup=1 drop=0 speed=   1x    
frame=26318 fps= 60 q=-0.0 size=  379846KiB time=00:07:18.63 bitrate=7094.1kbits/s dup=1 drop=0 speed=   1x    
frame=26348 fps= 60 q=-0.0 size=  380277KiB time=00:07:19.13 bitrate=7094.0kbits/s dup=1 drop=0 speed=   1x    
frame=26378 fps= 60 q=-0.0 size=  380713KiB time=00:07:19.63 bitrate=7094.1kbits/s dup=1 drop=0 speed=   1x    
frame=26408 fps= 60 q=-0.0 size=  381115KiB time=00:07:20.13 bitrate=7093.5kbits/s dup=1 drop=0 speed=   1x    
frame=26438 fps= 60 q=-0.0 size=  381547KiB time=00:07:20.63 bitrate=7093.5kbits/s dup=1 drop=0 speed=   1x    
frame=26468 fps= 60 q=-0.0 size=  382002KiB time=00:07:21.13 bitrate=7093.9kbits/s dup=1 drop=0 speed=   1x    
frame=26498 fps= 60 q=-0.0 size=  382456KiB time=00:07:21.63 bitrate=7094.3kbits/s dup=1 drop=0 speed=   1x    
frame=26528 fps= 60 q=-0.0 size=  382879KiB time=00:07:22.13 bitrate=7094.1kbits/s dup=1 drop=0 speed=   1x    
frame=26558 fps= 60 q=-0.0 size=  383286KiB time=00:07:22.63 bitrate=7093.6kbits/s dup=1 drop=0 speed=   1x    
frame=26588 fps= 60 q=-0.0 size=  383729KiB time=00:07:23.13 bitrate=7093.8kbits/s dup=1 drop=0 speed=   1x    
frame=26618 fps= 60 q=-0.0 size=  384209KiB time=00:07:23.63 bitrate=7094.7kbits/s dup=1 drop=0 speed=   1x    
frame=26648 fps= 60 q=-0.0 size=  384600KiB time=00:07:24.13 bitrate=7093.9kbits/s dup=1 drop=0 speed=   1x    
frame=26678 fps= 60 q=-0.0 size=  385035KiB time=00:07:24.63 bitrate=7094.0kbits/s dup=1 drop=0 speed=   1x    
frame=26708 fps= 60 q=-0.0 size=  385491KiB time=00:07:25.13 bitrate=7094.4kbits/s dup=1 drop=0 speed=   1x    
frame=26738 fps= 60 q=-0.0 size=  385893KiB time=00:07:25.63 bitrate=7093.8kbits/s dup=1 drop=0 speed=   1x    
frame=26768 fps= 60 q=-0.0 size=  386334KiB time=00:07:26.13 bitrate=7094.0kbits/s dup=1 drop=0 speed=   1x    
frame=26798 fps= 60 q=-0.0 size=  386769KiB time=00:07:26.63 bitrate=7094.0kbits/s dup=1 drop=0 speed=   1x    
frame=26828 fps= 60 q=-0.0 size=  387200KiB time=00:07:27.13 bitrate=7093.9kbits/s dup=1 drop=0 speed=   1x    
frame=26858 fps= 60 q=-0.0 size=  387655KiB time=00:07:27.63 bitrate=7094.4kbits/s dup=1 drop=0 speed=   1x    
frame=26888 fps= 60 q=-0.0 size=  388079KiB time=00:07:28.13 bitrate=7094.2kbits/s dup=1 drop=0 speed=   1x    
frame=26918 fps= 60 q=-0.0 size=  388544KiB time=00:07:28.63 bitrate=7094.8kbits/s dup=1 drop=0 speed=   1x    
frame=26948 fps= 60 q=-0.0 size=  388959KiB time=00:07:29.13 bitrate=7094.4kbits/s dup=1 drop=0 speed=   1x    
frame=26978 fps= 60 q=-0.0 size=  389373KiB time=00:07:29.63 bitrate=7094.1kbits/s dup=1 drop=0 speed=   1x    
frame=27008 fps= 60 q=-0.0 size=  389813KiB time=00:07:30.13 bitrate=7094.2kbits/s dup=1 drop=0 speed=   1x    
frame=27038 fps= 60 q=-0.0 size=  390258KiB time=00:07:30.63 bitrate=7094.4kbits/s dup=1 drop=0 speed=   1x    
frame=27068 fps= 60 q=-0.0 size=  390672KiB time=00:07:31.13 bitrate=7094.1kbits/s dup=1 drop=0 speed=   1x    
frame=27098 fps= 60 q=-0.0 size=  391131KiB time=00:07:31.63 bitrate=7094.6kbits/s dup=1 drop=0 speed=   1x    
frame=27128 fps= 60 q=-0.0 size=  391549KiB time=00:07:32.13 bitrate=7094.3kbits/s dup=1 drop=0 speed=   1x    
frame=27158 fps= 60 q=-0.0 size=  391979KiB time=00:07:32.63 bitrate=7094.2kbits/s dup=1 drop=0 speed=   1x    
frame=27188 fps= 60 q=-0.0 size=  392399KiB time=00:07:33.13 bitrate=7094.0kbits/s dup=1 drop=0 speed=   1x    
frame=27218 fps= 60 q=-0.0 size=  392875KiB time=00:07:33.63 bitrate=7094.8kbits/s dup=1 drop=0 speed=   1x    
frame=27248 fps= 60 q=-0.0 size=  393226KiB time=00:07:34.13 bitrate=7093.3kbits/s dup=1 drop=0 speed=   1x    
frame=27278 fps= 60 q=-0.0 size=  393732KiB time=00:07:34.63 bitrate=7094.6kbits/s dup=1 drop=0 speed=   1x    
frame=27308 fps= 60 q=-0.0 size=  394133KiB time=00:07:35.13 bitrate=7094.0kbits/s dup=1 drop=0 speed=   1x    
frame=27338 fps= 60 q=-0.0 size=  394591KiB time=00:07:35.63 bitrate=7094.5kbits/s dup=1 drop=0 speed=   1x    
frame=27368 fps= 60 q=-0.0 size=  395003KiB time=00:07:36.13 bitrate=7094.1kbits/s dup=1 drop=0 speed=   1x    
frame=27398 fps= 60 q=-0.0 size=  395437KiB time=00:07:36.63 bitrate=7094.1kbits/s dup=1 drop=0 speed=   1x    
frame=27428 fps= 60 q=-0.0 size=  395875KiB time=00:07:37.13 bitrate=7094.2kbits/s dup=1 drop=0 speed=   1x    
frame=27458 fps= 60 q=-0.0 size=  396274KiB time=00:07:37.63 bitrate=7093.6kbits/s dup=1 drop=0 speed=   1x    
frame=27488 fps= 60 q=-0.0 size=  396760KiB time=00:07:38.13 bitrate=7094.6kbits/s dup=1 drop=0 speed=   1x    
frame=27518 fps= 60 q=-0.0 size=  397228KiB time=00:07:38.63 bitrate=7095.2kbits/s dup=1 drop=0 speed=   1x    
frame=27548 fps= 60 q=-0.0 size=  397605KiB time=00:07:39.13 bitrate=7094.2kbits/s dup=1 drop=0 speed=   1x    
frame=27578 fps= 60 q=-0.0 size=  398067KiB time=00:07:39.63 bitrate=7094.7kbits/s dup=1 drop=0 speed=   1x    
frame=27608 fps= 60 q=-0.0 size=  398475KiB time=00:07:40.13 bitrate=7094.3kbits/s dup=1 drop=0 speed=   1x    
frame=27638 fps= 60 q=-0.0 size=  398911KiB time=00:07:40.63 bitrate=7094.3kbits/s dup=1 drop=0 speed=   1x    
frame=27668 fps= 60 q=-0.0 size=  399350KiB time=00:07:41.13 bitrate=7094.4kbits/s dup=1 drop=0 speed=   1x    
frame=27698 fps= 60 q=-0.0 size=  399765KiB time=00:07:41.63 bitrate=7094.1kbits/s dup=1 drop=0 speed=   1x    
frame=27728 fps= 60 q=-0.0 size=  400227KiB time=00:07:42.13 bitrate=7094.6kbits/s dup=1 drop=0 speed=   1x    
frame=27758 fps= 60 q=-0.0 size=  400632KiB time=00:07:42.63 bitrate=7094.1kbits/s dup=1 drop=0 speed=   1x    
frame=27788 fps= 60 q=-0.0 size=  401079KiB time=00:07:43.13 bitrate=7094.4kbits/s dup=1 drop=0 speed=   1x    
frame=27818 fps= 60 q=-0.0 size=  401530KiB time=00:07:43.63 bitrate=7094.7kbits/s dup=1 drop=0 speed=   1x    
frame=27848 fps= 60 q=-0.0 size=  401950KiB time=00:07:44.13 bitrate=7094.5kbits/s dup=1 drop=0 speed=   1x    
frame=27878 fps= 60 q=-0.0 size=  402390KiB time=00:07:44.63 bitrate=7094.6kbits/s dup=1 drop=0 speed=   1x    
frame=27908 fps= 60 q=-0.0 size=  402820KiB time=00:07:45.13 bitrate=7094.5kbits/s dup=1 drop=0 speed=   1x    
frame=27938 fps= 60 q=-0.0 size=  403222KiB time=00:07:45.63 bitrate=7094.0kbits/s dup=1 drop=0 speed=   1x    
frame=27968 fps= 60 q=-0.0 size=  403651KiB time=00:07:46.13 bitrate=7093.9kbits/s dup=1 drop=0 speed=   1x    
frame=27998 fps= 60 q=-0.0 size=  404086KiB time=00:07:46.63 bitrate=7093.9kbits/s dup=1 drop=0 speed=   1x    
frame=28028 fps= 60 q=-0.0 size=  404530KiB time=00:07:47.13 bitrate=7094.1kbits/s dup=1 drop=0 speed=   1x    
frame=28058 fps= 60 q=-0.0 size=  404961KiB time=00:07:47.63 bitrate=7094.1kbits/s dup=1 drop=0 speed=   1x    
frame=28088 fps= 60 q=-0.0 size=  405393KiB time=00:07:48.13 bitrate=7094.1kbits/s dup=1 drop=0 speed=   1x    
frame=28118 fps= 60 q=-0.0 size=  405826KiB time=00:07:48.63 bitrate=7094.1kbits/s dup=1 drop=0 speed=   1x    
frame=28148 fps= 60 q=-0.0 size=  406277KiB time=00:07:49.13 bitrate=7094.4kbits/s dup=1 drop=0 speed=   1x    
frame=28178 fps= 60 q=-0.0 size=  406688KiB time=00:07:49.63 bitrate=7094.0kbits/s dup=1 drop=0 speed=   1x    
frame=28208 fps= 60 q=-0.0 size=  407237KiB time=00:07:50.13 bitrate=7096.0kbits/s dup=1 drop=0 speed=   1x    
frame=28238 fps= 60 q=-0.0 size=  407547KiB time=00:07:50.63 bitrate=7093.9kbits/s dup=1 drop=0 speed=   1x    
frame=28268 fps= 60 q=-0.0 size=  407982KiB time=00:07:51.13 bitrate=7093.9kbits/s dup=1 drop=0 speed=   1x    
frame=28298 fps= 60 q=-0.0 size=  408405KiB time=00:07:51.63 bitrate=7093.8kbits/s dup=1 drop=0 speed=   1x    
frame=28329 fps= 60 q=-0.0 size=  408856KiB time=00:07:52.15 bitrate=7093.8kbits/s dup=1 drop=0 speed=   1x    
frame=28358 fps= 60 q=-0.0 size=  409306KiB time=00:07:52.63 bitrate=7094.4kbits/s dup=1 drop=0 speed=   1x    
frame=28388 fps= 60 q=-0.0 size=  409786KiB time=00:07:53.13 bitrate=7095.2kbits/s dup=1 drop=0 speed=   1x    
frame=28418 fps= 60 q=-0.0 size=  410174KiB time=00:07:53.63 bitrate=7094.4kbits/s dup=1 drop=0 speed=   1x    
frame=28448 fps= 60 q=-0.0 size=  410604KiB time=00:07:54.13 bitrate=7094.4kbits/s dup=1 drop=0 speed=   1x    
frame=28478 fps= 60 q=-0.0 size=  411007KiB time=00:07:54.63 bitrate=7093.8kbits/s dup=1 drop=0 speed=   1x    
frame=28508 fps= 60 q=-0.0 size=  411463KiB time=00:07:55.13 bitrate=7094.2kbits/s dup=1 drop=0 speed=   1x    
frame=28539 fps= 60 q=-0.0 size=  411895KiB time=00:07:55.65 bitrate=7094.0kbits/s dup=1 drop=0 speed=   1x    
frame=28569 fps= 60 q=-0.0 size=  412346KiB time=00:07:56.15 bitrate=7094.3kbits/s dup=1 drop=0 speed=   1x    
frame=28598 fps= 60 q=-0.0 size=  412750KiB time=00:07:56.63 bitrate=7094.0kbits/s dup=1 drop=0 speed=   1x    
frame=28629 fps= 60 q=-0.0 size=  413191KiB time=00:07:57.15 bitrate=7093.9kbits/s dup=1 drop=0 speed=   1x    
frame=28659 fps= 60 q=-0.0 size=  413655KiB time=00:07:57.65 bitrate=7094.4kbits/s dup=1 drop=0 speed=   1x    
frame=28689 fps= 60 q=-0.0 size=  414049KiB time=00:07:58.15 bitrate=7093.8kbits/s dup=1 drop=0 speed=   1x    
frame=28719 fps= 60 q=-0.0 size=  414521KiB time=00:07:58.65 bitrate=7094.4kbits/s dup=1 drop=0 speed=   1x    
frame=28749 fps= 60 q=-0.0 size=  414903KiB time=00:07:59.15 bitrate=7093.6kbits/s dup=1 drop=0 speed=   1x    
frame=28779 fps= 60 q=-0.0 size=  415360KiB time=00:07:59.65 bitrate=7094.0kbits/s dup=1 drop=0 speed=   1x    
frame=28809 fps= 60 q=-0.0 size=  415764KiB time=00:08:00.15 bitrate=7093.5kbits/s dup=1 drop=0 speed=   1x    
frame=28839 fps= 60 q=-0.0 size=  416219KiB time=00:08:00.65 bitrate=7093.9kbits/s dup=1 drop=0 speed=   1x    
frame=28869 fps= 60 q=-0.0 size=  416655KiB time=00:08:01.15 bitrate=7093.9kbits/s dup=1 drop=0 speed=   1x    
frame=28899 fps= 60 q=-0.0 size=  417089KiB time=00:08:01.65 bitrate=7093.9kbits/s dup=1 drop=0 speed=   1x    
frame=28929 fps= 60 q=-0.0 size=  417528KiB time=00:08:02.15 bitrate=7094.0kbits/s dup=1 drop=0 speed=   1x    
frame=28959 fps= 60 q=-0.0 size=  417945KiB time=00:08:02.65 bitrate=7093.8kbits/s dup=1 drop=0 speed=   1x    
frame=28989 fps= 60 q=-0.0 size=  418410KiB time=00:08:03.15 bitrate=7094.3kbits/s dup=1 drop=0 speed=   1x    
frame=29019 fps= 60 q=-0.0 size=  418832KiB time=00:08:03.65 bitrate=7094.1kbits/s dup=1 drop=0 speed=   1x    
frame=29049 fps= 60 q=-0.0 size=  419270KiB time=00:08:04.15 bitrate=7094.2kbits/s dup=1 drop=0 speed=   1x    
frame=29079 fps= 60 q=-0.0 size=  419661KiB time=00:08:04.65 bitrate=7093.5kbits/s dup=1 drop=0 speed=   1x    
frame=29109 fps= 60 q=-0.0 size=  420136KiB time=00:08:05.15 bitrate=7094.2kbits/s dup=1 drop=0 speed=   1x    
frame=29139 fps= 60 q=-0.0 size=  420591KiB time=00:08:05.65 bitrate=7094.6kbits/s dup=1 drop=0 speed=   1x    
frame=29169 fps= 60 q=-0.0 size=  421002KiB time=00:08:06.15 bitrate=7094.2kbits/s dup=1 drop=0 speed=   1x    
frame=29199 fps= 60 q=-0.0 size=  421418KiB time=00:08:06.65 bitrate=7093.9kbits/s dup=1 drop=0 speed=   1x    
frame=29229 fps= 60 q=-0.0 size=  421857KiB time=00:08:07.15 bitrate=7094.0kbits/s dup=1 drop=0 speed=   1x    
frame=29259 fps= 60 q=-0.0 size=  422300KiB time=00:08:07.65 bitrate=7094.2kbits/s dup=1 drop=0 speed=   1x    
frame=29289 fps= 60 q=-0.0 size=  422720KiB time=00:08:08.15 bitrate=7094.0kbits/s dup=1 drop=0 speed=   1x    
frame=29319 fps= 60 q=-0.0 size=  423137KiB time=00:08:08.65 bitrate=7093.7kbits/s dup=1 drop=0 speed=   1x    
frame=29349 fps= 60 q=-0.0 size=  423667KiB time=00:08:09.15 bitrate=7095.3kbits/s dup=1 drop=0 speed=   1x    
frame=29379 fps= 60 q=-0.0 size=  423984KiB time=00:08:09.65 bitrate=7093.4kbits/s dup=1 drop=0 speed=   1x    
frame=29409 fps= 60 q=-0.0 size=  424452KiB time=00:08:10.15 bitrate=7094.0kbits/s dup=1 drop=0 speed=   1x    
frame=29439 fps= 60 q=-0.0 size=  424911KiB time=00:08:10.65 bitrate=7094.4kbits/s dup=1 drop=0 speed=   1x    
frame=29469 fps= 60 q=-0.0 size=  425329KiB time=00:08:11.15 bitrate=7094.2kbits/s dup=1 drop=0 speed=   1x    
frame=29499 fps= 60 q=-0.0 size=  425759KiB time=00:08:11.65 bitrate=7094.1kbits/s dup=1 drop=0 speed=   1x    
frame=29529 fps= 60 q=-0.0 size=  426240KiB time=00:08:12.15 bitrate=7094.9kbits/s dup=1 drop=0 speed=   1x    
frame=29559 fps= 60 q=-0.0 size=  426616KiB time=00:08:12.65 bitrate=7094.0kbits/s dup=1 drop=0 speed=   1x    
frame=29589 fps= 60 q=-0.0 size=  427068KiB time=00:08:13.15 bitrate=7094.3kbits/s dup=1 drop=0 speed=   1x    
frame=29619 fps= 60 q=-0.0 size=  427513KiB time=00:08:13.65 bitrate=7094.5kbits/s dup=1 drop=0 speed=   1x    
frame=29649 fps= 60 q=-0.0 size=  427935KiB time=00:08:14.15 bitrate=7094.3kbits/s dup=1 drop=0 speed=   1x    
frame=29679 fps= 60 q=-0.0 size=  428340KiB time=00:08:14.65 bitrate=7093.8kbits/s dup=1 drop=0 speed=   1x    
frame=29709 fps= 60 q=-0.0 size=  428769KiB time=00:08:15.15 bitrate=7093.8kbits/s dup=1 drop=0 speed=   1x    
frame=29739 fps= 60 q=-0.0 size=  429218KiB time=00:08:15.65 bitrate=7094.0kbits/s dup=1 drop=0 speed=   1x    
frame=29769 fps= 60 q=-0.0 size=  429655KiB time=00:08:16.15 bitrate=7094.1kbits/s dup=1 drop=0 speed=   1x    
frame=29799 fps= 60 q=-0.0 size=  430075KiB time=00:08:16.65 bitrate=7093.9kbits/s dup=1 drop=0 speed=   1x    
frame=29829 fps= 60 q=-0.0 size=  430531KiB time=00:08:17.15 bitrate=7094.3kbits/s dup=1 drop=0 speed=   1x    
frame=29859 fps= 60 q=-0.0 size=  430959KiB time=00:08:17.65 bitrate=7094.2kbits/s dup=1 drop=0 speed=   1x    
frame=29889 fps= 60 q=-0.0 size=  431412KiB time=00:08:18.15 bitrate=7094.5kbits/s dup=1 drop=0 speed=   1x    
frame=29919 fps= 60 q=-0.0 size=  431820KiB time=00:08:18.65 bitrate=7094.1kbits/s dup=1 drop=0 speed=   1x    
frame=29949 fps= 60 q=-0.0 size=  432239KiB time=00:08:19.15 bitrate=7093.9kbits/s dup=1 drop=0 speed=   1x    
frame=29979 fps= 60 q=-0.0 size=  432667KiB time=00:08:19.65 bitrate=7093.8kbits/s dup=1 drop=0 speed=   1x    
frame=30009 fps= 60 q=-0.0 size=  433040KiB time=00:08:20.15 bitrate=7092.8kbits/s dup=1 drop=0 speed=   1x    
frame=30039 fps= 60 q=-0.0 size=  433417KiB time=00:08:20.65 bitrate=7091.9kbits/s dup=1 drop=0 speed=   1x    
frame=30069 fps= 60 q=-0.0 size=  433901KiB time=00:08:21.15 bitrate=7092.7kbits/s dup=1 drop=0 speed=   1x    
frame=30099 fps= 60 q=-0.0 size=  434385KiB time=00:08:21.65 bitrate=7093.6kbits/s dup=1 drop=0 speed=   1x    
frame=30129 fps= 60 q=-0.0 size=  434846KiB time=00:08:22.15 bitrate=7094.0kbits/s dup=1 drop=0 speed=   1x    
frame=30159 fps= 60 q=-0.0 size=  435273KiB time=00:08:22.65 bitrate=7093.9kbits/s dup=1 drop=0 speed=   1x    
frame=30189 fps= 60 q=-0.0 size=  435543KiB time=00:08:23.15 bitrate=7091.3kbits/s dup=1 drop=0 speed=   1x    
frame=30219 fps= 60 q=-0.0 size=  435970KiB time=00:08:23.65 bitrate=7091.2kbits/s dup=1 drop=0 speed=   1x    
frame=30249 fps= 60 q=-0.0 size=  436579KiB time=00:08:24.15 bitrate=7094.0kbits/s dup=1 drop=0 speed=   1x    
frame=30279 fps= 60 q=-0.0 size=  436998KiB time=00:08:24.65 bitrate=7093.8kbits/s dup=1 drop=0 speed=   1x    
frame=30309 fps= 60 q=-0.0 size=  437412KiB time=00:08:25.15 bitrate=7093.5kbits/s dup=1 drop=0 speed=   1x    
frame=30339 fps= 60 q=-0.0 size=  437825KiB time=00:08:25.65 bitrate=7093.2kbits/s dup=1 drop=0 speed=   1x    
frame=30369 fps= 60 q=-0.0 size=  438250KiB time=00:08:26.15 bitrate=7093.0kbits/s dup=1 drop=0 speed=   1x    
frame=30399 fps= 60 q=-0.0 size=  438651KiB time=00:08:26.65 bitrate=7092.5kbits/s dup=1 drop=0 speed=   1x    
frame=30429 fps= 60 q=-0.0 size=  439081KiB time=00:08:27.15 bitrate=7092.5kbits/s dup=1 drop=0 speed=   1x    
frame=30459 fps= 60 q=-0.0 size=  439495KiB time=00:08:27.65 bitrate=7092.2kbits/s dup=1 drop=0 speed=   1x    
frame=30489 fps= 60 q=-0.0 size=  439930KiB time=00:08:28.15 bitrate=7092.2kbits/s dup=1 drop=0 speed=   1x    
frame=30519 fps= 60 q=-0.0 size=  440349KiB time=00:08:28.65 bitrate=7092.0kbits/s dup=1 drop=0 speed=   1x    
frame=30549 fps= 60 q=-0.0 size=  440784KiB time=00:08:29.15 bitrate=7092.0kbits/s dup=1 drop=0 speed=   1x    
frame=30579 fps= 60 q=-0.0 size=  441214KiB time=00:08:29.65 bitrate=7092.0kbits/s dup=1 drop=0 speed=   1x    
frame=30609 fps= 60 q=-0.0 size=  441676KiB time=00:08:30.15 bitrate=7092.4kbits/s dup=1 drop=0 speed=   1x    
frame=30639 fps= 60 q=-0.0 size=  442096KiB time=00:08:30.65 bitrate=7092.2kbits/s dup=1 drop=0 speed=   1x    
frame=30669 fps= 60 q=-0.0 size=  442466KiB time=00:08:31.15 bitrate=7091.2kbits/s dup=1 drop=0 speed=   1x    
frame=30699 fps= 60 q=-0.0 size=  443020KiB time=00:08:31.65 bitrate=7093.2kbits/s dup=1 drop=0 speed=   1x    
frame=30729 fps= 60 q=-0.0 size=  443478KiB time=00:08:32.15 bitrate=7093.6kbits/s dup=1 drop=0 speed=   1x    
frame=30759 fps= 60 q=-0.0 size=  443909KiB time=00:08:32.65 bitrate=7093.5kbits/s dup=1 drop=0 speed=   1x    
frame=30789 fps= 60 q=-0.0 size=  444332KiB time=00:08:33.15 bitrate=7093.4kbits/s dup=1 drop=0 speed=   1x    
frame=30819 fps= 60 q=-0.0 size=  444765KiB time=00:08:33.65 bitrate=7093.4kbits/s dup=1 drop=0 speed=   1x    
frame=30849 fps= 60 q=-0.0 size=  445203KiB time=00:08:34.15 bitrate=7093.5kbits/s dup=1 drop=0 speed=   1x    
frame=30879 fps= 60 q=-0.0 size=  445624KiB time=00:08:34.65 bitrate=7093.3kbits/s dup=1 drop=0 speed=   1x    
frame=30909 fps= 60 q=-0.0 size=  446067KiB time=00:08:35.15 bitrate=7093.4kbits/s dup=1 drop=0 speed=   1x    
frame=30939 fps= 60 q=-0.0 size=  446490KiB time=00:08:35.65 bitrate=7093.3kbits/s dup=1 drop=0 speed=   1x    
frame=30969 fps= 60 q=-0.0 size=  446933KiB time=00:08:36.15 bitrate=7093.4kbits/s dup=1 drop=0 speed=   1x    
frame=30999 fps= 60 q=-0.0 size=  447357KiB time=00:08:36.65 bitrate=7093.3kbits/s dup=1 drop=0 speed=   1x    
frame=31029 fps= 60 q=-0.0 size=  447800KiB time=00:08:37.15 bitrate=7093.4kbits/s dup=1 drop=0 speed=   1x    
frame=31059 fps= 60 q=-0.0 size=  448224KiB time=00:08:37.65 bitrate=7093.3kbits/s dup=1 drop=0 speed=   1x    
frame=31089 fps= 60 q=-0.0 size=  448710KiB time=00:08:38.15 bitrate=7094.1kbits/s dup=1 drop=0 speed=   1x    
frame=31119 fps= 60 q=-0.0 size=  449122KiB time=00:08:38.65 bitrate=7093.8kbits/s dup=1 drop=0 speed=   1x    
frame=31149 fps= 60 q=-0.0 size=  449549KiB time=00:08:39.15 bitrate=7093.7kbits/s dup=1 drop=0 speed=   1x    
frame=31179 fps= 60 q=-0.0 size=  449995KiB time=00:08:39.65 bitrate=7093.9kbits/s dup=1 drop=0 speed=   1x    
frame=31209 fps= 60 q=-0.0 size=  450428KiB time=00:08:40.15 bitrate=7093.9kbits/s dup=1 drop=0 speed=   1x    
frame=31239 fps= 60 q=-0.0 size=  450857KiB time=00:08:40.65 bitrate=7093.9kbits/s dup=1 drop=0 speed=   1x    
frame=31269 fps= 60 q=-0.0 size=  451285KiB time=00:08:41.15 bitrate=7093.8kbits/s dup=1 drop=0 speed=   1x    
frame=31299 fps= 60 q=-0.0 size=  451737KiB time=00:08:41.65 bitrate=7094.1kbits/s dup=1 drop=0 speed=   1x    
frame=31329 fps= 60 q=-0.0 size=  452146KiB time=00:08:42.15 bitrate=7093.7kbits/s dup=1 drop=0 speed=   1x    
frame=31359 fps= 60 q=-0.0 size=  452591KiB time=00:08:42.65 bitrate=7093.9kbits/s dup=1 drop=0 speed=   1x    
frame=31389 fps= 60 q=-0.0 size=  453030KiB time=00:08:43.15 bitrate=7094.0kbits/s dup=1 drop=0 speed=   1x    
frame=31419 fps= 60 q=-0.0 size=  453466KiB time=00:08:43.65 bitrate=7094.0kbits/s dup=1 drop=0 speed=   1x    
frame=31449 fps= 60 q=-0.0 size=  453894KiB time=00:08:44.15 bitrate=7094.0kbits/s dup=1 drop=0 speed=   1x    
frame=31479 fps= 60 q=-0.0 size=  454340KiB time=00:08:44.65 bitrate=7094.2kbits/s dup=1 drop=0 speed=   1x    
frame=31509 fps= 60 q=-0.0 size=  454757KiB time=00:08:45.15 bitrate=7093.9kbits/s dup=1 drop=0 speed=   1x    
frame=31539 fps= 60 q=-0.0 size=  455192KiB time=00:08:45.65 bitrate=7094.0kbits/s dup=1 drop=0 speed=   1x    
frame=31569 fps= 60 q=-0.0 size=  455620KiB time=00:08:46.15 bitrate=7093.9kbits/s dup=1 drop=0 speed=   1x    
frame=31599 fps= 60 q=-0.0 size=  456069KiB time=00:08:46.65 bitrate=7094.1kbits/s dup=1 drop=0 speed=   1x    
frame=31629 fps= 60 q=-0.0 size=  456496KiB time=00:08:47.15 bitrate=7094.0kbits/s dup=1 drop=0 speed=   1x    
frame=31659 fps= 60 q=-0.0 size=  456925KiB time=00:08:47.65 bitrate=7094.0kbits/s dup=1 drop=0 speed=   1x    
frame=31689 fps= 60 q=-0.0 size=  457354KiB time=00:08:48.15 bitrate=7093.9kbits/s dup=1 drop=0 speed=   1x    
frame=31719 fps= 60 q=-0.0 size=  457790KiB time=00:08:48.65 bitrate=7093.9kbits/s dup=1 drop=0 speed=   1x    
frame=31749 fps= 60 q=-0.0 size=  458212KiB time=00:08:49.15 bitrate=7093.8kbits/s dup=1 drop=0 speed=   1x    
frame=31779 fps= 60 q=-0.0 size=  458662KiB time=00:08:49.65 bitrate=7094.0kbits/s dup=1 drop=0 speed=   1x    
frame=31809 fps= 60 q=-0.0 size=  459111KiB time=00:08:50.15 bitrate=7094.3kbits/s dup=1 drop=0 speed=   1x    
frame=31839 fps= 60 q=-0.0 size=  459545KiB time=00:08:50.65 bitrate=7094.3kbits/s dup=1 drop=0 speed=   1x    
frame=31869 fps= 60 q=-0.0 size=  459968KiB time=00:08:51.15 bitrate=7094.2kbits/s dup=1 drop=0 speed=   1x    
frame=31899 fps= 60 q=-0.0 size=  460399KiB time=00:08:51.65 bitrate=7094.1kbits/s dup=1 drop=0 speed=   1x    
frame=31929 fps= 60 q=-0.0 size=  460834KiB time=00:08:52.15 bitrate=7094.1kbits/s dup=1 drop=0 speed=   1x    
frame=31959 fps= 60 q=-0.0 size=  461259KiB time=00:08:52.65 bitrate=7094.0kbits/s dup=1 drop=0 speed=   1x    
frame=31989 fps= 60 q=-0.0 size=  461698KiB time=00:08:53.15 bitrate=7094.1kbits/s dup=1 drop=0 speed=   1x    
frame=32019 fps= 60 q=-0.0 size=  462125KiB time=00:08:53.65 bitrate=7094.0kbits/s dup=1 drop=0 speed=   1x    
frame=32049 fps= 60 q=-0.0 size=  462554KiB time=00:08:54.15 bitrate=7094.0kbits/s dup=1 drop=0 speed=   1x    
frame=32079 fps= 60 q=-0.0 size=  462982KiB time=00:08:54.65 bitrate=7093.9kbits/s dup=1 drop=0 speed=   1x    
frame=32109 fps= 60 q=-0.0 size=  463429KiB time=00:08:55.15 bitrate=7094.1kbits/s dup=1 drop=0 speed=   1x    
frame=32139 fps= 60 q=-0.0 size=  463863KiB time=00:08:55.65 bitrate=7094.1kbits/s dup=1 drop=0 speed=   1x    
frame=32169 fps= 60 q=-0.0 size=  464301KiB time=00:08:56.15 bitrate=7094.2kbits/s dup=1 drop=0 speed=   1x    
frame=32199 fps= 60 q=-0.0 size=  464727KiB time=00:08:56.65 bitrate=7094.1kbits/s dup=1 drop=0 speed=   1x    
frame=32229 fps= 60 q=-0.0 size=  465171KiB time=00:08:57.15 bitrate=7094.3kbits/s dup=1 drop=0 speed=   1x    
frame=32260 fps= 60 q=-0.0 size=  465593KiB time=00:08:57.66 bitrate=7093.9kbits/s dup=1 drop=0 speed=   1x    
frame=32290 fps= 60 q=-0.0 size=  466039KiB time=00:08:58.16 bitrate=7094.1kbits/s dup=1 drop=0 speed=   1x    
frame=32320 fps= 60 q=-0.0 size=  466474KiB time=00:08:58.66 bitrate=7094.1kbits/s dup=1 drop=0 speed=   1x    
frame=32350 fps= 60 q=-0.0 size=  466913KiB time=00:08:59.16 bitrate=7094.2kbits/s dup=1 drop=0 speed=   1x    
frame=32380 fps= 60 q=-0.0 size=  467339KiB time=00:08:59.66 bitrate=7094.1kbits/s dup=1 drop=0 speed=   1x    
frame=32410 fps= 60 q=-0.0 size=  467781KiB time=00:09:00.16 bitrate=7094.2kbits/s dup=1 drop=0 speed=   1x    
frame=32440 fps= 60 q=-0.0 size=  468202KiB time=00:09:00.66 bitrate=7094.0kbits/s dup=1 drop=0 speed=   1x    
frame=32469 fps= 60 q=-0.0 size=  468632KiB time=00:09:01.15 bitrate=7094.2kbits/s dup=1 drop=0 speed=   1x    
frame=32500 fps= 60 q=-0.0 size=  469075KiB time=00:09:01.66 bitrate=7094.1kbits/s dup=1 drop=0 speed=   1x    
frame=32530 fps= 60 q=-0.0 size=  469513KiB time=00:09:02.16 bitrate=7094.2kbits/s dup=1 drop=0 speed=   1x    
frame=32560 fps= 60 q=-0.0 size=  469929KiB time=00:09:02.66 bitrate=7094.0kbits/s dup=1 drop=0 speed=   1x    
frame=32590 fps= 60 q=-0.0 size=  470362KiB time=00:09:03.16 bitrate=7094.0kbits/s dup=1 drop=0 speed=   1x    
frame=32620 fps= 60 q=-0.0 size=  470797KiB time=00:09:03.66 bitrate=7094.0kbits/s dup=1 drop=0 speed=   1x    
frame=32650 fps= 60 q=-0.0 size=  471216KiB time=00:09:04.16 bitrate=7093.8kbits/s dup=1 drop=0 speed=   1x    
frame=32680 fps= 60 q=-0.0 size=  471675KiB time=00:09:04.66 bitrate=7094.2kbits/s dup=1 drop=0 speed=   1x    
frame=32710 fps= 60 q=-0.0 size=  472110KiB time=00:09:05.16 bitrate=7094.2kbits/s dup=1 drop=0 speed=   1x    
frame=32740 fps= 60 q=-0.0 size=  472545KiB time=00:09:05.66 bitrate=7094.2kbits/s dup=1 drop=0 speed=   1x    
frame=32770 fps= 60 q=-0.0 size=  472966KiB time=00:09:06.16 bitrate=7094.1kbits/s dup=1 drop=0 speed=   1x    
frame=32800 fps= 60 q=-0.0 size=  473424KiB time=00:09:06.66 bitrate=7094.4kbits/s dup=1 drop=0 speed=   1x    
frame=32830 fps= 60 q=-0.0 size=  473841KiB time=00:09:07.16 bitrate=7094.2kbits/s dup=1 drop=0 speed=   1x    
frame=32860 fps= 60 q=-0.0 size=  474272KiB time=00:09:07.66 bitrate=7094.2kbits/s dup=1 drop=0 speed=   1x    
frame=32890 fps= 60 q=-0.0 size=  474685KiB time=00:09:08.16 bitrate=7093.9kbits/s dup=1 drop=0 speed=   1x    
frame=32920 fps= 60 q=-0.0 size=  475090KiB time=00:09:08.66 bitrate=7093.5kbits/s dup=1 drop=0 speed=   1x    
frame=32950 fps= 60 q=-0.0 size=  475532KiB time=00:09:09.16 bitrate=7093.6kbits/s dup=1 drop=0 speed=   1x    
frame=32980 fps= 60 q=-0.0 size=  475960KiB time=00:09:09.66 bitrate=7093.5kbits/s dup=1 drop=0 speed=   1x    
frame=33010 fps= 60 q=-0.0 size=  476257KiB time=00:09:10.16 bitrate=7091.5kbits/s dup=1 drop=0 speed=   1x    
frame=33040 fps= 60 q=-0.0 size=  476690KiB time=00:09:10.66 bitrate=7091.5kbits/s dup=1 drop=0 speed=   1x    
frame=33070 fps= 60 q=-0.0 size=  477377KiB time=00:09:11.16 bitrate=7095.3kbits/s dup=1 drop=0 speed=   1x    
frame=33100 fps= 60 q=-0.0 size=  477817KiB time=00:09:11.66 bitrate=7095.4kbits/s dup=1 drop=0 speed=   1x    
frame=33130 fps= 60 q=-0.0 size=  478143KiB time=00:09:12.16 bitrate=7093.8kbits/s dup=1 drop=0 speed=   1x    
frame=33160 fps= 60 q=-0.0 size=  478587KiB time=00:09:12.66 bitrate=7093.9kbits/s dup=1 drop=0 speed=   1x    
frame=33190 fps= 60 q=-0.0 size=  479021KiB time=00:09:13.16 bitrate=7093.9kbits/s dup=1 drop=0 speed=   1x    
frame=33220 fps= 60 q=-0.0 size=  479453KiB time=00:09:13.66 bitrate=7093.9kbits/s dup=1 drop=0 speed=   1x    
frame=33250 fps= 60 q=-0.0 size=  479878KiB time=00:09:14.16 bitrate=7093.8kbits/s dup=1 drop=0 speed=   1x    
frame=33280 fps= 60 q=-0.0 size=  480366KiB time=00:09:14.66 bitrate=7094.6kbits/s dup=1 drop=0 speed=   1x    
frame=33310 fps= 60 q=-0.0 size=  480747KiB time=00:09:15.16 bitrate=7093.9kbits/s dup=1 drop=0 speed=   1x    
frame=33340 fps= 60 q=-0.0 size=  481191KiB time=00:09:15.66 bitrate=7094.0kbits/s dup=1 drop=0 speed=   1x    
frame=33370 fps= 60 q=-0.0 size=  481623KiB time=00:09:16.16 bitrate=7094.0kbits/s dup=1 drop=0 speed=   1x    
frame=33400 fps= 60 q=-0.0 size=  482065KiB time=00:09:16.66 bitrate=7094.2kbits/s dup=1 drop=0 speed=   1x    
frame=33430 fps= 60 q=-0.0 size=  482480KiB time=00:09:17.16 bitrate=7093.9kbits/s dup=1 drop=0 speed=   1x    
frame=33460 fps= 60 q=-0.0 size=  482912KiB time=00:09:17.66 bitrate=7093.9kbits/s dup=1 drop=0 speed=   1x    
frame=33490 fps= 60 q=-0.0 size=  483363KiB time=00:09:18.16 bitrate=7094.1kbits/s dup=1 drop=0 speed=   1x    
frame=33520 fps= 60 q=-0.0 size=  483803KiB time=00:09:18.66 bitrate=7094.2kbits/s dup=1 drop=0 speed=   1x    
frame=33550 fps= 60 q=-0.0 size=  484052KiB time=00:09:19.16 bitrate=7091.5kbits/s dup=1 drop=0 speed=   1x    
frame=33580 fps= 60 q=-0.0 size=  484485KiB time=00:09:19.66 bitrate=7091.5kbits/s dup=1 drop=0 speed=   1x    
frame=33610 fps= 60 q=-0.0 size=  484918KiB time=00:09:20.16 bitrate=7091.5kbits/s dup=1 drop=0 speed=   1x    
frame=33640 fps= 60 q=-0.0 size=  485351KiB time=00:09:20.66 bitrate=7091.6kbits/s dup=1 drop=0 speed=   1x    
frame=33670 fps= 60 q=-0.0 size=  485784KiB time=00:09:21.16 bitrate=7091.6kbits/s dup=1 drop=0 speed=   1x    
frame=33700 fps= 60 q=-0.0 size=  486218KiB time=00:09:21.66 bitrate=7091.6kbits/s dup=1 drop=0 speed=   1x    
frame=33730 fps= 60 q=-0.0 size=  486651KiB time=00:09:22.16 bitrate=7091.6kbits/s dup=1 drop=0 speed=   1x    
frame=33760 fps= 60 q=-0.0 size=  487084KiB time=00:09:22.66 bitrate=7091.6kbits/s dup=1 drop=0 speed=   1x    
frame=33790 fps= 60 q=-0.0 size=  487517KiB time=00:09:23.16 bitrate=7091.6kbits/s dup=1 drop=0 speed=   1x    
frame=33820 fps= 60 q=-0.0 size=  487950KiB time=00:09:23.66 bitrate=7091.6kbits/s dup=1 drop=0 speed=   1x    
frame=33850 fps= 60 q=-0.0 size=  488383KiB time=00:09:24.16 bitrate=7091.6kbits/s dup=1 drop=0 speed=   1x    
frame=33880 fps= 60 q=-0.0 size=  488973KiB time=00:09:24.66 bitrate=7093.9kbits/s dup=1 drop=0 speed=   1x    
frame=33910 fps= 60 q=-0.0 size=  489427KiB time=00:09:25.16 bitrate=7094.2kbits/s dup=1 drop=0 speed=   1x    
frame=33940 fps= 60 q=-0.0 size=  489857KiB time=00:09:25.66 bitrate=7094.1kbits/s dup=1 drop=0 speed=   1x    
frame=33970 fps= 60 q=-0.0 size=  490287KiB time=00:09:26.16 bitrate=7094.1kbits/s dup=1 drop=0 speed=   1x    
frame=34000 fps= 60 q=-0.0 size=  490724KiB time=00:09:26.66 bitrate=7094.1kbits/s dup=1 drop=0 speed=   1x    
frame=34030 fps= 60 q=-0.0 size=  491163KiB time=00:09:27.16 bitrate=7094.2kbits/s dup=1 drop=0 speed=   1x    
frame=34060 fps= 60 q=-0.0 size=  491607KiB time=00:09:27.66 bitrate=7094.4kbits/s dup=1 drop=0 speed=   1x    
frame=34090 fps= 60 q=-0.0 size=  492026KiB time=00:09:28.16 bitrate=7094.2kbits/s dup=1 drop=0 speed=   1x    
frame=34120 fps= 60 q=-0.0 size=  492456KiB time=00:09:28.66 bitrate=7094.1kbits/s dup=1 drop=0 speed=   1x    
frame=34150 fps= 60 q=-0.0 size=  492888KiB time=00:09:29.16 bitrate=7094.1kbits/s dup=1 drop=0 speed=   1x    
frame=34180 fps= 60 q=-0.0 size=  493324KiB time=00:09:29.66 bitrate=7094.2kbits/s dup=1 drop=0 speed=   1x    
frame=34210 fps= 60 q=-0.0 size=  493766KiB time=00:09:30.16 bitrate=7094.3kbits/s dup=1 drop=0 speed=   1x    
frame=34240 fps= 60 q=-0.0 size=  494203KiB time=00:09:30.66 bitrate=7094.3kbits/s dup=1 drop=0 speed=   1x    
frame=34270 fps= 60 q=-0.0 size=  494613KiB time=00:09:31.16 bitrate=7094.0kbits/s dup=1 drop=0 speed=   1x    
frame=34300 fps= 60 q=-0.0 size=  495037KiB time=00:09:31.66 bitrate=7093.9kbits/s dup=1 drop=0 speed=   1x    
frame=34330 fps= 60 q=-0.0 size=  495490KiB time=00:09:32.16 bitrate=7094.2kbits/s dup=1 drop=0 speed=   1x    
frame=34360 fps= 60 q=-0.0 size=  495923KiB time=00:09:32.66 bitrate=7094.2kbits/s dup=1 drop=0 speed=   1x    
frame=34390 fps= 60 q=-0.0 size=  496373KiB time=00:09:33.16 bitrate=7094.4kbits/s dup=1 drop=0 speed=   1x    
frame=34420 fps= 60 q=-0.0 size=  496787KiB time=00:09:33.66 bitrate=7094.1kbits/s dup=1 drop=0 speed=   1x    
frame=34450 fps= 60 q=-0.0 size=  497224KiB time=00:09:34.16 bitrate=7094.2kbits/s dup=1 drop=0 speed=   1x    
frame=34480 fps= 60 q=-0.0 size=  497656KiB time=00:09:34.66 bitrate=7094.2kbits/s dup=1 drop=0 speed=   1x    
frame=34510 fps= 60 q=-0.0 size=  498107KiB time=00:09:35.16 bitrate=7094.4kbits/s dup=1 drop=0 speed=   1x    
frame=34540 fps= 60 q=-0.0 size=  498533KiB time=00:09:35.66 bitrate=7094.4kbits/s dup=1 drop=0 speed=   1x    
frame=34570 fps= 60 q=-0.0 size=  498961KiB time=00:09:36.16 bitrate=7094.3kbits/s dup=1 drop=0 speed=   1x    
frame=34600 fps= 60 q=-0.0 size=  499382KiB time=00:09:36.66 bitrate=7094.1kbits/s dup=1 drop=0 speed=   1x    
frame=34630 fps= 60 q=-0.0 size=  499820KiB time=00:09:37.16 bitrate=7094.2kbits/s dup=1 drop=0 speed=   1x    
frame=34660 fps= 60 q=-0.0 size=  500259KiB time=00:09:37.66 bitrate=7094.3kbits/s dup=1 drop=0 speed=   1x    
frame=34690 fps= 60 q=-0.0 size=  500695KiB time=00:09:38.16 bitrate=7094.3kbits/s dup=1 drop=0 speed=   1x    
frame=34720 fps= 60 q=-0.0 size=  501134KiB time=00:09:38.66 bitrate=7094.4kbits/s dup=1 drop=0 speed=   1x    
frame=34750 fps= 60 q=-0.0 size=  501562KiB time=00:09:39.16 bitrate=7094.3kbits/s dup=1 drop=0 speed=   1x    
frame=34780 fps= 60 q=-0.0 size=  501968KiB time=00:09:39.66 bitrate=7093.9kbits/s dup=1 drop=0 speed=   1x    
frame=34810 fps= 60 q=-0.0 size=  502416KiB time=00:09:40.16 bitrate=7094.2kbits/s dup=1 drop=0 speed=   1x    
frame=34840 fps= 60 q=-0.0 size=  502847KiB time=00:09:40.66 bitrate=7094.1kbits/s dup=1 drop=0 speed=   1x    
frame=34870 fps= 60 q=-0.0 size=  503283KiB time=00:09:41.16 bitrate=7094.2kbits/s dup=1 drop=0 speed=   1x    
frame=34900 fps= 60 q=-0.0 size=  503721KiB time=00:09:41.66 bitrate=7094.2kbits/s dup=1 drop=0 speed=   1x    
frame=34930 fps= 60 q=-0.0 size=  504152KiB time=00:09:42.16 bitrate=7094.2kbits/s dup=1 drop=0 speed=   1x    
frame=34960 fps= 60 q=-0.0 size=  504591KiB time=00:09:42.66 bitrate=7094.3kbits/s dup=1 drop=0 speed=   1x    
frame=34990 fps= 60 q=-0.0 size=  505021KiB time=00:09:43.16 bitrate=7094.2kbits/s dup=1 drop=0 speed=   1x    
frame=35020 fps= 60 q=-0.0 size=  505434KiB time=00:09:43.66 bitrate=7094.0kbits/s dup=1 drop=0 speed=   1x    
frame=35050 fps= 60 q=-0.0 size=  505882KiB time=00:09:44.16 bitrate=7094.2kbits/s dup=1 drop=0 speed=   1x    
frame=35080 fps= 60 q=-0.0 size=  506312KiB time=00:09:44.66 bitrate=7094.1kbits/s dup=1 drop=0 speed=   1x    
frame=35110 fps= 60 q=-0.0 size=  506737KiB time=00:09:45.16 bitrate=7094.0kbits/s dup=1 drop=0 speed=   1x    
frame=35140 fps= 60 q=-0.0 size=  507187KiB time=00:09:45.66 bitrate=7094.3kbits/s dup=1 drop=0 speed=   1x    
frame=35170 fps= 60 q=-0.0 size=  507613KiB time=00:09:46.16 bitrate=7094.2kbits/s dup=1 drop=0 speed=   1x    
frame=35200 fps= 60 q=-0.0 size=  508045KiB time=00:09:46.66 bitrate=7094.2kbits/s dup=1 drop=0 speed=   1x    
frame=35230 fps= 60 q=-0.0 size=  508489KiB time=00:09:47.16 bitrate=7094.3kbits/s dup=1 drop=0 speed=   1x    
frame=35260 fps= 60 q=-0.0 size=  508928KiB time=00:09:47.66 bitrate=7094.4kbits/s dup=1 drop=0 speed=   1x    
frame=35290 fps= 60 q=-0.0 size=  509360KiB time=00:09:48.16 bitrate=7094.4kbits/s dup=1 drop=0 speed=   1x    
frame=35320 fps= 60 q=-0.0 size=  509784KiB time=00:09:48.66 bitrate=7094.2kbits/s dup=1 drop=0 speed=   1x    
frame=35350 fps= 60 q=-0.0 size=  510220KiB time=00:09:49.16 bitrate=7094.3kbits/s dup=1 drop=0 speed=   1x    
frame=35380 fps= 60 q=-0.0 size=  510643KiB time=00:09:49.66 bitrate=7094.2kbits/s dup=1 drop=0 speed=   1x    
frame=35410 fps= 60 q=-0.0 size=  511083KiB time=00:09:50.16 bitrate=7094.3kbits/s dup=1 drop=0 speed=   1x    
frame=35440 fps= 60 q=-0.0 size=  511507KiB time=00:09:50.66 bitrate=7094.1kbits/s dup=1 drop=0 speed=   1x    
frame=35470 fps= 60 q=-0.0 size=  511937KiB time=00:09:51.16 bitrate=7094.1kbits/s dup=1 drop=0 speed=   1x    
frame=35500 fps= 60 q=-0.0 size=  512373KiB time=00:09:51.66 bitrate=7094.1kbits/s dup=1 drop=0 speed=   1x    
frame=35530 fps= 60 q=-0.0 size=  512794KiB time=00:09:52.16 bitrate=7094.0kbits/s dup=1 drop=0 speed=   1x    
frame=35560 fps= 60 q=-0.0 size=  513238KiB time=00:09:52.66 bitrate=7094.1kbits/s dup=1 drop=0 speed=   1x    
frame=35590 fps= 60 q=-0.0 size=  513679KiB time=00:09:53.16 bitrate=7094.2kbits/s dup=1 drop=0 speed=   1x    
frame=35620 fps= 60 q=-0.0 size=  514109KiB time=00:09:53.66 bitrate=7094.2kbits/s dup=1 drop=0 speed=   1x    
frame=35650 fps= 60 q=-0.0 size=  514542KiB time=00:09:54.16 bitrate=7094.2kbits/s dup=1 drop=0 speed=   1x    
frame=35680 fps= 60 q=-0.0 size=  514972KiB time=00:09:54.66 bitrate=7094.1kbits/s dup=1 drop=0 speed=   1x    
frame=35710 fps= 60 q=-0.0 size=  515402KiB time=00:09:55.16 bitrate=7094.1kbits/s dup=1 drop=0 speed=   1x    
frame=35740 fps= 60 q=-0.0 size=  515852KiB time=00:09:55.66 bitrate=7094.3kbits/s dup=1 drop=0 speed=   1x    
frame=35770 fps= 60 q=-0.0 size=  516284KiB time=00:09:56.16 bitrate=7094.3kbits/s dup=1 drop=0 speed=   1x    
frame=35800 fps= 60 q=-0.0 size=  516712KiB time=00:09:56.66 bitrate=7094.3kbits/s dup=1 drop=0 speed=   1x    
frame=35830 fps= 60 q=-0.0 size=  517142KiB time=00:09:57.16 bitrate=7094.2kbits/s dup=1 drop=0 speed=   1x    
frame=35860 fps= 60 q=-0.0 size=  517568KiB time=00:09:57.66 bitrate=7094.1kbits/s dup=1 drop=0 speed=   1x    
frame=35890 fps= 60 q=-0.0 size=  518005KiB time=00:09:58.16 bitrate=7094.2kbits/s dup=1 drop=0 speed=   1x    
frame=35920 fps= 60 q=-0.0 size=  518433KiB time=00:09:58.66 bitrate=7094.1kbits/s dup=1 drop=0 speed=   1x    
frame=35950 fps= 60 q=-0.0 size=  518869KiB time=00:09:59.16 bitrate=7094.1kbits/s dup=1 drop=0 speed=   1x    
frame=35980 fps= 60 q=-0.0 size=  519317KiB time=00:09:59.66 bitrate=7094.4kbits/s dup=1 drop=0 speed=   1x    
frame=36011 fps= 60 q=-0.0 size=  519757KiB time=00:10:00.18 bitrate=7094.3kbits/s dup=1 drop=0 speed=   1x    
frame=36040 fps= 60 q=-0.0 size=  520184KiB time=00:10:00.66 bitrate=7094.4kbits/s dup=1 drop=0 speed=   1x    
frame=36071 fps= 60 q=-0.0 size=  520632KiB time=00:10:01.18 bitrate=7094.4kbits/s dup=1 drop=0 speed=   1x    
frame=36100 fps= 60 q=-0.0 size=  521043KiB time=00:10:01.66 bitrate=7094.3kbits/s dup=1 drop=0 speed=   1x    
frame=36131 fps= 60 q=-0.0 size=  521492KiB time=00:10:02.18 bitrate=7094.3kbits/s dup=1 drop=0 speed=   1x    
frame=36160 fps= 60 q=-0.0 size=  521907KiB time=00:10:02.66 bitrate=7094.2kbits/s dup=1 drop=0 speed=   1x    
frame=36191 fps= 60 q=-0.0 size=  522351KiB time=00:10:03.18 bitrate=7094.2kbits/s dup=1 drop=0 speed=   1x    
frame=36221 fps= 60 q=-0.0 size=  522782KiB time=00:10:03.68 bitrate=7094.2kbits/s dup=1 drop=0 speed=   1x    
frame=36251 fps= 60 q=-0.0 size=  523223KiB time=00:10:04.18 bitrate=7094.3kbits/s dup=1 drop=0 speed=   1x    
frame=36281 fps= 60 q=-0.0 size=  523676KiB time=00:10:04.68 bitrate=7094.5kbits/s dup=1 drop=0 speed=   1x    
frame=36311 fps= 60 q=-0.0 size=  524091KiB time=00:10:05.18 bitrate=7094.3kbits/s dup=1 drop=0 speed=   1x    
frame=36341 fps= 60 q=-0.0 size=  524519KiB time=00:10:05.68 bitrate=7094.2kbits/s dup=1 drop=0 speed=   1x    
frame=36371 fps= 60 q=-0.0 size=  524953KiB time=00:10:06.18 bitrate=7094.3kbits/s dup=1 drop=0 speed=   1x    
frame=36401 fps= 60 q=-0.0 size=  525381KiB time=00:10:06.68 bitrate=7094.2kbits/s dup=1 drop=0 speed=   1x    
frame=36431 fps= 60 q=-0.0 size=  525839KiB time=00:10:07.18 bitrate=7094.5kbits/s dup=1 drop=0 speed=   1x    
frame=36461 fps= 60 q=-0.0 size=  526261KiB time=00:10:07.68 bitrate=7094.4kbits/s dup=1 drop=0 speed=   1x    
frame=36491 fps= 60 q=-0.0 size=  526685KiB time=00:10:08.18 bitrate=7094.2kbits/s dup=1 drop=0 speed=   1x    
frame=36521 fps= 60 q=-0.0 size=  527117KiB time=00:10:08.68 bitrate=7094.2kbits/s dup=1 drop=0 speed=   1x    
frame=36551 fps= 60 q=-0.0 size=  527551KiB time=00:10:09.18 bitrate=7094.2kbits/s dup=1 drop=0 speed=   1x    
frame=36581 fps= 60 q=-0.0 size=  527978KiB time=00:10:09.68 bitrate=7094.2kbits/s dup=1 drop=0 speed=   1x    
frame=36611 fps= 60 q=-0.0 size=  528429KiB time=00:10:10.18 bitrate=7094.4kbits/s dup=1 drop=0 speed=   1x    
frame=36641 fps= 60 q=-0.0 size=  528855KiB time=00:10:10.68 bitrate=7094.3kbits/s dup=1 drop=0 speed=   1x    
frame=36671 fps= 60 q=-0.0 size=  529287KiB time=00:10:11.18 bitrate=7094.3kbits/s dup=1 drop=0 speed=   1x    
frame=36701 fps= 60 q=-0.0 size=  529716KiB time=00:10:11.68 bitrate=7094.2kbits/s dup=1 drop=0 speed=   1x    
frame=36731 fps= 60 q=-0.0 size=  530154KiB time=00:10:12.18 bitrate=7094.3kbits/s dup=1 drop=0 speed=   1x    
frame=36761 fps= 60 q=-0.0 size=  530583KiB time=00:10:12.68 bitrate=7094.3kbits/s dup=1 drop=0 speed=   1x    
frame=36791 fps= 60 q=-0.0 size=  531012KiB time=00:10:13.18 bitrate=7094.2kbits/s dup=1 drop=0 speed=   1x    
frame=36821 fps= 60 q=-0.0 size=  531447KiB time=00:10:13.68 bitrate=7094.2kbits/s dup=1 drop=0 speed=   1x    
frame=36851 fps= 60 q=-0.0 size=  531875KiB time=00:10:14.18 bitrate=7094.2kbits/s dup=1 drop=0 speed=   1x    
frame=36881 fps= 60 q=-0.0 size=  532320KiB time=00:10:14.68 bitrate=7094.3kbits/s dup=1 drop=0 speed=   1x    
frame=36911 fps= 60 q=-0.0 size=  532747KiB time=00:10:15.18 bitrate=7094.2kbits/s dup=1 drop=0 speed=   1x    
frame=36941 fps= 60 q=-0.0 size=  533188KiB time=00:10:15.68 bitrate=7094.4kbits/s dup=1 drop=0 speed=   1x    
frame=36971 fps= 60 q=-0.0 size=  533610KiB time=00:10:16.18 bitrate=7094.2kbits/s dup=1 drop=0 speed=   1x    
frame=37001 fps= 60 q=-0.0 size=  534056KiB time=00:10:16.68 bitrate=7094.4kbits/s dup=1 drop=0 speed=   1x    
frame=37031 fps= 60 q=-0.0 size=  534496KiB time=00:10:17.18 bitrate=7094.5kbits/s dup=1 drop=0 speed=   1x    
frame=37061 fps= 60 q=-0.0 size=  534913KiB time=00:10:17.68 bitrate=7094.3kbits/s dup=1 drop=0 speed=   1x    
frame=37091 fps= 60 q=-0.0 size=  535346KiB time=00:10:18.18 bitrate=7094.3kbits/s dup=1 drop=0 speed=   1x    
frame=37121 fps= 60 q=-0.0 size=  535774KiB time=00:10:18.68 bitrate=7094.2kbits/s dup=1 drop=0 speed=   1x    
frame=37151 fps= 60 q=-0.0 size=  536218KiB time=00:10:19.18 bitrate=7094.3kbits/s dup=1 drop=0 speed=   1x    
frame=37181 fps= 60 q=-0.0 size=  536609KiB time=00:10:19.68 bitrate=7093.8kbits/s dup=1 drop=0 speed=   1x    
frame=37211 fps= 60 q=-0.0 size=  537060KiB time=00:10:20.18 bitrate=7094.0kbits/s dup=1 drop=0 speed=   1x    
frame=37241 fps= 60 q=-0.0 size=  537508KiB time=00:10:20.68 bitrate=7094.2kbits/s dup=1 drop=0 speed=   1x    
frame=37271 fps= 60 q=-0.0 size=  537955KiB time=00:10:21.18 bitrate=7094.4kbits/s dup=1 drop=0 speed=   1x    
frame=37301 fps= 60 q=-0.0 size=  538374KiB time=00:10:21.68 bitrate=7094.2kbits/s dup=1 drop=0 speed=   1x    
frame=37331 fps= 60 q=-0.0 size=  538796KiB time=00:10:22.18 bitrate=7094.1kbits/s dup=1 drop=0 speed=   1x    
frame=37361 fps= 60 q=-0.0 size=  539245KiB time=00:10:22.68 bitrate=7094.3kbits/s dup=1 drop=0 speed=   1x    
frame=37391 fps= 60 q=-0.0 size=  539701KiB time=00:10:23.18 bitrate=7094.6kbits/s dup=1 drop=0 speed=   1x    
frame=37421 fps= 60 q=-0.0 size=  539965KiB time=00:10:23.68 bitrate=7092.4kbits/s dup=1 drop=0 speed=   1x    
frame=37451 fps= 60 q=-0.0 size=  540516KiB time=00:10:24.18 bitrate=7093.9kbits/s dup=1 drop=0 speed=   1x    
frame=37481 fps= 60 q=-0.0 size=  540963KiB time=00:10:24.68 bitrate=7094.1kbits/s dup=1 drop=0 speed=   1x    
frame=37511 fps= 60 q=-0.0 size=  541392KiB time=00:10:25.18 bitrate=7094.1kbits/s dup=1 drop=0 speed=   1x    
frame=37541 fps= 60 q=-0.0 size=  541787KiB time=00:10:25.68 bitrate=7093.6kbits/s dup=1 drop=0 speed=   1x    
frame=37571 fps= 60 q=-0.0 size=  542206KiB time=00:10:26.18 bitrate=7093.4kbits/s dup=1 drop=0 speed=   1x    
frame=37601 fps= 60 q=-0.0 size=  542625KiB time=00:10:26.68 bitrate=7093.2kbits/s dup=1 drop=0 speed=   1x    
frame=37631 fps= 60 q=-0.0 size=  543056KiB time=00:10:27.18 bitrate=7093.2kbits/s dup=1 drop=0 speed=   1x    
frame=37661 fps= 60 q=-0.0 size=  543477KiB time=00:10:27.68 bitrate=7093.0kbits/s dup=1 drop=0 speed=   1x    
frame=37691 fps= 60 q=-0.0 size=  543895KiB time=00:10:28.18 bitrate=7092.8kbits/s dup=1 drop=0 speed=   1x    
frame=37721 fps= 60 q=-0.0 size=  544324KiB time=00:10:28.68 bitrate=7092.8kbits/s dup=1 drop=0 speed=   1x    
frame=37751 fps= 60 q=-0.0 size=  544751KiB time=00:10:29.18 bitrate=7092.7kbits/s dup=1 drop=0 speed=   1x    
frame=37781 fps= 60 q=-0.0 size=  545184KiB time=00:10:29.68 bitrate=7092.7kbits/s dup=1 drop=0 speed=   1x    
frame=37811 fps= 60 q=-0.0 size=  545619KiB time=00:10:30.18 bitrate=7092.7kbits/s dup=1 drop=0 speed=   1x    
frame=37841 fps= 60 q=-0.0 size=  546142KiB time=00:10:30.68 bitrate=7093.9kbits/s dup=1 drop=0 speed=   1x    
frame=37871 fps= 60 q=-0.0 size=  546426KiB time=00:10:31.18 bitrate=7092.0kbits/s dup=1 drop=0 speed=   1x    
frame=37901 fps= 60 q=-0.0 size=  546859KiB time=00:10:31.68 bitrate=7092.0kbits/s dup=1 drop=0 speed=   1x    
frame=37931 fps= 60 q=-0.0 size=  547458KiB time=00:10:32.18 bitrate=7094.1kbits/s dup=1 drop=0 speed=   1x    
frame=37961 fps= 60 q=-0.0 size=  547872KiB time=00:10:32.68 bitrate=7093.9kbits/s dup=1 drop=0 speed=   1x    
frame=37991 fps= 60 q=-0.0 size=  548310KiB time=00:10:33.18 bitrate=7093.9kbits/s dup=1 drop=0 speed=   1x    
frame=38021 fps= 60 q=-0.0 size=  548742KiB time=00:10:33.68 bitrate=7093.9kbits/s dup=1 drop=0 speed=   1x    
frame=38051 fps= 60 q=-0.0 size=  549158KiB time=00:10:34.18 bitrate=7093.7kbits/s dup=1 drop=0 speed=   1x    
frame=38081 fps= 60 q=-0.0 size=  549614KiB time=00:10:34.68 bitrate=7094.0kbits/s dup=1 drop=0 speed=   1x    
frame=38111 fps= 60 q=-0.0 size=  550040KiB time=00:10:35.18 bitrate=7093.9kbits/s dup=1 drop=0 speed=   1x    
frame=38141 fps= 60 q=-0.0 size=  550466KiB time=00:10:35.68 bitrate=7093.8kbits/s dup=1 drop=0 speed=   1x    
frame=38171 fps= 60 q=-0.0 size=  550892KiB time=00:10:36.18 bitrate=7093.7kbits/s dup=1 drop=0 speed=   1x    
frame=38201 fps= 60 q=-0.0 size=  551325KiB time=00:10:36.68 bitrate=7093.7kbits/s dup=1 drop=0 speed=   1x    
frame=38231 fps= 60 q=-0.0 size=  551776KiB time=00:10:37.18 bitrate=7094.0kbits/s dup=1 drop=0 speed=   1x    
frame=38261 fps= 60 q=-0.0 size=  552204KiB time=00:10:37.68 bitrate=7093.9kbits/s dup=1 drop=0 speed=   1x    
frame=38291 fps= 60 q=-0.0 size=  552708KiB time=00:10:38.18 bitrate=7094.8kbits/s dup=1 drop=0 speed=   1x    
frame=38321 fps= 60 q=-0.0 size=  553092KiB time=00:10:38.68 bitrate=7094.2kbits/s dup=1 drop=0 speed=   1x    
frame=38351 fps= 60 q=-0.0 size=  553524KiB time=00:10:39.18 bitrate=7094.2kbits/s dup=1 drop=0 speed=   1x    
frame=38381 fps= 60 q=-0.0 size=  553949KiB time=00:10:39.68 bitrate=7094.1kbits/s dup=1 drop=0 speed=   1x    
frame=38411 fps= 60 q=-0.0 size=  554396KiB time=00:10:40.18 bitrate=7094.2kbits/s dup=1 drop=0 speed=   1x    
frame=38441 fps= 60 q=-0.0 size=  554817KiB time=00:10:40.68 bitrate=7094.1kbits/s dup=1 drop=0 speed=   1x    
frame=38471 fps= 60 q=-0.0 size=  555262KiB time=00:10:41.18 bitrate=7094.2kbits/s dup=1 drop=0 speed=   1x    
frame=38501 fps= 60 q=-0.0 size=  555728KiB time=00:10:41.68 bitrate=7094.7kbits/s dup=1 drop=0 speed=   1x    
frame=38531 fps= 60 q=-0.0 size=  556140KiB time=00:10:42.18 bitrate=7094.4kbits/s dup=1 drop=0 speed=   1x    
frame=38561 fps= 60 q=-0.0 size=  556563KiB time=00:10:42.68 bitrate=7094.3kbits/s dup=1 drop=0 speed=   1x    
frame=38591 fps= 60 q=-0.0 size=  556997KiB time=00:10:43.18 bitrate=7094.3kbits/s dup=1 drop=0 speed=   1x    
frame=38621 fps= 60 q=-0.0 size=  557440KiB time=00:10:43.68 bitrate=7094.4kbits/s dup=1 drop=0 speed=   1x    
frame=38651 fps= 60 q=-0.0 size=  557868KiB time=00:10:44.18 bitrate=7094.3kbits/s dup=1 drop=0 speed=   1x    
frame=38681 fps= 60 q=-0.0 size=  558284KiB time=00:10:44.68 bitrate=7094.1kbits/s dup=1 drop=0 speed=   1x    
frame=38711 fps= 60 q=-0.0 size=  558736KiB time=00:10:45.18 bitrate=7094.4kbits/s dup=1 drop=0 speed=   1x    
frame=38741 fps= 60 q=-0.0 size=  559145KiB time=00:10:45.68 bitrate=7094.1kbits/s dup=1 drop=0 speed=   1x    
frame=38771 fps= 60 q=-0.0 size=  559608KiB time=00:10:46.18 bitrate=7094.4kbits/s dup=1 drop=0 speed=   1x    
frame=38801 fps= 60 q=-0.0 size=  560029KiB time=00:10:46.68 bitrate=7094.3kbits/s dup=1 drop=0 speed=   1x    
frame=38831 fps= 60 q=-0.0 size=  560468KiB time=00:10:47.18 bitrate=7094.4kbits/s dup=1 drop=0 speed=   1x    
frame=38861 fps= 60 q=-0.0 size=  560894KiB time=00:10:47.68 bitrate=7094.3kbits/s dup=1 drop=0 speed=   1x    
frame=38891 fps= 60 q=-0.0 size=  561326KiB time=00:10:48.18 bitrate=7094.3kbits/s dup=1 drop=0 speed=   1x    
frame=38921 fps= 60 q=-0.0 size=  561759KiB time=00:10:48.68 bitrate=7094.3kbits/s dup=1 drop=0 speed=   1x    
frame=38951 fps= 60 q=-0.0 size=  562200KiB time=00:10:49.18 bitrate=7094.4kbits/s dup=1 drop=0 speed=   1x    
frame=38981 fps= 60 q=-0.0 size=  562631KiB time=00:10:49.68 bitrate=7094.3kbits/s dup=1 drop=0 speed=   1x    
frame=39011 fps= 60 q=-0.0 size=  563047KiB time=00:10:50.18 bitrate=7094.1kbits/s dup=1 drop=0 speed=   1x    
frame=39041 fps= 60 q=-0.0 size=  563504KiB time=00:10:50.68 bitrate=7094.4kbits/s dup=1 drop=0 speed=   1x    
frame=39071 fps= 60 q=-0.0 size=  563911KiB time=00:10:51.18 bitrate=7094.1kbits/s dup=1 drop=0 speed=   1x    
frame=39101 fps= 60 q=-0.0 size=  564372KiB time=00:10:51.68 bitrate=7094.4kbits/s dup=1 drop=0 speed=   1x    
frame=39131 fps= 60 q=-0.0 size=  564795KiB time=00:10:52.18 bitrate=7094.3kbits/s dup=1 drop=0 speed=   1x    
frame=39161 fps= 60 q=-0.0 size=  565223KiB time=00:10:52.68 bitrate=7094.3kbits/s dup=1 drop=0 speed=   1x    
frame=39191 fps= 60 q=-0.0 size=  565668KiB time=00:10:53.18 bitrate=7094.4kbits/s dup=1 drop=0 speed=   1x    
frame=39221 fps= 60 q=-0.0 size=  566083KiB time=00:10:53.68 bitrate=7094.2kbits/s dup=1 drop=0 speed=   1x    
frame=39251 fps= 60 q=-0.0 size=  566523KiB time=00:10:54.18 bitrate=7094.3kbits/s dup=1 drop=0 speed=   1x    
frame=39281 fps= 60 q=-0.0 size=  566940KiB time=00:10:54.68 bitrate=7094.1kbits/s dup=1 drop=0 speed=   1x    
frame=39311 fps= 60 q=-0.0 size=  567371KiB time=00:10:55.18 bitrate=7094.1kbits/s dup=1 drop=0 speed=   1x    
frame=39341 fps= 60 q=-0.0 size=  567828KiB time=00:10:55.68 bitrate=7094.3kbits/s dup=1 drop=0 speed=   1x    
frame=39371 fps= 60 q=-0.0 size=  568265KiB time=00:10:56.18 bitrate=7094.4kbits/s dup=1 drop=0 speed=   1x    
frame=39401 fps= 60 q=-0.0 size=  568703KiB time=00:10:56.68 bitrate=7094.5kbits/s dup=1 drop=0 speed=   1x    
frame=39431 fps= 60 q=-0.0 size=  569122KiB time=00:10:57.18 bitrate=7094.3kbits/s dup=1 drop=0 speed=   1x    
frame=39461 fps= 60 q=-0.0 size=  569513KiB time=00:10:57.68 bitrate=7093.8kbits/s dup=1 drop=0 speed=   1x    
frame=39491 fps= 60 q=-0.0 size=  569979KiB time=00:10:58.18 bitrate=7094.2kbits/s dup=1 drop=0 speed=   1x    
frame=39521 fps= 60 q=-0.0 size=  570412KiB time=00:10:58.68 bitrate=7094.2kbits/s dup=1 drop=0 speed=   1x    
frame=39552 fps= 60 q=-0.0 size=  570691KiB time=00:10:59.20 bitrate=7092.1kbits/s dup=1 drop=0 speed=   1x    
frame=39582 fps= 60 q=-0.0 size=  571124KiB time=00:10:59.70 bitrate=7092.1kbits/s dup=1 drop=0 speed=   1x    
frame=39612 fps= 60 q=-0.0 size=  571750KiB time=00:11:00.20 bitrate=7094.5kbits/s dup=1 drop=0 speed=   1x    
frame=39642 fps= 60 q=-0.0 size=  572302KiB time=00:11:00.70 bitrate=7096.0kbits/s dup=1 drop=0 speed=   1x    
frame=39672 fps= 60 q=-0.0 size=  572571KiB time=00:11:01.20 bitrate=7093.9kbits/s dup=1 drop=0 speed=   1x    
frame=39702 fps= 60 q=-0.0 size=  573018KiB time=00:11:01.70 bitrate=7094.1kbits/s dup=1 drop=0 speed=   1x    
frame=39731 fps= 60 q=-0.0 size=  573431KiB time=00:11:02.18 bitrate=7094.0kbits/s dup=1 drop=0 speed=   1x    
frame=39762 fps= 60 q=-0.0 size=  573892KiB time=00:11:02.70 bitrate=7094.2kbits/s dup=1 drop=0 speed=   1x    
frame=39792 fps= 60 q=-0.0 size=  574317KiB time=00:11:03.20 bitrate=7094.1kbits/s dup=1 drop=0 speed=   1x    
frame=39822 fps= 60 q=-0.0 size=  574805KiB time=00:11:03.70 bitrate=7094.8kbits/s dup=1 drop=0 speed=   1x    
frame=39852 fps= 60 q=-0.0 size=  575182KiB time=00:11:04.20 bitrate=7094.1kbits/s dup=1 drop=0 speed=   1x    
frame=39882 fps= 60 q=-0.0 size=  575625KiB time=00:11:04.70 bitrate=7094.2kbits/s dup=1 drop=0 speed=   1x    
frame=39912 fps= 60 q=-0.0 size=  576052KiB time=00:11:05.20 bitrate=7094.1kbits/s dup=1 drop=0 speed=   1x    
frame=39942 fps= 60 q=-0.0 size=  576487KiB time=00:11:05.70 bitrate=7094.2kbits/s dup=1 drop=0 speed=   1x    
frame=39972 fps= 60 q=-0.0 size=  576923KiB time=00:11:06.20 bitrate=7094.2kbits/s dup=1 drop=0 speed=   1x    
frame=40002 fps= 60 q=-0.0 size=  577360KiB time=00:11:06.70 bitrate=7094.2kbits/s dup=1 drop=0 speed=   1x    
frame=40032 fps= 60 q=-0.0 size=  577791KiB time=00:11:07.20 bitrate=7094.2kbits/s dup=1 drop=0 speed=   1x    
frame=40062 fps= 60 q=-0.0 size=  578252KiB time=00:11:07.70 bitrate=7094.6kbits/s dup=1 drop=0 speed=   1x    
frame=40092 fps= 60 q=-0.0 size=  578486KiB time=00:11:08.20 bitrate=7092.1kbits/s dup=1 drop=0 speed=   1x    
frame=40122 fps= 60 q=-0.0 size=  578919KiB time=00:11:08.70 bitrate=7092.1kbits/s dup=1 drop=0 speed=   1x    
frame=40152 fps= 60 q=-0.0 size=  579352KiB time=00:11:09.20 bitrate=7092.1kbits/s dup=1 drop=0 speed=   1x    
frame=40182 fps= 60 q=-0.0 size=  579785KiB time=00:11:09.70 bitrate=7092.1kbits/s dup=1 drop=0 speed=   1x    
frame=40212 fps= 60 q=-0.0 size=  580219KiB time=00:11:10.20 bitrate=7092.1kbits/s dup=1 drop=0 speed=   1x    
frame=40242 fps= 60 q=-0.0 size=  580652KiB time=00:11:10.70 bitrate=7092.1kbits/s dup=1 drop=0 speed=   1x    
frame=40272 fps= 60 q=-0.0 size=  581085KiB time=00:11:11.20 bitrate=7092.1kbits/s dup=1 drop=0 speed=   1x    
frame=40302 fps= 60 q=-0.0 size=  581518KiB time=00:11:11.70 bitrate=7092.1kbits/s dup=1 drop=0 speed=   1x    
frame=40332 fps= 60 q=-0.0 size=  581951KiB time=00:11:12.20 bitrate=7092.2kbits/s dup=1 drop=0 speed=   1x    
frame=40362 fps= 60 q=-0.0 size=  582487KiB time=00:11:12.70 bitrate=7093.4kbits/s dup=1 drop=0 speed=   1x    
frame=40392 fps= 60 q=-0.0 size=  582981KiB time=00:11:13.20 bitrate=7094.1kbits/s dup=1 drop=0 speed=   1x    
frame=40422 fps= 60 q=-0.0 size=  583429KiB time=00:11:13.70 bitrate=7094.3kbits/s dup=1 drop=0 speed=   1x    
frame=40452 fps= 60 q=-0.0 size=  583845KiB time=00:11:14.20 bitrate=7094.1kbits/s dup=1 drop=0 speed=   1x    
frame=40482 fps= 60 q=-0.0 size=  584313KiB time=00:11:14.70 bitrate=7094.6kbits/s dup=1 drop=0 speed=   1x    
frame=40512 fps= 60 q=-0.0 size=  584714KiB time=00:11:15.20 bitrate=7094.2kbits/s dup=1 drop=0 speed=   1x    
frame=40542 fps= 60 q=-0.0 size=  585164KiB time=00:11:15.70 bitrate=7094.4kbits/s dup=1 drop=0 speed=   1x    
frame=40572 fps= 60 q=-0.0 size=  585572KiB time=00:11:16.20 bitrate=7094.1kbits/s dup=1 drop=0 speed=   1x    
frame=40602 fps= 60 q=-0.0 size=  586070KiB time=00:11:16.70 bitrate=7094.9kbits/s dup=1 drop=0 speed=   1x    
frame=40632 fps= 60 q=-0.0 size=  586433KiB time=00:11:17.20 bitrate=7094.0kbits/s dup=1 drop=0 speed=   1x    
frame=40662 fps= 60 q=-0.0 size=  586886KiB time=00:11:17.70 bitrate=7094.2kbits/s dup=1 drop=0 speed=   1x    
frame=40692 fps= 60 q=-0.0 size=  587297KiB time=00:11:18.20 bitrate=7094.0kbits/s dup=1 drop=0 speed=   1x    
frame=40722 fps= 60 q=-0.0 size=  587755KiB time=00:11:18.70 bitrate=7094.3kbits/s dup=1 drop=0 speed=   1x    
frame=40752 fps= 60 q=-0.0 size=  588173KiB time=00:11:19.20 bitrate=7094.1kbits/s dup=1 drop=0 speed=   1x    
frame=40782 fps= 60 q=-0.0 size=  588636KiB time=00:11:19.70 bitrate=7094.5kbits/s dup=1 drop=0 speed=   1x    
frame=40812 fps= 60 q=-0.0 size=  589045KiB time=00:11:20.20 bitrate=7094.2kbits/s dup=1 drop=0 speed=   1x    
frame=40842 fps= 60 q=-0.0 size=  589493KiB time=00:11:20.70 bitrate=7094.4kbits/s dup=1 drop=0 speed=   1x    
frame=40872 fps= 60 q=-0.0 size=  589918KiB time=00:11:21.20 bitrate=7094.3kbits/s dup=1 drop=0 speed=   1x    
frame=40902 fps= 60 q=-0.0 size=  590355KiB time=00:11:21.70 bitrate=7094.3kbits/s dup=1 drop=0 speed=   1x    
frame=40932 fps= 60 q=-0.0 size=  590774KiB time=00:11:22.20 bitrate=7094.1kbits/s dup=1 drop=0 speed=   1x    
frame=40962 fps= 60 q=-0.0 size=  591234KiB time=00:11:22.70 bitrate=7094.5kbits/s dup=1 drop=0 speed=   1x    
frame=40992 fps= 60 q=-0.0 size=  591629KiB time=00:11:23.20 bitrate=7094.0kbits/s dup=1 drop=0 speed=   1x    
frame=41022 fps= 60 q=-0.0 size=  592080KiB time=00:11:23.70 bitrate=7094.2kbits/s dup=1 drop=0 speed=   1x    
frame=41052 fps= 60 q=-0.0 size=  592496KiB time=00:11:24.20 bitrate=7094.0kbits/s dup=1 drop=0 speed=   1x    
frame=41082 fps= 60 q=-0.0 size=  592940KiB time=00:11:24.70 bitrate=7094.1kbits/s dup=1 drop=0 speed=   1x    
frame=41112 fps= 60 q=-0.0 size=  593407KiB time=00:11:25.20 bitrate=7094.6kbits/s dup=1 drop=0 speed=   1x    
frame=41142 fps= 60 q=-0.0 size=  593862KiB time=00:11:25.70 bitrate=7094.8kbits/s dup=1 drop=0 speed=   1x    
frame=41172 fps= 60 q=-0.0 size=  594233KiB time=00:11:26.20 bitrate=7094.1kbits/s dup=1 drop=0 speed=   1x    
frame=41202 fps= 60 q=-0.0 size=  594661KiB time=00:11:26.70 bitrate=7094.0kbits/s dup=1 drop=0 speed=   1x    
frame=41232 fps= 60 q=-0.0 size=  595130KiB time=00:11:27.20 bitrate=7094.5kbits/s dup=1 drop=0 speed=   1x    
frame=41262 fps= 60 q=-0.0 size=  595545KiB time=00:11:27.70 bitrate=7094.2kbits/s dup=1 drop=0 speed=   1x    
frame=41292 fps= 60 q=-0.0 size=  595968KiB time=00:11:28.20 bitrate=7094.1kbits/s dup=1 drop=0 speed=   1x    
frame=41322 fps= 60 q=-0.0 size=  596373KiB time=00:11:28.70 bitrate=7093.8kbits/s dup=1 drop=0 speed=   1x    
frame=41352 fps= 60 q=-0.0 size=  596867KiB time=00:11:29.20 bitrate=7094.5kbits/s dup=1 drop=0 speed=   1x    
frame=41382 fps= 60 q=-0.0 size=  597224KiB time=00:11:29.70 bitrate=7093.6kbits/s dup=1 drop=0 speed=   1x    
frame=41412 fps= 60 q=-0.0 size=  597724KiB time=00:11:30.20 bitrate=7094.4kbits/s dup=1 drop=0 speed=   1x    
frame=41442 fps= 60 q=-0.0 size=  598151KiB time=00:11:30.70 bitrate=7094.3kbits/s dup=1 drop=0 speed=   1x    
frame=41472 fps= 60 q=-0.0 size=  598549KiB time=00:11:31.20 bitrate=7093.9kbits/s dup=1 drop=0 speed=   1x    
frame=41502 fps= 60 q=-0.0 size=  598950KiB time=00:11:31.70 bitrate=7093.5kbits/s dup=1 drop=0 speed=   1x    
frame=41532 fps= 60 q=-0.0 size=  599368KiB time=00:11:32.20 bitrate=7093.4kbits/s dup=1 drop=0 speed=   1x    
frame=41562 fps= 60 q=-0.0 size=  599777KiB time=00:11:32.70 bitrate=7093.1kbits/s dup=1 drop=0 speed=   1x    
frame=41592 fps= 60 q=-0.0 size=  600201KiB time=00:11:33.20 bitrate=7093.0kbits/s dup=1 drop=0 speed=   1x    
frame=41622 fps= 60 q=-0.0 size=  600624KiB time=00:11:33.70 bitrate=7092.9kbits/s dup=1 drop=0 speed=   1x    
frame=41652 fps= 60 q=-0.0 size=  601056KiB time=00:11:34.20 bitrate=7092.8kbits/s dup=1 drop=0 speed=   1x    
frame=41682 fps= 60 q=-0.0 size=  601486KiB time=00:11:34.70 bitrate=7092.8kbits/s dup=1 drop=0 speed=   1x    
frame=41712 fps= 60 q=-0.0 size=  601903KiB time=00:11:35.20 bitrate=7092.6kbits/s dup=1 drop=0 speed=   1x    
frame=41742 fps= 60 q=-0.0 size=  602344KiB time=00:11:35.70 bitrate=7092.7kbits/s dup=1 drop=0 speed=   1x    
frame=41772 fps= 60 q=-0.0 size=  602845KiB time=00:11:36.20 bitrate=7093.5kbits/s dup=1 drop=0 speed=   1x    
frame=41802 fps= 60 q=-0.0 size=  603169KiB time=00:11:36.70 bitrate=7092.2kbits/s dup=1 drop=0 speed=   1x    
frame=41832 fps= 60 q=-0.0 size=  603865KiB time=00:11:37.20 bitrate=7095.3kbits/s dup=1 drop=0 speed=   1x    
frame=41862 fps= 60 q=-0.0 size=  604166KiB time=00:11:37.70 bitrate=7093.8kbits/s dup=1 drop=0 speed=   1x    
frame=41892 fps= 60 q=-0.0 size=  604614KiB time=00:11:38.20 bitrate=7094.0kbits/s dup=1 drop=0 speed=   1x    
frame=41922 fps= 60 q=-0.0 size=  605056KiB time=00:11:38.70 bitrate=7094.1kbits/s dup=1 drop=0 speed=   1x    
frame=41952 fps= 60 q=-0.0 size=  605484KiB time=00:11:39.20 bitrate=7094.0kbits/s dup=1 drop=0 speed=   1x    
frame=41982 fps= 60 q=-0.0 size=  605926KiB time=00:11:39.70 bitrate=7094.1kbits/s dup=1 drop=0 speed=   1x    
frame=42012 fps= 60 q=-0.0 size=  606337KiB time=00:11:40.20 bitrate=7093.8kbits/s dup=1 drop=0 speed=   1x    
frame=42042 fps= 60 q=-0.0 size=  606777KiB time=00:11:40.70 bitrate=7093.9kbits/s dup=1 drop=0 speed=   1x    
frame=42072 fps= 60 q=-0.0 size=  607213KiB time=00:11:41.20 bitrate=7094.0kbits/s dup=1 drop=0 speed=   1x    
frame=42102 fps= 60 q=-0.0 size=  607637KiB time=00:11:41.70 bitrate=7093.9kbits/s dup=1 drop=0 speed=   1x    
frame=42132 fps= 60 q=-0.0 size=  608080KiB time=00:11:42.20 bitrate=7094.0kbits/s dup=1 drop=0 speed=   1x    
frame=42162 fps= 60 q=-0.0 size=  608533KiB time=00:11:42.70 bitrate=7094.2kbits/s dup=1 drop=0 speed=   1x    
frame=42192 fps= 60 q=-0.0 size=  608957KiB time=00:11:43.20 bitrate=7094.1kbits/s dup=1 drop=0 speed=   1x    
frame=42222 fps= 60 q=-0.0 size=  609394KiB time=00:11:43.70 bitrate=7094.2kbits/s dup=1 drop=0 speed=   1x    
frame=42252 fps= 60 q=-0.0 size=  609837KiB time=00:11:44.20 bitrate=7094.3kbits/s dup=1 drop=0 speed=   1x    
frame=42282 fps= 60 q=-0.0 size=  610261KiB time=00:11:44.70 bitrate=7094.2kbits/s dup=1 drop=0 speed=   1x    
frame=42312 fps= 60 q=-0.0 size=  610693KiB time=00:11:45.20 bitrate=7094.2kbits/s dup=1 drop=0 speed=   1x    
frame=42342 fps= 60 q=-0.0 size=  611139KiB time=00:11:45.70 bitrate=7094.3kbits/s dup=1 drop=0 speed=   1x    
frame=42372 fps= 60 q=-0.0 size=  611552KiB time=00:11:46.20 bitrate=7094.1kbits/s dup=1 drop=0 speed=   1x    
frame=42402 fps= 60 q=-0.0 size=  612047KiB time=00:11:46.70 bitrate=7094.8kbits/s dup=1 drop=0 speed=   1x    
frame=42432 fps= 60 q=-0.0 size=  612454KiB time=00:11:47.20 bitrate=7094.5kbits/s dup=1 drop=0 speed=   1x    
frame=42462 fps= 60 q=-0.0 size=  612860KiB time=00:11:47.70 bitrate=7094.2kbits/s dup=1 drop=0 speed=   1x    
frame=42492 fps= 60 q=-0.0 size=  613318KiB time=00:11:48.20 bitrate=7094.5kbits/s dup=1 drop=0 speed=   1x    
frame=42522 fps= 60 q=-0.0 size=  613752KiB time=00:11:48.70 bitrate=7094.5kbits/s dup=1 drop=0 speed=   1x    
frame=42552 fps= 60 q=-0.0 size=  614170KiB time=00:11:49.20 bitrate=7094.3kbits/s dup=1 drop=0 speed=   1x    
frame=42582 fps= 60 q=-0.0 size=  614606KiB time=00:11:49.70 bitrate=7094.3kbits/s dup=1 drop=0 speed=   1x    
frame=42612 fps= 60 q=-0.0 size=  615027KiB time=00:11:50.20 bitrate=7094.2kbits/s dup=1 drop=0 speed=   1x    
frame=42642 fps= 60 q=-0.0 size=  615494KiB time=00:11:50.70 bitrate=7094.6kbits/s dup=1 drop=0 speed=   1x    
frame=42672 fps= 60 q=-0.0 size=  615907KiB time=00:11:51.20 bitrate=7094.4kbits/s dup=1 drop=0 speed=   1x    
frame=42702 fps= 60 q=-0.0 size=  616322KiB time=00:11:51.70 bitrate=7094.2kbits/s dup=1 drop=0 speed=   1x    
frame=42732 fps= 60 q=-0.0 size=  616766KiB time=00:11:52.20 bitrate=7094.3kbits/s dup=1 drop=0 speed=   1x    
frame=42762 fps= 60 q=-0.0 size=  617204KiB time=00:11:52.70 bitrate=7094.3kbits/s dup=1 drop=0 speed=   1x    
frame=42792 fps= 60 q=-0.0 size=  617632KiB time=00:11:53.20 bitrate=7094.3kbits/s dup=1 drop=0 speed=   1x    
frame=42822 fps= 60 q=-0.0 size=  618078KiB time=00:11:53.70 bitrate=7094.4kbits/s dup=1 drop=0 speed=   1x    
frame=42852 fps= 60 q=-0.0 size=  618489KiB time=00:11:54.20 bitrate=7094.2kbits/s dup=1 drop=0 speed=   1x    
frame=42882 fps= 60 q=-0.0 size=  618942KiB time=00:11:54.70 bitrate=7094.4kbits/s dup=1 drop=0 speed=   1x    
frame=42912 fps= 60 q=-0.0 size=  619375KiB time=00:11:55.20 bitrate=7094.4kbits/s dup=1 drop=0 speed=   1x    
frame=42942 fps= 60 q=-0.0 size=  619794KiB time=00:11:55.70 bitrate=7094.2kbits/s dup=1 drop=0 speed=   1x    
frame=42972 fps= 60 q=-0.0 size=  620229KiB time=00:11:56.20 bitrate=7094.3kbits/s dup=1 drop=0 speed=   1x    
frame=43002 fps= 60 q=-0.0 size=  620674KiB time=00:11:56.70 bitrate=7094.4kbits/s dup=1 drop=0 speed=   1x    
frame=43032 fps= 60 q=-0.0 size=  621086KiB time=00:11:57.20 bitrate=7094.2kbits/s dup=1 drop=0 speed=   1x    
frame=43062 fps= 60 q=-0.0 size=  621527KiB time=00:11:57.70 bitrate=7094.3kbits/s dup=1 drop=0 speed=   1x    
frame=43092 fps= 60 q=-0.0 size=  621963KiB time=00:11:58.20 bitrate=7094.3kbits/s dup=1 drop=0 speed=   1x    
frame=43122 fps= 60 q=-0.0 size=  622357KiB time=00:11:58.70 bitrate=7093.8kbits/s dup=1 drop=0 speed=   1x    
frame=43152 fps= 60 q=-0.0 size=  622806KiB time=00:11:59.20 bitrate=7094.0kbits/s dup=1 drop=0 speed=   1x    
frame=43183 fps= 60 q=-0.0 size=  623235KiB time=00:11:59.71 bitrate=7093.8kbits/s dup=1 drop=0 speed=   1x    
frame=43212 fps= 60 q=-0.0 size=  623650KiB time=00:12:00.20 bitrate=7093.8kbits/s dup=1 drop=0 speed=   1x    
frame=43243 fps= 60 q=-0.0 size=  624119KiB time=00:12:00.71 bitrate=7094.0kbits/s dup=1 drop=0 speed=   1x    
frame=43273 fps= 60 q=-0.0 size=  624402KiB time=00:12:01.21 bitrate=7092.3kbits/s dup=1 drop=0 speed=   1x    
frame=43303 fps= 60 q=-0.0 size=  624997KiB time=00:12:01.71 bitrate=7094.2kbits/s dup=1 drop=0 speed=   1x    
frame=43333 fps= 60 q=-0.0 size=  625438KiB time=00:12:02.21 bitrate=7094.3kbits/s dup=1 drop=0 speed=   1x    
frame=43363 fps= 60 q=-0.0 size=  625869KiB time=00:12:02.71 bitrate=7094.2kbits/s dup=1 drop=0 speed=   1x    
frame=43393 fps= 60 q=-0.0 size=  626252KiB time=00:12:03.21 bitrate=7093.7kbits/s dup=1 drop=0 speed=   1x    
frame=43423 fps= 60 q=-0.0 size=  626660KiB time=00:12:03.71 bitrate=7093.4kbits/s dup=1 drop=0 speed=   1x    
frame=43453 fps= 60 q=-0.0 size=  627078KiB time=00:12:04.21 bitrate=7093.2kbits/s dup=1 drop=0 speed=   1x    
frame=43483 fps= 60 q=-0.0 size=  627498KiB time=00:12:04.71 bitrate=7093.1kbits/s dup=1 drop=0 speed=   1x    
frame=43513 fps= 60 q=-0.0 size=  627909KiB time=00:12:05.21 bitrate=7092.8kbits/s dup=1 drop=0 speed=   1x    
frame=43543 fps= 60 q=-0.0 size=  628361KiB time=00:12:05.71 bitrate=7093.0kbits/s dup=1 drop=0 speed=   1x    
frame=43573 fps= 60 q=-0.0 size=  628783KiB time=00:12:06.21 bitrate=7092.9kbits/s dup=1 drop=0 speed=   1x    
frame=43603 fps= 60 q=-0.0 size=  629213KiB time=00:12:06.71 bitrate=7092.9kbits/s dup=1 drop=0 speed=   1x    
frame=43633 fps= 60 q=-0.0 size=  629643KiB time=00:12:07.21 bitrate=7092.8kbits/s dup=1 drop=0 speed=   1x    
frame=43663 fps= 60 q=-0.0 size=  630073KiB time=00:12:07.71 bitrate=7092.8kbits/s dup=1 drop=0 speed=   1x    
frame=43693 fps= 60 q=-0.0 size=  630583KiB time=00:12:08.21 bitrate=7093.7kbits/s dup=1 drop=0 speed=   1x    
frame=43723 fps= 60 q=-0.0 size=  630898KiB time=00:12:08.71 bitrate=7092.3kbits/s dup=1 drop=0 speed=   1x    
frame=43753 fps= 60 q=-0.0 size=  631470KiB time=00:12:09.21 bitrate=7093.9kbits/s dup=1 drop=0 speed=   1x    
frame=43783 fps= 60 q=-0.0 size=  631898KiB time=00:12:09.71 bitrate=7093.9kbits/s dup=1 drop=0 speed=   1x    
frame=43813 fps= 60 q=-0.0 size=  632320KiB time=00:12:10.21 bitrate=7093.7kbits/s dup=1 drop=0 speed=   1x    
frame=43843 fps= 60 q=-0.0 size=  632768KiB time=00:12:10.71 bitrate=7093.9kbits/s dup=1 drop=0 speed=   1x    
frame=43873 fps= 60 q=-0.0 size=  633208KiB time=00:12:11.21 bitrate=7094.0kbits/s dup=1 drop=0 speed=   1x    
frame=43903 fps= 60 q=-0.0 size=  633643KiB time=00:12:11.71 bitrate=7094.0kbits/s dup=1 drop=0 speed=   1x    
frame=43933 fps= 60 q=-0.0 size=  634061KiB time=00:12:12.21 bitrate=7093.8kbits/s dup=1 drop=0 speed=   1x    
frame=43963 fps= 60 q=-0.0 size=  634503KiB time=00:12:12.71 bitrate=7093.9kbits/s dup=1 drop=0 speed=   1x    
frame=43993 fps= 60 q=-0.0 size=  634940KiB time=00:12:13.21 bitrate=7094.0kbits/s dup=1 drop=0 speed=   1x    
frame=44023 fps= 60 q=-0.0 size=  635375KiB time=00:12:13.71 bitrate=7094.0kbits/s dup=1 drop=0 speed=   1x    
frame=44053 fps= 60 q=-0.0 size=  635778KiB time=00:12:14.21 bitrate=7093.7kbits/s dup=1 drop=0 speed=   1x    
frame=44083 fps= 60 q=-0.0 size=  636218KiB time=00:12:14.71 bitrate=7093.7kbits/s dup=1 drop=0 speed=   1x    
frame=44113 fps= 60 q=-0.0 size=  636665KiB time=00:12:15.21 bitrate=7093.9kbits/s dup=1 drop=0 speed=   1x    
frame=44143 fps= 60 q=-0.0 size=  637105KiB time=00:12:15.71 bitrate=7094.0kbits/s dup=1 drop=0 speed=   1x    
frame=44173 fps= 60 q=-0.0 size=  637630KiB time=00:12:16.21 bitrate=7095.0kbits/s dup=1 drop=0 speed=   1x    
frame=44203 fps= 60 q=-0.0 size=  637998KiB time=00:12:16.71 bitrate=7094.3kbits/s dup=1 drop=0 speed=   1x    
frame=44233 fps= 60 q=-0.0 size=  638428KiB time=00:12:17.21 bitrate=7094.3kbits/s dup=1 drop=0 speed=   1x    
frame=44263 fps= 60 q=-0.0 size=  638866KiB time=00:12:17.71 bitrate=7094.3kbits/s dup=1 drop=0 speed=   1x    
frame=44293 fps= 60 q=-0.0 size=  639295KiB time=00:12:18.21 bitrate=7094.3kbits/s dup=1 drop=0 speed=   1x    
frame=44323 fps= 60 q=-0.0 size=  639730KiB time=00:12:18.71 bitrate=7094.3kbits/s dup=1 drop=0 speed=   1x    
frame=44353 fps= 60 q=-0.0 size=  640171KiB time=00:12:19.21 bitrate=7094.4kbits/s dup=1 drop=0 speed=   1x    
frame=44383 fps= 60 q=-0.0 size=  640603KiB time=00:12:19.71 bitrate=7094.4kbits/s dup=1 drop=0 speed=   1x    
frame=44413 fps= 60 q=-0.0 size=  641040KiB time=00:12:20.21 bitrate=7094.4kbits/s dup=1 drop=0 speed=   1x    
frame=44443 fps= 60 q=-0.0 size=  641475KiB time=00:12:20.71 bitrate=7094.4kbits/s dup=1 drop=0 speed=   1x    
frame=44473 fps= 60 q=-0.0 size=  641886KiB time=00:12:21.21 bitrate=7094.2kbits/s dup=1 drop=0 speed=   1x    
frame=44503 fps= 60 q=-0.0 size=  642327KiB time=00:12:21.71 bitrate=7094.3kbits/s dup=1 drop=0 speed=   1x    
frame=44533 fps= 60 q=-0.0 size=  642758KiB time=00:12:22.21 bitrate=7094.3kbits/s dup=1 drop=0 speed=   1x    
frame=44563 fps= 60 q=-0.0 size=  643204KiB time=00:12:22.71 bitrate=7094.4kbits/s dup=1 drop=0 speed=   1x    
frame=44593 fps= 60 q=-0.0 size=  643639KiB time=00:12:23.21 bitrate=7094.4kbits/s dup=1 drop=0 speed=   1x    
frame=44623 fps= 60 q=-0.0 size=  644069KiB time=00:12:23.71 bitrate=7094.4kbits/s dup=1 drop=0 speed=   1x    
frame=44653 fps= 60 q=-0.0 size=  644499KiB time=00:12:24.21 bitrate=7094.4kbits/s dup=1 drop=0 speed=   1x    
frame=44683 fps= 60 q=-0.0 size=  644933KiB time=00:12:24.71 bitrate=7094.4kbits/s dup=1 drop=0 speed=   1x    
frame=44713 fps= 60 q=-0.0 size=  645361KiB time=00:12:25.21 bitrate=7094.3kbits/s dup=1 drop=0 speed=   1x    
frame=44743 fps= 60 q=-0.0 size=  645786KiB time=00:12:25.71 bitrate=7094.2kbits/s dup=1 drop=0 speed=   1x    
frame=44773 fps= 60 q=-0.0 size=  646227KiB time=00:12:26.21 bitrate=7094.3kbits/s dup=1 drop=0 speed=   1x    
frame=44803 fps= 60 q=-0.0 size=  646675KiB time=00:12:26.71 bitrate=7094.5kbits/s dup=1 drop=0 speed=   1x    
frame=44833 fps= 60 q=-0.0 size=  647085KiB time=00:12:27.21 bitrate=7094.2kbits/s dup=1 drop=0 speed=   1x    
frame=44863 fps= 60 q=-0.0 size=  647529KiB time=00:12:27.71 bitrate=7094.3kbits/s dup=1 drop=0 speed=   1x    
frame=44893 fps= 60 q=-0.0 size=  647979KiB time=00:12:28.21 bitrate=7094.5kbits/s dup=1 drop=0 speed=   1x    
frame=44923 fps= 60 q=-0.0 size=  648386KiB time=00:12:28.71 bitrate=7094.2kbits/s dup=1 drop=0 speed=   1x    
frame=44953 fps= 60 q=-0.0 size=  648820KiB time=00:12:29.21 bitrate=7094.3kbits/s dup=1 drop=0 speed=   1x    
frame=44983 fps= 60 q=-0.0 size=  649258KiB time=00:12:29.71 bitrate=7094.3kbits/s dup=1 drop=0 speed=   1x    
frame=45013 fps= 60 q=-0.0 size=  649682KiB time=00:12:30.21 bitrate=7094.2kbits/s dup=1 drop=0 speed=   1x    
frame=45043 fps= 60 q=-0.0 size=  650112KiB time=00:12:30.71 bitrate=7094.2kbits/s dup=1 drop=0 speed=   1x    
frame=45073 fps= 60 q=-0.0 size=  650484KiB time=00:12:31.21 bitrate=7093.5kbits/s dup=1 drop=0 speed=   1x    
frame=45103 fps= 60 q=-0.0 size=  650959KiB time=00:12:31.71 bitrate=7094.0kbits/s dup=1 drop=0 speed=   1x    
frame=45133 fps= 60 q=-0.0 size=  651379KiB time=00:12:32.21 bitrate=7093.8kbits/s dup=1 drop=0 speed=   1x    
frame=45163 fps= 60 q=-0.0 size=  651683KiB time=00:12:32.71 bitrate=7092.4kbits/s dup=1 drop=0 speed=   1x    
frame=45193 fps= 60 q=-0.0 size=  652116KiB time=00:12:33.21 bitrate=7092.4kbits/s dup=1 drop=0 speed=   1x    
frame=45223 fps= 60 q=-0.0 size=  652940KiB time=00:12:33.71 bitrate=7096.7kbits/s dup=1 drop=0 speed=   1x    
frame=45253 fps= 60 q=-0.0 size=  653147KiB time=00:12:34.21 bitrate=7094.2kbits/s dup=1 drop=0 speed=   1x    
frame=45283 fps= 60 q=-0.0 size=  653594KiB time=00:12:34.71 bitrate=7094.4kbits/s dup=1 drop=0 speed=   1x    
frame=45313 fps= 60 q=-0.0 size=  654017KiB time=00:12:35.21 bitrate=7094.3kbits/s dup=1 drop=0 speed=   1x    
frame=45343 fps= 60 q=-0.0 size=  654455KiB time=00:12:35.71 bitrate=7094.3kbits/s dup=1 drop=0 speed=   1x    
frame=45373 fps= 60 q=-0.0 size=  654886KiB time=00:12:36.21 bitrate=7094.3kbits/s dup=1 drop=0 speed=   1x    
frame=45403 fps= 60 q=-0.0 size=  655325KiB time=00:12:36.71 bitrate=7094.4kbits/s dup=1 drop=0 speed=   1x    
frame=45433 fps= 60 q=-0.0 size=  655762KiB time=00:12:37.21 bitrate=7094.4kbits/s dup=1 drop=0 speed=   1x    
frame=45463 fps= 60 q=-0.0 size=  656192KiB time=00:12:37.71 bitrate=7094.4kbits/s dup=1 drop=0 speed=   1x    
frame=45493 fps= 60 q=-0.0 size=  656618KiB time=00:12:38.21 bitrate=7094.3kbits/s dup=1 drop=0 speed=   1x    
frame=45523 fps= 60 q=-0.0 size=  657050KiB time=00:12:38.71 bitrate=7094.3kbits/s dup=1 drop=0 speed=   1x    
frame=45553 fps= 60 q=-0.0 size=  657482KiB time=00:12:39.21 bitrate=7094.3kbits/s dup=1 drop=0 speed=   1x    
frame=45583 fps= 60 q=-0.0 size=  657919KiB time=00:12:39.71 bitrate=7094.3kbits/s dup=1 drop=0 speed=   1x    
frame=45613 fps= 60 q=-0.0 size=  658357KiB time=00:12:40.21 bitrate=7094.4kbits/s dup=1 drop=0 speed=   1x    
frame=45643 fps= 60 q=-0.0 size=  658783KiB time=00:12:40.71 bitrate=7094.3kbits/s dup=1 drop=0 speed=   1x    
frame=45673 fps= 60 q=-0.0 size=  659159KiB time=00:12:41.21 bitrate=7093.7kbits/s dup=1 drop=0 speed=   1x    
frame=45703 fps= 60 q=-0.0 size=  659478KiB time=00:12:41.71 bitrate=7092.5kbits/s dup=1 drop=0 speed=   1x    
frame=45733 fps= 60 q=-0.0 size=  659911KiB time=00:12:42.21 bitrate=7092.5kbits/s dup=1 drop=0 speed=   1x    
frame=45763 fps= 60 q=-0.0 size=  660344KiB time=00:12:42.71 bitrate=7092.5kbits/s dup=1 drop=0 speed=   1x    
frame=45793 fps= 60 q=-0.0 size=  660777KiB time=00:12:43.21 bitrate=7092.5kbits/s dup=1 drop=0 speed=   1x    
frame=45823 fps= 60 q=-0.0 size=  661211KiB time=00:12:43.71 bitrate=7092.5kbits/s dup=1 drop=0 speed=   1x    
frame=45853 fps= 60 q=-0.0 size=  661644KiB time=00:12:44.21 bitrate=7092.5kbits/s dup=1 drop=0 speed=   1x    
frame=45883 fps= 60 q=-0.0 size=  662077KiB time=00:12:44.71 bitrate=7092.5kbits/s dup=1 drop=0 speed=   1x    
frame=45913 fps= 60 q=-0.0 size=  662510KiB time=00:12:45.21 bitrate=7092.5kbits/s dup=1 drop=0 speed=   1x    
frame=45943 fps= 60 q=-0.0 size=  662943KiB time=00:12:45.71 bitrate=7092.5kbits/s dup=1 drop=0 speed=   1x    
frame=45973 fps= 60 q=-0.0 size=  663376KiB time=00:12:46.21 bitrate=7092.5kbits/s dup=1 drop=0 speed=   1x    
frame=46003 fps= 60 q=-0.0 size=  663809KiB time=00:12:46.71 bitrate=7092.5kbits/s dup=1 drop=0 speed=   1x    
frame=46033 fps= 60 q=-0.0 size=  664242KiB time=00:12:47.21 bitrate=7092.5kbits/s dup=1 drop=0 speed=   1x    
frame=46063 fps= 60 q=-0.0 size=  664675KiB time=00:12:47.71 bitrate=7092.5kbits/s dup=1 drop=0 speed=   1x    
frame=46093 fps= 60 q=-0.0 size=  665178KiB time=00:12:48.21 bitrate=7093.2kbits/s dup=1 drop=0 speed=   1x    
frame=46123 fps= 60 q=-0.0 size=  665612KiB time=00:12:48.71 bitrate=7093.2kbits/s dup=1 drop=0 speed=   1x    
frame=46153 fps= 60 q=-0.0 size=  666089KiB time=00:12:49.21 bitrate=7093.7kbits/s dup=1 drop=0 speed=   1x    
frame=46183 fps= 60 q=-0.0 size=  666520KiB time=00:12:49.71 bitrate=7093.7kbits/s dup=1 drop=0 speed=   1x    
frame=46213 fps= 60 q=-0.0 size=  666983KiB time=00:12:50.21 bitrate=7094.0kbits/s dup=1 drop=0 speed=   1x    
frame=46243 fps= 60 q=-0.0 size=  667434KiB time=00:12:50.71 bitrate=7094.2kbits/s dup=1 drop=0 speed=   1x    
frame=46273 fps= 60 q=-0.0 size=  667891KiB time=00:12:51.21 bitrate=7094.5kbits/s dup=1 drop=0 speed=   1x    
frame=46303 fps= 60 q=-0.0 size=  668324KiB time=00:12:51.71 bitrate=7094.5kbits/s dup=1 drop=0 speed=   1x    
frame=46333 fps= 60 q=-0.0 size=  668719KiB time=00:12:52.21 bitrate=7094.1kbits/s dup=1 drop=0 speed=   1x    
frame=46363 fps= 60 q=-0.0 size=  669183KiB time=00:12:52.71 bitrate=7094.4kbits/s dup=1 drop=0 speed=   1x    
frame=46393 fps= 60 q=-0.0 size=  669626KiB time=00:12:53.21 bitrate=7094.5kbits/s dup=1 drop=0 speed=   1x    
frame=46423 fps= 60 q=-0.0 size=  670035KiB time=00:12:53.71 bitrate=7094.2kbits/s dup=1 drop=0 speed=   1x    
frame=46453 fps= 60 q=-0.0 size=  670477KiB time=00:12:54.21 bitrate=7094.3kbits/s dup=1 drop=0 speed=   1x    
frame=46483 fps= 60 q=-0.0 size=  670933KiB time=00:12:54.71 bitrate=7094.6kbits/s dup=1 drop=0 speed=   1x    
frame=46513 fps= 60 q=-0.0 size=  671349KiB time=00:12:55.21 bitrate=7094.4kbits/s dup=1 drop=0 speed=   1x    
frame=46543 fps= 60 q=-0.0 size=  671787KiB time=00:12:55.71 bitrate=7094.4kbits/s dup=1 drop=0 speed=   1x    
frame=46573 fps= 60 q=-0.0 size=  672221KiB time=00:12:56.21 bitrate=7094.5kbits/s dup=1 drop=0 speed=   1x    
frame=46603 fps= 60 q=-0.0 size=  672655KiB time=00:12:56.71 bitrate=7094.5kbits/s dup=1 drop=0 speed=   1x    
frame=46633 fps= 60 q=-0.0 size=  673094KiB time=00:12:57.21 bitrate=7094.5kbits/s dup=1 drop=0 speed=   1x    
frame=46663 fps= 60 q=-0.0 size=  673514KiB time=00:12:57.71 bitrate=7094.4kbits/s dup=1 drop=0 speed=   1x    
frame=46693 fps= 60 q=-0.0 size=  673942KiB time=00:12:58.21 bitrate=7094.3kbits/s dup=1 drop=0 speed=   1x    
frame=46724 fps= 60 q=-0.0 size=  674396KiB time=00:12:58.73 bitrate=7094.4kbits/s dup=1 drop=0 speed=   1x    
frame=46753 fps= 60 q=-0.0 size=  674826KiB time=00:12:59.21 bitrate=7094.5kbits/s dup=1 drop=0 speed=   1x    
frame=46784 fps= 60 q=-0.0 size=  675263KiB time=00:12:59.73 bitrate=7094.4kbits/s dup=1 drop=0 speed=   1x    
frame=46814 fps= 60 q=-0.0 size=  675697KiB time=00:13:00.23 bitrate=7094.4kbits/s dup=1 drop=0 speed=   1x    
frame=46843 fps= 60 q=-0.0 size=  676130KiB time=00:13:00.71 bitrate=7094.6kbits/s dup=1 drop=0 speed=   1x    
frame=46874 fps= 60 q=-0.0 size=  676559KiB time=00:13:01.23 bitrate=7094.4kbits/s dup=1 drop=0 speed=   1x    
frame=46903 fps= 60 q=-0.0 size=  676978KiB time=00:13:01.71 bitrate=7094.4kbits/s dup=1 drop=0 speed=   1x    
frame=46934 fps= 60 q=-0.0 size=  677425KiB time=00:13:02.23 bitrate=7094.4kbits/s dup=1 drop=0 speed=   1x    
frame=46964 fps= 60 q=-0.0 size=  677856KiB time=00:13:02.73 bitrate=7094.4kbits/s dup=1 drop=0 speed=   1x    
frame=46993 fps= 60 q=-0.0 size=  678279KiB time=00:13:03.21 bitrate=7094.4kbits/s dup=1 drop=0 speed=   1x    
frame=47024 fps= 60 q=-0.0 size=  678714KiB time=00:13:03.73 bitrate=7094.3kbits/s dup=1 drop=0 speed=   1x    
frame=47054 fps= 60 q=-0.0 size=  679150KiB time=00:13:04.23 bitrate=7094.3kbits/s dup=1 drop=0 speed=   1x    
frame=47084 fps= 60 q=-0.0 size=  679577KiB time=00:13:04.73 bitrate=7094.3kbits/s dup=1 drop=0 speed=   1x    
frame=47114 fps= 60 q=-0.0 size=  679992KiB time=00:13:05.23 bitrate=7094.1kbits/s dup=1 drop=0 speed=   1x    
frame=47144 fps= 60 q=-0.0 size=  680448KiB time=00:13:05.73 bitrate=7094.3kbits/s dup=1 drop=0 speed=   1x    
frame=47174 fps= 60 q=-0.0 size=  680881KiB time=00:13:06.23 bitrate=7094.3kbits/s dup=1 drop=0 speed=   1x    
frame=47204 fps= 60 q=-0.0 size=  681318KiB time=00:13:06.73 bitrate=7094.3kbits/s dup=1 drop=0 speed=   1x    
frame=47234 fps= 60 q=-0.0 size=  681755KiB time=00:13:07.23 bitrate=7094.4kbits/s dup=1 drop=0 speed=   1x    
frame=47264 fps= 60 q=-0.0 size=  682184KiB time=00:13:07.73 bitrate=7094.3kbits/s dup=1 drop=0 speed=   1x    
frame=47294 fps= 60 q=-0.0 size=  682617KiB time=00:13:08.23 bitrate=7094.3kbits/s dup=1 drop=0 speed=   1x    
frame=47324 fps= 60 q=-0.0 size=  683039KiB time=00:13:08.73 bitrate=7094.2kbits/s dup=1 drop=0 speed=   1x    
frame=47354 fps= 60 q=-0.0 size=  683474KiB time=00:13:09.23 bitrate=7094.3kbits/s dup=1 drop=0 speed=   1x    
frame=47384 fps= 60 q=-0.0 size=  683916KiB time=00:13:09.73 bitrate=7094.3kbits/s dup=1 drop=0 speed=   1x    
frame=47414 fps= 60 q=-0.0 size=  684337KiB time=00:13:10.23 bitrate=7094.2kbits/s dup=1 drop=0 speed=   1x    
frame=47444 fps= 60 q=-0.0 size=  684765KiB time=00:13:10.73 bitrate=7094.2kbits/s dup=1 drop=0 speed=   1x    
frame=47474 fps= 60 q=-0.0 size=  685209KiB time=00:13:11.23 bitrate=7094.3kbits/s dup=1 drop=0 speed=   1x    
frame=47504 fps= 60 q=-0.0 size=  685633KiB time=00:13:11.73 bitrate=7094.2kbits/s dup=1 drop=0 speed=   1x    
frame=47534 fps= 60 q=-0.0 size=  686101KiB time=00:13:12.23 bitrate=7094.6kbits/s dup=1 drop=0 speed=   1x    
frame=47564 fps= 60 q=-0.0 size=  686487KiB time=00:13:12.73 bitrate=7094.1kbits/s dup=1 drop=0 speed=   1x    
frame=47594 fps= 60 q=-0.0 size=  686932KiB time=00:13:13.23 bitrate=7094.2kbits/s dup=1 drop=0 speed=   1x    
frame=47624 fps= 60 q=-0.0 size=  687372KiB time=00:13:13.73 bitrate=7094.3kbits/s dup=1 drop=0 speed=   1x    
frame=47654 fps= 60 q=-0.0 size=  687807KiB time=00:13:14.23 bitrate=7094.3kbits/s dup=1 drop=0 speed=   1x    
frame=47684 fps= 60 q=-0.0 size=  688228KiB time=00:13:14.73 bitrate=7094.2kbits/s dup=1 drop=0 speed=   1x    
frame=47714 fps= 60 q=-0.0 size=  688657KiB time=00:13:15.23 bitrate=7094.1kbits/s dup=1 drop=0 speed=   1x    
frame=47744 fps= 60 q=-0.0 size=  689095KiB time=00:13:15.73 bitrate=7094.2kbits/s dup=1 drop=0 speed=   1x    
frame=47774 fps= 60 q=-0.0 size=  689538KiB time=00:13:16.23 bitrate=7094.3kbits/s dup=1 drop=0 speed=   1x    
frame=47804 fps= 60 q=-0.0 size=  689958KiB time=00:13:16.73 bitrate=7094.1kbits/s dup=1 drop=0 speed=   1x    
frame=47834 fps= 60 q=-0.0 size=  690407KiB time=00:13:17.23 bitrate=7094.3kbits/s dup=1 drop=0 speed=   1x    
frame=47864 fps= 60 q=-0.0 size=  690837KiB time=00:13:17.73 bitrate=7094.3kbits/s dup=1 drop=0 speed=   1x    
frame=47894 fps= 60 q=-0.0 size=  691279KiB time=00:13:18.23 bitrate=7094.4kbits/s dup=1 drop=0 speed=   1x    
frame=47924 fps= 60 q=-0.0 size=  691734KiB time=00:13:18.73 bitrate=7094.6kbits/s dup=1 drop=0 speed=   1x    
frame=47954 fps= 60 q=-0.0 size=  692115KiB time=00:13:19.23 bitrate=7094.1kbits/s dup=1 drop=0 speed=   1x    
frame=47984 fps= 60 q=-0.0 size=  692568KiB time=00:13:19.73 bitrate=7094.3kbits/s dup=1 drop=0 speed=   1x    
frame=48014 fps= 60 q=-0.0 size=  692987KiB time=00:13:20.23 bitrate=7094.1kbits/s dup=1 drop=0 speed=   1x    
frame=48044 fps= 60 q=-0.0 size=  693430KiB time=00:13:20.73 bitrate=7094.2kbits/s dup=1 drop=0 speed=   1x    
frame=48074 fps= 60 q=-0.0 size=  693886KiB time=00:13:21.23 bitrate=7094.5kbits/s dup=1 drop=0 speed=   1x    
frame=48104 fps= 60 q=-0.0 size=  694303KiB time=00:13:21.73 bitrate=7094.3kbits/s dup=1 drop=0 speed=   1x    
frame=48134 fps= 60 q=-0.0 size=  694757KiB time=00:13:22.23 bitrate=7094.5kbits/s dup=1 drop=0 speed=   1x    
frame=48164 fps= 60 q=-0.0 size=  695184KiB time=00:13:22.73 bitrate=7094.4kbits/s dup=1 drop=0 speed=   1x    
frame=48194 fps= 60 q=-0.0 size=  695635KiB time=00:13:23.23 bitrate=7094.6kbits/s dup=1 drop=0 speed=   1x    
frame=48224 fps= 60 q=-0.0 size=  696009KiB time=00:13:23.73 bitrate=7094.0kbits/s dup=1 drop=0 speed=   1x    
frame=48254 fps= 60 q=-0.0 size=  696462KiB time=00:13:24.23 bitrate=7094.2kbits/s dup=1 drop=0 speed=   1x    
frame=48284 fps= 60 q=-0.0 size=  696923KiB time=00:13:24.73 bitrate=7094.5kbits/s dup=1 drop=0 speed=   1x    
frame=48314 fps= 60 q=-0.0 size=  697366KiB time=00:13:25.23 bitrate=7094.6kbits/s dup=1 drop=0 speed=   1x    
frame=48344 fps= 60 q=-0.0 size=  697804KiB time=00:13:25.73 bitrate=7094.7kbits/s dup=1 drop=0 speed=   1x    
frame=48374 fps= 60 q=-0.0 size=  698228KiB time=00:13:26.23 bitrate=7094.6kbits/s dup=1 drop=0 speed=   1x    
frame=48404 fps= 60 q=-0.0 size=  698687KiB time=00:13:26.73 bitrate=7094.8kbits/s dup=1 drop=0 speed=   1x    
frame=48434 fps= 60 q=-0.0 size=  699098KiB time=00:13:27.23 bitrate=7094.6kbits/s dup=1 drop=0 speed=   1x    
frame=48464 fps= 60 q=-0.0 size=  699530KiB time=00:13:27.73 bitrate=7094.6kbits/s dup=1 drop=0 speed=   1x    
frame=48494 fps= 60 q=-0.0 size=  699938KiB time=00:13:28.23 bitrate=7094.3kbits/s dup=1 drop=0 speed=   1x    
frame=48524 fps= 60 q=-0.0 size=  700384KiB time=00:13:28.73 bitrate=7094.5kbits/s dup=1 drop=0 speed=   1x    
frame=48554 fps= 60 q=-0.0 size=  700834KiB time=00:13:29.23 bitrate=7094.7kbits/s dup=1 drop=0 speed=   1x    
frame=48584 fps= 60 q=-0.0 size=  701261KiB time=00:13:29.73 bitrate=7094.6kbits/s dup=1 drop=0 speed=   1x    
frame=48614 fps= 60 q=-0.0 size=  701706KiB time=00:13:30.23 bitrate=7094.7kbits/s dup=1 drop=0 speed=   1x    
frame=48644 fps= 60 q=-0.0 size=  702119KiB time=00:13:30.73 bitrate=7094.5kbits/s dup=1 drop=0 speed=   1x    
frame=48674 fps= 60 q=-0.0 size=  702553KiB time=00:13:31.23 bitrate=7094.5kbits/s dup=1 drop=0 speed=   1x    
frame=48704 fps= 60 q=-0.0 size=  702985KiB time=00:13:31.73 bitrate=7094.5kbits/s dup=1 drop=0 speed=   1x    
frame=48734 fps= 60 q=-0.0 size=  703360KiB time=00:13:32.23 bitrate=7093.9kbits/s dup=1 drop=0 speed=   1x    
frame=48764 fps= 60 q=-0.0 size=  703887KiB time=00:13:32.73 bitrate=7094.9kbits/s dup=1 drop=0 speed=   1x    
frame=48794 fps= 60 q=-0.0 size=  704292KiB time=00:13:33.23 bitrate=7094.6kbits/s dup=1 drop=0 speed=   1x    
frame=48824 fps= 60 q=-0.0 size=  704758KiB time=00:13:33.73 bitrate=7094.9kbits/s dup=1 drop=0 speed=   1x    
frame=48854 fps= 60 q=-0.0 size=  705123KiB time=00:13:34.23 bitrate=7094.2kbits/s dup=1 drop=0 speed=   1x    
frame=48884 fps= 60 q=-0.0 size=  705644KiB time=00:13:34.73 bitrate=7095.1kbits/s dup=1 drop=0 speed=   1x    
frame=48914 fps= 60 q=-0.0 size=  705936KiB time=00:13:35.23 bitrate=7093.7kbits/s dup=1 drop=0 speed=   1x    
frame=48944 fps= 60 q=-0.0 size=  706455KiB time=00:13:35.73 bitrate=7094.6kbits/s dup=1 drop=0 speed=   1x    
frame=48974 fps= 60 q=-0.0 size=  706934KiB time=00:13:36.23 bitrate=7095.0kbits/s dup=1 drop=0 speed=   1x    
frame=49004 fps= 60 q=-0.0 size=  707317KiB time=00:13:36.73 bitrate=7094.5kbits/s dup=1 drop=0 speed=   1x    
frame=49034 fps= 60 q=-0.0 size=  707753KiB time=00:13:37.23 bitrate=7094.6kbits/s dup=1 drop=0 speed=   1x    
frame=49064 fps= 60 q=-0.0 size=  708177KiB time=00:13:37.73 bitrate=7094.5kbits/s dup=1 drop=0 speed=   1x    
frame=49094 fps= 60 q=-0.0 size=  708627KiB time=00:13:38.23 bitrate=7094.6kbits/s dup=1 drop=0 speed=   1x    
frame=49124 fps= 60 q=-0.0 size=  709067KiB time=00:13:38.73 bitrate=7094.7kbits/s dup=1 drop=0 speed=   1x    
frame=49154 fps= 60 q=-0.0 size=  709469KiB time=00:13:39.23 bitrate=7094.4kbits/s dup=1 drop=0 speed=   1x    
frame=49184 fps= 60 q=-0.0 size=  709897KiB time=00:13:39.73 bitrate=7094.4kbits/s dup=1 drop=0 speed=   1x    
frame=49214 fps= 60 q=-0.0 size=  710379KiB time=00:13:40.23 bitrate=7094.8kbits/s dup=1 drop=0 speed=   1x    
frame=49244 fps= 60 q=-0.0 size=  710772KiB time=00:13:40.73 bitrate=7094.4kbits/s dup=1 drop=0 speed=   1x    
frame=49274 fps= 60 q=-0.0 size=  711204KiB time=00:13:41.23 bitrate=7094.4kbits/s dup=1 drop=0 speed=   1x    
frame=49304 fps= 60 q=-0.0 size=  711604KiB time=00:13:41.73 bitrate=7094.1kbits/s dup=1 drop=0 speed=   1x    
frame=49334 fps= 60 q=-0.0 size=  712064KiB time=00:13:42.23 bitrate=7094.4kbits/s dup=1 drop=0 speed=   1x    
frame=49364 fps= 60 q=-0.0 size=  712494KiB time=00:13:42.73 bitrate=7094.3kbits/s dup=1 drop=0 speed=   1x    
frame=49394 fps= 60 q=-0.0 size=  712921KiB time=00:13:43.23 bitrate=7094.3kbits/s dup=1 drop=0 speed=   1x    
frame=49424 fps= 60 q=-0.0 size=  713362KiB time=00:13:43.73 bitrate=7094.4kbits/s dup=1 drop=0 speed=   1x    
frame=49454 fps= 60 q=-0.0 size=  713802KiB time=00:13:44.23 bitrate=7094.4kbits/s dup=1 drop=0 speed=   1x    
frame=49484 fps= 60 q=-0.0 size=  714218KiB time=00:13:44.73 bitrate=7094.3kbits/s dup=1 drop=0 speed=   1x    
frame=49514 fps= 60 q=-0.0 size=  714655KiB time=00:13:45.23 bitrate=7094.3kbits/s dup=1 drop=0 speed=   1x    
frame=49544 fps= 60 q=-0.0 size=  715086KiB time=00:13:45.73 bitrate=7094.3kbits/s dup=1 drop=0 speed=   1x    
frame=49574 fps= 60 q=-0.0 size=  715515KiB time=00:13:46.23 bitrate=7094.2kbits/s dup=1 drop=0 speed=   1x    
frame=49604 fps= 60 q=-0.0 size=  715943KiB time=00:13:46.73 bitrate=7094.2kbits/s dup=1 drop=0 speed=   1x    
frame=49634 fps= 60 q=-0.0 size=  716380KiB time=00:13:47.23 bitrate=7094.2kbits/s dup=1 drop=0 speed=   1x    
frame=49664 fps= 60 q=-0.0 size=  716820KiB time=00:13:47.73 bitrate=7094.3kbits/s dup=1 drop=0 speed=   1x    
frame=49694 fps= 60 q=-0.0 size=  717294KiB time=00:13:48.23 bitrate=7094.7kbits/s dup=1 drop=0 speed=   1x    
frame=49724 fps= 60 q=-0.0 size=  717671KiB time=00:13:48.73 bitrate=7094.2kbits/s dup=1 drop=0 speed=   1x    
frame=49754 fps= 60 q=-0.0 size=  718083KiB time=00:13:49.23 bitrate=7093.9kbits/s dup=1 drop=0 speed=   1x    
frame=49784 fps= 60 q=-0.0 size=  718545KiB time=00:13:49.73 bitrate=7094.2kbits/s dup=1 drop=0 speed=   1x    
frame=49814 fps= 60 q=-0.0 size=  719009KiB time=00:13:50.23 bitrate=7094.5kbits/s dup=1 drop=0 speed=   1x    
frame=49844 fps= 60 q=-0.0 size=  719422KiB time=00:13:50.73 bitrate=7094.3kbits/s dup=1 drop=0 speed=   1x    
frame=49874 fps= 60 q=-0.0 size=  719850KiB time=00:13:51.23 bitrate=7094.3kbits/s dup=1 drop=0 speed=   1x    
frame=49904 fps= 60 q=-0.0 size=  720293KiB time=00:13:51.73 bitrate=7094.4kbits/s dup=1 drop=0 speed=   1x    
frame=49934 fps= 60 q=-0.0 size=  720725KiB time=00:13:52.23 bitrate=7094.4kbits/s dup=1 drop=0 speed=   1x    
frame=49964 fps= 60 q=-0.0 size=  721148KiB time=00:13:52.73 bitrate=7094.3kbits/s dup=1 drop=0 speed=   1x    
frame=49994 fps= 60 q=-0.0 size=  721586KiB time=00:13:53.23 bitrate=7094.3kbits/s dup=1 drop=0 speed=   1x    
frame=50024 fps= 60 q=-0.0 size=  722021KiB time=00:13:53.73 bitrate=7094.3kbits/s dup=1 drop=0 speed=   1x    
frame=50054 fps= 60 q=-0.0 size=  722453KiB time=00:13:54.23 bitrate=7094.3kbits/s dup=1 drop=0 speed=   1x    
frame=50084 fps= 60 q=-0.0 size=  722879KiB time=00:13:54.73 bitrate=7094.3kbits/s dup=1 drop=0 speed=   1x    
frame=50114 fps= 60 q=-0.0 size=  723322KiB time=00:13:55.23 bitrate=7094.4kbits/s dup=1 drop=0 speed=   1x    
frame=50144 fps= 60 q=-0.0 size=  723745KiB time=00:13:55.73 bitrate=7094.3kbits/s dup=1 drop=0 speed=   1x    
frame=50174 fps= 60 q=-0.0 size=  724184KiB time=00:13:56.23 bitrate=7094.3kbits/s dup=1 drop=0 speed=   1x    
frame=50204 fps= 60 q=-0.0 size=  724614KiB time=00:13:56.73 bitrate=7094.3kbits/s dup=1 drop=0 speed=   1x    
frame=50234 fps= 60 q=-0.0 size=  725037KiB time=00:13:57.23 bitrate=7094.2kbits/s dup=1 drop=0 speed=   1x    
frame=50264 fps= 60 q=-0.0 size=  725471KiB time=00:13:57.73 bitrate=7094.2kbits/s dup=1 drop=0 speed=   1x    
frame=50294 fps= 60 q=-0.0 size=  725931KiB time=00:13:58.23 bitrate=7094.5kbits/s dup=1 drop=0 speed=   1x    
frame=50324 fps= 60 q=-0.0 size=  726344KiB time=00:13:58.73 bitrate=7094.3kbits/s dup=1 drop=0 speed=   1x    
frame=50354 fps= 60 q=-0.0 size=  726823KiB time=00:13:59.23 bitrate=7094.7kbits/s dup=1 drop=0 speed=   1x    
frame=50384 fps= 60 q=-0.0 size=  727196KiB time=00:13:59.73 bitrate=7094.1kbits/s dup=1 drop=0 speed=   1x    
frame=50414 fps= 60 q=-0.0 size=  727708KiB time=00:14:00.23 bitrate=7094.9kbits/s dup=1 drop=0 speed=   1x    
frame=50444 fps= 60 q=-0.0 size=  728055KiB time=00:14:00.73 bitrate=7094.1kbits/s dup=1 drop=0 speed=   1x    
frame=50474 fps= 60 q=-0.0 size=  728468KiB time=00:14:01.23 bitrate=7093.9kbits/s dup=1 drop=0 speed=   1x    
frame=50504 fps= 60 q=-0.0 size=  728933KiB time=00:14:01.73 bitrate=7094.2kbits/s dup=1 drop=0 speed=   1x    
frame=50534 fps= 60 q=-0.0 size=  729380KiB time=00:14:02.23 bitrate=7094.3kbits/s dup=1 drop=0 speed=   1x    
frame=50564 fps= 60 q=-0.0 size=  729802KiB time=00:14:02.73 bitrate=7094.2kbits/s dup=1 drop=0 speed=   1x    
frame=50594 fps= 60 q=-0.0 size=  730245KiB time=00:14:03.23 bitrate=7094.3kbits/s dup=1 drop=0 speed=   1x    
frame=50624 fps= 60 q=-0.0 size=  730670KiB time=00:14:03.73 bitrate=7094.2kbits/s dup=1 drop=0 speed=   1x    
frame=50654 fps= 60 q=-0.0 size=  731089KiB time=00:14:04.23 bitrate=7094.1kbits/s dup=1 drop=0 speed=   1x    
frame=50684 fps= 60 q=-0.0 size=  731535KiB time=00:14:04.73 bitrate=7094.2kbits/s dup=1 drop=0 speed=   1x    
frame=50714 fps= 60 q=-0.0 size=  731963KiB time=00:14:05.23 bitrate=7094.2kbits/s dup=1 drop=0 speed=   1x    
frame=50744 fps= 60 q=-0.0 size=  732395KiB time=00:14:05.73 bitrate=7094.2kbits/s dup=1 drop=0 speed=   1x    
frame=50774 fps= 60 q=-0.0 size=  732828KiB time=00:14:06.23 bitrate=7094.2kbits/s dup=1 drop=0 speed=   1x    
frame=50804 fps= 60 q=-0.0 size=  733217KiB time=00:14:06.73 bitrate=7093.7kbits/s dup=1 drop=0 speed=   1x    
frame=50834 fps= 60 q=-0.0 size=  733699KiB time=00:14:07.23 bitrate=7094.2kbits/s dup=1 drop=0 speed=   1x    
frame=50864 fps= 60 q=-0.0 size=  734096KiB time=00:14:07.73 bitrate=7093.9kbits/s dup=1 drop=0 speed=   1x    
frame=50895 fps= 60 q=-0.0 size=  734611KiB time=00:14:08.25 bitrate=7094.5kbits/s dup=1 drop=0 speed=   1x    
frame=50924 fps= 60 q=-0.0 size=  735002KiB time=00:14:08.73 bitrate=7094.3kbits/s dup=1 drop=0 speed=   1x    
frame=50955 fps= 60 q=-0.0 size=  735467KiB time=00:14:09.25 bitrate=7094.4kbits/s dup=1 drop=0 speed=   1x    
frame=50985 fps= 60 q=-0.0 size=  735979KiB time=00:14:09.75 bitrate=7095.2kbits/s dup=1 drop=0 speed=   1x    
frame=51014 fps= 60 q=-0.0 size=  736285KiB time=00:14:10.23 bitrate=7094.1kbits/s dup=1 drop=0 speed=   1x    
frame=51045 fps= 60 q=-0.0 size=  736757KiB time=00:14:10.75 bitrate=7094.3kbits/s dup=1 drop=0 speed=   1x    
frame=51075 fps= 60 q=-0.0 size=  737228KiB time=00:14:11.25 bitrate=7094.7kbits/s dup=1 drop=0 speed=   1x    
frame=51105 fps= 60 q=-0.0 size=  737656KiB time=00:14:11.75 bitrate=7094.7kbits/s dup=1 drop=0 speed=   1x    
frame=51135 fps= 60 q=-0.0 size=  738084KiB time=00:14:12.25 bitrate=7094.6kbits/s dup=1 drop=0 speed=   1x    
frame=51165 fps= 60 q=-0.0 size=  738522KiB time=00:14:12.75 bitrate=7094.7kbits/s dup=1 drop=0 speed=   1x    
frame=51195 fps= 60 q=-0.0 size=  738934KiB time=00:14:13.25 bitrate=7094.5kbits/s dup=1 drop=0 speed=   1x    
frame=51225 fps= 60 q=-0.0 size=  739367KiB time=00:14:13.75 bitrate=7094.5kbits/s dup=1 drop=0 speed=   1x    
frame=51255 fps= 60 q=-0.0 size=  739802KiB time=00:14:14.25 bitrate=7094.5kbits/s dup=1 drop=0 speed=   1x    
frame=51285 fps= 60 q=-0.0 size=  740254KiB time=00:14:14.75 bitrate=7094.7kbits/s dup=1 drop=0 speed=   1x    
frame=51315 fps= 60 q=-0.0 size=  740652KiB time=00:14:15.25 bitrate=7094.3kbits/s dup=1 drop=0 speed=   1x    
frame=51345 fps= 60 q=-0.0 size=  741108KiB time=00:14:15.75 bitrate=7094.5kbits/s dup=1 drop=0 speed=   1x    
frame=51375 fps= 60 q=-0.0 size=  741514KiB time=00:14:16.25 bitrate=7094.3kbits/s dup=1 drop=0 speed=   1x    
frame=51405 fps= 60 q=-0.0 size=  741977KiB time=00:14:16.75 bitrate=7094.6kbits/s dup=1 drop=0 speed=   1x    
frame=51435 fps= 60 q=-0.0 size=  742379KiB time=00:14:17.25 bitrate=7094.3kbits/s dup=1 drop=0 speed=   1x    
frame=51465 fps= 60 q=-0.0 size=  742780KiB time=00:14:17.75 bitrate=7094.0kbits/s dup=1 drop=0 speed=   1x    
frame=51495 fps= 60 q=-0.0 size=  743134KiB time=00:14:18.25 bitrate=7093.2kbits/s dup=1 drop=0 speed=   1x    
frame=51525 fps= 60 q=-0.0 size=  743624KiB time=00:14:18.75 bitrate=7093.8kbits/s dup=1 drop=0 speed=   1x    
frame=51555 fps= 60 q=-0.0 size=  744055KiB time=00:14:19.25 bitrate=7093.7kbits/s dup=1 drop=0 speed=   1x    
frame=51585 fps= 60 q=-0.0 size=  744552KiB time=00:14:19.75 bitrate=7094.4kbits/s dup=1 drop=0 speed=   1x    
frame=51615 fps= 60 q=-0.0 size=  745000KiB time=00:14:20.25 bitrate=7094.5kbits/s dup=1 drop=0 speed=   1x    
frame=51645 fps= 60 q=-0.0 size=  745361KiB time=00:14:20.75 bitrate=7093.8kbits/s dup=1 drop=0 speed=   1x    
frame=51675 fps= 60 q=-0.0 size=  745678KiB time=00:14:21.25 bitrate=7092.7kbits/s dup=1 drop=0 speed=   1x    
frame=51705 fps= 60 q=-0.0 size=  746245KiB time=00:14:21.75 bitrate=7094.0kbits/s dup=1 drop=0 speed=   1x    
frame=51735 fps= 60 q=-0.0 size=  746731KiB time=00:14:22.25 bitrate=7094.5kbits/s dup=1 drop=0 speed=   1x    
frame=51765 fps= 60 q=-0.0 size=  747148KiB time=00:14:22.75 bitrate=7094.3kbits/s dup=1 drop=0 speed=   1x    
frame=51795 fps= 60 q=-0.0 size=  747537KiB time=00:14:23.25 bitrate=7093.9kbits/s dup=1 drop=0 speed=   1x    
frame=51825 fps= 60 q=-0.0 size=  747942KiB time=00:14:23.75 bitrate=7093.6kbits/s dup=1 drop=0 speed=   1x    
frame=51855 fps= 60 q=-0.0 size=  748359KiB time=00:14:24.25 bitrate=7093.5kbits/s dup=1 drop=0 speed=   1x    
frame=51885 fps= 60 q=-0.0 size=  748777KiB time=00:14:24.75 bitrate=7093.4kbits/s dup=1 drop=0 speed=   1x    
frame=51915 fps= 60 q=-0.0 size=  749206KiB time=00:14:25.25 bitrate=7093.3kbits/s dup=1 drop=0 speed=   1x    
frame=51945 fps= 60 q=-0.0 size=  749625KiB time=00:14:25.75 bitrate=7093.2kbits/s dup=1 drop=0 speed=   1x    
frame=51975 fps= 60 q=-0.0 size=  750064KiB time=00:14:26.25 bitrate=7093.2kbits/s dup=1 drop=0 speed=   1x    
frame=52005 fps= 60 q=-0.0 size=  750488KiB time=00:14:26.75 bitrate=7093.2kbits/s dup=1 drop=0 speed=   1x    
frame=52035 fps= 60 q=-0.0 size=  750922KiB time=00:14:27.25 bitrate=7093.2kbits/s dup=1 drop=0 speed=   1x    
frame=52065 fps= 60 q=-0.0 size=  751351KiB time=00:14:27.75 bitrate=7093.1kbits/s dup=1 drop=0 speed=   1x    
frame=52095 fps= 60 q=-0.0 size=  751865KiB time=00:14:28.25 bitrate=7093.9kbits/s dup=1 drop=0 speed=   1x    
frame=52125 fps= 60 q=-0.0 size=  752174KiB time=00:14:28.75 bitrate=7092.7kbits/s dup=1 drop=0 speed=   1x    
frame=52155 fps= 60 q=-0.0 size=  752607KiB time=00:14:29.25 bitrate=7092.7kbits/s dup=1 drop=0 speed=   1x    
frame=52185 fps= 60 q=-0.0 size=  753189KiB time=00:14:29.75 bitrate=7094.1kbits/s dup=1 drop=0 speed=   1x    
frame=52215 fps= 60 q=-0.0 size=  753609KiB time=00:14:30.25 bitrate=7094.0kbits/s dup=1 drop=0 speed=   1x    
frame=52245 fps= 60 q=-0.0 size=  754036KiB time=00:14:30.75 bitrate=7094.0kbits/s dup=1 drop=0 speed=   1x    
frame=52275 fps= 60 q=-0.0 size=  754465KiB time=00:14:31.25 bitrate=7093.9kbits/s dup=1 drop=0 speed=   1x    
frame=52305 fps= 60 q=-0.0 size=  754919KiB time=00:14:31.75 bitrate=7094.1kbits/s dup=1 drop=0 speed=   1x    
frame=52335 fps= 60 q=-0.0 size=  755332KiB time=00:14:32.25 bitrate=7093.9kbits/s dup=1 drop=0 speed=   1x    
frame=52365 fps= 60 q=-0.0 size=  755760KiB time=00:14:32.75 bitrate=7093.9kbits/s dup=1 drop=0 speed=   1x    
frame=52395 fps= 60 q=-0.0 size=  756218KiB time=00:14:33.25 bitrate=7094.1kbits/s dup=1 drop=0 speed=   1x    
frame=52425 fps= 60 q=-0.0 size=  756632KiB time=00:14:33.75 bitrate=7093.9kbits/s dup=1 drop=0 speed=   1x    
frame=52455 fps= 60 q=-0.0 size=  757061KiB time=00:14:34.25 bitrate=7093.9kbits/s dup=1 drop=0 speed=   1x    
frame=52485 fps= 60 q=-0.0 size=  757508KiB time=00:14:34.75 bitrate=7094.0kbits/s dup=1 drop=0 speed=   1x    
frame=52515 fps= 60 q=-0.0 size=  757923KiB time=00:14:35.25 bitrate=7093.9kbits/s dup=1 drop=0 speed=   1x    
frame=52545 fps= 60 q=-0.0 size=  758375KiB time=00:14:35.75 bitrate=7094.0kbits/s dup=1 drop=0 speed=   1x    
frame=52575 fps= 60 q=-0.0 size=  758802KiB time=00:14:36.25 bitrate=7094.0kbits/s dup=1 drop=0 speed=   1x    
frame=52605 fps= 60 q=-0.0 size=  759279KiB time=00:14:36.75 bitrate=7094.4kbits/s dup=1 drop=0 speed=   1x    
frame=52635 fps= 60 q=-0.0 size=  759703KiB time=00:14:37.25 bitrate=7094.3kbits/s dup=1 drop=0 speed=   1x    
frame=52665 fps= 60 q=-0.0 size=  760134KiB time=00:14:37.75 bitrate=7094.3kbits/s dup=1 drop=0 speed=   1x    
frame=52695 fps= 60 q=-0.0 size=  760587KiB time=00:14:38.25 bitrate=7094.5kbits/s dup=1 drop=0 speed=   1x    
frame=52725 fps= 60 q=-0.0 size=  760997KiB time=00:14:38.75 bitrate=7094.3kbits/s dup=1 drop=0 speed=   1x    
frame=52755 fps= 60 q=-0.0 size=  761437KiB time=00:14:39.25 bitrate=7094.3kbits/s dup=1 drop=0 speed=   1x    
frame=52785 fps= 60 q=-0.0 size=  761877KiB time=00:14:39.75 bitrate=7094.4kbits/s dup=1 drop=0 speed=   1x    
frame=52815 fps= 60 q=-0.0 size=  762311KiB time=00:14:40.25 bitrate=7094.4kbits/s dup=1 drop=0 speed=   1x    
frame=52845 fps= 60 q=-0.0 size=  762749KiB time=00:14:40.75 bitrate=7094.5kbits/s dup=1 drop=0 speed=   1x    
frame=52875 fps= 60 q=-0.0 size=  763174KiB time=00:14:41.25 bitrate=7094.4kbits/s dup=1 drop=0 speed=   1x    
frame=52905 fps= 60 q=-0.0 size=  763632KiB time=00:14:41.75 bitrate=7094.6kbits/s dup=1 drop=0 speed=   1x    
frame=52935 fps= 60 q=-0.0 size=  764036KiB time=00:14:42.25 bitrate=7094.3kbits/s dup=1 drop=0 speed=   1x    
frame=52965 fps= 60 q=-0.0 size=  764481KiB time=00:14:42.75 bitrate=7094.5kbits/s dup=1 drop=0 speed=   1x    
frame=52995 fps= 60 q=-0.0 size=  764918KiB time=00:14:43.25 bitrate=7094.5kbits/s dup=1 drop=0 speed=   1x    
frame=53025 fps= 60 q=-0.0 size=  765332KiB time=00:14:43.75 bitrate=7094.3kbits/s dup=1 drop=0 speed=   1x    
frame=53055 fps= 60 q=-0.0 size=  765788KiB time=00:14:44.25 bitrate=7094.5kbits/s dup=1 drop=0 speed=   1x    
frame=53085 fps= 60 q=-0.0 size=  766224KiB time=00:14:44.75 bitrate=7094.6kbits/s dup=1 drop=0 speed=   1x    
frame=53115 fps= 60 q=-0.0 size=  766637KiB time=00:14:45.25 bitrate=7094.4kbits/s dup=1 drop=0 speed=   1x    
frame=53145 fps= 60 q=-0.0 size=  767094KiB time=00:14:45.75 bitrate=7094.6kbits/s dup=1 drop=0 speed=   1x    
frame=53175 fps= 60 q=-0.0 size=  767505KiB time=00:14:46.25 bitrate=7094.4kbits/s dup=1 drop=0 speed=   1x    
frame=53205 fps= 60 q=-0.0 size=  767954KiB time=00:14:46.75 bitrate=7094.5kbits/s dup=1 drop=0 speed=   1x    
frame=53235 fps= 60 q=-0.0 size=  768369KiB time=00:14:47.25 bitrate=7094.4kbits/s dup=1 drop=0 speed=   1x    
frame=53265 fps= 60 q=-0.0 size=  768813KiB time=00:14:47.75 bitrate=7094.5kbits/s dup=1 drop=0 speed=   1x    
frame=53295 fps= 60 q=-0.0 size=  769250KiB time=00:14:48.25 bitrate=7094.5kbits/s dup=1 drop=0 speed=   1x    
frame=53325 fps= 60 q=-0.0 size=  769676KiB time=00:14:48.75 bitrate=7094.4kbits/s dup=1 drop=0 speed=   1x    
frame=53355 fps= 60 q=-0.0 size=  770101KiB time=00:14:49.25 bitrate=7094.4kbits/s dup=1 drop=0 speed=   1x    
frame=53385 fps= 60 q=-0.0 size=  770550KiB time=00:14:49.75 bitrate=7094.5kbits/s dup=1 drop=0 speed=   1x    
frame=53415 fps= 60 q=-0.0 size=  770974KiB time=00:14:50.25 bitrate=7094.4kbits/s dup=1 drop=0 speed=   1x    
frame=53445 fps= 60 q=-0.0 size=  771421KiB time=00:14:50.75 bitrate=7094.6kbits/s dup=1 drop=0 speed=   1x    
frame=53475 fps= 60 q=-0.0 size=  771829KiB time=00:14:51.25 bitrate=7094.3kbits/s dup=1 drop=0 speed=   1x    
frame=53505 fps= 60 q=-0.0 size=  772252KiB time=00:14:51.75 bitrate=7094.2kbits/s dup=1 drop=0 speed=   1x    
frame=53535 fps= 60 q=-0.0 size=  772664KiB time=00:14:52.25 bitrate=7094.0kbits/s dup=1 drop=0 speed=   1x    
frame=53565 fps= 60 q=-0.0 size=  773098KiB time=00:14:52.75 bitrate=7094.1kbits/s dup=1 drop=0 speed=   1x    
frame=53595 fps= 60 q=-0.0 size=  773392KiB time=00:14:53.25 bitrate=7092.8kbits/s dup=1 drop=0 speed=   1x    
frame=53625 fps= 60 q=-0.0 size=  773826KiB time=00:14:53.75 bitrate=7092.8kbits/s dup=1 drop=0 speed=   1x    
frame=53655 fps= 60 q=-0.0 size=  774349KiB time=00:14:54.25 bitrate=7093.6kbits/s dup=1 drop=0 speed=   1x    
frame=53685 fps= 60 q=-0.0 size=  774966KiB time=00:14:54.75 bitrate=7095.3kbits/s dup=1 drop=0 speed=   1x    
frame=53715 fps= 60 q=-0.0 size=  775270KiB time=00:14:55.25 bitrate=7094.1kbits/s dup=1 drop=0 speed=   1x    
frame=53745 fps= 60 q=-0.0 size=  775726KiB time=00:14:55.75 bitrate=7094.3kbits/s dup=1 drop=0 speed=   1x    
frame=53775 fps= 60 q=-0.0 size=  776163KiB time=00:14:56.25 bitrate=7094.4kbits/s dup=1 drop=0 speed=   1x    
frame=53805 fps= 60 q=-0.0 size=  776599KiB time=00:14:56.75 bitrate=7094.4kbits/s dup=1 drop=0 speed=   1x    
frame=53835 fps= 60 q=-0.0 size=  777029KiB time=00:14:57.25 bitrate=7094.4kbits/s dup=1 drop=0 speed=   1x    
frame=53865 fps= 60 q=-0.0 size=  777467KiB time=00:14:57.75 bitrate=7094.4kbits/s dup=1 drop=0 speed=   1x    
frame=53895 fps= 60 q=-0.0 size=  777883KiB time=00:14:58.25 bitrate=7094.3kbits/s dup=1 drop=0 speed=   1x    
frame=53925 fps= 60 q=-0.0 size=  778331KiB time=00:14:58.75 bitrate=7094.4kbits/s dup=1 drop=0 speed=   1x    
frame=53955 fps= 60 q=-0.0 size=  778753KiB time=00:14:59.25 bitrate=7094.3kbits/s dup=1 drop=0 speed=   1x    
frame=53985 fps= 60 q=-0.0 size=  779189KiB time=00:14:59.75 bitrate=7094.3kbits/s dup=1 drop=0 speed=   1x    
frame=54015 fps= 60 q=-0.0 size=  779623KiB time=00:15:00.25 bitrate=7094.3kbits/s dup=1 drop=0 speed=   1x    
frame=54045 fps= 60 q=-0.0 size=  780062KiB time=00:15:00.75 bitrate=7094.4kbits/s dup=1 drop=0 speed=   1x    
frame=54075 fps= 60 q=-0.0 size=  780505KiB time=00:15:01.25 bitrate=7094.5kbits/s dup=1 drop=0 speed=   1x    
frame=54105 fps= 60 q=-0.0 size=  780902KiB time=00:15:01.75 bitrate=7094.1kbits/s dup=1 drop=0 speed=   1x    
frame=54135 fps= 60 q=-0.0 size=  781187KiB time=00:15:02.25 bitrate=7092.8kbits/s dup=1 drop=0 speed=   1x    
frame=54165 fps= 60 q=-0.0 size=  781620KiB time=00:15:02.75 bitrate=7092.8kbits/s dup=1 drop=0 speed=   1x    
frame=54195 fps= 60 q=-0.0 size=  782054KiB time=00:15:03.25 bitrate=7092.8kbits/s dup=1 drop=0 speed=   1x    
frame=54225 fps= 60 q=-0.0 size=  782487KiB time=00:15:03.75 bitrate=7092.8kbits/s dup=1 drop=0 speed=   1x    
frame=54255 fps= 60 q=-0.0 size=  782920KiB time=00:15:04.25 bitrate=7092.8kbits/s dup=1 drop=0 speed=   1x    
frame=54285 fps= 60 q=-0.0 size=  783353KiB time=00:15:04.75 bitrate=7092.8kbits/s dup=1 drop=0 speed=   1x    
frame=54315 fps= 60 q=-0.0 size=  783786KiB time=00:15:05.25 bitrate=7092.8kbits/s dup=1 drop=0 speed=   1x    
frame=54345 fps= 60 q=-0.0 size=  784219KiB time=00:15:05.75 bitrate=7092.8kbits/s dup=1 drop=0 speed=   1x    
frame=54375 fps= 60 q=-0.0 size=  784652KiB time=00:15:06.25 bitrate=7092.8kbits/s dup=1 drop=0 speed=   1x    
frame=54405 fps= 60 q=-0.0 size=  785086KiB time=00:15:06.75 bitrate=7092.8kbits/s dup=1 drop=0 speed=   1x    
frame=54435 fps= 60 q=-0.0 size=  785519KiB time=00:15:07.25 bitrate=7092.8kbits/s dup=1 drop=0 speed=   1x    
frame=54465 fps= 60 q=-0.0 size=  786127KiB time=00:15:07.75 bitrate=7094.4kbits/s dup=1 drop=0 speed=   1x    
frame=54495 fps= 60 q=-0.0 size=  786578KiB time=00:15:08.25 bitrate=7094.6kbits/s dup=1 drop=0 speed=   1x    
frame=54525 fps= 60 q=-0.0 size=  787006KiB time=00:15:08.75 bitrate=7094.5kbits/s dup=1 drop=0 speed=   1x    
frame=54555 fps= 60 q=-0.0 size=  787429KiB time=00:15:09.25 bitrate=7094.4kbits/s dup=1 drop=0 speed=   1x    
frame=54585 fps= 60 q=-0.0 size=  787860KiB time=00:15:09.75 bitrate=7094.4kbits/s dup=1 drop=0 speed=   1x    
frame=54615 fps= 60 q=-0.0 size=  788292KiB time=00:15:10.25 bitrate=7094.4kbits/s dup=1 drop=0 speed=   1x    
frame=54645 fps= 60 q=-0.0 size=  788774KiB time=00:15:10.75 bitrate=7094.9kbits/s dup=1 drop=0 speed=   1x    
frame=54675 fps= 60 q=-0.0 size=  789159KiB time=00:15:11.25 bitrate=7094.4kbits/s dup=1 drop=0 speed=   1x    
frame=54705 fps= 60 q=-0.0 size=  789586KiB time=00:15:11.75 bitrate=7094.4kbits/s dup=1 drop=0 speed=   1x    
frame=54735 fps= 60 q=-0.0 size=  790040KiB time=00:15:12.25 bitrate=7094.6kbits/s dup=1 drop=0 speed=   1x    
frame=54765 fps= 60 q=-0.0 size=  790471KiB time=00:15:12.75 bitrate=7094.5kbits/s dup=1 drop=0 speed=   1x    
frame=54795 fps= 60 q=-0.0 size=  790916KiB time=00:15:13.25 bitrate=7094.6kbits/s dup=1 drop=0 speed=   1x    
frame=54825 fps= 60 q=-0.0 size=  791342KiB time=00:15:13.75 bitrate=7094.6kbits/s dup=1 drop=0 speed=   1x    
frame=54855 fps= 60 q=-0.0 size=  791766KiB time=00:15:14.25 bitrate=7094.5kbits/s dup=1 drop=0 speed=   1x    
frame=54885 fps= 60 q=-0.0 size=  792208KiB time=00:15:14.75 bitrate=7094.6kbits/s dup=1 drop=0 speed=   1x    
frame=54915 fps= 60 q=-0.0 size=  792626KiB time=00:15:15.25 bitrate=7094.4kbits/s dup=1 drop=0 speed=   1x    
frame=54945 fps= 60 q=-0.0 size=  793068KiB time=00:15:15.75 bitrate=7094.5kbits/s dup=1 drop=0 speed=   1x    
frame=54975 fps= 60 q=-0.0 size=  793486KiB time=00:15:16.25 bitrate=7094.4kbits/s dup=1 drop=0 speed=   1x    
frame=55005 fps= 60 q=-0.0 size=  793932KiB time=00:15:16.75 bitrate=7094.5kbits/s dup=1 drop=0 speed=   1x    
frame=55035 fps= 60 q=-0.0 size=  794369KiB time=00:15:17.25 bitrate=7094.5kbits/s dup=1 drop=0 speed=   1x    
frame=55065 fps= 60 q=-0.0 size=  794793KiB time=00:15:17.75 bitrate=7094.5kbits/s dup=1 drop=0 speed=   1x    
frame=55095 fps= 60 q=-0.0 size=  795222KiB time=00:15:18.25 bitrate=7094.4kbits/s dup=1 drop=0 speed=   1x    
frame=55126 fps= 60 q=-0.0 size=  795673KiB time=00:15:18.76 bitrate=7094.5kbits/s dup=1 drop=0 speed=   1x    
frame=55155 fps= 60 q=-0.0 size=  796108KiB time=00:15:19.25 bitrate=7094.6kbits/s dup=1 drop=0 speed=   1x    
frame=55185 fps= 60 q=-0.0 size=  796523KiB time=00:15:19.75 bitrate=7094.4kbits/s dup=1 drop=0 speed=   1x    
frame=55216 fps= 60 q=-0.0 size=  796983KiB time=00:15:20.26 bitrate=7094.6kbits/s dup=1 drop=0 speed=   1x    
frame=55246 fps= 60 q=-0.0 size=  797415KiB time=00:15:20.76 bitrate=7094.5kbits/s dup=1 drop=0 speed=   1x    
frame=55276 fps= 60 q=-0.0 size=  797844KiB time=00:15:21.26 bitrate=7094.5kbits/s dup=1 drop=0 speed=   1x    
frame=55306 fps= 60 q=-0.0 size=  798271KiB time=00:15:21.76 bitrate=7094.5kbits/s dup=1 drop=0 speed=   1x    
frame=55336 fps= 60 q=-0.0 size=  798676KiB time=00:15:22.26 bitrate=7094.2kbits/s dup=1 drop=0 speed=   1x    
frame=55366 fps= 60 q=-0.0 size=  799146KiB time=00:15:22.76 bitrate=7094.5kbits/s dup=1 drop=0 speed=   1x    
frame=55396 fps= 60 q=-0.0 size=  799571KiB time=00:15:23.26 bitrate=7094.5kbits/s dup=1 drop=0 speed=   1x    
frame=55426 fps= 60 q=-0.0 size=  800008KiB time=00:15:23.76 bitrate=7094.5kbits/s dup=1 drop=0 speed=   1x    
frame=55456 fps= 60 q=-0.0 size=  800441KiB time=00:15:24.26 bitrate=7094.5kbits/s dup=1 drop=0 speed=   1x    
frame=55486 fps= 60 q=-0.0 size=  800881KiB time=00:15:24.76 bitrate=7094.6kbits/s dup=1 drop=0 speed=   1x    
frame=55516 fps= 60 q=-0.0 size=  801307KiB time=00:15:25.26 bitrate=7094.5kbits/s dup=1 drop=0 speed=   1x    
frame=55546 fps= 60 q=-0.0 size=  801750KiB time=00:15:25.76 bitrate=7094.6kbits/s dup=1 drop=0 speed=   1x    
frame=55576 fps= 60 q=-0.0 size=  802193KiB time=00:15:26.26 bitrate=7094.7kbits/s dup=1 drop=0 speed=   1x    
frame=55606 fps= 60 q=-0.0 size=  802593KiB time=00:15:26.76 bitrate=7094.4kbits/s dup=1 drop=0 speed=   1x    
frame=55636 fps= 60 q=-0.0 size=  803044KiB time=00:15:27.26 bitrate=7094.5kbits/s dup=1 drop=0 speed=   1x    
frame=55666 fps= 60 q=-0.0 size=  803474KiB time=00:15:27.76 bitrate=7094.5kbits/s dup=1 drop=0 speed=   1x    
frame=55696 fps= 60 q=-0.0 size=  803903KiB time=00:15:28.26 bitrate=7094.5kbits/s dup=1 drop=0 speed=   1x    
frame=55726 fps= 60 q=-0.0 size=  804337KiB time=00:15:28.76 bitrate=7094.5kbits/s dup=1 drop=0 speed=   1x    
frame=55756 fps= 60 q=-0.0 size=  804779KiB time=00:15:29.26 bitrate=7094.6kbits/s dup=1 drop=0 speed=   1x    
frame=55786 fps= 60 q=-0.0 size=  805209KiB time=00:15:29.76 bitrate=7094.5kbits/s dup=1 drop=0 speed=   1x    
frame=55816 fps= 60 q=-0.0 size=  805615KiB time=00:15:30.26 bitrate=7094.3kbits/s dup=1 drop=0 speed=   1x    
frame=55846 fps= 60 q=-0.0 size=  806097KiB time=00:15:30.76 bitrate=7094.7kbits/s dup=1 drop=0 speed=   1x    
frame=55876 fps= 60 q=-0.0 size=  806489KiB time=00:15:31.26 bitrate=7094.4kbits/s dup=1 drop=0 speed=   1x    
frame=55906 fps= 60 q=-0.0 size=  806918KiB time=00:15:31.76 bitrate=7094.3kbits/s dup=1 drop=0 speed=   1x    
frame=55936 fps= 60 q=-0.0 size=  807362KiB time=00:15:32.26 bitrate=7094.4kbits/s dup=1 drop=0 speed=   1x    
frame=55966 fps= 60 q=-0.0 size=  807796KiB time=00:15:32.76 bitrate=7094.5kbits/s dup=1 drop=0 speed=   1x    
frame=55996 fps= 60 q=-0.0 size=  808235KiB time=00:15:33.26 bitrate=7094.5kbits/s dup=1 drop=0 speed=   1x    
frame=56026 fps= 60 q=-0.0 size=  808675KiB time=00:15:33.76 bitrate=7094.6kbits/s dup=1 drop=0 speed=   1x    
frame=56056 fps= 60 q=-0.0 size=  809103KiB time=00:15:34.26 bitrate=7094.5kbits/s dup=1 drop=0 speed=   1x    
frame=56086 fps= 60 q=-0.0 size=  809530KiB time=00:15:34.76 bitrate=7094.5kbits/s dup=1 drop=0 speed=   1x    
frame=56116 fps= 60 q=-0.0 size=  809949KiB time=00:15:35.26 bitrate=7094.3kbits/s dup=1 drop=0 speed=   1x    
frame=56146 fps= 60 q=-0.0 size=  810397KiB time=00:15:35.76 bitrate=7094.5kbits/s dup=1 drop=0 speed=   1x    
frame=56176 fps= 60 q=-0.0 size=  810826KiB time=00:15:36.26 bitrate=7094.4kbits/s dup=1 drop=0 speed=   1x    
frame=56206 fps= 60 q=-0.0 size=  811267KiB time=00:15:36.76 bitrate=7094.5kbits/s dup=1 drop=0 speed=   1x    
frame=56236 fps= 60 q=-0.0 size=  811690KiB time=00:15:37.26 bitrate=7094.4kbits/s dup=1 drop=0 speed=   1x    
frame=56266 fps= 60 q=-0.0 size=  812123KiB time=00:15:37.76 bitrate=7094.4kbits/s dup=1 drop=0 speed=   1x    
frame=56296 fps= 60 q=-0.0 size=  812556KiB time=00:15:38.26 bitrate=7094.4kbits/s dup=1 drop=0 speed=   1x    
frame=56326 fps= 60 q=-0.0 size=  813003KiB time=00:15:38.76 bitrate=7094.5kbits/s dup=1 drop=0 speed=   1x    
frame=56356 fps= 60 q=-0.0 size=  813441KiB time=00:15:39.26 bitrate=7094.6kbits/s dup=1 drop=0 speed=   1x    
frame=56386 fps= 60 q=-0.0 size=  813868KiB time=00:15:39.76 bitrate=7094.5kbits/s dup=1 drop=0 speed=   1x    
frame=56416 fps= 60 q=-0.0 size=  814310KiB time=00:15:40.26 bitrate=7094.6kbits/s dup=1 drop=0 speed=   1x    
frame=56446 fps= 60 q=-0.0 size=  814729KiB time=00:15:40.76 bitrate=7094.5kbits/s dup=1 drop=0 speed=   1x    
frame=56476 fps= 60 q=-0.0 size=  815159KiB time=00:15:41.26 bitrate=7094.5kbits/s dup=1 drop=0 speed=   1x    
frame=56506 fps= 60 q=-0.0 size=  815605KiB time=00:15:41.76 bitrate=7094.6kbits/s dup=1 drop=0 speed=   1x    
frame=56536 fps= 60 q=-0.0 size=  816038KiB time=00:15:42.26 bitrate=7094.6kbits/s dup=1 drop=0 speed=   1x    
frame=56566 fps= 60 q=-0.0 size=  816442KiB time=00:15:42.76 bitrate=7094.3kbits/s dup=1 drop=0 speed=   1x    
frame=56596 fps= 60 q=-0.0 size=  816887KiB time=00:15:43.26 bitrate=7094.4kbits/s dup=1 drop=0 speed=   1x    
frame=56626 fps= 60 q=-0.0 size=  817345KiB time=00:15:43.76 bitrate=7094.6kbits/s dup=1 drop=0 speed=   1x    
frame=56656 fps= 60 q=-0.0 size=  817766KiB time=00:15:44.26 bitrate=7094.5kbits/s dup=1 drop=0 speed=   1x    
frame=56686 fps= 60 q=-0.0 size=  818184KiB time=00:15:44.76 bitrate=7094.4kbits/s dup=1 drop=0 speed=   1x    
frame=56716 fps= 60 q=-0.0 size=  818613KiB time=00:15:45.26 bitrate=7094.4kbits/s dup=1 drop=0 speed=   1x    
frame=56746 fps= 60 q=-0.0 size=  819064KiB time=00:15:45.76 bitrate=7094.5kbits/s dup=1 drop=0 speed=   1x    
frame=56776 fps= 60 q=-0.0 size=  819470KiB time=00:15:46.26 bitrate=7094.3kbits/s dup=1 drop=0 speed=   1x    
frame=56806 fps= 60 q=-0.0 size=  819913KiB time=00:15:46.76 bitrate=7094.4kbits/s dup=1 drop=0 speed=   1x    
frame=56836 fps= 60 q=-0.0 size=  820369KiB time=00:15:47.26 bitrate=7094.6kbits/s dup=1 drop=0 speed=   1x    
frame=56866 fps= 60 q=-0.0 size=  820790KiB time=00:15:47.76 bitrate=7094.5kbits/s dup=1 drop=0 speed=   1x    
frame=56896 fps= 60 q=-0.0 size=  821241KiB time=00:15:48.26 bitrate=7094.6kbits/s dup=1 drop=0 speed=   1x    
frame=56926 fps= 60 q=-0.0 size=  821647KiB time=00:15:48.76 bitrate=7094.4kbits/s dup=1 drop=0 speed=   1x    
frame=56956 fps= 60 q=-0.0 size=  822098KiB time=00:15:49.26 bitrate=7094.6kbits/s dup=1 drop=0 speed=   1x    
frame=56986 fps= 60 q=-0.0 size=  822535KiB time=00:15:49.76 bitrate=7094.6kbits/s dup=1 drop=0 speed=   1x    
frame=57016 fps= 60 q=-0.0 size=  822962KiB time=00:15:50.26 bitrate=7094.5kbits/s dup=1 drop=0 speed=   1x    
frame=57046 fps= 60 q=-0.0 size=  823405KiB time=00:15:50.76 bitrate=7094.6kbits/s dup=1 drop=0 speed=   1x    
frame=57076 fps= 60 q=-0.0 size=  823824KiB time=00:15:51.26 bitrate=7094.5kbits/s dup=1 drop=0 speed=   1x    
frame=57106 fps= 60 q=-0.0 size=  824258KiB time=00:15:51.76 bitrate=7094.5kbits/s dup=1 drop=0 speed=   1x    
frame=57136 fps= 60 q=-0.0 size=  824678KiB time=00:15:52.26 bitrate=7094.4kbits/s dup=1 drop=0 speed=   1x    
frame=57166 fps= 60 q=-0.0 size=  825119KiB time=00:15:52.76 bitrate=7094.5kbits/s dup=1 drop=0 speed=   1x    
frame=57196 fps= 60 q=-0.0 size=  825561KiB time=00:15:53.26 bitrate=7094.6kbits/s dup=1 drop=0 speed=   1x    
frame=57226 fps= 60 q=-0.0 size=  826001KiB time=00:15:53.76 bitrate=7094.6kbits/s dup=1 drop=0 speed=   1x    
frame=57256 fps= 60 q=-0.0 size=  826434KiB time=00:15:54.26 bitrate=7094.6kbits/s dup=1 drop=0 speed=   1x    
frame=57286 fps= 60 q=-0.0 size=  826865KiB time=00:15:54.76 bitrate=7094.6kbits/s dup=1 drop=0 speed=   1x    
frame=57316 fps= 60 q=-0.0 size=  827286KiB time=00:15:55.26 bitrate=7094.5kbits/s dup=1 drop=0 speed=   1x    
frame=57346 fps= 60 q=-0.0 size=  827715KiB time=00:15:55.76 bitrate=7094.4kbits/s dup=1 drop=0 speed=   1x    
frame=57376 fps= 60 q=-0.0 size=  828162KiB time=00:15:56.26 bitrate=7094.6kbits/s dup=1 drop=0 speed=   1x    
frame=57406 fps= 60 q=-0.0 size=  828588KiB time=00:15:56.76 bitrate=7094.5kbits/s dup=1 drop=0 speed=   1x    
frame=57436 fps= 60 q=-0.0 size=  829017KiB time=00:15:57.26 bitrate=7094.5kbits/s dup=1 drop=0 speed=   1x    
frame=57466 fps= 60 q=-0.0 size=  829439KiB time=00:15:57.76 bitrate=7094.4kbits/s dup=1 drop=0 speed=   1x    
frame=57496 fps= 60 q=-0.0 size=  829899KiB time=00:15:58.26 bitrate=7094.6kbits/s dup=1 drop=0 speed=   1x    
frame=57526 fps= 60 q=-0.0 size=  830330KiB time=00:15:58.76 bitrate=7094.6kbits/s dup=1 drop=0 speed=   1x    
frame=57556 fps= 60 q=-0.0 size=  830752KiB time=00:15:59.26 bitrate=7094.5kbits/s dup=1 drop=0 speed=   1x    
frame=57586 fps= 60 q=-0.0 size=  831192KiB time=00:15:59.76 bitrate=7094.6kbits/s dup=1 drop=0 speed=   1x    
frame=57616 fps= 60 q=-0.0 size=  831616KiB time=00:16:00.26 bitrate=7094.5kbits/s dup=1 drop=0 speed=   1x    
frame=57646 fps= 60 q=-0.0 size=  832056KiB time=00:16:00.76 bitrate=7094.5kbits/s dup=1 drop=0 speed=   1x    
frame=57676 fps= 60 q=-0.0 size=  832486KiB time=00:16:01.26 bitrate=7094.5kbits/s dup=1 drop=0 speed=   1x    
frame=57706 fps= 60 q=-0.0 size=  832909KiB time=00:16:01.76 bitrate=7094.4kbits/s dup=1 drop=0 speed=   1x    
frame=57736 fps= 60 q=-0.0 size=  833339KiB time=00:16:02.26 bitrate=7094.4kbits/s dup=1 drop=0 speed=   1x    
frame=57766 fps= 60 q=-0.0 size=  833769KiB time=00:16:02.76 bitrate=7094.4kbits/s dup=1 drop=0 speed=   1x    
frame=57796 fps= 60 q=-0.0 size=  834197KiB time=00:16:03.26 bitrate=7094.3kbits/s dup=1 drop=0 speed=   1x    
frame=57826 fps= 60 q=-0.0 size=  834627KiB time=00:16:03.76 bitrate=7094.3kbits/s dup=1 drop=0 speed=   1x    
frame=57856 fps= 60 q=-0.0 size=  835092KiB time=00:16:04.26 bitrate=7094.6kbits/s dup=1 drop=0 speed=   1x    
frame=57886 fps= 60 q=-0.0 size=  835504KiB time=00:16:04.76 bitrate=7094.4kbits/s dup=1 drop=0 speed=   1x    
frame=57916 fps= 60 q=-0.0 size=  835946KiB time=00:16:05.26 bitrate=7094.5kbits/s dup=1 drop=0 speed=   1x    
frame=57946 fps= 60 q=-0.0 size=  836391KiB time=00:16:05.76 bitrate=7094.6kbits/s dup=1 drop=0 speed=   1x    
frame=57976 fps= 60 q=-0.0 size=  836835KiB time=00:16:06.26 bitrate=7094.7kbits/s dup=1 drop=0 speed=   1x    
frame=58006 fps= 60 q=-0.0 size=  837066KiB time=00:16:06.76 bitrate=7093.0kbits/s dup=1 drop=0 speed=   1x    
frame=58036 fps= 60 q=-0.0 size=  837661KiB time=00:16:07.26 bitrate=7094.3kbits/s dup=1 drop=0 speed=   1x    
frame=58066 fps= 60 q=-0.0 size=  838090KiB time=00:16:07.76 bitrate=7094.3kbits/s dup=1 drop=0 speed=   1x    
frame=58096 fps= 60 q=-0.0 size=  838510KiB time=00:16:08.26 bitrate=7094.2kbits/s dup=1 drop=0 speed=   1x    
frame=58126 fps= 60 q=-0.0 size=  838919KiB time=00:16:08.76 bitrate=7094.0kbits/s dup=1 drop=0 speed=   1x    
frame=58156 fps= 60 q=-0.0 size=  839338KiB time=00:16:09.26 bitrate=7093.9kbits/s dup=1 drop=0 speed=   1x    
frame=58186 fps= 60 q=-0.0 size=  839755KiB time=00:16:09.76 bitrate=7093.7kbits/s dup=1 drop=0 speed=   1x    
frame=58216 fps= 60 q=-0.0 size=  840173KiB time=00:16:10.26 bitrate=7093.6kbits/s dup=1 drop=0 speed=   1x    
frame=58246 fps= 60 q=-0.0 size=  840592KiB time=00:16:10.76 bitrate=7093.5kbits/s dup=1 drop=0 speed=   1x    
frame=58276 fps= 60 q=-0.0 size=  841015KiB time=00:16:11.26 bitrate=7093.4kbits/s dup=1 drop=0 speed=   1x    
frame=58306 fps= 60 q=-0.0 size=  841441KiB time=00:16:11.76 bitrate=7093.4kbits/s dup=1 drop=0 speed=   1x    
frame=58336 fps= 60 q=-0.0 size=  841877KiB time=00:16:12.26 bitrate=7093.4kbits/s dup=1 drop=0 speed=   1x    
frame=58366 fps= 60 q=-0.0 size=  842312KiB time=00:16:12.76 bitrate=7093.4kbits/s dup=1 drop=0 speed=   1x    
frame=58396 fps= 60 q=-0.0 size=  842791KiB time=00:16:13.26 bitrate=7093.8kbits/s dup=1 drop=0 speed=   1x    
frame=58426 fps= 60 q=-0.0 size=  843235KiB time=00:16:13.76 bitrate=7093.9kbits/s dup=1 drop=0 speed=   1x    
frame=58456 fps= 60 q=-0.0 size=  843561KiB time=00:16:14.26 bitrate=7093.0kbits/s dup=1 drop=0 speed=   1x    
frame=58486 fps= 60 q=-0.0 size=  843995KiB time=00:16:14.76 bitrate=7093.0kbits/s dup=1 drop=0 speed=   1x    
frame=58516 fps= 60 q=-0.0 size=  844570KiB time=00:16:15.26 bitrate=7094.2kbits/s dup=1 drop=0 speed=   1x    
frame=58546 fps= 60 q=-0.0 size=  844996KiB time=00:16:15.76 bitrate=7094.1kbits/s dup=1 drop=0 speed=   1x    
frame=58576 fps= 60 q=-0.0 size=  845439KiB time=00:16:16.26 bitrate=7094.2kbits/s dup=1 drop=0 speed=   1x    
frame=58606 fps= 60 q=-0.0 size=  845882KiB time=00:16:16.76 bitrate=7094.3kbits/s dup=1 drop=0 speed=   1x    
frame=58636 fps= 60 q=-0.0 size=  846296KiB time=00:16:17.26 bitrate=7094.1kbits/s dup=1 drop=0 speed=   1x    
frame=58666 fps= 60 q=-0.0 size=  846729KiB time=00:16:17.76 bitrate=7094.1kbits/s dup=1 drop=0 speed=   1x    
frame=58696 fps= 60 q=-0.0 size=  847153KiB time=00:16:18.26 bitrate=7094.1kbits/s dup=1 drop=0 speed=   1x    
frame=58726 fps= 60 q=-0.0 size=  847611KiB time=00:16:18.76 bitrate=7094.3kbits/s dup=1 drop=0 speed=   1x    
frame=58756 fps= 60 q=-0.0 size=  848019KiB time=00:16:19.26 bitrate=7094.1kbits/s dup=1 drop=0 speed=   1x    
frame=58786 fps= 60 q=-0.0 size=  848475KiB time=00:16:19.76 bitrate=7094.2kbits/s dup=1 drop=0 speed=   1x    
frame=58816 fps= 60 q=-0.0 size=  848884KiB time=00:16:20.26 bitrate=7094.0kbits/s dup=1 drop=0 speed=   1x    
frame=58846 fps= 60 q=-0.0 size=  849341KiB time=00:16:20.76 bitrate=7094.2kbits/s dup=1 drop=0 speed=   1x    
frame=58876 fps= 60 q=-0.0 size=  849749KiB time=00:16:21.26 bitrate=7094.0kbits/s dup=1 drop=0 speed=   1x    
frame=58906 fps= 60 q=-0.0 size=  850198KiB time=00:16:21.76 bitrate=7094.2kbits/s dup=1 drop=0 speed=   1x    
frame=58936 fps= 60 q=-0.0 size=  850645KiB time=00:16:22.26 bitrate=7094.3kbits/s dup=1 drop=0 speed=   1x    
frame=58966 fps= 60 q=-0.0 size=  851087KiB time=00:16:22.76 bitrate=7094.4kbits/s dup=1 drop=0 speed=   1x    
frame=58996 fps= 60 q=-0.0 size=  851529KiB time=00:16:23.26 bitrate=7094.4kbits/s dup=1 drop=0 speed=   1x    
frame=59026 fps= 60 q=-0.0 size=  851956KiB time=00:16:23.76 bitrate=7094.4kbits/s dup=1 drop=0 speed=   1x    
frame=59056 fps= 60 q=-0.0 size=  852415KiB time=00:16:24.26 bitrate=7094.6kbits/s dup=1 drop=0 speed=   1x    
frame=59086 fps= 60 q=-0.0 size=  852825KiB time=00:16:24.76 bitrate=7094.4kbits/s dup=1 drop=0 speed=   1x    
frame=59117 fps= 60 q=-0.0 size=  853299KiB time=00:16:25.28 bitrate=7094.6kbits/s dup=1 drop=0 speed=   1x    
frame=59146 fps= 60 q=-0.0 size=  853701KiB time=00:16:25.76 bitrate=7094.5kbits/s dup=1 drop=0 speed=   1x    
frame=59177 fps= 60 q=-0.0 size=  854180KiB time=00:16:26.28 bitrate=7094.8kbits/s dup=1 drop=0 speed=   1x    
frame=59207 fps= 60 q=-0.0 size=  854605KiB time=00:16:26.78 bitrate=7094.7kbits/s dup=1 drop=0 speed=   1x    
frame=59236 fps= 60 q=-0.0 size=  854993KiB time=00:16:27.26 bitrate=7094.4kbits/s dup=1 drop=0 speed=   1x    
frame=59267 fps= 60 q=-0.0 size=  855481KiB time=00:16:27.78 bitrate=7094.8kbits/s dup=1 drop=0 speed=   1x    
frame=59297 fps= 60 q=-0.0 size=  855909KiB time=00:16:28.28 bitrate=7094.7kbits/s dup=1 drop=0 speed=   1x    
frame=59327 fps= 60 q=-0.0 size=  856347KiB time=00:16:28.78 bitrate=7094.8kbits/s dup=1 drop=0 speed=   1x    
frame=59357 fps= 60 q=-0.0 size=  856770KiB time=00:16:29.28 bitrate=7094.7kbits/s dup=1 drop=0 speed=   1x    
frame=59387 fps= 60 q=-0.0 size=  857193KiB time=00:16:29.78 bitrate=7094.6kbits/s dup=1 drop=0 speed=   1x    
frame=59417 fps= 60 q=-0.0 size=  857650KiB time=00:16:30.28 bitrate=7094.8kbits/s dup=1 drop=0 speed=   1x    
frame=59447 fps= 60 q=-0.0 size=  858077KiB time=00:16:30.78 bitrate=7094.8kbits/s dup=1 drop=0 speed=   1x    
frame=59477 fps= 60 q=-0.0 size=  858499KiB time=00:16:31.28 bitrate=7094.7kbits/s dup=1 drop=0 speed=   1x    
frame=59507 fps= 60 q=-0.0 size=  858927KiB time=00:16:31.78 bitrate=7094.6kbits/s dup=1 drop=0 speed=   1x    
frame=59537 fps= 60 q=-0.0 size=  859365KiB time=00:16:32.28 bitrate=7094.7kbits/s dup=1 drop=0 speed=   1x    
frame=59567 fps= 60 q=-0.0 size=  859789KiB time=00:16:32.78 bitrate=7094.6kbits/s dup=1 drop=0 speed=   1x    
frame=59597 fps= 60 q=-0.0 size=  860236KiB time=00:16:33.28 bitrate=7094.7kbits/s dup=1 drop=0 speed=   1x    
frame=59627 fps= 60 q=-0.0 size=  860669KiB time=00:16:33.78 bitrate=7094.7kbits/s dup=1 drop=0 speed=   1x    
frame=59657 fps= 60 q=-0.0 size=  861094KiB time=00:16:34.28 bitrate=7094.6kbits/s dup=1 drop=0 speed=   1x    
frame=59687 fps= 60 q=-0.0 size=  861527KiB time=00:16:34.78 bitrate=7094.6kbits/s dup=1 drop=0 speed=   1x    
frame=59717 fps= 60 q=-0.0 size=  861974KiB time=00:16:35.28 bitrate=7094.8kbits/s dup=1 drop=0 speed=   1x    
frame=59747 fps= 60 q=-0.0 size=  862406KiB time=00:16:35.78 bitrate=7094.7kbits/s dup=1 drop=0 speed=   1x    
frame=59777 fps= 60 q=-0.0 size=  862843KiB time=00:16:36.28 bitrate=7094.8kbits/s dup=1 drop=0 speed=   1x    
frame=59807 fps= 60 q=-0.0 size=  863266KiB time=00:16:36.78 bitrate=7094.7kbits/s dup=1 drop=0 speed=   1x    
frame=59837 fps= 60 q=-0.0 size=  863686KiB time=00:16:37.28 bitrate=7094.6kbits/s dup=1 drop=0 speed=   1x    
frame=59867 fps= 60 q=-0.0 size=  864121KiB time=00:16:37.78 bitrate=7094.6kbits/s dup=1 drop=0 speed=   1x    
frame=59897 fps= 60 q=-0.0 size=  864568KiB time=00:16:38.28 bitrate=7094.7kbits/s dup=1 drop=0 speed=   1x    
frame=59927 fps= 60 q=-0.0 size=  864999KiB time=00:16:38.78 bitrate=7094.7kbits/s dup=1 drop=0 speed=   1x    
frame=59957 fps= 60 q=-0.0 size=  865422KiB time=00:16:39.28 bitrate=7094.6kbits/s dup=1 drop=0 speed=   1x    
frame=59987 fps= 60 q=-0.0 size=  865864KiB time=00:16:39.78 bitrate=7094.7kbits/s dup=1 drop=0 speed=   1x    
frame=60017 fps= 60 q=-0.0 size=  866285KiB time=00:16:40.28 bitrate=7094.6kbits/s dup=1 drop=0 speed=   1x    
frame=60047 fps= 60 q=-0.0 size=  866729KiB time=00:16:40.78 bitrate=7094.7kbits/s dup=1 drop=0 speed=   1x    
frame=60077 fps= 60 q=-0.0 size=  867153KiB time=00:16:41.28 bitrate=7094.6kbits/s dup=1 drop=0 speed=   1x    
frame=60107 fps= 60 q=-0.0 size=  867593KiB time=00:16:41.78 bitrate=7094.7kbits/s dup=1 drop=0 speed=   1x    
frame=60137 fps= 60 q=-0.0 size=  868045KiB time=00:16:42.28 bitrate=7094.8kbits/s dup=1 drop=0 speed=   1x    
frame=60167 fps= 60 q=-0.0 size=  868455KiB time=00:16:42.78 bitrate=7094.6kbits/s dup=1 drop=0 speed=   1x    
frame=60197 fps= 60 q=-0.0 size=  868894KiB time=00:16:43.28 bitrate=7094.7kbits/s dup=1 drop=0 speed=   1x    
frame=60227 fps= 60 q=-0.0 size=  869330KiB time=00:16:43.78 bitrate=7094.7kbits/s dup=1 drop=0 speed=   1x    
frame=60257 fps= 60 q=-0.0 size=  869760KiB time=00:16:44.28 bitrate=7094.7kbits/s dup=1 drop=0 speed=   1x    
frame=60287 fps= 60 q=-0.0 size=  870195KiB time=00:16:44.78 bitrate=7094.7kbits/s dup=1 drop=0 speed=   1x    
frame=60317 fps= 60 q=-0.0 size=  870623KiB time=00:16:45.28 bitrate=7094.7kbits/s dup=1 drop=0 speed=   1x    
frame=60347 fps= 60 q=-0.0 size=  871051KiB time=00:16:45.78 bitrate=7094.6kbits/s dup=1 drop=0 speed=   1x    
frame=60377 fps= 60 q=-0.0 size=  871503KiB time=00:16:46.28 bitrate=7094.8kbits/s dup=1 drop=0 speed=   1x    
frame=60407 fps= 60 q=-0.0 size=  871949KiB time=00:16:46.78 bitrate=7094.9kbits/s dup=1 drop=0 speed=   1x    
frame=60437 fps= 60 q=-0.0 size=  872387KiB time=00:16:47.28 bitrate=7094.9kbits/s dup=1 drop=0 speed=   1x    
frame=60467 fps= 60 q=-0.0 size=  872590KiB time=00:16:47.78 bitrate=7093.0kbits/s dup=1 drop=0 speed=   1x    
frame=60497 fps= 60 q=-0.0 size=  873023KiB time=00:16:48.28 bitrate=7093.0kbits/s dup=1 drop=0 speed=   1x    
frame=60527 fps= 60 q=-0.0 size=  873456KiB time=00:16:48.78 bitrate=7093.1kbits/s dup=1 drop=0 speed=   1x    
frame=60557 fps= 60 q=-0.0 size=  874166KiB time=00:16:49.28 bitrate=7095.3kbits/s dup=1 drop=0 speed=   1x    
frame=60587 fps= 60 q=-0.0 size=  874554KiB time=00:16:49.78 bitrate=7094.9kbits/s dup=1 drop=0 speed=   1x    
frame=60617 fps= 60 q=-0.0 size=  874958KiB time=00:16:50.28 bitrate=7094.7kbits/s dup=1 drop=0 speed=   1x    
frame=60647 fps= 60 q=-0.0 size=  875414KiB time=00:16:50.78 bitrate=7094.9kbits/s dup=1 drop=0 speed=   1x    
frame=60677 fps= 60 q=-0.0 size=  875847KiB time=00:16:51.28 bitrate=7094.9kbits/s dup=1 drop=0 speed=   1x    
frame=60707 fps= 60 q=-0.0 size=  876273KiB time=00:16:51.78 bitrate=7094.8kbits/s dup=1 drop=0 speed=   1x    
frame=60737 fps= 60 q=-0.0 size=  876717KiB time=00:16:52.28 bitrate=7094.9kbits/s dup=1 drop=0 speed=   1x    
frame=60767 fps= 60 q=-0.0 size=  877123KiB time=00:16:52.78 bitrate=7094.7kbits/s dup=1 drop=0 speed=   1x    
frame=60797 fps= 60 q=-0.0 size=  877561KiB time=00:16:53.28 bitrate=7094.7kbits/s dup=1 drop=0 speed=   1x    
frame=60827 fps= 60 q=-0.0 size=  878018KiB time=00:16:53.78 bitrate=7094.9kbits/s dup=1 drop=0 speed=   1x    
frame=60857 fps= 60 q=-0.0 size=  878437KiB time=00:16:54.28 bitrate=7094.8kbits/s dup=1 drop=0 speed=   1x    
frame=60887 fps= 60 q=-0.0 size=  878866KiB time=00:16:54.78 bitrate=7094.8kbits/s dup=1 drop=0 speed=   1x    
frame=60917 fps= 60 q=-0.0 size=  879308KiB time=00:16:55.28 bitrate=7094.9kbits/s dup=1 drop=0 speed=   1x    
frame=60947 fps= 60 q=-0.0 size=  879741KiB time=00:16:55.78 bitrate=7094.9kbits/s dup=1 drop=0 speed=   1x    
frame=60977 fps= 60 q=-0.0 size=  880179KiB time=00:16:56.28 bitrate=7094.9kbits/s dup=1 drop=0 speed=   1x    
frame=61007 fps= 60 q=-0.0 size=  880525KiB time=00:16:56.78 bitrate=7094.2kbits/s dup=1 drop=0 speed=   1x    
frame=61037 fps= 60 q=-0.0 size=  880818KiB time=00:16:57.28 bitrate=7093.1kbits/s dup=1 drop=0 speed=   1x    
frame=61067 fps= 60 q=-0.0 size=  881251KiB time=00:16:57.78 bitrate=7093.1kbits/s dup=1 drop=0 speed=   1x    
frame=61097 fps= 60 q=-0.0 size=  881684KiB time=00:16:58.28 bitrate=7093.1kbits/s dup=1 drop=0 speed=   1x    
frame=61127 fps= 60 q=-0.0 size=  882117KiB time=00:16:58.78 bitrate=7093.1kbits/s dup=1 drop=0 speed=   1x    
frame=61157 fps= 60 q=-0.0 size=  882551KiB time=00:16:59.28 bitrate=7093.1kbits/s dup=1 drop=0 speed=   1x    
frame=61187 fps= 60 q=-0.0 size=  882984KiB time=00:16:59.78 bitrate=7093.1kbits/s dup=1 drop=0 speed=   1x    
frame=61217 fps= 60 q=-0.0 size=  883417KiB time=00:17:00.28 bitrate=7093.1kbits/s dup=1 drop=0 speed=   1x    
frame=61247 fps= 60 q=-0.0 size=  883850KiB time=00:17:00.78 bitrate=7093.1kbits/s dup=1 drop=0 speed=   1x    
frame=61277 fps= 60 q=-0.0 size=  884283KiB time=00:17:01.28 bitrate=7093.1kbits/s dup=1 drop=0 speed=   1x    
frame=61307 fps= 60 q=-0.0 size=  884909KiB time=00:17:01.78 bitrate=7094.6kbits/s dup=1 drop=0 speed=   1x    
frame=61337 fps= 60 q=-0.0 size=  885341KiB time=00:17:02.28 bitrate=7094.6kbits/s dup=1 drop=0 speed=   1x    
frame=61367 fps= 60 q=-0.0 size=  885793KiB time=00:17:02.78 bitrate=7094.8kbits/s dup=1 drop=0 speed=   1x    
frame=61397 fps= 60 q=-0.0 size=  886205KiB time=00:17:03.28 bitrate=7094.6kbits/s dup=1 drop=0 speed=   1x    
frame=61427 fps= 60 q=-0.0 size=  886653KiB time=00:17:03.78 bitrate=7094.7kbits/s dup=1 drop=0 speed=   1x    
frame=61457 fps= 60 q=-0.0 size=  887074KiB time=00:17:04.28 bitrate=7094.6kbits/s dup=1 drop=0 speed=   1x    
frame=61487 fps= 60 q=-0.0 size=  887542KiB time=00:17:04.78 bitrate=7094.9kbits/s dup=1 drop=0 speed=   1x    
frame=61517 fps= 60 q=-0.0 size=  887946KiB time=00:17:05.28 bitrate=7094.7kbits/s dup=1 drop=0 speed=   1x    
frame=61547 fps= 60 q=-0.0 size=  888401KiB time=00:17:05.78 bitrate=7094.9kbits/s dup=1 drop=0 speed=   1x    
frame=61577 fps= 60 q=-0.0 size=  888803KiB time=00:17:06.28 bitrate=7094.6kbits/s dup=1 drop=0 speed=   1x    
frame=61607 fps= 60 q=-0.0 size=  889261KiB time=00:17:06.78 bitrate=7094.8kbits/s dup=1 drop=0 speed=   1x    
frame=61637 fps= 60 q=-0.0 size=  889661KiB time=00:17:07.28 bitrate=7094.5kbits/s dup=1 drop=0 speed=   1x    
frame=61667 fps= 60 q=-0.0 size=  890126KiB time=00:17:07.78 bitrate=7094.8kbits/s dup=1 drop=0 speed=   1x    
frame=61697 fps= 60 q=-0.0 size=  890556KiB time=00:17:08.28 bitrate=7094.8kbits/s dup=1 drop=0 speed=   1x    
frame=61727 fps= 60 q=-0.0 size=  890990KiB time=00:17:08.78 bitrate=7094.8kbits/s dup=1 drop=0 speed=   1x    
frame=61757 fps= 60 q=-0.0 size=  891403KiB time=00:17:09.28 bitrate=7094.6kbits/s dup=1 drop=0 speed=   1x    
frame=61787 fps= 60 q=-0.0 size=  891865KiB time=00:17:09.78 bitrate=7094.8kbits/s dup=1 drop=0 speed=   1x    
frame=61817 fps= 60 q=-0.0 size=  892279KiB time=00:17:10.28 bitrate=7094.7kbits/s dup=1 drop=0 speed=   1x    
frame=61847 fps= 60 q=-0.0 size=  892740KiB time=00:17:10.78 bitrate=7094.9kbits/s dup=1 drop=0 speed=   1x    
frame=61877 fps= 60 q=-0.0 size=  893162KiB time=00:17:11.28 bitrate=7094.8kbits/s dup=1 drop=0 speed=   1x    
frame=61907 fps= 60 q=-0.0 size=  893618KiB time=00:17:11.78 bitrate=7095.0kbits/s dup=1 drop=0 speed=   1x    
frame=61937 fps= 60 q=-0.0 size=  893992KiB time=00:17:12.28 bitrate=7094.5kbits/s dup=1 drop=0 speed=   1x    
frame=61967 fps= 60 q=-0.0 size=  894447KiB time=00:17:12.78 bitrate=7094.7kbits/s dup=1 drop=0 speed=   1x    
frame=61997 fps= 60 q=-0.0 size=  894866KiB time=00:17:13.28 bitrate=7094.6kbits/s dup=1 drop=0 speed=   1x    
frame=62027 fps= 60 q=-0.0 size=  895293KiB time=00:17:13.78 bitrate=7094.6kbits/s dup=1 drop=0 speed=   1x    
frame=62057 fps= 60 q=-0.0 size=  895749KiB time=00:17:14.28 bitrate=7094.7kbits/s dup=1 drop=0 speed=   1x    
frame=62087 fps= 60 q=-0.0 size=  896210KiB time=00:17:14.78 bitrate=7095.0kbits/s dup=1 drop=0 speed=   1x    
frame=62117 fps= 60 q=-0.0 size=  896636KiB time=00:17:15.28 bitrate=7094.9kbits/s dup=1 drop=0 speed=   1x    
frame=62147 fps= 60 q=-0.0 size=  897010KiB time=00:17:15.78 bitrate=7094.4kbits/s dup=1 drop=0 speed=   1x    
frame=62177 fps= 60 q=-0.0 size=  897489KiB time=00:17:16.28 bitrate=7094.8kbits/s dup=1 drop=0 speed=   1x    
frame=62207 fps= 60 q=-0.0 size=  897918KiB time=00:17:16.78 bitrate=7094.8kbits/s dup=1 drop=0 speed=   1x    
frame=62237 fps= 60 q=-0.0 size=  898374KiB time=00:17:17.28 bitrate=7095.0kbits/s dup=1 drop=0 speed=   1x    
frame=62267 fps= 60 q=-0.0 size=  898750KiB time=00:17:17.78 bitrate=7094.5kbits/s dup=1 drop=0 speed=   1x    
frame=62297 fps= 60 q=-0.0 size=  899217KiB time=00:17:18.28 bitrate=7094.8kbits/s dup=1 drop=0 speed=   1x    
frame=62327 fps= 60 q=-0.0 size=  899570KiB time=00:17:18.78 bitrate=7094.1kbits/s dup=1 drop=0 speed=   1x    
frame=62357 fps= 60 q=-0.0 size=  900088KiB time=00:17:19.28 bitrate=7094.8kbits/s dup=1 drop=0 speed=   1x    
frame=62387 fps= 60 q=-0.0 size=  900509KiB time=00:17:19.78 bitrate=7094.7kbits/s dup=1 drop=0 speed=   1x    
frame=62417 fps= 60 q=-0.0 size=  900934KiB time=00:17:20.28 bitrate=7094.7kbits/s dup=1 drop=0 speed=   1x    
frame=62447 fps= 60 q=-0.0 size=  901358KiB time=00:17:20.78 bitrate=7094.6kbits/s dup=1 drop=0 speed=   1x    
frame=62477 fps= 60 q=-0.0 size=  901775KiB time=00:17:21.28 bitrate=7094.5kbits/s dup=1 drop=0 speed=   1x    
frame=62507 fps= 60 q=-0.0 size=  902194KiB time=00:17:21.78 bitrate=7094.3kbits/s dup=1 drop=0 speed=   1x    
frame=62537 fps= 60 q=-0.0 size=  902598KiB time=00:17:22.28 bitrate=7094.1kbits/s dup=1 drop=0 speed=   1x    
frame=62567 fps= 60 q=-0.0 size=  903028KiB time=00:17:22.78 bitrate=7094.1kbits/s dup=1 drop=0 speed=   1x    
frame=62597 fps= 60 q=-0.0 size=  903472KiB time=00:17:23.28 bitrate=7094.2kbits/s dup=1 drop=0 speed=   1x    
frame=62627 fps= 60 q=-0.0 size=  903903KiB time=00:17:23.78 bitrate=7094.2kbits/s dup=1 drop=0 speed=   1x    
frame=62657 fps= 60 q=-0.0 size=  904324KiB time=00:17:24.28 bitrate=7094.1kbits/s dup=1 drop=0 speed=   1x    
frame=62687 fps= 60 q=-0.0 size=  904758KiB time=00:17:24.78 bitrate=7094.1kbits/s dup=1 drop=0 speed=   1x    
frame=62717 fps= 60 q=-0.0 size=  905195KiB time=00:17:25.28 bitrate=7094.1kbits/s dup=1 drop=0 speed=   1x    
frame=62747 fps= 60 q=-0.0 size=  905501KiB time=00:17:25.78 bitrate=7093.1kbits/s dup=1 drop=0 speed=   1x    
frame=62777 fps= 60 q=-0.0 size=  906202KiB time=00:17:26.28 bitrate=7095.2kbits/s dup=1 drop=0 speed=   1x    
frame=62807 fps= 60 q=-0.0 size=  906595KiB time=00:17:26.78 bitrate=7094.9kbits/s dup=1 drop=0 speed=   1x    
frame=62837 fps= 60 q=-0.0 size=  906996KiB time=00:17:27.28 bitrate=7094.6kbits/s dup=1 drop=0 speed=   1x    
frame=62867 fps= 60 q=-0.0 size=  907472KiB time=00:17:27.78 bitrate=7095.0kbits/s dup=1 drop=0 speed=   1x    
frame=62897 fps= 60 q=-0.0 size=  907865KiB time=00:17:28.28 bitrate=7094.7kbits/s dup=1 drop=0 speed=   1x    
frame=62927 fps= 60 q=-0.0 size=  908313KiB time=00:17:28.80 bitrate=7094.7kbits/s dup=1 drop=0 speed=   1x    
frame=62958 fps= 60 q=-0.0 size=  908758KiB time=00:17:29.30 bitrate=7094.8kbits/s dup=1 drop=0 speed=   1x    
frame=62988 fps= 60 q=-0.0 size=  909212KiB time=00:17:29.80 bitrate=7094.9kbits/s dup=1 drop=0 speed=   1x    
frame=63017 fps= 60 q=-0.0 size=  909617KiB time=00:17:30.28 bitrate=7094.8kbits/s dup=1 drop=0 speed=   1x    
frame=63048 fps= 60 q=-0.0 size=  910045KiB time=00:17:30.80 bitrate=7094.7kbits/s dup=1 drop=0 speed=   1x    
frame=63078 fps= 60 q=-0.0 size=  910487KiB time=00:17:31.30 bitrate=7094.8kbits/s dup=1 drop=0 speed=   1x    
frame=63108 fps= 60 q=-0.0 size=  910947KiB time=00:17:31.80 bitrate=7095.0kbits/s dup=1 drop=0 speed=   1x    
frame=63138 fps= 60 q=-0.0 size=  911361KiB time=00:17:32.30 bitrate=7094.8kbits/s dup=1 drop=0 speed=   1x    
frame=63168 fps= 60 q=-0.0 size=  911841KiB time=00:17:32.80 bitrate=7095.2kbits/s dup=1 drop=0 speed=   1x    
frame=63198 fps= 60 q=-0.0 size=  912216KiB time=00:17:33.30 bitrate=7094.7kbits/s dup=1 drop=0 speed=   1x    
frame=63228 fps= 60 q=-0.0 size=  912646KiB time=00:17:33.80 bitrate=7094.7kbits/s dup=1 drop=0 speed=   1x    
frame=63258 fps= 60 q=-0.0 size=  913093KiB time=00:17:34.30 bitrate=7094.8kbits/s dup=1 drop=0 speed=   1x    
frame=63288 fps= 60 q=-0.0 size=  913501KiB time=00:17:34.80 bitrate=7094.6kbits/s dup=1 drop=0 speed=   1x    
frame=63318 fps= 60 q=-0.0 size=  913955KiB time=00:17:35.30 bitrate=7094.8kbits/s dup=1 drop=0 speed=   1x    
frame=63348 fps= 60 q=-0.0 size=  914381KiB time=00:17:35.80 bitrate=7094.7kbits/s dup=1 drop=0 speed=   1x    
frame=63378 fps= 60 q=-0.0 size=  914829KiB time=00:17:36.30 bitrate=7094.8kbits/s dup=1 drop=0 speed=   1x    
frame=63408 fps= 60 q=-0.0 size=  915250KiB time=00:17:36.80 bitrate=7094.7kbits/s dup=1 drop=0 speed=   1x    
frame=63438 fps= 60 q=-0.0 size=  915674KiB time=00:17:37.30 bitrate=7094.7kbits/s dup=1 drop=0 speed=   1x    
frame=63468 fps= 60 q=-0.0 size=  916110KiB time=00:17:37.80 bitrate=7094.7kbits/s dup=1 drop=0 speed=   1x    
frame=63498 fps= 60 q=-0.0 size=  916548KiB time=00:17:38.30 bitrate=7094.7kbits/s dup=1 drop=0 speed=   1x    
frame=63528 fps= 60 q=-0.0 size=  916970KiB time=00:17:38.80 bitrate=7094.7kbits/s dup=1 drop=0 speed=   1x    
frame=63558 fps= 60 q=-0.0 size=  917407KiB time=00:17:39.30 bitrate=7094.7kbits/s dup=1 drop=0 speed=   1x    
frame=63588 fps= 60 q=-0.0 size=  917843KiB time=00:17:39.80 bitrate=7094.7kbits/s dup=1 drop=0 speed=   1x    
frame=63618 fps= 60 q=-0.0 size=  918283KiB time=00:17:40.30 bitrate=7094.8kbits/s dup=1 drop=0 speed=   1x    
frame=63648 fps= 60 q=-0.0 size=  918714KiB time=00:17:40.80 bitrate=7094.7kbits/s dup=1 drop=0 speed=   1x    
frame=63678 fps= 60 q=-0.0 size=  919135KiB time=00:17:41.30 bitrate=7094.7kbits/s dup=1 drop=0 speed=   1x    
frame=63708 fps= 60 q=-0.0 size=  919569KiB time=00:17:41.80 bitrate=7094.7kbits/s dup=1 drop=0 speed=   1x    
frame=63738 fps= 60 q=-0.0 size=  920001KiB time=00:17:42.30 bitrate=7094.7kbits/s dup=1 drop=0 speed=   1x    
frame=63768 fps= 60 q=-0.0 size=  920435KiB time=00:17:42.80 bitrate=7094.7kbits/s dup=1 drop=0 speed=   1x    
frame=63798 fps= 60 q=-0.0 size=  920852KiB time=00:17:43.30 bitrate=7094.5kbits/s dup=1 drop=0 speed=   1x    
frame=63828 fps= 60 q=-0.0 size=  921319KiB time=00:17:43.80 bitrate=7094.8kbits/s dup=1 drop=0 speed=   1x    
frame=63858 fps= 60 q=-0.0 size=  921740KiB time=00:17:44.30 bitrate=7094.7kbits/s dup=1 drop=0 speed=   1x    
frame=63888 fps= 60 q=-0.0 size=  922194KiB time=00:17:44.80 bitrate=7094.9kbits/s dup=1 drop=0 speed=   1x    
frame=63918 fps= 60 q=-0.0 size=  922599KiB time=00:17:45.30 bitrate=7094.6kbits/s dup=1 drop=0 speed=   1x    
frame=63948 fps= 60 q=-0.0 size=  923042KiB time=00:17:45.80 bitrate=7094.7kbits/s dup=1 drop=0 speed=   1x    
frame=63978 fps= 60 q=-0.0 size=  923464KiB time=00:17:46.30 bitrate=7094.6kbits/s dup=1 drop=0 speed=   1x    
frame=64008 fps= 60 q=-0.0 size=  923907KiB time=00:17:46.80 bitrate=7094.7kbits/s dup=1 drop=0 speed=   1x    
frame=64038 fps= 60 q=-0.0 size=  924339KiB time=00:17:47.30 bitrate=7094.7kbits/s dup=1 drop=0 speed=   1x    
frame=64068 fps= 60 q=-0.0 size=  924784KiB time=00:17:47.80 bitrate=7094.8kbits/s dup=1 drop=0 speed=   1x    
frame=64098 fps= 60 q=-0.0 size=  925200KiB time=00:17:48.30 bitrate=7094.7kbits/s dup=1 drop=0 speed=   1x    
frame=64128 fps= 60 q=-0.0 size=  925639KiB time=00:17:48.80 bitrate=7094.7kbits/s dup=1 drop=0 speed=   1x    
frame=64158 fps= 60 q=-0.0 size=  926060KiB time=00:17:49.30 bitrate=7094.6kbits/s dup=1 drop=0 speed=   1x    
frame=64188 fps= 60 q=-0.0 size=  926494KiB time=00:17:49.80 bitrate=7094.6kbits/s dup=1 drop=0 speed=   1x    
frame=64218 fps= 60 q=-0.0 size=  926922KiB time=00:17:50.30 bitrate=7094.6kbits/s dup=1 drop=0 speed=   1x    
frame=64248 fps= 60 q=-0.0 size=  927360KiB time=00:17:50.80 bitrate=7094.6kbits/s dup=1 drop=0 speed=   1x    
frame=64278 fps= 60 q=-0.0 size=  927802KiB time=00:17:51.30 bitrate=7094.7kbits/s dup=1 drop=0 speed=   1x    
frame=64308 fps= 60 q=-0.0 size=  928231KiB time=00:17:51.80 bitrate=7094.7kbits/s dup=1 drop=0 speed=   1x    
frame=64338 fps= 60 q=-0.0 size=  928658KiB time=00:17:52.30 bitrate=7094.6kbits/s dup=1 drop=0 speed=   1x    
frame=64368 fps= 60 q=-0.0 size=  929094KiB time=00:17:52.80 bitrate=7094.7kbits/s dup=1 drop=0 speed=   1x    
frame=64398 fps= 60 q=-0.0 size=  929536KiB time=00:17:53.30 bitrate=7094.7kbits/s dup=1 drop=0 speed=   1x    
frame=64428 fps= 60 q=-0.0 size=  929978KiB time=00:17:53.80 bitrate=7094.8kbits/s dup=1 drop=0 speed=   1x    
frame=64458 fps= 60 q=-0.0 size=  930392KiB time=00:17:54.30 bitrate=7094.6kbits/s dup=1 drop=0 speed=   1x    
frame=64488 fps= 60 q=-0.0 size=  930827KiB time=00:17:54.80 bitrate=7094.7kbits/s dup=1 drop=0 speed=   1x    
frame=64518 fps= 60 q=-0.0 size=  931258KiB time=00:17:55.30 bitrate=7094.6kbits/s dup=1 drop=0 speed=   1x    
frame=64548 fps= 60 q=-0.0 size=  931701KiB time=00:17:55.80 bitrate=7094.7kbits/s dup=1 drop=0 speed=   1x    
frame=64578 fps= 60 q=-0.0 size=  932137KiB time=00:17:56.30 bitrate=7094.7kbits/s dup=1 drop=0 speed=   1x    
frame=64608 fps= 60 q=-0.0 size=  932569KiB time=00:17:56.80 bitrate=7094.7kbits/s dup=1 drop=0 speed=   1x    
frame=64638 fps= 60 q=-0.0 size=  933006KiB time=00:17:57.30 bitrate=7094.8kbits/s dup=1 drop=0 speed=   1x    
frame=64668 fps= 60 q=-0.0 size=  933412KiB time=00:17:57.80 bitrate=7094.6kbits/s dup=1 drop=0 speed=   1x    
frame=64698 fps= 60 q=-0.0 size=  933865KiB time=00:17:58.30 bitrate=7094.7kbits/s dup=1 drop=0 speed=   1x    
frame=64728 fps= 60 q=-0.0 size=  934305KiB time=00:17:58.80 bitrate=7094.8kbits/s dup=1 drop=0 speed=   1x    
frame=64758 fps= 60 q=-0.0 size=  934725KiB time=00:17:59.30 bitrate=7094.7kbits/s dup=1 drop=0 speed=   1x    
frame=64788 fps= 60 q=-0.0 size=  935167KiB time=00:17:59.80 bitrate=7094.7kbits/s dup=1 drop=0 speed=   1x    
frame=64818 fps= 60 q=-0.0 size=  935394KiB time=00:18:00.30 bitrate=7093.2kbits/s dup=1 drop=0 speed=   1x    
frame=64848 fps= 60 q=-0.0 size=  935999KiB time=00:18:00.80 bitrate=7094.5kbits/s dup=1 drop=0 speed=   1x    
frame=64878 fps= 60 q=-0.0 size=  936486KiB time=00:18:01.30 bitrate=7094.9kbits/s dup=1 drop=0 speed=   1x    
frame=64908 fps= 60 q=-0.0 size=  936881KiB time=00:18:01.80 bitrate=7094.6kbits/s dup=1 drop=0 speed=   1x    
frame=64938 fps= 60 q=-0.0 size=  937305KiB time=00:18:02.30 bitrate=7094.5kbits/s dup=1 drop=0 speed=   1x    
frame=64968 fps= 60 q=-0.0 size=  937721KiB time=00:18:02.80 bitrate=7094.4kbits/s dup=1 drop=0 speed=   1x    
frame=64998 fps= 60 q=-0.0 size=  938136KiB time=00:18:03.30 bitrate=7094.3kbits/s dup=1 drop=0 speed=   1x    
frame=65028 fps= 60 q=-0.0 size=  938549KiB time=00:18:03.80 bitrate=7094.1kbits/s dup=1 drop=0 speed=   1x    
frame=65058 fps= 60 q=-0.0 size=  938980KiB time=00:18:04.30 bitrate=7094.1kbits/s dup=1 drop=0 speed=   1x    
frame=65088 fps= 60 q=-0.0 size=  939398KiB time=00:18:04.80 bitrate=7094.0kbits/s dup=1 drop=0 speed=   1x    
frame=65118 fps= 60 q=-0.0 size=  939851KiB time=00:18:05.30 bitrate=7094.1kbits/s dup=1 drop=0 speed=   1x    
frame=65148 fps= 60 q=-0.0 size=  940290KiB time=00:18:05.80 bitrate=7094.2kbits/s dup=1 drop=0 speed=   1x    
frame=65178 fps= 60 q=-0.0 size=  940720KiB time=00:18:06.30 bitrate=7094.1kbits/s dup=1 drop=0 speed=   1x    
frame=65208 fps= 60 q=-0.0 size=  941136KiB time=00:18:06.80 bitrate=7094.0kbits/s dup=1 drop=0 speed=   1x    
frame=65238 fps= 60 q=-0.0 size=  941636KiB time=00:18:07.30 bitrate=7094.5kbits/s dup=1 drop=0 speed=   1x    
frame=65268 fps= 60 q=-0.0 size=  941890KiB time=00:18:07.80 bitrate=7093.2kbits/s dup=1 drop=0 speed=   1x    
frame=65298 fps= 60 q=-0.0 size=  942597KiB time=00:18:08.30 bitrate=7095.2kbits/s dup=1 drop=0 speed=   1x    
frame=65328 fps= 60 q=-0.0 size=  942948KiB time=00:18:08.80 bitrate=7094.6kbits/s dup=1 drop=0 speed=   1x    
frame=65358 fps= 60 q=-0.0 size=  943392KiB time=00:18:09.30 bitrate=7094.7kbits/s dup=1 drop=0 speed=   1x    
frame=65388 fps= 60 q=-0.0 size=  943814KiB time=00:18:09.80 bitrate=7094.6kbits/s dup=1 drop=0 speed=   1x    
frame=65418 fps= 60 q=-0.0 size=  944258KiB time=00:18:10.30 bitrate=7094.7kbits/s dup=1 drop=0 speed=   1x    
frame=65448 fps= 60 q=-0.0 size=  944674KiB time=00:18:10.80 bitrate=7094.6kbits/s dup=1 drop=0 speed=   1x    
frame=65478 fps= 60 q=-0.0 size=  945126KiB time=00:18:11.30 bitrate=7094.7kbits/s dup=1 drop=0 speed=   1x    
frame=65508 fps= 60 q=-0.0 size=  945542KiB time=00:18:11.80 bitrate=7094.6kbits/s dup=1 drop=0 speed=   1x    
frame=65538 fps= 60 q=-0.0 size=  945993KiB time=00:18:12.30 bitrate=7094.7kbits/s dup=1 drop=0 speed=   1x    
frame=65568 fps= 60 q=-0.0 size=  946409KiB time=00:18:12.80 bitrate=7094.6kbits/s dup=1 drop=0 speed=   1x    
frame=65598 fps= 60 q=-0.0 size=  946871KiB time=00:18:13.30 bitrate=7094.8kbits/s dup=1 drop=0 speed=   1x    
frame=65628 fps= 60 q=-0.0 size=  947313KiB time=00:18:13.80 bitrate=7094.9kbits/s dup=1 drop=0 speed=   1x    
frame=65658 fps= 60 q=-0.0 size=  947736KiB time=00:18:14.30 bitrate=7094.8kbits/s dup=1 drop=0 speed=   1x    
frame=65688 fps= 60 q=-0.0 size=  948180KiB time=00:18:14.80 bitrate=7094.9kbits/s dup=1 drop=0 speed=   1x    
frame=65718 fps= 60 q=-0.0 size=  948575KiB time=00:18:15.30 bitrate=7094.6kbits/s dup=1 drop=0 speed=   1x    
frame=65748 fps= 60 q=-0.0 size=  949026KiB time=00:18:15.80 bitrate=7094.7kbits/s dup=1 drop=0 speed=   1x    
frame=65778 fps= 60 q=-0.0 size=  949449KiB time=00:18:16.30 bitrate=7094.7kbits/s dup=1 drop=0 speed=   1x    
frame=65808 fps= 60 q=-0.0 size=  949905KiB time=00:18:16.80 bitrate=7094.8kbits/s dup=1 drop=0 speed=   1x    
frame=65838 fps= 60 q=-0.0 size=  950326KiB time=00:18:17.30 bitrate=7094.7kbits/s dup=1 drop=0 speed=   1x    
frame=65868 fps= 60 q=-0.0 size=  950758KiB time=00:18:17.80 bitrate=7094.7kbits/s dup=1 drop=0 speed=   1x    
frame=65898 fps= 60 q=-0.0 size=  951205KiB time=00:18:18.30 bitrate=7094.8kbits/s dup=1 drop=0 speed=   1x    
frame=65928 fps= 60 q=-0.0 size=  951627KiB time=00:18:18.80 bitrate=7094.8kbits/s dup=1 drop=0 speed=   1x    
frame=65958 fps= 60 q=-0.0 size=  952041KiB time=00:18:19.30 bitrate=7094.6kbits/s dup=1 drop=0 speed=   1x    
frame=65988 fps= 60 q=-0.0 size=  952489KiB time=00:18:19.80 bitrate=7094.7kbits/s dup=1 drop=0 speed=   1x    
frame=66018 fps= 60 q=-0.0 size=  952929KiB time=00:18:20.30 bitrate=7094.8kbits/s dup=1 drop=0 speed=   1x    
frame=66048 fps= 60 q=-0.0 size=  953333KiB time=00:18:20.80 bitrate=7094.6kbits/s dup=1 drop=0 speed=   1x    
frame=66078 fps= 60 q=-0.0 size=  953768KiB time=00:18:21.30 bitrate=7094.6kbits/s dup=1 drop=0 speed=   1x    
frame=66108 fps= 60 q=-0.0 size=  954208KiB time=00:18:21.80 bitrate=7094.6kbits/s dup=1 drop=0 speed=   1x    
frame=66138 fps= 60 q=-0.0 size=  954663KiB time=00:18:22.30 bitrate=7094.8kbits/s dup=1 drop=0 speed=   1x    
frame=66168 fps= 60 q=-0.0 size=  955077KiB time=00:18:22.80 bitrate=7094.7kbits/s dup=1 drop=0 speed=   1x    
frame=66198 fps= 60 q=-0.0 size=  955514KiB time=00:18:23.30 bitrate=7094.7kbits/s dup=1 drop=0 speed=   1x    
frame=66228 fps= 60 q=-0.0 size=  955964KiB time=00:18:23.80 bitrate=7094.8kbits/s dup=1 drop=0 speed=   1x    
frame=66258 fps= 60 q=-0.0 size=  956363KiB time=00:18:24.30 bitrate=7094.6kbits/s dup=1 drop=0 speed=   1x    
frame=66288 fps= 60 q=-0.0 size=  956813KiB time=00:18:24.80 bitrate=7094.7kbits/s dup=1 drop=0 speed=   1x    
frame=66318 fps= 60 q=-0.0 size=  957261KiB time=00:18:25.30 bitrate=7094.8kbits/s dup=1 drop=0 speed=   1x    
frame=66348 fps= 60 q=-0.0 size=  957668KiB time=00:18:25.80 bitrate=7094.6kbits/s dup=1 drop=0 speed=   1x    
frame=66378 fps= 60 q=-0.0 size=  958093KiB time=00:18:26.30 bitrate=7094.5kbits/s dup=1 drop=0 speed=   1x    
frame=66408 fps= 60 q=-0.0 size=  958544KiB time=00:18:26.80 bitrate=7094.7kbits/s dup=1 drop=0 speed=   1x    
frame=66438 fps= 60 q=-0.0 size=  959001KiB time=00:18:27.30 bitrate=7094.9kbits/s dup=1 drop=0 speed=   1x    
frame=66468 fps= 60 q=-0.0 size=  959439KiB time=00:18:27.80 bitrate=7094.9kbits/s dup=1 drop=0 speed=   1x    
frame=66498 fps= 60 q=-0.0 size=  959846KiB time=00:18:28.30 bitrate=7094.7kbits/s dup=1 drop=0 speed=   1x    
frame=66528 fps= 60 q=-0.0 size=  960296KiB time=00:18:28.80 bitrate=7094.8kbits/s dup=1 drop=0 speed=   1x    
frame=66558 fps= 60 q=-0.0 size=  960724KiB time=00:18:29.30 bitrate=7094.8kbits/s dup=1 drop=0 speed=   1x    
frame=66588 fps= 60 q=-0.0 size=  961159KiB time=00:18:29.80 bitrate=7094.8kbits/s dup=1 drop=0 speed=   1x    
frame=66618 fps= 60 q=-0.0 size=  961568KiB time=00:18:30.30 bitrate=7094.6kbits/s dup=1 drop=0 speed=   1x    
frame=66648 fps= 60 q=-0.0 size=  962000KiB time=00:18:30.80 bitrate=7094.6kbits/s dup=1 drop=0 speed=   1x    
frame=66679 fps= 60 q=-0.0 size=  962460KiB time=00:18:31.31 bitrate=7094.7kbits/s dup=1 drop=0 speed=   1x    
frame=66709 fps= 60 q=-0.0 size=  962882KiB time=00:18:31.81 bitrate=7094.6kbits/s dup=1 drop=0 speed=   1x    
frame=66738 fps= 60 q=-0.0 size=  963313KiB time=00:18:32.30 bitrate=7094.7kbits/s dup=1 drop=0 speed=   1x    
frame=66768 fps= 60 q=-0.0 size=  963771KiB time=00:18:32.80 bitrate=7094.9kbits/s dup=1 drop=0 speed=   1x    
frame=66798 fps= 60 q=-0.0 size=  964179KiB time=00:18:33.30 bitrate=7094.7kbits/s dup=1 drop=0 speed=   1x    
frame=66829 fps= 60 q=-0.0 size=  964638KiB time=00:18:33.81 bitrate=7094.8kbits/s dup=1 drop=0 speed=   1x    
frame=66858 fps= 60 q=-0.0 size=  965048KiB time=00:18:34.30 bitrate=7094.7kbits/s dup=1 drop=0 speed=   1x    
frame=66888 fps= 60 q=-0.0 size=  965481KiB time=00:18:34.80 bitrate=7094.7kbits/s dup=1 drop=0 speed=   1x    
frame=66919 fps= 60 q=-0.0 size=  965907KiB time=00:18:35.31 bitrate=7094.6kbits/s dup=1 drop=0 speed=   1x    
frame=66949 fps= 60 q=-0.0 size=  966344KiB time=00:18:35.81 bitrate=7094.6kbits/s dup=1 drop=0 speed=   1x    
frame=66979 fps= 60 q=-0.0 size=  966764KiB time=00:18:36.31 bitrate=7094.5kbits/s dup=1 drop=0 speed=   1x    
frame=67009 fps= 60 q=-0.0 size=  967218KiB time=00:18:36.81 bitrate=7094.7kbits/s dup=1 drop=0 speed=   1x    
frame=67039 fps= 60 q=-0.0 size=  967646KiB time=00:18:37.31 bitrate=7094.6kbits/s dup=1 drop=0 speed=   1x    
frame=67069 fps= 60 q=-0.0 size=  968085KiB time=00:18:37.81 bitrate=7094.7kbits/s dup=1 drop=0 speed=   1x    
frame=67099 fps= 60 q=-0.0 size=  968513KiB time=00:18:38.31 bitrate=7094.6kbits/s dup=1 drop=0 speed=   1x    
frame=67129 fps= 60 q=-0.0 size=  968947KiB time=00:18:38.81 bitrate=7094.7kbits/s dup=1 drop=0 speed=   1x    
frame=67159 fps= 60 q=-0.0 size=  969355KiB time=00:18:39.31 bitrate=7094.5kbits/s dup=1 drop=0 speed=   1x    
frame=67189 fps= 60 q=-0.0 size=  969821KiB time=00:18:39.81 bitrate=7094.7kbits/s dup=1 drop=0 speed=   1x    
frame=67219 fps= 60 q=-0.0 size=  970252KiB time=00:18:40.31 bitrate=7094.7kbits/s dup=1 drop=0 speed=   1x    
frame=67249 fps= 60 q=-0.0 size=  970680KiB time=00:18:40.81 bitrate=7094.7kbits/s dup=1 drop=0 speed=   1x    
frame=67279 fps= 60 q=-0.0 size=  971132KiB time=00:18:41.31 bitrate=7094.8kbits/s dup=1 drop=0 speed=   1x    
frame=67309 fps= 60 q=-0.0 size=  971448KiB time=00:18:41.81 bitrate=7093.9kbits/s dup=1 drop=0 speed=   1x    
frame=67339 fps= 60 q=-0.0 size=  971783KiB time=00:18:42.31 bitrate=7093.2kbits/s dup=1 drop=0 speed=   1x    
frame=67369 fps= 60 q=-0.0 size=  972682KiB time=00:18:42.81 bitrate=7096.6kbits/s dup=1 drop=0 speed=   1x    
frame=67399 fps= 60 q=-0.0 size=  972874KiB time=00:18:43.31 bitrate=7094.9kbits/s dup=1 drop=0 speed=   1x    
frame=67429 fps= 60 q=-0.0 size=  973293KiB time=00:18:43.81 bitrate=7094.8kbits/s dup=1 drop=0 speed=   1x    
frame=67459 fps= 60 q=-0.0 size=  973727KiB time=00:18:44.31 bitrate=7094.8kbits/s dup=1 drop=0 speed=   1x    
frame=67489 fps= 60 q=-0.0 size=  974179KiB time=00:18:44.81 bitrate=7094.9kbits/s dup=1 drop=0 speed=   1x    
frame=67519 fps= 60 q=-0.0 size=  974589KiB time=00:18:45.31 bitrate=7094.7kbits/s dup=1 drop=0 speed=   1x    
frame=67549 fps= 60 q=-0.0 size=  975015KiB time=00:18:45.81 bitrate=7094.7kbits/s dup=1 drop=0 speed=   1x    
frame=67579 fps= 60 q=-0.0 size=  975443KiB time=00:18:46.31 bitrate=7094.7kbits/s dup=1 drop=0 speed=   1x    
frame=67609 fps= 60 q=-0.0 size=  975891KiB time=00:18:46.81 bitrate=7094.8kbits/s dup=1 drop=0 speed=   1x    
frame=67639 fps= 60 q=-0.0 size=  976324KiB time=00:18:47.31 bitrate=7094.8kbits/s dup=1 drop=0 speed=   1x    
frame=67669 fps= 60 q=-0.0 size=  976761KiB time=00:18:47.81 bitrate=7094.8kbits/s dup=1 drop=0 speed=   1x    
frame=67699 fps= 60 q=-0.0 size=  977188KiB time=00:18:48.31 bitrate=7094.8kbits/s dup=1 drop=0 speed=   1x    
frame=67729 fps= 60 q=-0.0 size=  977610KiB time=00:18:48.81 bitrate=7094.7kbits/s dup=1 drop=0 speed=   1x    
frame=67759 fps= 60 q=-0.0 size=  978052KiB time=00:18:49.31 bitrate=7094.7kbits/s dup=1 drop=0 speed=   1x    
frame=67789 fps= 60 q=-0.0 size=  978474KiB time=00:18:49.81 bitrate=7094.7kbits/s dup=1 drop=0 speed=   1x    
frame=67819 fps= 60 q=-0.0 size=  978834KiB time=00:18:50.31 bitrate=7094.1kbits/s dup=1 drop=0 speed=   1x    
frame=67849 fps= 60 q=-0.0 size=  979145KiB time=00:18:50.81 bitrate=7093.2kbits/s dup=1 drop=0 speed=   1x    
frame=67879 fps= 60 q=-0.0 size=  979578KiB time=00:18:51.31 bitrate=7093.2kbits/s dup=1 drop=0 speed=   1x    
frame=67909 fps= 60 q=-0.0 size=  980011KiB time=00:18:51.81 bitrate=7093.2kbits/s dup=1 drop=0 speed=   1x    
frame=67939 fps= 60 q=-0.0 size=  980444KiB time=00:18:52.31 bitrate=7093.2kbits/s dup=1 drop=0 speed=   1x    
frame=67969 fps= 60 q=-0.0 size=  980877KiB time=00:18:52.81 bitrate=7093.2kbits/s dup=1 drop=0 speed=   1x    
frame=67999 fps= 60 q=-0.0 size=  981311KiB time=00:18:53.31 bitrate=7093.2kbits/s dup=1 drop=0 speed=   1x    
frame=68029 fps= 60 q=-0.0 size=  981744KiB time=00:18:53.81 bitrate=7093.2kbits/s dup=1 drop=0 speed=   1x    
frame=68059 fps= 60 q=-0.0 size=  982177KiB time=00:18:54.31 bitrate=7093.2kbits/s dup=1 drop=0 speed=   1x    
frame=68089 fps= 60 q=-0.0 size=  982610KiB time=00:18:54.81 bitrate=7093.2kbits/s dup=1 drop=0 speed=   1x    
frame=68119 fps= 60 q=-0.0 size=  983043KiB time=00:18:55.31 bitrate=7093.3kbits/s dup=1 drop=0 speed=   1x    
frame=68149 fps= 60 q=-0.0 size=  983486KiB time=00:18:55.81 bitrate=7093.3kbits/s dup=1 drop=0 speed=   1x    
frame=68179 fps= 60 q=-0.0 size=  983912KiB time=00:18:56.31 bitrate=7093.3kbits/s dup=1 drop=0 speed=   1x    
frame=68209 fps= 60 q=-0.0 size=  984398KiB time=00:18:56.81 bitrate=7093.7kbits/s dup=1 drop=0 speed=   1x    
frame=68239 fps= 60 q=-0.0 size=  984883KiB time=00:18:57.31 bitrate=7094.0kbits/s dup=1 drop=0 speed=   1x    
frame=68269 fps= 60 q=-0.0 size=  985282KiB time=00:18:57.81 bitrate=7093.8kbits/s dup=1 drop=0 speed=   1x    
frame=68299 fps= 60 q=-0.0 size=  985766KiB time=00:18:58.31 bitrate=7094.2kbits/s dup=1 drop=0 speed=   1x    
frame=68329 fps= 60 q=-0.0 size=  986241KiB time=00:18:58.81 bitrate=7094.5kbits/s dup=1 drop=0 speed=   1x    
frame=68359 fps= 60 q=-0.0 size=  986698KiB time=00:18:59.31 bitrate=7094.6kbits/s dup=1 drop=0 speed=   1x    
frame=68389 fps= 60 q=-0.0 size=  987137KiB time=00:18:59.81 bitrate=7094.7kbits/s dup=1 drop=0 speed=   1x    
frame=68419 fps= 60 q=-0.0 size=  987576KiB time=00:19:00.31 bitrate=7094.7kbits/s dup=1 drop=0 speed=   1x    
frame=68449 fps= 60 q=-0.0 size=  987996KiB time=00:19:00.81 bitrate=7094.6kbits/s dup=1 drop=0 speed=   1x    
frame=68479 fps= 60 q=-0.0 size=  988426KiB time=00:19:01.31 bitrate=7094.6kbits/s dup=1 drop=0 speed=   1x    
frame=68509 fps= 60 q=-0.0 size=  988873KiB time=00:19:01.81 bitrate=7094.7kbits/s dup=1 drop=0 speed=   1x    
frame=68539 fps= 60 q=-0.0 size=  989306KiB time=00:19:02.31 bitrate=7094.7kbits/s dup=1 drop=0 speed=   1x    
frame=68569 fps= 60 q=-0.0 size=  989756KiB time=00:19:02.81 bitrate=7094.8kbits/s dup=1 drop=0 speed=   1x    
frame=68599 fps= 60 q=-0.0 size=  990166KiB time=00:19:03.31 bitrate=7094.7kbits/s dup=1 drop=0 speed=   1x    
frame=68629 fps= 60 q=-0.0 size=  990626KiB time=00:19:03.81 bitrate=7094.8kbits/s dup=1 drop=0 speed=   1x    
frame=68659 fps= 60 q=-0.0 size=  991015KiB time=00:19:04.31 bitrate=7094.5kbits/s dup=1 drop=0 speed=   1x    
frame=68689 fps= 60 q=-0.0 size=  991484KiB time=00:19:04.81 bitrate=7094.8kbits/s dup=1 drop=0 speed=   1x    
frame=68719 fps= 60 q=-0.0 size=  991901KiB time=00:19:05.31 bitrate=7094.7kbits/s dup=1 drop=0 speed=   1x    
frame=68749 fps= 60 q=-0.0 size=  992355KiB time=00:19:05.81 bitrate=7094.8kbits/s dup=1 drop=0 speed=   1x    
frame=68779 fps= 60 q=-0.0 size=  992783KiB time=00:19:06.31 bitrate=7094.8kbits/s dup=1 drop=0 speed=   1x    
frame=68809 fps= 60 q=-0.0 size=  993212KiB time=00:19:06.81 bitrate=7094.8kbits/s dup=1 drop=0 speed=   1x    
frame=68839 fps= 60 q=-0.0 size=  993623KiB time=00:19:07.31 bitrate=7094.6kbits/s dup=1 drop=0 speed=   1x    
frame=68869 fps= 60 q=-0.0 size=  994070KiB time=00:19:07.81 bitrate=7094.7kbits/s dup=1 drop=0 speed=   1x    
frame=68899 fps= 60 q=-0.0 size=  994498KiB time=00:19:08.31 bitrate=7094.7kbits/s dup=1 drop=0 speed=   1x    
frame=68929 fps= 60 q=-0.0 size=  994930KiB time=00:19:08.81 bitrate=7094.7kbits/s dup=1 drop=0 speed=   1x    
frame=68959 fps= 60 q=-0.0 size=  995368KiB time=00:19:09.31 bitrate=7094.7kbits/s dup=1 drop=0 speed=   1x    
frame=68989 fps= 60 q=-0.0 size=  995786KiB time=00:19:09.81 bitrate=7094.6kbits/s dup=1 drop=0 speed=   1x    
frame=69019 fps= 60 q=-0.0 size=  996224KiB time=00:19:10.31 bitrate=7094.6kbits/s dup=1 drop=0 speed=   1x    
frame=69049 fps= 60 q=-0.0 size=  996667KiB time=00:19:10.81 bitrate=7094.7kbits/s dup=1 drop=0 speed=   1x    
frame=69079 fps= 60 q=-0.0 size=  997127KiB time=00:19:11.31 bitrate=7094.9kbits/s dup=1 drop=0 speed=   1x    
frame=69109 fps= 60 q=-0.0 size=  997520KiB time=00:19:11.81 bitrate=7094.6kbits/s dup=1 drop=0 speed=   1x    
frame=69139 fps= 60 q=-0.0 size=  997957KiB time=00:19:12.31 bitrate=7094.6kbits/s dup=1 drop=0 speed=   1x    
frame=69169 fps= 60 q=-0.0 size=  998381KiB time=00:19:12.81 bitrate=7094.6kbits/s dup=1 drop=0 speed=   1x    
frame=69199 fps= 60 q=-0.0 size=  998832KiB time=00:19:13.31 bitrate=7094.7kbits/s dup=1 drop=0 speed=   1x    
frame=69229 fps= 60 q=-0.0 size=  999241KiB time=00:19:13.81 bitrate=7094.5kbits/s dup=1 drop=0 speed=   1x    
frame=69259 fps= 60 q=-0.0 size=  999659KiB time=00:19:14.31 bitrate=7094.4kbits/s dup=1 drop=0 speed=   1x    
frame=69289 fps= 60 q=-0.0 size= 1000071KiB time=00:19:14.81 bitrate=7094.3kbits/s dup=1 drop=0 speed=   1x    
frame=69319 fps= 60 q=-0.0 size= 1000503KiB time=00:19:15.31 bitrate=7094.3kbits/s dup=1 drop=0 speed=   1x    
frame=69349 fps= 60 q=-0.0 size= 1000973KiB time=00:19:15.81 bitrate=7094.5kbits/s dup=1 drop=0 speed=   1x    
frame=69379 fps= 60 q=-0.0 size= 1001402KiB time=00:19:16.31 bitrate=7094.5kbits/s dup=1 drop=0 speed=   1x    
frame=69409 fps= 60 q=-0.0 size= 1001821KiB time=00:19:16.81 bitrate=7094.4kbits/s dup=1 drop=0 speed=   1x    
frame=69439 fps= 60 q=-0.0 size= 1002262KiB time=00:19:17.31 bitrate=7094.5kbits/s dup=1 drop=0 speed=   1x    
frame=69469 fps= 60 q=-0.0 size= 1002707KiB time=00:19:17.81 bitrate=7094.5kbits/s dup=1 drop=0 speed=   1x    
frame=69499 fps= 60 q=-0.0 size= 1003120KiB time=00:19:18.31 bitrate=7094.4kbits/s dup=1 drop=0 speed=   1x    
frame=69529 fps= 60 q=-0.0 size= 1003572KiB time=00:19:18.81 bitrate=7094.5kbits/s dup=1 drop=0 speed=   1x    
frame=69559 fps= 60 q=-0.0 size= 1003999KiB time=00:19:19.31 bitrate=7094.5kbits/s dup=1 drop=0 speed=   1x    
frame=69589 fps= 60 q=-0.0 size= 1004432KiB time=00:19:19.81 bitrate=7094.5kbits/s dup=1 drop=0 speed=   1x    
frame=69619 fps= 60 q=-0.0 size= 1004867KiB time=00:19:20.31 bitrate=7094.5kbits/s dup=1 drop=0 speed=   1x    
frame=69649 fps= 60 q=-0.0 size= 1005299KiB time=00:19:20.81 bitrate=7094.5kbits/s dup=1 drop=0 speed=   1x    
frame=69679 fps= 60 q=-0.0 size= 1005781KiB time=00:19:21.31 bitrate=7094.8kbits/s dup=1 drop=0 speed=   1x    
frame=69709 fps= 60 q=-0.0 size= 1006163KiB time=00:19:21.81 bitrate=7094.5kbits/s dup=1 drop=0 speed=   1x    
frame=69739 fps= 60 q=-0.0 size= 1006618KiB time=00:19:22.31 bitrate=7094.6kbits/s dup=1 drop=0 speed=   1x    
frame=69769 fps= 60 q=-0.0 size= 1007055KiB time=00:19:22.81 bitrate=7094.7kbits/s dup=1 drop=0 speed=   1x    
frame=69799 fps= 60 q=-0.0 size= 1007457KiB time=00:19:23.31 bitrate=7094.4kbits/s dup=1 drop=0 speed=   1x    
frame=69829 fps= 60 q=-0.0 size= 1007891KiB time=00:19:23.81 bitrate=7094.5kbits/s dup=1 drop=0 speed=   1x    
frame=69859 fps= 60 q=-0.0 size= 1008328KiB time=00:19:24.31 bitrate=7094.5kbits/s dup=1 drop=0 speed=   1x    
frame=69889 fps= 60 q=-0.0 size= 1008778KiB time=00:19:24.81 bitrate=7094.6kbits/s dup=1 drop=0 speed=   1x    
frame=69919 fps= 60 q=-0.0 size= 1009203KiB time=00:19:25.31 bitrate=7094.5kbits/s dup=1 drop=0 speed=   1x    
frame=69949 fps= 60 q=-0.0 size= 1009601KiB time=00:19:25.81 bitrate=7094.3kbits/s dup=1 drop=0 speed=   1x    
frame=69979 fps= 60 q=-0.0 size= 1010118KiB time=00:19:26.31 bitrate=7094.9kbits/s dup=1 drop=0 speed=   1x    
frame=70009 fps= 60 q=-0.0 size= 1010517KiB time=00:19:26.81 bitrate=7094.6kbits/s dup=1 drop=0 speed=   1x    
frame=70039 fps= 60 q=-0.0 size= 1010916KiB time=00:19:27.31 bitrate=7094.4kbits/s dup=1 drop=0 speed=   1x    
frame=70069 fps= 60 q=-0.0 size= 1011389KiB time=00:19:27.81 bitrate=7094.7kbits/s dup=1 drop=0 speed=   1x    
frame=70099 fps= 60 q=-0.0 size= 1011804KiB time=00:19:28.31 bitrate=7094.6kbits/s dup=1 drop=0 speed=   1x    
frame=70129 fps= 60 q=-0.0 size= 1012228KiB time=00:19:28.81 bitrate=7094.5kbits/s dup=1 drop=0 speed=   1x    
frame=70159 fps= 60 q=-0.0 size= 1012684KiB time=00:19:29.31 bitrate=7094.7kbits/s dup=1 drop=0 speed=   1x    
frame=70189 fps= 60 q=-0.0 size= 1013089KiB time=00:19:29.81 bitrate=7094.5kbits/s dup=1 drop=0 speed=   1x    
frame=70219 fps= 60 q=-0.0 size= 1013564KiB time=00:19:30.31 bitrate=7094.8kbits/s dup=1 drop=0 speed=   1x    
frame=70249 fps= 60 q=-0.0 size= 1013989KiB time=00:19:30.81 bitrate=7094.7kbits/s dup=1 drop=0 speed=   1x    
frame=70279 fps= 60 q=-0.0 size= 1014392KiB time=00:19:31.31 bitrate=7094.5kbits/s dup=1 drop=0 speed=   1x    
frame=70309 fps= 60 q=-0.0 size= 1014829KiB time=00:19:31.81 bitrate=7094.5kbits/s dup=1 drop=0 speed=   1x    
frame=70339 fps= 60 q=-0.0 size= 1015289KiB time=00:19:32.31 bitrate=7094.7kbits/s dup=1 drop=0 speed=   1x    
frame=70369 fps= 60 q=-0.0 size= 1015705KiB time=00:19:32.81 bitrate=7094.6kbits/s dup=1 drop=0 speed=   1x    
frame=70399 fps= 60 q=-0.0 size= 1016171KiB time=00:19:33.31 bitrate=7094.8kbits/s dup=1 drop=0 speed=   1x    
frame=70429 fps= 60 q=-0.0 size= 1016612KiB time=00:19:33.81 bitrate=7094.9kbits/s dup=1 drop=0 speed=   1x    
frame=70459 fps= 60 q=-0.0 size= 1017044KiB time=00:19:34.31 bitrate=7094.9kbits/s dup=1 drop=0 speed=   1x    
frame=70489 fps= 60 q=-0.0 size= 1017499KiB time=00:19:34.81 bitrate=7095.0kbits/s dup=1 drop=0 speed=   1x    
frame=70519 fps= 60 q=-0.0 size= 1017883KiB time=00:19:35.31 bitrate=7094.7kbits/s dup=1 drop=0 speed=   1x    
frame=70550 fps= 60 q=-0.0 size= 1018348KiB time=00:19:35.83 bitrate=7094.8kbits/s dup=1 drop=0 speed=   1x    
frame=70580 fps= 60 q=-0.0 size= 1018778KiB time=00:19:36.33 bitrate=7094.8kbits/s dup=1 drop=0 speed=   1x    
frame=70609 fps= 60 q=-0.0 size= 1019176KiB time=00:19:36.81 bitrate=7094.6kbits/s dup=1 drop=0 speed=   1x    
frame=70639 fps= 60 q=-0.0 size= 1019643KiB time=00:19:37.31 bitrate=7094.9kbits/s dup=1 drop=0 speed=   1x    
frame=70670 fps= 60 q=-0.0 size= 1020058KiB time=00:19:37.83 bitrate=7094.7kbits/s dup=1 drop=0 speed=   1x    
frame=70699 fps= 60 q=-0.0 size= 1020513KiB time=00:19:38.31 bitrate=7094.9kbits/s dup=1 drop=0 speed=   1x    
frame=70730 fps= 60 q=-0.0 size= 1020917KiB time=00:19:38.83 bitrate=7094.6kbits/s dup=1 drop=0 speed=   1x    
frame=70760 fps= 60 q=-0.0 size= 1021359KiB time=00:19:39.33 bitrate=7094.7kbits/s dup=1 drop=0 speed=   1x    
frame=70790 fps= 60 q=-0.0 size= 1021787KiB time=00:19:39.83 bitrate=7094.6kbits/s dup=1 drop=0 speed=   1x    
frame=70820 fps= 60 q=-0.0 size= 1022221KiB time=00:19:40.33 bitrate=7094.6kbits/s dup=1 drop=0 speed=   1x    
frame=70850 fps= 60 q=-0.0 size= 1022663KiB time=00:19:40.83 bitrate=7094.7kbits/s dup=1 drop=0 speed=   1x    
frame=70880 fps= 60 q=-0.0 size= 1023004KiB time=00:19:41.33 bitrate=7094.1kbits/s dup=1 drop=0 speed=   1x    
frame=70910 fps= 60 q=-0.0 size= 1023586KiB time=00:19:41.83 bitrate=7095.1kbits/s dup=1 drop=0 speed=   1x    
frame=70940 fps= 60 q=-0.0 size= 1023912KiB time=00:19:42.33 bitrate=7094.3kbits/s dup=1 drop=0 speed=   1x    
frame=70970 fps= 60 q=-0.0 size= 1024457KiB time=00:19:42.83 bitrate=7095.1kbits/s dup=1 drop=0 speed=   1x    
frame=71000 fps= 60 q=-0.0 size= 1024777KiB time=00:19:43.33 bitrate=7094.3kbits/s dup=1 drop=0 speed=   1x    
frame=71030 fps= 60 q=-0.0 size= 1025309KiB time=00:19:43.83 bitrate=7095.0kbits/s dup=1 drop=0 speed=   1x    
frame=71060 fps= 60 q=-0.0 size= 1025602KiB time=00:19:44.33 bitrate=7094.1kbits/s dup=1 drop=0 speed=   1x    
frame=71090 fps= 60 q=-0.0 size= 1026157KiB time=00:19:44.83 bitrate=7094.9kbits/s dup=1 drop=0 speed=   1x    
frame=71120 fps= 60 q=-0.0 size= 1026552KiB time=00:19:45.33 bitrate=7094.6kbits/s dup=1 drop=0 speed=   1x    
frame=71150 fps= 60 q=-0.0 size= 1027024KiB time=00:19:45.83 bitrate=7094.9kbits/s dup=1 drop=0 speed=   1x    
frame=71180 fps= 60 q=-0.0 size= 1027396KiB time=00:19:46.33 bitrate=7094.5kbits/s dup=1 drop=0 speed=   1x    
frame=71209 fps= 60 q=-0.0 size= 1027858KiB time=00:19:46.81 bitrate=7094.8kbits/s dup=1 drop=0 speed=   1x    
frame=71240 fps= 60 q=-0.0 size= 1028288KiB time=00:19:47.33 bitrate=7094.7kbits/s dup=1 drop=0 speed=   1x    
frame=71270 fps= 60 q=-0.0 size= 1028717KiB time=00:19:47.83 bitrate=7094.6kbits/s dup=1 drop=0 speed=   1x    
frame=71300 fps= 60 q=-0.0 size= 1029150KiB time=00:19:48.33 bitrate=7094.6kbits/s dup=1 drop=0 speed=   1x    
frame=71330 fps= 60 q=-0.0 size= 1029580KiB time=00:19:48.83 bitrate=7094.6kbits/s dup=1 drop=0 speed=   1x    
frame=71360 fps= 60 q=-0.0 size= 1030067KiB time=00:19:49.33 bitrate=7095.0kbits/s dup=1 drop=0 speed=   1x    
frame=71390 fps= 60 q=-0.0 size= 1030418KiB time=00:19:49.83 bitrate=7094.4kbits/s dup=1 drop=0 speed=   1x    
frame=71420 fps= 60 q=-0.0 size= 1030882KiB time=00:19:50.33 bitrate=7094.6kbits/s dup=1 drop=0 speed=   1x    
frame=71450 fps= 60 q=-0.0 size= 1031262KiB time=00:19:50.83 bitrate=7094.3kbits/s dup=1 drop=0 speed=   1x    
frame=71480 fps= 60 q=-0.0 size= 1031730KiB time=00:19:51.33 bitrate=7094.5kbits/s dup=1 drop=0 speed=   1x    
frame=71510 fps= 60 q=-0.0 size= 1032171KiB time=00:19:51.83 bitrate=7094.6kbits/s dup=1 drop=0 speed=   1x    
frame=71540 fps= 60 q=-0.0 size= 1032608KiB time=00:19:52.33 bitrate=7094.6kbits/s dup=1 drop=0 speed=   1x    
frame=71570 fps= 60 q=-0.0 size= 1033037KiB time=00:19:52.83 bitrate=7094.6kbits/s dup=1 drop=0 speed=   1x    
frame=71600 fps= 60 q=-0.0 size= 1033482KiB time=00:19:53.33 bitrate=7094.6kbits/s dup=1 drop=0 speed=   1x    
frame=71630 fps= 60 q=-0.0 size= 1033873KiB time=00:19:53.83 bitrate=7094.4kbits/s dup=1 drop=0 speed=   1x    
frame=71660 fps= 60 q=-0.0 size= 1034341KiB time=00:19:54.33 bitrate=7094.6kbits/s dup=1 drop=0 speed=   1x    
frame=71690 fps= 60 q=-0.0 size= 1034769KiB time=00:19:54.83 bitrate=7094.6kbits/s dup=1 drop=0 speed=   1x    
frame=71720 fps= 60 q=-0.0 size= 1035182KiB time=00:19:55.33 bitrate=7094.4kbits/s dup=1 drop=0 speed=   1x    
frame=71750 fps= 60 q=-0.0 size= 1035616KiB time=00:19:55.83 bitrate=7094.4kbits/s dup=1 drop=0 speed=   1x    
frame=71780 fps= 60 q=-0.0 size= 1036059KiB time=00:19:56.33 bitrate=7094.5kbits/s dup=1 drop=0 speed=   1x    
frame=71810 fps= 60 q=-0.0 size= 1036477KiB time=00:19:56.83 bitrate=7094.4kbits/s dup=1 drop=0 speed=   1x    
frame=71840 fps= 60 q=-0.0 size= 1036946KiB time=00:19:57.33 bitrate=7094.7kbits/s dup=1 drop=0 speed=   1x    
frame=71870 fps= 60 q=-0.0 size= 1037347KiB time=00:19:57.83 bitrate=7094.4kbits/s dup=1 drop=0 speed=   1x    
frame=71900 fps= 60 q=-0.0 size= 1037752KiB time=00:19:58.33 bitrate=7094.2kbits/s dup=1 drop=0 speed=   1x    
frame=71930 fps= 60 q=-0.0 size= 1038230KiB time=00:19:58.83 bitrate=7094.5kbits/s dup=1 drop=0 speed=   1x    
frame=71960 fps= 60 q=-0.0 size= 1038641KiB time=00:19:59.33 bitrate=7094.4kbits/s dup=1 drop=0 speed=   1x    
frame=71990 fps= 60 q=-0.0 size= 1039069KiB time=00:19:59.83 bitrate=7094.4kbits/s dup=1 drop=0 speed=   1x    
frame=72020 fps= 60 q=-0.0 size= 1039540KiB time=00:20:00.33 bitrate=7094.6kbits/s dup=1 drop=0 speed=   1x    
frame=72050 fps= 60 q=-0.0 size= 1039980KiB time=00:20:00.83 bitrate=7094.7kbits/s dup=1 drop=0 speed=   1x    
frame=72080 fps= 60 q=-0.0 size= 1040414KiB time=00:20:01.33 bitrate=7094.7kbits/s dup=1 drop=0 speed=   1x    
frame=72110 fps= 60 q=-0.0 size= 1040816KiB time=00:20:01.83 bitrate=7094.5kbits/s dup=1 drop=0 speed=   1x    
frame=72140 fps= 60 q=-0.0 size= 1041233KiB time=00:20:02.33 bitrate=7094.4kbits/s dup=1 drop=0 speed=   1x    
frame=72170 fps= 60 q=-0.0 size= 1041690KiB time=00:20:02.83 bitrate=7094.5kbits/s dup=1 drop=0 speed=   1x    
frame=72200 fps= 60 q=-0.0 size= 1042147KiB time=00:20:03.33 bitrate=7094.7kbits/s dup=1 drop=0 speed=   1x    
frame=72230 fps= 60 q=-0.0 size= 1042617KiB time=00:20:03.83 bitrate=7094.9kbits/s dup=1 drop=0 speed=   1x    
frame=72260 fps= 60 q=-0.0 size= 1043015KiB time=00:20:04.33 bitrate=7094.7kbits/s dup=1 drop=0 speed=   1x    
frame=72290 fps= 60 q=-0.0 size= 1043419KiB time=00:20:04.83 bitrate=7094.5kbits/s dup=1 drop=0 speed=   1x    
frame=72320 fps= 60 q=-0.0 size= 1043859KiB time=00:20:05.33 bitrate=7094.5kbits/s dup=1 drop=0 speed=   1x    
frame=72350 fps= 60 q=-0.0 size= 1044275KiB time=00:20:05.83 bitrate=7094.4kbits/s dup=1 drop=0 speed=   1x    
frame=72380 fps= 60 q=-0.0 size= 1044727KiB time=00:20:06.33 bitrate=7094.6kbits/s dup=1 drop=0 speed=   1x    
frame=72410 fps= 60 q=-0.0 size= 1045179KiB time=00:20:06.83 bitrate=7094.7kbits/s dup=1 drop=0 speed=   1x    
frame=72440 fps= 60 q=-0.0 size= 1045618KiB time=00:20:07.33 bitrate=7094.7kbits/s dup=1 drop=0 speed=   1x    
frame=72470 fps= 60 q=-0.0 size= 1046051KiB time=00:20:07.83 bitrate=7094.7kbits/s dup=1 drop=0 speed=   1x    
frame=72500 fps= 60 q=-0.0 size= 1046482KiB time=00:20:08.33 bitrate=7094.7kbits/s dup=1 drop=0 speed=   1x    
frame=72530 fps= 60 q=-0.0 size= 1046858KiB time=00:20:08.83 bitrate=7094.3kbits/s dup=1 drop=0 speed=   1x    
[out#0/rtp @ 0x5599b2b1cbc0] video:1034452KiB audio:0KiB subtitle:0KiB other streams:0KiB global headers:0KiB muxing overhead: 1.244508%
frame=72561 fps= 60 q=-0.0 Lsize= 1047326KiB time=00:20:09.35 bitrate=7094.5kbits/s dup=1 drop=0 speed=   1x    
Exiting normally, received signal 15.
