sequence,rx_elapsed_ns,kernel_rx_realtime_ns,rx_wall_ns,host_intended_ns,host_packet_stamp_ns,host_wall_ns,packet_bytes,valid
0,28327839479743,1790295173128771887,1790295173129000000,152071374329030,152071374332512,1790295173068436741,1000,1
1,28327846758928,1790295173128772257,1790295173136000000,152071379329030,152071379332664,1790295173073437063,1000,1
2,28327847513780,1790295173128937813,1790295173137000000,152071384329030,152071384330982,1790295173078435140,1000,1
3,28327847996669,1790295173128937961,1790295173137000000,152071389329030,152071389330592,1790295173083435121,1000,1
4,28327848481743,1790295173128938072,1790295173138000000,152071394329030,152071394331414,1790295173088435894,1000,1
5,28327848849483,1790295173128938146,1790295173138000000,152071399329030,152071399331337,1790295173093435626,1000,1
6,28327849210669,1790295173128938257,1790295173139000000,152071404329030,152071404331569,1790295173098435848,1000,1
7,28327849636298,1790295173129078628,1790295173139000000,152071409329030,152071409332081,1790295173103436359,1000,1
8,28327849957150,1790295173129078776,1790295173139000000,152071414329030,152071414331651,1790295173108436110,1000,1
9,28327850268891,1790295173129078887,1790295173140000000,152071419329030,152071419331021,1790295173113435249,1000,1
10,28327850685187,1790295173129078998,1790295173140000000,152071424329030,152071424331052,1790295173118435260,1000,1
11,28327850989372,1790295173131159369,1790295173140000000,152071429329030,152071429331684,1790295173123436433,1000,1
12,28327851287483,1790295173131159776,1790295173141000000,152071434329030,152071434330983,1790295173128435192,1000,1
13,28327851584706,1790295173131159887,1790295173141000000,152071439329030,152071439331405,1790295173133435624,1000,1
14,28327851904632,1790295173134701702,1790295173141000000,152071444329030,152071444330544,1790295173138435114,1000,1
15,28327852297002,1790295173135009739,1790295173142000000,152071449329030,152071449331808,1790295173143435966,1000,1
16,28327852648520,1790295173135010146,1790295173142000000,152071454329030,152071454330256,1790295173148433763,1000,1
17,28327852947076,1790295173135010406,1790295173142000000,152071459329030,152071459331680,1790295173153435978,1000,1
18,28327853245632,1790295173135010591,1790295173143000000,152071464329030,152071464331861,1790295173158436100,1000,1
19,28327853541780,1790295173135010813,1790295173143000000,152071469329030,152071469331160,1790295173163435489,1000,1
20,28327853876224,1790295173135010998,1790295173143000000,152071474329030,152071474331462,1790295173168435691,1000,1
21,28327854173483,1790295173135011183,1790295173144000000,152071479329030,152071479331523,1790295173173435632,1000,1
22,28327854471187,1790295173135011369,1790295173144000000,152071484329030,152071484331194,1790295173178435432,1000,1
23,28327855616595,1790295173135030887,1790295173145000000,152071489329030,152071489331066,1790295173183435265,1000,1
24,28327855799039,1790295173135031072,1790295173145000000,152071494329030,152071494331749,1790295173188436318,1000,1
25,28327855994520,1790295173135031257,1790295173145000000,152071499329030,152071499330658,1790295173193434566,1000,1
26,28327856198483,1790295173135031480,1790295173146000000,152071504329030,152071504330749,1790295173198434897,1000,1
27,28327856370076,1790295173135031665,1790295173146000000,152071509329030,152071509331561,1790295173203435680,1000,1
28,28327856536409,1790295173135031850,1790295173146000000,152071514329030,152071514331011,1790295173208434979,1000,1
29,28327856697298,1790295173135032035,1790295173146000000,152071519329030,152071519330872,1790295173213435101,1000,1
30,28327856856891,1790295173135032220,1790295173146000000,152071524329030,152071524330913,1790295173218435222,1000,1
31,28327857027483,1790295173135045183,1790295173146000000,152071529329030,152071529330874,1790295173223434472,1000,1
32,28327857186780,1790295173135045406,1790295173147000000,152071534329030,152071534331048,1790295173228435387,1000,1
33,28327857504113,1790295173135045591,1790295173147000000,152071539329030,152071539331059,1790295173233435358,1000,1
34,28327857662039,1790295173135045776,1790295173147000000,152071544329030,152071544332041,1790295173238436260,1000,1
35,28327857818854,1790295173135045961,1790295173147000000,152071549329030,152071549331932,1790295173243436101,1000,1
36,28327857975780,1790295173135046183,1790295173147000000,152071554329030,152071554330951,1790295173248435180,1000,1
37,28327858132076,1790295173135046369,1790295173148000000,152071559329030,152071559331283,1790295173253435401,1000,1
38,28327858287965,1790295173135046554,1790295173148000000,152071564329030,152071564331174,1790295173258436044,1000,1
39,28327858444335,1790295173135059739,1790295173148000000,152071569329030,152071569331245,1790295173263435544,1000,1
40,28327858598557,1790295173135059924,1790295173148000000,152071574329030,152071574331286,1790295173268435695,1000,1
41,28327858754298,1790295173135060109,1790295173148000000,152071579329030,152071579331810,1790295173273436039,1000,1
42,28327858910520,1790295173135060294,1790295173148000000,152071584329030,152071584331651,1790295173278435819,1000,1
43,28327859066150,1790295173135060517,1790295173148000000,152071589329030,152071589331181,1790295173283435399,1000,1
44,28327859220928,1790295173135060702,1790295173149000000,152071594329030,152071594332003,1790295173288436212,1000,1
45,28327859377224,1790295173135060887,1790295173149000000,152071599329030,152071599331904,1790295173293436153,1000,1
46,28327859533372,1790295173135061072,1790295173149000000,152071604329030,152071604330783,1790295173298435022,1000,1
47,28327859707965,1790295173135075628,1790295173149000000,152071609329030,152071609330914,1790295173303435744,1000,1
48,28327859881743,1790295173135075850,1790295173149000000,152071614329030,152071614331616,1790295173308436005,1000,1
49,28327860073595,1790295173135076035,1790295173149000000,152071619329030,152071619330946,1790295173313435175,1000,1
50,28327860232595,1790295173135076257,1790295173150000000,152071624329030,152071624331117,1790295173318435296,1000,1
51,28327860389520,1790295173135076443,1790295173150000000,152071629329030,152071629331800,1790295173323436259,1000,1
52,28327860546409,1790295173135076628,1790295173150000000,152071634329030,152071634331230,1790295173328435498,1000,1
53,28327860702928,1790295173135510480,1790295173150000000,152071639329030,152071639330770,1790295173333434968,1000,1
54,28327860858595,1790295173135510850,1790295173150000000,152071644329030,152071644331672,1790295173338435931,1000,1
55,28327861014187,1790295173135511517,1790295173150000000,152071649329030,152071649331974,1790295173343436122,1000,1
56,28327861169557,1790295173135511739,1790295173151000000,152071654329030,152071654330392,1790295173348433919,1000,1
57,28327861325446,1790295173135512517,1790295173151000000,152071659329030,152071659331104,1790295173353434622,1000,1
58,28327861481706,1790295173137914406,1790295173151000000,152071664329030,152071664331476,1790295173358436426,1000,1
59,28327861638187,1790295173144487665,1790295173151000000,152071669329030,152071669330647,1790295173363434836,1000,1
60,28327861832113,1790295173149663183,1790295173151000000,152071674329030,152071674331520,1790295173368435869,1000,1
61,28327864178187,1790295173153899369,1790295173154000000,152071679329030,152071679331671,1790295173373435870,1000,1
62,28327868255854,1790295173157607294,1790295173158000000,152071684329030,152071684331461,1790295173378435780,1000,1
63,28327876276261,1790295173165906072,1790295173166000000,152071689329030,152071689331242,1790295173383435491,1000,1
64,28327879142187,1790295173167902257,1790295173169000000,152071694329030,152071694331774,1790295173388436243,1000,1
65,28327884218780,1790295173173891887,1790295173174000000,152071699329030,152071699331444,1790295173393435923,1000,1
66,28327888159039,1790295173177891813,1790295173178000000,152071704329030,152071704330854,1790295173398435073,1000,1
67,28327892337743,1790295173181908220,1790295173182000000,152071709329030,152071709331967,1790295173403436487,1000,1
68,28327901148446,1790295173189895146,1790295173191000000,152071714329030,152071714332121,1790295173408436339,1000,1
69,28327902275928,1790295173191942628,1790295173192000000,152071719329030,152071719331090,1790295173413435338,1000,1
70,28327908159224,1790295173197890480,1790295173198000000,152071724329030,152071724331602,1790295173418435900,1000,1
71,28327912731446,1790295173201758850,1790295173202000000,152071729329030,152071729355257,1790295173423458795,1000,1
72,28327920218039,1790295173209809998,1790295173210000000,152071734329030,152071734330381,1790295173428433889,1000,1
73,28327924153594,1790295173213028554,1790295173214000000,152071739329030,152071739329721,1790295173433432757,1000,1
74,28327928221002,1790295173217901035,1790295173218000000,152071744329030,152071744347646,1790295173438450662,1000,1
75,28327932147076,1790295173221886183,1790295173222000000,152071749329030,152071749329613,1790295173443432629,1000,1
76,28327940355928,1790295173229914480,1790295173230000000,152071754329030,152071754329655,1790295173448432671,1000,1
77,28327944228150,1790295173233894072,1790295173234000000,152071759329030,152071759329686,1790295173453432703,1000,1
78,28327948257780,1790295173237893887,1790295173238000000,152071764329030,152071764329537,1790295173458432564,1000,1
79,28327952177520,1790295173241894480,1790295173242000000,152071769329030,152071769330770,1790295173463434909,1000,1
80,28327958196706,1790295173247766591,1790295173248000000,152071774329030,152071774331443,1790295173468435691,1000,1
81,28327964279298,1790295173253911443,1790295173254000000,152071779329030,152071779330532,1790295173473434430,1000,1
82,28327968354891,1790295173257916776,1790295173258000000,152071784329030,152071784331515,1790295173478435693,1000,1
83,28327976267669,1790295173265895739,1790295173266000000,152071789329030,152071789331155,1790295173483435334,1000,1
84,28327978929298,1790295173268610220,1790295173268000000,152071794329030,152071794331877,1790295173488436176,1000,1
85,28327984335298,1790295173273897480,1790295173274000000,152071799329030,152071799331117,1790295173493434885,1000,1
86,28327988315372,1790295173277908924,1790295173278000000,152071804329030,152071804331140,1790295173498435599,1000,1
87,28327992356965,1790295173281901405,1790295173282000000,152071809329030,152071809331391,1790295173503435840,1000,1
88,28328000322928,1790295173289894035,1790295173290000000,152071814329030,152071814331192,1790295173508435360,1000,1
89,28328004288335,1790295173293898405,1790295173294000000,152071819329030,152071819329740,1790295173513432766,1000,1
90,28328008221483,1790295173297898591,1790295173298000000,152071824329030,152071824331043,1790295173518435372,1000,1
91,28328013583891,1790295173303031294,1790295173303000000,152071829329030,152071829331425,1790295173523435924,1000,1
92,28328019569594,1790295173309134591,1790295173309000000,152071834329030,152071834331206,1790295173528435354,1000,1
93,28328024328817,1790295173313891591,1790295173314000000,152071839329030,152071839330435,1790295173533433963,1000,1
94,28328028262668,1790295173317895776,1790295173318000000,152071844329030,152071844331528,1790295173538435677,1000,1
95,28328032191631,1790295173321884405,1790295173322000000,152071849329030,152071849331682,1790295173543435860,1000,1
96,28328040359224,1790295173329895591,1790295173330000000,152071854329030,152071854329939,1790295173548433477,1000,1
97,28328044271224,1790295173333889998,1790295173334000000,152071859329030,152071859329870,1790295173553433378,1000,1
98,28328048282631,1790295173337894257,1790295173338000000,152071864329030,152071864329440,1790295173558432457,1000,1
99,28328052217039,1790295173341888961,1790295173342000000,152071869329030,152071869331084,1790295173563435283,1000,1
100,28328058290150,1790295173347897924,1790295173348000000,152071874329030,152071874330594,1790295173568434152,1000,1
101,28328064329187,1790295173353907850,1790295173354000000,152071879329030,152071879331006,1790295173573434904,1000,1
102,28328069114298,1790295173357896665,1790295173358000000,152071884329030,152071884331739,1790295173578435907,1000,1
103,28328072245557,1790295173361903665,1790295173362000000,152071889329030,152071889330017,1790295173583433484,1000,1
104,28328079115446,1790295173368813331,1790295173368000000,152071894329030,152071894331081,1790295173588434979,1000,1
105,28328084324854,1790295173373899665,1790295173374000000,152071899329030,152071899330952,1790295173593434810,1000,1
106,28328088260817,1790295173377892146,1790295173378000000,152071904329030,152071904330041,1790295173598433578,1000,1
107,28328092273631,1790295173381686591,1790295173382000000,152071909329030,152071909330673,1790295173603434241,1000,1
108,28328097475743,1790295173387043331,1790295173387000000,152071914329030,152071914330914,1790295173608434742,1000,1
109,28328103376335,1790295173392895628,1790295173393000000,152071919329030,152071919330825,1790295173613435074,1000,1
110,28328108234668,1790295173397890368,1790295173398000000,152071924329030,152071924330666,1790295173618434223,1000,1
111,28328112164854,1790295173401889776,1790295173402000000,152071929329030,152071929329384,1790295173623432331,1000,1
112,28328120355446,1790295173409899887,1790295173410000000,152071934329030,152071934331189,1790295173628434726,1000,1
113,28328124248631,1790295173413896368,1790295173414000000,152071939329030,152071939330871,1790295173633435119,1000,1
114,28328128260668,1790295173417897035,1790295173418000000,152071944329030,152071944331814,1790295173638435952,1000,1
115,28328132170076,1790295173421887035,1790295173422000000,152071949329030,152071949331274,1790295173643435893,1000,1
116,28328137330594,1790295173426891961,1790295173427000000,152071954329030,152071954329962,1790295173648433500,1000,1
117,28328144324298,1790295173433897887,1790295173434000000,152071959329030,152071959329612,1790295173653432629,1000,1
118,28328148284372,1790295173437898591,1790295173438000000,152071964329030,152071964331838,1790295173658436046,1000,1
119,28328152243631,1790295173441897257,1790295173442000000,152071969329030,152071969331268,1790295173663435466,1000,1
120,28328159671446,1790295173449172961,1790295173449000000,152071974329030,152071974331178,1790295173668435317,1000,1
121,28328164315520,1790295173453900109,1790295173454000000,152071979329030,152071979331600,1790295173673435789,1000,1
122,28328168248002,1790295173457897405,1790295173458000000,152071984329030,152071984331721,1790295173678435950,1000,1
123,28328172260557,1790295173461896924,1790295173462000000,152071989329030,152071989330773,1790295173683434941,1000,1
124,28328179290520,1790295173469005294,1790295173469000000,152071994329030,152071994331535,1790295173688435073,1000,1
125,28328182225742,1790295173471760739,1790295173472000000,152071999329030,152071999330504,1790295173693434703,1000,1
126,28328188317039,1790295173477903294,1790295173478000000,152072004329030,152072004330966,1790295173698435405,1000,1
127,28328192242409,1790295173481895405,1790295173482000000,152072009329030,152072009331478,1790295173703435737,1000,1
128,28328200271520,1790295173489892628,1790295173490000000,152072014329030,152072014329425,1790295173708432441,1000,1
129,28328202912705,1790295173492638220,1790295173492000000,152072019329030,152072019329686,1790295173713432693,1000,1
130,28328208357113,1790295173497908220,1790295173498000000,152072024329030,152072024329627,1790295173718432624,1000,1
131,28328212259557,1790295173501903924,1790295173502000000,152072029329030,152072029329560,1790295173723432556,1000,1
132,28328220259817,1790295173509891109,1790295173510000000,152072034329030,152072034329551,1790295173728432557,1000,1
133,28328224182446,1790295173513885628,1790295173514000000,152072039329030,152072039329552,1790295173733432558,1000,1
134,28328227322113,1790295173516783739,1790295173517000000,152072044329030,152072044331336,1790295173738435845,1000,1
135,28328232324261,1790295173521899961,1790295173522000000,152072049329030,152072049331938,1790295173743436157,1000,1
136,28328238727742,1790295173528164998,1790295173528000000,152072054329030,152072054329955,1790295173748433874,1000,1
137,28328244245372,1790295173533898813,1790295173534000000,152072059329030,152072059331189,1790295173753435428,1000,1
138,28328248192187,1790295173537886591,1790295173538000000,152072064329030,152072064331601,1790295173758435990,1000,1
139,28328256349520,1790295173545898850,1790295173546000000,152072069329030,152072069330900,1790295173763435309,1000,1
140,28328260326113,1790295173549892961,1790295173550000000,152072074329030,152072074330451,1790295173768434009,1000,1
141,28328264227779,1790295173553893109,1790295173554000000,152072079329030,152072079331445,1790295173773435593,1000,1
142,28328268219594,1790295173557886479,1790295173558000000,152072084329030,152072084330805,1790295173778435614,1000,1
143,28328273157557,1790295173561970072,1790295173563000000,152072089329030,152072089330956,1790295173783435144,1000,1
144,28328279595668,1790295173569220961,1790295173569000000,152072094329030,152072094330897,1790295173788434544,1000,1
145,28328283688150,1790295173573155813,1790295173573000000,152072099329030,152072099330797,1790295173793434655,1000,1
146,28328288210335,1790295173577889702,1790295173578000000,152072104329030,152072104331049,1790295173798435378,1000,1
147,28328292162557,1790295173581886776,1790295173582000000,152072109329030,152072109331090,1790295173803435188,1000,1
148,28328298297113,1790295173587850961,1790295173588000000,152072114329030,152072114329839,1790295173808433386,1000,1
149,28328303121002,1790295173592752776,1790295173592000000,152072119329030,152072119331013,1790295173813435162,1000,1
150,28328308240594,1790295173597895590,1790295173598000000,152072124329030,152072124331155,1790295173818435303,1000,1
151,28328312151594,1790295173601885887,1790295173602000000,152072129329030,152072129330224,1790295173823434423,1000,1
152,28328317441224,1790295173606892627,1790295173607000000,152072134329030,152072134330906,1790295173828434744,1000,1
153,28328322536446,1790295173612092553,1790295173612000000,152072139329030,152072139330927,1790295173833435146,1000,1
154,28328328578261,1790295173617896553,1790295173618000000,152072144329030,152072144331499,1790295173838435027,1000,1
155,28328332215039,1790295173621895257,1790295173622000000,152072149329030,152072149331781,1790295173843435969,1000,1
156,28328339553372,1790295173629053294,1790295173629000000,152072154329030,152072154330038,1790295173848433556,1000,1
157,28328344325742,1790295173633897183,1790295173634000000,152072159329030,152072159331302,1790295173853435460,1000,1
158,28328348335076,1790295173637917665,1790295173638000000,152072164329030,152072164332016,1790295173858436295,1000,1
159,28328352242965,1790295173641897961,1790295173642000000,152072169329030,152072169331476,1790295173863435785,1000,1
160,28328360175039,1790295173649887961,1790295173650000000,152072174329030,152072174331146,1790295173868435335,1000,1
161,28328363147446,1790295173652706220,1790295173653000000,152072179329030,152072179331769,1790295173873435937,1000,1
162,28328368259298,1790295173657899368,1790295173658000000,152072184329030,152072184331790,1790295173878436619,1000,1
163,28328372225224,1790295173661891368,1790295173662000000,152072189329030,152072189330919,1790295173883435078,1000,1
164,28328380259705,1790295173669891702,1790295173670000000,152072194329030,152072194331621,1790295173888435780,1000,1
165,28328384204631,1790295173673886553,1790295173674000000,152072199329030,152072199331712,1790295173893436151,1000,1
166,28328388344039,1790295173677902553,1790295173678000000,152072204329030,152072204331202,1790295173898435401,1000,1
167,28328392240668,1790295173681897072,1790295173682000000,152072209329030,152072209331344,1790295173903435512,1000,1
168,28328400271928,1790295173689894442,1790295173690000000,152072214329030,152072214331216,1790295173908436005,1000,1
169,28328403207742,1790295173692903553,1790295173693000000,152072219329030,152072219331537,1790295173913435766,1000,1
170,28328412342224,1790295173701896924,1790295173702000000,152072224329030,152072224331218,1790295173918435576,1000,1
171,28328416237409,1790295173705889257,1790295173706000000,152072229329030,152072229331669,1790295173923436129,1000,1
172,28328419270224,1790295173708838776,1790295173709000000,152072234329030,152072234331770,1790295173928436320,1000,1
173,28328424220742,1790295173713889627,1790295173714000000,152072239329030,152072239330219,1790295173933433766,1000,1
174,28328428168890,1790295173717884146,1790295173718000000,152072244329030,152072244331181,1790295173938435741,1000,1
175,28328436428631,1790295173725893405,1790295173726000000,152072249329030,152072249332064,1790295173943437144,1000,1
176,28328440278520,1790295173729890590,1790295173730000000,152072254329030,152072254330833,1790295173948435313,1000,1
177,28328444250927,1790295173733893294,1790295173734000000,152072259329030,152072259361513,1790295173953466093,1000,1
178,28328448167187,1790295173737888368,1790295173738000000,152072264329030,152072264331558,1790295173958436047,1000,1
179,28328453306779,1790295173741980813,1790295173743000000,152072269329030,152072269330877,1790295173963434425,1000,1
180,28328460279816,1790295173749894553,1790295173750000000,152072274329030,152072274331379,1790295173968435568,1000,1
181,28328463436594,1790295173753031813,1790295173753000000,152072279329030,152072279330989,1790295173973435639,1000,1
182,28328468236261,1790295173757897590,1790295173758000000,152072284329030,152072284331511,1790295173978436001,1000,1
183,28328472175187,1790295173761890701,1790295173762000000,152072289329030,152072289330991,1790295173983435240,1000,1
184,28328480347372,1790295173769897664,1790295173770000000,152072294329030,152072294331884,1790295173988436093,1000,1
185,28328484256150,1790295173773891257,1790295173774000000,152072299329030,152072299331275,1790295173993435824,1000,1
186,28328488246668,1790295173777892220,1790295173778000000,152072304329030,152072304330204,1790295173998433752,1000,1
187,28328492157631,1790295173781884072,1790295173782000000,152072309329030,152072309330997,1790295174003435255,1000,1
188,28328498489853,1790295173788043257,1790295173788000000,152072314329030,152072314330867,1790295174008435126,1000,1
189,28328504304742,1790295173793898442,1790295173794000000,152072319329030,152072319331389,1790295174013435568,1000,1
190,28328508339002,1790295173797914146,1790295173798000000,152072324329030,152072324330939,1790295174018435188,1000,1
191,28328512231779,1790295173801896590,1790295173802000000,152072329329030,152072329331852,1790295174023436091,1000,1
192,28328520645261,1790295173809920442,1790295173810000000,152072334329030,152072334332274,1790295174028436493,1000,1
193,28328523241113,1790295173812863553,1790295173813000000,152072339329030,152072339330301,1790295174033434490,1000,1
194,28328528489224,1790295173817906813,1790295173818000000,152072344329030,152072344330905,1790295174038434553,1000,1
195,28328532250705,1790295173821894961,1790295173822000000,152072349329030,152072349331678,1790295174043436237,1000,1
196,28328540182002,1790295173829883924,1790295173830000000,152072354329030,152072354329625,1790295174048432631,1000,1
197,28328542202853,1790295173831714072,1790295173832000000,152072359329030,152072359331209,1790295174053435478,1000,1
198,28328548311631,1790295173837894553,1790295173838000000,152072364329030,152072364331651,1790295174058435799,1000,1
199,28328552241039,1790295173841894516,1790295173842000000,152072369329030,152072369330650,1790295174063434327,1000,1
200,28328560245372,1790295173849888257,1790295173850000000,152072374329030,152072374330370,1790295174068433888,1000,1
201,28328564203446,1790295173853889516,1790295173854000000,152072379329030,152072379331002,1790295174073434921,1000,1
202,28328568364298,1790295173857918887,1790295173858000000,152072384329030,152072384331565,1790295174078436084,1000,1
203,28328572256483,1790295173861896701,1790295173862000000,152072389329030,152072389330235,1790295174083433752,1000,1
204,28328580189483,1790295173869808627,1790295173870000000,152072394329030,152072394330957,1790295174088434885,1000,1
205,28328584213742,1790295173873884998,1790295173874000000,152072399329030,152072399332170,1790295174093436349,1000,1
206,28328588271668,1790295173877008368,1790295173878000000,152072404329030,152072404329977,1790295174098433525,1000,1
207,28328592282298,1790295173881900257,1790295173882000000,152072409329030,152072409330118,1790295174103433866,1000,1
208,28328598583631,1790295173887917590,1790295173888000000,152072414329030,152072414330590,1790295174108434448,1000,1
209,28328604245631,1790295173893901516,1790295173894000000,152072419329030,152072419331102,1790295174113434880,1000,1
210,28328608193779,1790295173897899109,1790295173898000000,152072424329030,152072424330873,1790295174118435081,1000,1
211,28328612343150,1790295173901901368,1790295173902000000,152072429329030,152072429330804,1790295174123434522,1000,1
212,28328620258927,1790295173909908035,1790295173910000000,152072434329030,152072434331227,1790295174128434754,1000,1
213,28328623195483,1790295173912843998,1790295173913000000,152072439329030,152072439330316,1790295174133434655,1000,1
214,28328628179816,1790295173917900257,1790295173918000000,152072444329030,152072444331089,1790295174138434636,1000,1
215,28328633352335,1790295173922904627,1790295173923000000,152072449329030,152072449331971,1790295174143436180,1000,1
216,28328640265446,1790295173929897035,1790295173930000000,152072454329030,152072454330509,1790295174148434027,1000,1
217,28328643657113,1790295173933067664,1790295173933000000,152072459329030,152072459331011,1790295174153435290,1000,1
218,28328648208668,1790295173937889812,1790295173938000000,152072464329030,152072464331714,1790295174158436223,1000,1
219,28328652179001,1790295173941887294,1790295173942000000,152072469329030,152072469330793,1790295174163434311,1000,1
220,28328660309409,1790295173949894109,1790295173950000000,152072474329030,152072474330897,1790295174168435065,1000,1
221,28328664217483,1790295173953890850,1790295173954000000,152072479329030,152072479331409,1790295174173436098,1000,1
222,28328668326224,1790295173957911035,1790295173958000000,152072484329030,152072484330949,1790295174178436039,1000,1
223,28328674075372,1790295173963712887,1790295173963000000,152072489329030,152072489330970,1790295174183435148,1000,1
224,28328677190150,1790295173966823109,1790295173967000000,152072494329030,152072494330600,1790295174188434708,1000,1
225,28328684238631,1790295173973892442,1790295173974000000,152072499329030,152072499330952,1790295174193434880,1000,1
226,28328688470446,1790295173977896035,1790295173978000000,152072504329030,152072504330922,1790295174198435011,1000,1
227,28328692313927,1790295173981915701,1790295173982000000,152072509329030,152072509331384,1790295174203435623,1000,1
228,28328699714483,1790295173989199109,1790295173989000000,152072514329030,152072514331506,1790295174208435033,1000,1
229,28328704263075,1790295173993904405,1790295173994000000,152072519329030,152072519331609,1790295174213435767,1000,1
230,28328708223483,1790295173997902294,1790295173998000000,152072524329030,152072524330888,1790295174218435117,1000,1
231,28328716341001,1790295174005904664,1790295174006000000,152072529329030,152072529331771,1790295174223435920,1000,1
232,28328720203668,1790295174009832887,1790295174010000000,152072534329030,152072534331652,1790295174228436151,1000,1
233,28328723004113,1790295174011972738,1790295174012000000,152072539329030,152072539330761,1790295174233434920,1000,1
234,28328728203668,1790295174017892331,1790295174018000000,152072544329030,152072544331293,1790295174238436113,1000,1
235,28328732245927,1790295174021889998,1790295174022000000,152072549329030,152072549332226,1790295174243436404,1000,1
236,28328740320668,1790295174029895516,1790295174030000000,152072554329030,152072554331155,1790295174248435283,1000,1
237,28328744095594,1790295174033682257,1790295174033000000,152072559329030,152072559330444,1790295174253434944,1000,1
238,28328748307038,1790295174037909553,1790295174038000000,152072564329030,152072564330025,1790295174258433642,1000,1
239,28328752284964,1790295174041895886,1790295174042000000,152072569329030,152072569329505,1790295174263432802,1000,1
240,28328760347298,1790295174049911924,1790295174050000000,152072574329030,152072574329636,1790295174268432722,1000,1
241,28328767193298,1790295174056537072,1790295174057000000,152072579329030,152072579329597,1790295174273432623,1000,1
242,28328768061890,1790295174057046886,1790295174057000000,152072584329030,152072584329407,1790295174278432484,1000,1
243,28328772238668,1790295174061903220,1790295174062000000,152072589329030,152072589329859,1790295174283433336,1000,1
244,28328778347075,1790295174067877738,1790295174068000000,152072594329030,152072594329690,1790295174288433207,1000,1
245,28328784310409,1790295174073907998,1790295174074000000,152072599329030,152072599330282,1790295174293433809,1000,1
246,28328788245853,1790295174077895627,1790295174078000000,152072604329030,152072604331477,1790295174298434994,1000,1
247,28328796263372,1790295174085897775,1790295174086000000,152072609329030,152072609329764,1790295174303432951,1000,1
248,28328800190261,1790295174089886812,1790295174090000000,152072614329030,152072614331028,1790295174308434896,1000,1
249,28328803685742,1790295174093251961,1790295174093000000,152072619329030,152072619332051,1790295174313436259,1000,1
250,28328808281038,1790295174097907442,1790295174098000000,152072624329030,152072624331050,1790295174318435218,1000,1
251,28328812936149,1790295174102529886,1790295174102000000,152072629329030,152072629331712,1790295174323436452,1000,1
252,28328829256779,1790295174118802849,1790295174119000000,152072634329030,152072634330400,1790295174328434960,1000,1
253,28328829698668,1790295174118803442,1790295174119000000,152072639329030,152072639330692,1790295174333435362,1000,1
254,28328835228890,1790295174124805664,1790295174125000000,152072644329030,152072644331166,1790295174338435635,1000,1
255,28328835545779,1790295174124806183,1790295174125000000,152072649329030,152072649331347,1790295174343436197,1000,1
256,28328840193298,1790295174129892627,1790295174130000000,152072654329030,152072654330817,1790295174348434966,1000,1
257,28328844236520,1790295174133883849,1790295174134000000,152072659329030,152072659331619,1790295174353435878,1000,1
258,28328848352631,1790295174137922072,1790295174138000000,152072664329030,152072664331360,1790295174358436110,1000,1
259,28328852249409,1790295174141902442,1790295174142000000,152072669329030,152072669331571,1790295174363436261,1000,1
260,28328858037742,1790295174147538812,1790295174147000000,152072674329030,152072674330320,1790295174368434509,1000,1
261,28328864204112,1790295174153888701,1790295174154000000,152072679329030,152072679331603,1790295174373436072,1000,1
262,28328868352038,1790295174157910257,1790295174158000000,152072684329030,152072684331805,1790295174378436484,1000,1
263,28328876311705,1790295174165897960,1790295174166000000,152072689329030,152072689330856,1790295174383435055,1000,1
264,28328879663112,1790295174168395146,1790295174169000000,152072694329030,152072694331418,1790295174388435897,1000,1
265,28328884223594,1790295174173888220,1790295174174000000,152072699329030,152072699332160,1790295174393436249,1000,1
266,28328888167075,1790295174177889183,1790295174178000000,152072704329030,152072704331420,1790295174398435639,1000,1
267,28328896340075,1790295174185896701,1790295174186000000,152072709329030,152072709330950,1790295174403435219,1000,1
268,28328900238483,1790295174189897183,1790295174190000000,152072714329030,152072714331803,1790295174408436262,1000,1
269,28328904258446,1790295174193848590,1790295174194000000,152072719329030,152072719331864,1790295174413436062,1000,1
270,28328908182261,1790295174197892368,1790295174198000000,152072724329030,152072724330582,1790295174418434781,1000,1
271,28328912207631,1790295174201891294,1790295174202000000,152072729329030,152072729331235,1790295174423435414,1000,1
272,28328920379446,1790295174209905886,1790295174210000000,152072734329030,152072734330796,1790295174428434915,1000,1
273,28328924558149,1790295174213897368,1790295174214000000,152072739329030,152072739329495,1790295174433432441,1000,1
274,28328928251816,1790295174217898516,1790295174218000000,152072744329030,152072744329666,1790295174438432682,1000,1
275,28328932223186,1790295174221890998,1790295174222000000,152072749329030,152072749329457,1790295174443432473,1000,1
276,28328940391483,1790295174229897664,1790295174230000000,152072754329030,152072754329668,1790295174448432674,1000,1
277,28328944250409,1790295174233896146,1790295174234000000,152072759329030,152072759335490,1790295174453439679,1000,1
278,28328947894631,1790295174237518109,1790295174237000000,152072764329030,152072764330892,1790295174458435031,1000,1
279,28328952232520,1790295174241901849,1790295174242000000,152072769329030,152072769331354,1790295174463435833,1000,1
280,28328958394594,1790295174247977960,1790295174248000000,152072774329030,152072774380709,1790295174468485017,1000,1
281,28328964342964,1790295174253914479,1790295174254000000,152072779329030,152072779331428,1790295174473436178,1000,1
282,28328972110186,1790295174261696664,1790295174261000000,152072784329030,152072784331740,1790295174478436299,1000,1
283,28328976191372,1790295174265897257,1790295174266000000,152072789329030,152072789331100,1790295174483435368,1000,1
284,28328980166668,1790295174269889331,1790295174270000000,152072794329030,152072794332393,1790295174488436582,1000,1
285,28328984349112,1790295174273909368,1790295174274000000,152072799329030,152072799332194,1790295174493436382,1000,1
286,28328988323964,1790295174277903072,1790295174278000000,152072804329030,152072804331503,1790295174498435972,1000,1
287,28328996273594,1790295174285894849,1790295174286000000,152072809329030,152072809330993,1790295174503435152,1000,1
288,28329000239816,1790295174289900331,1790295174290000000,152072814329030,152072814331826,1790295174508436505,1000,1
289,28329002970149,1790295174292681294,1790295174292000000,152072819329030,152072819330965,1790295174513435003,1000,1
290,28329008410038,1790295174297897405,1790295174298000000,152072824329030,152072824330746,1790295174518434924,1000,1
291,28329012302705,1790295174301909923,1790295174302000000,152072829329030,152072829331348,1790295174523435787,1000,1
292,28329020293631,1790295174309893220,1790295174310000000,152072834329030,152072834331659,1790295174528436419,1000,1
293,28329024226112,1790295174313898590,1790295174314000000,152072839329030,152072839331450,1790295174533435628,1000,1
294,28329028350149,1790295174317901331,1790295174318000000,152072844329030,152072844332132,1790295174538436321,1000,1
295,28329032261853,1790295174321893109,1790295174322000000,152072849329030,152072849331863,1790295174543436031,1000,1
296,28329038029038,1790295174327571960,1790295174327000000,152072854329030,152072854331302,1790295174548435621,1000,1
297,28329044292112,1790295174333901257,1790295174334000000,152072859329030,152072859330072,1790295174553433580,1000,1
298,28329048381409,1790295174337912627,1790295174338000000,152072864329030,152072864329703,1790295174558432649,1000,1
299,28329052254001,1790295174341898812,1790295174342000000,152072869329030,152072869329444,1790295174563432360,1000,1
300,28329059712335,1790295174349262146,1790295174349000000,152072874329030,152072874329304,1790295174568432180,1000,1
301,28329064337446,1790295174353903109,1790295174354000000,152072879329030,152072879329566,1790295174573432442,1000,1
302,28329068251223,1790295174357899664,1790295174358000000,152072884329030,152072884329497,1790295174578432393,1000,1
303,28329072264335,1790295174361896590,1790295174362000000,152072889329030,152072889329447,1790295174583432464,1000,1
304,28329080176223,1790295174369886997,1790295174370000000,152072894329030,152072894330971,1790295174588434960,1000,1
305,28329083714483,1790295174373250405,1790295174373000000,152072899329030,152072899331032,1790295174593434570,1000,1
306,28329087199594,1790295174376863553,1790295174377000000,152072904329030,152072904331596,1790295174598435825,1000,1
307,28329112358927,1790295174401898368,1790295174402000000,152072909329030,152072909330024,1790295174603433511,1000,1
308,28329119232483,1790295174408851331,1790295174409000000,152072914329030,152072914331408,1790295174608434935,1000,1
309,28329119603483,1790295174409063738,1790295174409000000,152072919329030,152072919330898,1790295174613434946,1000,1
310,28329119794372,1790295174409063923,1790295174409000000,152072924329030,152072924331069,1790295174618435288,1000,1
311,28329119958334,1790295174409197405,1790295174409000000,152072929329030,152072929329347,1790295174623432433,1000,1
312,28329120163927,1790295174409904368,1790295174410000000,152072934329030,152072934330510,1790295174628434699,1000,1
313,28329124152520,1790295174413887553,1790295174414000000,152072939329030,152072939329659,1790295174633432676,1000,1
314,28329128283483,1790295174417599442,1790295174418000000,152072944329030,152072944332265,1790295174638436524,1000,1
315,28329132298557,1790295174421904479,1790295174422000000,152072949329030,152072949331878,1790295174643436026,1000,1
316,28329138600149,1790295174428028812,1790295174428000000,152072954329030,152072954330636,1790295174648435516,1000,1
317,28329144240372,1790295174433892775,1790295174434000000,152072959329030,152072959330477,1790295174653434645,1000,1
318,28329148168631,1790295174437889664,1790295174438000000,152072964329030,152072964331770,1790295174658436310,1000,1
319,28329152360520,1790295174441903886,1790295174442000000,152072969329030,152072969330449,1790295174663434377,1000,1
320,28329160285890,1790295174449898701,1790295174450000000,152072974329030,152072974330760,1790295174668434909,1000,1
321,28329164238075,1790295174453895071,1790295174454000000,152072979329030,152072979331954,1790295174673436092,1000,1
322,28329168165742,1790295174457888997,1790295174458000000,152072984329030,152072984332035,1790295174678436314,1000,1
323,28329176349557,1790295174465902220,1790295174466000000,152072989329030,152072989331687,1790295174683435846,1000,1
324,28329180302112,1790295174469895738,1790295174470000000,152072994329030,152072994331808,1790295174688436308,1000,1
325,28329183275668,1790295174472903331,1790295174473000000,152072999329030,152072999331970,1790295174693436248,1000,1
326,28329188239631,1790295174477889516,1790295174478000000,152073004329030,152073004329806,1790295174698432813,1000,1
327,28329192196927,1790295174481890257,1790295174482000000,152073009329030,152073009330559,1790295174703434828,1000,1
328,28329200343297,1790295174489902108,1790295174490000000,152073014329030,152073014329558,1790295174708432925,1000,1
329,28329204032260,1790295174493647331,1790295174493000000,152073019329030,152073019329659,1790295174713432816,1000,1
330,28329208315816,1790295174497898664,1790295174498000000,152073024329030,152073024330822,1790295174718435001,1000,1
331,28329212211409,1790295174501893071,1790295174502000000,152073029329030,152073029330433,1790295174723434832,1000,1
332,28329217993446,1790295174507011368,1790295174507000000,152073034329030,152073034331417,1790295174728435075,1000,1
333,28329224288297,1790295174513902071,1790295174514000000,152073039329030,152073039329745,1790295174733432761,1000,1
334,28329228595668,1790295174517892145,1790295174518000000,152073044329030,152073044331259,1790295174738435908,1000,1
335,28329232258334,1790295174521895034,1790295174522000000,152073049329030,152073049331580,1790295174743436059,1000,1
336,28329237298520,1790295174527004553,1790295174527000000,152073054329030,152073054331992,1790295174748436401,1000,1
337,28329244365779,1790295174533920701,1790295174534000000,152073059329030,152073059330981,1790295174753435140,1000,1
338,28329248240334,1790295174537899738,1790295174538000000,152073064329030,152073064331723,1790295174758436173,1000,1
339,28329252261112,1790295174541905220,1790295174542000000,152073069329030,152073069331524,1790295174763435973,1000,1
340,28329260169594,1790295174549887849,1790295174550000000,152073074329030,152073074331174,1790295174768435343,1000,1
341,28329262122001,1790295174551676442,1790295174552000000,152073079329030,152073079331969,1790295174773436198,1000,1
342,28329268336520,1790295174557907923,1790295174558000000,152073084329030,152073084331940,1790295174778436219,1000,1
343,28329272250557,1790295174561898738,1790295174562000000,152073089329030,152073089331240,1790295174783435448,1000,1
344,28329280244779,1790295174569888294,1790295174570000000,152073094329030,152073094331721,1790295174788435840,1000,1
345,28329284157816,1790295174573884516,1790295174574000000,152073099329030,152073099332033,1790295174793436182,1000,1
346,28329288357186,1790295174577904182,1790295174578000000,152073104329030,152073104330711,1790295174798434599,1000,1
347,28329292235149,1790295174581896108,1790295174582000000,152073109329030,152073109331033,1790295174803435182,1000,1
348,28329300278371,1790295174589890738,1790295174590000000,152073114329030,152073114330914,1790295174808434471,1000,1
349,28329304165668,1790295174593885034,1790295174594000000,152073119329030,152073119330965,1790295174813435073,1000,1
350,28329307972631,1790295174596980219,1790295174597000000,152073124329030,152073124331467,1790295174818435605,1000,1
351,28329316294668,1790295174605905997,1790295174606000000,152073129329030,152073129331868,1790295174823436298,1000,1
352,28329318461075,1790295174608023775,1790295174608000000,152073134329030,152073134330938,1790295174828434525,1000,1
353,28329324245408,1790295174613894923,1790295174614000000,152073139329030,152073139331359,1790295174833435588,1000,1
354,28329328173520,1790295174617889368,1790295174618000000,152073144329030,152073144330559,1790295174838434768,1000,1
355,28329332355371,1790295174621908294,1790295174622000000,152073149329030,152073149331993,1790295174843436171,1000,1
356,28329337494520,1790295174627116701,1790295174627000000,152073154329030,152073154331833,1790295174848436012,1000,1
357,28329344347371,1790295174633894442,1790295174634000000,152073159329030,152073159330894,1790295174853435173,1000,1
358,28329348171149,1790295174637894442,1790295174638000000,152073164329030,152073164331516,1790295174858436006,1000,1
359,28329352971557,1790295174641986331,1790295174642000000,152073169329030,152073169331848,1790295174863436017,1000,1
360,28329360292853,1790295174649902071,1790295174650000000,152073174329030,152073174330857,1790295174868434945,1000,1
361,28329363452964,1790295174653034553,1790295174653000000,152073179329030,152073179331239,1790295174873436249,1000,1
362,28329368250742,1790295174657890664,1790295174658000000,152073184329030,152073184331540,1790295174878436260,1000,1
363,28329372203482,1790295174661893108,1790295174662000000,152073189329030,152073189330940,1790295174883435710,1000,1
364,28329380342668,1790295174669900145,1790295174670000000,152073194329030,152073194332053,1790295174888436432,1000,1
365,28329384229631,1790295174673891701,1790295174674000000,152073199329030,152073199331714,1790295174893436443,1000,1
366,28329388249408,1790295174677893590,1790295174678000000,152073204329030,152073204330855,1790295174898434863,1000,1
367,28329392171557,1790295174681885034,1790295174682000000,152073209329030,152073209330686,1790295174903434874,1000,1
368,28329398212149,1790295174687781923,1790295174688000000,152073214329030,152073214331248,1790295174908436228,1000,1
369,28329404189853,1790295174693846701,1790295174694000000,152073219329030,152073219331579,1790295174913436069,1000,1
370,28329408331779,1790295174697900071,1790295174698000000,152073224329030,152073224330869,1790295174918435168,1000,1
371,28329412248371,1790295174701894923,1790295174702000000,152073229329030,152073229331411,1790295174923434938,1000,1
372,28329419374223,1790295174709049219,1790295174709000000,152073234329030,152073234331652,1790295174928435851,1000,1
373,28329424339482,1790295174713903405,1790295174714000000,152073239329030,152073239331894,1790295174933436022,1000,1
374,28329428289445,1790295174717895886,1790295174718000000,152073244329030,152073244331705,1790295174938435943,1000,1
375,28329432253890,1790295174721895553,1790295174722000000,152073249329030,152073249331718,1790295174943436207,1000,1
376,28329440153779,1790295174729883849,1790295174730000000,152073254329030,152073254331929,1790295174948436388,1000,1
377,28329443172742,1790295174732723775,1790295174733000000,152073259329030,152073259330046,1790295174953433564,1000,1
378,28329448332186,1790295174737924516,1790295174738000000,152073264329030,152073264330919,1790295174958434557,1000,1
379,28329453101668,1790295174741904034,1790295174742000000,152073269329030,152073269329738,1790295174963432764,1000,1
380,28329460236223,1790295174749898182,1790295174750000000,152073274329030,152073274352492,1790295174968456009,1000,1
381,28329464361223,1790295174753885182,1790295174754000000,152073279329030,152073279331613,1790295174973435792,1000,1
382,28329468353445,1790295174757921368,1790295174758000000,152073284329030,152073284331764,1790295174978436063,1000,1
383,28329475841075,1790295174765393553,1790295174765000000,152073289329030,152073289331866,1790295174983436105,1000,1
384,28329480320668,1790295174769892664,1790295174770000000,152073294329030,152073294332240,1790295174988436449,1000,1
385,28329484183742,1790295174773896553,1790295174774000000,152073299329030,152073299331970,1790295174993436159,1000,1
386,28329488308668,1790295174777794886,1790295174778000000,152073304329030,152073304331621,1790295174998436190,1000,1
387,28329493218112,1790295174782792627,1790295174783000000,152073309329030,152073309330870,1790295175003435680,1000,1
388,28329498718223,1790295174788279442,1790295174788000000,152073314329030,152073314331633,1790295175008436282,1000,1
389,28329504232927,1790295174793895442,1790295174794000000,152073319329030,152073319331323,1790295175013436113,1000,1
390,28329508209927,1790295174797891775,1790295174798000000,152073324329030,152073324331043,1790295175018435182,1000,1
391,28329516350112,1790295174805899330,1790295174806000000,152073329329030,152073329331175,1790295175023435484,1000,1
392,28329520332186,1790295174809911886,1790295174810000000,152073334329030,152073334331658,1790295175028435877,1000,1
393,28329524241186,1790295174813896330,1790295174814000000,152073339329030,152073339329635,1790295175033432651,1000,1
394,28329528264482,1790295174817919849,1790295174818000000,152073344329030,152073344331449,1790295175038435608,1000,1
395,28329536366853,1790295174825905923,1790295174826000000,152073349329030,152073349331390,1790295175043435890,1000,1
396,28329540243223,1790295174829893590,1790295174830000000,152073354329030,152073354331361,1790295175048435830,1000,1
397,28329544298668,1790295174833858997,1790295174834000000,152073359329030,152073359329529,1790295175053432545,1000,1
398,28329548212594,1790295174837900293,1790295174838000000,152073364329030,152073364329750,1790295175058432767,1000,1
399,28329552145927,1790295174841887293,1790295174842000000,152073369329030,152073369329892,1790295175063432908,1000,1
400,28329557522853,1790295174847075886,1790295174847000000,152073374329030,152073374329634,1790295175068432650,1000,1
401,28329564262149,1790295174853895775,1790295174854000000,152073379329030,152073379330606,1790295175073435106,1000,1
402,28329568259334,1790295174857893775,1790295174858000000,152073384329030,152073384331709,1790295175078436179,1000,1
403,28329576184260,1790295174865882886,1790295174866000000,152073389329030,152073389331660,1790295175083436129,1000,1
404,28329580341742,1790295174869905293,1790295174870000000,152073394329030,152073394332302,1790295175088436511,1000,1
405,28329587245890,1790295174876864442,1790295174877000000,152073399329030,152073399330961,1790295175093434609,1000,1
406,28329588213742,1790295174877824590,1790295174878000000,152073404329030,152073404331533,1790295175098435661,1000,1
407,28329592222297,1790295174881895960,1790295174882000000,152073409329030,152073409330622,1790295175103434851,1000,1
408,28329600618334,1790295174889900775,1790295174890000000,152073414329030,152073414331635,1790295175108436144,1000,1
409,28329604316186,1790295174893897960,1790295174894000000,152073419329030,152073419332008,1790295175113436176,1000,1
410,28329608277186,1790295174897895775,1790295174898000000,152073424329030,152073424331718,1790295175118435877,1000,1
411,28329612256556,1790295174901893590,1790295174902000000,152073429329030,152073429331028,1790295175123435567,1000,1
412,28329620159630,1790295174909886516,1790295174910000000,152073434329030,152073434330828,1790295175128434686,1000,1
413,28329624334742,1790295174913903108,1790295174914000000,152073439329030,152073439329747,1790295175133432764,1000,1
414,28329628220630,1790295174917895886,1790295174918000000,152073444329030,152073444331672,1790295175138435790,1000,1
415,28329633337927,1790295174922893293,1790295174923000000,152073449329030,152073449330480,1790295175143434429,1000,1
416,28329637808112,1790295174927411923,1790295174927000000,152073454329030,152073454331104,1790295175148435052,1000,1
417,28329644661186,1790295174933380404,1790295174934000000,152073459329030,152073459330284,1790295175153433831,1000,1
418,28329648229742,1790295174937897886,1790295174938000000,152073464329030,152073464331357,1790295175158435806,1000,1
419,28329652203408,1790295174941888034,1790295174942000000,152073469329030,152073469330546,1790295175163434384,1000,1
420,28329660351705,1790295174949898293,1790295174950000000,152073474329030,152073474330567,1790295175168434095,1000,1
421,28329664233371,1790295174953893553,1790295174954000000,152073479329030,152073479331380,1790295175173435909,1000,1
422,28329668130927,1790295174957563738,1790295174958000000,152073484329030,152073484331832,1790295175178436331,1000,1
423,28329672213408,1790295174961896108,1790295174962000000,152073489329030,152073489332374,1790295175183436552,1000,1
424,28329678663482,1790295174968144108,1790295174968000000,152073494329030,152073494332365,1790295175188436603,1000,1
425,28329684313371,1790295174973908738,1790295174974000000,152073499329030,152073499330563,1790295175193435132,1000,1
426,28329688248630,1790295174977896886,1790295174978000000,152073504329030,152073504330584,1790295175198434582,1000,1
427,28329692282186,1790295174981903738,1790295174982000000,152073509329030,152073509330314,1790295175203434183,1000,1
428,28329697909112,1790295174987580516,1790295174987000000,152073514329030,152073514330957,1790295175208434755,1000,1
429,28329704350630,1790295174993900960,1790295174994000000,152073519329030,152073519330918,1790295175213434595,1000,1
430,28329708292223,1790295174997902590,1790295174998000000,152073524329030,152073524329716,1790295175218432743,1000,1
431,28329716276593,1790295175005898590,1790295175006000000,152073529329030,152073529329397,1790295175223432343,1000,1
432,28329720175112,1790295175009890182,1790295175010000000,152073534329030,152073534331553,1790295175228435120,1000,1
433,28329723591001,1790295175013023256,1790295175013000000,152073539329030,152073539331454,1790295175233435753,1000,1
434,28329728353482,1790295175017894293,1790295175018000000,152073544329030,152073544331686,1790295175238435874,1000,1
435,28329732246964,1790295175021889997,1790295175022000000,152073549329030,152073549332047,1790295175243436366,1000,1
436,28329740259742,1790295175029890516,1790295175030000000,152073554329030,152073554331537,1790295175248436016,1000,1
437,28329744157445,1790295175033886367,1790295175034000000,152073559329030,152073559330967,1790295175253434495,1000,1
438,28329748336260,1790295175037900627,1790295175038000000,152073564329030,152073564331409,1790295175258435978,1000,1
439,28329752234445,1790295175041897256,1790295175042000000,152073569329030,152073569331590,1790295175263435789,1000,1
440,28329758194223,1790295175047073960,1790295175048000000,152073574329030,152073574331120,1790295175268435630,1000,1
441,28329764242779,1790295175053893108,1790295175054000000,152073579329030,152073579331423,1790295175273435942,1000,1
442,28329768368038,1790295175057925738,1790295175058000000,152073584329030,152073584331273,1790295175278436063,1000,1
443,28329772339667,1790295175061902404,1790295175062000000,152073589329030,152073589331365,1790295175283435844,1000,1
444,28329779443186,1790295175069051590,1790295175069000000,152073594329030,152073594330434,1790295175288434322,1000,1
445,28329784247927,1790295175073891441,1790295175074000000,152073599329030,152073599331206,1790295175293435675,1000,1
446,28329790697186,1790295175080383886,1790295175080000000,152073604329030,152073604331718,1790295175298436227,1000,1
447,28329796321112,1790295175085897627,1790295175086000000,152073609329030,152073609330918,1790295175303435086,1000,1
448,28329800269779,1790295175089895256,1790295175090000000,152073614329030,152073614331670,1790295175308435929,1000,1
449,28329802820630,1790295175092451108,1790295175092000000,152073619329030,152073619331511,1790295175313436040,1000,1
450,28329808247371,1790295175097893664,1790295175098000000,152073624329030,152073624331123,1790295175318435602,1000,1
451,28329812259667,1790295175101898034,1790295175102000000,152073629329030,152073629331665,1790295175323436144,1000,1
452,28329820382593,1790295175109909812,1790295175110000000,152073634329030,152073634330995,1790295175328436085,1000,1
453,28329824328556,1790295175113894738,1790295175114000000,152073639329030,152073639331657,1790295175333436166,1000,1
454,28329828264519,1790295175117897997,1790295175118000000,152073644329030,152073644331147,1790295175338436137,1000,1
455,28329832205816,1790295175121888256,1790295175122000000,152073649329030,152073649331599,1790295175343435737,1000,1
456,28329840364482,1790295175129896923,1790295175130000000,152073654329030,152073654331740,1790295175348435909,1000,1
457,28329844278964,1790295175133895886,1790295175134000000,152073659329030,152073659330580,1790295175353434428,1000,1
458,28329848083964,1790295175137599553,1790295175137000000,152073664329030,152073664331283,1790295175358435682,1000,1
459,28329852216149,1790295175141895515,1790295175142000000,152073669329030,152073669332035,1790295175363436274,1000,1
460,28329858273408,1790295175147891219,1790295175148000000,152073674329030,152073674332116,1790295175368436295,1000,1
461,28329864325038,1790295175153902404,1790295175154000000,152073679329030,152073679331386,1790295175373435915,1000,1
462,28329868240964,1790295175157894330,1790295175158000000,152073684329030,152073684332048,1790295175378436327,1000,1
463,28329872246260,1790295175161898256,1790295175162000000,152073689329030,152073689331438,1790295175383435957,1000,1
464,28329880178482,1790295175169886330,1790295175170000000,152073694329030,152073694331930,1790295175388436078,1000,1
465,28329884443519,1790295175173913923,1790295175174000000,152073699329030,152073699332322,1790295175393436500,1000,1
466,28329888295704,1790295175177900108,1790295175178000000,152073704329030,152073704331132,1790295175398435802,1000,1
467,28329893115001,1790295175182723590,1790295175182000000,152073709329030,152073709331504,1790295175403435743,1000,1
468,28329900217001,1790295175189892441,1790295175190000000,152073714329030,152073714330834,1790295175408436295,1000,1
469,28329902944297,1790295175192537812,1790295175192000000,152073719329030,152073719330925,1790295175413435063,1000,1
470,28329908388001,1790295175197900367,1790295175198000000,152073724329030,152073724331968,1790295175418436407,1000,1
471,28329912318297,1790295175201912849,1790295175202000000,152073729329030,152073729331017,1790295175423435306,1000,1
472,28329920272334,1790295175209892256,1790295175210000000,152073734329030,152073734330006,1790295175428434716,1000,1
473,28329924228038,1790295175213895182,1790295175214000000,152073739329030,152073739335699,1790295175433438916,1000,1
474,28329928351630,1790295175217900404,1790295175218000000,152073744329030,152073744329619,1790295175438432635,1000,1
475,28329932278778,1790295175221898478,1790295175222000000,152073749329030,152073749329740,1790295175443432757,1000,1
476,28329937039408,1790295175226709923,1790295175226000000,152073754329030,152073754329481,1790295175448432497,1000,1
477,28329944243334,1790295175233889478,1790295175234000000,152073759329030,152073759329762,1790295175453432779,1000,1
478,28329948340741,1790295175237905071,1790295175238000000,152073764329030,152073764329473,1790295175458432489,1000,1
479,28329952310815,1790295175241901849,1790295175242000000,152073769329030,152073769331738,1790295175463435906,1000,1
480,28329959417223,1790295175249050849,1790295175249000000,152073774329030,152073774331679,1790295175468436188,1000,1
481,28329964235890,1790295175253890071,1790295175254000000,152073779329030,152073779331300,1790295175473435479,1000,1
482,28329968189186,1790295175257895960,1790295175258000000,152073784329030,152073784331492,1790295175478436081,1000,1
483,28329976333223,1790295175265896812,1790295175266000000,152073789329030,152073789331974,1790295175483436213,1000,1
484,28329980252890,1790295175269898589,1790295175270000000,152073794329030,152073794331744,1790295175488436204,1000,1
485,28329984263038,1790295175273896034,1790295175274000000,152073799329030,152073799332046,1790295175493436375,1000,1
486,28329988068186,1790295175277753775,1790295175277000000,152073804329030,152073804331486,1790295175498435725,1000,1
487,28329992313519,1790295175281898293,1790295175282000000,152073809329030,152073809331437,1790295175503435696,1000,1
488,28330000365334,1790295175289898515,1790295175290000000,152073814329030,152073814332319,1790295175508436588,1000,1
489,28330004272112,1790295175293897071,1790295175294000000,152073819329030,152073819330647,1790295175513434515,1000,1
490,28330008316445,1790295175297895997,1790295175298000000,152073824329030,152073824331181,1790295175518435831,1000,1
491,28330012172890,1790295175301891293,1790295175302000000,152073829329030,152073829331503,1790295175523436002,1000,1
492,28330020387593,1790295175309916367,1790295175310000000,152073834329030,152073834331844,1790295175528435963,1000,1
493,28330024253149,1790295175313901960,1790295175314000000,152073839329030,152073839331675,1790295175533436154,1000,1
494,28330028284297,1790295175317904330,1790295175318000000,152073844329030,152073844331425,1790295175538435935,1000,1
495,28330032201815,1790295175321904997,1790295175322000000,152073849329030,152073849331306,1790295175543436026,1000,1
496,28330038332704,1790295175327996293,1790295175328000000,152073854329030,152073854332048,1790295175548436227,1000,1
497,28330044323112,1790295175333914404,1790295175334000000,152073859329030,152073859330937,1790295175553435907,1000,1
498,28330048252149,1790295175337895071,1790295175338000000,152073864329030,152073864329808,1790295175558435359,1000,1
499,28330052255334,1790295175341901330,1790295175342000000,152073869329030,152073869329679,1790295175563432695,1000,1
500,28330060215186,1790295175349889886,1790295175350000000,152073874329030,152073874329650,1790295175568432656,1000,1
501,28330064325260,1790295175353900997,1790295175354000000,152073879329030,152073879329660,1790295175573432677,1000,1
502,28330068274075,1790295175357913960,1790295175358000000,152073884329030,152073884329732,1790295175578432748,1000,1
503,28330072266556,1790295175361767663,1790295175362000000,152073889329030,152073889329542,1790295175583432559,1000,1
504,28330080237334,1790295175369896775,1790295175370000000,152073894329030,152073894329523,1790295175588432540,1000,1
505,28330082923778,1790295175372655701,1790295175372000000,152073899329030,152073899329564,1790295175593432581,1000,1
506,28330088290630,1790295175377893960,1790295175378000000,152073904329030,152073904331180,1790295175598435649,1000,1
507,28330092236186,1790295175381899775,1790295175382000000,152073909329030,152073909331822,1790295175603436031,1000,1
508,28330100380112,1790295175389902145,1790295175390000000,152073914329030,152073914331983,1790295175608436162,1000,1
509,28330104259964,1790295175393907404,1790295175394000000,152073919329030,152073919330732,1790295175613434931,1000,1
510,28330107622630,1790295175397244960,1790295175397000000,152073924329030,152073924331484,1790295175618435994,1000,1
511,28330112212815,1790295175401888330,1790295175402000000,152073929329030,152073929331866,1790295175623436215,1000,1
512,28330118033260,1790295175407039219,1790295175407000000,152073934329030,152073934330675,1790295175628434643,1000,1
513,28330124316519,1790295175413906775,1790295175414000000,152073939329030,152073939330686,1790295175633434694,1000,1
514,28330128358408,1790295175417917367,1790295175418000000,152073944329030,152073944330969,1790295175638435218,1000,1
515,28330132273445,1790295175421896663,1790295175422000000,152073949329030,152073949331391,1790295175643436211,1000,1
516,28330139755408,1790295175429213738,1790295175429000000,152073954329030,152073954330600,1790295175648434829,1000,1
517,28330144400038,1790295175433920738,1790295175434000000,152073959329030,152073959331974,1790295175653436543,1000,1
518,28330148252445,1790295175437900626,1790295175438000000,152073964329030,152073964331163,1790295175658435963,1000,1
519,28330152298704,1790295175441897552,1790295175442000000,152073969329030,152073969330693,1790295175663434682,1000,1
520,28330160211519,1790295175449888886,1790295175450000000,152073974329030,152073974330935,1790295175668434893,1000,1
521,28330162728149,1790295175451683367,1790295175452000000,152073979329030,152073979330074,1790295175673433662,1000,1
522,28330168320704,1790295175457900478,1790295175458000000,152073984329030,152073984332049,1790295175678436258,1000,1
523,28330172359038,1790295175461891960,1790295175462000000,152073989329030,152073989332102,1790295175683436411,1000,1
524,28330180289963,1790295175469890293,1790295175470000000,152073994329030,152073994331572,1790295175688436031,1000,1
525,28330183152038,1790295175472851960,1790295175473000000,152073999329030,152073999330571,1790295175693435261,1000,1
526,28330188399556,1790295175477902330,1790295175478000000,152074004329030,152074004331574,1790295175698435803,1000,1
527,28330192222593,1790295175481895515,1790295175482000000,152074009329030,152074009330383,1790295175703434932,1000,1
528,28330200317667,1790295175489897515,1790295175490000000,152074014329030,152074014330324,1790295175708434973,1000,1
529,28330204249926,1790295175493897775,1790295175494000000,152074019329030,152074019329473,1790295175713432409,1000,1
530,28330207886334,1790295175497545663,1790295175497000000,152074024329030,152074024329544,1790295175718432541,1000,1
531,28330212230075,1790295175501893515,1790295175502000000,152074029329030,152074029329687,1790295175723432704,1000,1
532,28330217065926,1790295175506723812,1790295175506000000,152074034329030,152074034329478,1790295175728432494,1000,1
533,28330224378112,1790295175513901886,1790295175514000000,152074039329030,152074039329549,1790295175733432555,1000,1
534,28330228244815,1790295175517897256,1790295175518000000,152074044329030,152074044329940,1790295175738433418,1000,1
535,28330232267519,1790295175521899404,1790295175522000000,152074049329030,152074049330543,1790295175743434421,1000,1
536,28330238306926,1790295175528006219,1790295175528000000,152074054329030,152074054331014,1790295175748434973,1000,1
537,28330244339556,1790295175533909330,1790295175534000000,152074059329030,152074059331336,1790295175753435465,1000,1
538,28330248248186,1790295175537898515,1790295175538000000,152074064329030,152074064331217,1790295175758435726,1000,1
539,28330252836000,1790295175542005034,1790295175542000000,152074069329030,152074069331611,1790295175763436360,1000,1
540,28330257270445,1790295175546962886,1790295175547000000,152074074329030,152074074331672,1790295175768436141,1000,1
541,28330263239112,1790295175552891849,1790295175553000000,152074079329030,152074079331052,1790295175773436072,1000,1
542,28330268298186,1790295175557897404,1790295175558000000,152074084329030,152074084331203,1790295175778436033,1000,1
543,28330272308445,1790295175561912256,1790295175562000000,152074089329030,152074089331594,1790295175783435823,1000,1
544,28330280276630,1790295175569892552,1790295175570000000,152074094329030,152074094331575,1790295175788436045,1000,1
545,28330283423852,1790295175573053886,1790295175573000000,152074099329030,152074099331807,1790295175793435995,1000,1
546,28330288315889,1790295175577896330,1790295175578000000,152074104329030,152074104331517,1790295175798436067,1000,1
547,28330292250519,1790295175581893923,1790295175582000000,152074109329030,152074109330238,1790295175803435037,1000,1
548,28330297157482,1790295175586827663,1790295175587000000,152074114329030,152074114331501,1790295175808435650,1000,1
549,28330304216297,1790295175593888774,1790295175594000000,152074119329030,152074119330971,1790295175813434578,1000,1
550,28330308385186,1790295175597906923,1790295175598000000,152074124329030,152074124330431,1790295175818434619,1000,1
551,28330312347704,1790295175601907552,1790295175602000000,152074129329030,152074129332005,1790295175823436254,1000,1
552,28330320191815,1790295175609183960,1790295175610000000,152074134329030,152074134330793,1790295175828434641,1000,1
553,28330324224260,1790295175613891700,1790295175614000000,152074139329030,152074139329762,1790295175833432779,1000,1
554,28330328162260,1790295175617889441,1790295175618000000,152074144329030,152074144329493,1790295175838432499,1000,1
555,28330332360963,1790295175621902330,1790295175622000000,152074149329030,152074149331369,1790295175843434907,1000,1
556,28330337093223,1790295175626706552,1790295175626000000,152074154329030,152074154330929,1790295175848434547,1000,1
557,28330342829889,1790295175632464478,1790295175632000000,152074159329030,152074159330479,1790295175853434608,1000,1
558,28330348237778,1790295175637892256,1790295175638000000,152074164329030,152074164331542,1790295175858435992,1000,1
559,28330352301149,1790295175641903552,1790295175642000000,152074169329030,152074169332024,1790295175863436253,1000,1
560,28330360328593,1790295175649897071,1790295175650000000,152074174329030,152074174330623,1790295175868435162,1000,1
561,28330364308037,1790295175653896367,1790295175654000000,152074179329030,152074179330393,1790295175873434522,1000,1
562,28330368238741,1790295175657897108,1790295175658000000,152074184329030,152074184331887,1790295175878436156,1000,1
563,28330372174445,1790295175661889071,1790295175662000000,152074189329030,152074189331748,1790295175883435987,1000,1
564,28330380326037,1790295175669895960,1790295175670000000,152074194329030,152074194332262,1790295175888436440,1000,1
565,28330384257260,1790295175673895848,1790295175674000000,152074199329030,152074199332032,1790295175893436161,1000,1
566,28330387322371,1790295175676818256,1790295175677000000,152074204329030,152074204330581,1790295175898434489,1000,1
567,28330392232371,1790295175681895589,1790295175682000000,152074209329030,152074209331603,1790295175903435842,1000,1
568,28330398686519,1790295175688153293,1790295175688000000,152074214329030,152074214330943,1790295175908434901,1000,1
569,28330404301963,1790295175693913848,1790295175694000000,152074219329030,152074219331585,1790295175913435714,1000,1
570,28330408504260,1790295175697286886,1790295175698000000,152074224329030,152074224330895,1790295175918434553,1000,1
571,28330412267630,1790295175701900997,1790295175702000000,152074229329030,152074229331567,1790295175923435716,1000,1
572,28330420215741,1790295175709885700,1790295175710000000,152074234329030,152074234331781,1790295175928436120,1000,1
573,28330424324482,1790295175713901293,1790295175714000000,152074239329030,152074239332072,1790295175933436291,1000,1
574,28330428263815,1790295175717913256,1790295175718000000,152074244329030,152074244330180,1790295175938434348,1000,1
575,28330433736667,1790295175723368997,1790295175723000000,152074249329030,152074249331573,1790295175943435722,1000,1
576,28330440198889,1790295175729898848,1790295175730000000,152074254329030,152074254332015,1790295175948436224,1000,1
577,28330443211037,1790295175732884219,1790295175733000000,152074259329030,152074259331315,1790295175953435604,1000,1
578,28330448333778,1790295175737897441,1790295175738000000,152074264329030,152074264331536,1790295175958435975,1000,1
579,28330452284445,1790295175741904404,1790295175742000000,152074269329030,152074269331638,1790295175963436107,1000,1
580,28330457792852,1790295175747407145,1790295175747000000,152074274329030,152074274331290,1790295175968435950,1000,1
581,28330464217593,1790295175753897737,1790295175754000000,152074279329030,152074279331772,1790295175973435951,1000,1
582,28330468353111,1790295175757903997,1790295175758000000,152074284329030,152074284331051,1790295175978436202,1000,1
583,28330472279186,1790295175761891589,1790295175762000000,152074289329030,152074289332155,1790295175983436313,1000,1
584,28330477969519,1790295175767583330,1790295175767000000,152074294329030,152074294332035,1790295175988436174,1000,1
585,28330484208778,1790295175773895071,1790295175774000000,152074299329030,152074299331776,1790295175993436245,1000,1
586,28330487002593,1790295175776735034,1790295175776000000,152074304329030,152074304331927,1790295175998436186,1000,1
587,28330492342297,1790295175781900182,1790295175782000000,152074309329030,152074309331988,1790295176003436107,1000,1
588,28330499419704,1790295175789052922,1790295175789000000,152074314329030,152074314331701,1790295176008436350,1000,1
589,28330504230741,1790295175793889700,1790295175794000000,152074319329030,152074319331301,1790295176013436071,1000,1
590,28330508163852,1790295175797890737,1790295175798000000,152074324329030,152074324331091,1790295176018435881,1000,1
591,28330516332852,1790295175805893552,1790295175806000000,152074329329030,152074329331824,1790295176023436043,1000,1
592,28330520250074,1790295175809893256,1790295175810000000,152074334329030,152074334331544,1790295176028436084,1000,1
593,28330522508371,1790295175811666071,1790295175812000000,152074339329030,152074339331535,1790295176033435734,1000,1
594,28330528382926,1790295175818023367,1790295175818000000,152074344329030,152074344330624,1790295176038435154,1000,1
595,28330532343148,1790295175821905626,1790295175822000000,152074349329030,152074349330565,1790295176043434694,1000,1
596,28330538739148,1790295175828308700,1790295175828000000,152074354329030,152074354329626,1790295176048432652,1000,1
597,28330544522482,1790295175833895922,1790295175834000000,152074359329030,152074359329627,1790295176053432653,1000,1
598,28330548267260,1790295175837895663,1790295175838000000,152074364329030,152074364331521,1790295176058435730,1000,1
599,28330552175185,1790295175841890330,1790295175842000000,152074369329030,152074369330881,1790295176063434619,1000,1
600,28330560443704,1790295175849911478,1790295175850000000,152074374329030,152074374331714,1790295176068436143,1000,1
601,28330564289519,1790295175853895848,1790295175854000000,152074379329030,152074379331584,1790295176073435803,1000,1
602,28330568113074,1790295175857675552,1790295175857000000,152074384329030,152074384331926,1790295176078436095,1000,1
603,28330576207482,1790295175865895219,1790295175866000000,152074389329030,152074389331497,1790295176083435755,1000,1
604,28330578462408,1790295175868079145,1790295175868000000,152074394329030,152074394330777,1790295176088434916,1000,1
605,28330584311556,1790295175873896959,1790295175874000000,152074399329030,152074399331570,1790295176093436059,1000,1
606,28330588293482,1790295175877926626,1790295175878000000,152074404329030,152074404332032,1790295176098436210,1000,1
607,28330592288000,1790295175881896959,1790295175882000000,152074409329030,152074409331953,1790295176103436151,1000,1
608,28330600215815,1790295175889892626,1790295175890000000,152074414329030,152074414331693,1790295176108436282,1000,1
609,28330604345408,1790295175893898700,1790295175894000000,152074419329030,152074419332205,1790295176113436374,1000,1
610,28330612700482,1790295175901539256,1790295175902000000,152074424329030,152074424331795,1790295176118436244,1000,1
611,28330613193037,1790295175902670996,1790295175903000000,152074429329030,152074429331906,1790295176123436135,1000,1
612,28330619503963,1790295175909181219,1790295175909000000,152074434329030,152074434331608,1790295176128436047,1000,1
613,28330623339185,1790295175912901071,1790295175913000000,152074439329030,152074439331719,1790295176133435958,1000,1
614,28330628321222,1790295175917898108,1790295175918000000,152074444329030,152074444330959,1790295176138434837,1000,1
615,28330632305519,1790295175921907330,1790295175922000000,152074449329030,152074449331360,1790295176143435910,1000,1
616,28330640268371,1790295175929894071,1790295175930000000,152074454329030,152074454331602,1790295176148435821,1000,1
617,28330644319556,1790295175933910441,1790295175934000000,152074459329030,152074459330601,1790295176153434459,1000,1
618,28330648351704,1790295175937903256,1790295175938000000,152074464329030,152074464331444,1790295176158435592,1000,1
619,28330652287963,1790295175941890959,1790295175942000000,152074469329030,152074469330845,1790295176163434453,1000,1
620,28330657774519,1790295175946745885,1790295175947000000,152074474329030,152074474331097,1790295176168435035,1000,1
621,28330664280815,1790295175953897996,1790295175954000000,152074479329030,152074479331488,1790295176173436138,1000,1
622,28330668398037,1790295175957906108,1790295175958000000,152074484329030,152074484331910,1790295176178436129,1000,1
623,28330672305111,1790295175961902330,1790295175962000000,152074489329030,152074489330749,1790295176183434356,1000,1
624,28330680395185,1790295175969052663,1790295175970000000,152074494329030,152074494331591,1790295176188435760,1000,1
625,28330684219741,1790295175973889626,1790295175974000000,152074499329030,152074499331031,1790295176193434509,1000,1
626,28330688293111,1790295175977911515,1790295175978000000,152074504329030,152074504330531,1790295176198435912,1000,1
627,28330692357111,1790295175981920108,1790295175982000000,152074509329030,152074509331045,1790295176203435895,1000,1
628,28330700274148,1790295175989897182,1790295175990000000,152074514329030,152074514330876,1790295176208435676,1000,1
629,28330704270926,1790295175993899367,1790295175994000000,152074519329030,152074519331759,1790295176213435907,1000,1
630,28330708198037,1790295175997891478,1790295175998000000,152074524329030,152074524331549,1790295176218436269,1000,1
631,28330712237445,1790295176001888441,1790295176002000000,152074529329030,152074529330067,1790295176223433605,1000,1
632,28330719489556,1790295176009019108,1790295176009000000,152074534329030,152074534330109,1790295176228433676,1000,1
633,28330725347963,1790295176013899256,1790295176015000000,152074539329030,152074539331151,1790295176233435651,1000,1
634,28330728261556,1790295176017897108,1790295176018000000,152074544329030,152074544332014,1790295176238436283,1000,1
635,28330732183185,1790295176021885515,1790295176022000000,152074549329030,152074549331767,1790295176243435915,1000,1
636,28330740375926,1790295176029894885,1790295176030000000,152074554329030,152074554331137,1790295176248435045,1000,1
637,28330744254667,1790295176033894070,1790295176034000000,152074559329030,152074559331588,1790295176253435727,1000,1
638,28330747115074,1790295176036741700,1790295176036000000,152074564329030,152074564331489,1790295176258435668,1000,1
639,28330752331519,1790295176041898848,1790295176042000000,152074569329030,152074569331430,1790295176263436290,1000,1
640,28330758326111,1790295176047893145,1790295176048000000,152074574329030,152074574331291,1790295176268436241,1000,1
641,28330764348148,1790295176053898848,1790295176054000000,152074579329030,152074579331512,1790295176273435671,1000,1
642,28330768321519,1790295176057890700,1790295176058000000,152074584329030,152074584331503,1790295176278436022,1000,1
643,28330772255926,1790295176061897811,1790295176062000000,152074589329030,152074589330895,1790295176283434442,1000,1
644,28330780177334,1790295176069882996,1790295176070000000,152074594329030,152074594331467,1790295176288436016,1000,1
645,28330784330556,1790295176073898293,1790295176074000000,152074599329030,152074599331648,1790295176293436077,1000,1
646,28330788298556,1790295176077899219,1790295176078000000,152074604329030,152074604331409,1790295176298435928,1000,1
647,28330793009037,1790295176082629182,1790295176082000000,152074609329030,152074609331349,1790295176303436149,1000,1
648,28330800222741,1790295176089896256,1790295176090000000,152074614329030,152074614330589,1790295176308434427,1000,1
649,28330803305296,1790295176092890293,1790295176093000000,152074619329030,152074619332033,1790295176313436231,1000,1
650,28330808350889,1790295176097897515,1790295176098000000,152074624329030,152074624331254,1790295176318436094,1000,1
651,28330814588482,1790295176104047552,1790295176104000000,152074629329030,152074629331546,1790295176323435734,1000,1
652,28330820279111,1790295176109895737,1790295176110000000,152074634329030,152074634331046,1790295176328435515,1000,1
653,28330824198074,1790295176113891515,1790295176114000000,152074639329030,152074639331387,1790295176333435606,1000,1
654,28330828341482,1790295176117903663,1790295176118000000,152074644329030,152074644332531,1790295176338436659,1000,1
655,28330832281111,1790295176121908107,1790295176122000000,152074649329030,152074649331450,1790295176343435919,1000,1
656,28330837713704,1790295176127347811,1790295176127000000,152074654329030,152074654332072,1790295176348436290,1000,1
657,28330844201556,1790295176133890552,1790295176134000000,152074659329030,152074659331552,1790295176353435720,1000,1
658,28330848342778,1790295176137893589,1790295176138000000,152074664329030,152074664331515,1790295176358435653,1000,1
659,28330852318630,1790295176141903478,1790295176142000000,152074669329030,152074669332327,1790295176363436546,1000,1
660,28330858629296,1790295176148227107,1790295176148000000,152074674329030,152074674332018,1790295176368436246,1000,1
661,28330864306852,1790295176153893070,1790295176154000000,152074679329030,152074679331488,1790295176373435676,1000,1
662,28330868228185,1790295176157903663,1790295176158000000,152074684329030,152074684332350,1790295176378436539,1000,1
663,28330872369778,1790295176161903107,1790295176162000000,152074689329030,152074689331700,1790295176383435949,1000,1
664,28330880279445,1790295176169898737,1790295176170000000,152074694329030,152074694331561,1790295176388436070,1000,1
665,28330882713222,1790295176171758848,1790295176172000000,152074699329030,152074699331712,1790295176393435810,1000,1
666,28330888204408,1790295176177889922,1790295176178000000,152074704329030,152074704331445,1790295176398435824,1000,1
667,28330892261815,1790295176181894367,1790295176182000000,152074709329030,152074709332167,1790295176403436335,1000,1
668,28330900285667,1790295176189891219,1790295176190000000,152074714329030,152074714330575,1790295176408434182,1000,1
669,28330904280556,1790295176193894885,1790295176194000000,152074719329030,152074719332169,1790295176413436388,1000,1
670,28330908278111,1790295176197907885,1790295176198000000,152074724329030,152074724330617,1790295176418434916,1000,1
671,28330912206074,1790295176201889700,1790295176202000000,152074729329030,152074729331550,1790295176423435738,1000,1
672,28330920351445,1790295176209896700,1790295176210000000,152074734329030,152074734330008,1790295176428433475,1000,1
673,28330924251111,1790295176213900070,1790295176214000000,152074739329030,152074739329669,1790295176433432836,1000,1
674,28330927313889,1790295176216836478,1790295176217000000,152074744329030,152074744329651,1790295176438432667,1000,1
675,28330932225370,1790295176221894293,1790295176222000000,152074749329030,152074749329521,1790295176443432538,1000,1
676,28330938647667,1790295176228160996,1790295176228000000,152074754329030,152074754329623,1790295176448432639,1000,1
677,28330944307630,1790295176233904996,1790295176234000000,152074759329030,152074759329774,1790295176453432790,1000,1
678,28330948237667,1790295176237894552,1790295176238000000,152074764329030,152074764331618,1790295176458435206,1000,1
679,28330952248741,1790295176241900293,1790295176242000000,152074769329030,152074769331890,1790295176463436088,1000,1
680,28330958838482,1790295176248514478,1790295176248000000,152074774329030,152074774331470,1790295176468436230,1000,1
681,28330964294407,1790295176253897626,1790295176254000000,152074779329030,152074779330691,1790295176473434308,1000,1
682,28330968226222,1790295176257894626,1790295176258000000,152074784329030,152074784331484,1790295176478435812,1000,1
683,28330972376333,1790295176261893885,1790295176262000000,152074789329030,152074789331985,1790295176483436164,1000,1
684,28330980310037,1790295176269895885,1790295176270000000,152074794329030,152074794332016,1790295176488436305,1000,1
685,28330983404222,1790295176273028478,1790295176273000000,152074799329030,152074799332047,1790295176493436276,1000,1
686,28330988223778,1790295176277892256,1790295176278000000,152074804329030,152074804331608,1790295176498436077,1000,1
687,28330992153926,1790295176281888033,1790295176282000000,152074809329030,152074809332510,1790295176503436739,1000,1
688,28331000347185,1790295176289898070,1790295176290000000,152074814329030,152074814331008,1790295176508434556,1000,1
689,28331004252704,1790295176293896218,1790295176294000000,152074819329030,152074819332061,1790295176513436300,1000,1
690,28331008262370,1790295176297897070,1790295176298000000,152074824329030,152074824331113,1790295176518435382,1000,1
691,28331012207556,1790295176301891256,1790295176302000000,152074829329030,152074829332186,1790295176523436384,1000,1
692,28331020343556,1790295176309904144,1790295176310000000,152074834329030,152074834332097,1790295176528436415,1000,1
693,28331022480222,1790295176312123107,1790295176312000000,152074839329030,152074839330695,1790295176533435094,1000,1
694,28331028302370,1790295176317913922,1790295176318000000,152074844329030,152074844331958,1790295176538436177,1000,1
695,28331032228630,1790295176321898181,1790295176322000000,152074849329030,152074849331809,1790295176543436018,1000,1
696,28331039680630,1790295176329258626,1790295176329000000,152074854329030,152074854331970,1790295176548436249,1000,1
697,28331044307815,1790295176333895070,1790295176334000000,152074859329030,152074859330850,1790295176553435049,1000,1
698,28331048268481,1790295176337902107,1790295176338000000,152074864329030,152074864337253,1790295176558441242,1000,1
699,28331052270481,1790295176341902737,1790295176342000000,152074869329030,152074869329660,1790295176563432676,1000,1
700,28331060204556,1790295176349888033,1790295176350000000,152074874329030,152074874329461,1790295176568432487,1000,1
701,28331062851704,1790295176351880552,1790295176352000000,152074879329030,152074879330564,1790295176573434081,1000,1
702,28331068288370,1790295176357898033,1790295176358000000,152074884329030,152074884331025,1790295176578435084,1000,1
704,28331080245074,1790295176369888626,1790295176370000000,152074894329030,152074894330798,1790295176588434937,1000,1
705,28331084176296,1790295176373886996,1790295176374000000,152074899329030,152074899330990,1790295176593434648,1000,1
706,28331088351296,1790295176377919589,1790295176378000000,152074904329030,152074904330580,1790295176598434779,1000,1
707,28331092250148,1790295176381901848,1790295176382000000,152074909329030,152074909331303,1790295176603436173,1000,1
708,28331100253222,1790295176389899404,1790295176390000000,152074914329030,152074914330963,1790295176608434571,1000,1
709,28331104154889,1790295176393887552,1790295176394000000,152074919329030,152074919330683,1790295176613434862,1000,1
710,28331108041407,1790295176397063181,1790295176397000000,152074924329030,152074924330684,1790295176618434953,1000,1
711,28331112326704,1790295176401899589,1790295176402000000,152074929329030,152074929330485,1790295176623433942,1000,1
712,28331118631704,1790295176408052811,1790295176408000000,152074934329030,152074934331108,1790295176628434666,1000,1
713,28331124234407,1790295176413903885,1790295176414000000,152074939329030,152074939331481,1790295176633435078,1000,1
714,28331128168148,1790295176417892181,1790295176418000000,152074944329030,152074944331281,1790295176638434779,1000,1
715,28331132386407,1790295176421902552,1790295176422000000,152074949329030,152074949331473,1790295176643436042,1000,1
716,28331140277000,1790295176429899144,1790295176430000000,152074954329030,152074954331614,1790295176648435792,1000,1
717,28331144282593,1790295176433899404,1790295176434000000,152074959329030,152074959330713,1790295176653435282,1000,1
718,28331148179556,1790295176437891552,1790295176438000000,152074964329030,152074964331556,1790295176658435704,1000,1
719,28331152239518,1790295176441722515,1790295176442000000,152074969329030,152074969331837,1790295176663436266,1000,1
720,28331159401518,1790295176448960255,1790295176449000000,152074974329030,152074974331668,1790295176668435877,1000,1
721,28331163655704,1790295176453152441,1790295176453000000,152074979329030,152074979330708,1790295176673434235,1000,1
722,28331168231000,1790295176457891737,1790295176458000000,152074984329030,152074984330338,1790295176678434477,1000,1
723,28331172163296,1790295176461886811,1790295176462000000,152074989329030,152074989330660,1790295176683434548,1000,1
724,28331180333555,1790295176469900737,1790295176470000000,152074994329030,152074994331132,1790295176688435090,1000,1
725,28331184316667,1790295176473911589,1790295176474000000,152074999329030,152074999331684,1790295176693435852,1000,1
726,28331188245444,1790295176477896144,1790295176478000000,152075004329030,152075004331033,1790295176698435312,1000,1
727,28331192162259,1790295176481888292,1790295176482000000,152075009329030,152075009331545,1790295176703436015,1000,1
728,28331197296963,1790295176486727552,1790295176487000000,152075014329030,152075014330936,1790295176708434594,1000,1
729,28331204329555,1790295176493907811,1790295176494000000,152075019329030,152075019329635,1790295176713432662,1000,1
730,28331208304481,1790295176497899848,1790295176498000000,152075024329030,152075024330077,1790295176718433204,1000,1
731,28331212243222,1790295176501895255,1790295176502000000,152075029329030,152075029329677,1790295176723432694,1000,1
732,28331219549778,1790295176509047626,1790295176509000000,152075034329030,152075034329789,1790295176728432795,1000,1
733,28331224358370,1790295176513916441,1790295176514000000,152075039329030,152075039331833,1790295176733436002,1000,1
734,28331227444111,1790295176517009329,1790295176517000000,152075044329030,152075044331995,1790295176738436113,1000,1
735,28331232269370,1790295176521897218,1790295176522000000,152075049329030,152075049331505,1790295176743435964,1000,1
736,28331239298444,1790295176528993700,1790295176529000000,152075054329030,152075054330736,1790295176748434614,1000,1
737,28331242879259,1790295176531950996,1790295176532000000,152075059329030,152075059331067,1790295176753435837,1000,1
738,28331248288259,1790295176537897922,1790295176538000000,152075064329030,152075064331509,1790295176758435688,1000,1
739,28331252240296,1790295176541908107,1790295176542000000,152075069329030,152075069330939,1790295176763435017,1000,1
740,28331260247111,1790295176549892848,1790295176550000000,152075074329030,152075074330940,1790295176768434838,1000,1
741,28331264258222,1790295176553901737,1790295176554000000,152075079329030,152075079331332,1790295176773435630,1000,1
742,28331268301074,1790295176557903700,1790295176558000000,152075084329030,152075084331693,1790295176778436162,1000,1
743,28331272247370,1790295176561897663,1790295176562000000,152075089329030,152075089331074,1790295176783434601,1000,1
744,28331280232704,1790295176569888700,1790295176570000000,152075094329030,152075094331067,1790295176788435546,1000,1
745,28331284163037,1790295176573886774,1790295176574000000,152075099329030,152075099330967,1790295176793435206,1000,1
746,28331287193963,1790295176576744663,1790295176577000000,152075104329030,152075104330588,1790295176798434766,1000,1
747,28331292311074,1790295176581918070,1790295176582000000,152075109329030,152075109331691,1790295176803435779,1000,1
748,28331298532889,1790295176588021292,1790295176588000000,152075114329030,152075114331271,1790295176808435760,1000,1
749,28331304244926,1790295176593903107,1790295176594000000,152075119329030,152075119331642,1790295176813436102,1000,1
750,28331308181592,1790295176597890255,1790295176598000000,152075124329030,152075124331313,1790295176818436083,1000,1
751,28331312319185,1790295176601906366,1790295176602000000,152075129329030,152075129330763,1790295176823434301,1000,1
752,28331320321778,1790295176609897737,1790295176610000000,152075134329030,152075134331036,1790295176828434884,1000,1
753,28331327001555,1790295176616636441,1790295176616000000,152075139329030,152075139331488,1790295176833435646,1000,1
754,28331327288629,1790295176616743107,1790295176617000000,152075144329030,152075144331379,1790295176838435257,1000,1
755,28331332925555,1790295176621915996,1790295176622000000,152075149329030,152075149331410,1790295176843435899,1000,1
756,28331340349259,1790295176629912663,1790295176630000000,152075154329030,152075154331791,1790295176848435940,1000,1
757,28331343384741,1790295176633014515,1790295176633000000,152075159329030,152075159331893,1790295176853436091,1000,1
758,28331348210185,1790295176637889515,1790295176638000000,152075164329030,152075164331593,1790295176858435902,1000,1
759,28331352188259,1790295176641897737,1790295176642000000,152075169329030,152075169331464,1790295176863435943,1000,1
760,28331360324148,1790295176649901366,1790295176650000000,152075174329030,152075174331125,1790295176868434793,1000,1
761,28331364293555,1790295176653911885,1790295176654000000,152075179329030,152075179331537,1790295176873435706,1000,1
762,28331368229185,1790295176657893440,1790295176658000000,152075184329030,152075184330636,1790295176878434785,1000,1
763,28331372203592,1790295176661898440,1790295176662000000,152075189329030,152075189330998,1790295176883434605,1000,1
764,28331377349296,1790295176666941700,1790295176667000000,152075194329030,152075194330568,1790295176888434486,1000,1
765,28331384279370,1790295176673896922,1790295176674000000,152075199329030,152075199331671,1790295176893435850,1000,1
766,28331388549592,1790295176677896996,1790295176678000000,152075204329030,152075204331792,1790295176898435961,1000,1
767,28331392251778,1790295176681894996,1790295176682000000,152075209329030,152075209330392,1790295176903435262,1000,1
768,28331399344555,1790295176689043403,1790295176689000000,152075214329030,152075214331726,1790295176908435935,1000,1
769,28331404334555,1790295176693898403,1790295176694000000,152075219329030,152075219331717,1790295176913435825,1000,1
770,28331408253592,1790295176697896922,1790295176698000000,152075224329030,152075224332028,1790295176918436197,1000,1
771,28331416342778,1790295176705909885,1790295176706000000,152075229329030,152075229331308,1790295176923435487,1000,1
772,28331420288370,1790295176709891996,1790295176710000000,152075234329030,152075234331610,1790295176928435377,1000,1
773,28331422967778,1790295176712546848,1790295176712000000,152075239329030,152075239331340,1790295176933435789,1000,1
774,28331428296333,1790295176717896848,1790295176718000000,152075244329030,152075244330870,1790295176938435129,1000,1
775,28331432281703,1790295176721902218,1790295176722000000,152075249329030,152075249331404,1790295176943435883,1000,1
776,28331438745926,1790295176728378959,1790295176728000000,152075254329030,152075254331676,1790295176948435844,1000,1
777,28331444241666,1790295176733891181,1790295176734000000,152075259329030,152075259332518,1790295176953436707,1000,1
778,28331448303666,1790295176737903329,1790295176738000000,152075264329030,152075264332068,1790295176958436658,1000,1
779,28331452411111,1790295176741898663,1790295176742000000,152075269329030,152075269331308,1790295176963436038,1000,1
780,28331460236074,1790295176749888959,1790295176750000000,152075274329030,152075274332070,1790295176968436179,1000,1
781,28331464190778,1790295176753887885,1790295176754000000,152075279329030,152075279331330,1790295176973435559,1000,1
782,28331468323444,1790295176757901811,1790295176758000000,152075284329030,152075284331311,1790295176978435830,1000,1
783,28331472289037,1790295176761913218,1790295176762000000,152075289329030,152075289331995,1790295176983436274,1000,1
784,28331478398037,1790295176767880292,1790295176768000000,152075294329030,152075294331064,1790295176988435854,1000,1
785,28331484223963,1790295176773903737,1790295176774000000,152075299329030,152075299332618,1790295176993436857,1000,1
786,28331488180111,1790295176777888033,1790295176778000000,152075304329030,152075304331517,1790295176998435746,1000,1
787,28331492312889,1790295176781899070,1790295176782000000,152075309329030,152075309332560,1790295177003436739,1000,1
788,28331500256852,1790295176789895700,1790295176790000000,152075314329030,152075314331719,1790295177008435908,1000,1
789,28331504223037,1790295176793894626,1790295176794000000,152075319329030,152075319332512,1790295177013436680,1000,1
790,28331508205778,1790295176797900996,1790295176798000000,152075324329030,152075324332605,1790295177018436844,1000,1
791,28331512833481,1790295176801950144,1790295176802000000,152075329329030,152075329331243,1790295177023435412,1000,1
792,28331520280259,1790295176809908885,1790295176810000000,152075334329030,152075334332106,1790295177028436375,1000,1
793,28331523263852,1790295176812888107,1790295176813000000,152075339329030,152075339340383,1790295177033444561,1000,1
794,28331532233778,1790295176821786626,1790295176822000000,152075344329030,152075344330695,1790295177038435736,1000,1
795,28331534570444,1790295176824170218,1790295176824000000,152075349329030,152075349332179,1790295177043436388,1000,1
796,28331539628444,1790295176829297552,1790295176829000000,152075354329030,152075354331048,1790295177048434585,1000,1
797,28331544236333,1790295176833890440,1790295176834000000,152075359329030,152075359329726,1790295177053432743,1000,1
798,28331548336444,1790295176837913737,1790295176838000000,152075364329030,152075364329469,1790295177058432475,1000,1
799,28331552258852,1790295176841897218,1790295176842000000,152075369329030,152075369329470,1790295177063432476,1000,1
800,28331557708703,1790295176846949922,1790295176847000000,152075374329030,152075374329681,1790295177068432707,1000,1
801,28331564207926,1790295176853889477,1790295176854000000,152075379329030,152075379329802,1790295177073432829,1000,1
802,28331568291852,1790295176857897329,1790295176858000000,152075384329030,152075384331586,1790295177078435775,1000,1
803,28331572299889,1790295176861901292,1790295176862000000,152075389329030,152075389332008,1790295177083436257,1000,1
804,28331579750333,1790295176869196663,1790295176869000000,152075394329030,152075394332300,1790295177088436478,1000,1
805,28331584236111,1790295176873902774,1790295176874000000,152075399329030,152075399331120,1790295177093434627,1000,1
806,28331588184000,1790295176877884589,1790295176878000000,152075404329030,152075404332023,1790295177098436272,1000,1
807,28331596334666,1790295176885906922,1790295176886000000,152075409329030,152075409331824,1790295177103436343,1000,1
808,28331600326296,1790295176889893774,1790295176890000000,152075414329030,152075414331474,1790295177108435632,1000,1
809,28331604278296,1790295176893897403,1790295176894000000,152075419329030,152075419332336,1790295177113436595,1000,1
810,28331608204111,1790295176897894329,1790295176898000000,152075424329030,152075424330905,1790295177118436456,1000,1
811,28331612271259,1790295176901898218,1790295176902000000,152075429329030,152075429331517,1790295177123435726,1000,1
812,28331620363777,1790295176909912551,1790295176910000000,152075434329030,152075434331589,1790295177128435747,1000,1
813,28331624260926,1790295176913893551,1790295176914000000,152075439329030,152075439331661,1790295177133436010,1000,1
814,28331628326555,1790295176917897292,1790295176918000000,152075444329030,152075444331351,1790295177138436221,1000,1
815,28331632328518,1790295176921902959,1790295176922000000,152075449329030,152075449329719,1790295177143432736,1000,1
816,28331639835222,1790295176929401255,1790295176929000000,152075454329030,152075454331023,1790295177148434560,1000,1
817,28331644329037,1790295176933902033,1790295176934000000,152075459329030,152075459330623,1790295177153435222,1000,1
818,28331648268111,1790295176937899255,1790295176938000000,152075464329030,152075464331345,1790295177158435835,1000,1
819,28331652241148,1790295176941888700,1790295176942000000,152075469329030,152075469331867,1790295177163436036,1000,1
820,28331660390111,1790295176949900959,1790295176950000000,152075474329030,152075474331098,1790295177168434775,1000,1
821,28331664295185,1790295176953908440,1790295176954000000,152075479329030,152075479331341,1790295177173435540,1000,1
822,28331668353074,1790295176957893070,1790295176958000000,152075484329030,152075484331092,1790295177178435641,1000,1
823,28331672243926,1790295176961896403,1790295176962000000,152075489329030,152075489331654,1790295177183435782,1000,1
824,28331680217444,1790295176969890255,1790295176970000000,152075494329030,152075494330643,1790295177188435733,1000,1
825,28331684385074,1790295176973902477,1790295176974000000,152075499329030,152075499331415,1790295177193435584,1000,1
826,28331688282222,1790295176977912033,1790295176978000000,152075504329030,152075504331727,1790295177198435936,1000,1
827,28331693106296,1790295176982743070,1790295176982000000,152075509329030,152075509331347,1790295177203435866,1000,1
828,28331700228222,1790295176989893551,1790295176990000000,152075514329030,152075514331558,1790295177208435767,1000,1
829,28331703314296,1790295176992904996,1790295176993000000,152075519329030,152075519332050,1790295177213436480,1000,1
830,28331708308333,1790295176997911477,1790295176998000000,152075524329030,152075524331390,1790295177218435889,1000,1
831,28331714586889,1790295177004065737,1790295177004000000,152075529329030,152075529330920,1790295177223435109,1000,1
832,28331720250296,1790295177009894329,1790295177010000000,152075534329030,152075534329589,1790295177228432605,1000,1
833,28331724190333,1790295177013890366,1790295177014000000,152075539329030,152075539330932,1790295177233434790,1000,1
834,28331728326407,1790295177017899588,1790295177018000000,152075544329030,152075544330512,1790295177238434651,1000,1
835,28331735274814,1790295177024908033,1790295177025000000,152075549329030,152075549331838,1790295177243436097,1000,1
836,28331738053185,1790295177027486551,1790295177027000000,152075554329030,152075554331568,1790295177248435737,1000,1
837,28331742441370,1790295177031993811,1790295177032000000,152075559329030,152075559331700,1790295177253436139,1000,1
838,28331748423148,1790295177037917737,1790295177038000000,152075564329030,152075564331280,1790295177258435659,1000,1
839,28331756386259,1790295177045897588,1790295177046000000,152075569329030,152075569331712,1790295177263435890,1000,1
840,28331759449888,1790295177049058996,1790295177049000000,152075574329030,152075574331973,1790295177268436232,1000,1
841,28331764256074,1790295177053896440,1790295177054000000,152075579329030,152075579330632,1790295177273434149,1000,1
842,28331768186444,1790295177057889403,1790295177058000000,152075584329030,152075584330492,1790295177278434521,1000,1
843,28331772330259,1790295177061901218,1790295177062000000,152075589329030,152075589331087,1790295177283435435,1000,1
844,28331780276592,1790295177069897885,1790295177070000000,152075594329030,152075594331448,1790295177288436098,1000,1
845,28331782946000,1790295177071954959,1790295177072000000,152075599329030,152075599331780,1790295177293436059,1000,1
846,28331788201222,1790295177077889070,1790295177078000000,152075604329030,152075604331410,1790295177298435659,1000,1
847,28331792278148,1790295177081894218,1790295177082000000,152075609329030,152075609330599,1790295177303434588,1000,1
848,28331800307370,1790295177089896218,1790295177090000000,152075614329030,152075614331733,1790295177308435871,1000,1
849,28331804270148,1790295177093898329,1790295177094000000,152075619329030,152075619330662,1790295177313435211,1000,1
850,28331808276555,1790295177097900625,1790295177098000000,152075624329030,152075624331486,1790295177318435624,1000,1
851,28331812195407,1790295177101888699,1790295177102000000,152075629329030,152075629331006,1790295177323435465,1000,1
852,28331820349407,1790295177109902366,1790295177110000000,152075634329030,152075634331568,1790295177328435717,1000,1
853,28331822784259,1790295177112292440,1790295177112000000,152075639329030,152075639330838,1790295177333434966,1000,1
854,28331828220074,1790295177117000774,1790295177118000000,152075644329030,152075644331049,1790295177338435759,1000,1
855,28331832298666,1790295177121895366,1790295177122000000,152075649329030,152075649331821,1790295177343436000,1000,1
856,28331838487444,1790295177128024070,1790295177128000000,152075654329030,152075654331522,1790295177348435690,1000,1
857,28331844374518,1790295177133896403,1790295177134000000,152075659329030,152075659332625,1790295177353436834,1000,1
858,28331848324037,1790295177137897440,1790295177138000000,152075664329030,152075664330754,1790295177358434983,1000,1
859,28331852288444,1790295177141896218,1790295177142000000,152075669329030,152075669331817,1790295177363436297,1000,1
860,28331860252962,1790295177149891255,1790295177150000000,152075674329030,152075674332369,1790295177368436548,1000,1
861,28331864362592,1790295177153898811,1790295177154000000,152075679329030,152075679331188,1790295177373435687,1000,1
862,28331868257148,1790295177157896699,1790295177158000000,152075684329030,152075684330919,1790295177378435678,1000,1
863,28331872333370,1790295177161900292,1790295177162000000,152075689329030,152075689332022,1790295177383436220,1000,1
864,28331880227555,1790295177169896514,1790295177170000000,152075694329030,152075694331993,1790295177388436181,1000,1
865,28331882059000,1790295177171721403,1790295177171000000,152075699329030,152075699331884,1790295177393436153,1000,1
866,28331888345888,1790295177177897885,1790295177178000000,152075704329030,152075704331354,1790295177398435533,1000,1
867,28331892284222,1790295177181894662,1790295177182000000,152075709329030,152075709330995,1790295177403435474,1000,1
868,28331900241148,1790295177189890107,1790295177190000000,152075714329030,152075714331487,1790295177408435685,1000,1
869,28331904203037,1790295177193887959,1790295177194000000,152075719329030,152075719332069,1790295177413436257,1000,1
870,28331908311000,1790295177197903477,1790295177198000000,152075724329030,152075724332220,1790295177418436429,1000,1
871,28331913380148,1790295177202974662,1790295177203000000,152075729329030,152075729330628,1790295177423434826,1000,1
872,28331918572555,1790295177208181107,1790295177208000000,152075734329030,152075734331501,1790295177428435590,1000,1
873,28331923320370,1790295177213008848,1790295177213000000,152075739329030,152075739329279,1790295177433432315,1000,1
874,28331928275740,1790295177217889736,1790295177218000000,152075744329030,152075744329751,1790295177438432767,1000,1
875,28331932364518,1790295177221917403,1790295177222000000,152075749329030,152075749329701,1790295177443432718,1000,1
876,28331939642814,1790295177229041959,1790295177229000000,152075754329030,152075754329512,1790295177448432539,1000,1
877,28331944238444,1790295177233890811,1790295177234000000,152075759329030,152075759329533,1790295177453432550,1000,1
878,28331948171185,1790295177237889033,1790295177238000000,152075764329030,152075764329775,1790295177458432791,1000,1
879,28331952335555,1790295177241899996,1790295177242000000,152075769329030,152075769329766,1790295177463432793,1000,1
880,28331960268555,1790295177249900662,1790295177250000000,152075774329030,152075774331592,1790295177468435099,1000,1
881,28331962780740,1790295177252406403,1790295177252000000,152075779329030,152075779331082,1790295177473435240,1000,1
882,28331968247370,1790295177257895366,1790295177258000000,152075784329030,152075784331173,1790295177478435672,1000,1
883,28331972258740,1790295177261896255,1790295177262000000,152075789329030,152075789331965,1790295177483436204,1000,1
884,28331980308703,1790295177269897440,1790295177270000000,152075794329030,152075794332046,1790295177488436275,1000,1
885,28331984501296,1790295177273894810,1790295177274000000,152075799329030,152075799330685,1790295177493434202,1000,1
886,28331988235259,1790295177277899848,1790295177278000000,152075804329030,152075804331006,1790295177498434544,1000,1
887,28331992177111,1790295177281890662,1790295177282000000,152075809329030,152075809331558,1790295177503435667,1000,1
888,28331997465703,1790295177287015181,1790295177287000000,152075814329030,152075814330650,1790295177508434828,1000,1
889,28332004297518,1790295177293897959,1790295177294000000,152075819329030,152075819330941,1790295177513434689,1000,1
890,28332008259222,1790295177297826625,1790295177298000000,152075824329030,152075824331584,1790295177518435742,1000,1
891,28332012221962,1790295177301895255,1790295177302000000,152075829329030,152075829330943,1790295177523435222,1000,1
892,28332017077444,1790295177306758366,1790295177306000000,152075834329030,152075834330644,1790295177528434261,1000,1
893,28332024423999,1790295177313899366,1790295177314000000,152075839329030,152075839332007,1790295177533436186,1000,1
894,28332028279111,1790295177317897996,1790295177318000000,152075844329030,152075844331527,1790295177538435976,1000,1
895,28332032243666,1790295177321896736,1790295177322000000,152075849329030,152075849331029,1790295177543435328,1000,1
896,28332040202407,1790295177329887588,1790295177330000000,152075854329030,152075854331712,1790295177548435960,1000,1
897,28332044345444,1790295177333900922,1790295177334000000,152075859329030,152075859330450,1790295177553434228,1000,1
898,28332048270407,1790295177337898810,1790295177338000000,152075864329030,152075864330752,1790295177558434289,1000,1
899,28332053188740,1790295177342829292,1790295177343000000,152075869329030,152075869329250,1790295177563432136,1000,1
900,28332060190370,1790295177349888033,1790295177350000000,152075874329030,152075874329441,1790295177568432327,1000,1
901,28332063292259,1790295177352899181,1790295177353000000,152075879329030,152075879329442,1790295177573432348,1000,1
902,28332068331592,1790295177357909662,1790295177358000000,152075884329030,152075884329495,1790295177578432381,1000,1
903,28332072257185,1790295177361895181,1790295177362000000,152075889329030,152075889329566,1790295177583432573,1000,1
904,28332080250666,1790295177369890699,1790295177370000000,152075894329030,152075894329527,1790295177588432543,1000,1
905,28332084181851,1790295177373888033,1790295177374000000,152075899329030,152075899330590,1790295177593434107,1000,1
906,28332088348370,1790295177377904477,1790295177378000000,152075904329030,152075904331503,1790295177598435721,1000,1
907,28332092282444,1790295177381905885,1790295177382000000,152075909329030,152075909331834,1790295177603436153,1000,1
908,28332098293555,1790295177387891625,1790295177388000000,152075914329030,152075914331435,1790295177608435553,1000,1
909,28332104180110,1790295177393890218,1790295177394000000,152075919329030,152075919330715,1790295177613434603,1000,1
910,28332108173814,1790295177397890218,1790295177398000000,152075924329030,152075924331397,1790295177618435877,1000,1
911,28332112285148,1790295177401863033,1790295177402000000,152075929329030,152075929331028,1790295177623435196,1000,1
912,28332119713444,1790295177409176699,1790295177409000000,152075934329030,152075934330959,1790295177628434476,1000,1
913,28332124232444,1790295177413890329,1790295177414000000,152075939329030,152075939330719,1790295177633434527,1000,1
914,28332128162148,1790295177417887959,1790295177418000000,152075944329030,152075944329959,1790295177638433476,1000,1
915,28332132337925,1790295177421912477,1790295177422000000,152075949329030,152075949330691,1790295177643434218,1000,1
916,28332140276370,1790295177429897329,1790295177430000000,152075954329030,152075954331473,1790295177648435742,1000,1
917,28332144267259,1790295177433895810,1790295177434000000,152075959329030,152075959331685,1790295177653436194,1000,1
918,28332148187148,1790295177437893551,1790295177438000000,152075964329030,152075964330876,1790295177658435095,1000,1
919,28332152262148,1790295177441895810,1790295177442000000,152075969329030,152075969330587,1790295177663434545,1000,1
920,28332160315296,1790295177449897588,1790295177450000000,152075974329030,152075974331970,1790295177668436169,1000,1
921,28332164244407,1790295177453894033,1790295177454000000,152075979329030,152075979330218,1790295177673433745,1000,1
922,28332168272851,1790295177457898144,1790295177458000000,152075984329030,152075984331622,1790295177678435720,1000,1
923,28332172222814,1790295177461896699,1790295177462000000,152075989329030,152075989331502,1790295177683436052,1000,1
924,28332180316110,1790295177469896477,1790295177470000000,152075994329030,152075994330593,1790295177688434611,1000,1
925,28332184247296,1790295177473895329,1790295177474000000,152075999329030,152075999330434,1790295177693433871,1000,1
926,28332187757407,1790295177476619218,1790295177477000000,152076004329030,152076004331006,1790295177698435265,1000,1
927,28332192234888,1790295177481890699,1790295177482000000,152076009329030,152076009332270,1790295177703436418,1000,1
928,28332197042518,1790295177486719070,1790295177486000000,152076014329030,152076014330367,1790295177708434556,1000,1
929,28332204347851,1790295177493905662,1790295177494000000,152076019329030,152076019329296,1790295177713432202,1000,1
930,28332208289666,1790295177497896810,1790295177498000000,152076024329030,152076024329698,1790295177718433415,1000,1
931,28332212260629,1790295177501894033,1790295177502000000,152076029329030,152076029329368,1790295177723432315,1000,1
932,28332220262962,1790295177509892033,1790295177510000000,152076034329030,152076034329581,1790295177728432607,1000,1
933,28332224333036,1790295177513900551,1790295177514000000,152076039329030,152076039329752,1790295177733432769,1000,1
934,28332228303666,1790295177517898810,1790295177518000000,152076044329030,152076044329763,1790295177738432770,1000,1
935,28332232319962,1790295177521902329,1790295177522000000,152076049329030,152076049329754,1790295177743432711,1000,1
936,28332240231481,1790295177529890810,1790295177530000000,152076054329030,152076054330998,1790295177748434545,1000,1
937,28332243182851,1790295177532873921,1790295177533000000,152076059329030,152076059330618,1790295177753434456,1000,1
938,28332248304592,1790295177537897588,1790295177538000000,152076064329030,152076064330328,1790295177758433826,1000,1
939,28332252249851,1790295177541895218,1790295177542000000,152076069329030,152076069331001,1790295177763434548,1000,1
940,28332257978110,1790295177547570699,1790295177547000000,152076074329030,152076074331535,1790295177768435673,1000,1
941,28332264205296,1790295177553888662,1790295177554000000,152076079329030,152076079330734,1790295177773434873,1000,1
942,28332268324999,1790295177557904144,1790295177558000000,152076084329030,152076084331246,1790295177778435535,1000,1
943,28332272267518,1790295177561896070,1790295177562000000,152076089329030,152076089330405,1790295177783433933,1000,1
944,28332277149036,1790295177566741477,1790295177567000000,152076094329030,152076094331028,1790295177788435186,1000,1
945,28332284224036,1790295177573895699,1790295177574000000,152076099329030,152076099329736,1790295177793432762,1000,1
946,28332288308147,1790295177577910403,1790295177578000000,152076104329030,152076104331030,1790295177798434567,1000,1
947,28332292296110,1790295177581903884,1790295177582000000,152076109329030,152076109332045,1790295177803436504,1000,1
948,28332299406592,1790295177589039403,1790295177589000000,152076114329030,152076114330112,1790295177808433669,1000,1
949,28332304236851,1790295177593892810,1790295177594000000,152076119329030,152076119331846,1790295177813436035,1000,1
950,28332308215814,1790295177597898107,1790295177598000000,152076124329030,152076124331997,1790295177818436226,1000,1
951,28332312341184,1790295177601919403,1790295177602000000,152076129329030,152076129330816,1790295177823434995,1000,1
952,28332320289184,1790295177609902255,1790295177610000000,152076134329030,152076134330687,1790295177828434194,1000,1
953,28332322796110,1790295177611964144,1790295177612000000,152076139329030,152076139330718,1790295177833434215,1000,1
954,28332328204925,1790295177617891477,1790295177618000000,152076144329030,152076144330270,1790295177838434438,1000,1
955,28332332228407,1790295177621888292,1790295177622000000,152076149329030,152076149330491,1790295177843434269,1000,1
956,28332340383147,1790295177629897958,1790295177630000000,152076154329030,152076154330682,1790295177848434300,1000,1
957,28332344330740,1790295177633895625,1790295177634000000,152076159329030,152076159331585,1790295177853435724,1000,1
958,28332348874481,1790295177638516181,1790295177638000000,152076164329030,152076164330374,1790295177858433921,1000,1
959,28332352196851,1790295177641894662,1790295177642000000,152076169329030,152076169331868,1790295177863436046,1000,1
960,28332360399555,1790295177649909070,1790295177650000000,152076174329030,152076174331989,1790295177868436167,1000,1
961,28332364317999,1790295177653907255,1790295177654000000,152076179329030,152076179330818,1790295177873434966,1000,1
962,28332367907814,1790295177657001403,1790295177657000000,152076184329030,152076184330951,1790295177878435300,1000,1
963,28332372225184,1790295177661905329,1790295177662000000,152076189329030,152076189331373,1790295177883435631,1000,1
964,28332378253184,1790295177667887477,1790295177668000000,152076194329030,152076194331504,1790295177888436013,1000,1
965,28332384301925,1790295177673912588,1790295177674000000,152076199329030,152076199331284,1790295177893435413,1000,1
966,28332388282925,1790295177677895255,1790295177678000000,152076204329030,152076204330424,1790295177898433991,1000,1
967,28332392234962,1790295177681894773,1790295177682000000,152076209329030,152076209331878,1790295177903436166,1000,1
968,28332400172333,1790295177689887070,1790295177690000000,152076214329030,152076214331077,1790295177908435236,1000,1
969,28332404309629,1790295177693902810,1790295177694000000,152076219329030,152076219331579,1790295177913435838,1000,1
970,28332408290444,1790295177697912107,1790295177698000000,152076224329030,152076224332303,1790295177918436482,1000,1
971,28332412849221,1790295177701954847,1790295177702000000,152076229329030,152076229330341,1790295177923433908,1000,1
972,28332420221999,1790295177709891884,1790295177710000000,152076234329030,152076234330682,1790295177928434240,1000,1
973,28332423342444,1790295177712992736,1790295177713000000,152076239329030,152076239331355,1790295177933435523,1000,1
974,28332428291888,1790295177717895440,1790295177718000000,152076244329030,152076244330574,1790295177938434743,1000,1
975,28332432269518,1790295177721910847,1790295177722000000,152076249329030,152076249330114,1790295177943433932,1000,1
976,28332440240666,1790295177729888921,1790295177730000000,152076254329030,152076254330887,1790295177948434395,1000,1
977,28332444208481,1790295177733898588,1790295177734000000,152076259329030,152076259331442,1790295177953435730,1000,1
978,28332448332295,1790295177737918032,1790295177738000000,152076264329030,152076264330701,1790295177958434910,1000,1
979,28332452293221,1790295177741899625,1790295177742000000,152076269329030,152076269331053,1790295177963434600,1000,1
980,28332457937703,1790295177747095736,1790295177747000000,152076274329030,152076274332056,1790295177968436224,1000,1
981,28332462788925,1790295177752431699,1790295177752000000,152076279329030,152076279330965,1790295177973435143,1000,1
982,28332468224073,1790295177757889218,1790295177758000000,152076284329030,152076284331336,1790295177978435575,1000,1
983,28332472309999,1790295177761917440,1790295177762000000,152076289329030,152076289331738,1790295177983435897,1000,1
984,28332479548036,1790295177769153106,1790295177769000000,152076294329030,152076294330887,1790295177988435096,1000,1
985,28332484254407,1790295177773900551,1790295177774000000,152076299329030,152076299331109,1790295177993435378,1000,1
986,28332488178999,1790295177777888440,1790295177778000000,152076304329030,152076304331460,1790295177998435689,1000,1
987,28332492312370,1790295177781897810,1790295177782000000,152076309329030,152076309332022,1790295178003436221,1000,1
988,28332500254666,1790295177789894403,1790295177790000000,152076314329030,152076314330230,1790295178008433747,1000,1
989,28332502919258,1790295177792546588,1790295177792000000,152076319329030,152076319331664,1790295178013435892,1000,1
990,28332508250036,1790295177797901514,1790295177798000000,152076324329030,152076324331464,1790295178018436234,1000,1
991,28332512316295,1790295177801912403,1790295177802000000,152076329329030,152076329329782,1790295178023433319,1000,1
992,28332520346962,1790295177809915329,1790295177810000000,152076334329030,152076334330686,1790295178028434194,1000,1
993,28332524397073,1790295177813898773,1790295177814000000,152076339329030,152076339330357,1790295178033434114,1000,1
994,28332528228814,1790295177817899662,1790295177818000000,152076344329030,152076344331169,1790295178038435819,1000,1
995,28332532264814,1790295177821903403,1790295177822000000,152076349329030,152076349330439,1790295178043434006,1000,1
996,28332540380110,1790295177829909143,1790295177830000000,152076354329030,152076354329748,1790295178048432775,1000,1
997,28332544295592,1790295177833911810,1790295177834000000,152076359329030,152076359329629,1790295178053432645,1000,1
998,28332547277851,1790295177836753292,1790295177837000000,152076364329030,152076364329630,1790295178058432637,1000,1
999,28332556247036,1790295177845898662,1790295177846000000,152076369329030,152076369329763,1790295178063432779,1000,1
1000,28332557593629,1790295177847189551,1790295177847000000,152076374329030,152076374329764,1790295178068432780,1000,1
1001,28332564383258,1790295177853899143,1790295177854000000,152076379329030,152076379329965,1790295178073432982,1000,1
1002,28332568296851,1790295177857915884,1790295177858000000,152076384329030,152076384329646,1790295178078432662,1000,1
1003,28332572300740,1790295177861895329,1790295177862000000,152076389329030,152076389329456,1790295178083432463,1000,1
1004,28332580255295,1790295177869910181,1790295177870000000,152076394329030,152076394331862,1790295178088436101,1000,1
1005,28332584323555,1790295177873904218,1790295177874000000,152076399329030,152076399330712,1790295178093434229,1000,1
1006,28332588331258,1790295177877897958,1790295177878000000,152076404329030,152076404331755,1790295178098435964,1000,1
1007,28332596287999,1790295177885895551,1790295177886000000,152076409329030,152076409332047,1790295178103436265,1000,1
1008,28332600196332,1790295177889891958,1790295177890000000,152076414329030,152076414330885,1790295178108435084,1000,1
1009,28332603232481,1790295177892879366,1790295177893000000,152076419329030,152076419331407,1790295178113435606,1000,1
1010,28332608350999,1790295177897904810,1790295177898000000,152076424329030,152076424330687,1790295178118434535,1000,1
1011,28332612270073,1790295177901896551,1790295177902000000,152076429329030,152076429331019,1790295178123435257,1000,1
1012,28332620255666,1790295177909896736,1790295177910000000,152076434329030,152076434331401,1790295178128435630,1000,1
1013,28332624257962,1790295177913897773,1790295177914000000,152076439329030,152076439330561,1790295178133434089,1000,1
1014,28332631934740,1790295177921485995,1790295177921000000,152076444329030,152076444330663,1790295178138434871,1000,1
1015,28332632476888,1790295177921893292,1790295177922000000,152076449329030,152076449331425,1790295178143435634,1000,1
1016,28332637273036,1790295177926833662,1790295177927000000,152076454329030,152076454330755,1790295178148434973,1000,1
1017,28332644332518,1790295177933901921,1790295177934000000,152076459329030,152076459330926,1790295178153434734,1000,1
1018,28332648352962,1790295177937897921,1790295177938000000,152076464329030,152076464330516,1790295178158434665,1000,1
1019,28332652248036,1790295177941900773,1790295177942000000,152076469329030,152076469330398,1790295178163433835,1000,1
1020,28332660204481,1790295177949103847,1790295177950000000,152076474329030,152076474332054,1790295178168436292,1000,1
1021,28332664326999,1790295177953916180,1790295177954000000,152076479329030,152076479331093,1790295178173435272,1000,1
1022,28332667673258,1790295177957318773,1790295177957000000,152076484329030,152076484331294,1790295178178435463,1000,1
1023,28332672217518,1790295177961842514,1790295177962000000,152076489329030,152076489331566,1790295178183435774,1000,1
1024,28332680191925,1790295177969899255,1790295177970000000,152076494329030,152076494331817,1790295178188436326,1000,1
1025,28332683148221,1790295177972679217,1790295177973000000,152076499329030,152076499331227,1790295178193435516,1000,1
1026,28332688291369,1790295177977900551,1790295177978000000,152076504329030,152076504330797,1790295178198434325,1000,1
1027,28332692247332,1790295177981904403,1790295177982000000,152076509329030,152076509332023,1790295178203436241,1000,1
1028,28332700248073,1790295177989889847,1790295177990000000,152076514329030,152076514331052,1790295178208435200,1000,1
1029,28332704190036,1790295177993894403,1790295177994000000,152076519329030,152076519331323,1790295178213435542,1000,1
1030,28332708316258,1790295177997903847,1790295177998000000,152076524329030,152076524331745,1790295178218436204,1000,1
1031,28332712255925,1790295178001905514,1790295178002000000,152076529329030,152076529331245,1790295178223435554,1000,1
1032,28332719180851,1790295178008819106,1790295178009000000,152076534329030,152076534330364,1790295178228434172,1000,1
1033,28332724199740,1790295178013905588,1790295178014000000,152076539329030,152076539331117,1790295178233435606,1000,1
1034,28332727240703,1790295178016737477,1790295178017000000,152076544329030,152076544332001,1790295178238436230,1000,1
1035,28332732302925,1790295178021895736,1790295178022000000,152076549329030,152076549330800,1790295178243434948,1000,1
1036,28332738420110,1790295178027991699,1790295178028000000,152076554329030,152076554330671,1790295178248434559,1000,1
1037,28332744220406,1790295178033891773,1790295178034000000,152076559329030,152076559331132,1790295178253434980,1000,1
1038,28332748072666,1790295178037729143,1790295178037000000,152076564329030,152076564330252,1790295178258434440,1000,1
1039,28332752335555,1790295178041903180,1790295178042000000,152076569329030,152076569331445,1790295178263435593,1000,1
1040,28332760298147,1790295178049894995,1790295178050000000,152076574329030,152076574331766,1790295178268435885,1000,1
1041,28332764234110,1790295178053895032,1790295178054000000,152076579329030,152076579331477,1790295178273435716,1000,1
1042,28332768193332,1790295178057889588,1790295178058000000,152076584329030,152076584331139,1790295178278435328,1000,1
1043,28332776337184,1790295178065901588,1790295178066000000,152076589329030,152076589331541,1790295178283435780,1000,1
1044,28332780274555,1790295178069897440,1790295178070000000,152076594329030,152076594331061,1790295178288434829,1000,1
1045,28332783575814,1790295178073018921,1790295178073000000,152076599329030,152076599331022,1790295178293435271,1000,1
1046,28332788224110,1790295178077891329,1790295178078000000,152076604329030,152076604330833,1790295178298435092,1000,1
1047,28332792173295,1790295178081889995,1790295178082000000,152076609329030,152076609331114,1790295178303434662,1000,1
1048,28332800335480,1790295178089896588,1790295178090000000,152076614329030,152076614331045,1790295178308435214,1000,1
1049,28332804277406,1790295178093899329,1790295178094000000,152076619329030,152076619330847,1790295178313434374,1000,1
1050,28332808243480,1790295178097894254,1790295178098000000,152076624329030,152076624330637,1790295178318434515,1000,1
1051,28332812185888,1790295178101889106,1790295178102000000,152076629329030,152076629331029,1790295178323435288,1000,1
1052,28332818201443,1790295178107743329,1790295178108000000,152076634329030,152076634330359,1790295178328434237,1000,1
1053,28332824366555,1790295178113917143,1790295178114000000,152076639329030,152076639331682,1790295178333436101,1000,1
1054,28332828316740,1790295178117891143,1790295178118000000,152076644329030,152076644331412,1790295178338435932,1000,1
1055,28332832233851,1790295178121904958,1790295178122000000,152076649329030,152076649330252,1790295178343433779,1000,1
1056,28332838439369,1790295178128128958,1790295178128000000,152076654329030,152076654331407,1790295178348435606,1000,1
1057,28332844307703,1790295178133906514,1790295178134000000,152076659329030,152076659331408,1790295178353436218,1000,1
1058,28332848246814,1790295178137910329,1790295178138000000,152076664329030,152076664331008,1790295178358435207,1000,1
1059,28332852313184,1790295178141897847,1790295178142000000,152076669329030,152076669330929,1790295178363434466,1000,1
1060,28332860265888,1790295178149902921,1790295178150000000,152076674329030,152076674331541,1790295178368435760,1000,1
1061,28332862846554,1790295178151957773,1790295178152000000,152076679329030,152076679331342,1790295178373435520,1000,1
1062,28332868226703,1790295178157902699,1790295178158000000,152076684329030,152076684331573,1790295178378435812,1000,1
1063,28332872271184,1790295178161896143,1790295178162000000,152076689329030,152076689331787,1790295178383435955,1000,1
1064,28332880329369,1790295178169910958,1790295178170000000,152076694329030,152076694331447,1790295178388435926,1000,1
1065,28332884316184,1790295178173904921,1790295178174000000,152076699329030,152076699330867,1790295178393435005,1000,1
1066,28332888236443,1790295178177894625,1790295178178000000,152076704329030,152076704330868,1790295178398435056,1000,1
1067,28332892196925,1790295178181896254,1790295178182000000,152076709329030,152076709331690,1790295178403435879,1000,1
1068,28332900319258,1790295178189898514,1790295178190000000,152076714329030,152076714331100,1790295178408435269,1000,1
1069,28332904271258,1790295178193910551,1790295178194000000,152076719329030,152076719331442,1790295178413435601,1000,1
1070,28332908072517,1790295178197665106,1790295178197000000,152076724329030,152076724332036,1790295178418436155,1000,1
1071,28332912236962,1790295178201889069,1790295178202000000,152076729329030,152076729331175,1790295178423435344,1000,1
1072,28332918306554,1790295178207953995,1790295178208000000,152076734329030,152076734330084,1790295178428433562,1000,1
1073,28332924315258,1790295178213900328,1790295178214000000,152076739329030,152076739329644,1790295178433432671,1000,1
1074,28332928264629,1790295178217911403,1790295178218000000,152076744329030,152076744329435,1790295178438432381,1000,1
1075,28332932263591,1790295178221904069,1790295178222000000,152076749329030,152076749329496,1790295178443432513,1000,1
1076,28332938610851,1790295178228304069,1790295178228000000,152076754329030,152076754331381,1790295178448435579,1000,1
1077,28332942679666,1790295178232248365,1790295178232000000,152076759329030,152076759331672,1790295178453436141,1000,1
1078,28332948282666,1790295178237895365,1790295178238000000,152076764329030,152076764330072,1790295178458433700,1000,1
1079,28332956329073,1790295178245912180,1790295178246000000,152076769329030,152076769331215,1790295178463435695,1000,1
1080,28332960186480,1790295178249892032,1790295178250000000,152076774329030,152076774331878,1790295178468436437,1000,1
1081,28332968104110,1790295178257641847,1790295178257000000,152076779329030,152076779331829,1790295178473436047,1000,1
1082,28332968509406,1790295178257893847,1790295178258000000,152076784329030,152076784331329,1790295178478435497,1000,1
1083,28332976255703,1790295178265895217,1790295178266000000,152076789329030,152076789331560,1790295178483435779,1000,1
1084,28332980197703,1790295178269896032,1790295178270000000,152076794329030,152076794330540,1790295178488435450,1000,1
1085,28332984137888,1790295178273888180,1790295178274000000,152076799329030,152076799331224,1790295178493435673,1000,1
1086,28332988308777,1790295178277898402,1790295178278000000,152076804329030,152076804331265,1790295178498435494,1000,1
1087,28332992256777,1790295178281891588,1790295178282000000,152076809329030,152076809330705,1790295178503434593,1000,1
1088,28332997788332,1790295178287071551,1790295178287000000,152076814329030,152076814330386,1790295178508433893,1000,1
1089,28333004201406,1790295178293891884,1790295178294000000,152076819329030,152076819331308,1790295178513435537,1000,1
1090,28333012315703,1790295178301898514,1790295178302000000,152076824329030,152076824331349,1790295178518434897,1000,1
1091,28333019144036,1790295178308742662,1790295178309000000,152076829329030,152076829332042,1790295178523436170,1000,1
1092,28333019710295,1790295178309034143,1790295178309000000,152076834329030,152076834331041,1790295178528435239,1000,1
1093,28333024275073,1790295178313902773,1790295178314000000,152076839329030,152076839330641,1790295178533434749,1000,1
1094,28333028178369,1790295178317882477,1790295178318000000,152076844329030,152076844331514,1790295178538435061,1000,1
1095,28333032381036,1790295178321910328,1790295178322000000,152076849329030,152076849330733,1790295178543435182,1000,1
1096,28333038866110,1790295178328498439,1790295178328000000,152076854329030,152076854331365,1790295178548435674,1000,1
1097,28333042776110,1790295178331936514,1790295178332000000,152076859329030,152076859330174,1790295178553433922,1000,1
1098,28333048248740,1790295178337889921,1790295178338000000,152076864329030,152076864330637,1790295178558435397,1000,1
1099,28333053295443,1790295178342875365,1790295178343000000,152076869329030,152076869329697,1790295178563432713,1000,1
1100,28333060288628,1790295178349898217,1790295178350000000,152076874329030,152076874421592,1790295178568524608,1000,1
1101,28333068321036,1790295178357910699,1790295178358000000,152076879329030,152076879329699,1790295178573432715,1000,1
1102,28333072299073,1790295178361887402,1790295178362000000,152076884329030,152076884329690,1790295178578432696,1000,1
1103,28333075747332,1790295178365376958,1790295178365000000,152076889329030,152076889331354,1790295178583435643,1000,1
1104,28333080358332,1790295178369908402,1790295178370000000,152076894329030,152076894340923,1790295178588444590,1000,1
1105,28333087290406,1790295178376753736,1790295178377000000,152076899329030,152076899329954,1790295178593433472,1000,1
1106,28333088937591,1790295178378607439,1790295178378000000,152076904329030,152076904331108,1790295178598435326,1000,1
1107,28333092177147,1790295178381898810,1790295178382000000,152076909329030,152076909331469,1790295178603436490,1000,1
1108,28333098610517,1790295178388055106,1790295178388000000,152076914329030,152076914330158,1790295178608433685,1000,1
1109,28333104348258,1790295178393910143,1790295178394000000,152076919329030,152076919331211,1790295178613435610,1000,1
1110,28333108264221,1790295178397893439,1790295178398000000,152076924329030,152076924331232,1790295178618435040,1000,1
1111,28333112279332,1790295178401894662,1790295178402000000,152076929329030,152076929331333,1790295178623435462,1000,1
1112,28333120207591,1790295178409890588,1790295178410000000,152076934329030,152076934331345,1790295178628435513,1000,1
1113,28333124389184,1790295178413903254,1790295178414000000,152076939329030,152076939330705,1790295178633434273,1000,1
1114,28333128271888,1790295178417896291,1790295178418000000,152076944329030,152076944332019,1790295178638436268,1000,1
1115,28333132153036,1790295178421754773,1790295178422000000,152076949329030,152076949330998,1790295178643435307,1000,1
1116,28333140281962,1790295178429889514,1790295178430000000,152076954329030,152076954331129,1790295178648435348,1000,1
1117,28333143315554,1790295178432873180,1790295178433000000,152076959329030,152076959331741,1790295178653436170,1000,1
1118,28333148366295,1790295178437896625,1790295178438000000,152076964329030,152076964331412,1790295178658435610,1000,1
1119,28333152264221,1790295178441897032,1790295178442000000,152076969329030,152076969331202,1790295178663435451,1000,1
1120,28333160250147,1790295178449892365,1790295178450000000,152076974329030,152076974332097,1790295178668436306,1000,1
1121,28333164238814,1790295178453897773,1790295178454000000,152076979329030,152076979331597,1790295178673435756,1000,1
1122,28333172073147,1790295178461589402,1790295178461000000,152076984329030,152076984331147,1790295178678435286,1000,1
1123,28333172498888,1790295178461897958,1790295178462000000,152076989329030,152076989331248,1790295178683435427,1000,1
1124,28333178441739,1790295178467698180,1790295178468000000,152076994329030,152076994331440,1790295178688436199,1000,1
1125,28333184215554,1790295178473890662,1790295178474000000,152076999329030,152076999330839,1790295178693434998,1000,1
1126,28333188234332,1790295178477892402,1790295178478000000,152077004329030,152077004331432,1790295178698435650,1000,1
1127,28333196363999,1790295178485897625,1790295178486000000,152077009329030,152077009331645,1790295178703435884,1000,1
1128,28333200174739,1790295178489175069,1790295178490000000,152077014329030,152077014330384,1790295178708434582,1000,1
1129,28333204270925,1790295178493891291,1790295178494000000,152077019329030,152077019329603,1790295178713432579,1000,1
1130,28333208188480,1790295178497890588,1790295178498000000,152077024329030,152077024329664,1790295178718432671,1000,1
1131,28333212376554,1790295178501925773,1790295178502000000,152077029329030,152077029329555,1790295178723432571,1000,1
1132,28333220337851,1790295178509896328,1790295178510000000,152077034329030,152077034330097,1790295178728433674,1000,1
1133,28333222845665,1790295178511986847,1790295178512000000,152077039329030,152077039330599,1790295178733434116,1000,1
1134,28333228262665,1790295178517898662,1790295178518000000,152077044329030,152077044331573,1790295178738435682,1000,1
1135,28333232277036,1790295178521894884,1790295178522000000,152077049329030,152077049330302,1790295178743434401,1000,1
1136,28333239326406,1790295178528905625,1790295178529000000,152077054329030,152077054331415,1790295178748435624,1000,1
1137,28333244385036,1790295178533896588,1790295178534000000,152077059329030,152077059331536,1790295178753436036,1000,1
1138,28333248228814,1790295178537896773,1790295178538000000,152077064329030,152077064331407,1790295178758435566,1000,1
1139,28333252227554,1790295178541893365,1790295178542000000,152077069329030,152077069331027,1790295178763435196,1000,1
1140,28333260372591,1790295178549897550,1790295178550000000,152077074329030,152077074330968,1790295178768434546,1000,1
1141,28333264299665,1790295178553897402,1790295178554000000,152077079329030,152077079331582,1790295178773435730,1000,1
1142,28333268284221,1790295178557895847,1790295178558000000,152077084329030,152077084330922,1790295178778435130,1000,1
1143,28333280709443,1790295178570255662,1790295178570000000,152077089329030,152077089330883,1790295178783435071,1000,1
1144,28333281136999,1790295178570393550,1790295178571000000,152077094329030,152077094331274,1790295178788434892,1000,1
1145,28333284325628,1790295178573897773,1790295178574000000,152077099329030,152077099330624,1790295178793434793,1000,1
1146,28333288257888,1790295178577895291,1790295178578000000,152077104329030,152077104331507,1790295178798435816,1000,1
1147,28333292275962,1790295178581895032,1790295178582000000,152077109329030,152077109331007,1790295178803435035,1000,1
1148,28333300211036,1790295178589893032,1790295178590000000,152077114329030,152077114330648,1790295178808434175,1000,1
1149,28333304367813,1790295178593904180,1790295178594000000,152077119329030,152077119331181,1790295178813435389,1000,1
1150,28333308276443,1790295178597901217,1790295178598000000,152077124329030,152077124331132,1790295178818434709,1000,1
1151,28333312792851,1790295178601953328,1790295178602000000,152077129329030,152077129331553,1790295178823435702,1000,1
1152,28333320210332,1790295178609893106,1790295178610000000,152077134329030,152077134331053,1790295178828435242,1000,1
1153,28333322374110,1790295178612055995,1790295178612000000,152077139329030,152077139330553,1790295178833434081,1000,1
1154,28333328340925,1790295178617897180,1790295178618000000,152077144329030,152077144331516,1790295178838435715,1000,1
1155,28333332291739,1790295178621895365,1790295178622000000,152077149329030,152077149330185,1790295178843433743,1000,1
1156,28333339514628,1790295178629129662,1790295178629000000,152077154329030,152077154330137,1790295178848433925,1000,1
1157,28333344219517,1790295178633887884,1790295178634000000,152077159329030,152077159331571,1790295178853435689,1000,1
1158,28333348348702,1790295178637896995,1790295178638000000,152077164329030,152077164331301,1790295178858435490,1000,1
1159,28333352287443,1790295178641889736,1790295178642000000,152077169329030,152077169331322,1790295178863435461,1000,1
1160,28333357888110,1790295178646994699,1790295178647000000,152077174329030,152077174330983,1790295178868434500,1000,1
1161,28333364203480,1790295178653890884,1790295178654000000,152077179329030,152077179331555,1790295178873436204,1000,1
1162,28333368197073,1790295178657888328,1790295178658000000,152077184329030,152077184330784,1790295178878435043,1000,1
1163,28333377959850,1790295178667549476,1790295178667000000,152077189329030,152077189331118,1790295178883435357,1000,1
1164,28333378362332,1790295178667549847,1790295178668000000,152077194329030,152077194330919,1790295178888434907,1000,1
1165,28333384270888,1790295178673890995,1790295178674000000,152077199329030,152077199330880,1790295178893435649,1000,1
1166,28333388166480,1790295178677890662,1790295178678000000,152077204329030,152077204330550,1790295178898434759,1000,1
1167,28333392291776,1790295178681897402,1790295178682000000,152077209329030,152077209330962,1790295178903435641,1000,1
1168,28333400237517,1790295178689900736,1790295178690000000,152077214329030,152077214331734,1790295178908435863,1000,1
1169,28333402801888,1790295178692460921,1790295178692000000,152077219329030,152077219331174,1790295178913435403,1000,1
1170,28333408183517,1790295178697899699,1790295178698000000,152077224329030,152077224332049,1790295178918436257,1000,1
1171,28333412265962,1790295178701897143,1790295178702000000,152077229329030,152077229330958,1790295178923434786,1000,1
1172,28333420311776,1790295178709896402,1790295178710000000,152077234329030,152077234330127,1790295178928434306,1000,1
1173,28333424347147,1790295178713895328,1790295178714000000,152077239329030,152077239331420,1790295178933435639,1000,1
1174,28333428245147,1790295178717904958,1790295178718000000,152077244329030,152077244332083,1790295178938436261,1000,1
1175,28333432196739,1790295178721895180,1790295178722000000,152077249329030,152077249330220,1790295178943433748,1000,1
1176,28333440405443,1790295178729896106,1790295178730000000,152077254329030,152077254330662,1790295178948434781,1000,1
1177,28333444268554,1790295178733894995,1790295178734000000,152077259329030,152077259332038,1790295178953436266,1000,1
1178,28333447985962,1790295178737629106,1790295178737000000,152077264329030,152077264331778,1790295178958435977,1000,1
1179,28333452197184,1790295178741889661,1790295178742000000,152077269329030,152077269331218,1790295178963435357,1000,1
1180,28333458362036,1790295178747959143,1790295178748000000,152077274329030,152077274331339,1790295178968435498,1000,1
1181,28333464263406,1790295178753895921,1790295178754000000,152077279329030,152077279331300,1790295178973436020,1000,1
1182,28333468271702,1790295178757905550,1790295178758000000,152077284329030,152077284330900,1790295178978435059,1000,1
1183,28333472329628,1790295178761904476,1790295178762000000,152077289329030,152077289330410,1790295178983433878,1000,1
1184,28333480300924,1790295178769896217,1790295178770000000,152077294329030,152077294331904,1790295178988436283,1000,1
1185,28333484236776,1790295178773893439,1790295178774000000,152077299329030,152077299331194,1790295178993435443,1000,1
1186,28333488193628,1790295178777890180,1790295178778000000,152077304329030,152077304330844,1790295178998435023,1000,1
1187,28333492928480,1790295178781935884,1790295178782000000,152077309329030,152077309331346,1790295179003435805,1000,1
1188,28333500295110,1790295178789908884,1790295178790000000,152077314329030,152077314331597,1790295179008435786,1000,1
1189,28333504116443,1790295178793037402,1790295178793000000,152077319329030,152077319330516,1790295179013434815,1000,1
1190,28333508215962,1790295178797892884,1790295178798000000,152077324329030,152077324331419,1790295179018435648,1000,1
1191,28333512193295,1790295178801886847,1790295178802000000,152077329329030,152077329332073,1790295179023436312,1000,1
1192,28333520338628,1790295178809900624,1790295178810000000,152077334329030,152077334330832,1790295179028434971,1000,1
1193,28333523502702,1790295178813080624,1790295178813000000,152077339329030,152077339331464,1790295179033435623,1000,1
1194,28333528285776,1790295178817907847,1790295178818000000,152077344329030,152077344331044,1790295179038435534,1000,1
1195,28333536257999,1790295178825889032,1790295178826000000,152077349329030,152077349330144,1790295179043433871,1000,1
1196,28333538021221,1790295178827575587,1790295178827000000,152077354329030,152077354330365,1790295179048433872,1000,1
1197,28333544310147,1790295178833897810,1790295178834000000,152077359329030,152077359331558,1790295179053435747,1000,1
1198,28333548378850,1790295178837920180,1790295178838000000,152077364329030,152077364331541,1790295179058435740,1000,1
1199,28333552268999,1790295178841910773,1790295178842000000,152077369329030,152077369330510,1790295179063435220,1000,1
1200,28333559381443,1790295178849038513,1790295178849000000,152077374329030,152077374331363,1790295179068435561,1000,1
1201,28333564363999,1790295178853924921,1790295178854000000,152077379329030,152077379332426,1790295179073436634,1000,1
1202,28333568262443,1790295178857894735,1790295178858000000,152077384329030,152077384330944,1790295179078435142,1000,1
1203,28333572338184,1790295178861900254,1790295178862000000,152077389329030,152077389330865,1790295179083435304,1000,1
1204,28333580265221,1790295178869890513,1790295178870000000,152077394329030,152077394331398,1790295179088435606,1000,1
1205,28333582923739,1790295178872479735,1790295178872000000,152077399329030,152077399331429,1790295179093435658,1000,1
1206,28333588326036,1790295178877915550,1790295178878000000,152077404329030,152077404330939,1790295179098435138,1000,1
1207,28333596263295,1790295178885896698,1790295178886000000,152077409329030,152077409331812,1790295179103435940,1000,1
1208,28333608360295,1790295178897905217,1790295178898000000,152077414329030,152077414331342,1790295179108435921,1000,1
1209,28333610021147,1790295178899599587,1790295178899000000,152077419329030,152077419330832,1790295179113435021,1000,1
1210,28333612151591,1790295178901649476,1790295178902000000,152077424329030,152077424342796,1790295179118447004,1000,1
1211,28333612639887,1790295178901907810,1790295178902000000,152077429329030,152077429331556,1790295179123436296,1000,1
1212,28333620350961,1790295178909891550,1790295178910000000,152077434329030,152077434377595,1790295179128481874,1000,1
1213,28333624059998,1790295178913674106,1790295178913000000,152077439329030,152077439330898,1790295179133435016,1000,1
1214,28333628422665,1790295178917709069,1790295178918000000,152077444329030,152077444331320,1790295179138434857,1000,1
1215,28333632282221,1790295178921905254,1790295178922000000,152077449329030,152077449331561,1790295179143435770,1000,1
1216,28333638410258,1790295178928012106,1790295178928000000,152077454329030,152077454330390,1790295179148433927,1000,1
1217,28333644258073,1790295178933893328,1790295178934000000,152077459329030,152077459331633,1790295179153435802,1000,1
1218,28333648189110,1790295178937900143,1790295178938000000,152077464329030,152077464331025,1790295179158435814,1000,1
1219,28333652404665,1790295178941901513,1790295178942000000,152077469329030,152077469330865,1790295179163435074,1000,1
1220,28333660349369,1790295178949934772,1790295178950000000,152077474329030,152077474330876,1790295179168434394,1000,1
1221,28333664255813,1790295178953897921,1790295178954000000,152077479329030,152077479331599,1790295179173435817,1000,1
1222,28333668225073,1790295178957891032,1790295178958000000,152077484329030,152077484330788,1790295179178434977,1000,1
1223,28333672788369,1790295178961666439,1790295178962000000,152077489329030,152077489331300,1790295179183435579,1000,1
1224,28333680314665,1790295178969914958,1790295178970000000,152077494329030,152077494331501,1790295179188436001,1000,1
1225,28333683260406,1790295178972901995,1790295178973000000,152077499329030,152077499330852,1790295179193435001,1000,1
1226,28333688237258,1790295178977892402,1790295178978000000,152077504329030,152077504330453,1790295179198434572,1000,1
1227,28333692253369,1790295178981884180,1790295178982000000,152077509329030,152077509332067,1790295179203436256,1000,1
1228,28333700343850,1790295178989895958,1790295178990000000,152077514329030,152077514332098,1790295179208436247,1000,1
1229,28333705134628,1790295178993892698,1790295178995000000,152077519329030,152077519330817,1790295179213435005,1000,1
1230,28333708241221,1790295178997903809,1790295178998000000,152077524329030,152077524331439,1790295179218435667,1000,1
1231,28333712171073,1790295179001886328,1790295179002000000,152077529329030,152077529332041,1790295179223436240,1000,1
1232,28333718044665,1790295179007475217,1790295179007000000,152077534329030,152077534331082,1790295179228435281,1000,1
1233,28333724252110,1790295179013890884,1790295179014000000,152077539329030,152077539330662,1790295179233435162,1000,1
1234,28333728445147,1790295179017900884,1790295179018000000,152077544329030,152077544331575,1790295179238435974,1000,1
1235,28333732308813,1790295179021919032,1790295179022000000,152077549329030,152077549331546,1790295179243435765,1000,1
1236,28333739342665,1790295179029024291,1790295179029000000,152077554329030,152077554331026,1790295179248435134,1000,1
1237,28333744261850,1790295179033890439,1790295179034000000,152077559329030,152077559331027,1790295179253434554,1000,1
1238,28333748181813,1790295179037885439,1790295179038000000,152077564329030,152077564331980,1790295179258436158,1000,1
1239,28333756355702,1790295179045905846,1790295179046000000,152077569329030,152077569330961,1790295179263435160,1000,1
1240,28333760326998,1790295179049896698,1790295179050000000,152077574329030,152077574331703,1790295179268435932,1000,1
1241,28333764262110,1790295179053898106,1790295179054000000,152077579329030,152077579331945,1790295179273436053,1000,1
1242,28333768198443,1790295179057899328,1790295179058000000,152077584329030,152077584331054,1790295179278435273,1000,1
1243,28333773288443,1790295179062882809,1790295179063000000,152077589329030,152077589331315,1790295179283435534,1000,1
1244,28333780295184,1790295179069899698,1790295179070000000,152077594329030,152077594330575,1790295179288434423,1000,1
1245,28333784328850,1790295179073904772,1790295179074000000,152077599329030,152077599331668,1790295179293435887,1000,1
1246,28333788260776,1790295179077908846,1790295179078000000,152077604329030,152077604331270,1790295179298435509,1000,1
1247,28333793950295,1790295179083624439,1790295179083000000,152077609329030,152077609331672,1790295179303435841,1000,1
1248,28333800362332,1790295179089914587,1790295179090000000,152077614329030,152077614331994,1790295179308436523,1000,1
1249,28333804293406,1790295179093894772,1790295179094000000,152077619329030,152077619330933,1790295179313435101,1000,1
1250,28333808272924,1790295179097897624,1790295179098000000,152077624329030,152077624331405,1790295179318435543,1000,1
1251,28333812221628,1790295179101889217,1790295179102000000,152077629329030,152077629330494,1790295179323434021,1000,1
1252,28333817109850,1790295179106759439,1790295179106000000,152077634329030,152077634330145,1790295179328433633,1000,1
1253,28333824347591,1790295179113898032,1790295179114000000,152077639329030,152077639330287,1790295179333433795,1000,1
1254,28333828361628,1790295179117910698,1790295179118000000,152077644329030,152077644331571,1790295179338435749,1000,1
1255,28333836252998,1790295179125887995,1790295179126000000,152077649329030,152077649331551,1790295179343435710,1000,1
1256,28333840185332,1790295179129890254,1790295179130000000,152077654329030,152077654331412,1790295179348435641,1000,1
1257,28333844333702,1790295179133902587,1790295179134000000,152077659329030,152077659331593,1790295179353435932,1000,1
1258,28333848267369,1790295179137898032,1790295179138000000,152077664329030,152077664331354,1790295179358436134,1000,1
1259,28333856273887,1790295179145896291,1790295179146000000,152077669329030,152077669330584,1790295179363434762,1000,1
1260,28333860182850,1790295179149891920,1790295179150000000,152077674329030,152077674330586,1790295179368434093,1000,1
1261,28333863270035,1790295179152873735,1790295179153000000,152077679329030,152077679331649,1790295179373435817,1000,1
1262,28333868292332,1790295179157896254,1790295179158000000,152077684329030,152077684330998,1790295179378435207,1000,1
1263,28333874490665,1790295179164147958,1790295179164000000,152077689329030,152077689330318,1790295179383434627,1000,1
1264,28333880235146,1790295179169894587,1790295179170000000,152077694329030,152077694331832,1790295179388436071,1000,1
1265,28333886176035,1790295179175754476,1790295179176000000,152077699329030,152077699331693,1790295179393435902,1000,1
1266,28333888313146,1790295179177901217,1790295179178000000,152077704329030,152077704331045,1790295179398435203,1000,1
1267,28333896456406,1790295179185895291,1790295179186000000,152077709329030,152077709331577,1790295179403435775,1000,1
1268,28333897309369,1790295179186948069,1790295179187000000,152077714329030,152077714332239,1790295179408436438,1000,1
1269,28333904218480,1790295179193897439,1790295179194000000,152077719329030,152077719330927,1790295179413435086,1000,1
1270,28333908338146,1790295179197896624,1790295179198000000,152077724329030,152077724331359,1790295179418435508,1000,1
1271,28333916307332,1790295179205909402,1790295179206000000,152077729329030,152077729331570,1790295179423436030,1000,1
1272,28333919391258,1790295179209041180,1790295179209000000,152077734329030,152077734330539,1790295179428434898,1000,1
1273,28333924236628,1790295179213889439,1790295179214000000,152077739329030,152077739330011,1790295179433433528,1000,1
1274,28333928201517,1790295179217899846,1790295179218000000,152077744329030,152077744329571,1790295179438432768,1000,1
1275,28333932347221,1790295179221916032,1790295179222000000,152077749329030,152077749329552,1790295179443432569,1000,1
1276,28333940268628,1790295179229909217,1790295179230000000,152077754329030,152077754330214,1790295179448433752,1000,1
1277,28333942187554,1790295179231766180,1790295179232000000,152077759329030,152077759331368,1790295179453435787,1000,1
1278,28333948221961,1790295179237891217,1790295179238000000,152077764329030,152077764330537,1790295179458434686,1000,1
1279,28333952161591,1790295179241897106,1790295179242000000,152077769329030,152077769331139,1790295179463435348,1000,1
1280,28333960328554,1790295179249907809,1790295179250000000,152077774329030,152077774331563,1790295179468435722,1000,1
1281,28333964286961,1790295179253896365,1790295179254000000,152077779329030,152077779331544,1790295179473436003,1000,1
1282,28333967057517,1790295179256744069,1790295179256000000,152077784329030,152077784330663,1790295179478434972,1000,1
1283,28333972159739,1790295179261885143,1790295179262000000,152077789329030,152077789330885,1790295179483435003,1000,1
1284,28333980332961,1790295179269909735,1790295179270000000,152077794329030,152077794330836,1790295179488434934,1000,1
1285,28333984257517,1790295179273895920,1790295179274000000,152077799329030,152077799331508,1790295179493435717,1000,1
1286,28333996708702,1790295179286345476,1790295179286000000,152077804329030,152077804331128,1790295179498435347,1000,1
1287,28333997008924,1790295179286696402,1790295179286000000,152077809329030,152077809331432,1790295179503435570,1000,1
1288,28333998631406,1790295179288037069,1790295179288000000,152077814329030,152077814332274,1790295179508436453,1000,1
1289,28334004295220,1790295179293900661,1790295179294000000,152077819329030,152077819330973,1790295179513435121,1000,1
1290,28334008224924,1790295179297891920,1790295179298000000,152077824329030,152077824331104,1790295179518435343,1000,1
1291,28334012233850,1790295179301892624,1790295179302000000,152077829329030,152077829330614,1790295179523435153,1000,1
1292,28334020182887,1790295179309884735,1790295179310000000,152077834329030,152077834331617,1790295179528435846,1000,1
1293,28334024304702,1790295179313899513,1790295179314000000,152077839329030,152077839330176,1790295179533433704,1000,1
1294,28334028296554,1790295179317895587,1790295179318000000,152077844329030,152077844331360,1790295179538435689,1000,1
1295,28334032872924,1790295179322504920,1790295179322000000,152077849329030,152077849331771,1790295179543436421,1000,1
1296,28334040204146,1790295179329889180,1790295179330000000,152077854329030,152077854414018,1790295179548518247,1000,1
1297,28334043289628,1790295179332951143,1790295179333000000,152077859329030,152077859329740,1790295179553433157,1000,1
1298,28334048304332,1790295179337898957,1790295179338000000,152077864329030,152077864331834,1790295179558436504,1000,1
1299,28334052259146,1790295179341896143,1790295179342000000,152077869329030,152077869329681,1790295179563432708,1000,1
1300,28334060250146,1790295179349890624,1790295179350000000,152077874329030,152077874329713,1790295179568432730,1000,1
1301,28334064180257,1790295179353893439,1790295179354000000,152077879329030,152077879329655,1790295179573432671,1000,1
1302,28334068313702,1790295179357903476,1790295179358000000,152077884329030,152077884329606,1790295179578432632,1000,1
1303,28334072279443,1790295179361914513,1790295179362000000,152077889329030,152077889329637,1790295179583432663,1000,1
1304,28334077691739,1790295179366957587,1790295179367000000,152077894329030,152077894332022,1790295179588436201,1000,1
1305,28334084207257,1790295179373903217,1790295179374000000,152077899329030,152077899331212,1790295179593435631,1000,1
1306,28334091008109,1790295179380588365,1790295179380000000,152077904329030,152077904330912,1790295179598435131,1000,1
1307,28334096266739,1790295179385916661,1790295179386000000,152077909329030,152077909331795,1790295179603435944,1000,1
1308,28334099662998,1790295179389251217,1790295179389000000,152077914329030,152077914331858,1790295179608436317,1000,1
1309,28334104238850,1790295179393890735,1790295179394000000,152077919329030,152077919331358,1790295179613435567,1000,1
1310,28334108188554,1790295179397897661,1790295179398000000,152077924329030,152077924331349,1790295179618435558,1000,1
1311,28334112563850,1790295179402133180,1790295179402000000,152077929329030,152077929331470,1790295179623436320,1000,1
1312,28334120276776,1790295179409908068,1790295179410000000,152077934329030,152077934331571,1790295179628435770,1000,1
1313,28334123075183,1790295179412030106,1790295179412000000,152077939329030,152077939330561,1790295179633434839,1000,1
1314,28334128211813,1790295179417893513,1790295179418000000,152077944329030,152077944381239,1790295179638485448,1000,1
1315,28334132155665,1790295179421894513,1790295179422000000,152077949329030,152077949331917,1790295179643436416,1000,1
1316,28334140318850,1790295179429894439,1790295179430000000,152077954329030,152077954330295,1790295179648433852,1000,1
1317,28334144280776,1790295179433901735,1790295179434000000,152077959329030,152077959331508,1790295179653435717,1000,1
1318,28334148253924,1790295179437897476,1790295179438000000,152077964329030,152077964332210,1790295179658436379,1000,1
1319,28334152168850,1790295179441890328,1790295179442000000,152077969329030,152077969330478,1790295179663434657,1000,1
1320,28334160327702,1790295179449896846,1790295179450000000,152077974329030,152077974331451,1790295179668435670,1000,1
1321,28334164239554,1790295179453898217,1790295179454000000,152077979329030,152077979330670,1790295179673434789,1000,1
1322,28334168096369,1790295179457032846,1790295179457000000,152077984329030,152077984331776,1790295179678435934,1000,1
1323,28334172205554,1790295179461897365,1790295179462000000,152077989329030,152077989331406,1790295179683435595,1000,1
1324,28334178963887,1790295179468247846,1790295179468000000,152077994329030,152077994331567,1790295179688435766,1000,1
1325,28334184284220,1790295179473895920,1790295179474000000,152077999329030,152077999330917,1790295179693434685,1000,1
1326,28334188282702,1790295179477890217,1790295179478000000,152078004329030,152078004330447,1790295179698434946,1000,1
1328,28334200258702,1790295179489888105,1790295179490000000,152078014329030,152078014331724,1790295179708436002,1000,1
1329,28334203652220,1790295179493224698,1790295179493000000,152078019329030,152078019329761,1790295179713433188,1000,1
1330,28334208265591,1790295179497895328,1790295179498000000,152078024329030,152078024329682,1790295179718432698,1000,1
1331,28334212839739,1790295179501979846,1790295179502000000,152078029329030,152078029329923,1790295179723432960,1000,1
1332,28334220202035,1790295179509888105,1790295179510000000,152078034329030,152078034330625,1790295179728434213,1000,1
1334,28334228338109,1790295179517897809,1790295179518000000,152078044329030,152078044331770,1790295179738436289,1000,1
1335,28334232323257,1790295179521904809,1790295179522000000,152078049329030,152078049331652,1790295179743435791,1000,1
1336,28334240275443,1790295179529899624,1790295179530000000,152078054329030,152078054330742,1790295179748434970,1000,1
1337,28334244176591,1790295179533888291,1790295179534000000,152078059329030,152078059331424,1790295179753435643,1000,1
1338,28334248325887,1790295179537904031,1790295179538000000,152078064329030,152078064331094,1790295179758434692,1000,1
1339,28334252261183,1790295179541917920,1790295179542000000,152078069329030,152078069331035,1790295179763435224,1000,1
1340,28334257349480,1790295179546844142,1790295179547000000,152078074329030,152078074331377,1790295179768435565,1000,1
1341,28334264231035,1790295179553901105,1790295179554000000,152078079329030,152078079331458,1790295179773436087,1000,1
1342,28334268488480,1790295179557893180,1790295179558000000,152078084329030,152078084331691,1790295179778435880,1000,1
1343,28334272257072,1790295179561898513,1790295179562000000,152078089329030,152078089331232,1790295179783435380,1000,1
1344,28334279607294,1790295179569023291,1790295179569000000,152078094329030,152078094332054,1790295179788436233,1000,1
1345,28334284301368,1790295179573895624,1790295179574000000,152078099329030,152078099331524,1790295179793435973,1000,1
1346,28334288240405,1790295179577906105,1790295179578000000,152078104329030,152078104330653,1790295179798434642,1000,1
1347,28334296240109,1790295179585888809,1790295179586000000,152078109329030,152078109331205,1790295179803435344,1000,1
1348,28334300174517,1790295179589897217,1790295179590000000,152078114329030,152078114332148,1790295179808436447,1000,1
1349,28334303157554,1790295179592714254,1790295179593000000,152078119329030,152078119330437,1790295179813433974,1000,1
1350,28334308280072,1790295179597893735,1790295179598000000,152078124329030,152078124330869,1790295179818435068,1000,1
1351,28334312265405,1790295179601902994,1790295179602000000,152078129329030,152078129329607,1790295179823432624,1000,1
1352,28334320231294,1790295179609889439,1790295179610000000,152078134329030,152078134331061,1790295179828434589,1000,1
1353,28334324244443,1790295179613888439,1790295179614000000,152078139329030,152078139331092,1790295179833435692,1000,1
1354,28334328338961,1790295179617923291,1790295179618000000,152078144329030,152078144331805,1790295179838435933,1000,1
1355,28334332251998,1790295179621902291,1790295179622000000,152078149329030,152078149331788,1790295179843436247,1000,1
1356,28334340251924,1790295179629897476,1790295179630000000,152078154329030,152078154330967,1790295179848435096,1000,1
1357,28334344199257,1790295179633888698,1790295179634000000,152078159329030,152078159331469,1790295179853435788,1000,1
1358,28334347206331,1790295179636822365,1790295179637000000,152078164329030,152078164330668,1790295179858434607,1000,1
1359,28334352300924,1790295179641896254,1790295179642000000,152078169329030,152078169331812,1790295179863436020,1000,1
1360,28334358577220,1790295179648002883,1790295179648000000,152078174329030,152078174331241,1790295179868435380,1000,1
1361,28334364232887,1790295179653890439,1790295179654000000,152078179329030,152078179331563,1790295179873436273,1000,1
1362,28334367694554,1790295179657400254,1790295179657000000,152078184329030,152078184331566,1790295179878435995,1000,1
1363,28334372343961,1790295179661904661,1790295179662000000,152078189329030,152078189331086,1790295179883435345,1000,1
1364,28334380271257,1790295179669897216,1790295179670000000,152078194329030,152078194331518,1790295179888436007,1000,1
1365,28334384225591,1790295179673896068,1790295179674000000,152078199329030,152078199330788,1790295179893436118,1000,1
1366,28334388178294,1790295179677888735,1790295179678000000,152078204329030,152078204330448,1790295179898434687,1000,1
1367,28334396322072,1790295179685907957,1790295179686000000,152078209329030,152078209331481,1790295179903435700,1000,1
1368,28334400222776,1790295179689893920,1790295179690000000,152078214329030,152078214331662,1790295179908436161,1000,1
1369,28334403595146,1790295179693036253,1790295179693000000,152078219329030,152078219331303,1790295179913435611,1000,1
1370,28334408299961,1790295179697896735,1790295179698000000,152078224329030,152078224331416,1790295179918435615,1000,1
1371,28334412269405,1790295179701895698,1790295179702000000,152078229329030,152078229330926,1790295179923435054,1000,1
1372,28334417707665,1790295179707345142,1790295179707000000,152078234329030,152078234331678,1790295179928435927,1000,1
1373,28334424201035,1790295179713888476,1790295179714000000,152078239329030,152078239330968,1790295179933435177,1000,1
1374,28334428330405,1790295179717903031,1790295179718000000,152078244329030,152078244331540,1790295179938435658,1000,1
1375,28334432272257,1790295179721898031,1790295179722000000,152078249329030,152078249331581,1790295179943436451,1000,1
1376,28334437375405,1790295179726859105,1790295179727000000,152078254329030,152078254330833,1790295179948434991,1000,1
1377,28334442628405,1790295179732155068,1790295179732000000,152078259329030,152078259331455,1790295179953435704,1000,1
1378,28334447892998,1790295179737386365,1790295179737000000,152078264329030,152078264332167,1790295179958436386,1000,1
1379,28334452300220,1790295179741902328,1790295179742000000,152078269329030,152078269331206,1790295179963435485,1000,1
1380,28334457275294,1790295179746853698,1790295179747000000,152078274329030,152078274331348,1790295179968435526,1000,1
1381,28334464430961,1790295179753897328,1790295179754000000,152078279329030,152078279331649,1790295179973436178,1000,1
1382,28334468342331,1790295179757902883,1790295179758000000,152078284329030,152078284331670,1790295179978435869,1000,1
1383,28334472380220,1790295179761901809,1790295179762000000,152078289329030,152078289330812,1790295179983434980,1000,1
1384,28334480341961,1790295179769908365,1790295179770000000,152078294329030,152078294331985,1790295179988436204,1000,1
1385,28334482755554,1790295179771854957,1790295179772000000,152078299329030,152078299331765,1790295179993435974,1000,1
1386,28334488232405,1790295179777893253,1790295179778000000,152078304329030,152078304330875,1790295179998435053,1000,1
1387,28334493500776,1790295179783127809,1790295179783000000,152078309329030,152078309331236,1790295180003435495,1000,1
1388,28334500292813,1790295179789894772,1790295179790000000,152078314329030,152078314332039,1790295180008436187,1000,1
1389,28334504356591,1790295179793908142,1790295179794000000,152078319329030,152078319331380,1790295180013435518,1000,1
1390,28334508319628,1790295179797901661,1790295179798000000,152078324329030,152078324330960,1790295180018435169,1000,1
1391,28334512257665,1790295179801911920,1790295179802000000,152078329329030,152078329331903,1790295180023436132,1000,1
1392,28334520244554,1790295179809889068,1790295179810000000,152078334329030,152078334332034,1790295180028436233,1000,1
1393,28334524164183,1790295179813889735,1790295179814000000,152078339329030,152078339330893,1790295180033435102,1000,1
1394,28334528246442,1790295179816943883,1790295179818000000,152078344329030,152078344332257,1790295180038436385,1000,1
1395,28334532358702,1790295179821913327,1790295179822000000,152078349329030,152078349331397,1790295180043435515,1000,1
1396,28334538592183,1790295179828039216,1790295179828000000,152078354329030,152078354329756,1790295180048432922,1000,1
1397,28334544243516,1790295179833891253,1790295179834000000,152078359329030,152078359331470,1790295180053435959,1000,1
1398,28334548274109,1790295179837885846,1790295179838000000,152078364329030,152078364331481,1790295180058435920,1000,1
1399,28334552369665,1790295179841901402,1790295179842000000,152078369329030,152078369329728,1790295180063433176,1000,1
1400,28334557834887,1790295179847424327,1790295179847000000,152078374329030,152078374330972,1790295180068435170,1000,1
1401,28334564346553,1790295179853893920,1790295179854000000,152078379329030,152078379331544,1790295180073435983,1000,1
1402,28334568273702,1790295179857892513,1790295179858000000,152078384329030,152078384331655,1790295180078435854,1000,1
1403,28334573377665,1790295179862920439,1790295179863000000,152078389329030,152078389329985,1790295180083433442,1000,1
1404,28334580327813,1790295179869915327,1790295179870000000,152078394329030,152078394331899,1790295180088436128,1000,1
1405,28334584300442,1790295179873819253,1790295179874000000,152078399329030,152078399331570,1790295180093435748,1000,1
1406,28334588204479,1790295179877888550,1790295179878000000,152078404329030,152078404331049,1790295180098435158,1000,1
1407,28334592162405,1790295179881895698,1790295179882000000,152078409329030,152078409329788,1790295180103433255,1000,1
1408,28334600336553,1790295179889898587,1790295179890000000,152078414329030,152078414331763,1790295180108435971,1000,1
1409,28334604256813,1790295179893908216,1790295179894000000,152078419329030,152078419330912,1790295180113435061,1000,1
1410,28334608233553,1790295179897896550,1790295179898000000,152078424329030,152078424331246,1790295180118435765,1000,1
1411,28334613103294,1790295179902791957,1790295179902000000,152078429329030,152078429331768,1790295180123436247,1000,1
1412,28334618280702,1790295179907809068,1790295179908000000,152078434329030,152078434330867,1790295180128435316,1000,1
1413,28334624290368,1790295179913896661,1790295179914000000,152078439329030,152078439330678,1790295180133434947,1000,1
1414,28334628330442,1790295179917889142,1790295179918000000,152078444329030,152078444373700,1790295180138477578,1000,1
1415,28334632353294,1790295179921903698,1790295179922000000,152078449329030,152078449331972,1790295180143436171,1000,1
1416,28334639555850,1790295179929045994,1790295179929000000,152078454329030,152078454345911,1790295180148450460,1000,1
1417,28334644401776,1790295179933928735,1790295179934000000,152078459329030,152078459364126,1790295180153468495,1000,1
1418,28334648291331,1790295179937902253,1790295179938000000,152078464329030,152078464331335,1790295180158436155,1000,1
1419,28334655801257,1790295179945148513,1790295179945000000,152078469329030,152078469331526,1790295180163435735,1000,1
1420,28334660295035,1790295179949895735,1790295179950000000,152078474329030,152078474330856,1790295180168435065,1000,1
1421,28334662959072,1790295179952520698,1790295179952000000,152078479329030,152078479331969,1790295180173436328,1000,1
1422,28334668328220,1790295179957902031,1790295179958000000,152078484329030,152078484332283,1790295180178436531,1000,1
1423,28334672263257,1790295179961895290,1790295179962000000,152078489329030,152078489331141,1790295180183435380,1000,1
1424,28334678944331,1790295179968599587,1790295179968000000,152078494329030,152078494331553,1790295180188435752,1000,1
1425,28334684368776,1790295179973886105,1790295179974000000,152078499329030,152078499329801,1790295180193433368,1000,1
1426,28334688307776,1790295179977901513,1790295179978000000,152078504329030,152078504330934,1790295180198435082,1000,1
1427,28334692247183,1790295179981894846,1790295179982000000,152078509329030,152078509331145,1790295180203435344,1000,1
1428,28334700244553,1790295179989890550,1790295179990000000,152078514329030,152078514331818,1790295180208435936,1000,1
1429,28334704181739,1790295179993884216,1790295179994000000,152078519329030,152078519331009,1790295180213436129,1000,1
1430,28334708120813,1790295179997053327,1790295179998000000,152078524329030,152078524330890,1790295180218435119,1000,1
1431,28334712800850,1790295180002268994,1790295180002000000,152078529329030,152078529331823,1790295180223436001,1000,1
1432,28334718407961,1790295180007884920,1790295180008000000,152078534329030,152078534331894,1790295180228436052,1000,1
1433,28334724230368,1790295180013889661,1790295180014000000,152078539329030,152078539330903,1790295180233435101,1000,1
1434,28334728166590,1790295180017895142,1790295180018000000,152078544329030,152078544330663,1790295180238434221,1000,1
1435,28334732343887,1790295180021900476,1790295180022000000,152078549329030,152078549331596,1790295180243435694,1000,1
1436,28334740297850,1790295180029896624,1790295180030000000,152078554329030,152078554331447,1790295180248435665,1000,1
1437,28334742193887,1790295180031853105,1790295180032000000,152078559329030,152078559331147,1790295180253435366,1000,1
1438,28334748269590,1790295180037889513,1790295180038000000,152078564329030,152078564332220,1790295180258436429,1000,1
1439,28334753210553,1790295180042732401,1790295180043000000,152078569329030,152078569331991,1790295180263436520,1000,1
1440,28334760346368,1790295180049906550,1790295180050000000,152078574329030,152078574331050,1790295180268435228,1000,1
1441,28334763248109,1790295180052878957,1790295180053000000,152078579329030,152078579331381,1790295180273436372,1000,1
1442,28334768271220,1790295180057896735,1790295180058000000,152078584329030,152078584331454,1790295180278435974,1000,1
1443,28334772187887,1790295180061887253,1790295180062000000,152078589329030,152078589330964,1790295180283435143,1000,1
1444,28334780363368,1790295180069915883,1790295180070000000,152078594329030,152078594330925,1790295180288435124,1000,1
1445,28334784341294,1790295180073899735,1790295180074000000,152078599329030,152078599330906,1790295180293435966,1000,1
1446,28334788232294,1790295180077896772,1790295180078000000,152078604329030,152078604331077,1790295180298435316,1000,1
1447,28334792228998,1790295180081901290,1790295180082000000,152078609329030,152078609331249,1790295180303435427,1000,1
1448,28334798263664,1790295180087823475,1790295180088000000,152078614329030,152078614331691,1790295180308435939,1000,1
1449,28334804264664,1790295180093901661,1790295180094000000,152078619329030,152078619331422,1790295180313436723,1000,1
1450,28334808321924,1790295180097896253,1790295180098000000,152078624329030,152078624330902,1790295180318435030,1000,1
1451,28334812311998,1790295180101911550,1790295180102000000,152078629329030,152078629331404,1790295180323436174,1000,1
1452,28334817957961,1790295180107618661,1790295180107000000,152078634329030,152078634330974,1790295180328435734,1000,1
1453,28334824350035,1790295180113911735,1790295180114000000,152078639329030,152078639330985,1790295180333435224,1000,1
1454,28334828267294,1790295180117905735,1790295180118000000,152078644329030,152078644331547,1790295180338435716,1000,1
1455,28334832336664,1790295180121902364,1790295180122000000,152078649329030,152078649331610,1790295180343435829,1000,1
1456,28334840326627,1790295180129905994,1790295180130000000,152078654329030,152078654331170,1790295180348435489,1000,1
1457,28334842791738,1790295180131864698,1790295180132000000,152078659329030,152078659331451,1790295180353435600,1000,1
1458,28334848212442,1790295180137892587,1790295180138000000,152078664329030,152078664331482,1790295180358436172,1000,1
1459,28334853544368,1790295180143146031,1790295180143000000,152078669329030,152078669331483,1790295180363435712,1000,1
1460,28334860307590,1790295180149895401,1790295180150000000,152078674329030,152078674331154,1790295180368435292,1000,1
1461,28334864253146,1790295180153908105,1790295180154000000,152078679329030,152078679332067,1790295180373436255,1000,1
1462,28334868265664,1790295180157905661,1790295180158000000,152078684329030,152078684331658,1790295180378435897,1000,1
1463,28334872167664,1790295180161893179,1790295180162000000,152078689329030,152078689330698,1790295180383434846,1000,1
1464,28334880341924,1790295180169899290,1790295180170000000,152078694329030,152078694331580,1790295180388435739,1000,1
1465,28334884288590,1790295180173898290,1790295180174000000,152078699329030,152078699331742,1790295180393436261,1000,1
1466,28334887169331,1790295180176826846,1790295180177000000,152078704329030,152078704331222,1790295180398435400,1000,1
1467,28334892245664,1790295180181894290,1790295180182000000,152078709329030,152078709331313,1790295180403435481,1000,1
1468,28334898273294,1790295180187869290,1790295180188000000,152078714329030,152078714331534,1790295180408436023,1000,1
1469,28334904307368,1790295180193902401,1790295180194000000,152078719329030,152078719331167,1790295180413435916,1000,1
1470,28334909526590,1790295180199147068,1790295180199000000,152078724329030,152078724330346,1790295180418434835,1000,1
1471,28334912236738,1790295180201897290,1790295180202000000,152078729329030,152078729332321,1790295180423436529,1000,1
1472,28334920301257,1790295180209893401,1790295180210000000,152078734329030,152078734330709,1790295180428434817,1000,1
1473,28334924276442,1790295180213897475,1790295180214000000,152078739329030,152078739329287,1790295180433432213,1000,1
1474,28334928239998,1790295180217891809,1790295180218000000,152078744329030,152078744329408,1790295180438432354,1000,1
1475,28334932984183,1790295180222557809,1790295180222000000,152078749329030,152078749329629,1790295180443432656,1000,1
1476,28334940306442,1790295180229898475,1790295180230000000,152078754329030,152078754330532,1790295180448434080,1000,1
1477,28334943347331,1790295180233001290,1790295180233000000,152078759329030,152078759331405,1790295180453435623,1000,1
1478,28334948211035,1790295180237892290,1790295180238000000,152078764329030,152078764330464,1790295180458434382,1000,1
1479,28334952262813,1790295180241896475,1790295180242000000,152078769329030,152078769331888,1790295180463436106,1000,1
1480,28334960326775,1790295180249898735,1790295180250000000,152078774329030,152078774331047,1790295180468435296,1000,1
1481,28334964274072,1790295180253895549,1790295180254000000,152078779329030,152078779332090,1790295180473436249,1000,1
1482,28334968234331,1790295180257895994,1790295180258000000,152078784329030,152078784331432,1790295180478435711,1000,1
1483,28334972191405,1790295180261891846,1790295180262000000,152078789329030,152078789330972,1790295180483435120,1000,1
1484,28334978379924,1790295180267930068,1790295180268000000,152078794329030,152078794331774,1790295180488436013,1000,1
1485,28334984280442,1790295180273897809,1790295180274000000,152078799329030,152078799330733,1790295180493434852,1000,1
1486,28334988259924,1790295180277868920,1790295180278000000,152078804329030,152078804330985,1790295180498435183,1000,1
1487,28334992149998,1790295180281795475,1790295180282000000,152078809329030,152078809330235,1790295180503433732,1000,1
1488,28334999352812,1790295180289030661,1790295180289000000,152078814329030,152078814331450,1790295180508435919,1000,1
1489,28335004369738,1790295180293909549,1790295180294000000,152078819329030,152078819330479,1790295180513434347,1000,1
1490,28335008275294,1790295180297896401,1790295180298000000,152078824329030,152078824329719,1790295180518433056,1000,1
1491,28335012245183,1790295180301892179,1790295180302000000,152078829329030,152078829329850,1790295180523433708,1000,1
1492,28335020173442,1790295180309883438,1790295180310000000,152078834329030,152078834331083,1790295180528435793,1000,1
1493,28335022973664,1790295180312493846,1790295180312000000,152078839329030,152078839329942,1790295180533433480,1000,1
1494,28335028289553,1790295180317897327,1790295180318000000,152078844329030,152078844330785,1790295180538434312,1000,1
1495,28335032280479,1790295180321890920,1790295180322000000,152078849329030,152078849330747,1790295180543434676,1000,1
1496,28335040225627,1790295180329891031,1790295180330000000,152078854329030,152078854331720,1790295180548436019,1000,1
1497,28335043468479,1790295180333116846,1790295180333000000,152078859329030,152078859330058,1790295180553433626,1000,1
1498,28335048286812,1790295180337894327,1790295180338000000,152078864329030,152078864332554,1790295180558436762,1000,1
1499,28335052212368,1790295180341890031,1790295180342000000,152078869329030,152078869329549,1790295180563432565,1000,1
1500,28335060308220,1790295180349893957,1790295180350000000,152078874329030,152078874329800,1790295180568433378,1000,1
1501,28335064257590,1790295180353888994,1790295180354000000,152078879329030,152078879330494,1790295180573434693,1000,1
1502,28335067006257,1790295180356644475,1790295180356000000,152078884329030,152078884331658,1790295180578435876,1000,1
1503,28335072234479,1790295180361889290,1790295180362000000,152078889329030,152078889330717,1790295180583434264,1000,1
1504,28335079403072,1790295180368700179,1790295180369000000,152078894329030,152078894331479,1790295180588435668,1000,1
1505,28335084269961,1790295180373893179,1790295180374000000,152078899329030,152078899331320,1790295180593436090,1000,1
1506,28335088258479,1790295180377891068,1790295180378000000,152078904329030,152078904331792,1790295180598435930,1000,1
1507,28335092261183,1790295180381898586,1790295180382000000,152078909329030,152078909330501,1790295180603434058,1000,1
1508,28335099602775,1790295180389176512,1790295180389000000,152078914329030,152078914332196,1790295180608436345,1000,1
1509,28335102160183,1790295180391715327,1790295180392000000,152078919329030,152078919331817,1790295180613436356,1000,1
1510,28335108249442,1790295180397896031,1790295180398000000,152078924329030,152078924330876,1790295180618435044,1000,1
1511,28335116248257,1790295180405889698,1790295180406000000,152078929329030,152078929331458,1790295180623435025,1000,1
1512,28335120161368,1790295180409885031,1790295180410000000,152078934329030,152078934331950,1790295180628436519,1000,1
1513,28335124372257,1790295180413266772,1790295180414000000,152078939329030,152078939331119,1790295180633435328,1000,1
1514,28335128278405,1790295180417901512,1790295180418000000,152078944329030,152078944330891,1790295180638434489,1000,1
1515,28335132246590,1790295180421891920,1790295180422000000,152078949329030,152078949330983,1790295180643434911,1000,1
1516,28335140242590,1790295180429891179,1790295180430000000,152078954329030,152078954330843,1790295180648435022,1000,1
1517,28335143662738,1790295180433309809,1790295180433000000,152078959329030,152078959329942,1790295180653433480,1000,1
1518,28335148283442,1790295180437899660,1790295180438000000,152078964329030,152078964330515,1790295180658434723,1000,1
1519,28335152213294,1790295180441892512,1790295180442000000,152078969329030,152078969331377,1790295180663435836,1000,1
1520,28335157320257,1790295180446916512,1790295180447000000,152078974329030,152078974330747,1790295180668434946,1000,1
1521,28335164354331,1790295180453918809,1790295180454000000,152078979329030,152078979331800,1790295180673436249,1000,1
1522,28335168314294,1790295180457866623,1790295180458000000,152078984329030,152078984332214,1790295180678436673,1000,1
1523,28335172235998,1790295180461892809,1790295180462000000,152078989329030,152078989331413,1790295180683435642,1000,1
1524,28335180448961,1790295180469904142,1790295180470000000,152078994329030,152078994331775,1790295180688435984,1000,1
1525,28335184297923,1790295180473901549,1790295180474000000,152078999329030,152078999332247,1790295180693436486,1000,1
1526,28335188238812,1790295180477893290,1790295180478000000,152079004329030,152079004329663,1790295180698432669,1000,1
1527,28335192254109,1790295180481903994,1790295180482000000,152079009329030,152079009330606,1790295180703434794,1000,1
1528,28335200199109,1790295180489889438,1790295180490000000,152079014329030,152079014329596,1790295180708432612,1000,1
1529,28335203292886,1790295180492860216,1790295180493000000,152079019329030,152079019331681,1790295180713435920,1000,1
1530,28335208255183,1790295180497899142,1790295180498000000,152079024329030,152079024329808,1790295180718432835,1000,1
1531,28335212238775,1790295180501902846,1790295180502000000,152079029329030,152079029329639,1790295180723432665,1000,1
1532,28335220225368,1790295180509888512,1790295180510000000,152079034329030,152079034329550,1790295180728432566,1000,1
1533,28335224321146,1790295180513892549,1790295180514000000,152079039329030,152079039331304,1790295180733435783,1000,1
1534,28335227609516,1790295180517209401,1790295180517000000,152079044329030,152079044334322,1790295180738437920,1000,1
1535,28335232261442,1790295180521896438,1790295180522000000,152079049329030,152079049330897,1790295180743435727,1000,1
1536,28335240325035,1790295180529894660,1790295180530000000,152079054329030,152079054330617,1790295180748434165,1000,1
1537,28335244260368,1790295180533895586,1790295180534000000,152079059329030,152079059330378,1790295180753433895,1000,1
1538,28335247983627,1790295180537117994,1790295180537000000,152079064329030,152079064332242,1790295180758436671,1000,1
1539,28335256208220,1790295180545887549,1790295180546000000,152079069329030,152079069332073,1790295180763436352,1000,1
1540,28335258635479,1790295180548145142,1790295180548000000,152079074329030,152079074330672,1790295180768434871,1000,1
1541,28335264295331,1790295180553895920,1790295180554000000,152079079329030,152079079332057,1790295180773436205,1000,1
1542,28335268248738,1790295180557892623,1790295180558000000,152079084329030,152079084331356,1790295180778436397,1000,1
1543,28335276245738,1790295180565896438,1790295180566000000,152079089329030,152079089331277,1790295180783435456,1000,1
1544,28335280181479,1790295180569882290,1790295180570000000,152079094329030,152079094331358,1790295180788435617,1000,1
1545,28335284328183,1790295180573906957,1790295180574000000,152079099329030,152079099332171,1790295180793436359,1000,1
1546,28335288235553,1790295180577890438,1790295180578000000,152079104329030,152079104331961,1790295180798436491,1000,1
1547,28335292927738,1790295180582567216,1790295180582000000,152079109329030,152079109330902,1790295180803435081,1000,1
1548,28335300196701,1790295180589887957,1790295180590000000,152079114329030,152079114331664,1790295180808435813,1000,1
1549,28335304153886,1790295180593032994,1790295180594000000,152079119329030,152079119331335,1790295180813434942,1000,1
1550,28335308298442,1790295180597909957,1790295180598000000,152079124329030,152079124330955,1790295180818435124,1000,1
1551,28335314503553,1790295180604024364,1790295180604000000,152079129329030,152079129332068,1790295180823436247,1000,1
1552,28335320224590,1790295180609897771,1790295180610000000,152079134329030,152079134330065,1790295180828433563,1000,1
1553,28335324161701,1790295180613884438,1790295180614000000,152079139329030,152079139331579,1790295180833435808,1000,1
1554,28335328312812,1790295180617895364,1790295180618000000,152079144329030,152079144330500,1790295180838434057,1000,1
1555,28335336289960,1790295180625894438,1790295180626000000,152079149329030,152079149330811,1790295180843435180,1000,1
1556,28335337256997,1790295180626902401,1790295180627000000,152079154329030,152079154330692,1790295180848435231,1000,1
1557,28335342300590,1790295180631941586,1790295180632000000,152079159329030,152079159330743,1790295180853434872,1000,1
1558,28335348325146,1790295180637898883,1790295180638000000,152079164329030,152079164331766,1790295180858435905,1000,1
1559,28335356314738,1790295180645908068,1790295180646000000,152079169329030,152079169331567,1790295180863436026,1000,1
1560,28335359659627,1790295180649248142,1790295180649000000,152079174329030,152079174330446,1790295180868433974,1000,1
1561,28335364236479,1790295180653890364,1790295180654000000,152079179329030,152079179331470,1790295180873435749,1000,1
1562,28335368191997,1790295180657896994,1790295180658000000,152079184329030,152079184331381,1790295180878436401,1000,1
1563,28335376324664,1790295180665906883,1790295180666000000,152079189329030,152079189331552,1790295180883435941,1000,1
1564,28335380231701,1790295180669892771,1790295180670000000,152079194329030,152079194330561,1790295180888434139,1000,1
1565,28335384257627,1790295180673896253,1790295180674000000,152079199329030,152079199332105,1790295180893436354,1000,1
1566,28335388172442,1790295180677888586,1790295180678000000,152079204329030,152079204331355,1790295180898434912,1000,1
1567,28335393222034,1790295180682865771,1790295180683000000,152079209329030,152079209330647,1790295180903434855,1000,1
1568,28335400295997,1790295180689902364,1790295180690000000,152079214329030,152079214331960,1790295180908436109,1000,1
1569,28335404245479,1790295180693893438,1790295180694000000,152079219329030,152079219332332,1790295180913436560,1000,1
1570,28335408243775,1790295180697895845,1790295180698000000,152079224329030,152079224330770,1790295180918434898,1000,1
1571,28335412194034,1790295180701894808,1790295180702000000,152079229329030,152079229331993,1790295180923436152,1000,1
1572,28335420323812,1790295180709899845,1790295180710000000,152079234329030,152079234330211,1790295180928434239,1000,1
1573,28335424285034,1790295180713909142,1790295180714000000,152079239329030,152079239331455,1790295180933435674,1000,1
1574,28335428149405,1790295180717751142,1790295180718000000,152079244329030,152079244331376,1790295180938435555,1000,1
1575,28335432245516,1790295180721895957,1790295180722000000,152079249329030,152079249332059,1790295180943436227,1000,1
1576,28335438708923,1790295180728247364,1790295180728000000,152079254329030,152079254331448,1790295180948435888,1000,1
1577,28335444293331,1790295180733899253,1790295180734000000,152079259329030,152079259330748,1790295180953434937,1000,1
1578,28335448330738,1790295180737890364,1790295180738000000,152079264329030,152079264331941,1790295180958436060,1000,1
1579,28335456250923,1790295180745889660,1790295180746000000,152079269329030,152079269331932,1790295180963436051,1000,1
1580,28335458873294,1790295180748567734,1790295180748000000,152079274329030,152079274331242,1790295180968435421,1000,1
1581,28335464303886,1790295180753907734,1790295180754000000,152079279329030,152079279330434,1790295180973434622,1000,1
1582,28335468211997,1790295180757892771,1790295180758000000,152079284329030,152079284331957,1790295180978436106,1000,1
1583,28335473175183,1790295180762734401,1790295180763000000,152079289329030,152079289331918,1790295180983436047,1000,1
1584,28335480281294,1790295180769891179,1790295180770000000,152079294329030,152079294331378,1790295180988435587,1000,1
1585,28335483408034,1790295180773000734,1790295180773000000,152079299329030,152079299331329,1790295180993435818,1000,1
1586,28335488232627,1790295180777899290,1790295180778000000,152079304329030,152079304331190,1790295180998436080,1000,1
1587,28335492185960,1790295180781887253,1790295180782000000,152079309329030,152079309330059,1790295181003433887,1000,1
1588,28335500314627,1790295180789908068,1790295180790000000,152079314329030,152079314331993,1790295181008436182,1000,1
1589,28335504215294,1790295180793893327,1790295180794000000,152079319329030,152079319331273,1790295181013436093,1000,1
1590,28335508226294,1790295180797897512,1790295180798000000,152079324329030,152079324331324,1790295181018435523,1000,1
1591,28335512180294,1790295180801901031,1790295180802000000,152079329329030,152079329331916,1790295181023436145,1000,1
1592,28335518055553,1790295180807123068,1790295180807000000,152079334329030,152079334332037,1790295181028436166,1000,1
1593,28335524297701,1790295180813899438,1790295180814000000,152079339329030,152079339331177,1790295181033435646,1000,1
1594,28335528627183,1790295180817906957,1790295180818000000,152079344329030,152079344330368,1790295181038434036,1000,1
1595,28335532237108,1790295180821900734,1790295180822000000,152079349329030,152079349331010,1790295181043434928,1000,1
1596,28335539389516,1790295180829048364,1790295180829000000,152079354329030,152079354329528,1790295181048432555,1000,1
1597,28335543805331,1790295180833381808,1790295180833000000,152079359329030,152079359330922,1790295181053435161,1000,1
1598,28335548322886,1790295180837897586,1790295180838000000,152079364329030,152079364330773,1790295181058434901,1000,1
1599,28335552248183,1790295180841892957,1790295180842000000,152079369329030,152079369330975,1790295181063435033,1000,1
1600,28335557876664,1790295180847567438,1790295180847000000,152079374329030,152079374330967,1790295181068435226,1000,1
1601,28335562060034,1790295180851729660,1790295180851000000,152079379329030,152079379331419,1790295181073436218,1000,1
1602,28335568325368,1790295180857907771,1790295180858000000,152079384329030,152079384331890,1790295181078436109,1000,1
1603,28335572241442,1790295180861839882,1790295180862000000,152079389329030,152079389330589,1790295181083434637,1000,1
1604,28335580226034,1790295180869894660,1790295180870000000,152079394329030,152079394331702,1790295181088436241,1000,1
1605,28335584357220,1790295180873891327,1790295180874000000,152079399329030,152079399331643,1790295181093436122,1000,1
1606,28335588317701,1790295180877909142,1790295180878000000,152079404329030,152079404330914,1790295181098434682,1000,1
1607,28335592254960,1790295180881904364,1790295180882000000,152079409329030,152079409330685,1790295181103434864,1000,1
1608,28335600252368,1790295180889893401,1790295180890000000,152079414329030,152079414331537,1790295181108436007,1000,1
1609,28335604176627,1790295180893889771,1790295180894000000,152079419329030,152079419332300,1790295181113436468,1000,1
1610,28335608351516,1790295180897929105,1790295180898000000,152079424329030,152079424331008,1790295181118435167,1000,1
1611,28335612340923,1790295180901927586,1790295180902000000,152079429329030,152079429332122,1790295181123436260,1000,1
1612,28335618280479,1790295180907867142,1790295180908000000,152079434329030,152079434330892,1790295181128434991,1000,1
1613,28335624246553,1790295180913890956,1790295180914000000,152079439329030,152079439331605,1790295181133436104,1000,1
1614,28335628165442,1790295180917885512,1790295180918000000,152079444329030,152079444331525,1790295181138435694,1000,1
1615,28335632361257,1790295180921924290,1790295180922000000,152079449329030,152079449331416,1790295181143434964,1000,1
1616,28335640318071,1790295180929899919,1790295180930000000,152079454329030,152079454331858,1790295181148436097,1000,1
1617,28335644254960,1790295180933906919,1790295180934000000,152079459329030,152079459331218,1790295181153435376,1000,1
1618,28335648215145,1790295180937889290,1790295180938000000,152079464329030,152079464331912,1790295181158436070,1000,1
1619,28335652797590,1790295180942408475,1790295180942000000,152079469329030,152079469331262,1790295181163436122,1000,1
1620,28335660276516,1790295180949895179,1790295180950000000,152079474329030,152079474331633,1790295181168435812,1000,1
1621,28335663263145,1790295180952866845,1790295180953000000,152079479329030,152079479331805,1790295181173437406,1000,1
1622,28335668306812,1790295180957897031,1790295180958000000,152079484329030,152079484331826,1790295181178436275,1000,1
1623,28335672263145,1790295180961903549,1790295180962000000,152079489329030,152079489330694,1790295181183435775,1000,1
1624,28335680283479,1790295180969890808,1790295180970000000,152079494329030,152079494331397,1790295181188435826,1000,1
1625,28335684199516,1790295180973889549,1790295180974000000,152079499329030,152079499331829,1790295181193436289,1000,1
1626,28335688398923,1790295180977904031,1790295180978000000,152079504329030,152079504331830,1790295181198436149,1000,1
1627,28335696289849,1790295180985896179,1790295180986000000,152079509329030,152079509330799,1790295181203435018,1000,1
1628,28335700259145,1790295180989895919,1790295180990000000,152079514329030,152079514331562,1790295181208436301,1000,1
1629,28335704187257,1790295180993903512,1790295180994000000,152079519329030,152079519331803,1790295181213436353,1000,1
1630,28335708385664,1790295180997897030,1790295180998000000,152079524329030,152079524331644,1790295181218435923,1000,1
1631,28335712308034,1790295181001901142,1790295181002000000,152079529329030,152079529331817,1790295181223436026,1000,1
1632,28335719705442,1790295181009162771,1790295181009000000,152079534329030,152079534330636,1790295181228434514,1000,1
1633,28335724227368,1790295181013893401,1790295181014000000,152079539329030,152079539331639,1790295181233436048,1000,1
1634,28335728201775,1790295181017909808,1790295181018000000,152079544329030,152079544331219,1790295181238435798,1000,1
1635,28335732331294,1790295181021907401,1790295181022000000,152079549329030,152079549330979,1790295181243434667,1000,1
1636,28335739647775,1790295181029263993,1790295181029000000,152079554329030,152079554331351,1790295181248434878,1000,1
1637,28335742846886,1790295181032476623,1790295181032000000,152079559329030,152079559330893,1790295181253435051,1000,1
1638,28335748204294,1790295181037895364,1790295181038000000,152079564329030,152079564331996,1790295181258436225,1000,1
1639,28335753355219,1790295181042880327,1790295181043000000,152079569329030,152079569331857,1790295181263436115,1000,1
1640,28335760371590,1790295181049897549,1790295181050000000,152079574329030,152079574331737,1790295181268435976,1000,1
1641,28335764542034,1790295181053889623,1790295181054000000,152079579329030,152079579331618,1790295181273436157,1000,1
1642,28335768275294,1790295181057896993,1790295181058000000,152079584329030,152079584331719,1790295181278436158,1000,1
1643,28335772204293,1790295181061894512,1790295181062000000,152079589329030,152079589331249,1790295181283436220,1000,1
1644,28335780378256,1790295181069914993,1790295181070000000,152079594329030,152079594331422,1790295181288435611,1000,1
1645,28335784250219,1790295181073896475,1790295181074000000,152079599329030,152079599332074,1790295181293436223,1000,1
1646,28335787905405,1790295181077061697,1790295181077000000,152079604329030,152079604330632,1790295181298434791,1000,1
1647,28335792196442,1790295181081891216,1790295181082000000,152079609329030,152079609330884,1790295181303435123,1000,1
1648,28335798314405,1790295181087939438,1790295181088000000,152079614329030,152079614331736,1790295181308435955,1000,1
1649,28335804327664,1790295181093897179,1790295181094000000,152079619329030,152079619331938,1790295181313436116,1000,1
1650,28335808287256,1790295181097891438,1790295181098000000,152079624329030,152079624331791,1790295181318436009,1000,1
1651,28335812263849,1790295181101893919,1790295181102000000,152079629329030,152079629331822,1790295181323436000,1000,1
1652,28335820231886,1790295181109884105,1790295181110000000,152079634329030,152079634331502,1790295181328435991,1000,1
1653,28335824337516,1790295181113895549,1790295181114000000,152079639329030,152079639331373,1790295181333435852,1000,1
1654,28335828287145,1790295181117892216,1790295181118000000,152079644329030,152079644331183,1790295181338435412,1000,1
1655,28335832836516,1790295181121955660,1790295181122000000,152079649329030,152079649331325,1790295181343435463,1000,1
1656,28335840235145,1790295181129896030,1790295181130000000,152079654329030,152079654331897,1790295181348436356,1000,1
1657,28335843598590,1790295181133008401,1790295181133000000,152079659329030,152079659331277,1790295181353435446,1000,1
1658,28335848296997,1790295181137897919,1790295181138000000,152079664329030,152079664332380,1790295181358436629,1000,1
1659,28335852264293,1790295181141893993,1790295181142000000,152079669329030,152079669331530,1790295181363435989,1000,1
1660,28335860238590,1790295181149887512,1790295181150000000,152079674329030,152079674331791,1790295181368435980,1000,1
1661,28335864156738,1790295181153882438,1790295181154000000,152079679329030,152079679331912,1790295181373436061,1000,1
1662,28335868305516,1790295181157899438,1790295181158000000,152079684329030,152079684331402,1790295181378436222,1000,1
1663,28335872246442,1790295181161892808,1790295181162000000,152079689329030,152079689331846,1790295181383435975,1000,1
1664,28335877847368,1790295181166995327,1790295181167000000,152079694329030,152079694331176,1790295181388435335,1000,1
1665,28335884207293,1790295181173891845,1790295181174000000,152079699329030,152079699331478,1790295181393436177,1000,1
1666,28335888262442,1790295181177883845,1790295181178000000,152079704329030,152079704332060,1790295181398436278,1000,1
1667,28335892298553,1790295181181905586,1790295181182000000,152079709329030,152079709331620,1790295181403435798,1000,1
1668,28335899426553,1790295181189036364,1790295181189000000,152079714329030,152079714331811,1790295181408436340,1000,1
1669,28335904243664,1790295181193893067,1790295181194000000,152079719329030,152079719331602,1790295181413436111,1000,1
1670,28335908205923,1790295181197884697,1790295181198000000,152079724329030,152079724331956,1790295181418436114,1000,1
1671,28335912341997,1790295181201897697,1790295181202000000,152079729329030,152079729331546,1790295181423436055,1000,1
1672,28335920311775,1790295181209905475,1790295181210000000,152079734329030,152079734330845,1790295181428435054,1000,1
1673,28335923085219,1790295181212689586,1790295181212000000,152079739329030,152079739330516,1790295181433434454,1000,1
1674,28335928224886,1790295181217891549,1790295181218000000,152079744329030,152079744330326,1790295181438434134,1000,1
1675,28335933537590,1790295181222869401,1790295181223000000,152079749329030,152079749329917,1790295181443433845,1000,1
1676,28335940323108,1790295181229899697,1790295181230000000,152079754329030,152079754330069,1790295181448433597,1000,1
1677,28335944572701,1790295181233895660,1790295181234000000,152079759329030,152079759330070,1790295181453433578,1000,1
1678,28335948240886,1790295181237898141,1790295181238000000,152079764329030,152079764330252,1790295181458433799,1000,1
1679,28335952160590,1790295181241891179,1790295181242000000,152079769329030,152079769331645,1790295181463435864,1000,1
1680,28335960324479,1790295181249895216,1790295181250000000,152079774329030,152079774329492,1790295181468432519,1000,1
1681,28335964248812,1790295181253907660,1790295181254000000,152079779329030,152079779329744,1790295181473432760,1000,1
1682,28335968260108,1790295181257899030,1790295181258000000,152079784329030,152079784329696,1790295181478432713,1000,1
1683,28335972213071,1790295181261894030,1790295181262000000,152079789329030,152079789329677,1790295181483432694,1000,1
1684,28335979175479,1790295181268115919,1790295181269000000,152079794329030,152079794329578,1790295181488432594,1000,1
1685,28335984313849,1790295181273896586,1790295181274000000,152079799329030,152079799331573,1790295181493435741,1000,1
1686,28335988276071,1790295181277896364,1790295181278000000,152079804329030,152079804330993,1790295181498435522,1000,1
1687,28335992270812,1790295181281901104,1790295181282000000,152079809329030,152079809331245,1790295181503435674,1000,1
1688,28336000252627,1790295181289889808,1790295181290000000,152079814329030,152079814331587,1790295181508435786,1000,1
1689,28336004334256,1790295181293901401,1790295181294000000,152079819329030,152079819332089,1790295181513436368,1000,1
1690,28336008348293,1790295181297906771,1790295181298000000,152079824329030,152079824331599,1790295181518435738,1000,1
1691,28336014701997,1790295181304323512,1790295181304000000,152079829329030,152079829331340,1790295181523436130,1000,1
1692,28336020188182,1790295181309890104,1790295181310000000,152079834329030,152079834331171,1790295181528434828,1000,1
1693,28336023616034,1790295181313144141,1790295181313000000,152079839329030,152079839331562,1790295181533435701,1000,1
1694,28336028341256,1790295181317914141,1790295181318000000,152079844329030,152079844330293,1790295181538433870,1000,1
1695,28336032267812,1790295181321895919,1790295181322000000,152079849329030,152079849330654,1790295181543434873,1000,1
1696,28336040256293,1790295181329891882,1790295181330000000,152079854329030,152079854331166,1790295181548435716,1000,1
1697,28336044188108,1790295181333888178,1790295181334000000,152079859329030,152079859345665,1790295181553450885,1000,1
1698,28336047340997,1790295181336936882,1790295181337000000,152079864329030,152079864330838,1790295181558434645,1000,1
1699,28336052274034,1790295181341901215,1790295181342000000,152079869329030,152079869329957,1790295181563433514,1000,1
1700,28336057870108,1790295181347514919,1790295181347000000,152079874329030,152079874329728,1790295181568432745,1000,1
1701,28336064198923,1790295181353891993,1790295181354000000,152079879329030,152079879329690,1790295181573432706,1000,1
1702,28336068432071,1790295181357870290,1790295181358000000,152079884329030,152079884329661,1790295181578432677,1000,1
1703,28336072967775,1790295181362500919,1790295181362000000,152079889329030,152079889329632,1790295181583432638,1000,1
1704,28336079423590,1790295181369027067,1790295181369000000,152079894329030,152079894330895,1790295181588435164,1000,1
1705,28336084246960,1790295181373905882,1790295181374000000,152079899329030,152079899331547,1790295181593435987,1000,1
1706,28336088177590,1790295181377902290,1790295181378000000,152079904329030,152079904331508,1790295181598435857,1000,1
1707,28336092351886,1790295181381923364,1790295181382000000,152079909329030,152079909329547,1790295181603432564,1000,1
1708,28336100265849,1790295181389906401,1790295181390000000,152079914329030,152079914330991,1790295181608434699,1000,1
1709,28336102793775,1790295181391936771,1790295181392000000,152079919329030,152079919331463,1790295181613435732,1000,1
1710,28336108204367,1790295181397901252,1790295181398000000,152079924329030,152079924332005,1790295181618436224,1000,1
1711,28336112237182,1790295181401891660,1790295181402000000,152079929329030,152079929331715,1790295181623435954,1000,1
1712,28336120319886,1790295181409897141,1790295181410000000,152079934329030,152079934331496,1790295181628435765,1000,1
1713,28336124493516,1790295181413892215,1790295181414000000,152079939329030,152079939331959,1790295181633436148,1000,1
1714,28336128262812,1790295181417897327,1790295181418000000,152079944329030,152079944330668,1790295181638434877,1000,1
1715,28336132201404,1790295181421889252,1790295181422000000,152079949329030,152079949331150,1790295181643434717,1000,1
1716,28336140362145,1790295181429894993,1790295181430000000,152079954329030,152079954330620,1790295181648434858,1000,1
1717,28336144251182,1790295181433894178,1790295181434000000,152079959329030,152079959331542,1790295181653435761,1000,1
1718,28336147924145,1790295181437154104,1790295181437000000,152079964329030,152079964331624,1790295181658435822,1000,1
1719,28336152202145,1790295181441891919,1790295181442000000,152079969329030,152079969331214,1790295181663434772,1000,1
1720,28336158690515,1790295181448240660,1790295181448000000,152079974329030,152079974329633,1790295181668432650,1000,1
1721,28336164296849,1790295181453897067,1790295181454000000,152079979329030,152079979331758,1790295181673435927,1000,1
1722,28336168242701,1790295181457892993,1790295181458000000,152079984329030,152079984331629,1790295181678435788,1000,1
1723,28336172248923,1790295181461895289,1790295181462000000,152079989329030,152079989331370,1790295181683435919,1000,1
1724,28336180191627,1790295181469883845,1790295181470000000,152079994329030,152079994330960,1790295181688435128,1000,1
1725,28336184303738,1790295181473896697,1790295181474000000,152079999329030,152079999332103,1790295181693436242,1000,1
1726,28336188232849,1790295181477893475,1790295181478000000,152080004329030,152080004330392,1790295181698434922,1000,1
1727,28336192823256,1790295181481903623,1790295181482000000,152080009329030,152080009330474,1790295181703434041,1000,1
1728,28336200210293,1790295181489896623,1790295181490000000,152080014329030,152080014332098,1790295181708436597,1000,1
1729,28336203450923,1790295181493026882,1790295181493000000,152080019329030,152080019331327,1790295181713434995,1000,1
1730,28336208317664,1790295181497916475,1790295181498000000,152080024329030,152080024329635,1790295181718432641,1000,1
1731,28336212397664,1790295181501913104,1790295181502000000,152080029329030,152080029329756,1790295181723432702,1000,1
1732,28336220310182,1790295181509910956,1790295181510000000,152080034329030,152080034329748,1790295181728432764,1000,1
1733,28336222771738,1790295181512468364,1790295181512000000,152080039329030,152080039331964,1790295181733436233,1000,1
1734,28336227285108,1790295181516878734,1790295181517000000,152080044329030,152080044331334,1790295181738435502,1000,1
1735,28336232271219,1790295181521911104,1790295181522000000,152080049329030,152080049331926,1790295181743436225,1000,1
1736,28336240269330,1790295181529900993,1790295181530000000,152080054329030,152080054330564,1790295181748434933,1000,1
1737,28336244241701,1790295181533902808,1790295181534000000,152080059329030,152080059329974,1790295181753433602,1000,1
1738,28336248315627,1790295181537915734,1790295181538000000,152080064329030,152080064330556,1790295181758434384,1000,1
1739,28336252356738,1790295181541902586,1790295181542000000,152080069329030,152080069331461,1790295181763436511,1000,1
1740,28336259354738,1790295181549025734,1790295181549000000,152080074329030,152080074330981,1790295181768434909,1000,1
1741,28336264257256,1790295181553891882,1790295181554000000,152080079329030,152080079332074,1790295181773436282,1000,1
1742,28336268279775,1790295181557913178,1790295181558000000,152080084329030,152080084332065,1790295181778436193,1000,1
1743,28336272358219,1790295181561916882,1790295181562000000,152080089329030,152080089331955,1790295181783436224,1000,1
1744,28336280215145,1790295181569901956,1790295181570000000,152080094329030,152080094330944,1790295181788435093,1000,1
1745,28336282140923,1790295181571825771,1790295181572000000,152080099329030,152080099330556,1790295181793434434,1000,1
1746,28336288318108,1790295181577903660,1790295181578000000,152080104329030,152080104331830,1790295181798436058,1000,1
1747,28336292299293,1790295181581908808,1790295181582000000,152080109329030,152080109331590,1790295181803436200,1000,1
1748,28336300237145,1790295181589894660,1790295181590000000,152080114329030,152080114331872,1790295181808436181,1000,1
1749,28336304257182,1790295181593903549,1790295181594000000,152080119329030,152080119330600,1790295181813434488,1000,1
1750,28336308301627,1790295181597923178,1790295181598000000,152080124329030,152080124331313,1790295181818435842,1000,1
1751,28336312275664,1790295181601907178,1790295181602000000,152080129329030,152080129332005,1790295181823436284,1000,1
1752,28336320332886,1790295181609916363,1790295181610000000,152080134329030,152080134331917,1790295181828436347,1000,1
1753,28336322970812,1790295181612677475,1790295181612000000,152080139329030,152080139330756,1790295181833436007,1000,1
1754,28336327174849,1790295181616839215,1790295181617000000,152080144329030,152080144330857,1790295181838435166,1000,1
1755,28336332331738,1790295181621898919,1790295181622000000,152080149329030,152080149330999,1790295181843435007,1000,1
1756,28336338327960,1790295181627866252,1790295181628000000,152080154329030,152080154330569,1790295181848434427,1000,1
1757,28336344292515,1790295181633897660,1790295181634000000,152080159329030,152080159331743,1790295181853436082,1000,1
1758,28336348225219,1790295181637899400,1790295181638000000,152080164329030,152080164331284,1790295181858434821,1000,1
1759,28336352304441,1790295181641900067,1790295181642000000,152080169329030,152080169331846,1790295181863436075,1000,1
1760,28336360272145,1790295181649897104,1790295181650000000,152080174329030,152080174332127,1790295181868436286,1000,1
1761,28336364330701,1790295181653899956,1790295181654000000,152080179329030,152080179331948,1790295181873436087,1000,1
1762,28336368160293,1790295181657883993,1790295181658000000,152080184329030,152080184331869,1790295181878436098,1000,1
1763,28336372184886,1790295181661884030,1790295181662000000,152080189329030,152080189331569,1790295181883435708,1000,1
1764,28336380348071,1790295181669898400,1790295181670000000,152080194329030,152080194330850,1790295181888435099,1000,1
1766,28336388327589,1790295181677896438,1790295181678000000,152080204329030,152080204331634,1790295181898436063,1000,1
1767,28336392231071,1790295181681890030,1790295181682000000,152080209329030,152080209331835,1790295181903436054,1000,1
1768,28336400255701,1790295181689893623,1790295181690000000,152080214329030,152080214332026,1790295181908436155,1000,1
1769,28336404182034,1790295181693884363,1790295181694000000,152080219329030,152080219331687,1790295181913436166,1000,1
1770,28336408361849,1790295181697898734,1790295181698000000,152080224329030,152080224332030,1790295181918436199,1000,1
1771,28336412231108,1790295181701891771,1790295181702000000,152080229329030,152080229331460,1790295181923435909,1000,1
1772,28336417147812,1790295181706800549,1790295181707000000,152080234329030,152080234330940,1790295181928434908,1000,1
1773,28336424220145,1790295181713894067,1790295181714000000,152080239329030,152080239332043,1790295181933436342,1000,1
1774,28336428550182,1790295181717865697,1790295181718000000,152080244329030,152080244331242,1790295181938435822,1000,1
1775,28336432299589,1790295181721898697,1790295181722000000,152080249329030,152080249330572,1790295181943434811,1000,1
1776,28336439724441,1790295181729170326,1790295181729000000,152080254329030,152080254330995,1790295181948434913,1000,1
1777,28336446985367,1790295181736637141,1790295181736000000,152080259329030,152080259331588,1790295181953436047,1000,1
1778,28336448213849,1790295181737891771,1790295181738000000,152080264329030,152080264331769,1790295181958436008,1000,1
1779,28336456502182,1790295181745893215,1790295181746000000,152080269329030,152080269332491,1790295181963436710,1000,1
1780,28336460260738,1790295181749894549,1790295181750000000,152080274329030,152080274331380,1790295181968434988,1000,1
1781,28336462839775,1790295181752445734,1790295181752000000,152080279329030,152080279331892,1790295181973436091,1000,1
1782,28336468206182,1790295181757892586,1790295181758000000,152080284329030,152080284331422,1790295181978435030,1000,1
1783,28336472250367,1790295181761893549,1790295181762000000,152080289329030,152080289331626,1790295181983435784,1000,1
1784,28336480340404,1790295181769900586,1790295181770000000,152080294329030,152080294330685,1790295181988435174,1000,1
1785,28336484266145,1790295181773896437,1790295181774000000,152080299329030,152080299331277,1790295181993435806,1000,1
1786,28336488272552,1790295181777897586,1790295181778000000,152080304329030,152080304332039,1790295181998436439,1000,1
1787,28336492170219,1790295181781888400,1790295181782000000,152080309329030,152080309331259,1790295182003436389,1000,1
1788,28336500338330,1790295181789891400,1790295181790000000,152080314329030,152080314331310,1790295182008436100,1000,1
1789,28336504225145,1790295181793889067,1790295181794000000,152080319329030,152080319332063,1790295182013436191,1000,1
1790,28336507243589,1790295181796850104,1790295181797000000,152080324329030,152080324332036,1790295182018436224,1000,1
1791,28336512358663,1790295181801899215,1790295181802000000,152080329329030,152080329331325,1790295182023435764,1000,1
1792,28336518759145,1790295181808241511,1790295181808000000,152080334329030,152080334331396,1790295182028435916,1000,1
1793,28336524216849,1790295181813891252,1790295181814000000,152080339329030,152080339331978,1790295182033436127,1000,1
1794,28336528179849,1790295181817886734,1790295181818000000,152080344329030,152080344330987,1790295182038435447,1000,1
1795,28336532350182,1790295181821902400,1790295181822000000,152080349329030,152080349330999,1790295182043435007,1000,1
1796,28336540323478,1790295181829918882,1790295181830000000,152080354329030,152080354330560,1790295182048434388,1000,1
1797,28336544248367,1790295181833897141,1790295181834000000,152080359329030,152080359329780,1790295182053432796,1000,1
1798,28336548219182,1790295181837887252,1790295181838000000,152080364329030,152080364331624,1790295182058435823,1000,1
1799,28336552939256,1790295181841939215,1790295181842000000,152080369329030,152080369330693,1790295182063434541,1000,1
1800,28336558099256,1790295181847699919,1790295181847000000,152080374329030,152080374331125,1790295182068435785,1000,1
1801,28336563677404,1790295181853137215,1790295181853000000,152080379329030,152080379331669,1790295182073435837,1000,1
1802,28336568215886,1790295181857888808,1790295181858000000,152080384329030,152080384331399,1790295182078435608,1000,1
1803,28336572206441,1790295181861889104,1790295181862000000,152080389329030,152080389330999,1790295182083434557,1000,1
1804,28336580313478,1790295181869905882,1790295181870000000,152080394329030,152080394331341,1790295182088435450,1000,1
1805,28336584309441,1790295181873897734,1790295181874000000,152080399329030,152080399331613,1790295182093436092,1000,1
1806,28336588317441,1790295181877902030,1790295181878000000,152080404329030,152080404330521,1790295182098434380,1000,1
1807,28336592316330,1790295181881903400,1790295181882000000,152080409329030,152080409330623,1790295182103435193,1000,1
1808,28336597873552,1790295181886957215,1790295181887000000,152080414329030,152080414332198,1790295182108436377,1000,1
1809,28336604316256,1790295181893917586,1790295181894000000,152080419329030,152080419331839,1790295182113435987,1000,1
1810,28336608341886,1790295181897899141,1790295181898000000,152080424329030,152080424330818,1790295182118435016,1000,1
1811,28336612288071,1790295181901904808,1790295181902000000,152080429329030,152080429330999,1790295182123434607,1000,1
1812,28336619708367,1790295181909183623,1790295181909000000,152080434329030,152080434331972,1790295182128436161,1000,1
1813,28336623579774,1790295181913245400,1790295181913000000,152080439329030,152080439331823,1790295182133435981,1000,1
1814,28336628210034,1790295181917896511,1790295181918000000,152080444329030,152080444331585,1790295182138435743,1000,1
1815,28336632342478,1790295181921917326,1790295181922000000,152080449329030,152080449331476,1790295182143435905,1000,1
1816,28336640284367,1790295181929908363,1790295181930000000,152080454329030,152080454331006,1790295182148434884,1000,1
1817,28336643077367,1790295181932700845,1790295181932000000,152080459329030,152080459331888,1790295182153436347,1000,1
1818,28336651029737,1790295181940722771,1790295181940000000,152080464329030,152080464331408,1790295182158435908,1000,1
1819,28336653365700,1790295181942998660,1790295181943000000,152080469329030,152080469331470,1790295182163435588,1000,1
1820,28336660304849,1790295181949897623,1790295181950000000,152080474329030,152080474331162,1790295182168434729,1000,1
1821,28336664301700,1790295181953905845,1790295181954000000,152080479329030,152080479331814,1790295182173436022,1000,1
1822,28336668288589,1790295181957906067,1790295181958000000,152080484329030,152080484331224,1790295182178435913,1000,1
1823,28336672187923,1790295181961891437,1790295181962000000,152080489329030,152080489331846,1790295182183436085,1000,1
1824,28336680345960,1790295181969910845,1790295181970000000,152080494329030,152080494331506,1790295182188435985,1000,1
1825,28336684379663,1790295181973905919,1790295181974000000,152080499329030,152080499331197,1790295182193435876,1000,1
1826,28336688282886,1790295181977897326,1790295181978000000,152080504329030,152080504335788,1790295182198439967,1000,1
1827,28336692267367,1790295181981882882,1790295181982000000,152080509329030,152080509331682,1790295182203436131,1000,1
1828,28336698194737,1790295181987852660,1790295181988000000,152080514329030,152080514331903,1790295182208436162,1000,1
1829,28336704313700,1790295181993893993,1790295181994000000,152080519329030,152080519331764,1790295182213436223,1000,1
1830,28336708364219,1790295181997893326,1790295181998000000,152080524329030,152080524331544,1790295182218436023,1000,1
1831,28336712258293,1790295182001895845,1790295182002000000,152080529329030,152080529331545,1790295182223435694,1000,1
1832,28336720189515,1790295182009886104,1790295182010000000,152080534329030,152080534331177,1790295182228436247,1000,1
1833,28336724444293,1790295182013899178,1790295182014000000,152080539329030,152080539331518,1790295182233435667,1000,1
1834,28336728251293,1790295182017892104,1790295182018000000,152080544329030,152080544332070,1790295182238436259,1000,1
1835,28336736264886,1790295182025891882,1790295182026000000,152080549329030,152080549331570,1790295182243436060,1000,1
1836,28336738778848,1790295182028490252,1790295182028000000,152080554329030,152080554331301,1790295182248435499,1000,1
1837,28336743541663,1790295182033003845,1790295182033000000,152080559329030,152080559332043,1790295182253436272,1000,1
1838,28336748301219,1790295182037895585,1790295182038000000,152080564329030,152080564330634,1790295182258435183,1000,1
1839,28336752239478,1790295182041890326,1790295182042000000,152080569329030,152080569331406,1790295182263435615,1000,1
1840,28336760289145,1790295182049898919,1790295182050000000,152080574329030,152080574332319,1790295182268436467,1000,1
1841,28336763440256,1790295182053147956,1790295182053000000,152080579329030,152080579332029,1790295182273436198,1000,1
1842,28336768400997,1790295182057903437,1790295182058000000,152080584329030,152080584331619,1790295182278436089,1000,1
1843,28336772266589,1790295182061906437,1790295182062000000,152080589329030,152080589331771,1790295182283435919,1000,1
1844,28336777850589,1790295182067473919,1790295182067000000,152080594329030,152080594332193,1790295182288436522,1000,1
1845,28336784207145,1790295182073902697,1790295182074000000,152080599329030,152080599331624,1790295182293436333,1000,1
1846,28336788274997,1790295182077897956,1790295182078000000,152080604329030,152080604331685,1790295182298435994,1000,1
1847,28336792305774,1790295182081903882,1790295182082000000,152080609329030,152080609331565,1790295182303436115,1000,1
1848,28336799601182,1790295182089028178,1790295182089000000,152080614329030,152080614331316,1790295182308436006,1000,1
1849,28336804239848,1790295182093888993,1790295182094000000,152080619329030,152080619331447,1790295182313435906,1000,1
1850,28336808173478,1790295182097884437,1790295182098000000,152080624329030,152080624331730,1790295182318436200,1000,1
1851,28336812321589,1790295182101896178,1790295182102000000,152080629329030,152080629331481,1790295182323435710,1000,1
1852,28336820266700,1790295182109894585,1790295182110000000,152080634329030,152080634332053,1790295182328436252,1000,1
1853,28336822206034,1790295182111745993,1790295182112000000,152080639329030,152080639330531,1790295182333434740,1000,1
1854,28336828251552,1790295182117900141,1790295182118000000,152080644329030,152080644331384,1790295182338436083,1000,1
1855,28336832163108,1790295182121887030,1790295182122000000,152080649329030,152080649331695,1790295182343435854,1000,1
1856,28336840333811,1790295182129895067,1790295182130000000,152080654329030,152080654331547,1790295182348436026,1000,1
1857,28336844534293,1790295182133890474,1790295182134000000,152080659329030,152080659332161,1790295182353436350,1000,1
1858,28336848240922,1790295182137894363,1790295182138000000,152080664329030,152080664331872,1790295182358436321,1000,1
1859,28336854379034,1790295182144098808,1790295182144000000,152080669329030,152080669332203,1790295182363436312,1000,1
1860,28336860310885,1790295182149893030,1790295182150000000,152080674329030,152080674332084,1790295182368436283,1000,1
1861,28336864230404,1790295182153894363,1790295182154000000,152080679329030,152080679332065,1790295182373436344,1000,1
1862,28336867910330,1790295182157025993,1790295182157000000,152080684329030,152080684331174,1790295182378436325,1000,1
1863,28336872214293,1790295182161898993,1790295182162000000,152080689329030,152080689332037,1790295182383436255,1000,1
1864,28336877008256,1790295182166721585,1790295182166000000,152080694329030,152080694331306,1790295182388436056,1000,1
1865,28336884339219,1790295182173908734,1790295182174000000,152080699329030,152080699331217,1790295182393436047,1000,1
1866,28336888263774,1790295182177896696,1790295182178000000,152080704329030,152080704332400,1790295182398436609,1000,1
1867,28336892272145,1790295182181905252,1790295182182000000,152080709329030,152080709331409,1790295182403435899,1000,1
1868,28336900205256,1790295182189887993,1790295182190000000,152080714329030,152080714331811,1790295182408436020,1000,1
1869,28336904330478,1790295182193917956,1790295182194000000,152080719329030,152080719331854,1790295182413436063,1000,1
1870,28336908262959,1790295182197915474,1790295182198000000,152080724329030,152080724331625,1790295182418435884,1000,1
1871,28336912239330,1790295182201688585,1790295182202000000,152080729329030,152080729331646,1790295182423435915,1000,1
1872,28336920221478,1790295182209888289,1790295182210000000,152080734329030,152080734330925,1790295182428435164,1000,1
1873,28336923230256,1790295182212869919,1790295182213000000,152080739329030,152080739331898,1790295182433436097,1000,1
1874,28336928306811,1790295182217898808,1790295182218000000,152080744329030,152080744331799,1790295182438436128,1000,1
1875,28336932258589,1790295182221894585,1790295182222000000,152080749329030,152080749331339,1790295182443434897,1000,1
1876,28336940264626,1790295182229894956,1790295182230000000,152080754329030,152080754330839,1790295182448435168,1000,1
1877,28336944246404,1790295182233892252,1790295182234000000,152080759329030,152080759330930,1790295182453435670,1000,1
1878,28336948326700,1790295182237901215,1790295182238000000,152080764329030,152080764329639,1790295182458432635,1000,1
1879,28336952247404,1790295182241897400,1790295182242000000,152080769329030,152080769329600,1790295182463432616,1000,1
1880,28336957118552,1790295182246766696,1790295182246000000,152080774329030,152080774329782,1790295182468432788,1000,1
1881,28336964251441,1790295182253896696,1790295182254000000,152080779329030,152080779329744,1790295182473432760,1000,1
1882,28336968463663,1790295182257897141,1790295182258000000,152080784329030,152080784329644,1790295182478432661,1000,1
1883,28336972315404,1790295182261903178,1790295182262000000,152080789329030,152080789331228,1790295182483434776,1000,1
1884,28336980373626,1790295182269977363,1790295182270000000,152080794329030,152080794330919,1790295182488434917,1000,1
1885,28336982616441,1790295182272277956,1790295182272000000,152080799329030,152080799331942,1790295182493436100,1000,1
1886,28336988184626,1790295182277890363,1790295182278000000,152080804329030,152080804331552,1790295182498435851,1000,1
1887,28336992323145,1790295182281901215,1790295182282000000,152080809329030,152080809330583,1790295182503434812,1000,1
1888,28337000248589,1790295182289897696,1790295182290000000,152080814329030,152080814332036,1790295182508436265,1000,1
1889,28337004260922,1790295182293899326,1790295182294000000,152080819329030,152080819331977,1790295182513436196,1000,1
1890,28337008181441,1790295182297888104,1790295182298000000,152080824329030,152080824331347,1790295182518436037,1000,1
1891,28337013519774,1790295182303142178,1790295182303000000,152080829329030,152080829331488,1790295182523435697,1000,1
1892,28337020283700,1790295182309901030,1790295182310000000,152080834329030,152080834330578,1790295182528434456,1000,1
1893,28337025124367,1790295182313893511,1790295182315000000,152080839329030,152080839331692,1790295182533435921,1000,1
1894,28337028249663,1790295182317895067,1790295182318000000,152080844329030,152080844331593,1790295182538436082,1000,1
1895,28337032172663,1790295182321891141,1790295182322000000,152080849329030,152080849331274,1790295182543435773,1000,1
1896,28337038699922,1790295182328230363,1790295182328000000,152080854329030,152080854332036,1790295182548436275,1000,1
1897,28337044290589,1790295182333893548,1790295182334000000,152080859329030,152080859330153,1790295182553434292,1000,1
1898,28337047303478,1790295182336880104,1790295182337000000,152080864329030,152080864330866,1790295182558434654,1000,1
1899,28337052323293,1790295182341914326,1790295182342000000,152080869329030,152080869329556,1790295182563432582,1000,1
1900,28337060333033,1790295182349915474,1790295182350000000,152080874329030,152080874329677,1790295182568432694,1000,1
1901,28337064291441,1790295182353918289,1790295182354000000,152080879329030,152080879329498,1790295182573432514,1000,1
1902,28337068245848,1790295182357895511,1790295182358000000,152080884329030,152080884329639,1790295182578432665,1000,1
1903,28337072264293,1790295182361909548,1790295182362000000,152080889329030,152080889329580,1790295182583432596,1000,1
1904,28337080170774,1790295182369887659,1790295182370000000,152080894329030,152080894330853,1790295182588434711,1000,1
1905,28337084331033,1790295182373918622,1790295182374000000,152080899329030,152080899331958,1790295182593436216,1000,1
1906,28337088264552,1790295182377915141,1790295182378000000,152080904329030,152080904331448,1790295182598435967,1000,1
1907,28337093102589,1790295182382732622,1790295182382000000,152080909329030,152080909331269,1790295182603435167,1000,1
1908,28337100212441,1790295182389902659,1790295182390000000,152080914329030,152080914331841,1790295182608435989,1000,1
1909,28337103543774,1790295182392866844,1790295182393000000,152080919329030,152080919331491,1790295182613435730,1000,1
1910,28337108301700,1790295182397908474,1790295182398000000,152080924329030,152080924330961,1790295182618436031,1000,1
1911,28337112257959,1790295182401910548,1790295182402000000,152080929329030,152080929330732,1790295182623434259,1000,1
1912,28337120260145,1790295182409899474,1790295182410000000,152080934329030,152080934331557,1790295182628435775,1000,1
1913,28337124177996,1790295182413896067,1790295182414000000,152080939329030,152080939330996,1790295182633435115,1000,1
1914,28337128367070,1790295182417906363,1790295182418000000,152080944329030,152080944332150,1790295182638436368,1000,1
1915,28337132277811,1790295182421912770,1790295182422000000,152080949329030,152080949330367,1790295182643434576,1000,1
1916,28337137197700,1790295182426791252,1790295182427000000,152080954329030,152080954330969,1790295182648434657,1000,1
1917,28337144266626,1790295182433901178,1790295182434000000,152080959329030,152080959331593,1790295182653435762,1000,1
1918,28337148286663,1790295182437908178,1790295182438000000,152080964329030,152080964330803,1790295182658434681,1000,1
1919,28337152337478,1790295182441900881,1790295182442000000,152080969329030,152080969329651,1790295182663432668,1000,1
1920,28337159762515,1790295182449248104,1790295182449000000,152080974329030,152080974331817,1790295182668436065,1000,1
1921,28337164317811,1790295182453903363,1790295182454000000,152080979329030,152080979331587,1790295182673436247,1000,1
1922,28337168282107,1790295182457905511,1790295182458000000,152080984329030,152080984331267,1790295182678436278,1000,1
1923,28337172297737,1790295182461893622,1790295182462000000,152080989329030,152080989330998,1790295182683434616,1000,1
1924,28337180200996,1790295182469893400,1790295182470000000,152080994329030,152080994332173,1790295182688436352,1000,1
1925,28337184389959,1790295182473900993,1790295182474000000,152080999329030,152080999331763,1790295182693436232,1000,1
1926,28337188265441,1790295182477905844,1790295182478000000,152081004329030,152081004330662,1790295182698434229,1000,1
1927,28337192272774,1790295182481892770,1790295182482000000,152081009329030,152081009330883,1790295182703435092,1000,1
1928,28337200255996,1790295182489889622,1790295182490000000,152081014329030,152081014332137,1790295182708436355,1000,1
1929,28337204260663,1790295182493884511,1790295182494000000,152081019329030,152081019330416,1790295182713434765,1000,1
1930,28337208431330,1790295182497902807,1790295182498000000,152081024329030,152081024329645,1790295182718432983,1000,1
1931,28337212315774,1790295182501910881,1790295182502000000,152081029329030,152081029329536,1790295182723432553,1000,1
1932,28337220281663,1790295182509892770,1790295182510000000,152081034329030,152081034329688,1790295182728432704,1000,1
1933,28337224181219,1790295182513887844,1790295182514000000,152081039329030,152081039329668,1790295182733432685,1000,1
1934,28337228152626,1790295182516737511,1790295182518000000,152081044329030,152081044329529,1790295182738432546,1000,1
1935,28337232345626,1790295182521900178,1790295182522000000,152081049329030,152081049329751,1790295182743432768,1000,1
1936,28337238675033,1790295182528237844,1790295182528000000,152081054329030,152081054331096,1790295182748435645,1000,1
1937,28337244247182,1790295182533900548,1790295182534000000,152081059329030,152081059331968,1790295182753436217,1000,1
1938,28337246923515,1790295182536620770,1790295182536000000,152081064329030,152081064331008,1790295182758434565,1000,1
1939,28337252356441,1790295182541915400,1790295182542000000,152081069329030,152081069332271,1790295182763436470,1000,1
1940,28337260269033,1790295182549895474,1790295182550000000,152081074329030,152081074330549,1790295182768434427,1000,1
1941,28337267044478,1790295182556676474,1790295182556000000,152081079329030,152081079331572,1790295182773435840,1000,1
1942,28337268212144,1790295182557893881,1790295182558000000,152081084329030,152081084332366,1790295182778436574,1000,1
1943,28337274898996,1790295182564455474,1790295182564000000,152081089329030,152081089331395,1790295182783436335,1000,1
1944,28337280316848,1790295182569894622,1790295182570000000,152081094329030,152081094332368,1790295182788436566,1000,1
1945,28337284275070,1790295182573803067,1790295182574000000,152081099329030,152081099331998,1790295182793436267,1000,1
1946,28337288185626,1790295182577888141,1790295182578000000,152081104329030,152081104331628,1790295182798435807,1000,1
1947,28337292184589,1790295182581883585,1790295182582000000,152081109329030,152081109332070,1790295182803436219,1000,1
1948,28337300338219,1790295182589900474,1790295182590000000,152081114329030,152081114331402,1790295182808435541,1000,1
1949,28337304327996,1790295182593893067,1790295182594000000,152081119329030,152081119331523,1790295182813435992,1000,1
1950,28337308230996,1790295182597893548,1790295182598000000,152081124329030,152081124332516,1790295182818436655,1000,1
1951,28337312188478,1790295182601885659,1790295182602000000,152081129329030,152081129331325,1790295182823435824,1000,1
1952,28337318262441,1790295182607003733,1790295182608000000,152081134329030,152081134331787,1790295182828436216,1000,1
1953,28337324280774,1790295182613901992,1790295182614000000,152081139329030,152081139331607,1790295182833435796,1000,1
1954,28337328267404,1790295182617861807,1790295182618000000,152081144329030,152081144332352,1790295182838436480,1000,1
1955,28337332235515,1790295182621895474,1790295182622000000,152081149329030,152081149331441,1790295182843435550,1000,1
1956,28337339320330,1790295182629022733,1790295182629000000,152081154329030,152081154329538,1790295182848432555,1000,1
1957,28337344392996,1790295182633904437,1790295182634000000,152081159329030,152081159330852,1790295182853434519,1000,1
1958,28337348288626,1790295182637894918,1790295182638000000,152081164329030,152081164330262,1790295182858433839,1000,1
1959,28337352243070,1790295182641891548,1790295182642000000,152081169329030,152081169331525,1790295182863435754,1000,1
1960,28337360155848,1790295182649883030,1790295182650000000,152081174329030,152081174331336,1790295182868436146,1000,1
1961,28337363098181,1790295182652466770,1790295182652000000,152081179329030,152081179331348,1790295182873435546,1000,1
1962,28337368281663,1790295182657897363,1790295182658000000,152081184329030,152081184331849,1790295182878435988,1000,1
1963,28337372318256,1790295182661892326,1790295182662000000,152081189329030,152081189332171,1790295182883436510,1000,1
1964,28337377942737,1790295182667586400,1790295182667000000,152081194329030,152081194331932,1790295182888436080,1000,1
1965,28337384189441,1790295182673889770,1790295182674000000,152081199329030,152081199331752,1790295182893435991,1000,1
1966,28337388326737,1790295182677904067,1790295182678000000,152081204329030,152081204331705,1790295182898435954,1000,1
1967,28337392248996,1790295182681894252,1790295182682000000,152081209329030,152081209331546,1790295182903436025,1000,1
1968,28337400242181,1790295182689887622,1790295182690000000,152081214329030,152081214331266,1790295182908435816,1000,1
1969,28337404157663,1790295182693886289,1790295182694000000,152081219329030,152081219331788,1790295182913436017,1000,1
1970,28337408223959,1790295182697526548,1790295182698000000,152081224329030,152081224331449,1790295182918435938,1000,1
1971,28337416287218,1790295182705896067,1790295182706000000,152081229329030,152081229331129,1790295182923435388,1000,1
1972,28337418383700,1790295182707999363,1790295182708000000,152081234329030,152081234329728,1790295182928432745,1000,1
1973,28337424210255,1790295182713890215,1790295182714000000,152081239329030,152081239332044,1790295182933436223,1000,1
1974,28337428178996,1790295182717887178,1790295182718000000,152081244329030,152081244331574,1790295182938436024,1000,1
1975,28337432334070,1790295182721902881,1790295182722000000,152081249329030,152081249331525,1790295182943436105,1000,1
1976,28337440293144,1790295182729898622,1790295182730000000,152081254329030,152081254331496,1790295182948435685,1000,1
1977,28337444254181,1790295182733896104,1790295182734000000,152081259329030,152081259332068,1790295182953436277,1000,1
1978,28337448197330,1790295182737889400,1790295182738000000,152081264329030,152081264331811,1790295182958435970,1000,1
1979,28337453152811,1790295182741919585,1790295182743000000,152081269329030,152081269331431,1790295182963435900,1000,1
1980,28337459168330,1790295182748772770,1790295182749000000,152081274329030,152081274331913,1790295182968436362,1000,1
1981,28337463672774,1790295182753245548,1790295182753000000,152081279329030,152081279331403,1790295182973435532,1000,1
1982,28337471936330,1790295182761593548,1790295182761000000,152081284329030,152081284332456,1790295182978436685,1000,1
1983,28337472272626,1790295182761884844,1790295182762000000,152081289329030,152081289331625,1790295182983435754,1000,1
1984,28337480372404,1790295182769899622,1790295182770000000,152081294329030,152081294331827,1790295182988435976,1000,1
1985,28337484330255,1790295182773896178,1790295182774000000,152081299329030,152081299331549,1790295182993435678,1000,1
1986,28337488230663,1790295182777894733,1790295182778000000,152081304329030,152081304331230,1790295182998435479,1000,1
1987,28337492158478,1790295182781887104,1790295182782000000,152081309329030,152081309332173,1790295183003436421,1000,1
1988,28337498339292,1790295182787127511,1790295182788000000,152081314329030,152081314331472,1790295183008435651,1000,1
1989,28337504281181,1790295182793900104,1790295182794000000,152081319329030,152081319331103,1790295183013435972,1000,1
1990,28337508260292,1790295182797892363,1790295182798000000,152081324329030,152081324332286,1790295183018436524,1000,1
1991,28337512222515,1790295182801895955,1790295182802000000,152081329329030,152081329331345,1790295183023435473,1000,1
1992,28337520643700,1790295182809852400,1790295182810000000,152081334329030,152081334331566,1790295183028436015,1000,1
1993,28337524282367,1790295182813900992,1790295182814000000,152081339329030,152081339331547,1790295183033435726,1000,1
1994,28337528234996,1790295182817895141,1790295182818000000,152081344329030,152081344332199,1790295183038436388,1000,1
1995,28337532281478,1790295182821906289,1790295182822000000,152081349329030,152081349331219,1790295183043434996,1000,1
1996,28337540202811,1790295182829887252,1790295182830000000,152081354329030,152081354329888,1790295183048433355,1000,1
1997,28337544359478,1790295182833903400,1790295182834000000,152081359329030,152081359331643,1790295183053435812,1000,1
1998,28337548266144,1790295182837909733,1790295182838000000,152081364329030,152081364330832,1790295183058435031,1000,1
1999,28337552244367,1790295182841889770,1790295182842000000,152081369329030,152081369330693,1790295183063434481,1000,1
2000,28337560265848,1790295182849900770,1790295182850000000,152081374329030,152081374331045,1790295183068434642,1000,1
2001,28337564510404,1790295182853887622,1790295182854000000,152081379329030,152081379330956,1790295183073435134,1000,1
2002,28337568349885,1790295182857901289,1790295182858000000,152081384329030,152081384332090,1790295183078436289,1000,1
2003,28337572285070,1790295182861915474,1790295182862000000,152081389329030,152081389330939,1790295183083434497,1000,1
2004,28337580307033,1790295182869900252,1790295182870000000,152081394329030,152081394330970,1790295183088434898,1000,1
2005,28337582779033,1790295182872433918,1790295182872000000,152081399329030,152081399331322,1790295183093435821,1000,1
2006,28337588382218,1790295182877867178,1790295182878000000,152081404329030,152081404331503,1790295183098435662,1000,1
2007,28337592302885,1790295182881915363,1790295182882000000,152081409329030,152081409330803,1790295183103435132,1000,1
2008,28337598523366,1790295182887863881,1790295182888000000,152081414329030,152081414331575,1790295183108435804,1000,1
2009,28337604282922,1790295182893899066,1790295182894000000,152081419329030,152081419331108,1790295183113436138,1000,1
2010,28337608218996,1790295182897894733,1790295182898000000,152081424329030,152081424331589,1790295183118436099,1000,1
2011,28337612262700,1790295182901895918,1790295182902000000,152081429329030,152081429331440,1790295183123435619,1000,1
2012,28337620185811,1790295182909889363,1790295182910000000,152081434329030,152081434331151,1790295183128434888,1000,1
2013,28337624335700,1790295182913902029,1790295182914000000,152081439329030,152081439331172,1790295183133434809,1000,1
2014,28337628254626,1790295182917901400,1790295182918000000,152081444329030,152081444331042,1790295183138434650,1000,1
2015,28337632475737,1790295182922043548,1790295182922000000,152081449329030,152081449330813,1790295183143435152,1000,1
2016,28337640218996,1790295182929891511,1790295182930000000,152081454329030,152081454330153,1790295183148433810,1000,1
2017,28337643363848,1790295182932867400,1790295182933000000,152081459329030,152081459331867,1790295183153436126,1000,1
2018,28337648339996,1790295182937896696,1790295182938000000,152081464329030,152081464331788,1790295183158435946,1000,1
2019,28337652318403,1790295182941894955,1790295182942000000,152081469329030,152081469330887,1790295183163434755,1000,1
2020,28337660271181,1790295182949890177,1790295182950000000,152081474329030,152081474332262,1790295183168436451,1000,1
2021,28337664178181,1790295182953887363,1790295182954000000,152081479329030,152081479331462,1790295183173435660,1000,1
2022,28337668366663,1790295182957898289,1790295182958000000,152081484329030,152081484330902,1790295183178435100,1000,1
2023,28337676302329,1790295182965895140,1790295182966000000,152081489329030,152081489332255,1790295183183436484,1000,1
2024,28337677903589,1790295182967535215,1790295182967000000,152081494329030,152081494332056,1790295183188436224,1000,1
2025,28337684177922,1790295182973890103,1790295182974000000,152081499329030,152081499331816,1790295183193436005,1000,1
2026,28337688408070,1790295182977910289,1790295182978000000,152081504329030,152081504332060,1790295183198436279,1000,1
2027,28337692315848,1790295182981900992,1790295182982000000,152081509329030,152081509331610,1790295183203436029,1000,1
2028,28337698310478,1790295182987956622,1790295182988000000,152081514329030,152081514331982,1790295183208436130,1000,1
2029,28337704333478,1790295182993915066,1790295182994000000,152081519329030,152081519332604,1790295183213436832,1000,1
2030,28337708220996,1790295182997894214,1790295182998000000,152081524329030,152081524332515,1790295183218436683,1000,1
2031,28337712408403,1790295183001903733,1790295183002000000,152081529329030,152081529331264,1790295183223435733,1000,1
2032,28337720428107,1790295183009892585,1790295183010000000,152081534329030,152081534330975,1790295183228434883,1000,1
2033,28337722232515,1790295183011884066,1790295183012000000,152081539329030,152081539331998,1790295183233436147,1000,1
2034,28337728250737,1790295183017896103,1790295183018000000,152081544329030,152081544332530,1790295183238436739,1000,1
2035,28337732305403,1790295183021895844,1790295183022000000,152081549329030,152081549331589,1790295183243436079,1000,1
2036,28337740374552,1790295183029896103,1790295183030000000,152081554329030,152081554331220,1790295183248435599,1000,1
2037,28337744282144,1790295183033897585,1790295183034000000,152081559329030,152081559354835,1790295183253459074,1000,1
2038,28337748301292,1790295183037894214,1790295183038000000,152081564329030,152081564331724,1790295183258435873,1000,1
2039,28337752241033,1790295183041893955,1790295183042000000,152081569329030,152081569331886,1790295183263436094,1000,1
2040,28337760340403,1790295183049897400,1790295183050000000,152081574329030,152081574331867,1790295183268436065,1000,1
2041,28337764332959,1790295183053897251,1790295183054000000,152081579329030,152081579331407,1790295183273435565,1000,1
2042,28337768300885,1790295183057903622,1790295183058000000,152081584329030,152081584331878,1790295183278436107,1000,1
2043,28337772262033,1790295183061888955,1790295183062000000,152081589329030,152081589331940,1790295183283436178,1000,1
2044,28337779354144,1790295183068138770,1790295183069000000,152081594329030,152081594332082,1790295183288436321,1000,1
2045,28337784334329,1790295183073895437,1790295183074000000,152081599329030,152081599331893,1790295183293436051,1000,1
2046,28337787693255,1790295183077296696,1790295183077000000,152081604329030,152081604331082,1790295183298435271,1000,1
2047,28337792309922,1790295183081894992,1790295183082000000,152081609329030,152081609330953,1790295183303435061,1000,1
2048,28337798886181,1790295183088513177,1790295183088000000,152081614329030,152081614331515,1790295183308435724,1000,1
2049,28337804328070,1790295183093896807,1790295183094000000,152081619329030,152081619331887,1790295183313436126,1000,1
2050,28337808261515,1790295183097896474,1790295183098000000,152081624329030,152081624331970,1790295183318436199,1000,1
2051,28337812964885,1790295183102521251,1790295183102000000,152081629329030,152081629331250,1790295183323435408,1000,1
2052,28337820374255,1790295183109895807,1790295183110000000,152081634329030,152081634331090,1790295183328435549,1000,1
2054,28337828265107,1790295183117892585,1790295183118000000,152081644329030,152081644332094,1790295183338436263,1000,1
2055,28337834468144,1790295183124025029,1790295183124000000,152081649329030,152081649331745,1790295183343435943,1000,1
2056,28337837611737,1790295183127180103,1790295183127000000,152081654329030,152081654332018,1790295183348436207,1000,1
2057,28337844329700,1790295183133902288,1790295183134000000,152081659329030,152081659331097,1790295183353436348,1000,1
2058,28337848406922,1790295183137905326,1790295183138000000,152081664329030,152081664331289,1790295183358435457,1000,1
2059,28337852109700,1790295183141714548,1790295183141000000,152081669329030,152081669331069,1790295183363435919,1000,1
2060,28337857394403,1790295183146987807,1790295183147000000,152081674329030,152081674332363,1790295183368436571,1000,1
2061,28337868299737,1790295183157849992,1790295183158000000,152081679329030,152081679331212,1790295183373435370,1000,1
2062,28337871865440,1790295183161526770,1790295183161000000,152081684329030,152081684331625,1790295183378435784,1000,1
2063,28337872209589,1790295183161893103,1790295183162000000,152081689329030,152081689331767,1790295183383435925,1000,1
2064,28337879379366,1790295183169023029,1790295183169000000,152081694329030,152081694331988,1790295183388436147,1000,1
2065,28337884314403,1790295183173894214,1790295183174000000,152081699329030,152081699331779,1790295183393435957,1000,1
2066,28337888406848,1790295183177894918,1790295183178000000,152081704329030,152081704330948,1790295183398435377,1000,1
2067,28337892343255,1790295183181916511,1790295183182000000,152081709329030,152081709331502,1790295183403435961,1000,1
2068,28337898396589,1790295183187987511,1790295183188000000,152081714329030,152081714331493,1790295183408435712,1000,1
2069,28337904318589,1790295183193910844,1790295183194000000,152081719329030,152081719331925,1790295183413436234,1000,1
2070,28337908285033,1790295183197894881,1790295183198000000,152081724329030,152081724331796,1790295183418435954,1000,1
2071,28337912210959,1790295183201889288,1790295183202000000,152081729329030,152081729331235,1790295183423435414,1000,1
2072,28337920312996,1790295183209889807,1790295183210000000,152081734329030,152081734331577,1790295183428435726,1000,1
2073,28337924358514,1790295183213899622,1790295183214000000,152081739329030,152081739329666,1790295183433433374,1000,1
2074,28337928320885,1790295183217910770,1790295183218000000,152081744329030,152081744332132,1790295183438436270,1000,1
2075,28337932317329,1790295183221910400,1790295183222000000,152081749329030,152081749329778,1790295183443432795,1000,1
2076,28337940228440,1790295183229891029,1790295183230000000,152081754329030,152081754332034,1790295183448436212,1000,1
2077,28337944250033,1790295183233911992,1790295183234000000,152081759329030,152081759329901,1790295183453433528,1000,1
2078,28337948339922,1790295183237810585,1790295183238000000,152081764329030,152081764331034,1790295183458435242,1000,1
2079,28337952278551,1790295183241898140,1790295183242000000,152081769329030,152081769329614,1790295183463432610,1000,1
2080,28337958166329,1790295183247846955,1790295183248000000,152081774329030,152081774329665,1790295183468432681,1000,1
2081,28337964219514,1790295183253889437,1790295183254000000,152081779329030,152081779329776,1790295183473432792,1000,1
2082,28337968278403,1790295183257900251,1790295183258000000,152081784329030,152081784329687,1790295183478432703,1000,1
2083,28337972362292,1790295183261917437,1790295183262000000,152081789329030,152081789329718,1790295183483432724,1000,1
2084,28337980251070,1790295183269897844,1790295183270000000,152081794329030,152081794330631,1790295183488434499,1000,1
2085,28337984319403,1790295183273898733,1790295183274000000,152081799329030,152081799331535,1790295183493435814,1000,1
2086,28337988298144,1790295183277898881,1790295183278000000,152081804329030,152081804331376,1790295183498435554,1000,1
2087,28337992348514,1790295183281896511,1790295183282000000,152081809329030,152081809331076,1790295183503435445,1000,1
2088,28338000309255,1790295183289898511,1790295183290000000,152081814329030,152081814330877,1790295183508435125,1000,1
2089,28338003585218,1790295183293143733,1790295183293000000,152081819329030,152081819331318,1790295183513436068,1000,1
2090,28338008264329,1790295183297893622,1790295183298000000,152081824329030,152081824331530,1790295183518435668,1000,1
2091,28338014553625,1790295183304029325,1790295183304000000,152081829329030,152081829331242,1790295183523435431,1000,1
2092,28338020317700,1790295183309901955,1790295183310000000,152081834329030,152081834330522,1790295183528435191,1000,1
2093,28338024248848,1790295183313895844,1790295183314000000,152081839329030,152081839330723,1790295183533434671,1000,1
2094,28338028230848,1790295183317896770,1790295183318000000,152081844329030,152081844331736,1790295183538435995,1000,1
2095,28338032167811,1790295183321894733,1790295183322000000,152081849329030,152081849329703,1790295183543432710,1000,1
2096,28338037481070,1790295183327013696,1790295183327000000,152081854329030,152081854330687,1790295183548434575,1000,1
2097,28338044310885,1790295183333903251,1790295183334000000,152081859329030,152081859330769,1790295183553435188,1000,1
2098,28338048586366,1790295183337868807,1790295183338000000,152081864329030,152081864331000,1790295183558435169,1000,1
2099,28338052244070,1790295183341899622,1790295183342000000,152081869329030,152081869329589,1790295183563432595,1000,1
2100,28338059581514,1790295183349136325,1790295183349000000,152081874329030,152081874329530,1790295183568432546,1000,1
2101,28338062493181,1790295183352011622,1790295183352000000,152081879329030,152081879329671,1790295183573432687,1000,1
2102,28338068256403,1790295183357896140,1790295183358000000,152081884329030,152081884329752,1790295183578432768,1000,1
2103,28338072265959,1790295183361896288,1790295183362000000,152081889329030,152081889329684,1790295183583432701,1000,1
2104,28338080192329,1790295183369885548,1790295183370000000,152081894329030,152081894331819,1790295183588436349,1000,1
2105,28338084408403,1790295183373904659,1790295183374000000,152081899329030,152081899331480,1790295183593435638,1000,1
2106,28338088287811,1790295183377901881,1790295183378000000,152081904329030,152081904331501,1790295183598435780,1000,1
2107,28338093192662,1790295183382847362,1790295183383000000,152081909329030,152081909330891,1790295183603434849,1000,1
2108,28338100249700,1790295183389890288,1790295183390000000,152081914329030,152081914330712,1790295183608434240,1000,1
2109,28338104164070,1790295183393888696,1790295183394000000,152081919329030,152081919331936,1790295183613436135,1000,1
2110,28338108330922,1790295183397900844,1790295183398000000,152081924329030,152081924331997,1790295183618436256,1000,1
2111,28338112236107,1790295183401899140,1790295183402000000,152081929329030,152081929330135,1790295183623433592,1000,1
2112,28338117444366,1790295183406998288,1790295183407000000,152081934329030,152081934331538,1790295183628435767,1000,1
2113,28338124256292,1790295183413896881,1790295183414000000,152081939329030,152081939332040,1790295183633436349,1000,1
2114,28338128276144,1790295183417900103,1790295183418000000,152081944329030,152081944331502,1790295183638436132,1000,1
2115,28338132176737,1790295183421893399,1790295183422000000,152081949329030,152081949330641,1790295183643434089,1000,1
2116,28338138259588,1790295183427868585,1790295183428000000,152081954329030,152081954330993,1790295183648434530,1000,1
2117,28338144316699,1790295183433906214,1790295183434000000,152081959329030,152081959330613,1790295183653434461,1000,1
2118,28338148277070,1790295183437898362,1790295183438000000,152081964329030,152081964331295,1790295183658435584,1000,1
2119,28338152268922,1790295183441896251,1790295183442000000,152081969329030,152081969331467,1790295183663435054,1000,1
2120,28338160318996,1790295183449895103,1790295183450000000,152081974329030,152081974332070,1790295183668436309,1000,1
2121,28338164335885,1790295183453905659,1790295183454000000,152081979329030,152081979331180,1790295183673435409,1000,1
2122,28338168269662,1790295183457895918,1790295183458000000,152081984329030,152081984331522,1790295183678435770,1000,1
2123,28338176297551,1790295183465905585,1790295183466000000,152081989329030,152081989331983,1790295183683436132,1000,1
2124,28338177540292,1790295183467173548,1790295183467000000,152081994329030,152081994332034,1790295183688436263,1000,1
2125,28338183750514,1790295183473231325,1790295183473000000,152081999329030,152081999331835,1790295183693436014,1000,1
2126,28338188345588,1790295183477904066,1790295183478000000,152082004329030,152082004331768,1790295183698435996,1000,1
2127,28338192299292,1790295183481898622,1790295183482000000,152082009329030,152082009331037,1790295183703434635,1000,1
2128,28338199410811,1790295183488960659,1790295183489000000,152082014329030,152082014330738,1790295183708434245,1000,1
2129,28338204283477,1790295183493932251,1790295183494000000,152082019329030,152082019331290,1790295183713434817,1000,1
2130,28338208243551,1790295183497899029,1790295183498000000,152082024329030,152082024329678,1790295183718432694,1000,1
2131,28338212158255,1790295183501888066,1790295183502000000,152082029329030,152082029329369,1790295183723432315,1000,1
2132,28338220351662,1790295183509910548,1790295183510000000,152082034329030,152082034329691,1790295183728432708,1000,1
2133,28338224254996,1790295183513892585,1790295183514000000,152082039329030,152082039331426,1790295183733435664,1000,1
2134,28338228339218,1790295183517791844,1790295183518000000,152082044329030,152082044332048,1790295183738436296,1000,1
2135,28338232274774,1790295183521901992,1790295183522000000,152082049329030,152082049330466,1790295183743434043,1000,1
2136,28338240737255,1790295183529458955,1790295183530000000,152082054329030,152082054331308,1790295183748435817,1000,1
2137,28338244283625,1790295183533902844,1790295183534000000,152082059329030,152082059331570,1790295183753436009,1000,1
2138,28338248307588,1790295183537898548,1790295183538000000,152082064329030,152082064359626,1790295183758463814,1000,1
2139,28338252317070,1790295183541910733,1790295183542000000,152082069329030,152082069332074,1790295183763436343,1000,1
2140,28338260217736,1790295183549892473,1790295183550000000,152082074329030,152082074330963,1790295183768435052,1000,1
2141,28338264356329,1790295183553920547,1790295183554000000,152082079329030,152082079331004,1790295183773435173,1000,1
2142,28338268227811,1790295183557898696,1790295183558000000,152082084329030,152082084331697,1790295183778435915,1000,1
2143,28338272213885,1790295183561890844,1790295183562000000,152082089329030,152082089331387,1790295183783435526,1000,1
2144,28338280243551,1790295183569888622,1790295183570000000,152082094329030,152082094332382,1790295183788436601,1000,1
2145,28338284157922,1790295183573885807,1790295183574000000,152082099329030,152082099331221,1790295183793435450,1000,1
2146,28338288356811,1790295183577917844,1790295183578000000,152082104329030,152082104331082,1790295183798435200,1000,1
2147,28338292231773,1790295183581899362,1790295183582000000,152082109329030,152082109332315,1790295183803436544,1000,1
2148,28338299558625,1790295183589196696,1790295183589000000,152082114329030,152082114331444,1790295183808435653,1000,1
2149,28338304194070,1790295183593885547,1790295183594000000,152082119329030,152082119331385,1790295183813435534,1000,1
2150,28338308339033,1790295183597902659,1790295183598000000,152082124329030,152082124332230,1790295183818436449,1000,1
2151,28338312248625,1790295183601903473,1790295183602000000,152082129329030,152082129331018,1790295183823435227,1000,1
2152,28338319235551,1790295183608819399,1790295183609000000,152082134329030,152082134331811,1790295183828435970,1000,1
2153,28338324194329,1790295183613894436,1790295183614000000,152082139329030,152082139331922,1790295183833436061,1000,1
2154,28338328143996,1790295183617883177,1790295183618000000,152082144329030,152082144332013,1790295183838436112,1000,1
2155,28338332343218,1790295183621916029,1790295183622000000,152082149329030,152082149331354,1790295183843435522,1000,1
2156,28338340284329,1790295183629893733,1790295183630000000,152082154329030,152082154331737,1790295183848435916,1000,1
2157,28338344234255,1790295183633892214,1790295183634000000,152082159329030,152082159332009,1790295183853436157,1000,1
2158,28338348203514,1790295183637895288,1790295183638000000,152082164329030,152082164330587,1790295183858434145,1000,1
2159,28338352189514,1790295183641691992,1790295183642000000,152082169329030,152082169330718,1790295183863435238,1000,1
2160,28338360350070,1790295183649921473,1790295183650000000,152082174329030,152082174329647,1790295183868432664,1000,1
2161,28338363379625,1790295183652995584,1790295183653000000,152082179329030,152082179330331,1790295183873433898,1000,1
2162,28338368210699,1790295183657891214,1790295183658000000,152082184329030,152082184331735,1790295183878435974,1000,1
2163,28338372184922,1790295183661898547,1790295183662000000,152082189329030,152082189331565,1790295183883435744,1000,1
2164,28338380348366,1790295183669902881,1790295183670000000,152082194329030,152082194331366,1790295183888436156,1000,1
2165,28338384285033,1790295183673917807,1790295183674000000,152082199329030,152082199331307,1790295183893435466,1000,1
2166,28338388236996,1790295183677895029,1790295183678000000,152082204329030,152082204331578,1790295183898435667,1000,1
2167,28338392175773,1790295183681887288,1790295183682000000,152082209329030,152082209331680,1790295183903435868,1000,1
2168,28338398356736,1790295183687816214,1790295183688000000,152082214329030,152082214331291,1790295183908435600,1000,1
2169,28338403455699,1790295183693037140,1790295183693000000,152082219329030,152082219330731,1790295183913435050,1000,1
2170,28338408313922,1790295183697903399,1790295183698000000,152082224329030,152082224331764,1790295183918435923,1000,1
2171,28338412232033,1790295183701895844,1790295183702000000,152082229329030,152082229330873,1790295183923435092,1000,1
2172,28338419343959,1790295183709010881,1790295183709000000,152082234329030,152082234331586,1790295183928435714,1000,1
2173,28338424312773,1790295183713902288,1790295183714000000,152082239329030,152082239331809,1790295183933436047,1000,1
2174,28338428253440,1790295183717900325,1790295183718000000,152082244329030,152082244331972,1790295183938436110,1000,1
2175,28338432244996,1790295183721895881,1790295183722000000,152082249329030,152082249331662,1790295183943435971,1000,1
2176,28338440179144,1790295183729888844,1790295183730000000,152082254329030,152082254331713,1790295183948435932,1000,1
2178,28338448348329,1790295183737899103,1790295183738000000,152082264329030,152082264331495,1790295183958435623,1000,1
2179,28338452277810,1790295183741892733,1790295183742000000,152082269329030,152082269331496,1790295183963435674,1000,1
2180,28338460244218,1790295183749888696,1790295183750000000,152082274329030,152082274331477,1790295183968435976,1000,1
2181,28338464239625,1790295183753903658,1790295183754000000,152082279329030,152082279331147,1790295183973435326,1000,1
2182,28338468319773,1790295183757902955,1790295183758000000,152082284329030,152082284331088,1790295183978435307,1000,1
2183,28338472241477,1790295183761892140,1790295183762000000,152082289329030,152082289331329,1790295183983435628,1000,1
2184,28338478227810,1790295183767873140,1790295183768000000,152082294329030,152082294332292,1790295183988436561,1000,1
2185,28338484165662,1790295183773887177,1790295183774000000,152082299329030,152082299331382,1790295183993435580,1000,1
2186,28338488441847,1790295183778009177,1790295183778000000,152082304329030,152082304331755,1790295183998436014,1000,1
2187,28338496247292,1790295183785894696,1790295183786000000,152082309329030,152082309331596,1790295184003435735,1000,1
2188,28338498228366,1790295183787865770,1790295183788000000,152082314329030,152082314331156,1790295184008435325,1000,1
2189,28338504253107,1790295183793899103,1790295183794000000,152082319329030,152082319331678,1790295184013435857,1000,1
2190,28338508225366,1790295183797888955,1790295183798000000,152082324329030,152082324331639,1790295184018435858,1000,1
2191,28338512350255,1790295183801914844,1790295183802000000,152082329329030,152082329330981,1790295184023435180,1000,1
2192,28338520266699,1790295183809895881,1790295183810000000,152082334329030,152082334331593,1790295184028435782,1000,1
2193,28338524227255,1790295183813895177,1790295183814000000,152082339329030,152082339331243,1790295184033435502,1000,1
2194,28338528187440,1790295183817891288,1790295183818000000,152082344329030,152082344331635,1790295184038436194,1000,1
2195,28338536362292,1790295183825904992,1790295183826000000,152082349329030,152082349330734,1790295184043434272,1000,1
2196,28338540268736,1790295183829898103,1790295183830000000,152082354329030,152082354330916,1790295184048434464,1000,1
2197,28338543580403,1790295183832889695,1790295183833000000,152082359329030,152082359329616,1790295184053432802,1000,1
2198,28338548233070,1790295183837889658,1790295183838000000,152082364329030,152082364329577,1790295184058432593,1000,1
2199,28338552204810,1790295183841889473,1790295183842000000,152082369329030,152082369329568,1790295184063432584,1000,1
2200,28338560348959,1790295183849897547,1790295183850000000,152082374329030,152082374330971,1790295184068434709,1000,1
2201,28338564297625,1790295183853899399,1790295183854000000,152082379329030,152082379331132,1790295184073435361,1000,1
2202,28338568287625,1790295183857904103,1790295183858000000,152082384329030,152082384331225,1790295184078435474,1000,1
2203,28338572204218,1790295183861894288,1790295183862000000,152082389329030,152082389330806,1790295184083434764,1000,1
2204,28338577859662,1790295183866742362,1790295183867000000,152082394329030,152082394331418,1790295184088435085,1000,1
2205,28338584280773,1790295183873903436,1790295183874000000,152082399329030,152082399331449,1790295184093435697,1000,1
2206,28338588302884,1790295183877856547,1790295183878000000,152082404329030,152082404331089,1790295184098435328,1000,1
2207,28338592256070,1790295183881909288,1790295183882000000,152082409329030,152082409332372,1790295184103436611,1000,1
2208,28338599583070,1790295183889135436,1790295183889000000,152082414329030,152082414330211,1790295184108433728,1000,1
2209,28338604391884,1790295183893911436,1790295183894000000,152082419329030,152082419331625,1790295184113435803,1000,1
2210,28338608270996,1790295183897900844,1790295183898000000,152082424329030,152082424330834,1790295184118436285,1000,1
2211,28338612280292,1790295183901895251,1790295183902000000,152082429329030,152082429331096,1790295184123435314,1000,1
2212,28338620204403,1790295183909889473,1790295183910000000,152082434329030,152082434331277,1790295184128435455,1000,1
2213,28338623066107,1790295183912630066,1790295183912000000,152082439329030,152082439331809,1790295184133436098,1000,1
2214,28338628352403,1790295183917916621,1790295183918000000,152082444329030,152082444332022,1790295184138436191,1000,1
2215,28338632301107,1790295183921898807,1790295183922000000,152082449329030,152082449330450,1790295184143433988,1000,1
2216,28338640276995,1790295183929898103,1790295183930000000,152082454329030,152082454330932,1790295184148434510,1000,1
2217,28338644365736,1790295183933890436,1790295183934000000,152082459329030,152082459331354,1790295184153436164,1000,1
2218,28338648345736,1790295183937908399,1790295183938000000,152082464329030,152082464330804,1790295184158434973,1000,1
2219,28338652374588,1790295183941908695,1790295183942000000,152082469329030,152082469330667,1790295184163434805,1000,1
2220,28338660290625,1790295183949889066,1790295183950000000,152082474329030,152082474332291,1790295184168436550,1000,1
2221,28338664217477,1790295183953899769,1790295183954000000,152082479329030,152082479330919,1790295184173435058,1000,1
2222,28338668571033,1790295183958027325,1790295183958000000,152082484329030,152082484331121,1790295184178435319,1000,1
2223,28338672268921,1790295183961915325,1790295183962000000,152082489329030,152082489331132,1790295184183435300,1000,1
2224,28338678231292,1790295183967859955,1790295183968000000,152082494329030,152082494330972,1790295184188434900,1000,1
2225,28338684250551,1790295183973910955,1790295183974000000,152082499329030,152082499329742,1790295184193432759,1000,1
2226,28338688200366,1790295183977888621,1790295183978000000,152082504329030,152082504331527,1790295184198435726,1000,1
2227,28338692330699,1790295183981904436,1790295183982000000,152082509329030,152082509332039,1790295184203436248,1000,1
2228,28338700297551,1790295183989929769,1790295183990000000,152082514329030,152082514330838,1790295184208434996,1000,1
2229,28338704229847,1790295183993897399,1790295183994000000,152082519329030,152082519331299,1790295184213435428,1000,1
2230,28338708194107,1790295183997900214,1790295183998000000,152082524329030,152082524331070,1790295184218436050,1000,1
2231,28338713435144,1790295184002928473,1790295184003000000,152082529329030,152082529330662,1790295184223434841,1000,1
2232,28338720270032,1790295184009912769,1790295184010000000,152082534329030,152082534331525,1790295184228435734,1000,1
2233,28338723225662,1790295184012861029,1790295184013000000,152082539329030,152082539331726,1790295184233435865,1000,1
2234,28338728216810,1790295184017892473,1790295184018000000,152082544329030,152082544331357,1790295184238436136,1000,1
2235,28338732168403,1790295184021895769,1790295184022000000,152082549329030,152082549331137,1790295184243435366,1000,1
2236,28338740334736,1790295184029897510,1790295184030000000,152082554329030,152082554330929,1790295184248434446,1000,1
2237,28338744254662,1790295184033909992,1790295184034000000,152082559329030,152082559331081,1790295184253435169,1000,1
2238,28338748245403,1790295184037904288,1790295184038000000,152082564329030,152082564329639,1790295184258432655,1000,1
2239,28338752205958,1790295184041886695,1790295184042000000,152082569329030,152082569329730,1790295184263432757,1000,1
2240,28338758313218,1790295184047133436,1790295184048000000,152082574329030,152082574347635,1790295184268451964,1000,1
2241,28338762286255,1790295184051837214,1790295184052000000,152082579329030,152082579330974,1790295184273435153,1000,1
2242,28338768392847,1790295184057914695,1790295184058000000,152082584329030,152082584331448,1790295184278435707,1000,1
2243,28338772229773,1790295184061909066,1790295184062000000,152082589329030,152082589331870,1790295184283436119,1000,1
2244,28338780513625,1790295184069404843,1790295184070000000,152082594329030,152082594330428,1790295184288435018,1000,1
2245,28338784267810,1790295184073912029,1790295184074000000,152082599329030,152082599331051,1790295184293435399,1000,1
2246,28338788196551,1790295184077893992,1790295184078000000,152082604329030,152082604331532,1790295184298435781,1000,1
2247,28338792338662,1790295184081917362,1790295184082000000,152082609329030,152082609331183,1790295184303435933,1000,1
2248,28338800237477,1790295184089893992,1790295184090000000,152082614329030,152082614329933,1790295184308433480,1000,1
2249,28338802974218,1790295184091908584,1790295184092000000,152082619329030,152082619330625,1790295184313434163,1000,1
2250,28338808204218,1790295184097895955,1790295184098000000,152082624329030,152082624332079,1790295184318436207,1000,1
2251,28338812174329,1790295184101887955,1790295184102000000,152082629329030,152082629331258,1790295184323435507,1000,1
2252,28338820331440,1790295184109910066,1790295184110000000,152082634329030,152082634330277,1790295184328434366,1000,1
2253,28338824279736,1790295184113895214,1790295184114000000,152082639329030,152082639331763,1790295184333436011,1000,1
2254,28338828255884,1790295184117909251,1790295184118000000,152082644329030,152082644331894,1790295184338436003,1000,1
2255,28338832179032,1790295184121900695,1790295184122000000,152082649329030,152082649331044,1790295184343435242,1000,1
2256,28338840327403,1790295184129910029,1790295184130000000,152082654329030,152082654331495,1790295184348435854,1000,1
2257,28338844385625,1790295184133909177,1790295184134000000,152082659329030,152082659331687,1790295184353436046,1000,1
2258,28338847228440,1790295184136813658,1790295184137000000,152082664329030,152082664331187,1790295184358435305,1000,1
2259,28338852255329,1790295184141902769,1790295184142000000,152082669329030,152082669331260,1790295184363435719,1000,1
2260,28338858156958,1790295184147848547,1790295184148000000,152082674329030,152082674331982,1790295184368436361,1000,1
2261,28338864327144,1790295184153912362,1790295184154000000,152082679329030,152082679331162,1790295184373435401,1000,1
2262,28338868258995,1790295184157913918,1790295184158000000,152082684329030,152082684331283,1790295184378435482,1000,1
2263,28338872257218,1790295184161896658,1790295184162000000,152082689329030,152082689331444,1790295184383435703,1000,1
2264,28338880213847,1790295184169898362,1790295184170000000,152082694329030,152082694332318,1790295184388436536,1000,1
2265,28338884316440,1790295184173904029,1790295184174000000,152082699329030,152082699331008,1790295184393435197,1000,1
2266,28338888279662,1790295184177916325,1790295184178000000,152082704329030,152082704331420,1790295184398435629,1000,1
2267,28338893082366,1790295184182714140,1790295184182000000,152082709329030,152082709331762,1790295184403436291,1000,1
2268,28338900176995,1790295184189899362,1790295184190000000,152082714329030,152082714330881,1790295184408435090,1000,1
2269,28338903362847,1790295184193012473,1790295184193000000,152082719329030,152082719331643,1790295184413435822,1000,1
2270,28338908298477,1790295184197897584,1790295184198000000,152082724329030,152082724331815,1790295184418435943,1000,1
2271,28338912268958,1790295184201892473,1790295184202000000,152082729329030,152082729331485,1790295184423435674,1000,1
2272,28338920250699,1790295184209891288,1790295184210000000,152082734329030,152082734331235,1790295184428435685,1000,1
2273,28338924188514,1790295184213885029,1790295184214000000,152082739329030,152082739331567,1790295184433435806,1000,1
2274,28338928341736,1790295184217914621,1790295184218000000,152082744329030,152082744331518,1790295184438436047,1000,1
2275,28338932275329,1790295184221893880,1790295184222000000,152082749329030,152082749331198,1790295184443435407,1000,1
2276,28338937778847,1790295184227410177,1790295184227000000,152082754329030,152082754330649,1790295184448434147,1000,1
2277,28338944196180,1790295184233890399,1790295184234000000,152082759329030,152082759331052,1790295184453435711,1000,1
2278,28338948310884,1790295184237903029,1790295184238000000,152082764329030,152082764329680,1790295184458433238,1000,1
2279,28338952306588,1790295184241900769,1790295184242000000,152082769329030,152082769329711,1790295184463432728,1000,1
2280,28338959653588,1790295184249233806,1790295184249000000,152082774329030,152082774329582,1790295184468432608,1000,1
2281,28338964228921,1790295184253889769,1790295184254000000,152082779329030,152082779329673,1790295184473432689,1000,1
2282,28338968175551,1790295184257889399,1790295184258000000,152082784329030,152082784329636,1790295184478432642,1000,1
2283,28338972331329,1790295184261900732,1790295184262000000,152082789329030,152082789329476,1790295184483432493,1000,1
2284,28338980275477,1790295184269894066,1790295184270000000,152082794329030,152082794331411,1790295184488435840,1000,1
2285,28338982922218,1790295184271937769,1790295184272000000,152082799329030,152082799331011,1790295184493435190,1000,1
2286,28338988194218,1790295184277889214,1790295184278000000,152082804329030,152082804331373,1790295184498435601,1000,1
2287,28338992021847,1790295184281735584,1790295184281000000,152082809329030,152082809331544,1790295184503435974,1000,1
2288,28339000378292,1790295184289893843,1790295184290000000,152082814329030,152082814331487,1790295184508436126,1000,1
2289,28339006960588,1790295184296583510,1790295184296000000,152082819329030,152082819331417,1790295184513435576,1000,1
2290,28339008228884,1790295184297905177,1790295184298000000,152082824329030,152082824331529,1790295184518436068,1000,1
2291,28339012151514,1790295184301885140,1790295184302000000,152082829329030,152082829331510,1790295184523435869,1000,1
2292,28339020339995,1790295184309910325,1790295184310000000,152082834329030,152082834331000,1790295184528435208,1000,1
2293,28339024249921,1790295184313893917,1790295184314000000,152082839329030,152082839331413,1790295184533435591,1000,1
2294,28339028142180,1790295184317055843,1790295184318000000,152082844329030,152082844331785,1790295184538435943,1000,1
2295,28339032224217,1790295184321897584,1790295184322000000,152082849329030,152082849330313,1790295184543434922,1000,1
2296,28339038623847,1790295184328108547,1790295184328000000,152082854329030,152082854331336,1790295184548435595,1000,1
2297,28339044301032,1790295184333909658,1790295184334000000,152082859329030,152082859331046,1790295184553435345,1000,1
2298,28339048245255,1790295184337910325,1790295184338000000,152082864329030,152082864329705,1790295184558433192,1000,1
2299,28339052274699,1790295184341895140,1790295184342000000,152082869329030,152082869329577,1790295184563432594,1000,1
2300,28339060198773,1790295184349895177,1790295184350000000,152082874329030,152082874330500,1790295184568435159,1000,1
2301,28339064325958,1790295184353903769,1790295184354000000,152082879329030,152082879331443,1790295184573435611,1000,1
2302,28339068248736,1790295184357907843,1790295184358000000,152082884329030,152082884331343,1790295184578435582,1000,1
2303,28339072980143,1790295184361988066,1790295184362000000,152082889329030,152082889331364,1790295184583435593,1000,1
2304,28339079407514,1790295184369088880,1790295184369000000,152082894329030,152082894330635,1790295184588434503,1000,1
2305,28339083580958,1790295184373017621,1790295184373000000,152082899329030,152082899330997,1790295184593435166,1000,1
2306,28339087213699,1790295184376819288,1790295184377000000,152082904329030,152082904330958,1790295184598435067,1000,1
2307,28339092263292,1790295184381906177,1790295184382000000,152082909329030,152082909330729,1790295184603434537,1000,1
2308,28339100286921,1790295184389889621,1790295184390000000,152082914329030,152082914330279,1790295184608433826,1000,1
2309,28339104214699,1790295184393894473,1790295184394000000,152082919329030,152082919331192,1790295184613435410,1000,1
2310,28339111952069,1790295184401537769,1790295184401000000,152082924329030,152082924331595,1790295184618436084,1000,1
2311,28339112461477,1790295184401896473,1790295184402000000,152082929329030,152082929330754,1790295184623434262,1000,1
2312,28339117839403,1790295184406852214,1790295184407000000,152082934329030,152082934331417,1790295184628435555,1000,1
2313,28339124240366,1790295184413888843,1790295184414000000,152082939329030,152082939331368,1790295184633435616,1000,1
2314,28339128225958,1790295184417857769,1790295184418000000,152082944329030,152082944331809,1790295184638436289,1000,1
2315,28339132336884,1790295184421916436,1790295184422000000,152082949329030,152082949329967,1790295184643433485,1000,1
2316,28339140136662,1790295184429020621,1790295184430000000,152082954329030,152082954330611,1790295184648434198,1000,1
2317,28339144239810,1790295184433902769,1790295184434000000,152082959329030,152082959331584,1790295184653435742,1000,1
2318,28339148152625,1790295184437885325,1790295184438000000,152082964329030,152082964330342,1790295184658434200,1000,1
2319,28339152359514,1790295184441913806,1790295184442000000,152082969329030,152082969330624,1790295184663434061,1000,1
2320,28339160278032,1790295184449893658,1790295184450000000,152082974329030,152082974332238,1790295184668436476,1000,1
2321,28339162809921,1790295184452455621,1790295184452000000,152082979329030,152082979331838,1790295184673436047,1000,1
2322,28339168197773,1790295184457889584,1790295184458000000,152082984329030,152082984331300,1790295184678435468,1000,1
2323,28339172169921,1790295184461887473,1790295184462000000,152082989329030,152082989330840,1790295184683434377,1000,1
2324,28339180333921,1790295184469902695,1790295184470000000,152082994329030,152082994331011,1790295184688434989,1000,1
2325,28339184566847,1790295184473895325,1790295184474000000,152082999329030,152082999329619,1790295184693432646,1000,1
2326,28339188246514,1790295184477896065,1790295184478000000,152083004329030,152083004329670,1790295184698432687,1000,1
2327,28339192180069,1790295184481888991,1790295184482000000,152083009329030,152083009329532,1790295184703432558,1000,1
2328,28339200324106,1790295184489897065,1790295184490000000,152083014329030,152083014329754,1790295184708432781,1000,1
2329,28339204248514,1790295184493893584,1790295184494000000,152083019329030,152083019330156,1790295184713434284,1000,1
2330,28339211881477,1790295184501507325,1790295184501000000,152083024329030,152083024329546,1790295184718432773,1000,1
2331,28339212195995,1790295184501893473,1790295184502000000,152083029329030,152083029329607,1790295184723432613,1000,1
2332,28339218639551,1790295184508232325,1790295184508000000,152083034329030,152083034329758,1790295184728432775,1000,1
2333,28339224300699,1790295184513901510,1790295184514000000,152083039329030,152083039331384,1790295184733435723,1000,1
2334,28339228264328,1790295184517895954,1790295184518000000,152083044329030,152083044332337,1790295184738436575,1000,1
2335,28339232252588,1790295184521897214,1790295184522000000,152083049329030,152083049329893,1790295184743433330,1000,1
2336,28339240253217,1790295184529888843,1790295184530000000,152083054329030,152083054331507,1790295184748435676,1000,1
2337,28339244313254,1790295184533905658,1790295184534000000,152083059329030,152083059331779,1790295184753436258,1000,1
2338,28339248266662,1790295184537897325,1790295184538000000,152083064329030,152083064330096,1790295184758433644,1000,1
2339,28339253022995,1790295184541902028,1790295184542000000,152083069329030,152083069330530,1790295184763433977,1000,1
2340,28339260271662,1790295184549909991,1790295184550000000,152083074329030,152083074331994,1790295184768436493,1000,1
2341,28339263571069,1790295184552876695,1790295184553000000,152083079329030,152083079331043,1790295184773435352,1000,1
2342,28339268291365,1790295184557896880,1790295184558000000,152083084329030,152083084331204,1790295184778435413,1000,1
2343,28339272260958,1790295184561896102,1790295184562000000,152083089329030,152083089331325,1790295184783435825,1000,1
2344,28339280253588,1790295184569892843,1790295184570000000,152083094329030,152083094331717,1790295184788435886,1000,1
2345,28339284199625,1790295184573892658,1790295184574000000,152083099329030,152083099330927,1790295184793435176,1000,1
2346,28339288316217,1790295184577898510,1790295184578000000,152083104329030,152083104331479,1790295184798435668,1000,1
2347,28339292249625,1790295184581895658,1790295184582000000,152083109329030,152083109331059,1790295184803435028,1000,1
2348,28339297704514,1790295184587333065,1790295184587000000,152083114329030,152083114359705,1790295184808464224,1000,1
2349,28339304228143,1790295184593890917,1790295184594000000,152083119329030,152083119331071,1790295184813435250,1000,1
2350,28339308304328,1790295184597897917,1790295184598000000,152083124329030,152083124331405,1790295184818435854,1000,1
2351,28339316279217,1790295184605899473,1790295184606000000,152083129329030,152083129330694,1790295184823434933,1000,1
2352,28339319628328,1790295184609232991,1790295184609000000,152083134329030,152083134331026,1790295184828435185,1000,1
2353,28339323534699,1790295184613181065,1790295184613000000,152083139329030,152083139331318,1790295184833435757,1000,1
2354,28339328190402,1790295184617888362,1790295184618000000,152083144329030,152083144331749,1790295184838436138,1000,1
2355,28339332287810,1790295184621899251,1790295184622000000,152083149329030,152083149330629,1790295184843434947,1000,1
2356,28339340265699,1790295184629894139,1790295184630000000,152083154329030,152083154330481,1790295184848433938,1000,1
2357,28339342196328,1790295184631763769,1790295184632000000,152083159329030,152083159329640,1790295184853432656,1000,1
2358,28339348313069,1790295184637895991,1790295184638000000,152083164329030,152083164330493,1790295184858434461,1000,1
2359,28339352230662,1790295184641892843,1790295184642000000,152083169329030,152083169331385,1790295184863435544,1000,1
2360,28339360299847,1790295184649894843,1790295184650000000,152083174329030,152083174331607,1790295184868435785,1000,1
2361,28339364575699,1790295184653898584,1790295184654000000,152083179329030,152083179331558,1790295184873436027,1000,1
2362,28339368321365,1790295184657904399,1790295184658000000,152083184329030,152083184331000,1790295184878435218,1000,1
2363,28339372259254,1790295184661895584,1790295184662000000,152083189329030,152083189331341,1790295184883435570,1000,1
2364,28339380242588,1790295184669892325,1790295184670000000,152083194329030,152083194331703,1790295184888436172,1000,1
2365,28339384186439,1790295184673887399,1790295184674000000,152083199329030,152083199330912,1790295184893435051,1000,1
2366,28339387561662,1790295184677104139,1790295184677000000,152083204329030,152083204331254,1790295184898435533,1000,1
2367,28339392300551,1790295184681904954,1790295184682000000,152083209329030,152083209331516,1790295184903435925,1000,1
2368,28339398601143,1790295184688126028,1790295184688000000,152083214329030,152083214331369,1790295184908435587,1000,1
2369,28339404212588,1790295184693890732,1790295184694000000,152083219329030,152083219330688,1790295184913434246,1000,1
2370,28339408214439,1790295184697888288,1790295184698000000,152083224329030,152083224331030,1790295184918435459,1000,1
2371,28339416348588,1790295184705899473,1790295184706000000,152083229329030,152083229331662,1790295184923435831,1000,1
2372,28339422047180,1790295184711601436,1790295184711000000,152083234329030,152083234330832,1790295184928435020,1000,1
2373,28339422355588,1790295184711738769,1790295184712000000,152083239329030,152083239331314,1790295184933435482,1000,1
2374,28339436361365,1790295184725908102,1790295184726000000,152083244329030,152083244331647,1790295184938436167,1000,1
2375,28339436741143,1790295184725908399,1790295184726000000,152083249329030,152083249330516,1790295184943434685,1000,1
2376,28339443243995,1790295184732604658,1790295184733000000,152083254329030,152083254330527,1790295184948434085,1000,1
2377,28339443784958,1790295184732604917,1790295184733000000,152083259329030,152083259331670,1790295184953435919,1000,1
2378,28339448247662,1790295184737906028,1790295184738000000,152083264329030,152083264331351,1790295184958435539,1000,1
2379,28339452157736,1790295184741889213,1790295184742000000,152083269329030,152083269330552,1790295184963434851,1000,1
2380,28339460355773,1790295184749900621,1790295184750000000,152083274329030,152083274331655,1790295184968436034,1000,1
2381,28339464262736,1790295184753896510,1790295184754000000,152083279329030,152083279331305,1790295184973435854,1000,1
2382,28339468246551,1790295184757898065,1790295184758000000,152083284329030,152083284330725,1790295184978434934,1000,1
2383,28339472170699,1790295184761894288,1790295184762000000,152083289329030,152083289331327,1790295184983435466,1000,1
2384,28339477762662,1790295184766717510,1790295184767000000,152083294329030,152083294331899,1790295184988436088,1000,1
2385,28339484326439,1790295184773895954,1790295184774000000,152083299329030,152083299330959,1790295184993435248,1000,1
2386,28339488574995,1790295184777856473,1790295184778000000,152083304329030,152083304331080,1790295184998435249,1000,1
2387,28339492227180,1790295184781899176,1790295184782000000,152083309329030,152083309331352,1790295185003436132,1000,1
2388,28339500647328,1790295184789405806,1790295184790000000,152083314329030,152083314331383,1790295185008435522,1000,1
2389,28339504333328,1790295184793898473,1790295184794000000,152083319329030,152083319331254,1790295185013435422,1000,1
2390,28339508245551,1790295184797906436,1790295184798000000,152083324329030,152083324331657,1790295185018435856,1000,1
2391,28339512269847,1790295184801905102,1790295184802000000,152083329329030,152083329332440,1790295185023436919,1000,1
2392,28339520163699,1790295184809893658,1790295184810000000,152083334329030,152083334331118,1790295185028435277,1000,1
2393,28339523102365,1790295184811883769,1790295184812000000,152083339329030,152083339331079,1790295185033435288,1000,1
2394,28339528303736,1790295184817896065,1790295184818000000,152083344329030,152083344331922,1790295185038436210,1000,1
2395,28339532332995,1790295184821916695,1790295184822000000,152083349329030,152083349330991,1790295185043435390,1000,1
2396,28339540254958,1790295184829889954,1790295184830000000,152083354329030,152083354329982,1790295185048433369,1000,1
2397,28339544264810,1790295184833894732,1790295184834000000,152083359329030,152083359329642,1790295185053432658,1000,1
2398,28339548350291,1790295184837922102,1790295184838000000,152083364329030,152083364331056,1790295185058434583,1000,1
2399,28339552234884,1790295184841894028,1790295184842000000,152083369329030,152083369330976,1790295185063435215,1000,1
2400,28339559440032,1790295184849069584,1790295184849000000,152083374329030,152083374330567,1790295185068434415,1000,1
2401,28339564180995,1790295184853885843,1790295184854000000,152083379329030,152083379331911,1790295185073436080,1000,1
2402,28339568502810,1790295184858062621,1790295184858000000,152083384329030,152083384330690,1790295185078434929,1000,1
2403,28339572276365,1790295184861900843,1790295184862000000,152083389329030,152083389331042,1790295185083435321,1000,1
2404,28339578581810,1790295184868011769,1790295184868000000,152083394329030,152083394330983,1790295185088434871,1000,1
2405,28339584225143,1790295184873895065,1790295184874000000,152083399329030,152083399331094,1790295185093435413,1000,1
2406,28339588168884,1790295184877887769,1790295184878000000,152083404329030,152083404330945,1790295185098435134,1000,1
2407,28339592395032,1790295184881903139,1790295184882000000,152083409329030,152083409330907,1790295185103434605,1000,1
2408,28339600268958,1790295184889898510,1790295184890000000,152083414329030,152083414331530,1790295185108435708,1000,1
2409,28339602126254,1790295184891771621,1790295184892000000,152083419329030,152083419330428,1790295185113433946,1000,1
2410,28339608202365,1790295184897890436,1790295184898000000,152083424329030,152083424331672,1790295185118435860,1000,1
2411,28339612328958,1790295184901844250,1790295184902000000,152083429329030,152083429331973,1790295185123436342,1000,1
2412,28339622052995,1790295184911629250,1790295184911000000,152083434329030,152083434329822,1790295185128433349,1000,1
2413,28339623618254,1790295184913023250,1790295184913000000,152083439329030,152083439331616,1790295185133435825,1000,1
2414,28339628347587,1790295184917895436,1790295184918000000,152083444329030,152083444332008,1790295185138436136,1000,1
2415,28339632285365,1790295184921907621,1790295184922000000,152083449329030,152083449330175,1790295185143433662,1000,1
2416,28339640289143,1790295184929895473,1790295184930000000,152083454329030,152083454330076,1790295185148433573,1000,1
2417,28339644191995,1790295184933889102,1790295184934000000,152083459329030,152083459331321,1790295185153435870,1000,1
2418,28339648339773,1790295184937899954,1790295184938000000,152083464329030,152083464331973,1790295185158436162,1000,1
2419,28339652326365,1790295184941897880,1790295184942000000,152083469329030,152083469329980,1790295185163433428,1000,1
2420,28339657232958,1790295184946758065,1790295184947000000,152083474329030,152083474330653,1790295185168434370,1000,1
2421,28339664330291,1790295184953895621,1790295184954000000,152083479329030,152083479331976,1790295185173436215,1000,1
2422,28339668288884,1790295184957856880,1790295184958000000,152083484329030,152083484330594,1790295185178434873,1000,1
2423,28339672312810,1790295184961915028,1790295184962000000,152083489329030,152083489331379,1790295185183435618,1000,1
2424,28339679679180,1790295184969156250,1790295184969000000,152083494329030,152083494331490,1790295185188435589,1000,1
2425,28339684228069,1790295184973890991,1790295184974000000,152083499329030,152083499329798,1790295185193433275,1000,1
2426,28339688180550,1790295184977889621,1790295184978000000,152083504329030,152083504330931,1790295185198435080,1000,1
2427,28339692321773,1790295184981900510,1790295184982000000,152083509329030,152083509332044,1790295185203436363,1000,1
2428,28339700312810,1790295184989897139,1790295184990000000,152083514329030,152083514330694,1790295185208434231,1000,1
2429,28339703024587,1790295184992658769,1790295184992000000,152083519329030,152083519331087,1790295185213435286,1000,1
2430,28339708193624,1790295184997896473,1790295184998000000,152083524329030,152083524331730,1790295185218435938,1000,1
2431,28339712343773,1790295185001893658,1790295185002000000,152083529329030,152083529331731,1790295185223436019,1000,1
2432,28339720422587,1790295185009893176,1790295185010000000,152083534329030,152083534357280,1790295185228460797,1000,1
2433,28339724540550,1790295185013889473,1790295185014000000,152083539329030,152083539331121,1790295185233435260,1000,1
2434,28339728324513,1790295185017910102,1790295185018000000,152083544329030,152083544331563,1790295185238436122,1000,1
2435,28339732337032,1790295185021904065,1790295185022000000,152083549329030,152083549331334,1790295185243435512,1000,1
2436,28339737502180,1790295185027001769,1790295185027000000,152083554329030,152083554330663,1790295185248434862,1000,1
2437,28339742944773,1790295185032505436,1790295185032000000,152083559329030,152083559331195,1790295185253435725,1000,1
2438,28339748256921,1790295185037739917,1790295185038000000,152083564329030,152083564331056,1790295185258435175,1000,1
2439,28339752355365,1790295185041917954,1790295185042000000,152083569329030,152083569331007,1790295185263435246,1000,1
2440,28339758384476,1790295185047878139,1790295185048000000,152083574329030,152083574330989,1790295185268434527,1000,1
2441,28339764297439,1790295185053901473,1790295185054000000,152083579329030,152083579331691,1790295185273435880,1000,1
2442,28339768183180,1790295185057887954,1790295185058000000,152083584329030,152083584330801,1790295185278434949,1000,1
2443,28339772351773,1790295185061908991,1790295185062000000,152083589329030,152083589330621,1790295185283434820,1000,1
2444,28339780355699,1790295185069902473,1790295185070000000,152083594329030,152083594331835,1790295185288436314,1000,1
2445,28339784259180,1790295185073894954,1790295185074000000,152083599329030,152083599331356,1790295185293435555,1000,1
2446,28339788204810,1790295185077886102,1790295185078000000,152083604329030,152083604331037,1790295185298435326,1000,1
2447,28339793375550,1790295185082915287,1790295185083000000,152083609329030,152083609331589,1790295185303435737,1000,1
2448,28339800376661,1790295185089908250,1790295185090000000,152083614329030,152083614331520,1790295185308436009,1000,1
2449,28339803313624,1790295185092852250,1790295185093000000,152083619329030,152083619330228,1790295185313433765,1000,1
2450,28339807801698,1790295185097349917,1790295185097000000,152083624329030,152083624331491,1790295185318435690,1000,1
2451,28339812264884,1790295185101898547,1790295185102000000,152083629329030,152083629332006,1790295185323436124,1000,1
2452,28339820373550,1790295185109897843,1790295185110000000,152083634329030,152083634331035,1790295185328435233,1000,1
2453,28339825803032,1790295185115360510,1790295185115000000,152083639329030,152083639331246,1790295185333435395,1000,1
2454,28339828288143,1790295185117903880,1790295185118000000,152083644329030,152083644332169,1790295185338436307,1000,1
2455,28339832246439,1790295185121888510,1790295185122000000,152083649329030,152083649331328,1790295185343435507,1000,1
2456,28339838394291,1790295185127927880,1790295185128000000,152083654329030,152083654330428,1790295185348434857,1000,1
2457,28339844259291,1790295185133896176,1790295185134000000,152083659329030,152083659331553,1790295185353435662,1000,1
2458,28339848382958,1790295185137865398,1790295185138000000,152083664329030,152083664331464,1790295185358435883,1000,1
2459,28339852259810,1790295185141906843,1790295185142000000,152083669329030,152083669330483,1790295185363434692,1000,1
2460,28339860736217,1790295185150249732,1790295185150000000,152083674329030,152083674331747,1790295185368435985,1000,1
2461,28339864375106,1790295185153902991,1790295185154000000,152083679329030,152083679331327,1790295185373435175,1000,1
2462,28339868240328,1790295185157891658,1790295185158000000,152083684329030,152083684331067,1790295185378435226,1000,1
2463,28339872297550,1790295185161896250,1790295185162000000,152083689329030,152083689331319,1790295185383435477,1000,1
2464,28339880210624,1790295185169883954,1790295185170000000,152083694329030,152083694331620,1790295185388436089,1000,1
2465,28339882982032,1790295185172562102,1790295185172000000,152083699329030,152083699331992,1790295185393436341,1000,1
2466,28339888250402,1790295185177903398,1790295185178000000,152083704329030,152083704331181,1790295185398435360,1000,1
2467,28339892258143,1790295185181910287,1790295185182000000,152083709329030,152083709332046,1790295185403436315,1000,1
2468,28339900313587,1790295185189897880,1790295185190000000,152083714329030,152083714331506,1790295185408435955,1000,1
2469,28339902841291,1790295185192452028,1790295185192000000,152083719329030,152083719331296,1790295185413435445,1000,1
2470,28339908311439,1790295185197903287,1790295185198000000,152083724329030,152083724331007,1790295185418435225,1000,1
2471,28339912201439,1790295185201894250,1790295185202000000,152083729329030,152083729332240,1790295185423436409,1000,1
2472,28339920343661,1790295185209911917,1790295185210000000,152083734329030,152083734330818,1790295185428434997,1000,1
2473,28339924237884,1790295185213896880,1790295185214000000,152083739329030,152083739330730,1790295185433435309,1000,1
2474,28339927186217,1790295185216606435,1790295185217000000,152083744329030,152083744329679,1790295185438432705,1000,1
2475,28339938560291,1790295185228087398,1790295185228000000,152083749329030,152083749329680,1790295185443432696,1000,1
2476,28339939907513,1790295185228993287,1790295185229000000,152083754329030,152083754329500,1790295185448432527,1000,1
2477,28339942206958,1790295185231787472,1790295185232000000,152083759329030,152083759329752,1790295185453432778,1000,1
2478,28339948297254,1790295185237902584,1790295185238000000,152083764329030,152083764330877,1790295185458434615,1000,1
2479,28339952267032,1790295185241901435,1790295185242000000,152083769329030,152083769329675,1790295185463432692,1000,1
2480,28339960206921,1790295185249891472,1790295185250000000,152083774329030,152083774329606,1790295185468432623,1000,1
2481,28339964336254,1790295185253903546,1790295185254000000,152083779329030,152083779331441,1790295185473434968,1000,1
2482,28339968261772,1790295185257897806,1790295185258000000,152083784329030,152083784330921,1790295185478435109,1000,1
2483,28339972223143,1790295185261729991,1790295185262000000,152083789329030,152083789330782,1790295185483435011,1000,1
2484,28339980275291,1790295185269904621,1790295185270000000,152083794329030,152083794331455,1790295185488435764,1000,1
2485,28339983122032,1790295185272838806,1790295185272000000,152083799329030,152083799330935,1790295185493435224,1000,1
2486,28339988392365,1790295185277897435,1790295185278000000,152083804329030,152083804331197,1790295185498435446,1000,1
2487,28339992245180,1790295185281896621,1790295185282000000,152083809329030,152083809331979,1790295185503436168,1000,1
2488,28340000261254,1790295185289891991,1790295185290000000,152083814329030,152083814331409,1790295185508436530,1000,1
2489,28340002948106,1790295185292664435,1790295185292000000,152083819329030,152083819330710,1790295185513434999,1000,1
2490,28340008346476,1790295185297903398,1790295185298000000,152083824329030,152083824331483,1790295185518435672,1000,1
2491,28340012316254,1790295185301895991,1790295185302000000,152083829329030,152083829331414,1790295185523435933,1000,1
2492,28340017996328,1790295185307005769,1790295185307000000,152083834329030,152083834331184,1790295185528435543,1000,1
2493,28340024197698,1790295185313890102,1790295185314000000,152083839329030,152083839331125,1790295185533435314,1000,1
2494,28340031348439,1790295185320920213,1790295185321000000,152083844329030,152083844331697,1790295185538435916,1000,1
2495,28340032268328,1790295185321914546,1790295185322000000,152083849329030,152083849331500,1790295185543435639,1000,1
2496,28340039598624,1790295185329020843,1790295185329000000,152083854329030,152083854330509,1790295185548434708,1000,1
2497,28340044284402,1790295185333898658,1790295185334000000,152083859329030,152083859330680,1790295185553435380,1000,1
2498,28340048176587,1790295185337890583,1790295185338000000,152083864329030,152083864330932,1790295185558434379,1000,1
2499,28340052375995,1790295185341905028,1790295185342000000,152083869329030,152083869329721,1790295185563432747,1000,1
2500,28340060342698,1790295185349896324,1790295185350000000,152083874329030,152083874330785,1790295185568434322,1000,1
2501,28340062983439,1790295185352616880,1790295185352000000,152083879329030,152083879331117,1790295185573435626,1000,1
2502,28340068237032,1790295185357902361,1790295185358000000,152083884329030,152083884331258,1790295185578435417,1000,1
2503,28340072262995,1790295185361897213,1790295185362000000,152083889329030,152083889330979,1790295185583435187,1000,1
2504,28340080323550,1790295185369907472,1790295185370000000,152083894329030,152083894331470,1790295185588435639,1000,1
2505,28340084391698,1790295185373896139,1790295185374000000,152083899329030,152083899331902,1790295185593436161,1000,1
2506,28340088247809,1790295185377900806,1790295185378000000,152083904329030,152083904330923,1790295185598435212,1000,1
2507,28340092222291,1790295185381898287,1790295185382000000,152083909329030,152083909331595,1790295185603436495,1000,1
2508,28340100432143,1790295185389894324,1790295185390000000,152083914329030,152083914332438,1790295185608436667,1000,1
2509,28340103260143,1790295185392900287,1790295185393000000,152083919329030,152083919330475,1790295185613434604,1000,1
2510,28340107985069,1790295185396942583,1790295185397000000,152083924329030,152083924331378,1790295185618435657,1000,1
2511,28340112191884,1790295185401894472,1790295185402000000,152083929329030,152083929331581,1790295185623435750,1000,1
2512,28340118214291,1790295185407842287,1790295185408000000,152083934329030,152083934331592,1790295185628435751,1000,1
2513,28340124327143,1790295185413901843,1790295185414000000,152083939329030,152083939330872,1790295185633435130,1000,1
2514,28340128297032,1790295185417933472,1790295185418000000,152083944329030,152083944330592,1790295185638434570,1000,1
2515,28340136260476,1790295185425891065,1790295185426000000,152083949329030,152083949331194,1790295185643435653,1000,1
2516,28340140200661,1790295185429891657,1790295185430000000,152083954329030,152083954330385,1790295185648434022,1000,1
2517,28340142790254,1790295185432349213,1790295185432000000,152083959329030,152083959331568,1790295185653435777,1000,1
2518,28340148279402,1790295185437899657,1790295185438000000,152083964329030,152083964330467,1790295185658434676,1000,1
2519,28340152188180,1790295185441644657,1790295185442000000,152083969329030,152083969330058,1790295185663433595,1000,1
2520,28340160296476,1790295185449898361,1790295185450000000,152083974329030,152083974330670,1790295185668434227,1000,1
2521,28340163641513,1790295185453229509,1790295185453000000,152083979329030,152083979332073,1790295185673436242,1000,1
2522,28340168283661,1790295185457897991,1790295185458000000,152083984329030,152083984331505,1790295185678435724,1000,1
2523,28340172254735,1790295185461890769,1790295185462000000,152083989329030,152083989331095,1790295185683435304,1000,1
2524,28340180257995,1790295185469890398,1790295185470000000,152083994329030,152083994330856,1790295185688434704,1000,1
2525,28340184184624,1790295185473890546,1790295185474000000,152083999329030,152083999331738,1790295185693435877,1000,1
2526,28340188363439,1790295185477914102,1790295185478000000,152084004329030,152084004330918,1790295185698435116,1000,1
2527,28340192246513,1790295185481903176,1790295185482000000,152084009329030,152084009330589,1790295185703434156,1000,1
2528,28340197236513,1790295185486888991,1790295185487000000,152084014329030,152084014330911,1790295185708435300,1000,1
2529,28340204218106,1790295185493891917,1790295185494000000,152084019329030,152084019330221,1790295185713434730,1000,1
2530,28340208554846,1790295185497853583,1790295185498000000,152084024329030,152084024329751,1790295185718432918,1000,1
2531,28340212288032,1790295185501901139,1790295185502000000,152084029329030,152084029329522,1790295185723432548,1000,1
2532,28340220117920,1790295185509023546,1790295185509000000,152084034329030,152084034331066,1790295185728435294,1000,1
2533,28340224246217,1790295185513890620,1790295185514000000,152084039329030,152084039331008,1790295185733435186,1000,1
2534,28340228203291,1790295185517889546,1790295185518000000,152084044329030,152084044331440,1790295185738435558,1000,1
2535,28340236351439,1790295185525898880,1790295185526000000,152084049329030,152084049330940,1790295185743434507,1000,1
2536,28340240291661,1790295185529889657,1790295185530000000,152084054329030,152084054330250,1790295185748433767,1000,1
2537,28340242824735,1790295185531940694,1790295185532000000,152084059329030,152084059331273,1790295185753435511,1000,1
2538,28340248215698,1790295185537896102,1790295185538000000,152084064329030,152084064331815,1790295185758436264,1000,1
2539,28340252280106,1790295185541890917,1790295185542000000,152084069329030,152084069330114,1790295185763433571,1000,1
2540,28340258220217,1790295185547758769,1790295185548000000,152084074329030,152084074330516,1790295185768434063,1000,1
2541,28340264594846,1790295185553892213,1790295185554000000,152084079329030,152084079332040,1790295185773436308,1000,1
2542,28340268244328,1790295185557899880,1790295185558000000,152084084329030,152084084331279,1790295185778435508,1000,1
2543,28340272172032,1790295185561894065,1790295185562000000,152084089329030,152084089330058,1790295185783433565,1000,1
2544,28340280344032,1790295185569909176,1790295185570000000,152084094329030,152084094331793,1790295185788435932,1000,1
2545,28340284264587,1790295185573917324,1790295185574000000,152084099329030,152084099330873,1790295185793435172,1000,1
2546,28340288122661,1790295185577661435,1790295185578000000,152084104329030,152084104330974,1790295185798435283,1000,1
2547,28340296232661,1790295185585888657,1790295185586000000,152084109329030,152084109331236,1790295185803435404,1000,1
2548,28340298300809,1790295185587856065,1790295185588000000,152084114329030,152084114332108,1790295185808436267,1000,1
2549,28340303755735,1790295185593333694,1790295185593000000,152084119329030,152084119331027,1790295185813435296,1000,1
2550,28340308304513,1790295185597908361,1790295185598000000,152084124329030,152084124350076,1790295185818454405,1000,1
2551,28340312280476,1790295185601897546,1790295185602000000,152084129329030,152084129331492,1790295185823436623,1000,1
2552,28340320233217,1790295185609891620,1790295185610000000,152084134329030,152084134331213,1790295185828435331,1000,1
2553,28340324338698,1790295185613898435,1790295185614000000,152084139329030,152084139331254,1790295185833435512,1000,1
2554,28340328290180,1790295185617888880,1790295185618000000,152084144329030,152084144331816,1790295185838436165,1000,1
2555,28340336366476,1790295185625895287,1790295185626000000,152084149329030,152084149330705,1790295185843434823,1000,1
2556,28340340227106,1790295185629889843,1790295185630000000,152084154329030,152084154331099,1790295185848435327,1000,1
2557,28340343594328,1790295185633122917,1790295185633000000,152084159329030,152084159331971,1790295185853436200,1000,1
2558,28340347594328,1790295185637149028,1790295185637000000,152084164329030,152084164330399,1790295185858434798,1000,1
2559,28340352295994,1790295185641896250,1790295185642000000,152084169329030,152084169331071,1790295185863435240,1000,1
2560,28340358602994,1790295185648231324,1790295185648000000,152084174329030,152084174331353,1790295185868435562,1000,1
2561,28340364192550,1790295185653890435,1790295185654000000,152084179329030,152084179332107,1790295185873436306,1000,1
2562,28340368324328,1790295185657915731,1790295185658000000,152084184329030,152084184331547,1790295185878435756,1000,1
2563,28340372252957,1790295185661897620,1790295185662000000,152084189329030,152084189330867,1790295185883435065,1000,1
2564,28340380315994,1790295185669904287,1790295185670000000,152084194329030,152084194331799,1790295185888435948,1000,1
2565,28340384185217,1790295185673895176,1790295185674000000,152084199329030,152084199331199,1790295185893434717,1000,1
2566,28340388306513,1790295185677862694,1790295185678000000,152084204329030,152084204330601,1790295185898434819,1000,1
2567,28340396316069,1790295185685898028,1790295185686000000,152084209329030,152084209331343,1790295185903435532,1000,1
2568,28340399605661,1790295185689149731,1790295185689000000,152084214329030,152084214332045,1790295185908436294,1000,1
2569,28340404239031,1790295185693889917,1790295185694000000,152084219329030,152084219330313,1790295185913433810,1000,1
2570,28340408182180,1790295185697889805,1790295185698000000,152084224329030,152084224330284,1790295185918433691,1000,1
2571,28340412355069,1790295185701899805,1790295185702000000,152084229329030,152084229331317,1790295185923435787,1000,1
2572,28340418344809,1790295185707931139,1790295185708000000,152084234329030,152084234330799,1790295185928434356,1000,1
2573,28340422146439,1790295185711656583,1790295185712000000,152084239329030,152084239331090,1790295185933435319,1000,1
2574,28340428223587,1790295185717890509,1790295185718000000,152084244329030,152084244331622,1790295185938435851,1000,1
2575,28340432233920,1790295185721890991,1790295185722000000,152084249329030,152084249331964,1790295185943436172,1000,1
2576,28340440318180,1790295185729900805,1790295185730000000,152084254329030,152084254330522,1790295185948435151,1000,1
2577,28340444348883,1790295185733897176,1790295185734000000,152084259329030,152084259331286,1790295185953435615,1000,1
2578,28340448326180,1790295185737900768,1790295185738000000,152084264329030,152084264331858,1790295185958436327,1000,1
2579,28340452305846,1790295185741900509,1790295185742000000,152084269329030,152084269331168,1790295185963435457,1000,1
2580,28340460269624,1790295185749893657,1790295185750000000,152084274329030,152084274331439,1790295185968435628,1000,1
2581,28340464232624,1790295185753891324,1790295185754000000,152084279329030,152084279331250,1790295185973436230,1000,1
2582,28340468312143,1790295185757630139,1790295185758000000,152084284329030,152084284331572,1790295185978435780,1000,1
2583,28340472278476,1790295185761906472,1790295185762000000,152084289329030,152084289330683,1790295185983434821,1000,1
2584,28340478218846,1790295185767849176,1790295185768000000,152084294329030,152084294331615,1790295185988435904,1000,1
2585,28340484214661,1790295185773891805,1790295185774000000,152084299329030,152084299331977,1790295185993436216,1000,1
2586,28340488269550,1790295185777896213,1790295185778000000,152084304329030,152084304330926,1790295185998435095,1000,1
2587,28340492337291,1790295185781901102,1790295185782000000,152084309329030,152084309330937,1790295186003435827,1000,1
2588,28340500199402,1790295185789892583,1790295185790000000,152084314329030,152084314331639,1790295186008435828,1000,1
2589,28340504079809,1790295185793716028,1790295185793000000,152084319329030,152084319331362,1790295186013435500,1000,1
2590,28340507041883,1790295185796760472,1790295185796000000,152084324329030,152084324331192,1790295186018435421,1000,1
2591,28340512241105,1790295185801733213,1790295185802000000,152084329329030,152084329332055,1790295186023436284,1000,1
2592,28340520409365,1790295185809898324,1790295185810000000,152084334329030,152084334331535,1790295186028435984,1000,1
2593,28340523178180,1790295185812837398,1790295185813000000,152084339329030,152084339330795,1790295186033434953,1000,1
2594,28340528267476,1790295185817888694,1790295185818000000,152084344329030,152084344331787,1790295186038435956,1000,1
2595,28340532325846,1790295185821904991,1790295185822000000,152084349329030,152084349331177,1790295186043435717,1000,1
2596,28340540326550,1790295185829895102,1790295185830000000,152084354329030,152084354330166,1790295186048433704,1000,1
2597,28340544345550,1790295185833891620,1790295185834000000,152084359329030,152084359329366,1790295186053432242,1000,1
2598,28340548231328,1790295185837895805,1790295185838000000,152084364329030,152084364329708,1790295186058432944,1000,1
2599,28340552227439,1790295185841889620,1790295185842000000,152084369329030,152084369331293,1790295186063435492,1000,1
2600,28340557911105,1790295185847482657,1790295185847000000,152084374329030,152084374330483,1790295186068434030,1000,1
2601,28340564274031,1790295185853896139,1790295185854000000,152084379329030,152084379331095,1790295186073435724,1000,1
2602,28340568301217,1790295185857896213,1790295185858000000,152084384329030,152084384331717,1790295186078435855,1000,1
2603,28340572283513,1790295185861898842,1790295185862000000,152084389329030,152084389331167,1790295186083435325,1000,1
2604,28340580314142,1790295185869954546,1790295185870000000,152084394329030,152084394331730,1790295186088435898,1000,1
2605,28340584200105,1790295185873890509,1790295185874000000,152084399329030,152084399331532,1790295186093436062,1000,1
2606,28340588171328,1790295185877889916,1790295185878000000,152084404329030,152084404330752,1790295186098434941,1000,1
2607,28340596330402,1790295185885897954,1790295185886000000,152084409329030,152084409331124,1790295186103435463,1000,1
2608,28340600257031,1790295185889893954,1790295185890000000,152084414329030,152084414331646,1790295186108435814,1000,1
2609,28340604264254,1790295185893899916,1790295185894000000,152084419329030,152084419331306,1790295186113435464,1000,1
2610,28340608171105,1790295185897892620,1790295185898000000,152084424329030,152084424330305,1790295186118433802,1000,1
2611,28340611943550,1790295185901669472,1790295185901000000,152084429329030,152084429331859,1790295186123436057,1000,1
2612,28340620340142,1790295185909899213,1790295185910000000,152084434329030,152084434332160,1790295186128436319,1000,1
2613,28340624522809,1790295185913893842,1790295185914000000,152084439329030,152084439331019,1790295186133435178,1000,1
2614,28340628251698,1790295185917898916,1790295185918000000,152084444329030,152084444331341,1790295186138435550,1000,1
2615,28340632171291,1790295185921893694,1790295185922000000,152084449329030,152084449332105,1790295186143436284,1000,1
2616,28340640297513,1790295185929893435,1790295185930000000,152084454329030,152084454330102,1790295186148433579,1000,1
2617,28340644225105,1790295185933894657,1790295185934000000,152084459329030,152084459331015,1790295186153435253,1000,1
2618,28340648451402,1790295185938007028,1790295185938000000,152084464329030,152084464332178,1790295186158436387,1000,1
2619,28340654817291,1790295185944450546,1790295185944000000,152084469329030,152084469331367,1790295186163435556,1000,1
2620,28340658595365,1790295185948088546,1790295185948000000,152084474329030,152084474331358,1790295186168435547,1000,1
2621,28340664237291,1790295185953894028,1790295185954000000,152084479329030,152084479331502,1790295186173435720,1000,1
2622,28340668177328,1790295185957902657,1790295185958000000,152084484329030,152084484332014,1790295186178436182,1000,1
2623,28340672360439,1790295185961922694,1790295185962000000,152084489329030,152084489330772,1790295186183434911,1000,1
2624,28340680255068,1790295185969897657,1790295185970000000,152084494329030,152084494331665,1790295186188435874,1000,1
2625,28340684257809,1790295185973903324,1790295185974000000,152084499329030,152084499331986,1790295186193436125,1000,1
2626,28340688164142,1790295185977893250,1790295185978000000,152084504329030,152084504331016,1790295186198435234,1000,1
2627,28340692243698,1790295185981712768,1790295185982000000,152084509329030,152084509331287,1790295186203435466,1000,1
2628,28340700322142,1790295185989910287,1790295185990000000,152084514329030,152084514330567,1790295186208434805,1000,1
2629,28340703399920,1790295185993050435,1790295185993000000,152084519329030,152084519331620,1790295186213435768,1000,1
2630,28340708252031,1790295185997899213,1790295185998000000,152084524329030,152084524330799,1790295186218435218,1000,1
2631,28340712151624,1790295186001886953,1790295186002000000,152084529329030,152084529331323,1790295186223436123,1000,1
2632,28340720369735,1790295186009909583,1790295186010000000,152084534329030,152084534331114,1790295186228436324,1000,1
2633,28340724236142,1790295186013892694,1790295186014000000,152084539329030,152084539330734,1790295186233435063,1000,1
2634,28340728270105,1790295186017906990,1790295186018000000,152084544329030,152084544331697,1790295186238435905,1000,1
2635,28340732174550,1790295186021902102,1790295186022000000,152084549329030,152084549331477,1790295186243436007,1000,1
2636,28340738161994,1790295186027541768,1790295186028000000,152084554329030,152084554331418,1790295186248435958,1000,1
2637,28340744288253,1790295186033898657,1790295186034000000,152084559329030,152084559330559,1790295186253434086,1000,1
2638,28340748290253,1790295186037898065,1790295186038000000,152084564329030,152084564330840,1790295186258434939,1000,1
2639,28340752374920,1790295186041902287,1790295186042000000,152084569329030,152084569331553,1790295186263435771,1000,1
2640,28340759603253,1790295186049032768,1790295186049000000,152084574329030,152084574331053,1790295186268435271,1000,1
2641,28340764338031,1790295186053898435,1790295186054000000,152084579329030,152084579330423,1790295186273434571,1000,1
2642,28340768265957,1790295186057894065,1790295186058000000,152084584329030,152084584331468,1790295186278436217,1000,1
2643,28340772252105,1790295186061899657,1790295186062000000,152084589329030,152084589331098,1790295186283435347,1000,1
2644,28340780190513,1790295186069887027,1790295186070000000,152084594329030,152084594331369,1790295186288435588,1000,1
2645,28340782792513,1790295186071727583,1790295186072000000,152084599329030,152084599331771,1790295186293435950,1000,1
2646,28340788278698,1790295186077901694,1790295186078000000,152084604329030,152084604330881,1790295186298435029,1000,1
2647,28340792245883,1790295186081893768,1790295186082000000,152084609329030,152084609331324,1790295186303435523,1000,1
2648,28340800245698,1790295186089893176,1790295186090000000,152084614329030,152084614331386,1790295186308436135,1000,1
2649,28340804271846,1790295186093886731,1790295186094000000,152084619329030,152084619331537,1790295186313435715,1000,1
2650,28340808324920,1790295186097908768,1790295186098000000,152084624329030,152084624330255,1790295186318433833,1000,1
2651,28340812309661,1790295186101911287,1790295186102000000,152084629329030,152084629331719,1790295186323436008,1000,1
2652,28340820253365,1790295186109890213,1790295186110000000,152084634329030,152084634331521,1790295186328435699,1000,1
2653,28340824152994,1790295186113885398,1790295186114000000,152084639329030,152084639330842,1790295186333435111,1000,1
2654,28340827239476,1790295186116766731,1790295186117000000,152084644329030,152084644331104,1790295186338435303,1000,1
2655,28340832341031,1790295186121904213,1790295186122000000,152084649329030,152084649331676,1790295186343436115,1000,1
2656,28340838266698,1790295186127853176,1790295186128000000,152084654329030,152084654347667,1790295186348452066,1000,1
2657,28340844245439,1790295186133887990,1790295186134000000,152084659329030,152084659331277,1790295186353435436,1000,1
2658,28340848264513,1790295186137910398,1790295186138000000,152084664329030,152084664331869,1790295186358436218,1000,1
2659,28340852387550,1790295186141919916,1790295186142000000,152084669329030,152084669331129,1790295186363435388,1000,1
2660,28340859658328,1790295186149287139,1790295186149000000,152084674329030,152084674330959,1790295186368435148,1000,1
2661,28340864268735,1790295186153906842,1790295186154000000,152084679329030,152084679331571,1790295186373436071,1000,1
2662,28340868166883,1790295186157887250,1790295186158000000,152084684329030,152084684331783,1790295186378436292,1000,1
2663,28340872482883,1790295186162048842,1790295186162000000,152084689329030,152084689331065,1790295186383435173,1000,1
2664,28340880355476,1790295186169898324,1790295186170000000,152084694329030,152084694331146,1790295186388435575,1000,1
2665,28340882921513,1790295186172551879,1790295186172000000,152084699329030,152084699331578,1790295186393436047,1000,1
2666,28340888263883,1790295186177898250,1790295186178000000,152084704329030,152084704331238,1790295186398435477,1000,1
2667,28340892166957,1790295186181885250,1790295186182000000,152084709329030,152084709331419,1790295186403435588,1000,1
2668,28340900360327,1790295186189907435,1790295186190000000,152084714329030,152084714331561,1790295186408436140,1000,1
2669,28340904242142,1790295186193898583,1790295186194000000,152084719329030,152084719331243,1790295186413435762,1000,1
2670,28340908298624,1790295186197895953,1790295186198000000,152084724329030,152084724330653,1790295186418434892,1000,1
2671,28340912176290,1790295186201896027,1790295186202000000,152084729329030,152084729331626,1790295186423436095,1000,1
2672,28340917413883,1790295186206985101,1790295186207000000,152084734329030,152084734331767,1790295186428436236,1000,1
2673,28340924297994,1790295186213902139,1790295186214000000,152084739329030,152084739330636,1790295186433435005,1000,1
2674,28340928348216,1790295186217897583,1790295186218000000,152084744329030,152084744329474,1790295186438432491,1000,1
2675,28340932282957,1790295186221910138,1790295186222000000,152084749329030,152084749329656,1790295186443432672,1000,1
2676,28340939817846,1790295186229391916,1790295186229000000,152084754329030,152084754330599,1790295186448434276,1000,1
2677,28340944379883,1790295186233909731,1790295186234000000,152084759329030,152084759331120,1790295186453435309,1000,1
2678,28340948243550,1790295186237895101,1790295186238000000,152084764329030,152084764330871,1790295186458435461,1000,1
2679,28340952256513,1790295186241895953,1790295186242000000,152084769329030,152084769331425,1790295186463436044,1000,1
2680,28340960225031,1790295186249894361,1790295186250000000,152084774329030,152084774330284,1790295186468433821,1000,1
2681,28340963211772,1790295186252739361,1790295186253000000,152084779329030,152084779330765,1790295186473434894,1000,1
2682,28340968333513,1790295186257915842,1790295186258000000,152084784329030,152084784330616,1790295186478434745,1000,1
2683,28340972269994,1790295186261900953,1790295186262000000,152084789329030,152084789330898,1790295186483435126,1000,1
2684,28340980287809,1790295186269904176,1790295186270000000,152084794329030,152084794331270,1790295186488435489,1000,1
2685,28340984302142,1790295186273895324,1790295186274000000,152084799329030,152084799331142,1790295186493435020,1000,1
2686,28340988318290,1790295186277902398,1790295186278000000,152084804329030,152084804331213,1790295186498435442,1000,1
2687,28340992258809,1790295186281907472,1790295186282000000,152084809329030,152084809330853,1790295186503435102,1000,1
2688,28341000326476,1790295186289900768,1790295186290000000,152084814329030,152084814330944,1790295186508434672,1000,1
2689,28341004321587,1790295186293909953,1790295186294000000,152084819329030,152084819331707,1790295186513435915,1000,1
2690,28341007390364,1790295186296997138,1790295186297000000,152084824329030,152084824330738,1790295186518434886,1000,1
2691,28341012238550,1790295186301891620,1790295186302000000,152084829329030,152084829331350,1790295186523436130,1000,1
2692,28341018288068,1790295186307854694,1790295186308000000,152084834329030,152084834331942,1790295186528436181,1000,1
2693,28341024307661,1790295186313902731,1790295186314000000,152084839329030,152084839330821,1790295186533434989,1000,1
2694,28341028313142,1790295186317898027,1790295186318000000,152084844329030,152084844331473,1790295186538435732,1000,1
2695,28341032278068,1790295186321895620,1790295186322000000,152084849329030,152084849331606,1790295186543436065,1000,1
2696,28341040221550,1790295186329885064,1790295186330000000,152084854329030,152084854331517,1790295186548435616,1000,1
2697,28341044346698,1790295186333903064,1790295186334000000,152084859329030,152084859331398,1790295186553435546,1000,1
2698,28341048245142,1790295186337898138,1790295186338000000,152084864329030,152084864330267,1790295186558433664,1000,1
2699,28341056269216,1790295186345895583,1790295186346000000,152084869329030,152084869329747,1790295186563432753,1000,1
2700,28341060185068,1790295186349891361,1790295186350000000,152084874329030,152084874329568,1790295186568432595,1000,1
2701,28341063544735,1790295186352857027,1790295186353000000,152084879329030,152084879329670,1790295186573432697,1000,1
2702,28341068307401,1790295186357898138,1790295186358000000,152084884329030,152084884329751,1790295186578432768,1000,1
2703,28341072247513,1790295186361898953,1790295186362000000,152084889329030,152084889329632,1790295186583432659,1000,1
2704,28341080265883,1790295186369890805,1790295186370000000,152084894329030,152084894331386,1790295186588435675,1000,1
2705,28341084169327,1790295186373887509,1790295186374000000,152084899329030,152084899331798,1790295186593436267,1000,1
2706,28341088400957,1790295186377920472,1790295186378000000,152084904329030,152084904331059,1790295186598435198,1000,1
2707,28341092245068,1790295186381899990,1790295186382000000,152084909329030,152084909331481,1790295186603435780,1000,1
2708,28341097236883,1790295186386903953,1790295186387000000,152084914329030,152084914330791,1790295186608434819,1000,1
2709,28341104231698,1790295186393891583,1790295186394000000,152084919329030,152084919332215,1790295186613436433,1000,1
2710,28341108317587,1790295186397901212,1790295186398000000,152084924329030,152084924330522,1790295186618434691,1000,1
2711,28341112382105,1790295186401915916,1790295186402000000,152084929329030,152084929331447,1790295186623435636,1000,1
2712,28341119845994,1790295186409438768,1790295186409000000,152084934329030,152084934331879,1790295186628436077,1000,1
2713,28341124264735,1790295186413902175,1790295186414000000,152084939329030,152084939330968,1790295186633435217,1000,1
2714,28341128173068,1790295186417889249,1790295186418000000,152084944329030,152084944330688,1790295186638434196,1000,1
2715,28341132341735,1790295186421908509,1790295186422000000,152084949329030,152084949331561,1790295186643435970,1000,1
2716,28341140296624,1790295186429909768,1790295186430000000,152084954329030,152084954330751,1790295186648434279,1000,1
2717,28341144309179,1790295186433910287,1790295186434000000,152084959329030,152084959448196,1790295186653552695,1000,1
2718,28341148292624,1790295186437897249,1790295186438000000,152084964329030,152084964331055,1790295186658434572,1000,1
2719,28341152212661,1790295186441898212,1790295186442000000,152084969329030,152084969331386,1790295186663436136,1000,1
2720,28341160358809,1790295186449909583,1790295186450000000,152084974329030,152084974329924,1790295186668433452,1000,1
2721,28341164511475,1790295186453909027,1790295186454000000,152084979329030,152084979331619,1790295186673435797,1000,1
2722,28341168297550,1790295186457897768,1790295186458000000,152084984329030,152084984330559,1790295186678435099,1000,1
2723,28341172181142,1790295186461898879,1790295186462000000,152084989329030,152084989330660,1790295186683434789,1000,1
2724,28341180331624,1790295186469901138,1790295186470000000,152084994329030,152084994330561,1790295186688434449,1000,1
2725,28341183501624,1790295186473127509,1790295186473000000,152084999329030,152084999331524,1790295186693435713,1000,1
2726,28341187242105,1790295186476740768,1790295186477000000,152085004329030,152085004330463,1790295186698434011,1000,1
2727,28341192273772,1790295186481890768,1790295186482000000,152085009329030,152085009331077,1790295186703435236,1000,1
2728,28341198181068,1790295186487859768,1790295186488000000,152085014329030,152085014330517,1790295186708435037,1000,1
2729,28341204340994,1790295186493897916,1790295186494000000,152085019329030,152085019332051,1790295186713436290,1000,1
2730,28341208274253,1790295186497907435,1790295186498000000,152085024329030,152085024329738,1790295186718432904,1000,1
2731,28341212294031,1790295186501914101,1790295186502000000,152085029329030,152085029329338,1790295186723432525,1000,1
2732,28341220237698,1790295186509898768,1790295186510000000,152085034329030,152085034529309,1790295186728633958,1000,1
2733,28341224383216,1790295186513919953,1790295186514000000,152085039329030,152085039331385,1790295186733435654,1000,1
2734,28341228262216,1790295186517897879,1790295186518000000,152085044329030,152085044331206,1790295186738435355,1000,1
2735,28341232937698,1790295186522440027,1790295186522000000,152085049329030,152085049330145,1790295186743434694,1000,1
2736,28341240189920,1790295186529887990,1790295186530000000,152085054329030,152085054330717,1790295186748434635,1000,1
2737,28341243499401,1790295186532959583,1790295186533000000,152085059329030,152085059330027,1790295186753433554,1000,1
2738,28341248314549,1790295186537908323,1790295186538000000,152085064329030,152085064331061,1790295186758435300,1000,1
2739,28341252225883,1790295186541896027,1790295186542000000,152085069329030,152085069329670,1790295186763432696,1000,1
2740,28341260266994,1790295186549898138,1790295186550000000,152085074329030,152085074329951,1790295186768433489,1000,1
2741,28341264188364,1790295186553886435,1790295186554000000,152085079329030,152085079331225,1790295186773435804,1000,1
2742,28341268335142,1790295186557902657,1790295186558000000,152085084329030,152085084510104,1790295186778614383,1000,1
2743,28341272255920,1790295186561907916,1790295186562000000,152085089329030,152085089331208,1790295186783435337,1000,1
2744,28341277404401,1790295186567008212,1790295186567000000,152085094329030,152085094331169,1790295186788435348,1000,1
2745,28341284217587,1790295186573888694,1790295186574000000,152085099329030,152085099332252,1790295186793436431,1000,1
2746,28341287817957,1790295186577472064,1790295186577000000,152085104329030,152085104331502,1790295186798435670,1000,1
2747,28341292334587,1790295186581914546,1790295186582000000,152085109329030,152085109330421,1790295186803433948,1000,1
2748,28341299566549,1790295186589012546,1790295186589000000,152085114329030,152085114331574,1790295186808435682,1000,1
2749,28341304254549,1790295186593902620,1790295186594000000,152085119329030,152085119329983,1790295186813433511,1000,1
2750,28341308176586,1790295186597896916,1790295186598000000,152085124329030,152085124330475,1790295186818434724,1000,1
2751,28341312354698,1790295186601905323,1790295186602000000,152085129329030,152085129331017,1790295186823434725,1000,1
2752,28341320280216,1790295186609895731,1790295186610000000,152085134329030,152085134330758,1790295186828434936,1000,1
2753,28341322285772,1790295186611904212,1790295186612000000,152085139329030,152085139330669,1790295186833434246,1000,1
2754,28341328235216,1790295186617893694,1790295186618000000,152085144329030,152085144331172,1790295186838435391,1000,1
2755,28341332260105,1790295186621898916,1790295186622000000,152085149329030,152085149330602,1790295186843434120,1000,1
2756,28341340370475,1790295186629900398,1790295186630000000,152085154329030,152085154329992,1790295186848433540,1000,1
2757,28341342311401,1790295186631947027,1790295186632000000,152085159329030,152085159330714,1790295186853434823,1000,1
2758,28341348292586,1790295186637898212,1790295186638000000,152085164329030,152085164331216,1790295186858436066,1000,1
2759,28341352164105,1790295186641888027,1790295186642000000,152085169329030,152085169330939,1790295186863434486,1000,1
2760,28341360299105,1790295186649895472,1790295186650000000,152085174329030,152085174339536,1790295186868443765,1000,1
2761,28341364215327,1790295186653889620,1790295186654000000,152085179329030,152085179332013,1790295186873436191,1000,1
2762,28341368207920,1790295186657524435,1790295186658000000,152085184329030,152085184331442,1790295186878435992,1000,1
2763,28341372274549,1790295186661895620,1790295186662000000,152085189329030,152085189331373,1790295186883435572,1000,1
2764,28341378599809,1790295186667992509,1790295186668000000,152085194329030,152085194331394,1790295186888435593,1000,1
2765,28341384231772,1790295186673891953,1790295186674000000,152085199329030,152085199332077,1790295186893436396,1000,1
2766,28341388173661,1790295186677887064,1790295186678000000,152085204329030,152085204331618,1790295186898435866,1000,1
2767,28341392391142,1790295186681903027,1790295186682000000,152085209329030,152085209330747,1790295186903434966,1000,1
2768,28341400273623,1790295186689897212,1790295186690000000,152085214329030,152085214332211,1790295186908436419,1000,1
2769,28341404302623,1790295186693905397,1790295186694000000,152085219329030,152085219331991,1790295186913436450,1000,1
2770,28341408197661,1790295186697888064,1790295186698000000,152085224329030,152085224330331,1790295186918433849,1000,1
2771,28341412341920,1790295186701942953,1790295186702000000,152085229329030,152085229331013,1790295186923434571,1000,1
2772,28341420306068,1790295186709900472,1790295186710000000,152085234329030,152085234331686,1790295186928435784,1000,1
2773,28341423576364,1790295186713117583,1790295186713000000,152085239329030,152085239330665,1790295186933434172,1000,1
2774,28341428220105,1790295186717886397,1790295186718000000,152085244329030,152085244331147,1790295186938435345,1000,1
2775,28341432160105,1790295186721885620,1790295186722000000,152085249329030,152085249330729,1790295186943434908,1000,1
2776,28341440312475,1790295186729896694,1790295186730000000,152085254329030,152085254331521,1790295186948436221,1000,1
2777,28341444237623,1790295186733894101,1790295186734000000,152085259329030,152085259330240,1790295186953434549,1000,1
2778,28341448248957,1790295186737895249,1790295186738000000,152085264329030,152085264331313,1790295186958436283,1000,1
2779,28341452158512,1790295186741888397,1790295186742000000,152085269329030,152085269331945,1790295186963436134,1000,1
2780,28341457310809,1790295186746944175,1790295186747000000,152085274329030,152085274331296,1790295186968435615,1000,1
2781,28341464274660,1790295186753896509,1790295186754000000,152085279329030,152085279330646,1790295186973435226,1000,1
2782,28341468332475,1790295186757851916,1790295186758000000,152085284329030,152085284331529,1790295186978435688,1000,1
2783,28341472310660,1790295186761907249,1790295186762000000,152085289329030,152085289331370,1790295186983435518,1000,1
2784,28341479606549,1790295186769144731,1790295186769000000,152085294329030,152085294331481,1790295186988435720,1000,1
2785,28341484241438,1790295186773888768,1790295186774000000,152085299329030,152085299331332,1790295186993436111,1000,1
2786,28341488174068,1790295186777889064,1790295186778000000,152085304329030,152085304330243,1790295186998434431,1000,1
2787,28341492344068,1790295186781906249,1790295186782000000,152085309329030,152085309330955,1790295187003435184,1000,1
2788,28341500250327,1790295186789895620,1790295186790000000,152085314329030,152085314331807,1790295187008435916,1000,1
2789,28341502301475,1790295186791911286,1790295186792000000,152085319329030,152085319332019,1790295187013436177,1000,1
2790,28341508232068,1790295186797892953,1790295186798000000,152085324329030,152085324330818,1790295187018434966,1000,1
2791,28341512162401,1790295186801886434,1790295186802000000,152085329329030,152085329332153,1790295187023436332,1000,1
2792,28341520335697,1790295186809901027,1790295186810000000,152085334329030,152085334332244,1790295187028436403,1000,1
2793,28341524577475,1790295186813895842,1790295186814000000,152085339329030,152085339331314,1790295187033435502,1000,1
2794,28341529796586,1790295186819445064,1790295186819000000,152085344329030,152085344331074,1790295187038435373,1000,1
2795,28341532218957,1790295186821896064,1790295186822000000,152085349329030,152085349331496,1790295187043435925,1000,1
2796,28341540340957,1790295186829901175,1790295186830000000,152085354329030,152085354330406,1790295187048434624,1000,1
2797,28341544246068,1790295186833896509,1790295186834000000,152085359329030,152085359329956,1790295187053434346,1000,1
2798,28341547368957,1790295186836995212,1790295186837000000,152085364329030,152085364331460,1790295187058435829,1000,1
2799,28341552221179,1790295186841890953,1790295186842000000,152085369329030,152085369329678,1790295187063432694,1000,1
2800,28341558612734,1790295186848220620,1790295186848000000,152085374329030,152085374330310,1790295187068433797,1000,1
2801,28341567133290,1790295186856734768,1790295186857000000,152085379329030,152085379331415,1790295187073435974,1000,1
2802,28341568204772,1790295186857894471,1790295186858000000,152085384329030,152085384330224,1790295187078434713,1000,1
2803,28341572345772,1790295186861915731,1790295186862000000,152085389329030,152085389331777,1790295187083435966,1000,1
2804,28341580260142,1790295186869893583,1790295186870000000,152085394329030,152085394330867,1790295187088435055,1000,1
2805,28341584341327,1790295186873904842,1790295186874000000,152085399329030,152085399331639,1790295187093435878,1000,1
2806,28341588223475,1790295186877892583,1790295186878000000,152085404329030,152085404331580,1790295187098435809,1000,1
2807,28341592853216,1790295186881733212,1790295186882000000,152085409329030,152085409330902,1790295187103435141,1000,1
2808,28341600316697,1790295186889897397,1790295186890000000,152085414329030,152085414332326,1790295187108436494,1000,1
2809,28341603383290,1790295186892994471,1790295186893000000,152085419329030,152085419331866,1790295187113436074,1000,1
2810,28341608233920,1790295186897897657,1790295186898000000,152085424329030,152085424330684,1790295187118434843,1000,1
2811,28341612157883,1790295186901889545,1790295186902000000,152085429329030,152085429332359,1790295187123436578,1000,1
2812,28341620353327,1790295186909912323,1790295186910000000,152085434329030,152085434331851,1790295187128436280,1000,1
2813,28341624235475,1790295186913898953,1790295186914000000,152085439329030,152085439330600,1790295187133435089,1000,1
2814,28341628258179,1790295186917896064,1790295186918000000,152085444329030,152085444330891,1790295187138435110,1000,1
2815,28341632174142,1790295186921897360,1790295186922000000,152085449329030,152085449330521,1790295187143434670,1000,1
2816,28341637250179,1790295186926753175,1790295186927000000,152085454329030,152085454330873,1790295187148434521,1000,1
2817,28341644335846,1790295186933915101,1790295186934000000,152085459329030,152085459330595,1790295187153434774,1000,1
2818,28341648285068,1790295186937896990,1790295186938000000,152085464329030,152085464332019,1790295187158436228,1000,1
2819,28341652226883,1790295186941895583,1790295186942000000,152085469329030,152085469331529,1790295187163436048,1000,1
2820,28341659315179,1790295186949003397,1790295186949000000,152085474329030,152085474331350,1790295187168435498,1000,1
2821,28341664340364,1790295186953911953,1790295186954000000,152085479329030,152085479331812,1790295187173436281,1000,1
2822,28341668264475,1790295186957914138,1790295186958000000,152085484329030,152085484331855,1790295187178436314,1000,1
2823,28341672251438,1790295186961897323,1790295186962000000,152085489329030,152085489331795,1790295187183435994,1000,1
2824,28341678687660,1790295186968387768,1790295186968000000,152085494329030,152085494330795,1790295187188435003,1000,1
2825,28341683055105,1790295186971843249,1790295186972000000,152085499329030,152085499332038,1790295187193436207,1000,1
2826,28341688287253,1790295186977902175,1790295186978000000,152085504329030,152085504330857,1790295187198434955,1000,1
2827,28341692249512,1790295186981907953,1790295186982000000,152085509329030,152085509330577,1790295187203434716,1000,1
2828,28341700224808,1790295186989892768,1790295186990000000,152085514329030,152085514331572,1790295187208436071,1000,1
2829,28341704216216,1790295186993899175,1790295186994000000,152085519329030,152085519332074,1790295187213436243,1000,1
2830,28341708334586,1790295186997901657,1790295186998000000,152085524329030,152085524331183,1790295187218435382,1000,1
2831,28341712236771,1790295187001895768,1790295187002000000,152085529329030,152085529331134,1790295187223435543,1000,1
2832,28341720236660,1790295187009891027,1790295187010000000,152085534329030,152085534331406,1790295187228435735,1000,1
2833,28341724170549,1790295187013888731,1790295187014000000,152085539329030,152085539329604,1790295187233432631,1000,1
2834,28341728461734,1790295187018026027,1790295187018000000,152085544329030,152085544330878,1790295187238435026,1000,1
2835,28341734576290,1790295187024199768,1790295187024000000,152085549329030,152085549331590,1790295187243436099,1000,1
2836,28341738286290,1790295187027842101,1790295187028000000,152085554329030,152085554330699,1790295187248434878,1000,1
2837,28341744239142,1790295187033889471,1790295187034000000,152085559329030,152085559329899,1790295187253433436,1000,1
2838,28341748228734,1790295187037893175,1790295187038000000,152085564329030,152085564331314,1790295187258435322,1000,1
2839,28341752316216,1790295187041911360,1790295187042000000,152085569329030,152085569329822,1790295187263433360,1000,1
2840,28341760284475,1790295187049891249,1790295187050000000,152085574329030,152085574331146,1790295187268435274,1000,1
2841,28341764319253,1790295187053910582,1790295187054000000,152085579329030,152085579331688,1790295187273436137,1000,1
2842,28341772208883,1790295187061509582,1790295187062000000,152085584329030,152085584331689,1790295187278436198,1000,1
2843,28341772890216,1790295187061933731,1790295187062000000,152085589329030,152085589330930,1790295187283434788,1000,1
2844,28341780188253,1790295187069887842,1790295187070000000,152085594329030,152085594330360,1790295187288433887,1000,1
2845,28341783573031,1790295187072870953,1790295187073000000,152085599329030,152085599331723,1790295187293436193,1000,1
2846,28341788305549,1790295187077909805,1790295187078000000,152085604329030,152085604332005,1790295187298436254,1000,1
2847,28341792325845,1790295187081891694,1790295187082000000,152085609329030,152085609331014,1790295187303435193,1000,1
2848,28341800248068,1790295187089895768,1790295187090000000,152085614329030,152085614331386,1790295187308436196,1000,1
2849,28341804159697,1790295187093886064,1790295187094000000,152085619329030,152085619331990,1790295187313436169,1000,1
2850,28341808342623,1790295187097915027,1790295187098000000,152085624329030,152085624331259,1790295187318435448,1000,1
2851,28341812299957,1790295187101910434,1790295187102000000,152085629329030,152085629330890,1790295187323435780,1000,1
2852,28341816988253,1790295187106677582,1790295187106000000,152085634329030,152085634332213,1790295187328436402,1000,1
2853,28341824255660,1790295187113896842,1790295187114000000,152085639329030,152085639331954,1790295187333436413,1000,1
2854,28341828280549,1790295187117896545,1790295187118000000,152085644329030,152085644330893,1790295187338435061,1000,1
2855,28341832298734,1790295187121915064,1790295187122000000,152085649329030,152085649331775,1790295187343436254,1000,1
2856,28341839616994,1790295187129147694,1790295187129000000,152085654329030,152085654331846,1790295187348436316,1000,1
2857,28341844239179,1790295187133900879,1790295187134000000,152085659329030,152085659330495,1790295187353435255,1000,1
2858,28341848215179,1790295187137899249,1790295187138000000,152085664329030,152085664331449,1790295187358436239,1000,1
2859,28341852342105,1790295187141913397,1790295187142000000,152085669329030,152085669331250,1790295187363435409,1000,1
2860,28341860329327,1790295187149907434,1790295187150000000,152085674329030,152085674331451,1790295187368435590,1000,1
2861,28341862846734,1790295187151929953,1790295187152000000,152085679329030,152085679331202,1790295187373435982,1000,1
2862,28341885221586,1790295187174517879,1790295187175000000,152085684329030,152085684331553,1790295187378436093,1000,1
2863,28341885498290,1790295187174916619,1790295187175000000,152085689329030,152085689332336,1790295187383436485,1000,1
2864,28341885653216,1790295187174916916,1790295187175000000,152085694329030,152085694331027,1790295187388435196,1000,1
2865,28341885792734,1790295187174917027,1790295187175000000,152085699329030,152085699331579,1790295187393436048,1000,1
2866,28341897926771,1790295187186662953,1790295187187000000,152085704329030,152085704332381,1790295187398436851,1000,1
2867,28341898235327,1790295187186791619,1790295187188000000,152085709329030,152085709330860,1790295187403435008,1000,1
2868,28341898407475,1790295187186791768,1790295187188000000,152085714329030,152085714332003,1790295187408436091,1000,1
2869,28341917255808,1790295187206257619,1790295187207000000,152085719329030,152085719332076,1790295187413436345,1000,1
2870,28341918907845,1790295187206546731,1790295187208000000,152085724329030,152085724331326,1790295187418435775,1000,1
2871,28341919617475,1790295187206547027,1790295187209000000,152085729329030,152085729331817,1790295187423436397,1000,1
2872,28341919914179,1790295187208232175,1790295187209000000,152085734329030,152085734332289,1790295187428436488,1000,1
2873,28341924458586,1790295187213934582,1790295187214000000,152085739329030,152085739330477,1790295187433434876,1000,1
2874,28341929538031,1790295187219123805,1790295187219000000,152085744329030,152085744329516,1790295187438432532,1000,1
2875,28341932248105,1790295187221897064,1790295187222000000,152085749329030,152085749329637,1790295187443432654,1000,1
2876,28341940226364,1790295187229893471,1790295187230000000,152085754329030,152085754329718,1790295187448432735,1000,1
2877,28341944261512,1790295187233894323,1790295187234000000,152085759329030,152085759329449,1790295187453432465,1000,1
2878,28341948190882,1790295187237889582,1790295187238000000,152085764329030,152085764329510,1790295187458432546,1000,1
2879,28341952807142,1790295187241854656,1790295187242000000,152085769329030,152085769329743,1790295187463432759,1000,1
2880,28341960271660,1790295187249890990,1790295187250000000,152085774329030,152085774331818,1790295187468436097,1000,1
2881,28341963270216,1790295187252923582,1790295187253000000,152085779329030,152085779331107,1790295187473435797,1000,1
2882,28341968253882,1790295187257901842,1790295187258000000,152085784329030,152085784330487,1790295187478434596,1000,1
2883,28341975324623,1790295187264133397,1790295187265000000,152085789329030,152085789331801,1790295187483436070,1000,1
2884,28341980310105,1790295187269898101,1790295187270000000,152085794329030,152085794330901,1790295187488435100,1000,1
2885,28341984317845,1790295187273911101,1790295187274000000,152085799329030,152085799331635,1790295187493436044,1000,1
2886,28341988251475,1790295187277895175,1790295187278000000,152085804329030,152085804331206,1790295187498435915,1000,1
2887,28341992267956,1790295187281886101,1790295187282000000,152085809329030,152085809330926,1790295187503435185,1000,1
2888,28341997529956,1790295187287098619,1790295187287000000,152085814329030,152085814331879,1790295187508436388,1000,1
2889,28342004337327,1790295187293908990,1790295187294000000,152085819329030,152085819329435,1790295187513432391,1000,1
2890,28342008407512,1790295187297896656,1790295187298000000,152085824329030,152085824330739,1790295187518434617,1000,1
2891,28342012283179,1790295187301904249,1790295187302000000,152085829329030,152085829331882,1790295187523436140,1000,1
2892,28342017498549,1790295187307128693,1790295187307000000,152085834329030,152085834331622,1790295187528436111,1000,1
2893,28342024329290,1790295187313902101,1790295187314000000,152085839329030,152085839330651,1790295187533434760,1000,1
2894,28342028326068,1790295187317913805,1790295187318000000,152085844329030,152085844330873,1790295187538434991,1000,1
2895,28342032267438,1790295187321895249,1790295187322000000,152085849329030,152085849331627,1790295187543435705,1000,1
2896,28342040190438,1790295187329883767,1790295187330000000,152085854329030,152085854331568,1790295187548435736,1000,1
2897,28342042142364,1790295187331719619,1790295187332000000,152085859329030,152085859330657,1790295187553434936,1000,1
2898,28342048342030,1790295187337915360,1790295187338000000,152085864329030,152085864330037,1790295187558433564,1000,1
2899,28342052251919,1790295187341899138,1790295187342000000,152085869329030,152085869329728,1790295187563432754,1000,1
2900,28342060233364,1790295187349888434,1790295187350000000,152085874329030,152085874329550,1790295187568432566,1000,1
2901,28342064218882,1790295187353884619,1790295187354000000,152085879329030,152085879329681,1790295187573432687,1000,1
2902,28342068339253,1790295187357904842,1790295187358000000,152085884329030,152085884329531,1790295187578432548,1000,1
2903,28342072241179,1790295187361897953,1790295187362000000,152085889329030,152085889329733,1790295187583432749,1000,1
2904,28342080232549,1790295187369888397,1790295187370000000,152085894329030,152085894330635,1790295187588434804,1000,1
2905,28342084160586,1790295187373886619,1790295187374000000,152085899329030,152085899331790,1790295187593436289,1000,1
2906,28342087108660,1790295187376792879,1790295187376000000,152085904329030,152085904331290,1790295187598435729,1000,1
2907,28342092352327,1790295187381924286,1790295187382000000,152085909329030,152085909331021,1790295187603435450,1000,1
2908,28342098217068,1790295187387845693,1790295187388000000,152085914329030,152085914331392,1790295187608435080,1000,1
2909,28342104227586,1790295187393900286,1790295187394000000,152085919329030,152085919331443,1790295187613435913,1000,1
2910,28342106997030,1790295187396725508,1790295187396000000,152085924329030,152085924330855,1790295187618435925,1000,1
2911,28342112337067,1790295187401904027,1790295187402000000,152085929329030,152085929331036,1790295187623435506,1000,1
2912,28342120250549,1790295187409895730,1790295187410000000,152085934329030,152085934331568,1790295187628435687,1000,1
2913,28342124229993,1790295187413894434,1790295187414000000,152085939329030,152085939331439,1790295187633435918,1000,1
2914,28342128190697,1790295187417898619,1790295187418000000,152085944329030,152085944330789,1790295187638434978,1000,1
2915,28342133166290,1790295187421968879,1790295187423000000,152085949329030,152085949331762,1790295187643435940,1000,1
2916,28342140294771,1790295187429909434,1790295187430000000,152085954329030,152085954332085,1790295187648436264,1000,1
2917,28342143353919,1790295187432995360,1790295187433000000,152085959329030,152085959330794,1790295187653434862,1000,1
2918,28342148209067,1790295187437889360,1790295187438000000,152085964329030,152085964331857,1790295187658436116,1000,1
2919,28342152168290,1790295187441895249,1790295187442000000,152085969329030,152085969331888,1790295187663436377,1000,1
2920,28342157275882,1790295187446841434,1790295187447000000,152085974329030,152085974331509,1790295187668435598,1000,1
2921,28342164299623,1790295187453908434,1790295187454000000,152085979329030,152085979332012,1790295187673436221,1000,1
2922,28342168249475,1790295187457897916,1790295187458000000,152085984329030,152085984379813,1790295187678484072,1000,1
2923,28342172222364,1790295187461890027,1790295187462000000,152085989329030,152085989331523,1790295187683436022,1000,1
2924,28342178398030,1790295187467963101,1790295187468000000,152085994329030,152085994330973,1790295187688435161,1000,1
2925,28342184261512,1790295187473913397,1790295187474000000,152085999329030,152085999332176,1790295187693436365,1000,1
2926,28342188244067,1790295187477847990,1790295187478000000,152086004329030,152086004331608,1790295187698435786,1000,1
2927,28342192222030,1790295187481898175,1790295187482000000,152086009329030,152086009331559,1790295187703435717,1000,1
2928,28342199594697,1790295187489127804,1790295187489000000,152086014329030,152086014331509,1790295187708435979,1000,1
2929,28342204362438,1790295187493897841,1790295187494000000,152086019329030,152086019332292,1790295187713436501,1000,1
2930,28342207364993,1790295187496966175,1790295187497000000,152086024329030,152086024330029,1790295187718435099,1000,1
2931,28342212278030,1790295187501900841,1790295187502000000,152086029329030,152086029329661,1790295187723432677,1000,1
2932,28342220213956,1790295187509898064,1790295187510000000,152086034329030,152086034329672,1790295187728432678,1000,1
2933,28342223180216,1790295187511992693,1790295187513000000,152086039329030,152086039329723,1790295187733432739,1000,1
2934,28342228274104,1790295187517897619,1790295187518000000,152086044329030,152086044329724,1790295187738432740,1000,1
2935,28342232313734,1790295187521906915,1790295187522000000,152086049329030,152086049329644,1790295187743432661,1000,1
2936,28342240258993,1790295187529890249,1790295187530000000,152086054329030,152086054330889,1790295187748434957,1000,1
2937,28342244206808,1790295187533908064,1790295187534000000,152086059329030,152086059331712,1790295187753435961,1000,1
2938,28342248379845,1790295187537917138,1790295187538000000,152086064329030,152086064330871,1790295187758434780,1000,1
2939,28342252268475,1790295187541901804,1790295187542000000,152086069329030,152086069330933,1790295187763434530,1000,1
2940,28342257440549,1790295187547087878,1790295187547000000,152086074329030,152086074330823,1790295187768434761,1000,1
2941,28342264169882,1790295187553887693,1790295187554000000,152086079329030,152086079331476,1790295187773435704,1000,1
2942,28342268175919,1790295187556945064,1790295187558000000,152086084329030,152086084331789,1790295187778436208,1000,1
2943,28342272314808,1790295187561915656,1790295187562000000,152086089329030,152086089331460,1790295187783435989,1000,1
2944,28342278650697,1790295187568123064,1790295187568000000,152086094329030,152086094330679,1790295187788434888,1000,1
2945,28342284210253,1790295187573896397,1790295187574000000,152086099329030,152086099331812,1790295187793436331,1000,1
2946,28342288162364,1790295187577887582,1790295187578000000,152086104329030,152086104331635,1790295187798435853,1000,1
2947,28342292349734,1790295187581901545,1790295187582000000,152086109329030,152086109331255,1790295187803434822,1000,1
2948,28342300285438,1790295187589892323,1790295187590000000,152086114329030,152086114331596,1790295187808435725,1000,1
2949,28342304253438,1790295187593893212,1790295187594000000,152086119329030,152086119331738,1790295187813436217,1000,1
2950,28342307464586,1790295187597188693,1790295187597000000,152086124329030,152086124330607,1790295187818434805,1000,1
2951,28342312240993,1790295187601629508,1790295187602000000,152086129329030,152086129331509,1790295187823435728,1000,1
2952,28342320306290,1790295187609907101,1790295187610000000,152086134329030,152086134329628,1790295187828432644,1000,1
2953,28342323624290,1790295187613219952,1790295187613000000,152086139329030,152086139331803,1790295187833436252,1000,1
2954,28342328228327,1790295187617896656,1790295187618000000,152086144329030,152086144331063,1790295187838435221,1000,1
2955,28342332203141,1790295187621893841,1790295187622000000,152086149329030,152086149331344,1790295187843436164,1000,1
2956,28342340378882,1790295187629897434,1790295187630000000,152086154329030,152086154332257,1790295187848436405,1000,1
2957,28342344259253,1790295187633895027,1790295187634000000,152086159329030,152086159331629,1790295187853435787,1000,1
2958,28342348295808,1790295187637895064,1790295187638000000,152086164329030,152086164330467,1790295187858434416,1000,1
2959,28342352171364,1790295187641890804,1790295187642000000,152086169329030,152086169331681,1790295187863435899,1000,1
2960,28342360398549,1790295187649899545,1790295187650000000,152086174329030,152086174330700,1790295187868434558,1000,1
2961,28342364259919,1790295187653900101,1790295187654000000,152086179329030,152086179331893,1790295187873436072,1000,1
2962,28342368261734,1790295187657848508,1790295187658000000,152086184329030,152086184331604,1790295187878436093,1000,1
2963,28342372236771,1790295187661899656,1790295187662000000,152086189329030,152086189331364,1790295187883436414,1000,1
2964,28342379333475,1790295187669003434,1790295187669000000,152086194329030,152086194331084,1790295187888435283,1000,1
2965,28342384322030,1790295187673898397,1790295187674000000,152086199329030,152086199332027,1790295187893436276,1000,1
2966,28342388247586,1790295187677895286,1790295187678000000,152086204329030,152086204331998,1790295187898436207,1000,1
2967,28342392246623,1790295187681894730,1790295187682000000,152086209329030,152086209331310,1790295187903435388,1000,1
2968,28342400191141,1790295187689891212,1790295187690000000,152086214329030,152086214332212,1790295187908436411,1000,1
2969,28342402192438,1790295187691681138,1790295187692000000,152086219329030,152086219331372,1790295187913435971,1000,1
2970,28342408322956,1790295187697899397,1790295187698000000,152086224329030,152086224331002,1790295187918436012,1000,1
2971,28342413282253,1790295187702844767,1790295187703000000,152086229329030,152086229332275,1790295187923436504,1000,1
2972,28342420218475,1790295187709892693,1790295187710000000,152086234329030,152086234331916,1790295187928436105,1000,1
2973,28342424173401,1790295187713888064,1790295187714000000,152086239329030,152086239331318,1790295187933435757,1000,1
2974,28342428528364,1790295187717913582,1790295187718000000,152086244329030,152086244331409,1790295187938435648,1000,1
2975,28342432672586,1790295187722282323,1790295187722000000,152086249329030,152086249332092,1790295187943436380,1000,1
2976,28342440243697,1790295187729889138,1790295187730000000,152086254329030,152086254331521,1790295187948435700,1000,1
2977,28342444179104,1790295187733890323,1790295187734000000,152086259329030,152086259331613,1790295187953435841,1000,1
2978,28342448206030,1790295187737755619,1790295187738000000,152086264329030,152086264331523,1790295187958435692,1000,1
2979,28342456257882,1790295187745897989,1790295187746000000,152086269329030,152086269330783,1790295187963434912,1000,1
2980,28342458323919,1790295187747971026,1790295187748000000,152086274329030,152086274330774,1790295187968434652,1000,1
2981,28342464277512,1790295187753891360,1790295187754000000,152086279329030,152086279330965,1790295187973434613,1000,1
2982,28342468214882,1790295187757901175,1790295187758000000,152086284329030,152086284331447,1790295187978435666,1000,1
2983,28342472255252,1790295187761897878,1790295187762000000,152086289329030,152086289331831,1790295187983436030,1000,1
2984,28342480200438,1790295187769885063,1790295187770000000,152086294329030,152086294331461,1790295187988435640,1000,1
2985,28342484293734,1790295187773898138,1790295187774000000,152086299329030,152086299331102,1790295187993434739,1000,1
2986,28342488253141,1790295187777893508,1790295187778000000,152086304329030,152086304331293,1790295187998435802,1000,1
2987,28342492947030,1790295187782577175,1790295187782000000,152086309329030,152086309331705,1790295188003435944,1000,1
2988,28342497828215,1790295187787527582,1790295187787000000,152086314329030,152086314332069,1790295188008436438,1000,1
2989,28342503421475,1790295187793011841,1790295187793000000,152086319329030,152086319332410,1790295188013436619,1000,1
2990,28342508287549,1790295187797908804,1790295187798000000,152086324329030,152086324331349,1790295188018436109,1000,1
2991,28342512224586,1790295187801893656,1790295187802000000,152086329329030,152086329331350,1790295188023434908,1000,1
2992,28342520241845,1790295187809892545,1790295187810000000,152086334329030,152086334331461,1790295188028435580,1000,1
2993,28342524176919,1790295187813884989,1790295187814000000,152086339329030,152086339332105,1790295188033436343,1000,1
2994,28342528319697,1790295187817903323,1790295187818000000,152086344329030,152086344330994,1790295188038435102,1000,1
2995,28342536334475,1790295187825904138,1790295187826000000,152086349329030,152086349331295,1790295188043435785,1000,1
2996,28342538094141,1790295187827693249,1790295187827000000,152086354329030,152086354330304,1790295188048434814,1000,1
2997,28342544240845,1790295187833901878,1790295187834000000,152086359329030,152086359329674,1790295188053434314,1000,1
2998,28342548284067,1790295187837897545,1790295187838000000,152086364329030,152086364330839,1790295188058435058,1000,1
2999,28342552296401,1790295187841905952,1790295187842000000,152086369329030,152086369331662,1790295188063435810,1000,1
3000,28342559910734,1790295187849078989,1790295187849000000,152086374329030,152086374330621,1790295188068434499,1000,1
3001,28342564217956,1790295187853894212,1790295187854000000,152086379329030,152086379331814,1790295188073435962,1000,1
3002,28342568253882,1790295187857899915,1790295187858000000,152086384329030,152086384332376,1790295188078436545,1000,1
3003,28342576337919,1790295187865907138,1790295187866000000,152086389329030,152086389330936,1790295188083435275,1000,1
3004,28342579893845,1790295187869539878,1790295187869000000,152086394329030,152086394331599,1790295188088435917,1000,1
3005,28342582665586,1790295187871704286,1790295187872000000,152086399329030,152086399331870,1790295188093436019,1000,1
3006,28342592065252,1790295187881604619,1790295187881000000,152086404329030,152086404331751,1790295188098436020,1000,1
3007,28342593229104,1790295187882845767,1790295187883000000,152086409329030,152086409332273,1790295188103436471,1000,1
3008,28342600346956,1790295187889901323,1790295187890000000,152086414329030,152086414331343,1790295188108436173,1000,1
3009,28342604284252,1790295187893893804,1790295187894000000,152086419329030,152086419331575,1790295188113435703,1000,1
3010,28342608227808,1790295187897894878,1790295187898000000,152086424329030,152086424332147,1790295188118436486,1000,1
3011,28342612173252,1790295187901884656,1790295187902000000,152086429329030,152086429332068,1790295188123436226,1000,1
3012,28342620333623,1790295187909895212,1790295187910000000,152086434329030,152086434331538,1790295188128435686,1000,1
3013,28342624228289,1790295187913894249,1790295187914000000,152086439329030,152086439331951,1790295188133436210,1000,1
3014,28342628164586,1790295187917478175,1790295187918000000,152086444329030,152086444332092,1790295188138436291,1000,1
3015,28342632256215,1790295187921907397,1790295187922000000,152086449329030,152086449330871,1790295188143435350,1000,1
3016,28342638941438,1790295187928096026,1790295187928000000,152086454329030,152086454331042,1790295188148435251,1000,1
3017,28342644226882,1790295187933910026,1790295187934000000,152086459329030,152086459331755,1790295188153435883,1000,1
3018,28342648266363,1790295187937901952,1790295187938000000,152086464329030,152086464330776,1790295188158434945,1000,1
3019,28342652345697,1790295187941902434,1790295187942000000,152086469329030,152086469332450,1790295188163436649,1000,1
3020,28342658275512,1790295187947889360,1790295187948000000,152086474329030,152086474331369,1790295188168435888,1000,1
3021,28342664296956,1790295187953903063,1790295187954000000,152086479329030,152086479332302,1790295188173436460,1000,1
3022,28342668226919,1790295187957908434,1790295187958000000,152086484329030,152086484331862,1790295188178436391,1000,1
3023,28342672202549,1790295187961814730,1790295187962000000,152086489329030,152086489330983,1790295188183435112,1000,1
3024,28342680234549,1790295187969894323,1790295187970000000,152086494329030,152086494332046,1790295188188436265,1000,1
3025,28342684182660,1790295187973044767,1790295187974000000,152086499329030,152086499331616,1790295188193435745,1000,1
3026,28342688295178,1790295187977901360,1790295187978000000,152086504329030,152086504330986,1790295188198434534,1000,1
3027,28342692281104,1790295187981894360,1790295187982000000,152086509329030,152086509330556,1790295188203434755,1000,1
3028,28342700254252,1790295187989895026,1790295187990000000,152086514329030,152086514329546,1790295188208432563,1000,1
3029,28342702703586,1790295187992334841,1790295187992000000,152086519329030,152086519332033,1790295188213436372,1000,1
3030,28342708334586,1790295187997903619,1790295187998000000,152086524329030,152086524332084,1790295188218436323,1000,1
3031,28342712245623,1790295188001901952,1790295188002000000,152086529329030,152086529331364,1790295188223436113,1000,1
3032,28342717835845,1790295188007455471,1790295188007000000,152086534329030,152086534330643,1790295188228434772,1000,1
3033,28342724201845,1790295188013894915,1790295188014000000,152086539329030,152086539330876,1790295188233435626,1000,1
3034,28342728441956,1790295188018049508,1790295188018000000,152086544329030,152086544331398,1790295188238435607,1000,1
3035,28342732288993,1790295188021901915,1790295188022000000,152086549329030,152086549331620,1790295188243436109,1000,1
3036,28342739310400,1790295188028995397,1790295188029000000,152086554329030,152086554331450,1790295188248435659,1000,1
3037,28342744222697,1790295188033894730,1790295188034000000,152086559329030,152086559332052,1790295188253436291,1000,1
3038,28342748196363,1790295188037887211,1790295188038000000,152086564329030,152086564330993,1790295188258434581,1000,1
3039,28342752311771,1790295188041912693,1790295188042000000,152086569329030,152086569331425,1790295188263435523,1000,1
3040,28342757556067,1790295188047219323,1790295188047000000,152086574329030,152086574330905,1790295188268435033,1000,1
3041,28342762166030,1790295188051728545,1790295188052000000,152086579329030,152086579332008,1790295188273436166,1000,1
3042,28342768250808,1790295188057889915,1790295188058000000,152086584329030,152086584331117,1790295188278436017,1000,1
3043,28342773355326,1790295188062856767,1790295188063000000,152086589329030,152086589330599,1790295188283435018,1000,1
3044,28342780303067,1790295188069893619,1790295188070000000,152086594329030,152086594331692,1790295188288435901,1000,1
3045,28342784261215,1790295188073889619,1790295188074000000,152086599329030,152086599331844,1790295188293436333,1000,1
3046,28342788242326,1790295188077903137,1790295188078000000,152086604329030,152086604331895,1790295188298436163,1000,1
3047,28342795673178,1790295188085340471,1790295188085000000,152086609329030,152086609331595,1790295188303435994,1000,1
3048,28342800321215,1790295188089911656,1790295188090000000,152086614329030,152086614331506,1790295188308435985,1000,1
3049,28342804238215,1790295188093893545,1790295188094000000,152086619329030,152086619332049,1790295188313436548,1000,1
3050,28342807849437,1790295188097016397,1790295188097000000,152086624329030,152086624331328,1790295188318436108,1000,1
3051,28342812215586,1790295188101906174,1790295188102000000,152086629329030,152086629331500,1790295188323435959,1000,1
3052,28342816981882,1790295188106689915,1790295188106000000,152086634329030,152086634331180,1790295188328435840,1000,1
3053,28342824326289,1790295188113912434,1790295188114000000,152086639329030,152086639329740,1790295188333432876,1000,1
3054,28342828250141,1790295188117892508,1790295188118000000,152086644329030,152086644329811,1790295188338432898,1000,1
3055,28342832257178,1790295188121896619,1790295188122000000,152086649329030,152086649330784,1790295188343434522,1000,1
3056,28342840183437,1790295188129884693,1790295188130000000,152086654329030,152086654330905,1790295188348434643,1000,1
3057,28342844333697,1790295188133898174,1790295188134000000,152086659329030,152086659331577,1790295188353436097,1000,1
3058,28342848249178,1790295188137908063,1790295188138000000,152086664329030,152086664330759,1790295188358435007,1000,1
3059,28342852265326,1790295188141658989,1790295188142000000,152086669329030,152086669330800,1790295188363434608,1000,1
3060,28342858643845,1790295188148292656,1790295188148000000,152086674329030,152086674330941,1790295188368434568,1000,1
3061,28342863152660,1790295188152833841,1790295188153000000,152086679329030,152086679331683,1790295188373435862,1000,1
3062,28342868320734,1790295188157895545,1790295188158000000,152086684329030,152086684331183,1790295188378436414,1000,1
3063,28342872305178,1790295188161917285,1790295188162000000,152086689329030,152086689330996,1790295188383434573,1000,1
3064,28342880297363,1790295188169893174,1790295188170000000,152086694329030,152086694331958,1790295188388436127,1000,1
3065,28342884182511,1790295188173901767,1790295188174000000,152086699329030,152086699332010,1790295188393436148,1000,1
3066,28342888347734,1790295188177906100,1790295188178000000,152086704329030,152086704331880,1790295188398436119,1000,1
3067,28342892253289,1790295188181891767,1790295188182000000,152086709329030,152086709330479,1790295188403434697,1000,1
3068,28342897332697,1790295188186842730,1790295188187000000,152086714329030,152086714331762,1790295188408436231,1000,1
3069,28342904239215,1790295188193893026,1790295188194000000,152086719329030,152086719331755,1790295188413436224,1000,1
3070,28342907948697,1790295188197581730,1790295188197000000,152086724329030,152086724332497,1790295188418436736,1000,1
3071,28342916377511,1790295188205905582,1790295188206000000,152086729329030,152086729331507,1790295188423436036,1000,1
3072,28342919712141,1790295188209150878,1790295188209000000,152086734329030,152086734331768,1790295188428435937,1000,1
3073,28342924272734,1790295188213890508,1790295188214000000,152086739329030,152086739329755,1790295188433433253,1000,1
3074,28342928169808,1790295188217886767,1790295188218000000,152086744329030,152086744330267,1790295188438434786,1000,1
3075,28342932380993,1790295188221902434,1790295188222000000,152086749329030,152086749329727,1790295188443432744,1000,1
3076,28342940313363,1790295188229896619,1790295188230000000,152086754329030,152086754329728,1790295188448432744,1000,1
3077,28342944280697,1790295188233897322,1790295188234000000,152086759329030,152086759329639,1790295188453432655,1000,1
3078,28342947860882,1790295188237567063,1790295188237000000,152086764329030,152086764329652,1790295188458432798,1000,1
3079,28342952169734,1790295188241885248,1790295188242000000,152086769329030,152086769329763,1790295188463432779,1000,1
3080,28342958924178,1790295188248512508,1790295188248000000,152086774329030,152086774330655,1790295188468434844,1000,1
3081,28342964334141,1790295188253898878,1790295188254000000,152086779329030,152086779330927,1790295188473435837,1000,1
3082,28342968236956,1790295188257896434,1790295188258000000,152086784329030,152086784331629,1790295188478435838,1000,1
3083,28342972211326,1790295188261887434,1790295188262000000,152086789329030,152086789331821,1790295188483436230,1000,1
3084,28342980368660,1790295188269896397,1790295188270000000,152086794329030,152086794331572,1790295188488436132,1000,1
3085,28342984272660,1790295188273905952,1790295188274000000,152086799329030,152086799331934,1790295188493436093,1000,1
3086,28342987919326,1790295188277532619,1790295188277000000,152086804329030,152086804331584,1790295188498436364,1000,1
3087,28342992202289,1790295188281890359,1790295188282000000,152086809329030,152086809332066,1790295188503436225,1000,1
3088,28342999405771,1790295188288106100,1790295188289000000,152086814329030,152086814332037,1790295188508436156,1000,1
3089,28343004381067,1790295188293903397,1790295188294000000,152086819329030,152086819330356,1790295188513434475,1000,1
3090,28343008265067,1790295188297899285,1790295188298000000,152086824329030,152086824331589,1790295188518435708,1000,1
3091,28343012299845,1790295188301897100,1790295188302000000,152086829329030,152086829331821,1790295188523436330,1000,1
3092,28343020247363,1790295188309889322,1790295188310000000,152086834329030,152086834330800,1790295188528435139,1000,1
3093,28343024336474,1790295188313907285,1790295188314000000,152086839329030,152086839331813,1790295188533435991,1000,1
3094,28343028333919,1790295188317894359,1790295188318000000,152086844329030,152086844331245,1790295188538435995,1000,1
3095,28343033060178,1790295188322660582,1790295188322000000,152086849329030,152086849331376,1790295188543434893,1000,1
3096,28343040192697,1790295188329890211,1790295188330000000,152086854329030,152086854331698,1790295188548435816,1000,1
3097,28343042799734,1790295188332460508,1790295188332000000,152086859329030,152086859331518,1790295188553435977,1000,1
3098,28343048328511,1790295188337900063,1790295188338000000,152086864329030,152086864329798,1790295188558433265,1000,1
3099,28343052334697,1790295188341892434,1790295188342000000,152086869329030,152086869329568,1790295188563432585,1000,1
3100,28343060293919,1790295188349894508,1790295188350000000,152086874329030,152086874329569,1790295188568432586,1000,1
3101,28343064187141,1790295188353884322,1790295188354000000,152086879329030,152086879329740,1790295188573432757,1000,1
3102,28343068375585,1790295188357903656,1790295188358000000,152086884329030,152086884329661,1790295188578432678,1000,1
3103,28343076339771,1790295188365928396,1790295188366000000,152086889329030,152086889329673,1790295188583432689,1000,1
3104,28343080310548,1790295188369897100,1790295188370000000,152086894329030,152086894330857,1790295188588434896,1000,1
3105,28343084186585,1790295188373889211,1790295188374000000,152086899329030,152086899332010,1790295188593436249,1000,1
3106,28343087211289,1790295188376869471,1790295188377000000,152086904329030,152086904331130,1790295188598435238,1000,1
3107,28343092332400,1790295188381902396,1790295188382000000,152086909329030,152086909331722,1790295188603436211,1000,1
3108,28343099394141,1790295188389001545,1790295188389000000,152086914329030,152086914330562,1790295188608434470,1000,1
3109,28343104258734,1790295188393901952,1790295188394000000,152086919329030,152086919331625,1790295188613435854,1000,1
3110,28343108163548,1790295188397890841,1790295188398000000,152086924329030,152086924331857,1790295188618436326,1000,1
3111,28343112386548,1790295188401935841,1790295188402000000,152086929329030,152086929331527,1790295188623436016,1000,1
3112,28343120255808,1790295188409898322,1790295188410000000,152086934329030,152086934330737,1790295188628434905,1000,1
3113,28343122029067,1790295188411630915,1790295188411000000,152086939329030,152086939330869,1790295188633434417,1000,1
3114,28343128230808,1790295188417897174,1790295188418000000,152086944329030,152086944330920,1790295188638434929,1000,1
3115,28343132193215,1790295188421886211,1790295188422000000,152086949329030,152086949332054,1790295188643436453,1000,1
3116,28343137408326,1790295188426988322,1790295188427000000,152086954329030,152086954331554,1790295188648435782,1000,1
3117,28343144594882,1790295188433895767,1790295188434000000,152086959329030,152086959331915,1790295188653436064,1000,1
3118,28343148230585,1790295188437904433,1790295188438000000,152086964329030,152086964330454,1790295188658434402,1000,1
3119,28343152163067,1790295188441894841,1790295188442000000,152086969329030,152086969331879,1790295188663436148,1000,1
3120,28343159318178,1790295188448912100,1790295188449000000,152086974329030,152086974331950,1790295188668436109,1000,1
3121,28343164239956,1790295188453900063,1790295188454000000,152086979329030,152086979330979,1790295188673434527,1000,1
3122,28343167939696,1790295188456977545,1790295188457000000,152086984329030,152086984331581,1790295188678435680,1000,1
3123,28343172282956,1790295188461906508,1790295188462000000,152086989329030,152086989331473,1790295188683435641,1000,1
3124,28343179043289,1790295188467987285,1790295188468000000,152086994329030,152086994332106,1790295188688436285,1000,1
3125,28343182435437,1790295188472078100,1790295188472000000,152086999329030,152086999331456,1790295188693436205,1000,1
3126,28343187410548,1790295188477097989,1790295188477000000,152087004329030,152087004330805,1790295188698434323,1000,1
3127,28343192363474,1790295188481902174,1790295188482000000,152087009329030,152087009331608,1790295188703435776,1000,1
3128,28343200319437,1790295188489911248,1790295188490000000,152087014329030,152087014331499,1790295188708435737,1000,1
3129,28343204258808,1790295188493894767,1790295188494000000,152087019329030,152087019331611,1790295188713436090,1000,1
3130,28343208212622,1790295188497893322,1790295188498000000,152087024329030,152087024330179,1790295188718434568,1000,1
3131,28343214864289,1790295188504385767,1790295188504000000,152087029329030,152087029329709,1790295188723433086,1000,1
3132,28343220294437,1790295188509891878,1790295188510000000,152087034329030,152087034329620,1790295188728432646,1000,1
3133,28343223391659,1790295188512997915,1790295188513000000,152087039329030,152087039329712,1790295188733432739,1000,1
3134,28343228223215,1790295188517897915,1790295188518000000,152087044329030,152087044330956,1790295188738434534,1000,1
3135,28343232142437,1790295188521886211,1790295188522000000,152087049329030,152087049332059,1790295188743436338,1000,1
3136,28343240365215,1790295188529898619,1790295188530000000,152087054329030,152087054331800,1790295188748436079,1000,1
3137,28343244251659,1790295188533889804,1790295188534000000,152087059329030,152087059331480,1790295188753436080,1000,1
3138,28343248256363,1790295188537904100,1790295188538000000,152087064329030,152087064331441,1790295188758436351,1000,1
3139,28343252163696,1790295188541890211,1790295188542000000,152087069329030,152087069330853,1790295188763434821,1000,1
3140,28343257950993,1790295188546888989,1790295188547000000,152087074329030,152087074332086,1790295188768436265,1000,1
3141,28343264315771,1790295188553898841,1790295188554000000,152087079329030,152087079332297,1790295188773436536,1000,1
3142,28343269093252,1790295188558046396,1790295188558000000,152087084329030,152087084331086,1790295188778435866,1000,1
3143,28343272236993,1790295188561905470,1790295188562000000,152087089329030,152087089331999,1790295188783436147,1000,1
3144,28343280178622,1790295188569082656,1790295188570000000,152087094329030,152087094331421,1790295188788436221,1000,1
3145,28343284318141,1790295188573910433,1790295188574000000,152087099329030,152087099331642,1790295188793436101,1000,1
3146,28343288237178,1790295188577897619,1790295188578000000,152087104329030,152087104331663,1790295188798435912,1000,1
3147,28343292239585,1790295188581895470,1790295188582000000,152087109329030,152087109331093,1790295188803435522,1000,1
3148,28343300164178,1790295188589885582,1790295188590000000,152087114329030,152087114331385,1790295188808435864,1000,1
3149,28343303062289,1790295188591870026,1790295188592000000,152087119329030,152087119331368,1790295188813436167,1000,1
3150,28343308287215,1790295188597912322,1790295188598000000,152087124329030,152087124331479,1790295188818435688,1000,1
3151,28343312260622,1790295188601893470,1790295188602000000,152087129329030,152087129332061,1790295188823436189,1000,1
3152,28343320241104,1790295188609895026,1790295188610000000,152087134329030,152087134331411,1790295188828436210,1000,1
3153,28343324201289,1790295188613889100,1790295188614000000,152087139329030,152087139331632,1790295188833436091,1000,1
3154,28343328326326,1790295188617904359,1790295188618000000,152087144329030,152087144331573,1790295188838435822,1000,1
3155,28343332247474,1790295188621907952,1790295188622000000,152087149329030,152087149331824,1790295188843435963,1000,1
3156,28343340237511,1790295188629889433,1790295188630000000,152087154329030,152087154330573,1790295188848434431,1000,1
3157,28343344191363,1790295188633891730,1790295188634000000,152087159329030,152087159331906,1790295188853436366,1000,1
3158,28343348340437,1790295188637905915,1790295188638000000,152087164329030,152087164330906,1790295188858435385,1000,1
3159,28343356281104,1790295188645902063,1790295188646000000,152087169329030,152087169331500,1790295188863435789,1000,1
3160,28343358584474,1790295188648003359,1790295188648000000,152087174329030,152087174534335,1790295188868637792,1000,1
3161,28343364216733,1790295188653889100,1790295188654000000,152087179329030,152087179330921,1790295188873434829,1000,1
3162,28343368155993,1790295188657882952,1790295188658000000,152087184329030,152087184331533,1790295188878435691,1000,1
3163,28343372351474,1790295188661917322,1790295188662000000,152087189329030,152087189331013,1790295188883436113,1000,1
3164,28343380316807,1790295188669897544,1790295188670000000,152087194329030,152087194331085,1790295188888434603,1000,1
3165,28343384245622,1790295188673904619,1790295188674000000,152087199329030,152087199331738,1790295188893435936,1000,1
3166,28343388173622,1790295188677897693,1790295188678000000,152087204329030,152087204332029,1790295188898436188,1000,1
3167,28343392344141,1790295188681707841,1790295188682000000,152087209329030,152087209330888,1790295188903435998,1000,1
3168,28343400296845,1790295188689898396,1790295188690000000,152087214329030,152087214331881,1790295188908436070,1000,1
3169,28343403182585,1790295188692850952,1790295188693000000,152087219329030,152087219332024,1790295188913436263,1000,1
3170,28343408241030,1790295188697895359,1790295188698000000,152087224329030,152087224332336,1790295188918436615,1000,1
3171,28343412195474,1790295188701889730,1790295188702000000,152087229329030,152087229331976,1790295188923436115,1000,1
3172,28343419601696,1790295188709139359,1790295188709000000,152087234329030,152087234331216,1790295188928435444,1000,1
3173,28343424234956,1790295188713893878,1790295188714000000,152087239329030,152087239331898,1790295188933436087,1000,1
3174,28343428230622,1790295188717892767,1790295188718000000,152087244329030,152087244331428,1790295188938435977,1000,1
3175,28343432157882,1790295188721883841,1790295188722000000,152087249329030,152087249331409,1790295188943435888,1000,1
3176,28343438270363,1790295188727104470,1790295188728000000,152087254329030,152087254330678,1790295188948435629,1000,1
3177,28343444268956,1790295188733899026,1790295188734000000,152087259329030,152087259331521,1790295188953436241,1000,1
3178,28343448420400,1790295188738028137,1790295188738000000,152087264329030,152087264330871,1790295188958435681,1000,1
3179,28343452226104,1790295188741894322,1790295188742000000,152087269329030,152087269330493,1790295188963435112,1000,1
3180,28343459566289,1790295188749088470,1790295188749000000,152087274329030,152087274331776,1790295188968435945,1000,1
3181,28343464356215,1790295188753897989,1790295188754000000,152087279329030,152087279331366,1790295188973435765,1000,1
3182,28343468267067,1790295188757893915,1790295188758000000,152087284329030,152087284331187,1790295188978435987,1000,1
3183,28343472253030,1790295188761903618,1790295188762000000,152087289329030,152087289331599,1790295188983436018,1000,1
3184,28343480216919,1790295188769886952,1790295188770000000,152087294329030,152087294331402,1790295188988436162,1000,1
3185,28343482222659,1790295188771706433,1790295188772000000,152087299329030,152087299332014,1790295188993436193,1000,1
3186,28343488320511,1790295188777898804,1790295188778000000,152087304329030,152087304331163,1790295188998435492,1000,1
3187,28343492236956,1790295188781892618,1790295188782000000,152087309329030,152087309331695,1790295189003436164,1000,1
3188,28343500237030,1790295188789888470,1790295188790000000,152087314329030,152087314330945,1790295189008434452,1000,1
3189,28343504156585,1790295188793882211,1790295188794000000,152087319329030,152087319330876,1790295189013435445,1000,1
3190,28343508390733,1790295188797913804,1790295188798000000,152087324329030,152087324329635,1790295189018432661,1000,1
3191,28343512256659,1790295188801893878,1790295188802000000,152087329329030,152087329331539,1790295189023435708,1000,1
3192,28343520293807,1790295188809905174,1790295188810000000,152087334329030,152087334331951,1790295189028436490,1000,1
3193,28343524166252,1790295188813886915,1790295188814000000,152087339329030,152087339331411,1790295189033434928,1000,1
3194,28343527199807,1790295188816705544,1790295188817000000,152087344329030,152087344331542,1790295189038435721,1000,1
3196,28343538286474,1790295188827764989,1790295188828000000,152087354329030,152087354330554,1790295189048434833,1000,1
3197,28343544258548,1790295188833895507,1790295188834000000,152087359329030,152087359330084,1790295189053434143,1000,1
3198,28343548182696,1790295188837894692,1790295188838000000,152087364329030,152087364329645,1790295189058432671,1000,1
3199,28343552395881,1790295188841899767,1790295188842000000,152087369329030,152087369329938,1790295189063433155,1000,1
3200,28343559938548,1790295188849532174,1790295188849000000,152087374329030,152087374330059,1790295189068433246,1000,1
3201,28343564278067,1790295188853900470,1790295188854000000,152087379329030,152087379330010,1790295189073433187,1000,1
3202,28343568247474,1790295188857911026,1790295188858000000,152087384329030,152087384330913,1790295189078434490,1000,1
3203,28343572288141,1790295188861767100,1790295188862000000,152087389329030,152087389331445,1790295189083435984,1000,1
3204,28343580378178,1790295188869902137,1790295188870000000,152087394329030,152087394331057,1790295189088435566,1000,1
3205,28343583475030,1790295188872848989,1790295188873000000,152087399329030,152087399331148,1790295189093435637,1000,1
3206,28343588370622,1790295188877884248,1790295188878000000,152087404329030,152087404332461,1790295189098436640,1000,1
3207,28343592321881,1790295188881898359,1790295188882000000,152087409329030,152087409331550,1790295189103436020,1000,1
3208,28343600340622,1790295188889900174,1790295188890000000,152087414329030,152087414331401,1790295189108435630,1000,1
3209,28343604329067,1790295188893898396,1790295188894000000,152087419329030,152087419331765,1790295189113435904,1000,1
3210,28343608257363,1790295188897905729,1790295188898000000,152087424329030,152087424331245,1790295189118435754,1000,1
3211,28343616199585,1790295188905890544,1790295188906000000,152087429329030,152087429331587,1790295189123436066,1000,1
3212,28343618191363,1790295188907763692,1790295188908000000,152087434329030,152087434330886,1790295189128435185,1000,1
3213,28343624307400,1790295188913900655,1790295188914000000,152087439329030,152087439332120,1790295189133436278,1000,1
3214,28343628262215,1790295188917905026,1790295188918000000,152087444329030,152087444332040,1790295189138436229,1000,1
3215,28343632276030,1790295188921900618,1790295188922000000,152087449329030,152087449331621,1790295189143435709,1000,1
3216,28343640070511,1790295188929131841,1790295188929000000,152087454329030,152087454330389,1790295189148434608,1000,1
3217,28343644235178,1790295188933889470,1790295188934000000,152087459329030,152087459329739,1790295189153432765,1000,1
3218,28343648203881,1790295188937891137,1790295188938000000,152087464329030,152087464331365,1790295189158435543,1000,1
3219,28343652351215,1790295188941901396,1790295188942000000,152087469329030,152087469331777,1790295189163436276,1000,1
3220,28343660354215,1790295188949905396,1790295188950000000,152087474329030,152087474332208,1790295189168436327,1000,1
3221,28343664286104,1790295188953899026,1790295188954000000,152087479329030,152087479332109,1790295189173436218,1000,1
3222,28343672214030,1790295188961890359,1790295188962000000,152087484329030,152087484331820,1790295189178436028,1000,1
3223,28343675851992,1790295188965430322,1790295188965000000,152087489329030,152087489331151,1790295189183435641,1000,1
3224,28343680276881,1790295188969897655,1790295188970000000,152087494329030,152087494331904,1790295189188436173,1000,1
3225,28343684241770,1790295188973894507,1790295188974000000,152087499329030,152087499331544,1790295189193435763,1000,1
3226,28343688260807,1790295188977897729,1790295188978000000,152087504329030,152087504331415,1790295189198434912,1000,1
3227,28343692176030,1790295188981893248,1790295188982000000,152087509329030,152087509331216,1790295189203435855,1000,1
3228,28343700315881,1790295188989896470,1790295188990000000,152087514329030,152087514331789,1790295189208436028,1000,1
3229,28343704250400,1790295188993894063,1790295188994000000,152087519329030,152087519332201,1790295189213436389,1000,1
3230,28343707992733,1790295188997623137,1790295188997000000,152087524329030,152087524332111,1790295189218436490,1000,1
3231,28343712216992,1790295189001891729,1790295189002000000,152087529329030,152087529331742,1790295189223436231,1000,1
3232,28343718597363,1790295189008103544,1790295189008000000,152087534329030,152087534331853,1790295189228436012,1000,1
3233,28343724299215,1790295189013906989,1790295189014000000,152087539329030,152087539331976,1790295189233436175,1000,1
3234,28343728258104,1790295189017896618,1790295189018000000,152087544329030,152087544331556,1790295189238436046,1000,1
3235,28343732256844,1790295189021895803,1790295189022000000,152087549329030,152087549332078,1790295189243436257,1000,1
3236,28343737386215,1790295189027081174,1790295189027000000,152087554329030,152087554331298,1790295189248435497,1000,1
3237,28343744328770,1790295189033904655,1790295189034000000,152087559329030,152087559332231,1790295189253436439,1000,1
3238,28343748265770,1790295189037901248,1790295189038000000,152087564329030,152087564330979,1790295189258435158,1000,1
3239,28343752150252,1790295189041714989,1790295189042000000,152087569329030,152087569332032,1790295189263436241,1000,1
3240,28343760301474,1790295189049896952,1790295189050000000,152087574329030,152087574331502,1790295189268435991,1000,1
3241,28343763232474,1790295189052860952,1790295189053000000,152087579329030,152087579330682,1790295189273434600,1000,1
3242,28343768211992,1790295189057894322,1790295189058000000,152087584329030,152087584331003,1790295189278435072,1000,1
3243,28343774546622,1790295189064138433,1790295189064000000,152087589329030,152087589331978,1790295189283436147,1000,1
3244,28343780396881,1790295189069911878,1790295189070000000,152087594329030,152087594331598,1790295189288436098,1000,1
3245,28343784270918,1790295189073894803,1790295189074000000,152087599329030,152087599329686,1790295189293432702,1000,1
3246,28343788272511,1790295189077902100,1790295189078000000,152087604329030,152087604331550,1790295189298435699,1000,1
3247,28343792170881,1790295189081885952,1790295189082000000,152087609329030,152087609331391,1790295189303435851,1000,1
3248,28343797045548,1790295189086657692,1790295189086000000,152087614329030,152087614331695,1790295189308436004,1000,1
3249,28343804333585,1790295189093912989,1790295189094000000,152087619329030,152087619331345,1790295189313435865,1000,1
3250,28343808345326,1790295189097843766,1790295189098000000,152087624329030,152087624331036,1790295189318436306,1000,1
3251,28343812255918,1790295189101906915,1790295189102000000,152087629329030,152087629332289,1790295189323436508,1000,1
3252,28343820162585,1790295189109083655,1790295189110000000,152087634329030,152087634331970,1790295189328436198,1000,1
3253,28343824363696,1790295189113913248,1790295189114000000,152087639329030,152087639332041,1790295189333436350,1000,1
3254,28343828235733,1790295189117891952,1790295189118000000,152087644329030,152087644332243,1790295189338436662,1000,1
3255,28343832286474,1790295189121893952,1790295189122000000,152087649329030,152087649330911,1790295189343435400,1000,1
3256,28343837169659,1790295189126796952,1790295189127000000,152087654329030,152087654332064,1790295189348436323,1000,1
3257,28343842896844,1790295189131846803,1790295189132000000,152087659329030,152087659332047,1790295189353436225,1000,1
3258,28343848363881,1790295189137913174,1790295189138000000,152087664329030,152087664331447,1790295189358435605,1000,1
3259,28343852314659,1790295189141898952,1790295189142000000,152087669329030,152087669331508,1790295189363435987,1000,1
3260,28343860318955,1790295189149901507,1790295189150000000,152087674329030,152087674331048,1790295189368434565,1000,1
3261,28343864621844,1790295189153905396,1790295189154000000,152087679329030,152087679332111,1790295189373437011,1000,1
3262,28343868534215,1790295189157921507,1790295189158000000,152087684329030,152087684331893,1790295189378436062,1000,1
3263,28343872286696,1790295189161898248,1790295189162000000,152087689329030,152087689331163,1790295189383435412,1000,1
3264,28343877058215,1790295189166689174,1790295189166000000,152087694329030,152087694331585,1790295189388435853,1000,1
3265,28343884222770,1790295189173889100,1790295189174000000,152087699329030,152087699331385,1790295189393435564,1000,1
3266,28343887949585,1790295189177520285,1790295189177000000,152087704329030,152087704331036,1790295189398435224,1000,1
3267,28343892297807,1790295189181901729,1790295189182000000,152087709329030,152087709331770,1790295189403436259,1000,1
3268,28343898610733,1790295189188214989,1790295189188000000,152087714329030,152087714332042,1790295189408436260,1000,1
3269,28343904226326,1790295189193890952,1790295189194000000,152087719329030,152087719331502,1790295189413436001,1000,1
3270,28343908163511,1790295189197885026,1790295189198000000,152087724329030,152087724332384,1790295189418436603,1000,1
3271,28343912350066,1790295189201901174,1790295189202000000,152087729329030,152087729332505,1790295189423436784,1000,1
3272,28343920261659,1790295189209894914,1790295189210000000,152087734329030,152087734331998,1790295189428436236,1000,1
3273,28343924249511,1790295189213896989,1790295189214000000,152087739329030,152087739329714,1790295189433433192,1000,1
3274,28343928185029,1790295189217892248,1790295189218000000,152087744329030,152087744329795,1790295189438433182,1000,1
3275,28343932142289,1790295189221718174,1790295189222000000,152087749329030,152087749329556,1790295189443432582,1000,1
3276,28343937537215,1790295189227133914,1790295189227000000,152087754329030,152087754329698,1790295189448432714,1000,1
3277,28343943231252,1790295189232843100,1790295189233000000,152087759329030,152087759329690,1790295189453432706,1000,1
3278,28343948243807,1790295189237892766,1790295189238000000,152087764329030,152087764329751,1790295189458432767,1000,1
3279,28343952169400,1790295189241889433,1790295189242000000,152087769329030,152087769329481,1790295189463432508,1000,1
3280,28343960347140,1790295189249898470,1790295189250000000,152087774329030,152087774329672,1790295189468432689,1000,1
3281,28343964332770,1790295189253906914,1790295189254000000,152087779329030,152087779329645,1790295189473432661,1000,1
3282,28343968244289,1790295189257894211,1790295189258000000,152087784329030,152087784329566,1790295189478432592,1000,1
3283,28343972163844,1790295189261887729,1790295189262000000,152087789329030,152087789329767,1790295189483432784,1000,1
3284,28343976949177,1790295189266577100,1790295189266000000,152087794329030,152087794329588,1790295189488432614,1000,1
3285,28343984363029,1790295189273902100,1790295189274000000,152087799329030,152087799331272,1790295189493434819,1000,1
3286,28343988276326,1790295189277901618,1790295189278000000,152087804329030,152087804331624,1790295189498435953,1000,1
3287,28343992264548,1790295189281894137,1790295189282000000,152087809329030,152087809331446,1790295189503435986,1000,1
3288,28343999524622,1790295189289073470,1790295189289000000,152087814329030,152087814331357,1790295189508435666,1000,1
3289,28344003540029,1790295189293091729,1790295189293000000,152087819329030,152087819330827,1790295189513434986,1000,1
3290,28344008313992,1790295189297909063,1790295189298000000,152087824329030,152087824331870,1790295189518436059,1000,1
3291,28344012241177,1790295189301895840,1790295189302000000,152087829329030,152087829332382,1790295189523436651,1000,1
3292,28344020180844,1790295189309886803,1790295189310000000,152087834329030,152087834330511,1790295189528434519,1000,1
3293,28344024341807,1790295189313904544,1790295189314000000,152087839329030,152087839332085,1790295189533436324,1000,1
3294,28344028266622,1790295189317900655,1790295189318000000,152087844329030,152087844332016,1790295189538436235,1000,1
3295,28344032270696,1790295189321897322,1790295189322000000,152087849329030,152087849331736,1790295189543435935,1000,1
3296,28344039089252,1790295189328735877,1790295189328000000,152087854329030,152087854331387,1790295189548435625,1000,1
3297,28344044269807,1790295189333904914,1790295189334000000,152087859329030,152087859330697,1790295189553434575,1000,1
3298,28344048319844,1790295189337908433,1790295189338000000,152087864329030,152087864331089,1790295189558434686,1000,1
3299,28344052259955,1790295189341913729,1790295189342000000,152087869329030,152087869329737,1790295189563432754,1000,1
3300,28344060263326,1790295189349888211,1790295189350000000,152087874329030,152087874330700,1790295189568434688,1000,1
3301,28344064193363,1790295189353899248,1790295189354000000,152087879329030,152087879331704,1790295189573435863,1000,1
3302,28344068391807,1790295189357903285,1790295189358000000,152087884329030,152087884331275,1790295189578435784,1000,1
3303,28344072299955,1790295189361907507,1790295189362000000,152087889329030,152087889332057,1790295189583436226,1000,1
3304,28344078298585,1790295189367902100,1790295189368000000,152087894329030,152087894332098,1790295189588436628,1000,1
3305,28344084245140,1790295189373890581,1790295189374000000,152087899329030,152087899331829,1790295189593436098,1000,1
3306,28344088268918,1790295189377885322,1790295189378000000,152087904329030,152087904331872,1790295189598436060,1000,1
3307,28344092326770,1790295189381898026,1790295189382000000,152087909329030,152087909331642,1790295189603435761,1000,1
3308,28344100278474,1790295189389909174,1790295189390000000,152087914329030,152087914330551,1790295189608434068,1000,1
3309,28344104283437,1790295189393904137,1790295189394000000,152087919329030,152087919332085,1790295189613436284,1000,1
3310,28344108174214,1790295189397891803,1790295189398000000,152087924329030,152087924332386,1790295189618436625,1000,1
3311,28344113002177,1790295189401870951,1790295189402000000,152087929329030,152087929330866,1790295189623435937,1000,1
3312,28344120241140,1790295189409893692,1790295189410000000,152087934329030,152087934331679,1790295189628436028,1000,1
3313,28344123503622,1790295189413112692,1790295189413000000,152087939329030,152087939330908,1790295189633434806,1000,1
3314,28344128319659,1790295189417909766,1790295189418000000,152087944329030,152087944331921,1790295189638436110,1000,1
3315,28344132266474,1790295189421898877,1790295189422000000,152087949329030,152087949331512,1790295189643435670,1000,1
3316,28344139308140,1790295189428940433,1790295189429000000,152087954329030,152087954330642,1790295189648434591,1000,1
3317,28344144163511,1790295189433886951,1790295189434000000,152087959329030,152087959331134,1790295189653434692,1000,1
3318,28344148330474,1790295189437918211,1790295189438000000,152087964329030,152087964331336,1790295189658435544,1000,1
3319,28344152280992,1790295189441915396,1790295189442000000,152087969329030,152087969331447,1790295189663435575,1000,1
3320,28344158004955,1790295189446848322,1790295189447000000,152087974329030,152087974332010,1790295189668436569,1000,1
3321,28344164228770,1790295189453901322,1790295189454000000,152087979329030,152087979330969,1790295189673434637,1000,1
3322,28344168164363,1790295189457845470,1790295189458000000,152087984329030,152087984329728,1790295189678432745,1000,1
3323,28344172369363,1790295189461916692,1790295189462000000,152087989329030,152087989331943,1790295189683436202,1000,1
3324,28344180109918,1790295189469006951,1790295189469000000,152087994329030,152087994331563,1790295189688436063,1000,1
3325,28344184257511,1790295189473910803,1790295189474000000,152087999329030,152087999331706,1790295189693435965,1000,1
3326,28344188186214,1790295189477885840,1790295189478000000,152088004329030,152088004330465,1790295189698433982,1000,1
3327,28344192333437,1790295189481898618,1790295189482000000,152088009329030,152088009332159,1790295189703436368,1000,1
3328,28344200254881,1790295189489891062,1790295189490000000,152088014329030,152088014330497,1790295189708434014,1000,1
3329,28344204255214,1790295189493899840,1790295189494000000,152088019329030,152088019332121,1790295189713436350,1000,1
3330,28344208186881,1790295189497893359,1790295189498000000,152088024329030,152088024330619,1790295189718434788,1000,1
3331,28344211727029,1790295189501444692,1790295189501000000,152088029329030,152088029329760,1790295189723432776,1000,1
3332,28344220344214,1790295189509913951,1790295189510000000,152088034329030,152088034329601,1790295189728432617,1000,1
3333,28344224349622,1790295189513912766,1790295189514000000,152088039329030,152088039329632,1790295189733432648,1000,1
3334,28344228239696,1790295189517898840,1790295189518000000,152088044329030,152088044329683,1790295189738432699,1000,1
3335,28344232222140,1790295189521891951,1790295189522000000,152088049329030,152088049329554,1790295189743432571,1000,1
3336,28344238803066,1790295189528340174,1790295189528000000,152088054329030,152088054329526,1790295189748432543,1000,1
3337,28344244309807,1790295189533908914,1790295189534000000,152088059329030,152088059329537,1790295189753432544,1000,1
3338,28344247167992,1790295189536800914,1790295189537000000,152088064329030,152088064330179,1790295189758433737,1000,1
3339,28344252291029,1790295189541898877,1790295189542000000,152088069329030,152088069331874,1790295189763436072,1000,1
3340,28344257277177,1790295189546832618,1790295189547000000,152088074329030,152088074331554,1790295189768435713,1000,1
3341,28344264371733,1790295189553914618,1790295189554000000,152088079329030,152088079331786,1790295189773436135,1000,1
3342,28344268323918,1790295189557905729,1790295189558000000,152088084329030,152088084331988,1790295189778436126,1000,1
3343,28344272269251,1790295189561891581,1790295189562000000,152088089329030,152088089331407,1790295189783435506,1000,1
3344,28344280292437,1790295189569899359,1790295189570000000,152088094329030,152088094331879,1790295189788436058,1000,1
3345,28344284350103,1790295189573913951,1790295189574000000,152088099329030,152088099331720,1790295189793435879,1000,1
3346,28344288313066,1790295189577907803,1790295189578000000,152088104329030,152088104331222,1790295189798435381,1000,1
3347,28344296267548,1790295189585889544,1790295189586000000,152088109329030,152088109331694,1790295189803436243,1000,1
3348,28344300204659,1790295189589886062,1790295189590000000,152088114329030,152088114331334,1790295189808435493,1000,1
3349,28344301959140,1790295189591645544,1790295189591000000,152088119329030,152088119332097,1790295189813436285,1000,1
3350,28344308345733,1790295189597894581,1790295189598000000,152088124329030,152088124332039,1790295189818436218,1000,1
3351,28344312282807,1790295189601892433,1790295189602000000,152088129329030,152088129331760,1790295189823435999,1000,1
3352,28344320260066,1790295189609888396,1790295189610000000,152088134329030,152088134331661,1790295189828435909,1000,1
3353,28344324203733,1790295189613887062,1790295189614000000,152088139329030,152088139331962,1790295189833436181,1000,1
3354,28344331982955,1790295189621510211,1790295189621000000,152088144329030,152088144331532,1790295189838436132,1000,1
3355,28344332523844,1790295189621898544,1790295189622000000,152088149329030,152088149330944,1790295189843435113,1000,1
3356,28344337959029,1790295189627579840,1790295189627000000,152088154329030,152088154331506,1790295189848435715,1000,1
3357,28344344218733,1790295189633889951,1790295189634000000,152088159329030,152088159331978,1790295189853436127,1000,1
3358,28344348339844,1790295189637840951,1790295189638000000,152088164329030,152088164330977,1790295189858435166,1000,1
3359,28344352307399,1790295189641901914,1790295189642000000,152088169329030,152088169330948,1790295189863434556,1000,1
3360,28344359701918,1790295189649191655,1790295189649000000,152088174329030,152088174329738,1790295189868432755,1000,1
3361,28344364232548,1790295189653890581,1790295189654000000,152088179329030,152088179330601,1790295189873434559,1000,1
3362,28344368200844,1790295189657896877,1790295189658000000,152088184329030,152088184331694,1790295189878435872,1000,1
3363,28344372331177,1790295189661905581,1790295189662000000,152088189329030,152088189331625,1790295189883436124,1000,1
3364,28344380264437,1790295189669896840,1790295189670000000,152088194329030,152088194331756,1790295189888436466,1000,1
3365,28344382847251,1790295189672477433,1790295189672000000,152088199329030,152088199331237,1790295189893435476,1000,1
3366,28344388203733,1790295189677893248,1790295189678000000,152088204329030,152088204331128,1790295189898435327,1000,1
3367,28344392310548,1790295189681899062,1790295189682000000,152088209329030,152088209330999,1790295189903435238,1000,1
3368,28344400360251,1790295189689899211,1790295189690000000,152088214329030,152088214331310,1790295189908435459,1000,1
3369,28344404581955,1790295189693895581,1790295189694000000,152088219329030,152088219331623,1790295189913435812,1000,1
3370,28344408259918,1790295189697895210,1790295189698000000,152088224329030,152088224331274,1790295189918435623,1000,1
3371,28344412203288,1790295189701900951,1790295189702000000,152088229329030,152088229331515,1790295189923435033,1000,1
3372,28344420312918,1790295189709899433,1790295189710000000,152088234329030,152088234331186,1790295189928434713,1000,1
3373,28344424272770,1790295189713910766,1790295189714000000,152088239329030,152088239330916,1790295189933434443,1000,1
3374,28344427845955,1790295189716812877,1790295189717000000,152088244329030,152088244331971,1790295189938436340,1000,1
3375,28344432207214,1790295189721890136,1790295189722000000,152088249329030,152088249331301,1790295189943435539,1000,1
3376,28344438390399,1790295189728005470,1790295189728000000,152088254329030,152088254330520,1790295189948434047,1000,1
3377,28344443583622,1790295189733138322,1790295189733000000,152088259329030,152088259331102,1790295189953435301,1000,1
3378,28344449041659,1790295189737796248,1790295189738000000,152088264329030,152088264331384,1790295189958435652,1000,1
3379,28344452256992,1790295189741906248,1790295189742000000,152088269329030,152088269331595,1790295189963436305,1000,1
3380,28344459787918,1790295189749474914,1790295189749000000,152088274329030,152088274330687,1790295189968434615,1000,1
3381,28344463181436,1790295189752731470,1790295189753000000,152088279329030,152088279329776,1790295189973432792,1000,1
3382,28344467891103,1790295189757407655,1790295189757000000,152088284329030,152088284331230,1790295189978435679,1000,1
3383,28344477280251,1790295189766864544,1790295189767000000,152088289329030,152088289331511,1790295189983435680,1000,1
3384,28344478701029,1790295189768016840,1790295189768000000,152088294329030,152088294332454,1790295189988436683,1000,1
3385,28344483325844,1790295189772852729,1790295189773000000,152088299329030,152088299331305,1790295189993435454,1000,1
3386,28344488295325,1790295189777906581,1790295189778000000,152088304329030,152088304331286,1790295189998435605,1000,1
3387,28344492083585,1790295189781679914,1790295189781000000,152088309329030,152088309332068,1790295190003436437,1000,1
3388,28344500367992,1790295189789915507,1790295189790000000,152088314329030,152088314331017,1790295190008435216,1000,1
3389,28344504302955,1790295189793896062,1790295189794000000,152088319329030,152088319331720,1790295190013435958,1000,1
3390,28344508252436,1790295189797893618,1790295189798000000,152088324329030,152088324331480,1790295190018435939,1000,1
3391,28344512218325,1790295189801896470,1790295189802000000,152088329329030,152088329331882,1790295190023436341,1000,1
3392,28344518039770,1790295189806965766,1790295189807000000,152088334329030,152088334331592,1790295190028435851,1000,1
3393,28344524290548,1790295189813909210,1790295189814000000,152088339329030,152088339331032,1790295190033435281,1000,1
3394,28344528527473,1790295189817918173,1790295189818000000,152088344329030,152088344332418,1790295190038436567,1000,1
3395,28344536291066,1790295189825905173,1790295189826000000,152088349329030,152088349331127,1790295190043435315,1000,1
3396,28344539403177,1790295189829077803,1790295189829000000,152088354329030,152088354331057,1790295190048435416,1000,1
3397,28344544371251,1790295189833902322,1790295189834000000,152088359329030,152088359331088,1790295190053434946,1000,1
3398,28344548275622,1790295189837908877,1790295189838000000,152088364329030,152088364331079,1790295190058435258,1000,1
3400,28344559436436,1790295189849069396,1790295189849000000,152088374329030,152088374330682,1790295190068434651,1000,1
3401,28344563135548,1790295189852675766,1790295189853000000,152088379329030,152088379332056,1790295190073436305,1000,1
3402,28344568330585,1790295189857902692,1790295189858000000,152088384329030,152088384331576,1790295190078435855,1000,1
3403,28344572261399,1790295189861909951,1790295189862000000,152088389329030,152088389331557,1790295190083435736,1000,1
3404,28344580249733,1790295189869895544,1790295189870000000,152088394329030,152088394332251,1790295190088436420,1000,1
3405,28344584362177,1790295189873903914,1790295189874000000,152088399329030,152088399331120,1790295190093435259,1000,1
3406,28344588345029,1790295189877909284,1790295189878000000,152088404329030,152088404331241,1790295190098435711,1000,1
3407,28344592324844,1790295189881903173,1790295189882000000,152088409329030,152088409331523,1790295190103435822,1000,1
3408,28344600286696,1790295189889892433,1790295189890000000,152088414329030,152088414331225,1790295190108435464,1000,1
3409,28344604179807,1790295189893889877,1790295189894000000,152088419329030,152088419331387,1790295190113435485,1000,1
3410,28344608362881,1790295189897912766,1790295189898000000,152088424329030,152088424330927,1790295190118436017,1000,1
3411,28344612240140,1790295189901899618,1790295189902000000,152088429329030,152088429331689,1790295190123435878,1000,1
3412,28344618356140,1790295189907985433,1790295189908000000,152088434329030,152088434331220,1790295190128435419,1000,1
3413,28344624350473,1790295189913897877,1790295189914000000,152088439329030,152088439330581,1790295190133434699,1000,1
3414,28344628274140,1790295189917899136,1790295189918000000,152088444329030,152088444332125,1790295190138436393,1000,1
3415,28344632294844,1790295189921907359,1790295189922000000,152088449329030,152088449330593,1790295190143434751,1000,1
3416,28344640232436,1790295189929889433,1790295189930000000,152088454329030,152088454331575,1790295190148435724,1000,1
3417,28344644311918,1790295189933912803,1790295189934000000,152088459329030,152088459332149,1790295190153436318,1000,1
3418,28344648328622,1790295189937897321,1790295189938000000,152088464329030,152088464330828,1790295190158434976,1000,1
3419,28344652291881,1790295189941900025,1790295189942000000,152088469329030,152088469331129,1790295190163435268,1000,1
3420,28344660209362,1790295189949892544,1790295189950000000,152088474329030,152088474330639,1790295190168434497,1000,1
3421,28344663524770,1790295189952843396,1790295189953000000,152088479329030,152088479331622,1790295190173435811,1000,1
3422,28344668362881,1790295189957916655,1790295189958000000,152088484329030,152088484331364,1790295190178435713,1000,1
3423,28344672373770,1790295189961908025,1790295189962000000,152088489329030,152088489331886,1790295190183436055,1000,1
3424,28344680406807,1790295189969912729,1790295189970000000,152088494329030,152088494332408,1790295190188436627,1000,1
3425,28344684339992,1790295189973909951,1790295189974000000,152088499329030,152088499331137,1790295190193435616,1000,1
3426,28344688384992,1790295189977905025,1790295189978000000,152088504329030,152088504331479,1790295190198435838,1000,1
3427,28344692290325,1790295189981910692,1790295189982000000,152088509329030,152088509332033,1790295190203436241,1000,1
3428,28344697808807,1790295189987435062,1790295189987000000,152088514329030,152088514331312,1790295190208435621,1000,1
3429,28344704239844,1790295189993903692,1790295189994000000,152088519329030,152088519331804,1790295190213436093,1000,1
3430,28344708295177,1790295189997916173,1790295189998000000,152088524329030,152088524331214,1790295190218435944,1000,1
3431,28344712450696,1790295190002055655,1790295190002000000,152088529329030,152088529331837,1790295190223436336,1000,1
3432,28344719672733,1790295190009220729,1790295190009000000,152088534329030,152088534330586,1790295190228434134,1000,1
3433,28344724243807,1790295190013890358,1790295190014000000,152088539329030,152088539331589,1790295190233435798,1000,1
3434,28344728199103,1790295190017906173,1790295190018000000,152088544329030,152088544330979,1790295190238435799,1000,1
3435,28344736313807,1790295190025897025,1790295190026000000,152088549329030,152088549331030,1790295190243435219,1000,1
3436,28344740352955,1790295190029919618,1790295190030000000,152088554329030,152088554331823,1790295190248435991,1000,1
3437,28344744243066,1790295190033898321,1790295190034000000,152088559329030,152088559331424,1790295190253435903,1000,1
3438,28344748183177,1790295190037895581,1790295190038000000,152088564329030,152088564331024,1790295190258435163,1000,1
3439,28344752342066,1790295190041919840,1790295190042000000,152088569329030,152088569331556,1790295190263435705,1000,1
3440,28344759556621,1790295190049110062,1790295190049000000,152088574329030,152088574332028,1790295190268436196,1000,1
3441,28344763359992,1790295190052178766,1790295190053000000,152088579329030,152088579332000,1790295190273436259,1000,1
3442,28344768273436,1790295190057896470,1790295190058000000,152088584329030,152088584331380,1790295190278435649,1000,1
3443,28344772176510,1790295190061888470,1790295190062000000,152088589329030,152088589331712,1790295190283435860,1000,1
3444,28344780321399,1790295190069897099,1790295190070000000,152088594329030,152088594332254,1790295190288436493,1000,1
3445,28344784274029,1790295190073894692,1790295190074000000,152088599329030,152088599330872,1790295190293435061,1000,1
3446,28344787880807,1790295190076941025,1790295190077000000,152088604329030,152088604331226,1790295190298435434,1000,1
3447,28344792210325,1790295190081891062,1790295190082000000,152088609329030,152088609332058,1790295190303436537,1000,1
3448,28344798573103,1790295190088086062,1790295190088000000,152088614329030,152088614330917,1790295190308435075,1000,1
3449,28344804288918,1790295190093897062,1790295190094000000,152088619329030,152088619331639,1790295190313435818,1000,1
3450,28344808232844,1790295190097893581,1790295190098000000,152088624329030,152088624332031,1790295190318436260,1000,1
3451,28344812642473,1790295190102290877,1790295190102000000,152088629329030,152088629332425,1790295190323436684,1000,1
3452,28344820193658,1790295190109889877,1790295190110000000,152088634329030,152088634331684,1790295190328436003,1000,1
3453,28344824324473,1790295190113915025,1790295190114000000,152088639329030,152088639331265,1790295190333435433,1000,1
3454,28344828296844,1790295190117911507,1790295190118000000,152088644329030,152088644332077,1790295190338436266,1000,1
3455,28344832803177,1790295190121901692,1790295190122000000,152088649329030,152088649331217,1790295190343435345,1000,1
3456,28344840197066,1790295190129889803,1790295190130000000,152088654329030,152088654331721,1790295190348435960,1000,1
3457,28344841857362,1790295190131578432,1790295190131000000,152088659329030,152088659331291,1790295190353436081,1000,1
3458,28344848341288,1790295190137911914,1790295190138000000,152088664329030,152088664330941,1790295190358435080,1000,1
3459,28344852266918,1790295190141899618,1790295190142000000,152088669329030,152088669331674,1790295190363435902,1000,1
3460,28344860262251,1790295190149896321,1790295190150000000,152088674329030,152088674330714,1790295190368434562,1000,1
3461,28344862670584,1790295190152393766,1790295190152000000,152088679329030,152088679331829,1790295190373435988,1000,1
3462,28344868313881,1790295190157904951,1790295190158000000,152088684329030,152088684331018,1790295190378435217,1000,1
3463,28344872264658,1790295190161911432,1790295190162000000,152088689329030,152088689331330,1790295190383435569,1000,1
3464,28344877454584,1790295190166909729,1790295190167000000,152088694329030,152088694332153,1790295190388436341,1000,1
3465,28344884242140,1790295190173900840,1790295190174000000,152088699329030,152088699331613,1790295190393435841,1000,1
3466,28344888608140,1790295190177894914,1790295190178000000,152088704329030,152088704501315,1790295190398605504,1000,1
3467,28344892300918,1790295190181900210,1790295190182000000,152088709329030,152088709331685,1790295190403436174,1000,1
3468,28344899406399,1790295190189010284,1790295190189000000,152088714329030,152088714331064,1790295190408435313,1000,1
3469,28344904243510,1790295190193893173,1790295190194000000,152088719329030,152088719331035,1790295190413434603,1000,1
3470,28344908173770,1790295190197893284,1790295190198000000,152088724329030,152088724331499,1790295190418435878,1000,1
3471,28344912334066,1790295190201904395,1790295190202000000,152088729329030,152088729331911,1790295190423436370,1000,1
3472,28344920263584,1790295190209893655,1790295190210000000,152088734329030,152088734331481,1790295190428435669,1000,1
3473,28344922172732,1790295190211716877,1790295190212000000,152088739329030,152088739329789,1790295190433433657,1000,1
3474,28344928229214,1790295190217892099,1790295190218000000,152088744329030,152088744329840,1790295190438435361,1000,1
3475,28344932192621,1790295190221889358,1790295190222000000,152088749329030,152088749329602,1790295190443432618,1000,1
3476,28344937703066,1790295190227294692,1790295190227000000,152088754329030,152088754329693,1790295190448432720,1000,1
3477,28344944295918,1790295190233893321,1790295190234000000,152088759329030,152088759329634,1790295190453432650,1000,1
3478,28344948246881,1790295190237901544,1790295190238000000,152088764329030,152088764329765,1790295190458432792,1000,1
3479,28344952204510,1790295190241892544,1790295190242000000,152088769329030,152088769329658,1790295190463432684,1000,1
3480,28344960344399,1790295190249896321,1790295190250000000,152088774329030,152088774330180,1790295190468433737,1000,1
3481,28344964254436,1790295190253895692,1790295190254000000,152088779329030,152088779331383,1790295190473435531,1000,1
3482,28344967196140,1790295190256790358,1790295190257000000,152088784329030,152088784372582,1790295190478476871,1000,1
3483,28344976226103,1790295190265890803,1790295190266000000,152088789329030,152088789342406,1790295190483445994,1000,1
3484,28344978259584,1790295190267840247,1790295190268000000,152088794329030,152088794331649,1790295190488435888,1000,1
3485,28344987099881,1790295190276673766,1790295190276000000,152088799329030,152088799331279,1790295190493435488,1000,1
3486,28344988314399,1790295190277916469,1790295190278000000,152088804329030,152088804331531,1790295190498435729,1000,1
3487,28344996253695,1790295190285888803,1790295190286000000,152088809329030,152088809331482,1790295190503435971,1000,1
3488,28345000223399,1790295190289891099,1790295190290000000,152088814329030,152088814330091,1790295190508433618,1000,1
3489,28345003789918,1790295190293360543,1790295190293000000,152088819329030,152088819330624,1790295190513434161,1000,1
3490,28345008269473,1790295190297899506,1790295190298000000,152088824329030,152088824332067,1790295190518436376,1000,1
3491,28345016258621,1790295190305891358,1790295190306000000,152088829329030,152088829331958,1790295190523436087,1000,1
3492,28345020179621,1790295190309888877,1790295190310000000,152088834329030,152088834331498,1790295190528435677,1000,1
3493,28345028344844,1790295190317898655,1790295190318000000,152088839329030,152088839331770,1790295190533435928,1000,1
3494,28345032119288,1790295190321721321,1790295190321000000,152088844329030,152088844331422,1790295190538435661,1000,1
3495,28345034422621,1790295190324004840,1790295190324000000,152088849329030,152088849331293,1790295190543435482,1000,1
3496,28345040234177,1790295190329891395,1790295190330000000,152088854329030,152088854331675,1790295190548435893,1000,1
3497,28345044171103,1790295190333888506,1790295190334000000,152088859329030,152088859332036,1790295190553436175,1000,1
3498,28345052401547,1790295190341901543,1790295190342000000,152088864329030,152088864330165,1790295190558433693,1000,1
3499,28345056260881,1790295190345900580,1790295190346000000,152088869329030,152088869329635,1790295190563432672,1000,1
3500,28345057796325,1790295190347296025,1790295190347000000,152088874329030,152088874329616,1790295190568432643,1000,1
3501,28345064255066,1790295190353895358,1790295190354000000,152088879329030,152088879329477,1790295190573432504,1000,1
3502,28345068280844,1790295190357845655,1790295190358000000,152088884329030,152088884329729,1790295190578432755,1000,1
3503,28345072287325,1790295190361904025,1790295190362000000,152088889329030,152088889329631,1790295190583432647,1000,1
3504,28345079588658,1790295190369136803,1790295190369000000,152088894329030,152088894331045,1790295190588436145,1000,1
3505,28345082583103,1790295190372238692,1790295190372000000,152088899329030,152088899331026,1790295190593435335,1000,1
3506,28345088241695,1790295190377899062,1790295190378000000,152088904329030,152088904331187,1790295190598435366,1000,1
3507,28345096335584,1790295190385901173,1790295190386000000,152088909329030,152088909331579,1790295190603435728,1000,1
3508,28345100319918,1790295190389910284,1790295190390000000,152088914329030,152088914330279,1790295190608433806,1000,1
3509,28345102791732,1790295190392435506,1790295190392000000,152088919329030,152088919330751,1790295190613434879,1000,1
3510,28345108218029,1790295190397897543,1790295190398000000,152088924329030,152088924330912,1790295190618434600,1000,1
3511,28345112260547,1790295190401903469,1790295190402000000,152088929329030,152088929331835,1790295190623436013,1000,1
3512,28345120313843,1790295190409903395,1790295190410000000,152088934329030,152088934331395,1790295190628435554,1000,1
3513,28345124348881,1790295190413916321,1790295190414000000,152088939329030,152088939331467,1790295190633435616,1000,1
3514,28345132260843,1790295190421895543,1790295190422000000,152088944329030,152088944331148,1790295190638436018,1000,1
3515,28345136148325,1790295190425597395,1790295190426000000,152088949329030,152088949331038,1790295190643435257,1000,1
3516,28345137721881,1790295190427334136,1790295190427000000,152088954329030,152088954331380,1790295190648435519,1000,1
3517,28345144267399,1790295190433901395,1790295190434000000,152088959329030,152088959331461,1790295190653435931,1000,1
3518,28345152277436,1790295190441892729,1790295190442000000,152088964329030,152088964330942,1790295190658435191,1000,1
3519,28345159150992,1790295190448155506,1790295190449000000,152088969329030,152088969329660,1790295190663432687,1000,1
3520,28345160368066,1790295190449921914,1790295190450000000,152088974329030,152088974330813,1790295190668434681,1000,1
3521,28345164273843,1790295190453898840,1790295190454000000,152088979329030,152088979331846,1790295190673436055,1000,1
3522,28345168207880,1790295190457895654,1790295190458000000,152088984329030,152088984329805,1790295190678433723,1000,1
3523,28345176358584,1790295190465900395,1790295190466000000,152088989329030,152088989331570,1790295190683435748,1000,1
3524,28345180283621,1790295190469899840,1790295190470000000,152088994329030,152088994331901,1790295190688436070,1000,1
3525,28345184265140,1790295190473905877,1790295190474000000,152088999329030,152088999331091,1790295190693435249,1000,1
3526,28345191925918,1790295190481553173,1790295190481000000,152089004329030,152089004330591,1790295190698434188,1000,1
3527,28345196332806,1790295190485912358,1790295190486000000,152089009329030,152089009332016,1790295190703436185,1000,1
3528,28345200224029,1790295190489893469,1790295190490000000,152089014329030,152089014330965,1790295190708435144,1000,1
3529,28345204537029,1790295190494120173,1790295190494000000,152089019329030,152089019331347,1790295190713435536,1000,1
3530,28345208280066,1790295190497913136,1790295190498000000,152089024329030,152089024330927,1790295190718435056,1000,1
3531,28345214510066,1790295190503999729,1790295190504000000,152089029329030,152089029329376,1790295190723432693,1000,1
3532,28345220318621,1790295190509909025,1790295190510000000,152089034329030,152089034329649,1790295190728432675,1000,1
3533,28345224223695,1790295190513893506,1790295190514000000,152089039329030,152089039330691,1790295190733434249,1000,1
3534,28345228236362,1790295190517897654,1790295190518000000,152089044329030,152089044331193,1790295190738436484,1000,1
3535,28345231934214,1790295190521645062,1790295190521000000,152089049329030,152089049330844,1790295190743435293,1000,1
3536,28345237265621,1790295190526820951,1790295190527000000,152089054329030,152089054330595,1790295190748434103,1000,1
3537,28345244374066,1790295190533922025,1790295190534000000,152089059329030,152089059331098,1790295190753435607,1000,1
3538,28345251767436,1790295190541408358,1790295190541000000,152089064329030,152089064330989,1790295190758435127,1000,1
3539,28345252196436,1790295190541899062,1790295190542000000,152089069329030,152089069331270,1790295190763435479,1000,1
3540,28345263036066,1790295190552585210,1790295190552000000,152089074329030,152089074330680,1790295190768434979,1000,1
3541,28345268268955,1790295190557899284,1790295190558000000,152089079329030,152089079332045,1790295190773436224,1000,1
3542,28345270725584,1790295190560338358,1790295190560000000,152089084329030,152089084331475,1790295190778435684,1000,1
3543,28345276225325,1790295190565892210,1790295190566000000,152089089329030,152089089331166,1790295190783435274,1000,1
3544,28345280187436,1790295190569898728,1790295190570000000,152089094329030,152089094331908,1790295190788436097,1000,1
3545,28345284384473,1790295190573910284,1790295190574000000,152089099329030,152089099330967,1790295190793435126,1000,1
3546,28345288289658,1790295190577912988,1790295190578000000,152089104329030,152089104331301,1790295190798435510,1000,1
3547,28345293553436,1790295190582971877,1790295190583000000,152089109329030,152089109330751,1790295190803434859,1000,1
3548,28345300294992,1790295190589897580,1790295190590000000,152089114329030,152089114331112,1790295190808435301,1000,1
3549,28345304305547,1790295190593892543,1790295190594000000,152089119329030,152089119331414,1790295190813435573,1000,1
3550,28345312231436,1790295190601895988,1790295190602000000,152089124329030,152089124331365,1790295190818435534,1000,1
3551,28345316934325,1790295190606503951,1790295190606000000,152089129329030,152089129332390,1790295190823436569,1000,1
3552,28345324279103,1790295190613899173,1790295190614000000,152089134329030,152089134331078,1790295190828435247,1000,1
3553,28345327227325,1790295190616710099,1790295190617000000,152089139329030,152089139331610,1790295190833435849,1000,1
3554,28345332221436,1790295190621890506,1790295190622000000,152089144329030,152089144332193,1790295190838436431,1000,1
3555,28345336173769,1790295190625888580,1790295190626000000,152089149329030,152089149330262,1790295190843434601,1000,1
3556,28345338252732,1790295190627846284,1790295190628000000,152089154329030,152089154330603,1790295190848434241,1000,1
3557,28345344295917,1790295190633896988,1790295190634000000,152089159329030,152089159331997,1790295190853436286,1000,1
3558,28345352280880,1790295190641895617,1790295190642000000,152089164329030,152089164330655,1790295190858434844,1000,1
3559,28345356199954,1790295190645892210,1790295190646000000,152089169329030,152089169331388,1790295190863435596,1000,1
3560,28345360173177,1790295190649888617,1790295190650000000,152089174329030,152089174332021,1790295190868436290,1000,1
3561,28345364359917,1790295190653899395,1790295190654000000,152089179329030,152089179332223,1790295190873436371,1000,1
3562,28345368276806,1790295190657896840,1790295190658000000,152089184329030,152089184330691,1790295190878434268,1000,1
3563,28345372265843,1790295190661760914,1790295190662000000,152089189329030,152089189331423,1790295190883435652,1000,1
3564,28345380226843,1790295190669891432,1790295190670000000,152089194329030,152089194331985,1790295190888436084,1000,1
3565,28345383644066,1790295190673220543,1790295190673000000,152089199329030,152089199331026,1790295190893435155,1000,1
3566,28345388354103,1790295190677896951,1790295190678000000,152089204329030,152089204330707,1790295190898434254,1000,1
3567,28345392263288,1790295190681895099,1790295190682000000,152089209329030,152089209330688,1790295190903434806,1000,1
3568,28345400250510,1790295190689893728,1790295190690000000,152089214329030,152089214331099,1790295190908435248,1000,1
3569,28345404197066,1790295190693889173,1790295190694000000,152089219329030,152089219331020,1790295190913435219,1000,1
3570,28345408316843,1790295190697900951,1790295190698000000,152089224329030,152089224331412,1790295190918435711,1000,1
3571,28345412324954,1790295190701908765,1790295190702000000,152089229329030,152089229330501,1790295190923434519,1000,1
3572,28345417721177,1790295190707367432,1790295190707000000,152089234329030,152089234331123,1790295190928435242,1000,1
3573,28345424245584,1790295190713903543,1790295190714000000,152089239329030,152089239331435,1790295190933435533,1000,1
3574,28345428280251,1790295190717898840,1790295190718000000,152089244329030,152089244330977,1790295190938434625,1000,1
3575,28345432291991,1790295190721904136,1790295190722000000,152089249329030,152089249330908,1790295190943435037,1000,1
3576,28345440261140,1790295190729900877,1790295190730000000,152089254329030,152089254330578,1790295190948434116,1000,1
3577,28345444204103,1790295190733888765,1790295190734000000,152089259329030,152089259331802,1790295190953436010,1000,1
3578,28345448194695,1790295190737895136,1790295190738000000,152089264329030,152089264331382,1790295190958435581,1000,1
3579,28345452317621,1790295190741897765,1790295190742000000,152089269329030,152089269331565,1790295190963436165,1000,1
3580,28345460316251,1790295190749909136,1790295190750000000,152089274329030,152089274331827,1790295190968435955,1000,1
3581,28345462848917,1790295190752494099,1790295190752000000,152089279329030,152089279331818,1790295190973436257,1000,1
3582,28345467451547,1790295190757127765,1790295190757000000,152089284329030,152089284330636,1790295190978434915,1000,1
3583,28345472235991,1790295190761909099,1790295190762000000,152089289329030,152089289331108,1790295190983435307,1000,1
3584,28345480323843,1790295190769901543,1790295190770000000,152089294329030,152089294331923,1790295190988436372,1000,1
3585,28345484351399,1790295190773915099,1790295190774000000,152089299329030,152089299330902,1790295190993435101,1000,1
3586,28345488246065,1790295190777900506,1790295190778000000,152089304329030,152089304333167,1790295190998437336,1000,1
3587,28345492180177,1790295190781897691,1790295190782000000,152089309329030,152089309332036,1790295191003436185,1000,1
3588,28345500321732,1790295190789896617,1790295190790000000,152089314329030,152089314330875,1790295191008435094,1000,1
3589,28345504258214,1790295190793894951,1790295190794000000,152089319329030,152089319331449,1790295191013435648,1000,1
3590,28345507280769,1790295190796848506,1790295190797000000,152089324329030,152089324330608,1790295191018434527,1000,1
3591,28345512260214,1790295190801891358,1790295190802000000,152089329329030,152089329331301,1790295191023435810,1000,1
3592,28345518220103,1790295190807835951,1790295190808000000,152089334329030,152089334329999,1790295191028433547,1000,1
3593,28345524340288,1790295190813899988,1790295190814000000,152089339329030,152089339330611,1790295191033434159,1000,1
3594,28345528246843,1790295190817896617,1790295190818000000,152089344329030,152089344331815,1790295191038436284,1000,1
3595,28345532261695,1790295190821895136,1790295190822000000,152089349329030,152089349330864,1790295191043435012,1000,1
3596,28345537671584,1790295190827381210,1790295190827000000,152089354329030,152089354329662,1790295191048432819,1000,1
3597,28345544334065,1790295190833899506,1790295190834000000,152089359329030,152089359330425,1790295191053434413,1000,1
3598,28345548291288,1790295190837900099,1790295190838000000,152089364329030,152089364331359,1790295191058435588,1000,1
3599,28345553015584,1790295190842652617,1790295190842000000,152089369329030,152089369331350,1790295191063435599,1000,1
3600,28345560205065,1790295190849888580,1790295190850000000,152089374329030,152089374331341,1790295191068435570,1000,1
3601,28345562747028,1790295190852386765,1790295190852000000,152089379329030,152089379329659,1790295191073432676,1000,1
3602,28345568300436,1790295190857894580,1790295190858000000,152089384329030,152089384330223,1790295191078433740,1000,1
3603,28345572316399,1790295190861892951,1790295190862000000,152089389329030,152089389331727,1790295191083435965,1000,1
3604,28345580246695,1790295190869895062,1790295190870000000,152089394329030,152089394332259,1790295191088436477,1000,1
3606,28345588335695,1790295190877894876,1790295190878000000,152089404329030,152089404330447,1790295191098434616,1000,1
3607,28345592213880,1790295190881892988,1790295190882000000,152089409329030,152089409331352,1790295191103435861,1000,1
3608,28345600254251,1790295190889898469,1790295190890000000,152089414329030,152089414331483,1790295191108435772,1000,1
3609,28345604187510,1790295190893895432,1790295190894000000,152089419329030,152089419330292,1790295191113434140,1000,1
3610,28345608271139,1790295190897842025,1790295190898000000,152089424329030,152089424331756,1790295191118435964,1000,1
3611,28345612313732,1790295190901904358,1790295190902000000,152089429329030,152089429331346,1790295191123435805,1000,1
3612,28345620085732,1790295190909009358,1790295190909000000,152089434329030,152089434330948,1790295191128435107,1000,1
3613,28345624238288,1790295190913893839,1790295190914000000,152089439329030,152089439331440,1790295191133435649,1000,1
3614,28345628209325,1790295190917892025,1790295190918000000,152089444329030,152089444331922,1790295191138436271,1000,1
3615,28345632345806,1790295190921902988,1790295190922000000,152089449329030,152089449330230,1790295191143433727,1000,1
3616,28345640302584,1790295190929894321,1790295190930000000,152089454329030,152089454330192,1790295191148433739,1000,1
3617,28345642204399,1790295190931726210,1790295190932000000,152089459329030,152089459331967,1790295191153436196,1000,1
3618,28345648216954,1790295190937887284,1790295190938000000,152089464329030,152089464331306,1790295191158435455,1000,1
3619,28345652224917,1790295190941895543,1790295190942000000,152089469329030,152089469331438,1790295191163435666,1000,1
3620,28345660278028,1790295190949889543,1790295190950000000,152089474329030,152089474331900,1790295191168436088,1000,1
3621,28345664502214,1790295190953894395,1790295190954000000,152089479329030,152089479331741,1790295191173436200,1000,1
3622,28345668345473,1790295190957926988,1790295190958000000,152089484329030,152089484330650,1790295191178434839,1000,1
3623,28345672266954,1790295190961894173,1790295190962000000,152089489329030,152089489331322,1790295191183435491,1000,1
3624,28345680252028,1790295190969889839,1790295190970000000,152089494329030,152089494332045,1790295191188436223,1000,1
3625,28345684199436,1790295190973890432,1790295190974000000,152089499329030,152089499330954,1790295191193435172,1000,1
3626,28345688053325,1790295190976937654,1790295190977000000,152089504329030,152089504331037,1790295191198435245,1000,1
3627,28345692296621,1790295190981902136,1790295190982000000,152089509329030,152089509331539,1790295191203435737,1000,1
3628,28345698634695,1790295190988114469,1790295190988000000,152089514329030,152089514330999,1790295191208435438,1000,1
3629,28345704264880,1790295190993896247,1790295190994000000,152089519329030,152089519331340,1790295191213435569,1000,1
3630,28345708199288,1790295190997891173,1790295190998000000,152089524329030,152089524332025,1790295191218436253,1000,1
3631,28345712376028,1790295191001904025,1790295191002000000,152089529329030,152089529332096,1790295191223436315,1000,1
3632,28345720284732,1790295191009893284,1790295191010000000,152089534329030,152089534330955,1790295191228435143,1000,1
3633,28345724269436,1790295191013894136,1790295191014000000,152089539329030,152089539331507,1790295191233435705,1000,1
3634,28345728188139,1790295191017893469,1790295191018000000,152089544329030,152089544331387,1790295191238435907,1000,1
3635,28345732164473,1790295191021711617,1790295191022000000,152089549329030,152089549330739,1790295191243434878,1000,1
3636,28345737848325,1790295191027438617,1790295191027000000,152089554329030,152089554330670,1790295191248434889,1000,1
3637,28345743222362,1790295191032837876,1790295191033000000,152089559329030,152089559331793,1790295191253435982,1000,1
3638,28345748220510,1790295191037891284,1790295191038000000,152089564329030,152089564331454,1790295191258435662,1000,1
3639,28345752177510,1790295191041887802,1790295191042000000,152089569329030,152089569331324,1790295191263435503,1000,1
3640,28345760324917,1790295191049896173,1790295191050000000,152089574329030,152089574331408,1790295191268435586,1000,1
3641,28345764309102,1790295191053897950,1790295191054000000,152089579329030,152089579331869,1790295191273435998,1000,1
3642,28345768229843,1790295191057893765,1790295191058000000,152089584329030,152089584329967,1790295191278433604,1000,1
3643,28345772180102,1790295191061892062,1790295191062000000,152089589329030,152089589331330,1790295191283435479,1000,1
3644,28345777953325,1790295191067528358,1790295191067000000,152089594329030,152089594332194,1790295191288436583,1000,1
3645,28345784289584,1790295191073902802,1790295191074000000,152089599329030,152089599330131,1790295191293433649,1000,1
3646,28345788306250,1790295191077897173,1790295191078000000,152089604329030,152089604330493,1790295191298434702,1000,1
3647,28345792240325,1790295191081897950,1790295191082000000,152089609329030,152089609331346,1790295191303435795,1000,1
3648,28345799478028,1790295191089001987,1790295191089000000,152089614329030,152089614331176,1790295191308435555,1000,1
3649,28345804280732,1790295191093898321,1790295191094000000,152089619329030,152089619330518,1790295191313434707,1000,1
3650,28345808225436,1790295191097896950,1790295191098000000,152089624329030,152089624331671,1790295191318436080,1000,1
3651,28345812326362,1790295191101902654,1790295191102000000,152089629329030,152089629332053,1790295191323436182,1000,1
3652,28345820319917,1790295191109907469,1790295191110000000,152089634329030,152089634330631,1790295191328434820,1000,1
3653,28345822835843,1790295191112475024,1790295191112000000,152089639329030,152089639331023,1790295191333435232,1000,1
3654,28345828205510,1790295191117889062,1790295191118000000,152089644329030,152089644331675,1790295191338435844,1000,1
3655,28345832151213,1790295191121884284,1790295191122000000,152089649329030,152089649331526,1790295191343435815,1000,1
3656,28345840308584,1790295191129897210,1790295191130000000,152089654329030,152089654329884,1790295191348433732,1000,1
3657,28345844484954,1790295191133870617,1790295191134000000,152089659329030,152089659331868,1790295191353436177,1000,1
3658,28345848296658,1790295191137912099,1790295191138000000,152089664329030,152089664332001,1790295191358436100,1000,1
3659,28345852235436,1790295191141893506,1790295191142000000,152089669329030,152089669330810,1790295191363434939,1000,1
3660,28345860374325,1790295191149918765,1790295191150000000,152089674329030,152089674331032,1790295191368434619,1000,1
3661,28345864283362,1790295191153898024,1790295191154000000,152089679329030,152089679332024,1790295191373436243,1000,1
3662,28345867639473,1790295191156898099,1790295191157000000,152089684329030,152089684330805,1790295191378434953,1000,1
3663,28345872203584,1790295191161897358,1790295191162000000,152089689329030,152089689331036,1790295191383435215,1000,1
3664,28345882045880,1790295191171603061,1790295191171000000,152089694329030,152089694331949,1790295191388436188,1000,1
3665,28345884289584,1790295191173909728,1790295191174000000,152089699329030,152089699331469,1790295191393435738,1000,1
3666,28345888262325,1790295191177898321,1790295191178000000,152089704329030,152089704330929,1790295191398435178,1000,1
3667,28345892269547,1790295191181896432,1790295191182000000,152089709329030,152089709331864,1790295191403436093,1000,1
3668,28345900195139,1790295191189884950,1790295191190000000,152089714329030,152089714331624,1790295191408436114,1000,1
3669,28345904322324,1790295191193904284,1790295191194000000,152089719329030,152089719331265,1790295191413435433,1000,1
3670,28345908250658,1790295191197905098,1790295191198000000,152089724329030,152089724331346,1790295191418435534,1000,1
3671,28345912790028,1790295191201901580,1790295191202000000,152089729329030,152089729331588,1790295191423436047,1000,1
3672,28345920241362,1790295191209896061,1790295191210000000,152089734329030,152089734331260,1790295191428435459,1000,1
3673,28345923622954,1790295191213088432,1790295191213000000,152089739329030,152089739329688,1790295191433433246,1000,1
3674,28345928342547,1790295191217895913,1790295191218000000,152089744329030,152089744329819,1790295191438434790,1000,1
3675,28345932270547,1790295191221908136,1790295191222000000,152089749329030,152089749329540,1790295191443432556,1000,1
3676,28345940248139,1790295191229894136,1790295191230000000,152089754329030,152089754329662,1790295191448432689,1000,1
3677,28345944216843,1790295191233894950,1790295191234000000,152089759329030,152089759329654,1790295191453432670,1000,1
3678,28345948308510,1790295191237900284,1790295191238000000,152089764329030,152089764329464,1790295191458432481,1000,1
3679,28345952254436,1790295191241898802,1790295191242000000,152089769329030,152089769329586,1790295191463432602,1000,1
3680,28345957130621,1790295191246711617,1790295191247000000,152089774329030,152089774329747,1790295191468432763,1000,1
3681,28345964240917,1790295191253890247,1790295191254000000,152089779329030,152089779331833,1790295191473436312,1000,1
3682,28345968572954,1790295191258029802,1790295191258000000,152089784329030,152089784330702,1790295191478434931,1000,1
3683,28345972353399,1790295191261898654,1790295191262000000,152089789329030,152089789330984,1790295191483435223,1000,1
3684,28345979386732,1790295191268992802,1790295191269000000,152089794329030,152089794330955,1790295191488434462,1000,1
3685,28345984244769,1790295191273890210,1790295191274000000,152089799329030,152089799338571,1790295191493442800,1000,1
3686,28345988153176,1790295191277886432,1790295191278000000,152089804329030,152089804330848,1790295191498435047,1000,1
3687,28345992355510,1790295191281914395,1790295191282000000,152089809329030,152089809331911,1790295191503436130,1000,1
3688,28346000265584,1790295191289893321,1790295191290000000,152089814329030,152089814331742,1790295191508436211,1000,1
3689,28346001989213,1790295191291592802,1790295191291000000,152089819329030,152089819330049,1790295191513433938,1000,1
3690,28346008232213,1790295191297890135,1790295191298000000,152089824329030,152089824330954,1790295191518434491,1000,1
3691,28346012268769,1790295191301895173,1790295191302000000,152089829329030,152089829332007,1790295191523436276,1000,1
3692,28346020322732,1790295191309895358,1790295191310000000,152089834329030,152089834330856,1790295191528435014,1000,1
3693,28346024487658,1790295191313894210,1790295191314000000,152089839329030,152089839331468,1790295191533435667,1000,1
3694,28346028246361,1790295191317908802,1790295191318000000,152089844329030,152089844330177,1790295191538434365,1000,1
3695,28346032185806,1790295191321893580,1790295191322000000,152089849329030,152089849331752,1790295191543435961,1000,1
3696,28346040333102,1790295191329909210,1790295191330000000,152089854329030,152089854330220,1790295191548433728,1000,1
3697,28346044235250,1790295191333895580,1790295191334000000,152089859329030,152089859331113,1790295191553434620,1000,1
3698,28346047987806,1790295191337615506,1790295191337000000,152089864329030,152089864330563,1790295191558434581,1000,1
3699,28346052206954,1790295191341904247,1790295191342000000,152089869329030,152089869329653,1790295191563432669,1000,1
3700,28346058347769,1790295191347920987,1790295191348000000,152089874329030,152089874331238,1790295191568435437,1000,1
3701,28346064355065,1790295191353921395,1790295191354000000,152089879329030,152089879331339,1790295191573434866,1000,1
3702,28346068258510,1790295191357899765,1790295191358000000,152089884329030,152089884330709,1790295191578434917,1000,1
3703,28346072299584,1790295191361897469,1790295191362000000,152089889329030,152089889330981,1790295191583435209,1000,1
3704,28346080234324,1790295191369887098,1790295191370000000,152089894329030,152089894332055,1790295191588436594,1000,1
3705,28346084321213,1790295191373904024,1790295191374000000,152089899329030,152089899332056,1790295191593436225,1000,1
3706,28346088328398,1790295191377919098,1790295191378000000,152089904329030,152089904331035,1790295191598435354,1000,1
3707,28346096324806,1790295191385894950,1790295191386000000,152089909329030,152089909331417,1790295191603435685,1000,1
3708,28346100211621,1790295191389884284,1790295191390000000,152089914329030,152089914331639,1790295191608436108,1000,1
3709,28346101930176,1790295191391577247,1790295191391000000,152089919329030,152089919330468,1790295191613435018,1000,1
3710,28346108337102,1790295191397895469,1790295191398000000,152089924329030,152089924331291,1790295191618435420,1000,1
3711,28346112287732,1790295191401890506,1790295191402000000,152089929329030,152089929332093,1790295191623436382,1000,1
3712,28346120257695,1790295191409887098,1790295191410000000,152089934329030,152089934330932,1790295191628435071,1000,1
3713,28346124221843,1790295191413883061,1790295191414000000,152089939329030,152089939330724,1790295191633434822,1000,1
3714,28346128345991,1790295191417909987,1790295191418000000,152089944329030,152089944331797,1790295191638435915,1000,1
3715,28346132292324,1790295191421895765,1790295191422000000,152089949329030,152089949331648,1790295191643435876,1000,1
3716,28346137721917,1790295191427328802,1790295191427000000,152089954329030,152089954331358,1790295191648435767,1000,1
3717,28346144204028,1790295191433890765,1790295191434000000,152089959329030,152089959331740,1790295191653435948,1000,1
3718,28346148228510,1790295191437839135,1790295191438000000,152089964329030,152089964331742,1790295191658436202,1000,1
3719,28346152311287,1790295191441902543,1790295191442000000,152089969329030,152089969331072,1790295191663435341,1000,1
3720,28346159170584,1790295191448810839,1790295191449000000,152089974329030,152089974330532,1790295191668434069,1000,1
3721,28346164241065,1790295191453889395,1790295191454000000,152089979329030,152089979331455,1790295191673435684,1000,1
3722,28346168213139,1790295191457889839,1790295191458000000,152089984329030,152089984330065,1790295191678433603,1000,1
3723,28346176322658,1790295191465902913,1790295191466000000,152089989329030,152089989330617,1790295191683434846,1000,1
3724,28346180253287,1790295191469896172,1790295191470000000,152089994329030,152089994330578,1790295191688434426,1000,1
3725,28346182792324,1790295191472441617,1790295191472000000,152089999329030,152089999330850,1790295191693434838,1000,1
3726,28346188196695,1790295191477893135,1790295191478000000,152090004329030,152090004331061,1790295191698435310,1000,1
3727,28346192230398,1790295191481890543,1790295191482000000,152090009329030,152090009331765,1790295191703435934,1000,1
3728,28346200318880,1790295191489897617,1790295191490000000,152090014329030,152090014331786,1790295191708435905,1000,1
3729,28346204251324,1790295191493898802,1790295191494000000,152090019329030,152090019331156,1790295191713435365,1000,1
3730,28346208263435,1790295191497895506,1790295191498000000,152090024329030,152090024331568,1790295191718435796,1000,1
3731,28346212198028,1790295191501887543,1790295191502000000,152090029329030,152090029330888,1790295191723434686,1000,1
3732,28346220322732,1790295191509896580,1790295191510000000,152090034329030,152090034329648,1790295191728432664,1000,1
3733,28346224249769,1790295191513896209,1790295191514000000,152090039329030,152090039329568,1790295191733432585,1000,1
3734,28346228256509,1790295191517896913,1790295191518000000,152090044329030,152090044331914,1790295191738436273,1000,1
3735,28346232169843,1790295191521888839,1790295191522000000,152090049329030,152090049331133,1790295191743434621,1000,1
3736,28346238133621,1790295191527834728,1790295191528000000,152090054329030,152090054330254,1790295191748433761,1000,1
3737,28346244310621,1790295191533901321,1790295191534000000,152090059329030,152090059331638,1790295191753435907,1000,1
3738,28346248247324,1790295191537898506,1790295191538000000,152090064329030,152090064331649,1790295191758436048,1000,1
3739,28346252251472,1790295191541897209,1790295191542000000,152090069329030,152090069331089,1790295191763435247,1000,1
3740,28346260177361,1790295191549883765,1790295191550000000,152090074329030,152090074330639,1790295191768434186,1000,1
3741,28346264314917,1790295191553907209,1790295191554000000,152090079329030,152090079330621,1790295191773434509,1000,1
3742,28346268275324,1790295191557915469,1790295191558000000,152090084329030,152090084331254,1790295191778435503,1000,1
3743,28346273077732,1790295191562705358,1790295191562000000,152090089329030,152090089331355,1790295191783435674,1000,1
3744,28346280170732,1790295191569889543,1790295191570000000,152090094329030,152090094331616,1790295191788435755,1000,1
3745,28346283395806,1790295191573002839,1790295191573000000,152090099329030,152090099331267,1790295191793435726,1000,1
3746,28346288294250,1790295191577899580,1790295191578000000,152090104329030,152090104331100,1790295191798435248,1000,1
3747,28346292267546,1790295191581898580,1790295191582000000,152090109329030,152090109331772,1790295191803435950,1000,1
3748,28346300255584,1790295191589892469,1790295191590000000,152090114329030,152090114332003,1790295191808436162,1000,1
3749,28346304194102,1790295191593889987,1790295191594000000,152090119329030,152090119331163,1790295191813435321,1000,1
3750,28346308331398,1790295191597914839,1790295191598000000,152090124329030,152090124331186,1790295191818435404,1000,1
3751,28346312245769,1790295191601895876,1790295191602000000,152090129329030,152090129332369,1790295191823436608,1000,1
3752,28346318128880,1790295191607531469,1790295191608000000,152090134329030,152090134331308,1790295191828435517,1000,1
3753,28346324248509,1790295191613894691,1790295191614000000,152090139329030,152090139331038,1790295191833435247,1000,1
3754,28346328272843,1790295191617896135,1790295191618000000,152090144329030,152090144331791,1790295191838435980,1000,1
3755,28346332291213,1790295191621901469,1790295191622000000,152090149329030,152090149331223,1790295191843435963,1000,1
3756,28346340129732,1790295191629727098,1790295191630000000,152090154329030,152090154329881,1790295191848433389,1000,1
3757,28346344213917,1790295191633890246,1790295191634000000,152090159329030,152090159331626,1790295191853435794,1000,1
3758,28346348186509,1790295191637889209,1790295191638000000,152090164329030,152090164330524,1790295191858434683,1000,1
3759,28346356318991,1790295191645902098,1790295191646000000,152090169329030,152090169330917,1790295191863435075,1000,1
3760,28346360267065,1790295191649898654,1790295191650000000,152090174329030,152090174330498,1790295191868434086,1000,1
3761,28346361964065,1790295191651609617,1790295191651000000,152090179329030,152090179332012,1790295191873436241,1000,1
3762,28346368228102,1790295191657892246,1790295191658000000,152090184329030,152090184330881,1790295191878435039,1000,1
3763,28346372261102,1790295191661895617,1790295191662000000,152090189329030,152090189330982,1790295191883435191,1000,1
3764,28346380317509,1790295191669899320,1790295191670000000,152090194329030,152090194332047,1790295191888436235,1000,1
3765,28346384276324,1790295191673897395,1790295191674000000,152090199329030,152090199332068,1790295191893436286,1000,1
3766,28346388241658,1790295191677902024,1790295191678000000,152090204329030,152090204331077,1790295191898435376,1000,1
3767,28346392219806,1790295191681893950,1790295191682000000,152090209329030,152090209330617,1790295191903434745,1000,1
3768,28346400290620,1790295191689899098,1790295191690000000,152090214329030,152090214332052,1790295191908436240,1000,1
3769,28346404233991,1790295191693896135,1790295191694000000,152090219329030,152090219331243,1790295191913435402,1000,1
3770,28346407198843,1790295191696793506,1790295191697000000,152090224329030,152090224330823,1790295191918435122,1000,1
3771,28346412312732,1790295191701896913,1790295191702000000,152090229329030,152090229331606,1790295191923436075,1000,1
3772,28346418227843,1790295191707836098,1790295191708000000,152090234329030,152090234331867,1790295191928436096,1000,1
3773,28346424235546,1790295191713894728,1790295191714000000,152090239329030,152090239330846,1790295191933434985,1000,1
3774,28346428214287,1790295191717891357,1790295191718000000,152090244329030,152090244332049,1790295191938436208,1000,1
3775,28346432345732,1790295191721907283,1790295191722000000,152090249329030,152090249331630,1790295191943436159,1000,1
3776,28346440309213,1790295191729897765,1790295191730000000,152090254329030,152090254329957,1790295191948433495,1000,1
3777,28346444250065,1790295191733893691,1790295191734000000,152090259329030,152090259330600,1790295191953434768,1000,1
3778,28346448217250,1790295191737891209,1790295191738000000,152090264329030,152090264330763,1790295191958435743,1000,1
3779,28346453174695,1790295191742543876,1790295191743000000,152090269329030,152090269330493,1790295191963434612,1000,1
3780,28346460320176,1790295191749900876,1790295191750000000,152090274329030,152090274330604,1790295191968434172,1000,1
3781,28346464808991,1790295191754446246,1790295191754000000,152090279329030,152090279329904,1790295191973433511,1000,1
3782,28346467097361,1790295191756761357,1790295191756000000,152090284329030,152090284331308,1790295191978435546,1000,1
3783,28346472221917,1790295191761894061,1790295191762000000,152090289329030,152090289330308,1790295191983433786,1000,1
3784,28346480339398,1790295191769902098,1790295191770000000,152090294329030,152090294332073,1790295191988436352,1000,1
3785,28346484269695,1790295191773895246,1790295191774000000,152090299329030,152090299331633,1790295191993435771,1000,1
3786,28346488228324,1790295191777893617,1790295191778000000,152090304329030,152090304330913,1790295191998435141,1000,1
3787,28346492212806,1790295191781893283,1790295191782000000,152090309329030,152090309331136,1790295192003434643,1000,1
3788,28346497823843,1790295191786859728,1790295191787000000,152090314329030,152090314331237,1790295192008435716,1000,1
3789,28346504289250,1790295191793897320,1790295191794000000,152090319329030,152090319330336,1790295192013434545,1000,1
3790,28346508269695,1790295191797840617,1790295191798000000,152090324329030,152090324331098,1790295192018435227,1000,1
3791,28346512304657,1790295191801899357,1790295191802000000,152090329329030,152090329331891,1790295192023436070,1000,1
3792,28346519607472,1790295191809130913,1790295191809000000,152090334329030,152090334332125,1790295192028436343,1000,1
3793,28346524299509,1790295191813890691,1790295191814000000,152090339329030,152090339331084,1790295192033435302,1000,1
3794,28346528195102,1790295191817889246,1790295191818000000,152090344329030,152090344331605,1790295192038435824,1000,1
3795,28346536339472,1790295191825896172,1790295191826000000,152090349329030,152090349331987,1790295192043436206,1000,1
3796,28346540268509,1790295191829897283,1790295191830000000,152090354329030,152090354458168,1790295192048562227,1000,1
3797,28346543382917,1790295191832908728,1790295191833000000,152090359329030,152090359331219,1790295192053435749,1000,1
3798,28346548207065,1790295191837891357,1790295191838000000,152090364329030,152090364331531,1790295192058436000,1000,1
3799,28346552173102,1790295191841888728,1790295191842000000,152090369329030,152090369330841,1790295192063435049,1000,1
3800,28346559276843,1790295191848849654,1790295191849000000,152090374329030,152090374331363,1790295192068435592,1000,1
3801,28346563393657,1790295191852997506,1790295191853000000,152090379329030,152090379330614,1790295192073434822,1000,1
3802,28346568313139,1790295191857902950,1790295191858000000,152090384329030,152090384331456,1790295192078435745,1000,1
3803,28346572217620,1790295191861896098,1790295191862000000,152090389329030,152090389330275,1790295192083433843,1000,1
3804,28346580315139,1790295191869896135,1790295191870000000,152090394329030,152090394331719,1790295192088435897,1000,1
3805,28346584276139,1790295191873908691,1790295191874000000,152090399329030,152090399330629,1790295192093434527,1000,1
3806,28346587037843,1790295191876702246,1790295191876000000,152090404329030,152090404330380,1790295192098433957,1000,1
3807,28346592258583,1790295191881890394,1790295191882000000,152090409329030,152090409331553,1790295192103435832,1000,1
3808,28346598687250,1790295191888209913,1790295191888000000,152090414329030,152090414331784,1790295192108436344,1000,1
3809,28346604310657,1790295191893907913,1790295191894000000,152090419329030,152090419331725,1790295192113435924,1000,1
3810,28346608236843,1790295191897896728,1790295191898000000,152090424329030,152090424331257,1790295192118435416,1000,1
3812,28346620277065,1790295191909891839,1790295191910000000,152090434329030,152090434331660,1790295192128435868,1000,1
3813,28346624360620,1790295191913904172,1790295191914000000,152090439329030,152090439330298,1790295192133433916,1000,1
3814,28346628272954,1790295191917901728,1790295191918000000,152090444329030,152090444331854,1790295192138436113,1000,1
3815,28346632993769,1790295191922433061,1790295191922000000,152090449329030,152090449331244,1790295192143435683,1000,1
3816,28346640201583,1790295191929892431,1790295191930000000,152090454329030,152090454330082,1790295192148433650,1000,1
3817,28346643286102,1790295191932979765,1790295191933000000,152090459329030,152090459331907,1790295192153436136,1000,1
3818,28346648317917,1790295191937897580,1790295191938000000,152090464329030,152090464331497,1790295192158435966,1000,1
3819,28346652231843,1790295191941896987,1790295191942000000,152090469329030,152090469331450,1790295192163435658,1000,1
3820,28346660264028,1790295191949893061,1790295191950000000,152090474329030,152090474330709,1790295192168434287,1000,1
3821,28346664167880,1790295191953889728,1790295191954000000,152090479329030,152090479330760,1790295192173434909,1000,1
3822,28346668336435,1790295191957902246,1790295191958000000,152090484329030,152090484330842,1790295192178435681,1000,1
3823,28346672239806,1790295191961894209,1790295191962000000,152090489329030,152090489330785,1790295192183434983,1000,1
3824,28346680269065,1790295191969898505,1790295191970000000,152090494329030,152090494331707,1790295192188435896,1000,1
3825,28346684155806,1790295191973889209,1790295191974000000,152090499329030,152090499332079,1790295192193436298,1000,1
3826,28346688278028,1790295191977897431,1790295191978000000,152090504329030,152090504330948,1790295192198435187,1000,1
3827,28346692315250,1790295191981918357,1790295191982000000,152090509329030,152090509331079,1790295192203435278,1000,1
3828,28346699542694,1790295191989020839,1790295191989000000,152090514329030,152090514332455,1790295192208436603,1000,1
3829,28346704249361,1790295191993900209,1790295191994000000,152090519329030,152090519331424,1790295192213435622,1000,1
3831,28346712317620,1790295192001902431,1790295192002000000,152090529329030,152090529331806,1790295192223435955,1000,1
3832,28346720245250,1790295192009895839,1790295192010000000,152090534329030,152090534331767,1790295192228435906,1000,1
3833,28346722898991,1790295192011918987,1790295192012000000,152090539329030,152090539331038,1790295192233435236,1000,1
3834,28346728223287,1790295192017901061,1790295192018000000,152090544329030,152090544331409,1790295192238435598,1000,1
3835,28346732165843,1790295192021888802,1790295192022000000,152090549329030,152090549331450,1790295192243436020,1000,1
3836,28346740311472,1790295192029898691,1790295192030000000,152090554329030,152090554330931,1790295192248435189,1000,1
3837,28346744290139,1790295192033895172,1790295192034000000,152090559329030,152090559330481,1790295192253433989,1000,1
3838,28346748235324,1790295192037894839,1790295192038000000,152090564329030,152090564331995,1790295192258436154,1000,1
3839,28346752227435,1790295192041892505,1790295192042000000,152090569329030,152090569331115,1790295192263435323,1000,1
3840,28346760325880,1790295192049901246,1790295192050000000,152090574329030,152090574330785,1790295192268435224,1000,1
3841,28346764270028,1790295192053891209,1790295192054000000,152090579329030,152090579331517,1790295192273435676,1000,1
3842,28346768091435,1790295192056977209,1790295192057000000,152090584329030,152090584331571,1790295192278435779,1000,1
3843,28346772241472,1790295192061897987,1790295192062000000,152090589329030,152090589330349,1790295192283433907,1000,1
3844,28346778199768,1790295192067849209,1790295192068000000,152090594329030,152090594331603,1790295192288436032,1000,1
3845,28346784298694,1790295192073896765,1790295192074000000,152090599329030,152090599331483,1790295192293435111,1000,1
3846,28346788274361,1790295192077912246,1790295192078000000,152090604329030,152090604329683,1790295192298432719,1000,1
3847,28346792267917,1790295192081896394,1790295192082000000,152090609329030,152090609331437,1790295192303435776,1000,1
3848,28346798752509,1790295192088399913,1790295192088000000,152090614329030,152090614330927,1790295192308435336,1000,1
3849,28346804329657,1790295192093903839,1790295192094000000,152090619329030,152090619331629,1790295192313435908,1000,1
3850,28346808237694,1790295192097893654,1790295192098000000,152090624329030,152090624331402,1790295192318435831,1000,1
3851,28346813037176,1790295192102670654,1790295192102000000,152090629329030,152090629331703,1790295192323436202,1000,1
3852,28346820193398,1790295192109892061,1790295192110000000,152090634329030,152090634332285,1790295192328436514,1000,1
3853,28346823193880,1790295192112830616,1790295192113000000,152090639329030,152090639330984,1790295192333435282,1000,1
3854,28346828288805,1790295192117895505,1790295192118000000,152090644329030,152090644331315,1790295192338435544,1000,1
3855,28346832227102,1790295192121894505,1790295192122000000,152090649329030,152090649331498,1790295192343435597,1000,1
3856,28346840240139,1790295192129891209,1790295192130000000,152090654329030,152090654330547,1790295192348434766,1000,1
3857,28346844214213,1790295192133905579,1790295192134000000,152090659329030,152090659330588,1790295192353434126,1000,1
3858,28346848348583,1790295192137918876,1790295192138000000,152090664329030,152090664331231,1790295192358435730,1000,1
3859,28346856273028,1790295192145895765,1790295192146000000,152090669329030,152090669331915,1790295192363436084,1000,1
3860,28346858099805,1790295192147362431,1790295192147000000,152090674329030,152090674331485,1790295192368435694,1000,1
3861,28346864297065,1790295192153900283,1790295192154000000,152090679329030,152090679331757,1790295192373435915,1000,1
3862,28346868277805,1790295192157841839,1790295192158000000,152090684329030,152090684331678,1790295192378436457,1000,1
3863,28346872298213,1790295192161903913,1790295192162000000,152090689329030,152090689331037,1790295192383435186,1000,1
3864,28346879599583,1790295192169139691,1790295192169000000,152090694329030,152090694331772,1790295192388435961,1000,1
3865,28346884227917,1790295192173889283,1790295192174000000,152090699329030,152090699332013,1790295192393436172,1000,1
3866,28346889491250,1790295192179191431,1790295192179000000,152090704329030,152090704330872,1790295192398435011,1000,1
3867,28346892322287,1790295192181900876,1790295192182000000,152090709329030,152090709331344,1790295192403435483,1000,1
3868,28346900309028,1790295192189897802,1790295192190000000,152090714329030,152090714331616,1790295192408436145,1000,1
3869,28346902820768,1790295192192459802,1790295192192000000,152090719329030,152090719331609,1790295192413435767,1000,1
3870,28346908206916,1790295192197901098,1790295192198000000,152090724329030,152090724330628,1790295192418434756,1000,1
3871,28346912243620,1790295192201894542,1790295192202000000,152090729329030,152090729332282,1790295192423436450,1000,1
3872,28346920328694,1790295192209912690,1790295192210000000,152090734329030,152090734332052,1790295192428436441,1000,1
3873,28346924306361,1790295192213906802,1790295192214000000,152090739329030,152090739330611,1790295192433434809,1000,1
3874,28346928235583,1790295192217898839,1790295192218000000,152090744329030,152090744331393,1790295192438435582,1000,1
3875,28346932168509,1790295192221885876,1790295192222000000,152090749329030,152090749330963,1790295192443436134,1000,1
3876,28346940340102,1790295192229912653,1790295192230000000,152090754329030,152090754330123,1790295192448433640,1000,1
3877,28346944292805,1790295192233892098,1790295192234000000,152090759329030,152090759329714,1790295192453433221,1000,1
3878,28346947866287,1790295192237493209,1790295192237000000,152090764329030,152090764329745,1790295192458432772,1000,1
3879,28346952192657,1790295192241890135,1790295192242000000,152090769329030,152090769329576,1790295192463432593,1000,1
3880,28346959385287,1790295192248670987,1790295192249000000,152090774329030,152090774329667,1790295192468432694,1000,1
3881,28346964298398,1790295192253897431,1790295192254000000,152090779329030,152090779332494,1790295192473436692,1000,1
3882,28346967560731,1790295192257235765,1790295192257000000,152090784329030,152090784331484,1790295192478435944,1000,1
3883,28346972251583,1790295192261892172,1790295192262000000,152090789329030,152090789331055,1790295192483435263,1000,1
3884,28346980230805,1790295192269885209,1790295192270000000,152090794329030,152090794331316,1790295192488435505,1000,1
3885,28346984318953,1790295192273903209,1790295192274000000,152090799329030,152090799332099,1790295192493436247,1000,1
3886,28346988230139,1790295192277893505,1790295192278000000,152090804329030,152090804331120,1790295192498435609,1000,1
3887,28346994286028,1790295192283907320,1790295192284000000,152090809329030,152090809331261,1790295192503435420,1000,1
3888,28347000304213,1790295192289901616,1790295192290000000,152090814329030,152090814331462,1790295192508436232,1000,1
3889,28347003600953,1790295192293122876,1790295192293000000,152090819329030,152090819331183,1790295192513435592,1000,1
3890,28347008297028,1790295192297897024,1790295192298000000,152090824329030,152090824330963,1790295192518435533,1000,1
3891,28347012228916,1790295192301892061,1790295192302000000,152090829329030,152090829331588,1790295192523436197,1000,1
3892,28347017702065,1790295192307344024,1790295192307000000,152090834329030,152090834332150,1790295192528436348,1000,1
3893,28347024218398,1790295192313889172,1790295192314000000,152090839329030,152090839330648,1790295192533434837,1000,1
3894,28347028377842,1790295192317901098,1790295192318000000,152090844329030,152090844331330,1790295192538435559,1000,1
3895,28347032256435,1790295192321897320,1790295192322000000,152090849329030,152090849331293,1790295192543436103,1000,1
3896,28347037181990,1790295192326774653,1790295192327000000,152090854329030,152090854331023,1790295192548435252,1000,1
3897,28347044236250,1790295192333894061,1790295192334000000,152090859329030,152090859330804,1790295192553434953,1000,1
3898,28347048263916,1790295192337837764,1790295192338000000,152090864329030,152090864329713,1790295192558433290,1000,1
3899,28347052293509,1790295192341900098,1790295192342000000,152090869329030,152090869329564,1790295192563432591,1000,1
3900,28347059618583,1790295192349198542,1790295192349000000,152090874329030,152090874329587,1790295192568432603,1000,1
3901,28347064232324,1790295192353889542,1790295192354000000,152090879329030,152090879331090,1790295192573434798,1000,1
3902,28347068173805,1790295192357889431,1790295192358000000,152090884329030,152090884331512,1790295192578435711,1000,1
3903,28347076314361,1790295192365894950,1790295192366000000,152090889329030,152090889331092,1790295192583435311,1000,1
3904,28347080240990,1790295192369895876,1790295192370000000,152090894329030,152090894331104,1790295192588435253,1000,1
3905,28347082772176,1790295192372404505,1790295192372000000,152090899329030,152090899330926,1790295192593434904,1000,1
3906,28347088205620,1790295192377895579,1790295192378000000,152090904329030,152090904331347,1790295192598435526,1000,1
3907,28347096384805,1790295192385907135,1790295192386000000,152090909329030,152090909330006,1790295192603433533,1000,1
3908,28347100287768,1790295192389900579,1790295192390000000,152090914329030,152090914329617,1790295192608432633,1000,1
3909,28347104535731,1790295192393892690,1790295192394000000,152090919329030,152090919331552,1790295192613435921,1000,1
3910,28347108291398,1790295192397897727,1790295192398000000,152090924329030,152090924331163,1790295192618435361,1000,1
3911,28347112170027,1790295192401893246,1790295192402000000,152090929329030,152090929331154,1790295192623434771,1000,1
3912,28347120333472,1790295192409900987,1790295192410000000,152090934329030,152090934331575,1790295192628435804,1000,1
3913,28347124251139,1790295192413898431,1790295192414000000,152090939329030,152090939329854,1790295192633433692,1000,1
3914,28347127702768,1790295192416788431,1790295192417000000,152090944329030,152090944331529,1790295192638435788,1000,1
3915,28347132228768,1790295192421891579,1790295192422000000,152090949329030,152090949332081,1790295192643436370,1000,1
3916,28347138208953,1790295192427843283,1790295192428000000,152090954329030,152090954330619,1790295192648434417,1000,1
3917,28347144348583,1790295192433899913,1790295192434000000,152090959329030,152090959330911,1790295192653435179,1000,1
3918,28347148289620,1790295192437897246,1790295192438000000,152090964329030,152090964331524,1790295192658435793,1000,1
3920,28347159711361,1790295192449294209,1790295192449000000,152090974329030,152090974330274,1790295192668433862,1000,1
3921,28347164305694,1790295192453899801,1790295192454000000,152090979329030,152090979332048,1790295192673436217,1000,1
3922,28347168247398,1790295192457892246,1790295192458000000,152090984329030,152090984332031,1790295192678436220,1000,1
3923,28347173076990,1790295192462447950,1790295192462000000,152090989329030,152090989331170,1790295192683435289,1000,1
3924,28347180285731,1790295192469900024,1790295192470000000,152090994329030,152090994330640,1790295192688434158,1000,1
3925,28347183552398,1790295192473098135,1790295192473000000,152090999329030,152090999331613,1790295192693435842,1000,1
3926,28347188216768,1790295192477888653,1790295192478000000,152091004329030,152091004331404,1790295192698435552,1000,1
3927,28347192159287,1790295192481889764,1790295192482000000,152091009329030,152091009331086,1790295192703435365,1000,1
3928,28347200351842,1790295192489899431,1790295192490000000,152091014329030,152091014332510,1790295192708436678,1000,1
3929,28347204260287,1790295192493897542,1790295192494000000,152091019329030,152091019330988,1790295192713436248,1000,1
3930,28347208299064,1790295192497894542,1790295192498000000,152091024329030,152091024330398,1790295192718434867,1000,1
3931,28347212165916,1790295192501889764,1790295192502000000,152091029329030,152091029330771,1790295192723434519,1000,1
3932,28347217142620,1790295192506688135,1790295192507000000,152091034329030,152091034330020,1790295192728433307,1000,1
3933,28347224351657,1790295192513898542,1790295192514000000,152091039329030,152091039329530,1790295192733432547,1000,1
3934,28347228515398,1790295192517840135,1790295192518000000,152091044329030,152091044329722,1790295192738432738,1000,1
3935,28347232285842,1790295192521896061,1790295192522000000,152091049329030,152091049329783,1790295192743432800,1000,1
3936,28347239540250,1790295192529106838,1790295192529000000,152091054329030,152091054329595,1790295192748432612,1000,1
3937,28347244372694,1790295192533899950,1790295192534000000,152091059329030,152091059330939,1790295192753435107,1000,1
3938,28347248252176,1790295192537895135,1790295192538000000,152091064329030,152091064331441,1790295192758435910,1000,1
3939,28347252275139,1790295192541896024,1790295192542000000,152091069329030,152091069331572,1790295192763435781,1000,1
3940,28347260167435,1790295192549887172,1790295192550000000,152091074329030,152091074330011,1790295192768433588,1000,1
3941,28347263094064,1790295192552467320,1790295192552000000,152091079329030,152091079331555,1790295192773435764,1000,1
3942,28347268287546,1790295192557900061,1790295192558000000,152091084329030,152091084330705,1790295192778435134,1000,1
3943,28347272233324,1790295192561893135,1790295192562000000,152091089329030,152091089330576,1790295192783435035,1000,1
3944,28347278495398,1790295192568133542,1790295192568000000,152091094329030,152091094331359,1790295192788435528,1000,1
3945,28347284184731,1790295192573884653,1790295192574000000,152091099329030,152091099331762,1790295192793436261,1000,1
3946,28347288333176,1790295192577908320,1790295192578000000,152091104329030,152091104331532,1790295192798435711,1000,1
3947,28347292284509,1790295192581916098,1790295192582000000,152091109329030,152091109331122,1790295192803435652,1000,1
3948,28347300270361,1790295192589894838,1790295192590000000,152091114329030,152091114332005,1790295192808436504,1000,1
3949,28347304174250,1790295192593891283,1790295192594000000,152091119329030,152091119331846,1790295192813436135,1000,1
3950,28347308390250,1790295192597958061,1790295192598000000,152091124329030,152091124331107,1790295192818435236,1000,1
3951,28347312268953,1790295192601915616,1790295192602000000,152091129329030,152091129331349,1790295192823434896,1000,1
3952,28347318339324,1790295192607934579,1790295192608000000,152091134329030,152091134332071,1790295192828436310,1000,1
3953,28347324217398,1790295192613891950,1790295192614000000,152091139329030,152091139330940,1790295192833435119,1000,1
3954,28347328160731,1790295192617889061,1790295192618000000,152091144329030,152091144331103,1790295192838435282,1000,1
3955,28347332335472,1790295192621905727,1790295192622000000,152091149329030,152091149330633,1790295192843434822,1000,1
3956,28347338075361,1790295192627737209,1790295192627000000,152091154329030,152091154331586,1790295192848435755,1000,1
3957,28347344247768,1790295192633894801,1790295192634000000,152091159329030,152091159331006,1790295192853435175,1000,1
3958,28347348169064,1790295192637889246,1790295192638000000,152091164329030,152091164331901,1790295192858436420,1000,1
3959,28347352151398,1790295192641618505,1790295192642000000,152091169329030,152091169332242,1790295192863436571,1000,1
3960,28347360320953,1790295192649900098,1790295192650000000,152091174329030,152091174330019,1790295192868433917,1000,1
3961,28347363372990,1790295192652993209,1790295192653000000,152091179329030,152091179331473,1790295192873435651,1000,1
3962,28347368233472,1790295192657897320,1790295192658000000,152091184329030,152091184331824,1790295192878436003,1000,1
3963,28347372136657,1790295192661884172,1790295192662000000,152091189329030,152091189331106,1790295192883435285,1000,1
3964,28347380348842,1790295192669909209,1790295192670000000,152091194329030,152091194330746,1790295192888434274,1000,1
3965,28347384251472,1790295192673896024,1790295192674000000,152091199329030,152091199331358,1790295192893435888,1000,1
3966,28347388245879,1790295192677903949,1790295192678000000,152091204329030,152091204331830,1790295192898435979,1000,1
3967,28347392155731,1790295192681896542,1790295192682000000,152091209329030,152091209330912,1790295192903435140,1000,1
3968,28347398471620,1790295192688027246,1790295192688000000,152091214329030,152091214332045,1790295192908436223,1000,1
3969,28347404258472,1790295192693897764,1790295192694000000,152091219329030,152091219331535,1790295192913436064,1000,1
3970,28347408248842,1790295192697896209,1790295192698000000,152091224329030,152091224331055,1790295192918435203,1000,1
3971,28347412226287,1790295192701896431,1790295192702000000,152091229329030,152091229331777,1790295192923436266,1000,1
3972,28347419601398,1790295192709204542,1790295192709000000,152091234329030,152091234332311,1790295192928436480,1000,1
3973,28347424242990,1790295192713894505,1790295192714000000,152091239329030,152091239331320,1790295192933435459,1000,1
3974,28347428183768,1790295192717886690,1790295192718000000,152091244329030,152091244330971,1790295192938435149,1000,1
3975,28347432304324,1790295192721903320,1790295192722000000,152091249329030,152091249330551,1790295192943434770,1000,1
3976,28347440239620,1790295192729889209,1790295192730000000,152091254329030,152091254332175,1790295192948436314,1000,1
3977,28347442090101,1790295192731795875,1790295192731000000,152091259329030,152091259331127,1790295192953435295,1000,1
3978,28347448191916,1790295192737897690,1790295192738000000,152091264329030,152091264332360,1790295192958436629,1000,1
3979,28347452244879,1790295192741902098,1790295192742000000,152091269329030,152091269331639,1790295192963435738,1000,1
3980,28347460383731,1790295192749911431,1790295192750000000,152091274329030,152091274331380,1790295192968435539,1000,1
3981,28347464263027,1790295192753906801,1790295192754000000,152091279329030,152091279331591,1790295192973436321,1000,1
3982,28347468296249,1790295192757897172,1790295192758000000,152091284329030,152091284330821,1790295192978434979,1000,1
3983,28347472176657,1790295192761896172,1790295192762000000,152091289329030,152091289331032,1790295192983435311,1000,1
3984,28347480312546,1790295192769901098,1790295192770000000,152091294329030,152091294331344,1790295192988435512,1000,1
3985,28347484329101,1790295192773918431,1790295192774000000,152091299329030,152091299332096,1790295192993436335,1000,1
3986,28347487180509,1790295192776782135,1790295192777000000,152091304329030,152091304331137,1790295192998435426,1000,1
3987,28347492259990,1790295192781893468,1790295192782000000,152091309329030,152091309330968,1790295193003435127,1000,1
3988,28347497171361,1790295192786843394,1790295192787000000,152091314329030,152091314332011,1790295193008436150,1000,1
3989,28347507073509,1790295192796612283,1790295192796000000,152091319329030,152091319331752,1790295193013436090,1000,1
3990,28347508356842,1790295192797894801,1790295192798000000,152091324329030,152091324330632,1790295193018434771,1000,1
3991,28347512245064,1790295192801896209,1790295192802000000,152091329329030,152091329331314,1790295193023435162,1000,1
3992,28347520257509,1790295192809896690,1790295192810000000,152091334329030,152091334332087,1790295193028436205,1000,1
3993,28347524328953,1790295192813898764,1790295192814000000,152091339329030,152091339331527,1790295193033435766,1000,1
3994,28347528224694,1790295192817896060,1790295192818000000,152091344329030,152091344331079,1790295193038435498,1000,1
3995,28347532200064,1790295192821801653,1790295192822000000,152091349329030,152091349331841,1790295193043436020,1000,1
3996,28347538074398,1790295192827753764,1790295192827000000,152091354329030,152091354329959,1790295193048433847,1000,1
3997,28347543279546,1790295192832846653,1790295192833000000,152091359329030,152091359330922,1790295193053435130,1000,1
3998,28347548448509,1790295192837911060,1790295192838000000,152091364329030,152091364329732,1790295193058432749,1000,1
3999,28347552243657,1790295192841898135,1790295192842000000,152091369329030,152091369329593,1790295193063432619,1000,1
