sequence,intended_deadline_ns,packet_stamp_ns,host_wall_ns,send_call_start_ns,send_call_end_ns,send_call_duration_us,pacing_lateness_us,status,bytes_sent,error
0,152071374329030,152071374332512,1790295173068436741,152071374368420,152071374507744,139.324,39.39,sent,1000,
1,152071379329030,152071379332664,1790295173073437063,152071379352251,152071379462369,110.118,23.221,sent,1000,
2,152071384329030,152071384330982,1790295173078435140,152071384347944,152071384451660,103.716,18.914,sent,1000,
3,152071389329030,152071389330592,1790295173083435121,152071389346572,152071389443736,97.164,17.542,sent,1000,
4,152071394329030,152071394331414,1790295173088435894,152071394349398,152071394452955,103.557,20.368,sent,1000,
5,152071399329030,152071399331337,1790295173093435626,152071399348720,152071399452226,103.506,19.69,sent,1000,
6,152071404329030,152071404331569,1790295173098435848,152071404349142,152071404453339,104.197,20.112,sent,1000,
7,152071409329030,152071409332081,1790295173103436359,152071409348973,152071409453250,104.277,19.943,sent,1000,
8,152071414329030,152071414331651,1790295173108436110,152071414348944,152071414452179,103.235,19.914,sent,1000,
9,152071419329030,152071419331021,1790295173113435249,152071419347802,152071419451779,103.977,18.772,sent,1000,
10,152071424329030,152071424331052,1790295173118435260,152071424348414,152071424455016,106.602,19.384,sent,1000,
11,152071429329030,152071429331684,1790295173123436433,152071429349157,152071429453034,103.877,20.127,sent,1000,
12,152071434329030,152071434330983,1790295173128435192,152071434347635,152071434452574,104.939,18.605,sent,1000,
13,152071439329030,152071439331405,1790295173133435624,152071439348728,152071439453506,104.778,19.698,sent,1000,
14,152071444329030,152071444330544,1790295173138435114,152071444340934,152071444400397,59.463,11.904,sent,1000,
15,152071449329030,152071449331808,1790295173143435966,152071449348770,152071449452987,104.217,19.74,sent,1000,
16,152071454329030,152071454330256,1790295173148433763,152071454340094,152071454398906,58.812,11.064,sent,1000,
17,152071459329030,152071459331680,1790295173153435978,152071459348962,152071459454172,105.21,19.932,sent,1000,
18,152071464329030,152071464331861,1790295173158436100,152071464348823,152071464454894,106.071,19.793,sent,1000,
19,152071469329030,152071469331160,1790295173163435489,152071469348032,152071469449475,101.443,19.002,sent,1000,
20,152071474329030,152071474331462,1790295173168435691,152071474347873,152071474452181,104.308,18.843,sent,1000,
21,152071479329030,152071479331523,1790295173173435632,152071479347153,152071479450699,103.546,18.123,sent,1000,
22,152071484329030,152071484331194,1790295173178435432,152071484348306,152071484453595,105.289,19.276,sent,1000,
23,152071489329030,152071489331066,1790295173183435265,152071489347768,152071489450032,102.264,18.738,sent,1000,
24,152071494329030,152071494331749,1790295173188436318,152071494348530,152071494453349,104.819,19.5,sent,1000,
25,152071499329030,152071499330658,1790295173193434566,152071499340346,152071499400029,59.683,11.316,sent,1000,
26,152071504329030,152071504330749,1790295173198434897,152071504348282,152071504452369,104.087,19.252,sent,1000,
27,152071509329030,152071509331561,1790295173203435680,152071509348623,152071509452731,104.108,19.593,sent,1000,
28,152071514329030,152071514331011,1790295173208434979,152071514340960,152071514400573,59.613,11.93,sent,1000,
29,152071519329030,152071519330872,1790295173213435101,152071519348665,152071519452442,103.777,19.635,sent,1000,
30,152071524329030,152071524330913,1790295173218435222,152071524346983,152071524444528,97.545,17.953,sent,1000,
31,152071529329030,152071529330874,1790295173223434472,152071529340493,152071529398853,58.36,11.463,sent,1000,
32,152071534329030,152071534331048,1790295173228435387,152071534347669,152071534452117,104.448,18.639,sent,1000,
33,152071539329030,152071539331059,1790295173233435358,152071539347951,152071539450154,102.203,18.921,sent,1000,
34,152071544329030,152071544332041,1790295173238436260,152071544349424,152071544453822,104.398,20.394,sent,1000,
35,152071549329030,152071549331932,1790295173243436101,152071549369624,152071549472208,102.584,40.594,sent,1000,
36,152071554329030,152071554330951,1790295173248435180,152071554348074,152071554452361,104.287,19.044,sent,1000,
37,152071559329030,152071559331283,1790295173253435401,152071559347874,152071559451060,103.186,18.844,sent,1000,
38,152071564329030,152071564331174,1790295173258436044,152071564348376,152071564453235,104.859,19.346,sent,1000,
39,152071569329030,152071569331245,1790295173263435544,152071569348668,152071569456432,107.764,19.638,sent,1000,
40,152071574329030,152071574331286,1790295173268435695,152071574348579,152071574453157,104.578,19.549,sent,1000,
41,152071579329030,152071579331810,1790295173273436039,152071579349223,152071579453901,104.678,20.193,sent,1000,
42,152071584329030,152071584331651,1790295173278435819,152071584347681,152071584451458,103.777,18.651,sent,1000,
43,152071589329030,152071589331181,1790295173283435399,152071589348293,152071589453392,105.099,19.263,sent,1000,
44,152071594329030,152071594332003,1790295173288436212,152071594348625,152071594455046,106.421,19.595,sent,1000,
45,152071599329030,152071599331904,1790295173293436153,152071599348135,152071599452573,104.438,19.105,sent,1000,
46,152071604329030,152071604330783,1790295173298435022,152071604347685,152071604452193,104.508,18.655,sent,1000,
47,152071609329030,152071609330914,1790295173303435744,152071609348778,152071609446563,97.785,19.748,sent,1000,
48,152071614329030,152071614331616,1790295173308436005,152071614348488,152071614452165,103.677,19.458,sent,1000,
49,152071619329030,152071619330946,1790295173313435175,152071619348018,152071619453428,105.41,18.988,sent,1000,
50,152071624329030,152071624331117,1790295173318435296,152071624347709,152071624453139,105.43,18.679,sent,1000,
51,152071629329030,152071629331800,1790295173323436259,152071629349463,152071629454923,105.46,20.433,sent,1000,
52,152071634329030,152071634331230,1790295173328435498,152071634348412,152071634452910,104.498,19.382,sent,1000,
53,152071639329030,152071639330770,1790295173333434968,152071639347682,152071639452640,104.958,18.652,sent,1000,
54,152071644329030,152071644331672,1790295173338435931,152071644349135,152071644453263,104.128,20.105,sent,1000,
55,152071649329030,152071649331974,1790295173343436122,152071649348505,152071649453374,104.869,19.475,sent,1000,
56,152071654329030,152071654330392,1790295173348433919,152071654340050,152071654400685,60.635,11.02,sent,1000,
57,152071659329030,152071659331104,1790295173353434622,152071659340572,152071659399073,58.501,11.542,sent,1000,
58,152071664329030,152071664331476,1790295173358436426,152071664350091,152071664456282,106.191,21.061,sent,1000,
59,152071669329030,152071669330647,1790295173363434836,152071669346898,152071669446797,99.899,17.868,sent,1000,
60,152071674329030,152071674331520,1790295173368435869,152071674348993,152071674454442,105.449,19.963,sent,1000,
61,152071679329030,152071679331671,1790295173373435870,152071679348863,152071679455576,106.713,19.833,sent,1000,
62,152071684329030,152071684331461,1790295173378435780,152071684349486,152071684456689,107.203,20.456,sent,1000,
63,152071689329030,152071689331242,1790295173383435491,152071689348264,152071689452181,103.917,19.234,sent,1000,
64,152071694329030,152071694331774,1790295173388436243,152071694349407,152071694456300,106.893,20.377,sent,1000,
65,152071699329030,152071699331444,1790295173393435923,152071699349058,152071699453726,104.668,20.028,sent,1000,
66,152071704329030,152071704330854,1790295173398435073,152071704348928,152071704453757,104.829,19.898,sent,1000,
67,152071709329030,152071709331967,1790295173403436487,152071709349641,152071709456623,106.982,20.611,sent,1000,
68,152071714329030,152071714332121,1790295173408436339,152071714349534,152071714455885,106.351,20.504,sent,1000,
69,152071719329030,152071719331090,1790295173413435338,152071719349054,152071719456227,107.173,20.024,sent,1000,
70,152071724329030,152071724331602,1790295173418435900,152071724349435,152071724454284,104.849,20.405,sent,1000,
71,152071729329030,152071729355257,1790295173423458795,152071729365026,152071729424819,59.793,35.996,sent,1000,
72,152071734329030,152071734330381,1790295173428433889,152071734338647,152071734391267,52.62,9.617,sent,1000,
73,152071739329030,152071739329721,1790295173433432757,152071739333218,152071739359938,26.72,4.188,sent,1000,
74,152071744329030,152071744347646,1790295173438450662,152071744350982,152071744371170,20.188,21.952,sent,1000,
75,152071749329030,152071749329613,1790295173443432629,152071749332809,152071749355822,23.013,3.779,sent,1000,
76,152071754329030,152071754329655,1790295173448432671,152071754332971,152071754357648,24.677,3.941,sent,1000,
77,152071759329030,152071759329686,1790295173453432703,152071759332852,152071759356948,24.096,3.822,sent,1000,
78,152071764329030,152071764329537,1790295173458432564,152071764333715,152071764367930,34.215,4.685,sent,1000,
79,152071769329030,152071769330770,1790295173463434909,152071769348093,152071769454104,106.011,19.063,sent,1000,
80,152071774329030,152071774331443,1790295173468435691,152071774348455,152071774452502,104.047,19.425,sent,1000,
81,152071779329030,152071779330532,1790295173473434430,152071779340280,152071779399733,59.453,11.25,sent,1000,
82,152071784329030,152071784331515,1790295173478435693,152071784348497,152071784453135,104.638,19.467,sent,1000,
83,152071789329030,152071789331155,1790295173483435334,152071789348348,152071789453076,104.728,19.318,sent,1000,
84,152071794329030,152071794331877,1790295173488436176,152071794349210,152071794450763,101.553,20.18,sent,1000,
85,152071799329030,152071799331117,1790295173493434885,152071799340725,152071799399557,58.832,11.695,sent,1000,
86,152071804329030,152071804331140,1790295173498435599,152071804348843,152071804453251,104.408,19.813,sent,1000,
87,152071809329030,152071809331391,1790295173503435840,152071809347251,152071809447100,99.849,18.221,sent,1000,
88,152071814329030,152071814331192,1790295173508435360,152071814341030,152071814400243,59.213,12.0,sent,1000,
89,152071819329030,152071819329740,1790295173513432766,152071819333176,152071819357452,24.276,4.146,sent,1000,
90,152071824329030,152071824331043,1790295173518435372,152071824347775,152071824451271,103.496,18.745,sent,1000,
91,152071829329030,152071829331425,1790295173523435924,152071829348467,152071829452565,104.098,19.437,sent,1000,
92,152071834329030,152071834331206,1790295173528435354,152071834348559,152071834453097,104.538,19.529,sent,1000,
93,152071839329030,152071839330435,1790295173533433963,152071839339913,152071839398765,58.852,10.883,sent,1000,
94,152071844329030,152071844331528,1790295173538435677,152071844348601,152071844454241,105.64,19.571,sent,1000,
95,152071849329030,152071849331682,1790295173543435860,152071849349155,152071849453482,104.327,20.125,sent,1000,
96,152071854329030,152071854329939,1790295173548433477,152071854339487,152071854397517,58.03,10.457,sent,1000,
97,152071859329030,152071859329870,1790295173553433378,152071859338396,152071859392980,54.584,9.366,sent,1000,
98,152071864329030,152071864329440,1790295173558432457,152071864333558,152071864358235,24.677,4.528,sent,1000,
99,152071869329030,152071869331084,1790295173563435283,152071869348928,152071869456171,107.243,19.898,sent,1000,
100,152071874329030,152071874330594,1790295173568434152,152071874340293,152071874399725,59.432,11.263,sent,1000,
101,152071879329030,152071879331006,1790295173573434904,152071879340765,152071879399776,59.011,11.735,sent,1000,
102,152071884329030,152071884331739,1790295173578435907,152071884349001,152071884452377,103.376,19.971,sent,1000,
103,152071889329030,152071889330017,1790295173583433484,152071889338633,152071889392916,54.283,9.603,sent,1000,
104,152071894329030,152071894331081,1790295173588434979,152071894341280,152071894401384,60.104,12.25,sent,1000,
105,152071899329030,152071899330952,1790295173593434810,152071899340480,152071899398760,58.28,11.45,sent,1000,
106,152071904329030,152071904330041,1790295173598433578,152071904339419,152071904398651,59.232,10.389,sent,1000,
107,152071909329030,152071909330673,1790295173603434241,152071909340031,152071909398912,58.881,11.001,sent,1000,
108,152071914329030,152071914330914,1790295173608434742,152071914340412,152071914397972,57.56,11.382,sent,1000,
109,152071919329030,152071919330825,1790295173613435074,152071919348068,152071919450963,102.895,19.038,sent,1000,
110,152071924329030,152071924330666,1790295173618434223,152071924340384,152071924399396,59.012,11.354,sent,1000,
111,152071929329030,152071929329384,1790295173623432331,152071929331949,152071929350234,18.285,2.919,sent,1000,
112,152071934329030,152071934331189,1790295173628434726,152071934341328,152071934400160,58.832,12.298,sent,1000,
113,152071939329030,152071939330871,1790295173633435119,152071939348424,152071939452762,104.338,19.394,sent,1000,
114,152071944329030,152071944331814,1790295173638435952,152071944349016,152071944453975,104.959,19.986,sent,1000,
115,152071949329030,152071949331274,1790295173643435893,152071949348286,152071949445520,97.234,19.256,sent,1000,
116,152071954329030,152071954329962,1790295173648433500,152071954339550,152071954399043,59.493,10.52,sent,1000,
117,152071959329030,152071959329612,1790295173653432629,152071959332829,152071959356223,23.394,3.799,sent,1000,
118,152071964329030,152071964331838,1790295173658436046,152071964348309,152071964451895,103.586,19.279,sent,1000,
119,152071969329030,152071969331268,1790295173663435466,152071969348881,152071969451716,102.835,19.851,sent,1000,
120,152071974329030,152071974331178,1790295173668435317,152071974371785,152071974475842,104.057,42.755,sent,1000,
121,152071979329030,152071979331600,1790295173673435789,152071979349324,152071979457268,107.944,20.294,sent,1000,
122,152071984329030,152071984331721,1790295173678435950,152071984349455,152071984453262,103.807,20.425,sent,1000,
123,152071989329030,152071989330773,1790295173683434941,152071989348316,152071989451882,103.566,19.286,sent,1000,
124,152071994329030,152071994331535,1790295173688435073,152071994341013,152071994400365,59.352,11.983,sent,1000,
125,152071999329030,152071999330504,1790295173693434703,152071999347156,152071999447255,100.099,18.126,sent,1000,
126,152072004329030,152072004330966,1790295173698435405,152072004350773,152072004462225,111.452,21.743,sent,1000,
127,152072009329030,152072009331478,1790295173703435737,152072009348901,152072009450002,101.101,19.871,sent,1000,
128,152072014329030,152072014329425,1790295173708432441,152072014332611,152072014347249,14.638,3.581,sent,1000,
129,152072019329030,152072019329686,1790295173713432693,152072019333313,152072019357699,24.386,4.283,sent,1000,
130,152072024329030,152072024329627,1790295173718432624,152072024332884,152072024357089,24.205,3.854,sent,1000,
131,152072029329030,152072029329560,1790295173723432556,152072029332896,152072029359066,26.17,3.866,sent,1000,
132,152072034329030,152072034329551,1790295173728432557,152072034332727,152072034355991,23.264,3.697,sent,1000,
133,152072039329030,152072039329552,1790295173733432558,152072039332768,152072039356383,23.615,3.738,sent,1000,
134,152072044329030,152072044331336,1790295173738435845,152072044348328,152072044450732,102.404,19.298,sent,1000,
135,152072049329030,152072049331938,1790295173743436157,152072049349401,152072049447557,98.156,20.371,sent,1000,
136,152072054329030,152072054329955,1790295173748433874,152072054340295,152072054399237,58.942,11.265,sent,1000,
137,152072059329030,152072059331189,1790295173753435428,152072059349173,152072059454973,105.8,20.143,sent,1000,
138,152072064329030,152072064331601,1790295173758435990,152072064348743,152072064452169,103.426,19.713,sent,1000,
139,152072069329030,152072069330900,1790295173763435309,152072069348704,152072069446730,98.026,19.674,sent,1000,
140,152072074329030,152072074330451,1790295173768434009,152072074340630,152072074398570,57.94,11.6,sent,1000,
141,152072079329030,152072079331445,1790295173773435593,152072079348607,152072079452815,104.208,19.577,sent,1000,
142,152072084329030,152072084330805,1790295173778435614,152072084349189,152072084453026,103.837,20.159,sent,1000,
143,152072089329030,152072089330956,1790295173783435144,152072089347948,152072089451384,103.436,18.918,sent,1000,
144,152072094329030,152072094330897,1790295173788434544,152072094341066,152072094399286,58.22,12.036,sent,1000,
145,152072099329030,152072099330797,1790295173793434655,152072099340576,152072099399257,58.681,11.546,sent,1000,
146,152072104329030,152072104331049,1790295173798435378,152072104348632,152072104445686,97.054,19.602,sent,1000,
147,152072109329030,152072109331090,1790295173803435188,152072109348082,152072109449144,101.062,19.052,sent,1000,
148,152072114329030,152072114329839,1790295173808433386,152072114339447,152072114393269,53.822,10.417,sent,1000,
149,152072119329030,152072119331013,1790295173813435162,152072119348496,152072119452473,103.977,19.466,sent,1000,
150,152072124329030,152072124331155,1790295173818435303,152072124348648,152072124452915,104.267,19.618,sent,1000,
151,152072129329030,152072129330224,1790295173823434423,152072129346555,152072129439230,92.675,17.525,sent,1000,
152,152072134329030,152072134330906,1790295173828434744,152072134340584,152072134399987,59.403,11.554,sent,1000,
153,152072139329030,152072139330927,1790295173833435146,152072139349071,152072139455623,106.552,20.041,sent,1000,
154,152072144329030,152072144331499,1790295173838435027,152072144341187,152072144400730,59.543,12.157,sent,1000,
155,152072149329030,152072149331781,1790295173843435969,152072149349725,152072149454243,104.518,20.695,sent,1000,
156,152072154329030,152072154330038,1790295173848433556,152072154339937,152072154400422,60.485,10.907,sent,1000,
157,152072159329030,152072159331302,1790295173853435460,152072159349015,152072159451319,102.304,19.985,sent,1000,
158,152072164329030,152072164332016,1790295173858436295,152072164349048,152072164453306,104.258,20.018,sent,1000,
159,152072169329030,152072169331476,1790295173863435785,152072169349190,152072169454209,105.019,20.16,sent,1000,
160,152072174329030,152072174331146,1790295173868435335,152072174348950,152072174453388,104.438,19.92,sent,1000,
161,152072179329030,152072179331769,1790295173873435937,152072179348580,152072179451365,102.785,19.55,sent,1000,
162,152072184329030,152072184331790,1790295173878436619,152072184349653,152072184455334,105.681,20.623,sent,1000,
163,152072189329030,152072189330919,1790295173883435078,152072189348442,152072189452088,103.646,19.412,sent,1000,
164,152072194329030,152072194331621,1790295173888435780,152072194349124,152072194454344,105.22,20.094,sent,1000,
165,152072199329030,152072199331712,1790295173893436151,152072199349787,152072199457230,107.443,20.757,sent,1000,
166,152072204329030,152072204331202,1790295173898435401,152072204348716,152072204451671,102.955,19.686,sent,1000,
167,152072209329030,152072209331344,1790295173903435512,152072209349348,152072209457733,108.385,20.318,sent,1000,
168,152072214329030,152072214331216,1790295173908436005,152072214349731,152072214457886,108.155,20.701,sent,1000,
169,152072219329030,152072219331537,1790295173913435766,152072219349211,152072219456303,107.092,20.181,sent,1000,
170,152072224329030,152072224331218,1790295173918435576,152072224348731,152072224454140,105.409,19.701,sent,1000,
171,152072229329030,152072229331669,1790295173923436129,152072229349764,152072229459001,109.237,20.734,sent,1000,
172,152072234329030,152072234331770,1790295173928436320,152072234349735,152072234457699,107.964,20.705,sent,1000,
173,152072239329030,152072239330219,1790295173933433766,152072239339546,152072239399780,60.234,10.516,sent,1000,
174,152072244329030,152072244331181,1790295173938435741,152072244348594,152072244452381,103.787,19.564,sent,1000,
175,152072249329030,152072249332064,1790295173943437144,152072249350148,152072249449266,99.118,21.118,sent,1000,
176,152072254329030,152072254330833,1790295173948435313,152072254348747,152072254451672,102.925,19.717,sent,1000,
177,152072259329030,152072259361513,1790295173953466093,152072259379127,152072259485178,106.051,50.097,sent,1000,
178,152072264329030,152072264331558,1790295173958436047,152072264348890,152072264453599,104.709,19.86,sent,1000,
179,152072269329030,152072269330877,1790295173963434425,152072269340465,152072269426208,85.743,11.435,sent,1000,
180,152072274329030,152072274331379,1790295173968435568,152072274349874,152072274456145,106.271,20.844,sent,1000,
181,152072279329030,152072279330989,1790295173973435639,152072279348392,152072279451928,103.536,19.362,sent,1000,
182,152072284329030,152072284331511,1790295173978436001,152072284348894,152072284452941,104.047,19.864,sent,1000,
183,152072289329030,152072289330991,1790295173983435240,152072289348565,152072289452532,103.967,19.535,sent,1000,
184,152072294329030,152072294331884,1790295173988436093,152072294349177,152072294455368,106.191,20.147,sent,1000,
185,152072299329030,152072299331275,1790295173993435824,152072299348738,152072299452775,104.037,19.708,sent,1000,
186,152072304329030,152072304330204,1790295173998433752,152072304339432,152072304397993,58.561,10.402,sent,1000,
187,152072309329030,152072309330997,1790295174003435255,152072309347989,152072309454200,106.211,18.959,sent,1000,
188,152072314329030,152072314330867,1790295174008435126,152072314347759,152072314449572,101.813,18.729,sent,1000,
189,152072319329030,152072319331389,1790295174013435568,152072319348261,152072319453040,104.779,19.231,sent,1000,
190,152072324329030,152072324330939,1790295174018435188,152072324348443,152072324455485,107.042,19.413,sent,1000,
191,152072329329030,152072329331852,1790295174023436091,152072329349756,152072329450046,100.29,20.726,sent,1000,
192,152072334329030,152072334332274,1790295174028436493,152072334349336,152072334452241,102.905,20.306,sent,1000,
193,152072339329030,152072339330301,1790295174033434490,152072339347885,152072339454907,107.022,18.855,sent,1000,
194,152072344329030,152072344330905,1790295174038434553,152072344340534,152072344399195,58.661,11.504,sent,1000,
195,152072349329030,152072349331678,1790295174043436237,152072349349311,152072349453218,103.907,20.281,sent,1000,
196,152072354329030,152072354329625,1790295174048432631,152072354332951,152072354356486,23.535,3.921,sent,1000,
197,152072359329030,152072359331209,1790295174053435478,152072359348822,152072359452348,103.526,19.792,sent,1000,
198,152072364329030,152072364331651,1790295174058435799,152072364348843,152072364453041,104.198,19.813,sent,1000,
199,152072369329030,152072369330650,1790295174063434327,152072369340218,152072369398348,58.13,11.188,sent,1000,
200,152072374329030,152072374330370,1790295174068433888,152072374339257,152072374397678,58.421,10.227,sent,1000,
201,152072379329030,152072379331002,1790295174073434921,152072379341081,152072379399682,58.601,12.051,sent,1000,
202,152072384329030,152072384331565,1790295174078436084,152072384349158,152072384454297,105.139,20.128,sent,1000,
203,152072389329030,152072389330235,1790295174083433752,152072389339602,152072389399436,59.834,10.572,sent,1000,
204,152072394329030,152072394330957,1790295174088434885,152072394340505,152072394398405,57.9,11.475,sent,1000,
205,152072399329030,152072399332170,1790295174093436349,152072399372126,152072399474490,102.364,43.096,sent,1000,
206,152072404329030,152072404329977,1790295174098433525,152072404339645,152072404394650,55.005,10.615,sent,1000,
207,152072409329030,152072409330118,1790295174103433866,152072409339326,152072409392587,53.261,10.296,sent,1000,
208,152072414329030,152072414330590,1790295174108434448,152072414340469,152072414400352,59.883,11.439,sent,1000,
209,152072419329030,152072419331102,1790295174113434880,152072419340951,152072419399782,58.831,11.921,sent,1000,
210,152072424329030,152072424330873,1790295174118435081,152072424348656,152072424447564,98.908,19.626,sent,1000,
211,152072429329030,152072429330804,1790295174123434522,152072429339430,152072429391509,52.079,10.4,sent,1000,
212,152072434329030,152072434331227,1790295174128434754,152072434340705,152072434399396,58.691,11.675,sent,1000,
213,152072439329030,152072439330316,1790295174133434655,152072439347649,152072439453520,105.871,18.619,sent,1000,
214,152072444329030,152072444331089,1790295174138434636,152072444340547,152072444399548,59.001,11.517,sent,1000,
215,152072449329030,152072449331971,1790295174143436180,152072449349384,152072449458431,109.047,20.354,sent,1000,
216,152072454329030,152072454330509,1790295174148434027,152072454339486,152072454397687,58.201,10.456,sent,1000,
217,152072459329030,152072459331011,1790295174153435290,152072459348915,152072459452121,103.206,19.885,sent,1000,
218,152072464329030,152072464331714,1790295174158436223,152072464350349,152072464455147,104.798,21.319,sent,1000,
219,152072469329030,152072469330793,1790295174163434311,152072469339700,152072469394183,54.483,10.67,sent,1000,
220,152072474329030,152072474330897,1790295174168435065,152072474347749,152072474451235,103.486,18.719,sent,1000,
221,152072479329030,152072479331409,1790295174173436098,152072479349152,152072479453871,104.719,20.122,sent,1000,
222,152072484329030,152072484330949,1790295174178436039,152072484348752,152072484452970,104.218,19.722,sent,1000,
223,152072489329030,152072489330970,1790295174183435148,152072489347531,152072489451067,103.536,18.501,sent,1000,
224,152072494329030,152072494330600,1790295174188434708,152072494347652,152072494449044,101.392,18.622,sent,1000,
225,152072499329030,152072499330952,1790295174193434880,152072499340971,152072499398850,57.879,11.941,sent,1000,
226,152072504329030,152072504330922,1790295174198435011,152072504348235,152072504450068,101.833,19.205,sent,1000,
227,152072509329030,152072509331384,1790295174203435623,152072509349218,152072509451973,102.755,20.188,sent,1000,
228,152072514329030,152072514331506,1790295174208435033,152072514341384,152072514400486,59.102,12.354,sent,1000,
229,152072519329030,152072519331609,1790295174213435767,152072519349312,152072519454662,105.35,20.282,sent,1000,
230,152072524329030,152072524330888,1790295174218435117,152072524348572,152072524453080,104.508,19.542,sent,1000,
231,152072529329030,152072529331771,1790295174223435920,152072529349956,152072529453872,103.916,20.926,sent,1000,
232,152072534329030,152072534331652,1790295174228436151,152072534349405,152072534454414,105.009,20.375,sent,1000,
233,152072539329030,152072539330761,1790295174233434920,152072539347813,152072539452582,104.769,18.783,sent,1000,
234,152072544329030,152072544331293,1790295174238436113,152072544349377,152072544453204,103.827,20.347,sent,1000,
235,152072549329030,152072549332226,1790295174243436404,152072549349519,152072549451913,102.394,20.489,sent,1000,
236,152072554329030,152072554331155,1790295174248435283,152072554348488,152072554453326,104.838,19.458,sent,1000,
237,152072559329030,152072559330444,1790295174253434944,152072559347757,152072559446324,98.567,18.727,sent,1000,
238,152072564329030,152072564330025,1790295174258433642,152072564340204,152072564398274,58.07,11.174,sent,1000,
239,152072569329030,152072569329505,1790295174263432802,152072569336307,152072569375662,39.355,7.277,sent,1000,
240,152072574329030,152072574329636,1790295174268432722,152072574333453,152072574358731,25.278,4.423,sent,1000,
241,152072579329030,152072579329597,1790295174273432623,152072579332823,152072579356017,23.194,3.793,sent,1000,
242,152072584329030,152072584329407,1790295174278432484,152072584333876,152072584358332,24.456,4.846,sent,1000,
243,152072589329030,152072589329859,1790295174283433336,152072589338035,152072589389191,51.156,9.005,sent,1000,
244,152072594329030,152072594329690,1790295174288433207,152072594338396,152072594389483,51.087,9.366,sent,1000,
245,152072599329030,152072599330282,1790295174293433809,152072599339329,152072599394914,55.585,10.299,sent,1000,
246,152072604329030,152072604331477,1790295174298434994,152072604340704,152072604395328,54.624,11.674,sent,1000,
247,152072609329030,152072609329764,1790295174303432951,152072609333902,152072609358489,24.587,4.872,sent,1000,
248,152072614329030,152072614331028,1790295174308434896,152072614353490,152072614412692,59.202,24.46,sent,1000,
249,152072619329030,152072619332051,1790295174313436259,152072619349604,152072619454382,104.778,20.574,sent,1000,
250,152072624329030,152072624331050,1790295174318435218,152072624348643,152072624450205,101.562,19.613,sent,1000,
251,152072629329030,152072629331712,1790295174323436452,152072629349596,152072629453803,104.207,20.566,sent,1000,
252,152072634329030,152072634330400,1790295174328434960,152072634341011,152072634398189,57.178,11.981,sent,1000,
253,152072639329030,152072639330692,1790295174333435362,152072639348876,152072639453765,104.889,19.846,sent,1000,
254,152072644329030,152072644331166,1790295174338435635,152072644348609,152072644451634,103.025,19.579,sent,1000,
255,152072649329030,152072649331347,1790295174343436197,152072649349501,152072649453268,103.767,20.471,sent,1000,
256,152072654329030,152072654330817,1790295174348434966,152072654348591,152072654451165,102.574,19.561,sent,1000,
257,152072659329030,152072659331619,1790295174353435878,152072659348792,152072659453230,104.438,19.762,sent,1000,
258,152072664329030,152072664331360,1790295174358436110,152072664349494,152072664414417,64.923,20.464,sent,1000,
259,152072669329030,152072669331571,1790295174363436261,152072669349084,152072669453512,104.428,20.054,sent,1000,
260,152072674329030,152072674330320,1790295174368434509,152072674347512,152072674449225,101.713,18.482,sent,1000,
261,152072679329030,152072679331603,1790295174373436072,152072679348996,152072679452683,103.687,19.966,sent,1000,
262,152072684329030,152072684331805,1790295174378436484,152072684350119,152072684456130,106.011,21.089,sent,1000,
263,152072689329030,152072689330856,1790295174383435055,152072689348339,152072689455672,107.333,19.309,sent,1000,
264,152072694329030,152072694331418,1790295174388435897,152072694348931,152072694453129,104.198,19.901,sent,1000,
265,152072699329030,152072699332160,1790295174393436249,152072699349894,152072699455514,105.62,20.864,sent,1000,
266,152072704329030,152072704331420,1790295174398435639,152072704348953,152072704453100,104.147,19.923,sent,1000,
267,152072709329030,152072709330950,1790295174403435219,152072709348012,152072709452620,104.608,18.982,sent,1000,
268,152072714329030,152072714331803,1790295174408436262,152072714348795,152072714456409,107.614,19.765,sent,1000,
269,152072719329030,152072719331864,1790295174413436062,152072719349838,152072719457652,107.814,20.808,sent,1000,
270,152072724329030,152072724330582,1790295174418434781,152072724347614,152072724456000,108.386,18.584,sent,1000,
271,152072729329030,152072729331235,1790295174423435414,152072729348788,152072729455781,106.993,19.758,sent,1000,
272,152072734329030,152072734330796,1790295174428434915,152072734339913,152072734392904,52.991,10.883,sent,1000,
273,152072739329030,152072739329495,1790295174433432441,152072739332410,152072739351727,19.317,3.38,sent,1000,
274,152072744329030,152072744329666,1790295174438432682,152072744332882,152072744357749,24.867,3.852,sent,1000,
275,152072749329030,152072749329457,1790295174443432473,152072749332593,152072749356558,23.965,3.563,sent,1000,
276,152072754329030,152072754329668,1790295174448432674,152072754332764,152072754355747,22.983,3.734,sent,1000,
277,152072759329030,152072759335490,1790295174453439679,152072759353434,152072759460757,107.323,24.404,sent,1000,
278,152072764329030,152072764330892,1790295174458435031,152072764340891,152072764400354,59.463,11.861,sent,1000,
279,152072769329030,152072769331354,1790295174463435833,152072769349408,152072769453025,103.617,20.378,sent,1000,
280,152072774329030,152072774380709,1790295174468485017,152072774398322,152072774504663,106.341,69.292,sent,1000,
281,152072779329030,152072779331428,1790295174473436178,152072779349913,152072779453469,103.556,20.883,sent,1000,
282,152072784329030,152072784331740,1790295174478436299,152072784349834,152072784454773,104.939,20.804,sent,1000,
283,152072789329030,152072789331100,1790295174483435368,152072789349304,152072789451568,102.264,20.274,sent,1000,
284,152072794329030,152072794332393,1790295174488436582,152072794349285,152072794453162,103.877,20.255,sent,1000,
285,152072799329030,152072799332194,1790295174493436382,152072799350328,152072799453974,103.646,21.298,sent,1000,
286,152072804329030,152072804331503,1790295174498435972,152072804348886,152072804451390,102.504,19.856,sent,1000,
287,152072809329030,152072809330993,1790295174503435152,152072809349468,152072809459266,109.798,20.438,sent,1000,
288,152072814329030,152072814331826,1790295174508436505,152072814350561,152072814455109,104.548,21.531,sent,1000,
289,152072819329030,152072819330965,1790295174513435003,152072819341124,152072819398924,57.8,12.094,sent,1000,
290,152072824329030,152072824330746,1790295174518434924,152072824369078,152072824476081,107.003,40.048,sent,1000,
291,152072829329030,152072829331348,1790295174523435787,152072829348240,152072829455092,106.852,19.21,sent,1000,
292,152072834329030,152072834331659,1790295174528436419,152072834349713,152072834456586,106.873,20.683,sent,1000,
293,152072839329030,152072839331450,1790295174533435628,152072839349985,152072839454022,104.037,20.955,sent,1000,
294,152072844329030,152072844332132,1790295174538436321,152072844349806,152072844454334,104.528,20.776,sent,1000,
295,152072849329030,152072849331863,1790295174543436031,152072849349586,152072849456679,107.093,20.556,sent,1000,
296,152072854329030,152072854331302,1790295174548435621,152072854350659,152072854449967,99.308,21.629,sent,1000,
297,152072859329030,152072859330072,1790295174553433580,152072859338699,152072859388603,49.904,9.669,sent,1000,
298,152072864329030,152072864329703,1790295174558432649,152072864332438,152072864350553,18.115,3.408,sent,1000,
299,152072869329030,152072869329444,1790295174563432360,152072869331467,152072869346957,15.49,2.437,sent,1000,
300,152072874329030,152072874329304,1790295174568432180,152072874330346,152072874344393,14.047,1.316,sent,1000,
301,152072879329030,152072879329566,1790295174573432442,152072879330938,152072879346798,15.86,1.908,sent,1000,
302,152072884329030,152072884329497,1790295174578432393,152072884331019,152072884343152,12.133,1.989,sent,1000,
303,152072889329030,152072889329447,1790295174583432464,152072889332744,152072889358763,26.019,3.714,sent,1000,
304,152072894329030,152072894330971,1790295174588434960,152072894340630,152072894396776,56.146,11.6,sent,1000,
305,152072899329030,152072899331032,1790295174593434570,152072899340751,152072899401015,60.264,11.721,sent,1000,
306,152072904329030,152072904331596,1790295174598435825,152072904348809,152072904454719,105.91,19.779,sent,1000,
307,152072909329030,152072909330024,1790295174603433511,152072909338721,152072909392593,53.872,9.691,sent,1000,
308,152072914329030,152072914331408,1790295174608434935,152072914340615,152072914400288,59.673,11.585,sent,1000,
309,152072919329030,152072919330898,1790295174613434946,152072919340796,152072919397193,56.397,11.766,sent,1000,
310,152072924329030,152072924331069,1790295174618435288,152072924349404,152072924452249,102.845,20.374,sent,1000,
311,152072929329030,152072929329347,1790295174623432433,152072929332793,152072929354805,22.012,3.763,sent,1000,
312,152072934329030,152072934330510,1790295174628434699,152072934340749,152072934399521,58.772,11.719,sent,1000,
313,152072939329030,152072939329659,1790295174633432676,152072939333216,152072939357923,24.707,4.186,sent,1000,
314,152072944329030,152072944332265,1790295174638436524,152072944349418,152072944454006,104.588,20.388,sent,1000,
315,152072949329030,152072949331878,1790295174643436026,152072949349230,152072949454590,105.36,20.2,sent,1000,
316,152072954329030,152072954330636,1790295174648435516,152072954341306,152072954400839,59.533,12.276,sent,1000,
317,152072959329030,152072959330477,1790295174653434645,152072959347068,152072959452288,105.22,18.038,sent,1000,
318,152072964329030,152072964331770,1790295174658436310,152072964349634,152072964454302,104.668,20.604,sent,1000,
319,152072969329030,152072969330449,1790295174663434377,152072969339776,152072969391054,51.278,10.746,sent,1000,
320,152072974329030,152072974330760,1790295174668434909,152072974347562,152072974443905,96.343,18.532,sent,1000,
321,152072979329030,152072979331954,1790295174673436092,152072979350008,152072979452792,102.784,20.978,sent,1000,
322,152072984329030,152072984332035,1790295174678436314,152072984349398,152072984453375,103.977,20.368,sent,1000,
323,152072989329030,152072989331687,1790295174683435846,152072989348749,152072989452646,103.897,19.719,sent,1000,
324,152072994329030,152072994331808,1790295174688436308,152072994349592,152072994453359,103.767,20.562,sent,1000,
325,152072999329030,152072999331970,1790295174693436248,152072999349553,152072999444883,95.33,20.523,sent,1000,
326,152073004329030,152073004329806,1790295174698432813,152073004333704,152073004357930,24.226,4.674,sent,1000,
327,152073009329030,152073009330559,1790295174703434828,152073009348072,152073009451067,102.995,19.042,sent,1000,
328,152073014329030,152073014329558,1790295174708432925,152073014334016,152073014358433,24.417,4.986,sent,1000,
329,152073019329030,152073019329659,1790295174713432816,152073019333296,152073019357291,23.995,4.266,sent,1000,
330,152073024329030,152073024330822,1790295174718435001,152073024347384,152073024450850,103.466,18.354,sent,1000,
331,152073029329030,152073029330433,1790295174723434832,152073029347586,152073029446944,99.358,18.556,sent,1000,
332,152073034329030,152073034331417,1790295174728435075,152073034341135,152073034400308,59.173,12.105,sent,1000,
333,152073039329030,152073039329745,1790295174733432761,152073039333191,152073039358339,25.148,4.161,sent,1000,
334,152073044329030,152073044331259,1790295174738435908,152073044350084,152073044452859,102.775,21.054,sent,1000,
335,152073049329030,152073049331580,1790295174743436059,152073049349895,152073049452559,102.664,20.865,sent,1000,
336,152073054329030,152073054331992,1790295174748436401,152073054349505,152073054453282,103.777,20.475,sent,1000,
337,152073059329030,152073059330981,1790295174753435140,152073059349145,152073059451930,102.785,20.115,sent,1000,
338,152073064329030,152073064331723,1790295174758436173,152073064348806,152073064453704,104.898,19.776,sent,1000,
339,152073069329030,152073069331524,1790295174763435973,152073069349458,152073069453585,104.127,20.428,sent,1000,
340,152073074329030,152073074331174,1790295174768435343,152073074348307,152073074452244,103.937,19.277,sent,1000,
341,152073079329030,152073079331969,1790295174773436198,152073079349392,152073079450333,100.941,20.362,sent,1000,
342,152073084329030,152073084331940,1790295174778436219,152073084350475,152073084453731,103.256,21.445,sent,1000,
343,152073089329030,152073089331240,1790295174783435448,152073089347961,152073089445766,97.805,18.931,sent,1000,
344,152073094329030,152073094331721,1790295174788435840,152073094349415,152073094453322,103.907,20.385,sent,1000,
345,152073099329030,152073099332033,1790295174793436182,152073099349616,152073099453774,104.158,20.586,sent,1000,
346,152073104329030,152073104330711,1790295174798434599,152073104341231,152073104399512,58.281,12.201,sent,1000,
347,152073109329030,152073109331033,1790295174803435182,152073109347905,152073109449638,101.733,18.875,sent,1000,
348,152073114329030,152073114330914,1790295174808434471,152073114340522,152073114400345,59.823,11.492,sent,1000,
349,152073119329030,152073119330965,1790295174813435073,152073119341024,152073119398843,57.819,11.994,sent,1000,
350,152073124329030,152073124331467,1790295174818435605,152073124349080,152073124452376,103.296,20.05,sent,1000,
351,152073129329030,152073129331868,1790295174823436298,152073129349943,152073129460723,110.78,20.913,sent,1000,
352,152073134329030,152073134330938,1790295174828434525,152073134340506,152073134399127,58.621,11.476,sent,1000,
353,152073139329030,152073139331359,1790295174833435588,152073139349283,152073139451747,102.464,20.253,sent,1000,
354,152073144329030,152073144330559,1790295174838434768,152073144340317,152073144399590,59.273,11.287,sent,1000,
355,152073149329030,152073149331993,1790295174843436171,152073149349636,152073149451579,101.943,20.606,sent,1000,
356,152073154329030,152073154331833,1790295174848436012,152073154348745,152073154452301,103.556,19.715,sent,1000,
357,152073159329030,152073159330894,1790295174853435173,152073159347626,152073159451572,103.946,18.596,sent,1000,
358,152073164329030,152073164331516,1790295174858436006,152073164349671,152073164455421,105.75,20.641,sent,1000,
359,152073169329030,152073169331848,1790295174863436017,152073169350062,152073169455222,105.16,21.032,sent,1000,
360,152073174329030,152073174330857,1790295174868434945,152073174348160,152073174449301,101.141,19.13,sent,1000,
361,152073179329030,152073179331239,1790295174873436249,152073179350305,152073179455234,104.929,21.275,sent,1000,
362,152073184329030,152073184331540,1790295174878436260,152073184350065,152073184456166,106.101,21.035,sent,1000,
363,152073189329030,152073189330940,1790295174883435710,152073189349145,152073189452600,103.455,20.115,sent,1000,
364,152073194329030,152073194332053,1790295174888436432,152073194349236,152073194454124,104.888,20.206,sent,1000,
365,152073199329030,152073199331714,1790295174893436443,152073199350209,152073199453344,103.135,21.179,sent,1000,
366,152073204329030,152073204330855,1790295174898434863,152073204341195,152073204401839,60.644,12.165,sent,1000,
367,152073209329030,152073209330686,1790295174903434874,152073209347918,152073209449190,101.272,18.888,sent,1000,
368,152073214329030,152073214331248,1790295174908436228,152073214349512,152073214453840,104.328,20.482,sent,1000,
369,152073219329030,152073219331579,1790295174913436069,152073219349603,152073219454242,104.639,20.573,sent,1000,
370,152073224329030,152073224330869,1790295174918435168,152073224349414,152073224454253,104.839,20.384,sent,1000,
371,152073229329030,152073229331411,1790295174923434938,152073229340899,152073229400392,59.493,11.869,sent,1000,
372,152073234329030,152073234331652,1790295174928435851,152073234349085,152073234456339,107.254,20.055,sent,1000,
373,152073239329030,152073239331894,1790295174933436022,152073239349647,152073239457442,107.795,20.617,sent,1000,
374,152073244329030,152073244331705,1790295174938435943,152073244348737,152073244452684,103.947,19.707,sent,1000,
375,152073249329030,152073249331718,1790295174943436207,152073249371834,152073249477884,106.05,42.804,sent,1000,
376,152073254329030,152073254331929,1790295174948436388,152073254350905,152073254459551,108.646,21.875,sent,1000,
377,152073259329030,152073259330046,1790295174953433564,152073259340176,152073259397434,57.258,11.146,sent,1000,
378,152073264329030,152073264330919,1790295174958434557,152073264340387,152073264399309,58.922,11.357,sent,1000,
379,152073269329030,152073269329738,1790295174963432764,152073269333365,152073269358803,25.438,4.335,sent,1000,
380,152073274329030,152073274352492,1790295174968456009,152073274362200,152073274422474,60.274,33.17,sent,1000,
381,152073279329030,152073279331613,1790295174973435792,152073279348916,152073279451009,102.093,19.886,sent,1000,
382,152073284329030,152073284331764,1790295174978436063,152073284349147,152073284456771,107.624,20.117,sent,1000,
383,152073289329030,152073289331866,1790295174983436105,152073289348778,152073289453096,104.318,19.748,sent,1000,
384,152073294329030,152073294332240,1790295174988436449,152073294349422,152073294453089,103.667,20.392,sent,1000,
385,152073299329030,152073299331970,1790295174993436159,152073299348983,152073299452970,103.987,19.953,sent,1000,
386,152073304329030,152073304331621,1790295174998436190,152073304349354,152073304451768,102.414,20.324,sent,1000,
387,152073309329030,152073309330870,1790295175003435680,152073309349005,152073309452370,103.365,19.975,sent,1000,
388,152073314329030,152073314331633,1790295175008436282,152073314350318,152073314456279,105.961,21.288,sent,1000,
389,152073319329030,152073319331323,1790295175013436113,152073319349788,152073319451280,101.492,20.758,sent,1000,
390,152073324329030,152073324331043,1790295175018435182,152073324348947,152073324452764,103.817,19.917,sent,1000,
391,152073329329030,152073329331175,1790295175023435484,152073329349079,152073329451853,102.774,20.049,sent,1000,
392,152073334329030,152073334331658,1790295175028435877,152073334349442,152073334450413,100.971,20.412,sent,1000,
393,152073339329030,152073339329635,1790295175033432651,152073339333132,152073339358149,25.017,4.102,sent,1000,
394,152073344329030,152073344331449,1790295175038435608,152073344349243,152073344452328,103.085,20.213,sent,1000,
395,152073349329030,152073349331390,1790295175043435890,152073349349174,152073349452169,102.995,20.144,sent,1000,
396,152073354329030,152073354331361,1790295175048435830,152073354348033,152073354447321,99.288,19.003,sent,1000,
397,152073359329030,152073359329529,1790295175053432545,152073359333075,152073359357902,24.827,4.045,sent,1000,
398,152073364329030,152073364329750,1790295175058432767,152073364333167,152073364358695,25.528,4.137,sent,1000,
399,152073369329030,152073369329892,1790295175063432908,152073369333198,152073369363876,30.678,4.168,sent,1000,
400,152073374329030,152073374329634,1790295175068432650,152073374332739,152073374367515,34.776,3.709,sent,1000,
401,152073379329030,152073379330606,1790295175073435106,152073379341096,152073379400519,59.423,12.066,sent,1000,
402,152073384329030,152073384331709,1790295175078436179,152073384349653,152073384452779,103.126,20.623,sent,1000,
403,152073389329030,152073389331660,1790295175083436129,152073389349524,152073389454794,105.27,20.494,sent,1000,
404,152073394329030,152073394332302,1790295175088436511,152073394350016,152073394455446,105.43,20.986,sent,1000,
405,152073399329030,152073399330961,1790295175093434609,152073399340539,152073399399551,59.012,11.509,sent,1000,
406,152073404329030,152073404331533,1790295175098435661,152073404348164,152073404452702,104.538,19.134,sent,1000,
407,152073409329030,152073409330622,1790295175103434851,152073409348105,152073409450630,102.525,19.075,sent,1000,
408,152073414329030,152073414331635,1790295175108436144,152073414349319,152073414453977,104.658,20.289,sent,1000,
409,152073419329030,152073419332008,1790295175113436176,152073419349731,152073419453428,103.697,20.701,sent,1000,
410,152073424329030,152073424331718,1790295175118435877,152073424348520,152073424452767,104.247,19.49,sent,1000,
411,152073429329030,152073429331028,1790295175123435567,152073429347789,152073429450334,102.545,18.759,sent,1000,
412,152073434329030,152073434330828,1790295175128434686,152073434340597,152073434399589,58.992,11.567,sent,1000,
413,152073439329030,152073439329747,1790295175133432764,152073439333344,152073439358071,24.727,4.314,sent,1000,
414,152073444329030,152073444331672,1790295175138435790,152073444349465,152073444452230,102.765,20.435,sent,1000,
415,152073449329030,152073449330480,1790295175143434429,152073449339558,152073449393800,54.242,10.528,sent,1000,
416,152073454329030,152073454331104,1790295175148435052,152073454340802,152073454399283,58.481,11.772,sent,1000,
417,152073459329030,152073459330284,1790295175153433831,152073459339732,152073459398743,59.011,10.702,sent,1000,
418,152073464329030,152073464331357,1790295175158435806,152073464372485,152073464476171,103.686,43.455,sent,1000,
419,152073469329030,152073469330546,1790295175163434384,152073469339513,152073469394357,54.844,10.483,sent,1000,
420,152073474329030,152073474330567,1790295175168434095,152073474340105,152073474398887,58.782,11.075,sent,1000,
421,152073479329030,152073479331380,1790295175173435909,152073479349384,152073479454052,104.668,20.354,sent,1000,
422,152073484329030,152073484331832,1790295175178436331,152073484349305,152073484455095,105.79,20.275,sent,1000,
423,152073489329030,152073489332374,1790295175183436552,152073489349726,152073489455537,105.811,20.696,sent,1000,
424,152073494329030,152073494332365,1790295175188436603,152073494349637,152073494453504,103.867,20.607,sent,1000,
425,152073499329030,152073499330563,1790295175193435132,152073499341123,152073499399113,57.99,12.093,sent,1000,
426,152073504329030,152073504330584,1790295175198434582,152073504340513,152073504399464,58.951,11.483,sent,1000,
427,152073509329030,152073509330314,1790295175203434183,152073509340323,152073509399185,58.862,11.293,sent,1000,
428,152073514329030,152073514330957,1790295175208434755,152073514340665,152073514400058,59.393,11.635,sent,1000,
429,152073519329030,152073519330918,1790295175213434595,152073519340426,152073519398706,58.28,11.396,sent,1000,
430,152073524329030,152073524329716,1790295175218432743,152073524333022,152073524358130,25.108,3.992,sent,1000,
431,152073529329030,152073529329397,1790295175223432343,152073529331641,152073529350256,18.615,2.611,sent,1000,
432,152073534329030,152073534331553,1790295175228435120,152073534341061,152073534399792,58.731,12.031,sent,1000,
433,152073539329030,152073539331454,1790295175233435753,152073539349318,152073539454157,104.839,20.288,sent,1000,
434,152073544329030,152073544331686,1790295175238435874,152073544349199,152073544453156,103.957,20.169,sent,1000,
435,152073549329030,152073549332047,1790295175243436366,152073549349761,152073549451864,102.103,20.731,sent,1000,
436,152073554329030,152073554331537,1790295175248436016,152073554348980,152073554453348,104.368,19.95,sent,1000,
437,152073559329030,152073559330967,1790295175253434495,152073559340185,152073559399848,59.663,11.155,sent,1000,
438,152073564329030,152073564331409,1790295175258435978,152073564348381,152073564452929,104.548,19.351,sent,1000,
439,152073569329030,152073569331590,1790295175263435789,152073569348893,152073569450636,101.743,19.863,sent,1000,
440,152073574329030,152073574331120,1790295175268435630,152073574348864,152073574451539,102.675,19.834,sent,1000,
441,152073579329030,152073579331423,1790295175273435942,152073579349277,152073579453644,104.367,20.247,sent,1000,
442,152073584329030,152073584331273,1790295175278436063,152073584349318,152073584452984,103.666,20.288,sent,1000,
443,152073589329030,152073589331365,1790295175283435844,152073589349429,152073589454378,104.949,20.399,sent,1000,
444,152073594329030,152073594330434,1790295175288434322,152073594339601,152073594393653,54.052,10.571,sent,1000,
445,152073599329030,152073599331206,1790295175293435675,152073599348739,152073599454490,105.751,19.709,sent,1000,
446,152073604329030,152073604331718,1790295175298436227,152073604349983,152073604454962,104.979,20.953,sent,1000,
447,152073609329030,152073609330918,1790295175303435086,152073609347789,152073609450003,102.214,18.759,sent,1000,
448,152073614329030,152073614331670,1790295175308435929,152073614349714,152073614455054,105.34,20.684,sent,1000,
449,152073619329030,152073619331511,1790295175313436040,152073619350427,152073619452620,102.193,21.397,sent,1000,
450,152073624329030,152073624331123,1790295175318435602,152073624349047,152073624453054,104.007,20.017,sent,1000,
451,152073629329030,152073629331665,1790295175323436144,152073629350220,152073629455389,105.169,21.19,sent,1000,
452,152073634329030,152073634330995,1790295175328436085,152073634348087,152073634452675,104.588,19.057,sent,1000,
453,152073639329030,152073639331657,1790295175333436166,152073639349701,152073639451965,102.264,20.671,sent,1000,
454,152073644329030,152073644331147,1790295175338436137,152073644349201,152073644452928,103.727,20.171,sent,1000,
455,152073649329030,152073649331599,1790295175343435737,152073649348821,152073649453279,104.458,19.791,sent,1000,
456,152073654329030,152073654331740,1790295175348435909,152073654348632,152073654451186,102.554,19.602,sent,1000,
457,152073659329030,152073659330580,1790295175353434428,152073659340479,152073659399000,58.521,11.449,sent,1000,
458,152073664329030,152073664331283,1790295175358435682,152073664348806,152073664455358,106.552,19.776,sent,1000,
459,152073669329030,152073669332035,1790295175363436274,152073669350260,152073669458665,108.405,21.23,sent,1000,
460,152073674329030,152073674332116,1790295175368436295,152073674370479,152073674473624,103.145,41.449,sent,1000,
461,152073679329030,152073679331386,1790295175373435915,152073679350081,152073679455531,105.45,21.051,sent,1000,
462,152073684329030,152073684332048,1790295175378436327,152073684349972,152073684455342,105.37,20.942,sent,1000,
463,152073689329030,152073689331438,1790295175383435957,152073689348881,152073689407081,58.2,19.851,sent,1000,
464,152073694329030,152073694331930,1790295175388436078,152073694349573,152073694453069,103.496,20.543,sent,1000,
465,152073699329030,152073699332322,1790295175393436500,152073699350075,152073699455415,105.34,21.045,sent,1000,
466,152073704329030,152073704331132,1790295175398435802,152073704349277,152073704455298,106.021,20.247,sent,1000,
467,152073709329030,152073709331504,1790295175403435743,152073709349288,152073709453255,103.967,20.258,sent,1000,
468,152073714329030,152073714330834,1790295175408436295,152073714348968,152073714452775,103.807,19.938,sent,1000,
469,152073719329030,152073719330925,1790295175413435063,152073719348648,152073719450602,101.954,19.618,sent,1000,
470,152073724329030,152073724331968,1790295175418436407,152073724348850,152073724451695,102.845,19.82,sent,1000,
471,152073729329030,152073729331017,1790295175423435306,152073729348190,152073729453058,104.868,19.16,sent,1000,
472,152073734329030,152073734330006,1790295175428434716,152073734340015,152073734387455,47.44,10.985,sent,1000,
473,152073739329030,152073739335699,1790295175433438916,152073739339667,152073739364985,25.318,10.637,sent,1000,
474,152073744329030,152073744329619,1790295175438432635,152073744333035,152073744357963,24.928,4.005,sent,1000,
475,152073749329030,152073749329740,1790295175443432757,152073749333187,152073749357693,24.506,4.157,sent,1000,
476,152073754329030,152073754329481,1790295175448432497,152073754332637,152073754356632,23.995,3.607,sent,1000,
477,152073759329030,152073759329762,1790295175453432779,152073759333179,152073759356884,23.705,4.149,sent,1000,
478,152073764329030,152073764329473,1790295175458432489,152073764332578,152073764356364,23.786,3.548,sent,1000,
479,152073769329030,152073769331738,1790295175463435906,152073769349882,152073769456815,106.933,20.852,sent,1000,
480,152073774329030,152073774331679,1790295175468436188,152073774349553,152073774457337,107.784,20.523,sent,1000,
481,152073779329030,152073779331300,1790295175473435479,152073779349345,152073779457560,108.215,20.315,sent,1000,
482,152073784329030,152073784331492,1790295175478436081,152073784349777,152073784454455,104.678,20.747,sent,1000,
483,152073789329030,152073789331974,1790295175483436213,152073789349998,152073789457482,107.484,20.968,sent,1000,
484,152073794329030,152073794331744,1790295175488436204,152073794349318,152073794454848,105.53,20.288,sent,1000,
485,152073799329030,152073799332046,1790295175493436375,152073799350150,152073799452464,102.314,21.12,sent,1000,
486,152073804329030,152073804331486,1790295175498435725,152073804349730,152073804453747,104.017,20.7,sent,1000,
487,152073809329030,152073809331437,1790295175503435696,152073809349241,152073809452967,103.726,20.211,sent,1000,
488,152073814329030,152073814332319,1790295175508436588,152073814349732,152073814451726,101.994,20.702,sent,1000,
489,152073819329030,152073819330647,1790295175513434515,152073819340776,152073819454051,113.275,11.746,sent,1000,
490,152073824329030,152073824331181,1790295175518435831,152073824349546,152073824453733,104.187,20.516,sent,1000,
491,152073829329030,152073829331503,1790295175523436002,152073829349637,152073829455548,105.911,20.607,sent,1000,
492,152073834329030,152073834331844,1790295175528435963,152073834349898,152073834455548,105.65,20.868,sent,1000,
493,152073839329030,152073839331675,1790295175533436154,152073839349719,152073839453886,104.167,20.689,sent,1000,
494,152073844329030,152073844331425,1790295175538435935,152073844349319,152073844452765,103.446,20.289,sent,1000,
495,152073849329030,152073849331306,1790295175543436026,152073849349100,152073849452746,103.646,20.07,sent,1000,
496,152073854329030,152073854332048,1790295175548436227,152073854350153,152073854455292,105.139,21.123,sent,1000,
497,152073859329030,152073859330937,1790295175553435907,152073859353740,152073859483426,129.686,24.71,sent,1000,
498,152073864329030,152073864329808,1790295175558435359,152073864344866,152073864420229,75.363,15.836,sent,1000,
499,152073869329030,152073869329679,1790295175563432695,152073869333596,152073869358463,24.867,4.566,sent,1000,
500,152073874329030,152073874329650,1790295175568432656,152073874333056,152073874356090,23.034,4.026,sent,1000,
501,152073879329030,152073879329660,1790295175573432677,152073879332837,152073879355950,23.113,3.807,sent,1000,
502,152073884329030,152073884329732,1790295175578432748,152073884333729,152073884357895,24.166,4.699,sent,1000,
503,152073889329030,152073889329542,1790295175583432559,152073889332768,152073889357335,24.567,3.738,sent,1000,
504,152073894329030,152073894329523,1790295175588432540,152073894332639,152073894356264,23.625,3.609,sent,1000,
505,152073899329030,152073899329564,1790295175593432581,152073899332740,152073899356395,23.655,3.71,sent,1000,
506,152073904329030,152073904331180,1790295175598435649,152073904349314,152073904453502,104.188,20.284,sent,1000,
507,152073909329030,152073909331822,1790295175603436031,152073909349305,152073909455106,105.801,20.275,sent,1000,
508,152073914329030,152073914331983,1790295175608436162,152073914349507,152073914454736,105.229,20.477,sent,1000,
509,152073919329030,152073919330732,1790295175613434931,152073919341202,152073919400063,58.861,12.172,sent,1000,
510,152073924329030,152073924331484,1790295175618435994,152073924349428,152073924454027,104.599,20.398,sent,1000,
511,152073929329030,152073929331866,1790295175623436215,152073929350231,152073929454118,103.887,21.201,sent,1000,
512,152073934329030,152073934330675,1790295175628434643,152073934341024,152073934399976,58.952,11.994,sent,1000,
513,152073939329030,152073939330686,1790295175633434694,152073939340815,152073939399266,58.451,11.785,sent,1000,
514,152073944329030,152073944330969,1790295175638435218,152073944346809,152073944441308,94.499,17.779,sent,1000,
515,152073949329030,152073949331391,1790295175643436211,152073949349956,152073949453402,103.446,20.926,sent,1000,
516,152073954329030,152073954330600,1790295175648434829,152073954340710,152073954398850,58.14,11.68,sent,1000,
517,152073959329030,152073959331974,1790295175653436543,152073959350920,152073959453975,103.055,21.89,sent,1000,
518,152073964329030,152073964331163,1790295175658435963,152073964349087,152073964454557,105.47,20.057,sent,1000,
519,152073969329030,152073969330693,1790295175663434682,152073969339680,152073969395216,55.536,10.65,sent,1000,
520,152073974329030,152073974330935,1790295175668434893,152073974340954,152073974400016,59.062,11.924,sent,1000,
521,152073979329030,152073979330074,1790295175673433662,152073979339592,152073979393715,54.123,10.562,sent,1000,
522,152073984329030,152073984332049,1790295175678436258,152073984348841,152073984451205,102.364,19.811,sent,1000,
523,152073989329030,152073989332102,1790295175683436411,152073989349685,152073989452841,103.156,20.655,sent,1000,
524,152073994329030,152073994331572,1790295175688436031,152073994348464,152073994452842,104.378,19.434,sent,1000,
525,152073999329030,152073999330571,1790295175693435261,152073999341762,152073999400474,58.712,12.732,sent,1000,
526,152074004329030,152074004331574,1790295175698435803,152074004348917,152074004455970,107.053,19.887,sent,1000,
527,152074009329030,152074009330383,1790295175703434932,152074009340091,152074009392931,52.84,11.061,sent,1000,
528,152074014329030,152074014330324,1790295175708434973,152074014339551,152074014373566,34.015,10.521,sent,1000,
529,152074019329030,152074019329473,1790295175713432409,152074019332158,152074019347637,15.479,3.128,sent,1000,
530,152074024329030,152074024329544,1790295175718432541,152074024333051,152074024357447,24.396,4.021,sent,1000,
531,152074029329030,152074029329687,1790295175723432704,152074029332983,152074029357079,24.096,3.953,sent,1000,
532,152074034329030,152074034329478,1790295175728432494,152074034332644,152074034355898,23.254,3.614,sent,1000,
533,152074039329030,152074039329549,1790295175733432555,152074039333196,152074039360818,27.622,4.166,sent,1000,
534,152074044329030,152074044329940,1790295175738433418,152074044339228,152074044393461,54.233,10.198,sent,1000,
535,152074049329030,152074049330543,1790295175743434421,152074049340471,152074049398461,57.99,11.441,sent,1000,
536,152074054329030,152074054331014,1790295175748434973,152074054340893,152074054400266,59.373,11.863,sent,1000,
537,152074059329030,152074059331336,1790295175753435465,152074059348509,152074059452025,103.516,19.479,sent,1000,
538,152074064329030,152074064331217,1790295175758435726,152074064348630,152074064452517,103.887,19.6,sent,1000,
539,152074069329030,152074069331611,1790295175763436360,152074069349785,152074069455455,105.67,20.755,sent,1000,
540,152074074329030,152074074331672,1790295175768436141,152074074350237,152074074453022,102.785,21.207,sent,1000,
541,152074079329030,152074079331052,1790295175773436072,152074079349446,152074079450778,101.332,20.416,sent,1000,
542,152074084329030,152074084331203,1790295175778436033,152074084348776,152074084453524,104.748,19.746,sent,1000,
543,152074089329030,152074089331594,1790295175783435823,152074089349859,152074089453505,103.646,20.829,sent,1000,
544,152074094329030,152074094331575,1790295175788436045,152074094348507,152074094452625,104.118,19.477,sent,1000,
545,152074099329030,152074099331807,1790295175793435995,152074099373526,152074099474397,100.871,44.496,sent,1000,
546,152074104329030,152074104331517,1790295175798436067,152074104349672,152074104453779,104.107,20.642,sent,1000,
547,152074109329030,152074109330238,1790295175803435037,152074109341289,152074109399148,57.859,12.259,sent,1000,
548,152074114329030,152074114331501,1790295175808435650,152074114348413,152074114448102,99.689,19.383,sent,1000,
549,152074119329030,152074119330971,1790295175813434578,152074119340820,152074119400032,59.212,11.79,sent,1000,
550,152074124329030,152074124330431,1790295175818434619,152074124340811,152074124399111,58.3,11.781,sent,1000,
551,152074129329030,152074129332005,1790295175823436254,152074129350370,152074129456461,106.091,21.34,sent,1000,
552,152074134329030,152074134330793,1790295175828434641,152074134339640,152074134391619,51.979,10.61,sent,1000,
553,152074139329030,152074139329762,1790295175833432779,152074139333449,152074139358056,24.607,4.419,sent,1000,
554,152074144329030,152074144329493,1790295175838432499,152074144332910,152074144357426,24.516,3.88,sent,1000,
555,152074149329030,152074149331369,1790295175843434907,152074149341348,152074149399959,58.611,12.318,sent,1000,
556,152074154329030,152074154330929,1790295175848434547,152074154340818,152074154399559,58.741,11.788,sent,1000,
557,152074159329030,152074159330479,1790295175853434608,152074159348043,152074159446399,98.356,19.013,sent,1000,
558,152074164329030,152074164331542,1790295175858435992,152074164349286,152074164453914,104.628,20.256,sent,1000,
559,152074169329030,152074169332024,1790295175863436253,152074169349718,152074169453424,103.706,20.688,sent,1000,
560,152074174329030,152074174330623,1790295175868435162,152074174340942,152074174399533,58.591,11.912,sent,1000,
561,152074179329030,152074179330393,1790295175873434522,152074179347546,152074179449789,102.243,18.516,sent,1000,
562,152074184329030,152074184331887,1790295175878436156,152074184349380,152074184451864,102.484,20.35,sent,1000,
563,152074189329030,152074189331748,1790295175883435987,152074189349782,152074189455773,105.991,20.752,sent,1000,
564,152074194329030,152074194332262,1790295175888436440,152074194350236,152074194451718,101.482,21.206,sent,1000,
565,152074199329030,152074199332032,1790295175893436161,152074199349586,152074199452430,102.844,20.556,sent,1000,
566,152074204329030,152074204330581,1790295175898434489,152074204340339,152074204399571,59.232,11.309,sent,1000,
567,152074209329030,152074209331603,1790295175903435842,152074209349888,152074209454767,104.879,20.858,sent,1000,
568,152074214329030,152074214330943,1790295175908434901,152074214340852,152074214399733,58.881,11.822,sent,1000,
569,152074219329030,152074219331585,1790295175913435714,152074219349630,152074219454789,105.159,20.6,sent,1000,
570,152074224329030,152074224330895,1790295175918434553,152074224340473,152074224399154,58.681,11.443,sent,1000,
571,152074229329030,152074229331567,1790295175923435716,152074229349501,152074229453939,104.438,20.471,sent,1000,
572,152074234329030,152074234331781,1790295175928436120,152074234349284,152074234453151,103.867,20.254,sent,1000,
573,152074239329030,152074239332072,1790295175933436291,152074239350066,152074239452060,101.994,21.036,sent,1000,
574,152074244329030,152074244330180,1790295175938434348,152074244346821,152074244447372,100.551,17.791,sent,1000,
575,152074249329030,152074249331573,1790295175943435722,152074249349427,152074249456380,106.953,20.397,sent,1000,
576,152074254329030,152074254332015,1790295175948436224,152074254349809,152074254454988,105.179,20.779,sent,1000,
577,152074259329030,152074259331315,1790295175953435604,152074259351884,152074259456302,104.418,22.854,sent,1000,
578,152074264329030,152074264331536,1790295175958435975,152074264349991,152074264452896,102.905,20.961,sent,1000,
579,152074269329030,152074269331638,1790295175963436107,152074269348790,152074269403664,54.874,19.76,sent,1000,
580,152074274329030,152074274331290,1790295175968435950,152074274349525,152074274455455,105.93,20.495,sent,1000,
581,152074279329030,152074279331772,1790295175973435951,152074279349706,152074279456478,106.772,20.676,sent,1000,
582,152074284329030,152074284331051,1790295175978436202,152074284350298,152074284458072,107.774,21.268,sent,1000,
583,152074289329030,152074289332155,1790295175983436313,152074289350409,152074289459035,108.626,21.379,sent,1000,
584,152074294329030,152074294332035,1790295175988436174,152074294349719,152074294456130,106.411,20.689,sent,1000,
585,152074299329030,152074299331776,1790295175993436245,152074299350191,152074299458155,107.964,21.161,sent,1000,
586,152074304329030,152074304331927,1790295175998436186,152074304350081,152074304456563,106.482,21.051,sent,1000,
587,152074309329030,152074309331988,1790295176003436107,152074309350012,152074309455923,105.911,20.982,sent,1000,
588,152074314329030,152074314331701,1790295176008436350,152074314373660,152074314479691,106.031,44.63,sent,1000,
589,152074319329030,152074319331301,1790295176013436071,152074319349736,152074319457219,107.483,20.706,sent,1000,
590,152074324329030,152074324331091,1790295176018435881,152074324349787,152074324459314,109.527,20.757,sent,1000,
591,152074329329030,152074329331824,1790295176023436043,152074329348726,152074329451741,103.015,19.696,sent,1000,
592,152074334329030,152074334331544,1790295176028436084,152074334351492,152074334454497,103.005,22.462,sent,1000,
593,152074339329030,152074339331535,1790295176033435734,152074339350030,152074339454849,104.819,21.0,sent,1000,
594,152074344329030,152074344330624,1790295176038435154,152074344341114,152074344399224,58.11,12.084,sent,1000,
595,152074349329030,152074349330565,1790295176043434694,152074349347608,152074349449661,102.053,18.578,sent,1000,
596,152074354329030,152074354329626,1790295176048432652,152074354333132,152074354357078,23.946,4.102,sent,1000,
597,152074359329030,152074359329627,1790295176053432653,152074359333033,152074359357670,24.637,4.003,sent,1000,
598,152074364329030,152074364331521,1790295176058435730,152074364349004,152074364452811,103.807,19.974,sent,1000,
599,152074369329030,152074369330881,1790295176063434619,152074369340489,152074369400222,59.733,11.459,sent,1000,
600,152074374329030,152074374331714,1790295176068436143,152074374348846,152074374452923,104.077,19.816,sent,1000,
601,152074379329030,152074379331584,1790295176073435803,152074379349508,152074379453856,104.348,20.478,sent,1000,
602,152074384329030,152074384331926,1790295176078436095,152074384349389,152074384455199,105.81,20.359,sent,1000,
603,152074389329030,152074389331497,1790295176083435755,152074389349781,152074389453818,104.037,20.751,sent,1000,
604,152074394329030,152074394330777,1790295176088434916,152074394348030,152074394447889,99.859,19.0,sent,1000,
605,152074399329030,152074399331570,1790295176093436059,152074399349915,152074399455424,105.509,20.885,sent,1000,
606,152074404329030,152074404332032,1790295176098436210,152074404349385,152074404451829,102.444,20.355,sent,1000,
607,152074409329030,152074409331953,1790295176103436151,152074409349997,152074409452531,102.534,20.967,sent,1000,
608,152074414329030,152074414331693,1790295176108436282,152074414349717,152074414454195,104.478,20.687,sent,1000,
609,152074419329030,152074419332205,1790295176113436374,152074419349888,152074419454276,104.388,20.858,sent,1000,
610,152074424329030,152074424331795,1790295176118436244,152074424348998,152074424453876,104.878,19.968,sent,1000,
611,152074429329030,152074429331906,1790295176123436135,152074429349760,152074429453046,103.286,20.73,sent,1000,
612,152074434329030,152074434331608,1790295176128436047,152074434348139,152074434447628,99.489,19.109,sent,1000,
613,152074439329030,152074439331719,1790295176133435958,152074439349753,152074439454191,104.438,20.723,sent,1000,
614,152074444329030,152074444330959,1790295176138434837,152074444340607,152074444398727,58.12,11.577,sent,1000,
615,152074449329030,152074449331360,1790295176143435910,152074449349535,152074449452259,102.724,20.505,sent,1000,
616,152074454329030,152074454331602,1790295176148435821,152074454348514,152074454451098,102.584,19.484,sent,1000,
617,152074459329030,152074459330601,1790295176153434459,152074459341552,152074459400584,59.032,12.522,sent,1000,
618,152074464329030,152074464331444,1790295176158435592,152074464348596,152074464453084,104.488,19.566,sent,1000,
619,152074469329030,152074469330845,1790295176163434453,152074469339932,152074469392772,52.84,10.902,sent,1000,
620,152074474329030,152074474331097,1790295176168435035,152074474340805,152074474400538,59.733,11.775,sent,1000,
621,152074479329030,152074479331488,1790295176173436138,152074479350164,152074479454892,104.728,21.134,sent,1000,
622,152074484329030,152074484331910,1790295176178436129,152074484349754,152074484453080,103.326,20.724,sent,1000,
623,152074489329030,152074489330749,1790295176183434356,152074489339716,152074489395191,55.475,10.686,sent,1000,
624,152074494329030,152074494331591,1790295176188435760,152074494349075,152074494453763,104.688,20.045,sent,1000,
625,152074499329030,152074499331031,1790295176193434509,152074499339898,152074499392899,53.001,10.868,sent,1000,
626,152074504329030,152074504330531,1790295176198435912,152074504349297,152074504452022,102.725,20.267,sent,1000,
627,152074509329030,152074509331045,1790295176203435895,152074509349671,152074509454018,104.347,20.641,sent,1000,
628,152074514329030,152074514330876,1790295176208435676,152074514348930,152074514453559,104.629,19.9,sent,1000,
629,152074519329030,152074519331759,1790295176213435907,152074519349302,152074519457066,107.764,20.272,sent,1000,
630,152074524329030,152074524331549,1790295176218436269,152074524370623,152074524475382,104.759,41.593,sent,1000,
631,152074529329030,152074529330067,1790295176223433605,152074529339986,152074529394429,54.443,10.956,sent,1000,
632,152074534329030,152074534330109,1790295176228433676,152074534339406,152074534393268,53.862,10.376,sent,1000,
633,152074539329030,152074539331151,1790295176233435651,152074539349687,152074539452581,102.894,20.657,sent,1000,
634,152074544329030,152074544332014,1790295176238436283,152074544350018,152074544453104,103.086,20.988,sent,1000,
635,152074549329030,152074549331767,1790295176243435915,152074549349751,152074549453718,103.967,20.721,sent,1000,
636,152074554329030,152074554331137,1790295176248435045,152074554340645,152074554400478,59.833,11.615,sent,1000,
637,152074559329030,152074559331588,1790295176253435727,152074559349031,152074559454942,105.911,20.001,sent,1000,
638,152074564329030,152074564331489,1790295176258435668,152074564349413,152074564454071,104.658,20.383,sent,1000,
639,152074569329030,152074569331430,1790295176263436290,152074569349013,152074569451427,102.414,19.983,sent,1000,
640,152074574329030,152074574331291,1790295176268436241,152074574349245,152074574453673,104.428,20.215,sent,1000,
641,152074579329030,152074579331512,1790295176273435671,152074579349596,152074579453653,104.057,20.566,sent,1000,
642,152074584329030,152074584331503,1790295176278436022,152074584349658,152074584452312,102.654,20.628,sent,1000,
643,152074589329030,152074589330895,1790295176283434442,152074589341024,152074589400346,59.322,11.994,sent,1000,
644,152074594329030,152074594331467,1790295176288436016,152074594349461,152074594455802,106.341,20.431,sent,1000,
645,152074599329030,152074599331648,1790295176293436077,152074599349842,152074599454250,104.408,20.812,sent,1000,
646,152074604329030,152074604331409,1790295176298435928,152074604349292,152074604450594,101.302,20.262,sent,1000,
647,152074609329030,152074609331349,1790295176303436149,152074609348772,152074609453651,104.879,19.742,sent,1000,
648,152074614329030,152074614330589,1790295176308434427,152074614340828,152074614400441,59.613,11.798,sent,1000,
649,152074619329030,152074619332033,1790295176313436231,152074619349957,152074619453443,103.486,20.927,sent,1000,
650,152074624329030,152074624331254,1790295176318436094,152074624349549,152074624452564,103.015,20.519,sent,1000,
651,152074629329030,152074629331546,1790295176323435734,152074629349099,152074629453186,104.087,20.069,sent,1000,
652,152074634329030,152074634331046,1790295176328435515,152074634349491,152074634451775,102.284,20.461,sent,1000,
653,152074639329030,152074639331387,1790295176333435606,152074639349281,152074639453008,103.727,20.251,sent,1000,
654,152074644329030,152074644332531,1790295176338436659,152074644350234,152074644454983,104.749,21.204,sent,1000,
655,152074649329030,152074649331450,1790295176343435919,152074649349333,152074649455915,106.582,20.303,sent,1000,
656,152074654329030,152074654332072,1790295176348436290,152074654350006,152074654453722,103.716,20.976,sent,1000,
657,152074659329030,152074659331552,1790295176353435720,152074659348654,152074659452902,104.248,19.624,sent,1000,
658,152074664329030,152074664331515,1790295176358435653,152074664349008,152074664455419,106.411,19.978,sent,1000,
659,152074669329030,152074669332327,1790295176363436546,152074669350492,152074669453888,103.396,21.462,sent,1000,
660,152074674329030,152074674332018,1790295176368436246,152074674349902,152074674455311,105.409,20.872,sent,1000,
661,152074679329030,152074679331488,1790295176373435676,152074679349321,152074679452787,103.466,20.291,sent,1000,
662,152074684329030,152074684332350,1790295176378436539,152074684350284,152074684455103,104.819,21.254,sent,1000,
663,152074689329030,152074689331700,1790295176383435949,152074689349674,152074689454042,104.368,20.644,sent,1000,
664,152074694329030,152074694331561,1790295176388436070,152074694349785,152074694453341,103.556,20.755,sent,1000,
665,152074699329030,152074699331712,1790295176393435810,152074699349125,152074699451840,102.715,20.095,sent,1000,
666,152074704329030,152074704331445,1790295176398435824,152074704349539,152074704455469,105.93,20.509,sent,1000,
667,152074709329030,152074709332167,1790295176403436335,152074709349870,152074709453276,103.406,20.84,sent,1000,
668,152074714329030,152074714330575,1790295176408434182,152074714339993,152074714398223,58.23,10.963,sent,1000,
669,152074719329030,152074719332169,1790295176413436388,152074719350624,152074719457817,107.193,21.594,sent,1000,
670,152074724329030,152074724330617,1790295176418434916,152074724347389,152074724458148,110.759,18.359,sent,1000,
671,152074729329030,152074729331550,1790295176423435738,152074729349684,152074729457919,108.235,20.654,sent,1000,
672,152074734329030,152074734330008,1790295176428433475,152074734338664,152074734393768,55.104,9.634,sent,1000,
673,152074739329030,152074739329669,1790295176433432836,152074739333917,152074739357492,23.575,4.887,sent,1000,
674,152074744329030,152074744329651,1790295176438432667,152074744333538,152074744357974,24.436,4.508,sent,1000,
675,152074749329030,152074749329521,1790295176443432538,152074749333188,152074749357434,24.246,4.158,sent,1000,
676,152074754329030,152074754329623,1790295176448432639,152074754332919,152074754356093,23.174,3.889,sent,1000,
677,152074759329030,152074759329774,1790295176453432790,152074759332960,152074759357176,24.216,3.93,sent,1000,
678,152074764329030,152074764331618,1790295176458435206,152074764341096,152074764402492,61.396,12.066,sent,1000,
679,152074769329030,152074769331890,1790295176463436088,152074769349233,152074769452378,103.145,20.203,sent,1000,
680,152074774329030,152074774331470,1790295176468436230,152074774349664,152074774455735,106.071,20.634,sent,1000,
681,152074779329030,152074779330691,1790295176473434308,152074779340249,152074779399110,58.861,11.219,sent,1000,
682,152074784329030,152074784331484,1790295176478435812,152074784349508,152074784455378,105.87,20.478,sent,1000,
683,152074789329030,152074789331985,1790295176483436164,152074789349408,152074789456221,106.813,20.378,sent,1000,
684,152074794329030,152074794332016,1790295176488436305,152074794349570,152074794459127,109.557,20.54,sent,1000,
685,152074799329030,152074799332047,1790295176493436276,152074799350112,152074799458166,108.054,21.082,sent,1000,
686,152074804329030,152074804331608,1790295176498436077,152074804350303,152074804456464,106.161,21.273,sent,1000,
687,152074809329030,152074809332510,1790295176503436739,152074809350274,152074809457136,106.862,21.244,sent,1000,
688,152074814329030,152074814331008,1790295176508434556,152074814340166,152074814399729,59.563,11.136,sent,1000,
689,152074819329030,152074819332061,1790295176513436300,152074819350015,152074819455616,105.601,20.985,sent,1000,
690,152074824329030,152074824331113,1790295176518435382,152074824348977,152074824456981,108.004,19.947,sent,1000,
691,152074829329030,152074829332186,1790295176523436384,152074829350019,152074829460529,110.51,20.989,sent,1000,
692,152074834329030,152074834332097,1790295176528436415,152074834349479,152074834458095,108.616,20.449,sent,1000,
693,152074839329030,152074839330695,1790295176533435094,152074839348458,152074839450171,101.713,19.428,sent,1000,
694,152074844329030,152074844331958,1790295176538436177,152074844349061,152074844452086,103.025,20.031,sent,1000,
695,152074849329030,152074849331809,1790295176543436018,152074849349462,152074849457527,108.065,20.432,sent,1000,
696,152074854329030,152074854331970,1790295176548436249,152074854349654,152074854453220,103.566,20.624,sent,1000,
697,152074859329030,152074859330850,1790295176553435049,152074859350437,152074859465846,115.409,21.407,sent,1000,
698,152074864329030,152074864337253,1790295176558441242,152074864344317,152074864379313,34.996,15.287,sent,1000,
699,152074869329030,152074869329660,1790295176563432676,152074869333127,152074869357833,24.706,4.097,sent,1000,
700,152074874329030,152074874329461,1790295176568432487,152074874332707,152074874359247,26.54,3.677,sent,1000,
701,152074879329030,152074879330564,1790295176573434081,152074879340042,152074879398873,58.831,11.012,sent,1000,
702,152074884329030,152074884331025,1790295176578435084,152074884340564,152074884398664,58.1,11.534,sent,1000,
703,152074889329030,152074889330976,1790295176583434834,152074889340855,152074889399055,58.2,11.825,sent,1000,
704,152074894329030,152074894330798,1790295176588434937,152074894347710,152074894449383,101.673,18.68,sent,1000,
705,152074899329030,152074899330990,1790295176593434648,152074899341109,152074899399440,58.331,12.079,sent,1000,
706,152074904329030,152074904330580,1790295176598434779,152074904347292,152074904450948,103.656,18.262,sent,1000,
707,152074909329030,152074909331303,1790295176603436173,152074909349858,152074909455538,105.68,20.828,sent,1000,
708,152074914329030,152074914330963,1790295176608434571,152074914340311,152074914399473,59.162,11.281,sent,1000,
709,152074919329030,152074919330683,1790295176613434862,152074919341113,152074919399143,58.03,12.083,sent,1000,
710,152074924329030,152074924330684,1790295176618434953,152074924348769,152074924459739,110.97,19.739,sent,1000,
711,152074929329030,152074929330485,1790295176623433942,152074929339272,152074929392292,53.02,10.242,sent,1000,
712,152074934329030,152074934331108,1790295176628434666,152074934340225,152074934398927,58.702,11.195,sent,1000,
713,152074939329030,152074939331481,1790295176633435078,152074939340959,152074939399670,58.711,11.929,sent,1000,
714,152074944329030,152074944331281,1790295176638434779,152074944340699,152074944399651,58.952,11.669,sent,1000,
715,152074949329030,152074949331473,1790295176643436042,152074949371939,152074949475185,103.246,42.909,sent,1000,
716,152074954329030,152074954331614,1790295176648435792,152074954348886,152074954454196,105.31,19.856,sent,1000,
717,152074959329030,152074959330713,1790295176653435282,152074959341223,152074959399924,58.701,12.193,sent,1000,
718,152074964329030,152074964331556,1790295176658435704,152074964348067,152074964454018,105.951,19.037,sent,1000,
719,152074969329030,152074969331837,1790295176663436266,152074969349711,152074969455141,105.43,20.681,sent,1000,
720,152074974329030,152074974331668,1790295176668435877,152074974349171,152074974455052,105.881,20.141,sent,1000,
721,152074979329030,152074979330708,1790295176673434235,152074979340336,152074979398476,58.14,11.306,sent,1000,
722,152074984329030,152074984330338,1790295176678434477,152074984347551,152074984448031,100.48,18.521,sent,1000,
723,152074989329030,152074989330660,1790295176683434548,152074989340659,152074989400242,59.583,11.629,sent,1000,
724,152074994329030,152074994331132,1790295176688435090,152074994340529,152074994398630,58.101,11.499,sent,1000,
725,152074999329030,152074999331684,1790295176693435852,152074999349487,152074999453655,104.168,20.457,sent,1000,
726,152075004329030,152075004331033,1790295176698435312,152075004346623,152075004443005,96.382,17.593,sent,1000,
727,152075009329030,152075009331545,1790295176703436015,152075009349419,152075009455580,106.161,20.389,sent,1000,
728,152075014329030,152075014330936,1790295176708434594,152075014338641,152075014368357,29.716,9.611,sent,1000,
729,152075019329030,152075019329635,1790295176713432662,152075019333743,152075019358119,24.376,4.713,sent,1000,
730,152075024329030,152075024330077,1790295176718433204,152075024334596,152075024363671,29.075,5.566,sent,1000,
731,152075029329030,152075029329677,1790295176723432694,152075029333314,152075029357029,23.715,4.284,sent,1000,
732,152075034329030,152075034329789,1790295176728432795,152075034333025,152075034357020,23.995,3.995,sent,1000,
733,152075039329030,152075039331833,1790295176733436002,152075039350058,152075039454726,104.668,21.028,sent,1000,
734,152075044329030,152075044331995,1790295176738436113,152075044349498,152075044454707,105.209,20.468,sent,1000,
735,152075049329030,152075049331505,1790295176743435964,152075049349629,152075049453586,103.957,20.599,sent,1000,
736,152075054329030,152075054330736,1790295176748434614,152075054340694,152075054399987,59.293,11.664,sent,1000,
737,152075059329030,152075059331067,1790295176753435837,152075059348861,152075059454751,105.89,19.831,sent,1000,
738,152075064329030,152075064331509,1790295176758435688,152075064346678,152075064444383,97.705,17.648,sent,1000,
739,152075069329030,152075069330939,1790295176763435017,152075069340818,152075069399118,58.3,11.788,sent,1000,
740,152075074329030,152075074330940,1790295176768434838,152075074340618,152075074400011,59.393,11.588,sent,1000,
741,152075079329030,152075079331332,1790295176773435630,152075079349586,152075079452120,102.534,20.556,sent,1000,
742,152075084329030,152075084331693,1790295176778436162,152075084350088,152075084454255,104.167,21.058,sent,1000,
743,152075089329030,152075089331074,1790295176783434601,152075089340371,152075089399944,59.573,11.341,sent,1000,
744,152075094329030,152075094331067,1790295176788435546,152075094349131,152075094454310,105.179,20.101,sent,1000,
745,152075099329030,152075099330967,1790295176793435206,152075099341107,152075099398876,57.769,12.077,sent,1000,
746,152075104329030,152075104330588,1790295176798434766,152075104340627,152075104398717,58.09,11.597,sent,1000,
747,152075109329030,152075109331691,1790295176803435779,152075109350306,152075109456858,106.552,21.276,sent,1000,
748,152075114329030,152075114331271,1790295176808435760,152075114348353,152075114452370,104.017,19.323,sent,1000,
749,152075119329030,152075119331642,1790295176813436102,152075119349486,152075119456249,106.763,20.456,sent,1000,
750,152075124329030,152075124331313,1790295176818436083,152075124348295,152075124453594,105.299,19.265,sent,1000,
751,152075129329030,152075129330763,1790295176823434301,152075129340341,152075129400185,59.844,11.311,sent,1000,
752,152075134329030,152075134331036,1790295176828434884,152075134340805,152075134399957,59.152,11.775,sent,1000,
753,152075139329030,152075139331488,1790295176833435646,152075139349803,152075139454441,104.638,20.773,sent,1000,
754,152075144329030,152075144331379,1790295176838435257,152075144341087,152075144398907,57.82,12.057,sent,1000,
755,152075149329030,152075149331410,1790295176843435899,152075149349985,152075149453090,103.105,20.955,sent,1000,
756,152075154329030,152075154331791,1790295176848435940,152075154349014,152075154455866,106.852,19.984,sent,1000,
757,152075159329030,152075159331893,1790295176853436091,152075159349736,152075159455687,105.951,20.706,sent,1000,
758,152075164329030,152075164331593,1790295176858435902,152075164372761,152075164476778,104.017,43.731,sent,1000,
759,152075169329030,152075169331464,1790295176863435943,152075169349177,152075169452713,103.536,20.147,sent,1000,
760,152075174329030,152075174331125,1790295176868434793,152075174340613,152075174399334,58.721,11.583,sent,1000,
761,152075179329030,152075179331537,1790295176873435706,152075179349701,152075179451995,102.294,20.671,sent,1000,
762,152075184329030,152075184330636,1790295176878434785,152075184347859,152075184451565,103.706,18.829,sent,1000,
763,152075189329030,152075189330998,1790295176883434605,152075189340656,152075189400750,60.094,11.626,sent,1000,
764,152075194329030,152075194330568,1790295176888434486,152075194340186,152075194399368,59.182,11.156,sent,1000,
765,152075199329030,152075199331671,1790295176893435850,152075199349605,152075199453622,104.017,20.575,sent,1000,
766,152075204329030,152075204331792,1790295176898435961,152075204349676,152075204454826,105.15,20.646,sent,1000,
767,152075209329030,152075209330392,1790295176903435262,152075209340492,152075209395065,54.573,11.462,sent,1000,
768,152075214329030,152075214331726,1790295176908435935,152075214348618,152075214453777,105.159,19.588,sent,1000,
769,152075219329030,152075219331717,1790295176913435825,152075219349901,152075219454499,104.598,20.871,sent,1000,
770,152075224329030,152075224332028,1790295176918436197,152075224349361,152075224453739,104.378,20.331,sent,1000,
771,152075229329030,152075229331308,1790295176923435487,152075229349352,152075229455553,106.201,20.322,sent,1000,
772,152075234329030,152075234331610,1790295176928435377,152075234341198,152075234399979,58.781,12.168,sent,1000,
773,152075239329030,152075239331340,1790295176933435789,152075239350025,152075239454333,104.308,20.995,sent,1000,
774,152075244329030,152075244330870,1790295176938435129,152075244348674,152075244450156,101.482,19.644,sent,1000,
775,152075249329030,152075249331404,1790295176943435883,152075249349619,152075249452594,102.975,20.589,sent,1000,
776,152075254329030,152075254331676,1790295176948435844,152075254349950,152075254453807,103.857,20.92,sent,1000,
777,152075259329030,152075259332518,1790295176953436707,152075259351033,152075259457996,106.963,22.003,sent,1000,
778,152075264329030,152075264332068,1790295176958436658,152075264351986,152075264451194,99.208,22.956,sent,1000,
779,152075269329030,152075269331308,1790295176963436038,152075269349422,152075269452437,103.015,20.392,sent,1000,
780,152075274329030,152075274332070,1790295176968436179,152075274349714,152075274452458,102.744,20.684,sent,1000,
781,152075279329030,152075279331330,1790295176973435559,152075279348793,152075279450225,101.432,19.763,sent,1000,
782,152075284329030,152075284331311,1790295176978435830,152075284349275,152075284454344,105.069,20.245,sent,1000,
783,152075289329030,152075289331995,1790295176983436274,152075289349658,152075289410103,60.445,20.628,sent,1000,
784,152075294329030,152075294331064,1790295176988435854,152075294349449,152075294452103,102.654,20.419,sent,1000,
785,152075299329030,152075299332618,1790295176993436857,152075299350762,152075299458306,107.544,21.732,sent,1000,
786,152075304329030,152075304331517,1790295176998435746,152075304349411,152075304454780,105.369,20.381,sent,1000,
787,152075309329030,152075309332560,1790295177003436739,152075309350414,152075309458068,107.654,21.384,sent,1000,
788,152075314329030,152075314331719,1790295177008435908,152075314349142,152075314455844,106.702,20.112,sent,1000,
789,152075319329030,152075319332512,1790295177013436680,152075319350396,152075319457098,106.702,21.366,sent,1000,
790,152075324329030,152075324332605,1790295177018436844,152075324349778,152075324457512,107.734,20.748,sent,1000,
791,152075329329030,152075329331243,1790295177023435412,152075329349939,152075329455459,105.52,20.909,sent,1000,
792,152075334329030,152075334332106,1790295177028436375,152075334350391,152075334459868,109.477,21.361,sent,1000,
793,152075339329030,152075339340383,1790295177033444561,152075339358647,152075339464237,105.59,29.617,sent,1000,
794,152075344329030,152075344330695,1790295177038435736,152075344354641,152075344409084,54.443,25.611,sent,1000,
795,152075349329030,152075349332179,1790295177043436388,152075349350474,152075349456645,106.171,21.444,sent,1000,
796,152075354329030,152075354331048,1790295177048434585,152075354340075,152075354396472,56.397,11.045,sent,1000,
797,152075359329030,152075359329726,1790295177053432743,152075359333734,152075359358571,24.837,4.704,sent,1000,
798,152075364329030,152075364329469,1790295177058432475,152075364332805,152075364357422,24.617,3.775,sent,1000,
799,152075369329030,152075369329470,1790295177063432476,152075369332656,152075369356681,24.025,3.626,sent,1000,
800,152075374329030,152075374329681,1790295177068432707,152075374345170,152075374368294,23.124,16.14,sent,1000,
801,152075379329030,152075379329802,1790295177073432829,152075379333138,152075379357274,24.136,4.108,sent,1000,
802,152075384329030,152075384331586,1790295177078435775,152075384348659,152075384451564,102.905,19.629,sent,1000,
803,152075389329030,152075389332008,1790295177083436257,152075389349572,152075389455322,105.75,20.542,sent,1000,
804,152075394329030,152075394332300,1790295177088436478,152075394349693,152075394453620,103.927,20.663,sent,1000,
805,152075399329030,152075399331120,1790295177093434627,152075399340418,152075399400041,59.623,11.388,sent,1000,
806,152075404329030,152075404332023,1790295177098436272,152075404350358,152075404453243,102.885,21.328,sent,1000,
807,152075409329030,152075409331824,1790295177103436343,152075409350148,152075409455207,105.059,21.118,sent,1000,
808,152075414329030,152075414331474,1790295177108435632,152075414348596,152075414453285,104.689,19.566,sent,1000,
809,152075419329030,152075419332336,1790295177113436595,152075419350962,152075419457353,106.391,21.932,sent,1000,
810,152075424329030,152075424330905,1790295177118436456,152075424349520,152075424453146,103.626,20.49,sent,1000,
811,152075429329030,152075429331517,1790295177123435726,152075429349190,152075429451704,102.514,20.16,sent,1000,
812,152075434329030,152075434331589,1790295177128435747,152075434348721,152075434453400,104.679,19.691,sent,1000,
813,152075439329030,152075439331661,1790295177133436010,152075439349465,152075439455796,106.331,20.435,sent,1000,
814,152075444329030,152075444331351,1790295177138436221,152075444349466,152075444451960,102.494,20.436,sent,1000,
815,152075449329030,152075449329719,1790295177143432736,152075449334328,152075449360618,26.29,5.298,sent,1000,
816,152075454329030,152075454331023,1790295177148434560,152075454340100,152075454399653,59.553,11.07,sent,1000,
817,152075459329030,152075459330623,1790295177153435222,152075459341443,152075459399884,58.441,12.413,sent,1000,
818,152075464329030,152075464331345,1790295177158435835,152075464348838,152075464455911,107.073,19.808,sent,1000,
819,152075469329030,152075469331867,1790295177163436036,152075469350332,152075469455371,105.039,21.302,sent,1000,
820,152075474329030,152075474331098,1790295177168434775,152075474340496,152075474398996,58.5,11.466,sent,1000,
821,152075479329030,152075479331341,1790295177173435540,152075479348203,152075479455967,107.764,19.173,sent,1000,
822,152075484329030,152075484331092,1790295177178435641,152075484349266,152075484455548,106.282,20.236,sent,1000,
823,152075489329030,152075489331654,1790295177183435782,152075489349037,152075489454246,105.209,20.007,sent,1000,
824,152075494329030,152075494330643,1790295177188435733,152075494348266,152075494450720,102.454,19.236,sent,1000,
825,152075499329030,152075499331415,1790295177193435584,152075499348237,152075499451202,102.965,19.207,sent,1000,
826,152075504329030,152075504331727,1790295177198435936,152075504348889,152075504453147,104.258,19.859,sent,1000,
827,152075509329030,152075509331347,1790295177203435866,152075509350253,152075509455001,104.748,21.223,sent,1000,
828,152075514329030,152075514331558,1790295177208435767,152075514349853,152075514455072,105.219,20.823,sent,1000,
829,152075519329030,152075519332050,1790295177213436480,152075519349964,152075519453160,103.196,20.934,sent,1000,
830,152075524329030,152075524331390,1790295177218435889,152075524349254,152075524454644,105.39,20.224,sent,1000,
831,152075529329030,152075529330920,1790295177223435109,152075529348774,152075529451939,103.165,19.744,sent,1000,
832,152075534329030,152075534329589,1790295177228432605,152075534333075,152075534357031,23.956,4.045,sent,1000,
833,152075539329030,152075539330932,1790295177233434790,152075539340761,152075539400935,60.174,11.731,sent,1000,
834,152075544329030,152075544330512,1790295177238434651,152075544347875,152075544446051,98.176,18.845,sent,1000,
835,152075549329030,152075549331838,1790295177243436097,152075549349792,152075549454570,104.778,20.762,sent,1000,
836,152075554329030,152075554331568,1790295177248435737,152075554349192,152075554451415,102.223,20.162,sent,1000,
837,152075559329030,152075559331700,1790295177253436139,152075559349564,152075559455675,106.111,20.534,sent,1000,
838,152075564329030,152075564331280,1790295177258435659,152075564349114,152075564453832,104.718,20.084,sent,1000,
839,152075569329030,152075569331712,1790295177263435890,152075569349856,152075569455206,105.35,20.826,sent,1000,
840,152075574329030,152075574331973,1790295177268436232,152075574349747,152075574454996,105.249,20.717,sent,1000,
841,152075579329030,152075579330632,1790295177273434149,152075579340130,152075579399141,59.011,11.1,sent,1000,
842,152075584329030,152075584330492,1790295177278434521,152075584340752,152075584399233,58.481,11.722,sent,1000,
843,152075589329030,152075589331087,1790295177283435435,152075589349020,152075589452657,103.637,19.99,sent,1000,
844,152075594329030,152075594331448,1790295177288436098,152075594348641,152075594454151,105.51,19.611,sent,1000,
845,152075599329030,152075599331780,1790295177293436059,152075599349924,152075599453180,103.256,20.894,sent,1000,
846,152075604329030,152075604331410,1790295177298435659,152075604348943,152075604453802,104.859,19.913,sent,1000,
847,152075609329030,152075609330599,1790295177303434588,152075609340528,152075609402175,61.647,11.498,sent,1000,
848,152075614329030,152075614331733,1790295177308435871,152075614348895,152075614454776,105.881,19.865,sent,1000,
849,152075619329030,152075619330662,1790295177313435211,152075619341101,152075619399141,58.04,12.071,sent,1000,
850,152075624329030,152075624331486,1790295177318435624,152075624349249,152075624454699,105.45,20.219,sent,1000,
851,152075629329030,152075629331006,1790295177323435465,152075629348379,152075629451143,102.764,19.349,sent,1000,
852,152075634329030,152075634331568,1790295177328435717,152075634348380,152075634453329,104.949,19.35,sent,1000,
853,152075639329030,152075639330838,1790295177333434966,152075639348190,152075639447639,99.449,19.16,sent,1000,
854,152075644329030,152075644331049,1790295177338435759,152075644348983,152075644452840,103.857,19.953,sent,1000,
855,152075649329030,152075649331821,1790295177343436000,152075649350166,152075649455866,105.7,21.136,sent,1000,
856,152075654329030,152075654331522,1790295177348435690,152075654348654,152075654452842,104.188,19.624,sent,1000,
857,152075659329030,152075659332625,1790295177353436834,152075659350168,152075659452622,102.454,21.138,sent,1000,
858,152075664329030,152075664330754,1790295177358434983,152075664348748,152075664460240,111.492,19.718,sent,1000,
859,152075669329030,152075669331817,1790295177363436297,152075669349491,152075669452516,103.025,20.461,sent,1000,
860,152075674329030,152075674332369,1790295177368436548,152075674349973,152075674452808,102.835,20.943,sent,1000,
861,152075679329030,152075679331188,1790295177373435687,152075679349543,152075679453570,104.027,20.513,sent,1000,
862,152075684329030,152075684330919,1790295177378435678,152075684349123,152075684455284,106.161,20.093,sent,1000,
863,152075689329030,152075689332022,1790295177383436220,152075689349926,152075689455946,106.02,20.896,sent,1000,
864,152075694329030,152075694331993,1790295177388436181,152075694349826,152075694455066,105.24,20.796,sent,1000,
865,152075699329030,152075699331884,1790295177393436153,152075699350119,152075699455268,105.149,21.089,sent,1000,
866,152075704329030,152075704331354,1790295177398435533,152075704347986,152075704450891,102.905,18.956,sent,1000,
867,152075709329030,152075709330995,1790295177403435474,152075709340733,152075709395156,54.423,11.703,sent,1000,
868,152075714329030,152075714331487,1790295177408435685,152075714348849,152075714454760,105.911,19.819,sent,1000,
869,152075719329030,152075719332069,1790295177413436257,152075719350764,152075719455222,104.458,21.734,sent,1000,
870,152075724329030,152075724332220,1790295177418436429,152075724349963,152075724455754,105.791,20.933,sent,1000,
871,152075729329030,152075729330628,1790295177423434826,152075729348662,152075729451016,102.354,19.632,sent,1000,
872,152075734329030,152075734331501,1790295177428435590,152075734348513,152075734445297,96.784,19.483,sent,1000,
873,152075739329030,152075739329279,1790295177433432315,152075739331934,152075739345149,13.215,2.904,sent,1000,
874,152075744329030,152075744329751,1790295177438432767,152075744332987,152075744359537,26.55,3.957,sent,1000,
875,152075749329030,152075749329701,1790295177443432718,152075749333138,152075749357574,24.436,4.108,sent,1000,
876,152075754329030,152075754329512,1790295177448432539,152075754332758,152075754357014,24.256,3.728,sent,1000,
877,152075759329030,152075759329533,1790295177453432550,152075759332729,152075759357085,24.356,3.699,sent,1000,
878,152075764329030,152075764329775,1790295177458432791,152075764332860,152075764357417,24.557,3.83,sent,1000,
879,152075769329030,152075769329766,1790295177463432793,152075769333102,152075769357659,24.557,4.072,sent,1000,
880,152075774329030,152075774331592,1790295177468435099,152075774341230,152075774402065,60.835,12.2,sent,1000,
881,152075779329030,152075779331082,1790295177473435240,152075779349106,152075779454535,105.429,20.076,sent,1000,
882,152075784329030,152075784331173,1790295177478435672,152075784349147,152075784454316,105.169,20.117,sent,1000,
883,152075789329030,152075789331965,1790295177483436204,152075789350170,152075789459777,109.607,21.14,sent,1000,
884,152075794329030,152075794332046,1790295177488436275,152075794349550,152075794453176,103.626,20.52,sent,1000,
885,152075799329030,152075799330685,1790295177493434202,152075799352887,152075799410296,57.409,23.857,sent,1000,
886,152075804329030,152075804331006,1790295177498434544,152075804340655,152075804399797,59.142,11.625,sent,1000,
887,152075809329030,152075809331558,1790295177503435667,152075809349553,152075809457136,107.583,20.523,sent,1000,
888,152075814329030,152075814330650,1790295177508434828,152075814347542,152075814451368,103.826,18.512,sent,1000,
889,152075819329030,152075819330941,1790295177513434689,152075819340650,152075819400213,59.563,11.62,sent,1000,
890,152075824329030,152075824331584,1790295177518435742,152075824348816,152075824455749,106.933,19.786,sent,1000,
891,152075829329030,152075829330943,1790295177523435222,152075829348507,152075829456000,107.493,19.477,sent,1000,
892,152075834329030,152075834330644,1790295177528434261,152075834340532,152075834400636,60.104,11.502,sent,1000,
893,152075839329030,152075839332007,1790295177533436186,152075839350362,152075839460260,109.898,21.332,sent,1000,
894,152075844329030,152075844331527,1790295177538435976,152075844349501,152075844454140,104.639,20.471,sent,1000,
895,152075849329030,152075849331029,1790295177543435328,152075849348462,152075849453582,105.12,19.432,sent,1000,
896,152075854329030,152075854331712,1790295177548435960,152075854349535,152075854456739,107.204,20.505,sent,1000,
897,152075859329030,152075859330450,1790295177553434228,152075859342323,152075859413277,70.954,13.293,sent,1000,
898,152075864329030,152075864330752,1790295177558434289,152075864343987,152075864430511,86.524,14.957,sent,1000,
899,152075869329030,152075869329250,1790295177563432136,152075869331214,152075869343317,12.103,2.184,sent,1000,
900,152075874329030,152075874329441,1790295177568432327,152075874331275,152075874346303,15.028,2.245,sent,1000,
901,152075879329030,152075879329442,1790295177573432348,152075879330645,152075879345693,15.048,1.615,sent,1000,
902,152075884329030,152075884329495,1790295177578432381,152075884330577,152075884345786,15.209,1.547,sent,1000,
903,152075889329030,152075889329566,1790295177583432573,152075889333163,152075889358361,25.198,4.133,sent,1000,
904,152075894329030,152075894329527,1790295177588432543,152075894332643,152075894356137,23.494,3.613,sent,1000,
905,152075899329030,152075899330590,1790295177593434107,152075899340399,152075899399681,59.282,11.369,sent,1000,
906,152075904329030,152075904331503,1790295177598435721,152075904348996,152075904455588,106.592,19.966,sent,1000,
907,152075909329030,152075909331834,1790295177603436153,152075909349608,152075909453855,104.247,20.578,sent,1000,
908,152075914329030,152075914331435,1790295177608435553,152075914349519,152075914463525,114.006,20.489,sent,1000,
909,152075919329030,152075919330715,1790295177613434603,152075919340473,152075919398764,58.291,11.443,sent,1000,
910,152075924329030,152075924331397,1790295177618435877,152075924348750,152075924452056,103.306,19.72,sent,1000,
911,152075929329030,152075929331028,1790295177623435196,152075929349152,152075929457477,108.325,20.122,sent,1000,
912,152075934329030,152075934330959,1790295177628434476,152075934340106,152075934399007,58.901,11.076,sent,1000,
913,152075939329030,152075939330719,1790295177633434527,152075939339876,152075939394199,54.323,10.846,sent,1000,
914,152075944329030,152075944329959,1790295177638433476,152075944338896,152075944396735,57.839,9.866,sent,1000,
915,152075949329030,152075949330691,1790295177643434218,152075949339928,152075949397598,57.67,10.898,sent,1000,
916,152075954329030,152075954331473,1790295177648435742,152075954349317,152075954453394,104.077,20.287,sent,1000,
917,152075959329030,152075959331685,1790295177653436194,152075959350080,152075959453876,103.796,21.05,sent,1000,
918,152075964329030,152075964330876,1790295177658435095,152075964348099,152075964452096,103.997,19.069,sent,1000,
919,152075969329030,152075969330587,1790295177663434545,152075969340486,152075969399347,58.861,11.456,sent,1000,
920,152075974329030,152075974331970,1790295177668436169,152075974349393,152075974455605,106.212,20.363,sent,1000,
921,152075979329030,152075979330218,1790295177673433745,152075979339997,152075979398628,58.631,10.967,sent,1000,
922,152075984329030,152075984331622,1790295177678435720,152075984349355,152075984450928,101.573,20.325,sent,1000,
923,152075989329030,152075989331502,1790295177683436052,152075989349527,152075989452662,103.135,20.497,sent,1000,
924,152075994329030,152075994330593,1790295177688434611,152075994340642,152075994398882,58.24,11.612,sent,1000,
925,152075999329030,152075999330434,1790295177693433871,152075999339301,152075999389626,50.325,10.271,sent,1000,
926,152076004329030,152076004331006,1790295177698435265,152076004348529,152076004451414,102.885,19.499,sent,1000,
927,152076009329030,152076009332270,1790295177703436418,152076009350434,152076009456254,105.82,21.404,sent,1000,
928,152076014329030,152076014330367,1790295177708434556,152076014364862,152076014419816,54.954,35.832,sent,1000,
929,152076019329030,152076019329296,1790295177713432202,152076019332231,152076019348382,16.151,3.201,sent,1000,
930,152076024329030,152076024329698,1790295177718433415,152076024334346,152076024359364,25.018,5.316,sent,1000,
931,152076029329030,152076029329368,1790295177723432315,152076029331593,152076029349336,17.743,2.563,sent,1000,
932,152076034329030,152076034329581,1790295177728432607,152076034332677,152076034356041,23.364,3.647,sent,1000,
933,152076039329030,152076039329752,1790295177733432769,152076039332928,152076039356854,23.926,3.898,sent,1000,
934,152076044329030,152076044329763,1790295177738432770,152076044333090,152076044357055,23.965,4.06,sent,1000,
935,152076049329030,152076049329754,1790295177743432711,152076049331978,152076049350664,18.686,2.948,sent,1000,
936,152076054329030,152076054330998,1790295177748434545,152076054340345,152076054399587,59.242,11.315,sent,1000,
937,152076059329030,152076059330618,1790295177753434456,152076059340176,152076059399879,59.703,11.146,sent,1000,
938,152076064329030,152076064330328,1790295177758433826,152076064339496,152076064392766,53.27,10.466,sent,1000,
939,152076069329030,152076069331001,1790295177763434548,152076069340819,152076069399821,59.002,11.789,sent,1000,
940,152076074329030,152076074331535,1790295177768435673,152076074348737,152076074451281,102.544,19.707,sent,1000,
941,152076079329030,152076079330734,1790295177773434873,152076079348768,152076079452645,103.877,19.738,sent,1000,
942,152076084329030,152076084331246,1790295177778435535,152076084348829,152076084456102,107.273,19.799,sent,1000,
943,152076089329030,152076089330405,1790295177783433933,152076089338330,152076089390329,51.999,9.3,sent,1000,
944,152076094329030,152076094331028,1790295177788435186,152076094341577,152076094399637,58.06,12.547,sent,1000,
945,152076099329030,152076099329736,1790295177793432762,152076099333253,152076099357819,24.566,4.223,sent,1000,
946,152076104329030,152076104331030,1790295177798434567,152076104340818,152076104398958,58.14,11.788,sent,1000,
947,152076109329030,152076109332045,1790295177803436504,152076109349007,152076109454296,105.289,19.977,sent,1000,
948,152076114329030,152076114330112,1790295177808433669,152076114339419,152076114397870,58.451,10.389,sent,1000,
949,152076119329030,152076119331846,1790295177813436035,152076119349389,152076119453046,103.657,20.359,sent,1000,
950,152076124329030,152076124331997,1790295177818436226,152076124349991,152076124453087,103.096,20.961,sent,1000,
951,152076129329030,152076129330816,1790295177823434995,152076129347888,152076129452557,104.669,18.858,sent,1000,
952,152076134329030,152076134330687,1790295177828434194,152076134340195,152076134398585,58.39,11.165,sent,1000,
953,152076139329030,152076139330718,1790295177833434215,152076139339524,152076139392795,53.271,10.494,sent,1000,
954,152076144329030,152076144330270,1790295177838434438,152076144346430,152076144443374,96.944,17.4,sent,1000,
955,152076149329030,152076149330491,1790295177843434269,152076149339759,152076149394913,55.154,10.729,sent,1000,
956,152076154329030,152076154330682,1790295177848434300,152076154339830,152076154398431,58.601,10.8,sent,1000,
957,152076159329030,152076159331585,1790295177853435724,152076159349389,152076159452564,103.175,20.359,sent,1000,
958,152076164329030,152076164330374,1790295177858433921,152076164339852,152076164399825,59.973,10.822,sent,1000,
959,152076169329030,152076169331868,1790295177863436046,152076169349681,152076169456624,106.943,20.651,sent,1000,
960,152076174329030,152076174331989,1790295177868436167,152076174349332,152076174455583,106.251,20.302,sent,1000,
961,152076179329030,152076179330818,1790295177873434966,152076179348381,152076179452117,103.736,19.351,sent,1000,
962,152076184329030,152076184330951,1790295177878435300,152076184349276,152076184451740,102.464,20.246,sent,1000,
963,152076189329030,152076189331373,1790295177883435631,152076189348936,152076189452422,103.486,19.906,sent,1000,
964,152076194329030,152076194331504,1790295177888436013,152076194349979,152076194454607,104.628,20.949,sent,1000,
965,152076199329030,152076199331284,1790295177893435413,152076199348517,152076199451492,102.975,19.487,sent,1000,
966,152076204329030,152076204330424,1790295177898433991,152076204339882,152076204396008,56.126,10.852,sent,1000,
967,152076209329030,152076209331878,1790295177903436166,152076209349481,152076209452155,102.674,20.451,sent,1000,
968,152076214329030,152076214331077,1790295177908435236,152076214349031,152076214451976,102.945,20.001,sent,1000,
969,152076219329030,152076219331579,1790295177913435838,152076219349172,152076219451857,102.685,20.142,sent,1000,
970,152076224329030,152076224332303,1790295177918436482,152076224370917,152076224474222,103.305,41.887,sent,1000,
971,152076229329030,152076229330341,1790295177923433908,152076229339809,152076229398039,58.23,10.779,sent,1000,
972,152076234329030,152076234330682,1790295177928434240,152076234340351,152076234399372,59.021,11.321,sent,1000,
973,152076239329030,152076239331355,1790295177933435523,152076239349389,152076239454067,104.678,20.359,sent,1000,
974,152076244329030,152076244330574,1790295177938434743,152076244347777,152076244447636,99.859,18.747,sent,1000,
975,152076249329030,152076249330114,1790295177943433932,152076249339352,152076249393845,54.493,10.322,sent,1000,
976,152076254329030,152076254330887,1790295177948434395,152076254340716,152076254399367,58.651,11.686,sent,1000,
977,152076259329030,152076259331442,1790295177953435730,152076259349586,152076259455617,106.031,20.556,sent,1000,
978,152076264329030,152076264330701,1790295177958434910,152076264348705,152076264452843,104.138,19.675,sent,1000,
979,152076269329030,152076269331053,1790295177963434600,152076269340581,152076269399152,58.571,11.551,sent,1000,
980,152076274329030,152076274332056,1790295177968436224,152076274349449,152076274454668,105.219,20.419,sent,1000,
981,152076279329030,152076279330965,1790295177973435143,152076279349019,152076279455510,106.491,19.989,sent,1000,
982,152076284329030,152076284331336,1790295177978435575,152076284348759,152076284450562,101.803,19.729,sent,1000,
983,152076289329030,152076289331738,1790295177983435897,152076289349682,152076289456474,106.792,20.652,sent,1000,
984,152076294329030,152076294330887,1790295177988435096,152076294341247,152076294401711,60.464,12.217,sent,1000,
985,152076299329030,152076299331109,1790295177993435378,152076299348782,152076299453981,105.199,19.752,sent,1000,
986,152076304329030,152076304331460,1790295177998435689,152076304349074,152076304453932,104.858,20.044,sent,1000,
987,152076309329030,152076309332022,1790295178003436221,152076309350167,152076309455276,105.109,21.137,sent,1000,
988,152076314329030,152076314330230,1790295178008433747,152076314339307,152076314399882,60.575,10.277,sent,1000,
989,152076319329030,152076319331664,1790295178013435892,152076319349417,152076319457191,107.774,20.387,sent,1000,
990,152076324329030,152076324331464,1790295178018436234,152076324349188,152076324453555,104.367,20.158,sent,1000,
991,152076329329030,152076329329782,1790295178023433319,152076329339370,152076329399975,60.605,10.34,sent,1000,
992,152076334329030,152076334330686,1790295178028434194,152076334339793,152076334398294,58.501,10.763,sent,1000,
993,152076339329030,152076339330357,1790295178033434114,152076339339484,152076339393085,53.601,10.454,sent,1000,
994,152076344329030,152076344331169,1790295178038435819,152076344349293,152076344450415,101.122,20.263,sent,1000,
995,152076349329030,152076349330439,1790295178043434006,152076349339876,152076349400241,60.365,10.846,sent,1000,
996,152076354329030,152076354329748,1790295178048432775,152076354333525,152076354358302,24.777,4.495,sent,1000,
997,152076359329030,152076359329629,1790295178053432645,152076359332885,152076359357131,24.246,3.855,sent,1000,
998,152076364329030,152076364329630,1790295178058432637,152076364332816,152076364356982,24.166,3.786,sent,1000,
999,152076369329030,152076369329763,1790295178063432779,152076369332979,152076369357355,24.376,3.949,sent,1000,
1000,152076374329030,152076374329764,1790295178068432780,152076374332890,152076374352106,19.216,3.86,sent,1000,
1001,152076379329030,152076379329965,1790295178073432982,152076379333121,152076379357578,24.457,4.091,sent,1000,
1002,152076384329030,152076384329646,1790295178078432662,152076384332862,152076384356767,23.905,3.832,sent,1000,
1003,152076389329030,152076389329456,1790295178083432463,152076389332612,152076389352059,19.447,3.582,sent,1000,
1004,152076394329030,152076394331862,1790295178088436101,152076394350026,152076394454173,104.147,20.996,sent,1000,
1005,152076399329030,152076399330712,1790295178093434229,152076399340911,152076399398520,57.609,11.881,sent,1000,
1006,152076404329030,152076404331755,1790295178098435964,152076404348898,152076404452614,103.716,19.868,sent,1000,
1007,152076409329030,152076409332047,1790295178103436265,152076409349610,152076409452765,103.155,20.58,sent,1000,
1008,152076414329030,152076414330885,1790295178108435084,152076414347547,152076414448909,101.362,18.517,sent,1000,
1009,152076419329030,152076419331407,1790295178113435606,152076419349371,152076419455372,106.001,20.341,sent,1000,
1010,152076424329030,152076424330687,1790295178118434535,152076424340516,152076424399507,58.991,11.486,sent,1000,
1011,152076429329030,152076429331019,1790295178123435257,152076429348712,152076429453881,105.169,19.682,sent,1000,
1012,152076434329030,152076434331401,1790295178128435630,152076434349796,152076434462650,112.854,20.766,sent,1000,
1013,152076439329030,152076439330561,1790295178133434089,152076439340801,152076439399352,58.551,11.771,sent,1000,
1014,152076444329030,152076444330663,1790295178138434871,152076444348196,152076444449237,101.041,19.166,sent,1000,
1015,152076449329030,152076449331425,1790295178143435634,152076449349329,152076449453476,104.147,20.299,sent,1000,
1016,152076454329030,152076454330755,1790295178148434973,152076454340724,152076454398663,57.939,11.694,sent,1000,
1017,152076459329030,152076459330926,1790295178153434734,152076459340955,152076459399867,58.912,11.925,sent,1000,
1018,152076464329030,152076464330516,1790295178158434665,152076464348220,152076464452026,103.806,19.19,sent,1000,
1019,152076469329030,152076469330398,1790295178163433835,152076469339134,152076469392525,53.391,10.104,sent,1000,
1020,152076474329030,152076474332054,1790295178168436292,152076474349016,152076474451941,102.925,19.986,sent,1000,
1021,152076479329030,152076479331093,1790295178173435272,152076479349478,152076479454677,105.199,20.448,sent,1000,
1022,152076484329030,152076484331294,1790295178178435463,152076484348857,152076484451903,103.046,19.827,sent,1000,
1023,152076489329030,152076489331566,1790295178183435774,152076489348878,152076489450772,101.894,19.848,sent,1000,
1024,152076494329030,152076494331817,1790295178188436326,152076494349090,152076494452876,103.786,20.06,sent,1000,
1025,152076499329030,152076499331227,1790295178193435516,152076499349121,152076499454861,105.74,20.091,sent,1000,
1026,152076504329030,152076504330797,1790295178198434325,152076504340215,152076504399137,58.922,11.185,sent,1000,
1027,152076509329030,152076509332023,1790295178203436241,152076509350367,152076509452581,102.214,21.337,sent,1000,
1028,152076514329030,152076514331052,1790295178208435200,152076514348575,152076514451380,102.805,19.545,sent,1000,
1029,152076519329030,152076519331323,1790295178213435542,152076519349598,152076519452964,103.366,20.568,sent,1000,
1030,152076524329030,152076524331745,1790295178218436204,152076524349599,152076524452424,102.825,20.569,sent,1000,
1031,152076529329030,152076529331245,1790295178223435554,152076529349590,152076529454529,104.939,20.56,sent,1000,
1032,152076534329030,152076534330364,1790295178228434172,152076534339401,152076534392512,53.111,10.371,sent,1000,
1033,152076539329030,152076539331117,1790295178233435606,152076539348930,152076539451815,102.885,19.9,sent,1000,
1034,152076544329030,152076544332001,1790295178238436230,152076544348983,152076544454744,105.761,19.953,sent,1000,
1035,152076549329030,152076549330800,1790295178243434948,152076549348393,152076549450477,102.084,19.363,sent,1000,
1036,152076554329030,152076554330671,1790295178248434559,152076554340469,152076554399281,58.812,11.439,sent,1000,
1037,152076559329030,152076559331132,1790295178253434980,152076559341041,152076559399712,58.671,12.011,sent,1000,
1038,152076564329030,152076564330252,1790295178258434440,152076564348877,152076564453625,104.748,19.847,sent,1000,
1039,152076569329030,152076569331445,1790295178263435593,152076569349559,152076569454829,105.27,20.529,sent,1000,
1040,152076574329030,152076574331766,1790295178268435885,152076574349350,152076574452756,103.406,20.32,sent,1000,
1041,152076579329030,152076579331477,1790295178273435716,152076579348670,152076579451545,102.875,19.64,sent,1000,
1042,152076584329030,152076584331139,1790295178278435328,152076584348021,152076584451287,103.266,18.991,sent,1000,
1043,152076589329030,152076589331541,1790295178283435780,152076589350257,152076589453673,103.416,21.227,sent,1000,
1044,152076594329030,152076594331061,1790295178288434829,152076594340830,152076594399821,58.991,11.8,sent,1000,
1045,152076599329030,152076599331022,1790295178293435271,152076599349647,152076599452803,103.156,20.617,sent,1000,
1046,152076604329030,152076604330833,1790295178298435092,152076604348015,152076604448816,100.801,18.985,sent,1000,
1047,152076609329030,152076609331114,1790295178303434662,152076609340592,152076609400015,59.423,11.562,sent,1000,
1048,152076614329030,152076614331045,1790295178308435214,152076614347667,152076614452275,104.608,18.637,sent,1000,
1049,152076619329030,152076619330847,1790295178313434374,152076619340565,152076619400008,59.443,11.535,sent,1000,
1050,152076624329030,152076624330637,1790295178318434515,152076624340426,152076624398876,58.45,11.396,sent,1000,
1051,152076629329030,152076629331029,1790295178323435288,152076629349213,152076629451447,102.234,20.183,sent,1000,
1052,152076634329030,152076634330359,1790295178328434237,152076634340418,152076634399620,59.202,11.388,sent,1000,
1053,152076639329030,152076639331682,1790295178333436101,152076639350077,152076639458963,108.886,21.047,sent,1000,
1054,152076644329030,152076644331412,1790295178338435932,152076644349747,152076644456019,106.272,20.717,sent,1000,
1055,152076649329030,152076649330252,1790295178343433779,152076649352243,152076649410153,57.91,23.213,sent,1000,
1056,152076654329030,152076654331407,1790295178348435606,152076654348449,152076654454761,106.312,19.419,sent,1000,
1057,152076659329030,152076659331408,1790295178353436218,152076659349482,152076659453118,103.636,20.452,sent,1000,
1058,152076664329030,152076664331008,1790295178358435207,152076664349153,152076664452578,103.425,20.123,sent,1000,
1059,152076669329030,152076669330929,1790295178363434466,152076669340497,152076669400932,60.435,11.467,sent,1000,
1060,152076674329030,152076674331541,1790295178368435760,152076674348473,152076674452891,104.418,19.443,sent,1000,
1061,152076679329030,152076679331342,1790295178373435520,152076679349346,152076679453243,103.897,20.316,sent,1000,
1062,152076684329030,152076684331573,1790295178378435812,152076684349257,152076684455398,106.141,20.227,sent,1000,
1063,152076689329030,152076689331787,1790295178383435955,152076689349240,152076689454128,104.888,20.21,sent,1000,
1064,152076694329030,152076694331447,1790295178388435926,152076694348980,152076694452917,103.937,19.95,sent,1000,
1065,152076699329030,152076699330867,1790295178393435005,152076699349202,152076699451796,102.594,20.172,sent,1000,
1066,152076704329030,152076704330868,1790295178398435056,152076704347790,152076704451617,103.827,18.76,sent,1000,
1067,152076709329030,152076709331690,1790295178403435879,152076709349654,152076709452239,102.585,20.624,sent,1000,
1068,152076714329030,152076714331100,1790295178408435269,152076714348543,152076714454113,105.57,19.513,sent,1000,
1069,152076719329030,152076719331442,1790295178413435601,152076719349576,152076719451970,102.394,20.546,sent,1000,
1070,152076724329030,152076724332036,1790295178418436155,152076724348938,152076724452554,103.616,19.908,sent,1000,
1071,152076729329030,152076729331175,1790295178423435344,152076729349360,152076729453657,104.297,20.33,sent,1000,
1072,152076734329030,152076734330084,1790295178428433562,152076734338380,152076734392212,53.832,9.35,sent,1000,
1073,152076739329030,152076739329644,1790295178433432671,152076739333662,152076739358750,25.088,4.632,sent,1000,
1074,152076744329030,152076744329435,1790295178438432381,152076744331840,152076744349523,17.683,2.81,sent,1000,
1075,152076749329030,152076749329496,1790295178443432513,152076749332752,152076749351658,18.906,3.722,sent,1000,
1076,152076754329030,152076754331381,1790295178448435579,152076754349184,152076754453592,104.408,20.154,sent,1000,
1077,152076759329030,152076759331672,1790295178453436141,152076759349075,152076759453854,104.779,20.045,sent,1000,
1078,152076764329030,152076764330072,1790295178458433700,152076764339490,152076764404133,64.643,10.46,sent,1000,
1079,152076769329030,152076769331215,1790295178463435695,152076769349951,152076769456282,106.331,20.921,sent,1000,
1080,152076774329030,152076774331878,1790295178468436437,152076774349591,152076774453378,103.787,20.561,sent,1000,
1081,152076779329030,152076779331829,1790295178473436047,152076779349893,152076779454160,104.267,20.863,sent,1000,
1082,152076784329030,152076784331329,1790295178478435497,152076784349122,152076784452608,103.486,20.092,sent,1000,
1083,152076789329030,152076789331560,1790295178483435779,152076789349674,152076789457398,107.724,20.644,sent,1000,
1084,152076794329030,152076794330540,1790295178488435450,152076794341551,152076794399571,58.02,12.521,sent,1000,
1085,152076799329030,152076799331224,1790295178493435673,152076799349659,152076799451903,102.244,20.629,sent,1000,
1086,152076804329030,152076804331265,1790295178498435494,152076804348758,152076804457174,108.416,19.728,sent,1000,
1087,152076809329030,152076809330705,1790295178503434593,152076809340043,152076809393905,53.862,11.013,sent,1000,
1088,152076814329030,152076814330386,1790295178508433893,152076814339994,152076814400559,60.565,10.964,sent,1000,
1089,152076819329030,152076819331308,1790295178513435537,152076819349513,152076819452768,103.255,20.483,sent,1000,
1090,152076824329030,152076824331349,1790295178518434897,152076824340747,152076824399949,59.202,11.717,sent,1000,
1091,152076829329030,152076829332042,1790295178523436170,152076829350006,152076829453882,103.876,20.976,sent,1000,
1092,152076834329030,152076834331041,1790295178528435239,152076834348564,152076834449064,100.5,19.534,sent,1000,
1093,152076839329030,152076839330641,1790295178533434749,152076839348074,152076839453804,105.73,19.044,sent,1000,
1094,152076844329030,152076844331514,1790295178538435061,152076844340891,152076844399923,59.032,11.861,sent,1000,
1095,152076849329030,152076849330733,1790295178543435182,152076849349158,152076849456421,107.263,20.128,sent,1000,
1096,152076854329030,152076854331365,1790295178548435674,152076854348838,152076854451393,102.555,19.808,sent,1000,
1097,152076859329030,152076859330174,1790295178553433922,152076859341385,152076859404845,63.46,12.355,sent,1000,
1098,152076864329030,152076864330637,1790295178558435397,152076864372106,152076864472456,100.35,43.076,sent,1000,
1099,152076869329030,152076869329697,1790295178563432713,152076869333384,152076869358141,24.757,4.354,sent,1000,
1100,152076874329030,152076874421592,1790295178568524608,152076874424758,152076874448994,24.236,95.728,sent,1000,
1101,152076879329030,152076879329699,1790295178573432715,152076879333185,152076879357471,24.286,4.155,sent,1000,
1102,152076884329030,152076884329690,1790295178578432696,152076884332805,152076884357142,24.337,3.775,sent,1000,
1103,152076889329030,152076889331354,1790295178583435643,152076889348997,152076889453836,104.839,19.967,sent,1000,
1104,152076894329030,152076894340923,1790295178588444590,152076894351182,152076894412268,61.086,22.152,sent,1000,
1105,152076899329030,152076899329954,1790295178593433472,152076899340073,152076899398584,58.511,11.043,sent,1000,
1106,152076904329030,152076904331108,1790295178598435326,152076904348360,152076904454051,105.691,19.33,sent,1000,
1107,152076909329030,152076909331469,1790295178603436490,152076909349594,152076909452569,102.975,20.564,sent,1000,
1108,152076914329030,152076914330158,1790295178608433685,152076914340137,152076914400601,60.464,11.107,sent,1000,
1109,152076919329030,152076919331211,1790295178613435610,152076919347832,152076919451489,103.657,18.802,sent,1000,
1110,152076924329030,152076924331232,1790295178618435040,152076924340990,152076924398199,57.209,11.96,sent,1000,
1111,152076929329030,152076929331333,1790295178623435462,152076929349257,152076929451591,102.334,20.227,sent,1000,
1112,152076934329030,152076934331345,1790295178628435513,152076934349539,152076934461051,111.512,20.509,sent,1000,
1113,152076939329030,152076939330705,1790295178633434273,152076939340354,152076939400598,60.244,11.324,sent,1000,
1114,152076944329030,152076944332019,1790295178638436268,152076944349011,152076944451295,102.284,19.981,sent,1000,
1115,152076949329030,152076949330998,1790295178643435307,152076949348842,152076949460353,111.511,19.812,sent,1000,
1116,152076954329030,152076954331129,1790295178648435348,152076954348903,152076954455745,106.842,19.873,sent,1000,
1117,152076959329030,152076959331741,1790295178653436170,152076959349695,152076959457870,108.175,20.665,sent,1000,
1118,152076964329030,152076964331412,1790295178658435610,152076964348334,152076964453663,105.329,19.304,sent,1000,
1119,152076969329030,152076969331202,1790295178663435451,152076969348966,152076969452452,103.486,19.936,sent,1000,
1120,152076974329030,152076974332097,1790295178668436306,152076974349780,152076974456473,106.693,20.75,sent,1000,
1121,152076979329030,152076979331597,1790295178673435756,152076979349541,152076979452536,102.995,20.511,sent,1000,
1122,152076984329030,152076984331147,1790295178678435286,152076984349332,152076984411109,61.777,20.302,sent,1000,
1123,152076989329030,152076989331248,1790295178683435427,152076989348561,152076989451997,103.436,19.531,sent,1000,
1124,152076994329030,152076994331440,1790295178688436199,152076994348221,152076994446528,98.307,19.191,sent,1000,
1125,152076999329030,152076999330839,1790295178693434998,152076999348493,152076999453161,104.668,19.463,sent,1000,
1126,152077004329030,152077004331432,1790295178698435650,152077004348694,152077004454555,105.861,19.664,sent,1000,
1127,152077009329030,152077009331645,1790295178703435884,152077009349359,152077009452584,103.225,20.329,sent,1000,
1128,152077014329030,152077014330384,1790295178708434582,152077014347115,152077014403312,56.197,18.085,sent,1000,
1129,152077019329030,152077019329603,1790295178713432579,152077019333591,152077019355232,21.641,4.561,sent,1000,
1130,152077024329030,152077024329664,1790295178718432671,152077024332820,152077024356194,23.374,3.79,sent,1000,
1131,152077029329030,152077029329555,1790295178723432571,152077029332741,152077029355674,22.933,3.711,sent,1000,
1132,152077034329030,152077034330097,1790295178728433674,152077034339535,152077034398176,58.641,10.505,sent,1000,
1133,152077039329030,152077039330599,1790295178733434116,152077039340438,152077039398878,58.44,11.408,sent,1000,
1134,152077044329030,152077044331573,1790295178738435682,152077044349828,152077044454747,104.919,20.798,sent,1000,
1135,152077049329030,152077049330302,1790295178743434401,152077049347144,152077049446001,98.857,18.114,sent,1000,
1136,152077054329030,152077054331415,1790295178748435624,152077054348017,152077054450441,102.424,18.987,sent,1000,
1137,152077059329030,152077059331536,1790295178753436036,152077059350262,152077059455932,105.67,21.232,sent,1000,
1138,152077064329030,152077064331407,1790295178758435566,152077064348880,152077064454671,105.791,19.85,sent,1000,
1139,152077069329030,152077069331027,1790295178763435196,152077069347959,152077069447478,99.519,18.929,sent,1000,
1140,152077074329030,152077074330968,1790295178768434546,152077074353080,152077074411280,58.2,24.05,sent,1000,
1141,152077079329030,152077079331582,1790295178773435730,152077079349776,152077079454284,104.508,20.746,sent,1000,
1142,152077084329030,152077084330922,1790295178778435130,152077084348655,152077084452933,104.278,19.625,sent,1000,
1143,152077089329030,152077089330883,1790295178783435071,152077089348225,152077089444808,96.583,19.195,sent,1000,
1144,152077094329030,152077094331274,1790295178788434892,152077094340963,152077094399884,58.921,11.933,sent,1000,
1145,152077099329030,152077099330624,1790295178793434793,152077099348137,152077099451092,102.955,19.107,sent,1000,
1146,152077104329030,152077104331507,1790295178798435816,152077104348399,152077104450472,102.073,19.369,sent,1000,
1147,152077109329030,152077109331007,1790295178803435035,152077109341226,152077109399787,58.561,12.196,sent,1000,
1148,152077114329030,152077114330648,1790295178808434175,152077114339735,152077114397695,57.96,10.705,sent,1000,
1149,152077119329030,152077119331181,1790295178813435389,152077119348794,152077119454655,105.861,19.764,sent,1000,
1150,152077124329030,152077124331132,1790295178818434709,152077124340349,152077124398309,57.96,11.319,sent,1000,
1151,152077129329030,152077129331553,1790295178823435702,152077129350379,152077129457983,107.604,21.349,sent,1000,
1152,152077134329030,152077134331053,1790295178828435242,152077134348486,152077134453105,104.619,19.456,sent,1000,
1153,152077139329030,152077139330553,1790295178833434081,152077139340252,152077139399554,59.302,11.222,sent,1000,
1154,152077144329030,152077144331516,1790295178838435715,152077144348609,152077144452455,103.846,19.579,sent,1000,
1155,152077149329030,152077149330185,1790295178843433743,152077149339833,152077149398334,58.501,10.803,sent,1000,
1156,152077154329030,152077154330137,1790295178848433925,152077154339605,152077154398036,58.431,10.575,sent,1000,
1157,152077159329030,152077159331571,1790295178853435689,152077159349745,152077159455516,105.771,20.715,sent,1000,
1158,152077164329030,152077164331301,1790295178858435490,152077164348414,152077164455036,106.622,19.384,sent,1000,
1159,152077169329030,152077169331322,1790295178863435461,152077169349567,152077169456630,107.063,20.537,sent,1000,
1160,152077174329030,152077174330983,1790295178868434500,152077174340180,152077174399733,59.553,11.15,sent,1000,
1161,152077179329030,152077179331555,1790295178873436204,152077179349489,152077179452083,102.594,20.459,sent,1000,
1162,152077184329030,152077184330784,1790295178878435043,152077184347917,152077184451643,103.726,18.887,sent,1000,
1163,152077189329030,152077189331118,1790295178883435357,152077189349703,152077189453049,103.346,20.673,sent,1000,
1164,152077194329030,152077194330919,1790295178888434907,152077194340617,152077194399158,58.541,11.587,sent,1000,
1165,152077199329030,152077199330880,1790295178893435649,152077199348954,152077199452620,103.666,19.924,sent,1000,
1166,152077204329030,152077204330550,1790295178898434759,152077204347833,152077204451319,103.486,18.803,sent,1000,
1167,152077209329030,152077209330962,1790295178903435641,152077209349437,152077209452953,103.516,20.407,sent,1000,
1168,152077214329030,152077214331734,1790295178908435863,152077214348967,152077214452894,103.927,19.937,sent,1000,
1169,152077219329030,152077219331174,1790295178913435403,152077219349759,152077219453616,103.857,20.729,sent,1000,
1170,152077224329030,152077224332049,1790295178918436257,152077224348620,152077224452397,103.777,19.59,sent,1000,
1171,152077229329030,152077229330958,1790295178923434786,152077229340967,152077229400740,59.773,11.937,sent,1000,
1172,152077234329030,152077234330127,1790295178928434306,152077234340266,152077234398907,58.641,11.236,sent,1000,
1173,152077239329030,152077239331420,1790295178933435639,152077239349395,152077239452871,103.476,20.365,sent,1000,
1174,152077244329030,152077244332083,1790295178938436261,152077244350007,152077244454895,104.888,20.977,sent,1000,
1175,152077249329030,152077249330220,1790295178943433748,152077249339888,152077249398459,58.571,10.858,sent,1000,
1176,152077254329030,152077254330662,1790295178948434781,152077254347594,152077254450709,103.115,18.564,sent,1000,
1177,152077259329030,152077259332038,1790295178953436266,152077259349841,152077259453588,103.747,20.811,sent,1000,
1178,152077264329030,152077264331778,1790295178958435977,152077264349021,152077264452787,103.766,19.991,sent,1000,
1179,152077269329030,152077269331218,1790295178963435357,152077269349463,152077269453630,104.167,20.433,sent,1000,
1180,152077274329030,152077274331339,1790295178968435498,152077274348372,152077274450806,102.434,19.342,sent,1000,
1181,152077279329030,152077279331300,1790295178973436020,152077279349194,152077279454944,105.75,20.164,sent,1000,
1182,152077284329030,152077284330900,1790295178978435059,152077284348864,152077284452601,103.737,19.834,sent,1000,
1183,152077289329030,152077289330410,1790295178983433878,152077289339127,152077289393460,54.333,10.097,sent,1000,
1184,152077294329030,152077294331904,1790295178988436283,152077294349728,152077294452823,103.095,20.698,sent,1000,
1185,152077299329030,152077299331194,1790295178993435443,152077299349208,152077299452694,103.486,20.178,sent,1000,
1186,152077304329030,152077304330844,1790295178998435023,152077304348287,152077304451372,103.085,19.257,sent,1000,
1187,152077309329030,152077309331346,1790295179003435805,152077309349370,152077309453047,103.677,20.34,sent,1000,
1188,152077314329030,152077314331597,1790295179008435786,152077314348560,152077314453017,104.457,19.53,sent,1000,
1189,152077319329030,152077319330516,1790295179013434815,152077319349072,152077319454000,104.928,20.042,sent,1000,
1190,152077324329030,152077324331419,1790295179018435648,152077324349594,152077324454092,104.498,20.564,sent,1000,
1191,152077329329030,152077329332073,1790295179023436312,152077329349907,152077329455377,105.47,20.877,sent,1000,
1192,152077334329030,152077334330832,1790295179028434971,152077334349147,152077334453264,104.117,20.117,sent,1000,
1193,152077339329030,152077339331464,1790295179033435623,152077339349228,152077339453656,104.428,20.198,sent,1000,
1194,152077344329030,152077344331044,1790295179038435534,152077344350862,152077344455089,104.227,21.832,sent,1000,
1195,152077349329030,152077349330144,1790295179043433871,152077349339922,152077349400176,60.254,10.892,sent,1000,
1196,152077354329030,152077354330365,1790295179048433872,152077354339613,152077354398815,59.202,10.583,sent,1000,
1197,152077359329030,152077359331558,1790295179053435747,152077359349582,152077359458238,108.656,20.552,sent,1000,
1198,152077364329030,152077364331541,1790295179058435740,152077364349505,152077364456768,107.263,20.475,sent,1000,
1199,152077369329030,152077369330510,1790295179063435220,152077369347683,152077369446390,98.707,18.653,sent,1000,
1200,152077374329030,152077374331363,1790295179068435561,152077374348535,152077374454436,105.901,19.505,sent,1000,
1201,152077379329030,152077379332426,1790295179073436634,152077379350851,152077379459446,108.595,21.821,sent,1000,
1202,152077384329030,152077384330944,1790295179078435142,152077384348988,152077384457403,108.415,19.958,sent,1000,
1203,152077389329030,152077389330865,1790295179083435304,152077389348769,152077389448678,99.909,19.739,sent,1000,
1204,152077394329030,152077394331398,1790295179088435606,152077394348199,152077394447197,98.998,19.169,sent,1000,
1205,152077399329030,152077399331429,1790295179093435658,152077399349273,152077399458831,109.558,20.243,sent,1000,
1206,152077404329030,152077404330939,1790295179098435138,152077404348653,152077404457990,109.337,19.623,sent,1000,
1207,152077409329030,152077409331812,1790295179103435940,152077409350016,152077409458071,108.055,20.986,sent,1000,
1208,152077414329030,152077414331342,1790295179108435921,152077414349466,152077414454255,104.789,20.436,sent,1000,
1209,152077419329030,152077419330832,1790295179113435021,152077419348956,152077419456210,107.254,19.926,sent,1000,
1210,152077424329030,152077424342796,1790295179118447004,152077424360579,152077424465408,104.829,31.549,sent,1000,
1211,152077429329030,152077429331556,1790295179123436296,152077429349750,152077429454258,104.508,20.72,sent,1000,
1212,152077434329030,152077434377595,1790295179128481874,152077434395399,152077434502231,106.832,66.369,sent,1000,
1213,152077439329030,152077439330898,1790295179133435016,152077439349062,152077439453400,104.338,20.032,sent,1000,
1214,152077444329030,152077444331320,1790295179138434857,152077444341399,152077444436729,95.33,12.369,sent,1000,
1215,152077449329030,152077449331561,1790295179143435770,152077449349435,152077449451468,102.033,20.405,sent,1000,
1216,152077454329030,152077454330390,1790295179148433927,152077454340058,152077454417114,77.056,11.028,sent,1000,
1217,152077459329030,152077459331633,1790295179153435802,152077459350028,152077459455017,104.989,20.998,sent,1000,
1218,152077464329030,152077464331025,1790295179158435814,152077464349389,152077464457785,108.396,20.359,sent,1000,
1219,152077469329030,152077469330865,1790295179163435074,152077469348439,152077469455201,106.762,19.409,sent,1000,
1220,152077474329030,152077474330876,1790295179168434394,152077474340094,152077474398825,58.731,11.064,sent,1000,
1221,152077479329030,152077479331599,1790295179173435817,152077479349763,152077479455363,105.6,20.733,sent,1000,
1222,152077484329030,152077484330788,1790295179178434977,152077484347780,152077484452298,104.518,18.75,sent,1000,
1223,152077489329030,152077489331300,1790295179183435579,152077489349605,152077489455746,106.141,20.575,sent,1000,
1224,152077494329030,152077494331501,1790295179188436001,152077494348864,152077494454224,105.36,19.834,sent,1000,
1225,152077499329030,152077499330852,1790295179193435001,152077499370708,152077499474114,103.406,41.678,sent,1000,
1226,152077504329030,152077504330453,1790295179198434572,152077504347626,152077504450661,103.035,18.596,sent,1000,
1227,152077509329030,152077509332067,1790295179203436256,152077509350121,152077509453257,103.136,21.091,sent,1000,
1228,152077514329030,152077514332098,1790295179208436247,152077514350713,152077514456935,106.222,21.683,sent,1000,
1229,152077519329030,152077519330817,1790295179213435005,152077519348801,152077519451475,102.674,19.771,sent,1000,
1230,152077524329030,152077524331439,1790295179218435667,152077524348762,152077524453760,104.998,19.732,sent,1000,
1231,152077529329030,152077529332041,1790295179223436240,152077529349534,152077529453170,103.636,20.504,sent,1000,
1232,152077534329030,152077534331082,1790295179228435281,152077534348305,152077534450879,102.574,19.275,sent,1000,
1233,152077539329030,152077539330662,1790295179233435162,152077539348346,152077539446812,98.466,19.316,sent,1000,
1234,152077544329030,152077544331575,1790295179238435974,152077544350260,152077544453165,102.905,21.23,sent,1000,
1235,152077549329030,152077549331546,1790295179243435765,152077549349300,152077549450952,101.652,20.27,sent,1000,
1236,152077554329030,152077554331026,1790295179248435134,152077554348068,152077554447657,99.589,19.038,sent,1000,
1237,152077559329030,152077559331027,1790295179253434554,152077559340585,152077559399687,59.102,11.555,sent,1000,
1238,152077564329030,152077564331980,1790295179258436158,152077564349723,152077564455213,105.49,20.693,sent,1000,
1239,152077569329030,152077569330961,1790295179263435160,152077569348604,152077569453894,105.29,19.574,sent,1000,
1240,152077574329030,152077574331703,1790295179268435932,152077574348425,152077574450909,102.484,19.395,sent,1000,
1241,152077579329030,152077579331945,1790295179273436053,152077579348706,152077579452092,103.386,19.676,sent,1000,
1242,152077584329030,152077584331054,1790295179278435273,152077584348727,152077584451743,103.016,19.697,sent,1000,
1243,152077589329030,152077589331315,1790295179283435534,152077589348538,152077589455751,107.213,19.508,sent,1000,
1244,152077594329030,152077594330575,1790295179288434423,152077594339883,152077594398454,58.571,10.853,sent,1000,
1245,152077599329030,152077599331668,1790295179293435887,152077599349782,152077599455212,105.43,20.752,sent,1000,
1246,152077604329030,152077604331270,1790295179298435509,152077604349134,152077604453422,104.288,20.104,sent,1000,
1247,152077609329030,152077609331672,1790295179303435841,152077609349045,152077609452902,103.857,20.015,sent,1000,
1248,152077614329030,152077614331994,1790295179308436523,152077614349216,152077614452893,103.677,20.186,sent,1000,
1249,152077619329030,152077619330933,1790295179313435101,152077619349488,152077619453054,103.566,20.458,sent,1000,
1250,152077624329030,152077624331405,1790295179318435543,152077624348737,152077624452534,103.797,19.707,sent,1000,
1251,152077629329030,152077629330494,1790295179323434021,152077629340052,152077629397000,56.948,11.022,sent,1000,
1252,152077634329030,152077634330145,1790295179328433633,152077634339994,152077634395409,55.415,10.964,sent,1000,
1253,152077639329030,152077639330287,1790295179333433795,152077639339725,152077639396723,56.998,10.695,sent,1000,
1254,152077644329030,152077644331571,1790295179338435749,152077644349214,152077644455666,106.452,20.184,sent,1000,
1255,152077649329030,152077649331551,1790295179343435710,152077649349836,152077649451849,102.013,20.806,sent,1000,
1256,152077654329030,152077654331412,1790295179348435641,152077654349156,152077654452672,103.516,20.126,sent,1000,
1257,152077659329030,152077659331593,1790295179353435932,152077659349367,152077659452843,103.476,20.337,sent,1000,
1258,152077664329030,152077664331354,1790295179358436134,152077664348927,152077664450510,101.583,19.897,sent,1000,
1259,152077669329030,152077669330584,1790295179363434762,152077669348748,152077669452725,103.977,19.718,sent,1000,
1260,152077674329030,152077674330586,1790295179368434093,152077674340034,152077674399146,59.112,11.004,sent,1000,
1261,152077679329030,152077679331649,1790295179373435817,152077679349232,152077679454081,104.849,20.202,sent,1000,
1262,152077684329030,152077684330998,1790295179378435207,152077684348371,152077684450795,102.424,19.341,sent,1000,
1263,152077689329030,152077689330318,1790295179383434627,152077689348232,152077689453371,105.139,19.202,sent,1000,
1264,152077694329030,152077694331832,1790295179388436071,152077694350307,152077694455787,105.48,21.277,sent,1000,
1265,152077699329030,152077699331693,1790295179393435902,152077699349937,152077699454145,104.208,20.907,sent,1000,
1266,152077704329030,152077704331045,1790295179398435203,152077704347887,152077704453186,105.299,18.857,sent,1000,
1267,152077709329030,152077709331577,1790295179403435775,152077709349390,152077709453217,103.827,20.36,sent,1000,
1268,152077714329030,152077714332239,1790295179408436438,152077714371884,152077714474809,102.925,42.854,sent,1000,
1269,152077719329030,152077719330927,1790295179413435086,152077719348440,152077719450664,102.224,19.41,sent,1000,
1270,152077724329030,152077724331359,1790295179418435508,152077724349223,152077724452709,103.486,20.193,sent,1000,
1271,152077729329030,152077729331570,1790295179423436030,152077729350045,152077729455155,105.11,21.015,sent,1000,
1272,152077734329030,152077734330539,1790295179428434898,152077734350557,152077734449435,98.878,21.527,sent,1000,
1273,152077739329030,152077739330011,1790295179433433528,152077739339258,152077739397689,58.431,10.228,sent,1000,
1274,152077744329030,152077744329571,1790295179438432768,152077744334370,152077744362333,27.963,5.34,sent,1000,
1275,152077749329030,152077749329552,1790295179443432569,152077749332758,152077749356153,23.395,3.728,sent,1000,
1276,152077754329030,152077754330214,1790295179448433752,152077754339893,152077754398494,58.601,10.863,sent,1000,
1277,152077759329030,152077759331368,1790295179453435787,152077759350093,152077759454842,104.749,21.063,sent,1000,
1278,152077764329030,152077764330537,1790295179458434686,152077764340756,152077764401842,61.086,11.726,sent,1000,
1279,152077769329030,152077769331139,1790295179463435348,152077769347931,152077769452439,104.508,18.901,sent,1000,
1280,152077774329030,152077774331563,1790295179468435722,152077774349557,152077774454696,105.139,20.527,sent,1000,
1281,152077779329030,152077779331544,1790295179473436003,152077779349718,152077779454006,104.288,20.688,sent,1000,
1282,152077784329030,152077784330663,1790295179478434972,152077784349088,152077784409132,60.044,20.058,sent,1000,
1283,152077789329030,152077789330885,1790295179483435003,152077789349290,152077789452655,103.365,20.26,sent,1000,
1284,152077794329030,152077794330836,1790295179488434934,152077794347868,152077794447376,99.508,18.838,sent,1000,
1285,152077799329030,152077799331508,1790295179493435717,152077799349813,152077799454761,104.948,20.783,sent,1000,
1286,152077804329030,152077804331128,1790295179498435347,152077804349243,152077804453710,104.467,20.213,sent,1000,
1287,152077809329030,152077809331432,1790295179503435570,152077809349616,152077809453623,104.007,20.586,sent,1000,
1288,152077814329030,152077814332274,1790295179508436453,152077814349417,152077814454706,105.289,20.387,sent,1000,
1289,152077819329030,152077819330973,1790295179513435121,152077819349027,152077819455188,106.161,19.997,sent,1000,
1290,152077824329030,152077824331104,1790295179518435343,152077824348367,152077824450210,101.843,19.337,sent,1000,
1291,152077829329030,152077829330614,1790295179523435153,152077829341244,152077829400166,58.922,12.214,sent,1000,
1292,152077834329030,152077834331617,1790295179528435846,152077834349040,152077834452035,102.995,20.01,sent,1000,
1293,152077839329030,152077839330176,1790295179533433704,152077839339734,152077839399307,59.573,10.704,sent,1000,
1294,152077844329030,152077844331360,1790295179538435689,152077844348913,152077844451868,102.955,19.883,sent,1000,
1295,152077849329030,152077849331771,1790295179543436421,152077849349715,152077849453252,103.537,20.685,sent,1000,
1296,152077854329030,152077854414018,1790295179548518247,152077854424849,152077854484341,59.492,95.819,sent,1000,
1297,152077859329030,152077859329740,1790295179553433157,152077859339248,152077859394452,55.204,10.218,sent,1000,
1298,152077864329030,152077864331834,1790295179558436504,152077864349308,152077864451501,102.193,20.278,sent,1000,
1299,152077869329030,152077869329681,1790295179563432708,152077869332998,152077869356282,23.284,3.968,sent,1000,
1300,152077874329030,152077874329713,1790295179568432730,152077874333040,152077874357446,24.406,4.01,sent,1000,
1301,152077879329030,152077879329655,1790295179573432671,152077879332951,152077879357458,24.507,3.921,sent,1000,
1302,152077884329030,152077884329606,1790295179578432632,152077884332762,152077884356737,23.975,3.732,sent,1000,
1303,152077889329030,152077889329637,1790295179583432663,152077889332843,152077889356868,24.025,3.813,sent,1000,
1304,152077894329030,152077894332022,1790295179588436201,152077894349385,152077894456007,106.622,20.355,sent,1000,
1305,152077899329030,152077899331212,1790295179593435631,152077899349777,152077899456269,106.492,20.747,sent,1000,
1306,152077904329030,152077904330912,1790295179598435131,152077904349287,152077904453434,104.147,20.257,sent,1000,
1307,152077909329030,152077909331795,1790295179603435944,152077909349268,152077909453085,103.817,20.238,sent,1000,
1308,152077914329030,152077914331858,1790295179608436317,152077914350283,152077914459269,108.986,21.253,sent,1000,
1309,152077919329030,152077919331358,1790295179613435567,152077919349853,152077919455293,105.44,20.823,sent,1000,
1310,152077924329030,152077924331349,1790295179618435558,152077924371515,152077924477967,106.452,42.485,sent,1000,
1311,152077929329030,152077929331470,1790295179623436320,152077929350086,152077929450075,99.989,21.056,sent,1000,
1312,152077934329030,152077934331571,1790295179628435770,152077934349566,152077934455486,105.92,20.536,sent,1000,
1313,152077939329030,152077939330561,1790295179633434839,152077939348745,152077939446590,97.845,19.715,sent,1000,
1314,152077944329030,152077944381239,1790295179638485448,152077944399334,152077944500986,101.652,70.304,sent,1000,
1315,152077949329030,152077949331917,1790295179643436416,152077949350382,152077949453116,102.734,21.352,sent,1000,
1316,152077954329030,152077954330295,1790295179648433852,152077954339773,152077954449951,110.178,10.743,sent,1000,
1317,152077959329030,152077959331508,1790295179653435717,152077959349612,152077959450413,100.801,20.582,sent,1000,
1318,152077964329030,152077964332210,1790295179658436379,152077964350044,152077964455604,105.56,21.014,sent,1000,
1319,152077969329030,152077969330478,1790295179663434657,152077969348342,152077969451988,103.646,19.312,sent,1000,
1320,152077974329030,152077974331451,1790295179668435670,152077974350026,152077974452851,102.825,20.996,sent,1000,
1321,152077979329030,152077979330670,1790295179673434789,152077979348003,152077979453423,105.42,18.973,sent,1000,
1322,152077984329030,152077984331776,1790295179678435934,152077984349128,152077984453847,104.719,20.098,sent,1000,
1323,152077989329030,152077989331406,1790295179683435595,152077989349360,152077989455671,106.311,20.33,sent,1000,
1324,152077994329030,152077994331567,1790295179688435766,152077994348850,152077994454570,105.72,19.82,sent,1000,
1325,152077999329030,152077999330917,1790295179693434685,152077999340605,152077999400579,59.974,11.575,sent,1000,
1326,152078004329030,152078004330447,1790295179698434946,152078004348231,152078004454612,106.381,19.201,sent,1000,
1327,152078009329030,152078009331480,1790295179703435869,152078009349244,152078009409769,60.525,20.214,sent,1000,
1328,152078014329030,152078014331724,1790295179708436002,152078014348656,152078014450288,101.632,19.626,sent,1000,
1329,152078019329030,152078019329761,1790295179713433188,152078019334630,152078019361922,27.292,5.6,sent,1000,
1330,152078024329030,152078024329682,1790295179718432698,152078024333288,152078024357575,24.287,4.258,sent,1000,
1331,152078029329030,152078029329923,1790295179723432960,152078029333861,152078029357475,23.614,4.831,sent,1000,
1332,152078034329030,152078034330625,1790295179728434213,152078034340123,152078034398374,58.251,11.093,sent,1000,
1333,152078039329030,152078039330436,1790295179733434595,152078039347067,152078039451375,104.308,18.037,sent,1000,
1334,152078044329030,152078044331770,1790295179738436289,152078044348862,152078044455053,106.191,19.832,sent,1000,
1335,152078049329030,152078049331652,1790295179743435791,152078049348845,152078049453954,105.109,19.815,sent,1000,
1336,152078054329030,152078054330742,1790295179748434970,152078054348014,152078054454847,106.833,18.984,sent,1000,
1337,152078059329030,152078059331424,1790295179753435643,152078059349679,152078059455449,105.77,20.649,sent,1000,
1338,152078064329030,152078064331094,1790295179758434692,152078064340512,152078064398672,58.16,11.482,sent,1000,
1339,152078069329030,152078069331035,1790295179763435224,152078069348087,152078069451904,103.817,19.057,sent,1000,
1340,152078074329030,152078074331377,1790295179768435565,152078074348720,152078074453638,104.918,19.69,sent,1000,
1341,152078079329030,152078079331458,1790295179773436087,152078079350234,152078079455984,105.75,21.204,sent,1000,
1342,152078084329030,152078084331691,1790295179778435880,152078084349555,152078084453873,104.318,20.525,sent,1000,
1343,152078089329030,152078089331232,1790295179783435380,152078089348464,152078089442963,94.499,19.434,sent,1000,
1344,152078094329030,152078094332054,1790295179788436233,152078094349517,152078094455608,106.091,20.487,sent,1000,
1345,152078099329030,152078099331524,1790295179793435973,152078099349749,152078099453535,103.786,20.719,sent,1000,
1346,152078104329030,152078104330653,1790295179798434642,152078104348617,152078104452384,103.767,19.587,sent,1000,
1347,152078109329030,152078109331205,1790295179803435344,152078109348518,152078109448327,99.809,19.488,sent,1000,
1348,152078114329030,152078114332148,1790295179808436447,152078114349181,152078114452536,103.355,20.151,sent,1000,
1349,152078119329030,152078119330437,1790295179813433974,152078119339865,152078119398887,59.022,10.835,sent,1000,
1350,152078124329030,152078124330869,1790295179818435068,152078124348312,152078124452650,104.338,19.282,sent,1000,
1351,152078129329030,152078129329607,1790295179823432624,152078129333184,152078129356498,23.314,4.154,sent,1000,
1352,152078134329030,152078134331061,1790295179828434589,152078134340629,152078134399471,58.842,11.599,sent,1000,
1353,152078139329030,152078139331092,1790295179833435692,152078139349537,152078139452713,103.176,20.507,sent,1000,
1354,152078144329030,152078144331805,1790295179838435933,152078144350099,152078144451982,101.883,21.069,sent,1000,
1355,152078149329030,152078149331788,1790295179843436247,152078149349301,152078149452186,102.885,20.271,sent,1000,
1356,152078154329030,152078154330967,1790295179848435096,152078154347979,152078154451034,103.055,18.949,sent,1000,
1357,152078159329030,152078159331469,1790295179853435788,152078159349042,152078159453951,104.909,20.012,sent,1000,
1358,152078164329030,152078164330668,1790295179858434607,152078164340888,152078164399419,58.531,11.858,sent,1000,
1359,152078169329030,152078169331812,1790295179863436020,152078169349856,152078169452811,102.955,20.826,sent,1000,
1360,152078174329030,152078174331241,1790295179868435380,152078174348755,152078174451840,103.085,19.725,sent,1000,
1361,152078179329030,152078179331563,1790295179873436273,152078179349878,152078179452733,102.855,20.848,sent,1000,
1362,152078184329030,152078184331566,1790295179878435995,152078184349250,152078184452485,103.235,20.22,sent,1000,
1363,152078189329030,152078189331086,1790295179883435345,152078189349361,152078189453117,103.756,20.331,sent,1000,
1364,152078194329030,152078194331518,1790295179888436007,152078194349242,152078194449632,100.39,20.212,sent,1000,
1365,152078199329030,152078199330788,1790295179893436118,152078199349082,152078199453220,104.138,20.052,sent,1000,
1366,152078204329030,152078204330448,1790295179898434687,152078204347841,152078204446698,98.857,18.811,sent,1000,
1367,152078209329030,152078209331481,1790295179903435700,152078209349465,152078209452781,103.316,20.435,sent,1000,
1368,152078214329030,152078214331662,1790295179908436161,152078214348815,152078214453122,104.307,19.785,sent,1000,
1369,152078219329030,152078219331303,1790295179913435611,152078219348826,152078219453364,104.538,19.796,sent,1000,
1370,152078224329030,152078224331416,1790295179918435615,152078224348929,152078224453918,104.989,19.899,sent,1000,
1371,152078229329030,152078229330926,1790295179923435054,152078229349591,152078229451574,101.983,20.561,sent,1000,
1372,152078234329030,152078234331678,1790295179928435927,152078234349722,152078234456505,106.783,20.692,sent,1000,
1373,152078239329030,152078239330968,1790295179933435177,152078239349303,152078239453971,104.668,20.273,sent,1000,
1374,152078244329030,152078244331540,1790295179938435658,152078244348722,152078244455585,106.863,19.692,sent,1000,
1375,152078249329030,152078249331581,1790295179943436451,152078249350036,152078249456939,106.903,21.006,sent,1000,
1376,152078254329030,152078254330833,1790295179948434991,152078254347895,152078254452102,104.207,18.865,sent,1000,
1377,152078259329030,152078259331455,1790295179953435704,152078259349800,152078259456452,106.652,20.77,sent,1000,
1378,152078264329030,152078264332167,1790295179958436386,152078264349911,152078264457715,107.804,20.881,sent,1000,
1379,152078269329030,152078269331206,1790295179963435485,152078269350042,152078269454289,104.247,21.012,sent,1000,
1380,152078274329030,152078274331348,1790295179968435526,152078274348741,152078274450874,102.133,19.711,sent,1000,
1381,152078279329030,152078279331649,1790295179973436178,152078279349673,152078279455714,106.041,20.643,sent,1000,
1382,152078284329030,152078284331670,1790295179978435869,152078284348843,152078284450706,101.863,19.813,sent,1000,
1383,152078289329030,152078289330812,1790295179983434980,152078289348635,152078289453123,104.488,19.605,sent,1000,
1384,152078294329030,152078294331985,1790295179988436204,152078294350259,152078294455559,105.3,21.229,sent,1000,
1385,152078299329030,152078299331765,1790295179993435974,152078299350411,152078299454338,103.927,21.381,sent,1000,
1386,152078304329030,152078304330875,1790295179998435053,152078304347105,152078304444380,97.275,18.075,sent,1000,
1387,152078309329030,152078309331236,1790295180003435495,152078309348910,152078309453107,104.197,19.88,sent,1000,
1388,152078314329030,152078314332039,1790295180008436187,152078314349782,152078314453389,103.607,20.752,sent,1000,
1389,152078319329030,152078319331380,1790295180013435518,152078319349945,152078319454613,104.668,20.915,sent,1000,
1390,152078324329030,152078324330960,1790295180018435169,152078324349015,152078324452911,103.896,19.985,sent,1000,
1391,152078329329030,152078329331903,1790295180023436132,152078329349787,152078329452902,103.115,20.757,sent,1000,
1392,152078334329030,152078334332034,1790295180028436233,152078334349808,152078334453354,103.546,20.778,sent,1000,
1393,152078339329030,152078339330893,1790295180033435102,152078339349268,152078339454597,105.329,20.238,sent,1000,
1394,152078344329030,152078344332257,1790295180038436385,152078344349670,152078344453667,103.997,20.64,sent,1000,
1395,152078349329030,152078349331397,1790295180043435515,152078349369018,152078349466583,97.565,39.988,sent,1000,
1396,152078354329030,152078354329756,1790295180048432922,152078354334815,152078354359582,24.767,5.785,sent,1000,
1397,152078359329030,152078359331470,1790295180053435959,152078359349614,152078359455555,105.941,20.584,sent,1000,
1398,152078364329030,152078364331481,1790295180058435920,152078364349555,152078364455866,106.311,20.525,sent,1000,
1399,152078369329030,152078369329728,1790295180063433176,152078369338385,152078369378010,39.625,9.355,sent,1000,
1400,152078374329030,152078374330972,1790295180068435170,152078374348856,152078374455488,106.632,19.826,sent,1000,
1401,152078379329030,152078379331544,1790295180073435983,152078379349518,152078379453355,103.837,20.488,sent,1000,
1402,152078384329030,152078384331655,1790295180078435854,152078384348747,152078384450851,102.104,19.717,sent,1000,
1403,152078389329030,152078389329985,1790295180083433442,152078389338761,152078389394226,55.465,9.731,sent,1000,
1404,152078394329030,152078394331899,1790295180088436128,152078394349893,152078394457778,107.885,20.863,sent,1000,
1405,152078399329030,152078399331570,1790295180093435748,152078399350285,152078399457428,107.143,21.255,sent,1000,
1406,152078404329030,152078404331049,1790295180098435158,152078404348232,152078404452109,103.877,19.202,sent,1000,
1407,152078409329030,152078409329788,1790295180103433255,152078409338565,152078409392677,54.112,9.535,sent,1000,
1408,152078414329030,152078414331763,1790295180108435971,152078414349306,152078414455397,106.091,20.276,sent,1000,
1409,152078419329030,152078419330912,1790295180113435061,152078419349017,152078419454757,105.74,19.987,sent,1000,
1410,152078424329030,152078424331246,1790295180118435765,152078424349511,152078424454209,104.698,20.481,sent,1000,
1411,152078429329030,152078429331768,1790295180123436247,152078429350143,152078429456474,106.331,21.113,sent,1000,
1412,152078434329030,152078434330867,1790295180128435316,152078434348661,152078434454271,105.61,19.631,sent,1000,
1413,152078439329030,152078439330678,1790295180133434947,152078439349073,152078439456456,107.383,20.043,sent,1000,
1414,152078444329030,152078444373700,1790295180138477578,152078444383649,152078444443362,59.713,54.619,sent,1000,
1415,152078449329030,152078449331972,1790295180143436171,152078449349996,152078449459083,109.087,20.966,sent,1000,
1416,152078454329030,152078454345911,1790295180148450460,152078454364937,152078454470757,105.82,35.907,sent,1000,
1417,152078459329030,152078459364126,1790295180153468495,152078459381930,152078459487750,105.82,52.9,sent,1000,
1418,152078464329030,152078464331335,1790295180158436155,152078464349940,152078464428509,78.569,20.91,sent,1000,
1419,152078469329030,152078469331526,1790295180163435735,152078469349701,152078469452836,103.135,20.671,sent,1000,
1420,152078474329030,152078474330856,1790295180168435065,152078474349071,152078474456885,107.814,20.041,sent,1000,
1421,152078479329030,152078479331969,1790295180173436328,152078479349853,152078479453139,103.286,20.823,sent,1000,
1422,152078484329030,152078484332283,1790295180178436531,152078484350697,152078484458111,107.414,21.667,sent,1000,
1423,152078489329030,152078489331141,1790295180183435380,152078489349336,152078489450688,101.352,20.306,sent,1000,
1424,152078494329030,152078494331553,1790295180188435752,152078494349247,152078494456600,107.353,20.217,sent,1000,
1425,152078499329030,152078499329801,1790295180193433368,152078499339629,152078499394914,55.285,10.599,sent,1000,
1426,152078504329030,152078504330934,1790295180198435082,152078504347996,152078504451352,103.356,18.966,sent,1000,
1427,152078509329030,152078509331145,1790295180203435344,152078509349380,152078509452174,102.794,20.35,sent,1000,
1428,152078514329030,152078514331818,1790295180208435936,152078514349782,152078514453308,103.526,20.752,sent,1000,
1429,152078519329030,152078519331009,1790295180213436129,152078519350877,152078519455184,104.307,21.847,sent,1000,
1430,152078524329030,152078524330890,1790295180218435119,152078524347732,152078524452129,104.397,18.702,sent,1000,
1431,152078529329030,152078529331823,1790295180223436001,152078529349827,152078529453082,103.255,20.797,sent,1000,
1432,152078534329030,152078534331894,1790295180228436052,152078534349848,152078534453424,103.576,20.818,sent,1000,
1433,152078539329030,152078539330903,1790295180233435101,152078539349278,152078539453184,103.906,20.248,sent,1000,
1434,152078544329030,152078544330663,1790295180238434221,152078544340221,152078544400886,60.665,11.191,sent,1000,
1435,152078549329030,152078549331596,1790295180243435694,152078549349330,152078549455360,106.03,20.3,sent,1000,
1436,152078554329030,152078554331447,1790295180248435665,152078554349100,152078554453879,104.779,20.07,sent,1000,
1437,152078559329030,152078559331147,1790295180253435366,152078559347819,152078559448149,100.33,18.789,sent,1000,
1438,152078564329030,152078564332220,1790295180258436429,152078564372496,152078564475291,102.795,43.466,sent,1000,
1439,152078569329030,152078569331991,1790295180263436520,152078569350195,152078569451697,101.502,21.165,sent,1000,
1440,152078574329030,152078574331050,1790295180268435228,152078574348292,152078574451979,103.687,19.262,sent,1000,
1441,152078579329030,152078579331381,1790295180273436372,152078579350077,152078579452471,102.394,21.047,sent,1000,
1442,152078584329030,152078584331454,1790295180278435974,152078584349599,152078584451762,102.163,20.569,sent,1000,
1443,152078589329030,152078589330964,1790295180283435143,152078589348417,152078589452454,104.037,19.387,sent,1000,
1444,152078594329030,152078594330925,1790295180288435124,152078594348579,152078594444991,96.412,19.549,sent,1000,
1445,152078599329030,152078599330906,1790295180293435966,152078599350092,152078599454470,104.378,21.062,sent,1000,
1446,152078604329030,152078604331077,1790295180298435316,152078604348851,152078604453289,104.438,19.821,sent,1000,
1447,152078609329030,152078609331249,1790295180303435427,152078609349433,152078609452989,103.556,20.403,sent,1000,
1448,152078614329030,152078614331691,1790295180308435939,152078614349715,152078614453051,103.336,20.685,sent,1000,
1449,152078619329030,152078619331422,1790295180313436723,152078619349907,152078619453223,103.316,20.877,sent,1000,
1450,152078624329030,152078624330902,1790295180318435030,152078624348325,152078624453364,105.039,19.295,sent,1000,
1451,152078629329030,152078629331404,1790295180323436174,152078629349538,152078629453154,103.616,20.508,sent,1000,
1452,152078634329030,152078634330974,1790295180328435734,152078634348126,152078634451132,103.006,19.096,sent,1000,
1453,152078639329030,152078639330985,1790295180333435224,152078639349590,152078639453577,103.987,20.56,sent,1000,
1454,152078644329030,152078644331547,1790295180338435716,152078644348509,152078644452777,104.268,19.479,sent,1000,
1455,152078649329030,152078649331610,1790295180343435829,152078649349113,152078649404478,55.365,20.083,sent,1000,
1456,152078654329030,152078654331170,1790295180348435489,152078654347761,152078654451177,103.416,18.731,sent,1000,
1457,152078659329030,152078659331451,1790295180353435600,152078659348844,152078659451559,102.715,19.814,sent,1000,
1458,152078664329030,152078664331482,1790295180358436172,152078664349457,152078664455568,106.111,20.427,sent,1000,
1459,152078669329030,152078669331483,1790295180363435712,152078669349999,152078669452643,102.644,20.969,sent,1000,
1460,152078674329030,152078674331154,1790295180368435292,152078674349398,152078674453606,104.208,20.368,sent,1000,
1461,152078679329030,152078679332067,1790295180373436255,152078679350401,152078679456622,106.221,21.371,sent,1000,
1462,152078684329030,152078684331658,1790295180378435897,152078684348190,152078684452257,104.067,19.16,sent,1000,
1463,152078689329030,152078689330698,1790295180383434846,152078689348662,152078689452989,104.327,19.632,sent,1000,
1464,152078694329030,152078694331580,1790295180388435739,152078694349214,152078694454213,104.999,20.184,sent,1000,
1465,152078699329030,152078699331742,1790295180393436261,152078699348874,152078699453402,104.528,19.844,sent,1000,
1466,152078704329030,152078704331222,1790295180398435400,152078704348715,152078704451269,102.554,19.685,sent,1000,
1467,152078709329030,152078709331313,1790295180403435481,152078709349106,152078709452472,103.366,20.076,sent,1000,
1468,152078714329030,152078714331534,1790295180408436023,152078714348727,152078714453846,105.119,19.697,sent,1000,
1469,152078719329030,152078719331167,1790295180413435916,152078719349842,152078719454841,104.999,20.812,sent,1000,
1470,152078724329030,152078724330346,1790295180418434835,152078724348420,152078724454641,106.221,19.39,sent,1000,
1471,152078729329030,152078729332321,1790295180423436529,152078729350485,152078729453861,103.376,21.455,sent,1000,
1472,152078734329030,152078734330709,1790295180428434817,152078734349394,152078734451547,102.153,20.364,sent,1000,
1473,152078739329030,152078739329287,1790295180433432213,152078739331661,152078739346499,14.838,2.631,sent,1000,
1474,152078744329030,152078744329408,1790295180438432354,152078744332223,152078744351309,19.086,3.193,sent,1000,
1475,152078749329030,152078749329629,1790295180443432656,152078749333076,152078749356500,23.424,4.046,sent,1000,
1476,152078754329030,152078754330532,1790295180448434080,152078754340100,152078754399443,59.343,11.07,sent,1000,
1477,152078759329030,152078759331405,1790295180453435623,152078759349188,152078759452274,103.086,20.158,sent,1000,
1478,152078764329030,152078764330464,1790295180458434382,152078764339421,152078764394265,54.844,10.391,sent,1000,
1479,152078769329030,152078769331888,1790295180463436106,152078769349711,152078769451674,101.963,20.681,sent,1000,
1480,152078774329030,152078774331047,1790295180468435296,152078774369941,152078774473567,103.626,40.911,sent,1000,
1481,152078779329030,152078779332090,1790295180473436249,152078779349443,152078779453530,104.087,20.413,sent,1000,
1482,152078784329030,152078784331432,1790295180478435711,152078784348464,152078784454405,105.941,19.434,sent,1000,
1483,152078789329030,152078789330972,1790295180483435120,152078789348806,152078789451510,102.704,19.776,sent,1000,
1484,152078794329030,152078794331774,1790295180488436013,152078794348346,152078794453315,104.969,19.316,sent,1000,
1485,152078799329030,152078799330733,1790295180493434852,152078799348136,152078799449548,101.412,19.106,sent,1000,
1486,152078804329030,152078804330985,1790295180498435183,152078804348959,152078804453256,104.297,19.929,sent,1000,
1487,152078809329030,152078809330235,1790295180503433732,152078809338961,152078809372896,33.935,9.931,sent,1000,
1488,152078814329030,152078814331450,1790295180508435919,152078814348883,152078814454634,105.751,19.853,sent,1000,
1489,152078819329030,152078819330479,1790295180513434347,152078819338625,152078819387487,48.862,9.595,sent,1000,
1490,152078824329030,152078824329719,1790295180518433056,152078824333676,152078824358674,24.998,4.646,sent,1000,
1491,152078829329030,152078829329850,1790295180523433708,152078829339548,152078829391938,52.39,10.518,sent,1000,
1492,152078834329030,152078834331083,1790295180528435793,152078834349158,152078834455219,106.061,20.128,sent,1000,
1493,152078839329030,152078839329942,1790295180533433480,152078839339480,152078839399805,60.325,10.45,sent,1000,
1494,152078844329030,152078844330785,1790295180538434312,152078844340924,152078844401208,60.284,11.894,sent,1000,
1495,152078849329030,152078849330747,1790295180543434676,152078849340035,152078849393206,53.171,11.005,sent,1000,
1496,152078854329030,152078854331720,1790295180548436019,152078854349815,152078854451848,102.033,20.785,sent,1000,
1497,152078859329030,152078859330058,1790295180553433626,152078859340688,152078859409659,68.971,11.658,sent,1000,
1498,152078864329030,152078864332554,1790295180558436762,152078864350658,152078864448073,97.415,21.628,sent,1000,
1499,152078869329030,152078869329549,1790295180563432565,152078869333076,152078869356911,23.835,4.046,sent,1000,
1500,152078874329030,152078874329800,1790295180568433378,152078874339739,152078874399282,59.543,10.709,sent,1000,
1501,152078879329030,152078879330494,1790295180573434693,152078879341194,152078879401248,60.054,12.164,sent,1000,
1502,152078884329030,152078884331658,1790295180578435876,152078884350313,152078884453338,103.025,21.283,sent,1000,
1503,152078889329030,152078889330717,1790295180583434264,152078889340656,152078889399708,59.052,11.626,sent,1000,
1504,152078894329030,152078894331479,1790295180588435668,152078894349774,152078894457748,107.974,20.744,sent,1000,
1505,152078899329030,152078899331320,1790295180593436090,152078899349384,152078899450516,101.132,20.354,sent,1000,
1506,152078904329030,152078904331792,1790295180598435930,152078904349816,152078904455897,106.081,20.786,sent,1000,
1507,152078909329030,152078909330501,1790295180603434058,152078909340380,152078909402227,61.847,11.35,sent,1000,
1508,152078914329030,152078914332196,1790295180608436345,152078914350591,152078914458105,107.514,21.561,sent,1000,
1509,152078919329030,152078919331817,1790295180613436356,152078919349791,152078919454088,104.297,20.761,sent,1000,
1510,152078924329030,152078924330876,1790295180618435044,152078924350162,152078924457285,107.123,21.132,sent,1000,
1511,152078929329030,152078929331458,1790295180623435025,152078929341357,152078929400489,59.132,12.327,sent,1000,
1512,152078934329030,152078934331950,1790295180628436519,152078934349944,152078934452748,102.804,20.914,sent,1000,
1513,152078939329030,152078939331119,1790295180633435328,152078939348712,152078939457859,109.147,19.682,sent,1000,
1514,152078944329030,152078944330891,1790295180638434489,152078944340660,152078944398780,58.12,11.63,sent,1000,
1515,152078949329030,152078949330983,1790295180643434911,152078949341422,152078949401226,59.804,12.392,sent,1000,
1516,152078954329030,152078954330843,1790295180648435022,152078954349529,152078954456792,107.263,20.499,sent,1000,
1517,152078959329030,152078959329942,1790295180653433480,152078959339741,152078959398663,58.922,10.711,sent,1000,
1518,152078964329030,152078964330515,1790295180658434723,152078964348278,152078964451544,103.266,19.248,sent,1000,
1519,152078969329030,152078969331377,1790295180663435836,152078969349722,152078969426287,76.565,20.692,sent,1000,
1520,152078974329030,152078974330747,1790295180668434946,152078974349082,152078974451436,102.354,20.052,sent,1000,
1521,152078979329030,152078979331800,1790295180673436249,152078979350175,152078979454502,104.327,21.145,sent,1000,
1522,152078984329030,152078984332214,1790295180678436673,152078984351110,152078984453584,102.474,22.08,sent,1000,
1523,152078989329030,152078989331413,1790295180683435642,152078989349508,152078989453995,104.487,20.478,sent,1000,
1524,152078994329030,152078994331775,1790295180688435984,152078994350009,152078994453375,103.366,20.979,sent,1000,
1525,152078999329030,152078999332247,1790295180693436486,152078999350451,152078999455560,105.109,21.421,sent,1000,
1526,152079004329030,152079004329663,1790295180698432669,152079004332889,152079004356474,23.585,3.859,sent,1000,
1527,152079009329030,152079009330606,1790295180703434794,152079009347738,152079009451655,103.917,18.708,sent,1000,
1528,152079014329030,152079014329596,1790295180708432612,152079014333393,152079014356958,23.565,4.363,sent,1000,
1529,152079019329030,152079019331681,1790295180713435920,152079019348653,152079019408376,59.723,19.623,sent,1000,
1530,152079024329030,152079024329808,1790295180718432835,152079024333315,152079024358603,25.288,4.285,sent,1000,
1531,152079029329030,152079029329639,1790295180723432665,152079029333045,152079029357141,24.096,4.015,sent,1000,
1532,152079034329030,152079034329550,1790295180728432566,152079034332666,152079034355940,23.274,3.636,sent,1000,
1533,152079039329030,152079039331304,1790295180733435783,152079039348937,152079039452524,103.587,19.907,sent,1000,
1534,152079044329030,152079044334322,1790295180738437920,152079044344241,152079044403283,59.042,15.211,sent,1000,
1535,152079049329030,152079049330897,1790295180743435727,152079049349011,152079049451455,102.444,19.981,sent,1000,
1536,152079054329030,152079054330617,1790295180748434165,152079054340256,152079054399338,59.082,11.226,sent,1000,
1537,152079059329030,152079059330378,1790295180753433895,152079059339826,152079059399609,59.783,10.796,sent,1000,
1538,152079064329030,152079064332242,1790295180758436671,152079064349986,152079064453242,103.256,20.956,sent,1000,
1539,152079069329030,152079069332073,1790295180763436352,152079069350698,152079069410972,60.274,21.668,sent,1000,
1540,152079074329030,152079074330672,1790295180768434871,152079074349027,152079074452483,103.456,19.997,sent,1000,
1541,152079079329030,152079079332057,1790295180773436205,152079079349630,152079079457294,107.664,20.6,sent,1000,
1542,152079084329030,152079084331356,1790295180778436397,152079084349811,152079084452806,102.995,20.781,sent,1000,
1543,152079089329030,152079089331277,1790295180783435456,152079089349101,152079089451445,102.344,20.071,sent,1000,
1544,152079094329030,152079094331358,1790295180788435617,152079094349963,152079094453970,104.007,20.933,sent,1000,
1545,152079099329030,152079099332171,1790295180793436359,152079099348942,152079099453400,104.458,19.912,sent,1000,
1546,152079104329030,152079104331961,1790295180798436491,152079104350787,152079104454413,103.626,21.757,sent,1000,
1547,152079109329030,152079109330902,1790295180803435081,152079109349387,152079109452653,103.266,20.357,sent,1000,
1548,152079114329030,152079114331664,1790295180808435813,152079114349939,152079114453365,103.426,20.909,sent,1000,
1549,152079119329030,152079119331335,1790295180813434942,152079119341153,152079119401327,60.174,12.123,sent,1000,
1550,152079124329030,152079124330955,1790295180818435124,152079124348588,152079124452766,104.178,19.558,sent,1000,
1551,152079129329030,152079129332068,1790295180823436247,152079129348940,152079129451885,102.945,19.91,sent,1000,
1552,152079134329030,152079134330065,1790295180828433563,152079134339453,152079134402342,62.889,10.423,sent,1000,
1553,152079139329030,152079139331579,1790295180833435808,152079139349283,152079139457167,107.884,20.253,sent,1000,
1554,152079144329030,152079144330500,1790295180838434057,152079144340368,152079144399060,58.692,11.338,sent,1000,
1555,152079149329030,152079149330811,1790295180843435180,152079149341371,152079149401435,60.064,12.341,sent,1000,
1556,152079154329030,152079154330692,1790295180848435231,152079154341673,152079154401646,59.973,12.643,sent,1000,
1557,152079159329030,152079159330743,1790295180853434872,152079159347495,152079159444178,96.683,18.465,sent,1000,
1558,152079164329030,152079164331766,1790295180858435905,152079164349309,152079164451222,101.913,20.279,sent,1000,
1559,152079169329030,152079169331567,1790295180863436026,152079169349581,152079169448769,99.188,20.551,sent,1000,
1560,152079174329030,152079174330446,1790295180868433974,152079174340165,152079174398866,58.701,11.135,sent,1000,
1561,152079179329030,152079179331470,1790295180873435749,152079179349083,152079179455585,106.502,20.053,sent,1000,
1562,152079184329030,152079184331381,1790295180878436401,152079184349986,152079184453282,103.296,20.956,sent,1000,
1563,152079189329030,152079189331552,1790295180883435941,152079189349306,152079189451028,101.722,20.276,sent,1000,
1564,152079194329030,152079194330561,1790295180888434139,152079194340410,152079194399392,58.982,11.38,sent,1000,
1565,152079199329030,152079199332105,1790295180893436354,152079199373143,152079199476248,103.105,44.113,sent,1000,
1566,152079204329030,152079204331355,1790295180898434912,152079204340983,152079204399935,58.952,11.953,sent,1000,
1567,152079209329030,152079209330647,1790295180903434855,152079209348150,152079209452457,104.307,19.12,sent,1000,
1568,152079214329030,152079214331960,1790295180908436109,152079214350475,152079214452909,102.434,21.445,sent,1000,
1569,152079219329030,152079219332332,1790295180913436560,152079219349845,152079219455655,105.81,20.815,sent,1000,
1570,152079224329030,152079224330770,1790295180918434898,152079224349445,152079224453302,103.857,20.415,sent,1000,
1571,152079229329030,152079229331993,1790295180923436152,152079229349175,152079229453483,104.308,20.145,sent,1000,
1572,152079234329030,152079234330211,1790295180928434239,152079234347463,152079234441010,93.547,18.433,sent,1000,
1573,152079239329030,152079239331455,1790295180933435674,152079239350000,152079239455701,105.701,20.97,sent,1000,
1574,152079244329030,152079244331376,1790295180938435555,152079244349100,152079244453297,104.197,20.07,sent,1000,
1575,152079249329030,152079249332059,1790295180943436227,152079249349181,152079249452156,102.975,20.151,sent,1000,
1576,152079254329030,152079254331448,1790295180948435888,152079254349372,152079254453009,103.637,20.342,sent,1000,
1577,152079259329030,152079259330748,1790295180953434937,152079259348041,152079259452208,104.167,19.011,sent,1000,
1578,152079264329030,152079264331941,1790295180958436060,152079264350146,152079264453532,103.386,21.116,sent,1000,
1579,152079269329030,152079269331932,1790295180963436051,152079269349425,152079269456017,106.592,20.395,sent,1000,
1580,152079274329030,152079274331242,1790295180968435421,152079274349947,152079274453444,103.497,20.917,sent,1000,
1581,152079279329030,152079279330434,1790295180973434622,152079279349059,152079279450611,101.552,20.029,sent,1000,
1582,152079284329030,152079284331957,1790295180978436106,152079284349941,152079284452937,102.996,20.911,sent,1000,
1583,152079289329030,152079289331918,1790295180983436047,152079289350183,152079289451815,101.632,21.153,sent,1000,
1584,152079294329030,152079294331378,1790295180988435587,152079294349402,152079294452227,102.825,20.372,sent,1000,
1585,152079299329030,152079299331329,1790295180993435818,152079299349994,152079299454332,104.338,20.964,sent,1000,
1586,152079304329030,152079304331190,1790295180998436080,152079304349184,152079304450756,101.572,20.154,sent,1000,
1587,152079309329030,152079309330059,1790295181003433887,152079309339807,152079309398809,59.002,10.777,sent,1000,
1588,152079314329030,152079314331993,1790295181008436182,152079314349767,152079314453263,103.496,20.737,sent,1000,
1589,152079319329030,152079319331273,1790295181013436093,152079319349738,152079319455488,105.75,20.708,sent,1000,
1590,152079324329030,152079324331324,1790295181018435523,152079324349699,152079324451742,102.043,20.669,sent,1000,
1591,152079329329030,152079329331916,1790295181023436145,152079329349339,152079329454699,105.36,20.309,sent,1000,
1592,152079334329030,152079334332037,1790295181028436166,152079334349671,152079334453107,103.436,20.641,sent,1000,
1593,152079339329030,152079339331177,1790295181033435646,152079339348089,152079339454320,106.231,19.059,sent,1000,
1594,152079344329030,152079344330368,1790295181038434036,152079344339325,152079344391053,51.728,10.295,sent,1000,
1595,152079349329030,152079349331010,1790295181043434928,152079349341160,152079349401163,60.003,12.13,sent,1000,
1596,152079354329030,152079354329528,1790295181048432555,152079354332995,152079354358303,25.308,3.965,sent,1000,
1597,152079359329030,152079359330922,1790295181053435161,152079359348555,152079359453234,104.679,19.525,sent,1000,
1598,152079364329030,152079364330773,1790295181058434901,152079364347064,152079364442144,95.08,18.034,sent,1000,
1599,152079369329030,152079369330975,1790295181063435033,152079369341204,152079369401799,60.595,12.174,sent,1000,
1600,152079374329030,152079374330967,1790295181068435226,152079374348510,152079374451856,103.346,19.48,sent,1000,
1601,152079379329030,152079379331419,1790295181073436218,152079379349443,152079379453670,104.227,20.413,sent,1000,
1602,152079384329030,152079384331890,1790295181078436109,152079384350255,152079384411171,60.916,21.225,sent,1000,
1603,152079389329030,152079389330589,1790295181083434637,152079389339436,152079389391885,52.449,10.406,sent,1000,
1604,152079394329030,152079394331702,1790295181088436241,152079394349746,152079394454665,104.919,20.716,sent,1000,
1605,152079399329030,152079399331643,1790295181093436122,152079399349336,152079399455467,106.131,20.306,sent,1000,
1606,152079404329030,152079404330914,1790295181098434682,152079404341575,152079404401398,59.823,12.545,sent,1000,
1607,152079409329030,152079409330685,1790295181103434864,152079409348439,152079409453017,104.578,19.409,sent,1000,
1608,152079414329030,152079414331537,1790295181108436007,152079414372164,152079414476652,104.488,43.134,sent,1000,
1609,152079419329030,152079419332300,1790295181113436468,152079419349723,152079419455143,105.42,20.693,sent,1000,
1610,152079424329030,152079424331008,1790295181118435167,152079424348291,152079424451847,103.556,19.261,sent,1000,
1611,152079429329030,152079429332122,1790295181123436260,152079429349144,152079429452570,103.426,20.114,sent,1000,
1612,152079434329030,152079434330892,1790295181128434991,152079434347654,152079434444738,97.084,18.624,sent,1000,
1613,152079439329030,152079439331605,1790295181133436104,152079439349609,152079439459858,110.249,20.579,sent,1000,
1614,152079444329030,152079444331525,1790295181138435694,152079444349289,152079444455280,105.991,20.259,sent,1000,
1615,152079449329030,152079449331416,1790295181143434964,152079449340844,152079449400798,59.954,11.814,sent,1000,
1616,152079454329030,152079454331858,1790295181148436097,152079454349311,152079454457576,108.265,20.281,sent,1000,
1617,152079459329030,152079459331218,1790295181153435376,152079459348330,152079459456345,108.015,19.3,sent,1000,
1618,152079464329030,152079464331912,1790295181158436070,152079464349706,152079464456548,106.842,20.676,sent,1000,
1619,152079469329030,152079469331262,1790295181163436122,152079469349797,152079469456258,106.461,20.767,sent,1000,
1620,152079474329030,152079474331633,1790295181168435812,152079474349347,152079474453885,104.538,20.317,sent,1000,
1621,152079479329030,152079479331805,1790295181173437406,152079479351873,152079479473693,121.82,22.843,sent,1000,
1622,152079484329030,152079484331826,1790295181178436275,152079484349880,152079484456973,107.093,20.85,sent,1000,
1623,152079489329030,152079489330694,1790295181183435775,152079489349841,152079489457374,107.533,20.811,sent,1000,
1624,152079494329030,152079494331397,1790295181188435826,152079494349872,152079494455231,105.359,20.842,sent,1000,
1625,152079499329030,152079499331829,1790295181193436289,152079499350314,152079499456375,106.061,21.284,sent,1000,
1626,152079504329030,152079504331830,1790295181198436149,152079504349945,152079504456396,106.451,20.915,sent,1000,
1627,152079509329030,152079509330799,1790295181203435018,152079509348232,152079509456177,107.945,19.202,sent,1000,
1628,152079514329030,152079514331562,1790295181208436301,152079514350838,152079514454885,104.047,21.808,sent,1000,
1629,152079519329030,152079519331803,1790295181213436353,152079519349998,152079519455678,105.68,20.968,sent,1000,
1630,152079524329030,152079524331644,1790295181218435923,152079524348786,152079524453034,104.248,19.756,sent,1000,
1631,152079529329030,152079529331817,1790295181223436026,152079529349941,152079529452466,102.525,20.911,sent,1000,
1632,152079534329030,152079534330636,1790295181228434514,152079534340865,152079534400819,59.954,11.835,sent,1000,
1633,152079539329030,152079539331639,1790295181233436048,152079539349302,152079539456205,106.903,20.272,sent,1000,
1634,152079544329030,152079544331219,1790295181238435798,152079544348822,152079544442660,93.838,19.792,sent,1000,
1635,152079549329030,152079549330979,1790295181243434667,152079549340277,152079549395672,55.395,11.247,sent,1000,
1636,152079554329030,152079554331351,1790295181248434878,152079554341109,152079554400923,59.814,12.079,sent,1000,
1637,152079559329030,152079559330893,1790295181253435051,152079559348316,152079559452573,104.257,19.286,sent,1000,
1638,152079564329030,152079564331996,1790295181258436225,152079564349669,152079564450430,100.761,20.639,sent,1000,
1639,152079569329030,152079569331857,1790295181263436115,152079569349740,152079569448147,98.407,20.71,sent,1000,
1640,152079574329030,152079574331737,1790295181268435976,152079574349862,152079574455682,105.82,20.832,sent,1000,
1641,152079579329030,152079579331618,1790295181273436157,152079579349312,152079579454801,105.489,20.282,sent,1000,
1642,152079584329030,152079584331719,1790295181278436158,152079584349343,152079584452919,103.576,20.313,sent,1000,
1643,152079589329030,152079589331249,1790295181283436220,152079589349644,152079589452740,103.096,20.614,sent,1000,
1644,152079594329030,152079594331422,1790295181288435611,152079594349817,152079594451329,101.512,20.787,sent,1000,
1645,152079599329030,152079599332074,1790295181293436223,152079599349407,152079599456099,106.692,20.377,sent,1000,
1646,152079604329030,152079604330632,1790295181298434791,152079604348496,152079604455579,107.083,19.466,sent,1000,
1647,152079609329030,152079609330884,1790295181303435123,152079609349259,152079609452965,103.706,20.229,sent,1000,
1648,152079614329030,152079614331736,1790295181308435955,152079614350692,152079614456042,105.35,21.662,sent,1000,
1649,152079619329030,152079619331938,1790295181313436116,152079619349822,152079619453999,104.177,20.792,sent,1000,
1650,152079624329030,152079624331791,1790295181318436009,152079624372568,152079624473529,100.961,43.538,sent,1000,
1651,152079629329030,152079629331822,1790295181323436000,152079629349706,152079629455376,105.67,20.676,sent,1000,
1652,152079634329030,152079634331502,1790295181328435991,152079634349336,152079634453183,103.847,20.306,sent,1000,
1653,152079639329030,152079639331373,1790295181333435852,152079639349417,152079639455428,106.011,20.387,sent,1000,
1654,152079644329030,152079644331183,1790295181338435412,152079644348075,152079644450720,102.645,19.045,sent,1000,
1655,152079649329030,152079649331325,1790295181343435463,152079649348968,152079649451272,102.304,19.938,sent,1000,
1656,152079654329030,152079654331897,1790295181348436356,152079654349029,152079654452986,103.957,19.999,sent,1000,
1657,152079659329030,152079659331277,1790295181353435446,152079659348410,152079659450012,101.602,19.38,sent,1000,
1658,152079664329030,152079664332380,1790295181358436629,152079664350154,152079664455153,104.999,21.124,sent,1000,
1659,152079669329030,152079669331530,1790295181363435989,152079669350726,152079669455875,105.149,21.696,sent,1000,
1660,152079674329030,152079674331791,1790295181368435980,152079674349775,152079674454804,105.029,20.745,sent,1000,
1661,152079679329030,152079679331912,1790295181373436061,152079679350017,152079679455567,105.55,20.987,sent,1000,
1662,152079684329030,152079684331402,1790295181378436222,152079684350158,152079684454496,104.338,21.128,sent,1000,
1663,152079689329030,152079689331846,1790295181383435975,152079689349540,152079689453988,104.448,20.51,sent,1000,
1664,152079694329030,152079694331176,1790295181388435335,152079694348539,152079694453768,105.229,19.509,sent,1000,
1665,152079699329030,152079699331478,1790295181393436177,152079699348500,152079699448860,100.36,19.47,sent,1000,
1666,152079704329030,152079704332060,1790295181398436278,152079704350424,152079704455423,104.999,21.394,sent,1000,
1667,152079709329030,152079709331620,1790295181403435798,152079709348712,152079709453461,104.749,19.682,sent,1000,
1668,152079714329030,152079714331811,1790295181408436340,152079714349665,152079714455495,105.83,20.635,sent,1000,
1669,152079719329030,152079719331602,1790295181413436111,152079719349055,152079719455276,106.221,20.025,sent,1000,
1670,152079724329030,152079724331956,1790295181418436114,152079724349268,152079724452905,103.637,20.238,sent,1000,
1671,152079729329030,152079729331546,1790295181423436055,152079729349440,152079729456643,107.203,20.41,sent,1000,
1672,152079734329030,152079734330845,1790295181428435054,152079734348248,152079734449861,101.613,19.218,sent,1000,
1673,152079739329030,152079739330516,1790295181433434454,152079739345043,152079739425325,80.282,16.013,sent,1000,
1674,152079744329030,152079744330326,1790295181438434134,152079744343642,152079744422511,78.869,14.612,sent,1000,
1675,152079749329030,152079749329917,1790295181443433845,152079749342922,152079749412514,69.592,13.892,sent,1000,
1676,152079754329030,152079754330069,1790295181448433597,152079754339247,152079754398269,59.022,10.217,sent,1000,
1677,152079759329030,152079759330070,1790295181453433578,152079759339208,152079759398570,59.362,10.178,sent,1000,
1678,152079764329030,152079764330252,1790295181458433799,152079764339740,152079764396818,57.078,10.71,sent,1000,
1679,152079769329030,152079769331645,1790295181463435864,152079769341534,152079769398532,56.998,12.504,sent,1000,
1680,152079774329030,152079774329492,1790295181468432519,152079774333149,152079774359309,26.16,4.119,sent,1000,
1681,152079779329030,152079779329744,1790295181473432760,152079779333320,152079779357596,24.276,4.29,sent,1000,
1682,152079784329030,152079784329696,1790295181478432713,152079784333003,152079784357098,24.095,3.973,sent,1000,
1683,152079789329030,152079789329677,1790295181483432694,152079789332853,152079789356037,23.184,3.823,sent,1000,
1684,152079794329030,152079794329578,1790295181488432594,152079794332714,152079794356579,23.865,3.684,sent,1000,
1685,152079799329030,152079799331573,1790295181493435741,152079799348445,152079799459014,110.569,19.415,sent,1000,
1686,152079804329030,152079804330993,1790295181498435522,152079804347714,152079804444918,97.204,18.684,sent,1000,
1687,152079809329030,152079809331245,1790295181503435674,152079809349589,152079809455430,105.841,20.559,sent,1000,
1688,152079814329030,152079814331587,1790295181508435786,152079814349491,152079814452396,102.905,20.461,sent,1000,
1689,152079819329030,152079819332089,1790295181513436368,152079819350735,152079819456164,105.429,21.705,sent,1000,
1690,152079824329030,152079824331599,1790295181518435738,152079824349313,152079824453801,104.488,20.283,sent,1000,
1691,152079829329030,152079829331340,1790295181523436130,152079829349184,152079829452539,103.355,20.154,sent,1000,
1692,152079834329030,152079834331171,1790295181528434828,152079834340889,152079834399229,58.34,11.859,sent,1000,
1693,152079839329030,152079839331562,1790295181533435701,152079839348945,152079839454956,106.011,19.915,sent,1000,
1694,152079844329030,152079844330293,1790295181538433870,152079844340011,152079844398802,58.791,10.981,sent,1000,
1695,152079849329030,152079849330654,1790295181543434873,152079849347857,152079849449610,101.753,18.827,sent,1000,
1696,152079854329030,152079854331166,1790295181548435716,152079854348940,152079854455021,106.081,19.91,sent,1000,
1697,152079859329030,152079859345665,1790295181553450885,152079859369580,152079859484327,114.747,40.55,sent,1000,
1698,152079864329030,152079864330838,1790295181558434645,152079864339634,152079864392895,53.261,10.604,sent,1000,
1699,152079869329030,152079869329957,1790295181563433514,152079869339755,152079869399268,59.513,10.725,sent,1000,
1700,152079874329030,152079874329728,1790295181568432745,152079874333966,152079874359545,25.579,4.936,sent,1000,
1701,152079879329030,152079879329690,1790295181573432706,152079879333147,152079879357463,24.316,4.117,sent,1000,
1702,152079884329030,152079884329661,1790295181578432677,152079884333158,152079884357634,24.476,4.128,sent,1000,
1703,152079889329030,152079889329632,1790295181583432638,152079889332798,152079889355851,23.053,3.768,sent,1000,
1704,152079894329030,152079894330895,1790295181588435164,152079894348499,152079894452906,104.407,19.469,sent,1000,
1705,152079899329030,152079899331547,1790295181593435987,152079899348750,152079899453128,104.378,19.72,sent,1000,
1706,152079904329030,152079904331508,1790295181598435857,152079904348921,152079904454081,105.16,19.891,sent,1000,
1707,152079909329030,152079909329547,1790295181603432564,152079909333014,152079909356388,23.374,3.984,sent,1000,
1708,152079914329030,152079914330991,1790295181608434699,152079914340810,152079914399160,58.35,11.78,sent,1000,
1709,152079919329030,152079919331463,1790295181613435732,152079919349076,152079919452843,103.767,20.046,sent,1000,
1710,152079924329030,152079924332005,1790295181618436224,152079924349548,152079924456050,106.502,20.518,sent,1000,
1711,152079929329030,152079929331715,1790295181623435954,152079929349990,152079929454358,104.368,20.96,sent,1000,
1712,152079934329030,152079934331496,1790295181628435765,152079934348057,152079934448618,100.561,19.027,sent,1000,
1713,152079939329030,152079939331959,1790295181633436148,152079939349412,152079939453179,103.767,20.382,sent,1000,
1714,152079944329030,152079944330668,1790295181638434877,152079944348432,152079944447730,99.298,19.402,sent,1000,
1715,152079949329030,152079949331150,1790295181643434717,152079949340908,152079949400020,59.112,11.878,sent,1000,
1716,152079954329030,152079954330620,1790295181648434858,152079954340789,152079954399550,58.761,11.759,sent,1000,
1717,152079959329030,152079959331542,1790295181653435761,152079959348485,152079959454405,105.92,19.455,sent,1000,
1718,152079964329030,152079964331624,1790295181658435822,152079964347574,152079964447323,99.749,18.544,sent,1000,
1719,152079969329030,152079969331214,1790295181663434772,152079969340362,152079969397320,56.958,11.332,sent,1000,
1720,152079974329030,152079974329633,1790295181668432650,152079974333180,152079974365712,32.532,4.15,sent,1000,
1721,152079979329030,152079979331758,1790295181673435927,152079979349542,152079979457066,107.524,20.512,sent,1000,
1722,152079984329030,152079984331629,1790295181678435788,152079984348912,152079984446417,97.505,19.882,sent,1000,
1723,152079989329030,152079989331370,1790295181683435919,152079989348933,152079989456447,107.514,19.903,sent,1000,
1724,152079994329030,152079994330960,1790295181688435128,152079994347892,152079994449745,101.853,18.862,sent,1000,
1725,152079999329030,152079999332103,1790295181693436242,152079999349786,152079999457420,107.634,20.756,sent,1000,
1726,152080004329030,152080004330392,1790295181698434922,152080004340221,152080004383243,43.022,11.191,sent,1000,
1727,152080009329030,152080009330474,1790295181703434041,152080009339100,152080009391599,52.499,10.07,sent,1000,
1728,152080014329030,152080014332098,1790295181708436597,152080014349781,152080014455592,105.811,20.751,sent,1000,
1729,152080019329030,152080019331327,1790295181713434995,152080019340024,152080019378567,38.543,10.994,sent,1000,
1730,152080024329030,152080024329635,1790295181718432641,152080024333442,152080024357648,24.206,4.412,sent,1000,
1731,152080029329030,152080029329756,1790295181723432702,152080029332131,152080029349974,17.843,3.101,sent,1000,
1732,152080034329030,152080034329748,1790295181728432764,152080034332904,152080034357551,24.647,3.874,sent,1000,
1733,152080039329030,152080039331964,1790295181733436233,152080039349116,152080039455869,106.753,20.086,sent,1000,
1734,152080044329030,152080044331334,1790295181738435502,152080044348897,152080044455248,106.351,19.867,sent,1000,
1735,152080049329030,152080049331926,1790295181743436225,152080049373154,152080049474696,101.542,44.124,sent,1000,
1736,152080054329030,152080054330564,1790295181748434933,152080054346785,152080054432678,85.893,17.755,sent,1000,
1737,152080059329030,152080059329974,1790295181753433602,152080059339302,152080059395338,56.036,10.272,sent,1000,
1738,152080064329030,152080064330556,1790295181758434384,152080064339633,152080064392814,53.181,10.603,sent,1000,
1739,152080069329030,152080069331461,1790295181763436511,152080069349905,152080069452800,102.895,20.875,sent,1000,
1740,152080074329030,152080074330981,1790295181768434909,152080074340909,152080074400973,60.064,11.879,sent,1000,
1741,152080079329030,152080079332074,1790295181773436282,152080079350639,152080079456269,105.63,21.609,sent,1000,
1742,152080084329030,152080084332065,1790295181778436193,152080084349307,152080084452944,103.637,20.277,sent,1000,
1743,152080089329030,152080089331955,1790295181783436224,152080089349398,152080089451291,101.893,20.368,sent,1000,
1744,152080094329030,152080094330944,1790295181788435093,152080094347816,152080094451924,104.108,18.786,sent,1000,
1745,152080099329030,152080099330556,1790295181793434434,152080099339443,152080099393425,53.982,10.413,sent,1000,
1746,152080104329030,152080104331830,1790295181798436058,152080104348050,152080104455153,107.103,19.02,sent,1000,
1747,152080109329030,152080109331590,1790295181803436200,152080109349935,152080109455515,105.58,20.905,sent,1000,
1748,152080114329030,152080114331872,1790295181808436181,152080114349405,152080114451528,102.123,20.375,sent,1000,
1749,152080119329030,152080119330600,1790295181813434488,152080119340529,152080119400092,59.563,11.499,sent,1000,
1750,152080124329030,152080124331313,1790295181818435842,152080124349517,152080124452061,102.544,20.487,sent,1000,
1751,152080129329030,152080129332005,1790295181823436284,152080129350130,152080129454127,103.997,21.1,sent,1000,
1752,152080134329030,152080134331917,1790295181828436347,152080134349741,152080134452857,103.116,20.711,sent,1000,
1753,152080139329030,152080139330756,1790295181833436007,152080139349632,152080139453769,104.137,20.602,sent,1000,
1754,152080144329030,152080144330857,1790295181838435166,152080144347719,152080144453129,105.41,18.689,sent,1000,
1755,152080149329030,152080149330999,1790295181843435007,152080149341048,152080149400190,59.142,12.018,sent,1000,
1756,152080154329030,152080154330569,1790295181848434427,152080154340608,152080154399820,59.212,11.578,sent,1000,
1757,152080159329030,152080159331743,1790295181853436082,152080159349758,152080159453153,103.395,20.728,sent,1000,
1758,152080164329030,152080164331284,1790295181858434821,152080164340962,152080164400886,59.924,11.932,sent,1000,
1759,152080169329030,152080169331846,1790295181863436075,152080169348828,152080169452354,103.526,19.798,sent,1000,
1760,152080174329030,152080174332127,1790295181868436286,152080174349681,152080174453317,103.636,20.651,sent,1000,
1761,152080179329030,152080179331948,1790295181873436087,152080179349902,152080179453819,103.917,20.872,sent,1000,
1762,152080184329030,152080184331869,1790295181878436098,152080184347999,152080184452668,104.669,18.969,sent,1000,
1763,152080189329030,152080189331569,1790295181883435708,152080189349062,152080189451737,102.675,20.032,sent,1000,
1764,152080194329030,152080194330850,1790295181888435099,152080194348644,152080194452841,104.197,19.614,sent,1000,
1765,152080199329030,152080199331112,1790295181893435871,152080199350579,152080199464514,113.935,21.549,sent,1000,
1766,152080204329030,152080204331634,1790295181898436063,152080204349377,152080204453745,104.368,20.347,sent,1000,
1767,152080209329030,152080209331835,1790295181903436054,152080209349298,152080209453025,103.727,20.268,sent,1000,
1768,152080214329030,152080214332026,1790295181908436155,152080214349890,152080214453226,103.336,20.86,sent,1000,
1769,152080219329030,152080219331687,1790295181913436166,152080219349220,152080219451564,102.344,20.19,sent,1000,
1770,152080224329030,152080224332030,1790295181918436199,152080224349413,152080224451226,101.813,20.383,sent,1000,
1771,152080229329030,152080229331460,1790295181923435909,152080229348091,152080229446027,97.936,19.061,sent,1000,
1772,152080234329030,152080234330940,1790295181928434908,152080234341089,152080234399770,58.681,12.059,sent,1000,
1773,152080239329030,152080239332043,1790295181933436342,152080239350618,152080239456679,106.061,21.588,sent,1000,
1774,152080244329030,152080244331242,1790295181938435822,152080244348515,152080244450909,102.394,19.485,sent,1000,
1775,152080249329030,152080249330572,1790295181943434811,152080249341102,152080249399022,57.92,12.072,sent,1000,
1776,152080254329030,152080254330995,1790295181948434913,152080254340934,152080254400977,60.043,11.904,sent,1000,
1777,152080259329030,152080259331588,1790295181953436047,152080259350213,152080259454961,104.748,21.183,sent,1000,
1778,152080264329030,152080264331769,1790295181958436008,152080264374209,152080264476102,101.893,45.179,sent,1000,
1779,152080269329030,152080269332491,1790295181963436710,152080269349293,152080269452419,103.126,20.263,sent,1000,
1780,152080274329030,152080274331380,1790295181968434988,152080274341570,152080274400912,59.342,12.54,sent,1000,
1781,152080279329030,152080279331892,1790295181973436091,152080279349526,152080279452170,102.644,20.496,sent,1000,
1782,152080284329030,152080284331422,1790295181978435030,152080284341051,152080284399060,58.009,12.021,sent,1000,
1783,152080289329030,152080289331626,1790295181983435784,152080289349640,152080289454689,105.049,20.61,sent,1000,
1784,152080294329030,152080294330685,1790295181988435174,152080294348829,152080294451844,103.015,19.799,sent,1000,
1785,152080299329030,152080299331277,1790295181993435806,152080299348510,152080299452457,103.947,19.48,sent,1000,
1786,152080304329030,152080304332039,1790295181998436439,152080304349733,152080304455113,105.38,20.703,sent,1000,
1787,152080309329030,152080309331259,1790295182003436389,152080309350195,152080309455865,105.67,21.165,sent,1000,
1788,152080314329030,152080314331310,1790295182008436100,152080314349474,152080314453582,104.108,20.444,sent,1000,
1789,152080319329030,152080319332063,1790295182013436191,152080319349375,152080319453533,104.158,20.345,sent,1000,
1790,152080324329030,152080324332036,1790295182018436224,152080324350250,152080324453015,102.765,21.22,sent,1000,
1791,152080329329030,152080329331325,1790295182023435764,152080329348147,152080329450751,102.604,19.117,sent,1000,
1792,152080334329030,152080334331396,1790295182028435916,152080334348098,152080334453417,105.319,19.068,sent,1000,
1793,152080339329030,152080339331978,1790295182033436127,152080339348269,152080339451545,103.276,19.239,sent,1000,
1794,152080344329030,152080344330987,1790295182038435447,152080344348992,152080344452478,103.486,19.962,sent,1000,
1795,152080349329030,152080349330999,1790295182043435007,152080349341128,152080349399619,58.491,12.098,sent,1000,
1796,152080354329030,152080354330560,1790295182048434388,152080354339587,152080354390864,51.277,10.557,sent,1000,
1797,152080359329030,152080359329780,1790295182053432796,152080359334098,152080359360227,26.129,5.068,sent,1000,
1798,152080364329030,152080364331624,1790295182058435823,152080364349558,152080364454246,104.688,20.528,sent,1000,
1799,152080369329030,152080369330693,1790295182063434541,152080369339610,152080369394284,54.674,10.58,sent,1000,
1800,152080374329030,152080374331125,1790295182068435785,152080374350301,152080374454238,103.937,21.271,sent,1000,
1801,152080379329030,152080379331669,1790295182073435837,152080379348691,152080379452558,103.867,19.661,sent,1000,
1802,152080384329030,152080384331399,1790295182078435608,152080384349544,152080384454763,105.219,20.514,sent,1000,
1803,152080389329030,152080389330999,1790295182083434557,152080389340017,152080389393628,53.611,10.987,sent,1000,
1804,152080394329030,152080394331341,1790295182088435450,152080394349856,152080394452410,102.554,20.826,sent,1000,
1805,152080399329030,152080399331613,1790295182093436092,152080399348354,152080399452672,104.318,19.324,sent,1000,
1806,152080404329030,152080404330521,1790295182098434380,152080404340731,152080404400193,59.462,11.701,sent,1000,
1807,152080409329030,152080409330623,1790295182103435193,152080409340963,152080409399694,58.731,11.933,sent,1000,
1808,152080414329030,152080414332198,1790295182108436377,152080414349351,152080414450883,101.532,20.321,sent,1000,
1809,152080419329030,152080419331839,1790295182113435987,152080419348620,152080419452718,104.098,19.59,sent,1000,
1810,152080424329030,152080424330818,1790295182118435016,152080424347119,152080424441067,93.948,18.089,sent,1000,
1811,152080429329030,152080429330999,1790295182123434607,152080429340647,152080429401463,60.816,11.617,sent,1000,
1812,152080434329030,152080434331972,1790295182128436161,152080434349746,152080434455887,106.141,20.716,sent,1000,
1813,152080439329030,152080439331823,1790295182133435981,152080439348965,152080439453643,104.678,19.935,sent,1000,
1814,152080444329030,152080444331585,1790295182138435743,152080444349669,152080444456191,106.522,20.639,sent,1000,
1815,152080449329030,152080449331476,1790295182143435905,152080449354850,152080449406317,51.467,25.82,sent,1000,
1816,152080454329030,152080454331006,1790295182148434884,152080454340904,152080454399225,58.321,11.874,sent,1000,
1817,152080459329030,152080459331888,1790295182153436347,152080459350263,152080459455843,105.58,21.233,sent,1000,
1818,152080464329030,152080464331408,1790295182158435908,152080464349863,152080464452267,102.404,20.833,sent,1000,
1819,152080469329030,152080469331470,1790295182163435588,152080469352700,152080469407073,54.373,23.67,sent,1000,
1820,152080474329030,152080474331162,1790295182168434729,152080474353574,152080474412245,58.671,24.544,sent,1000,
1821,152080479329030,152080479331814,1790295182173436022,152080479348716,152080479452823,104.107,19.686,sent,1000,
1822,152080484329030,152080484331224,1790295182178435913,152080484355219,152080484408851,53.632,26.189,sent,1000,
1823,152080489329030,152080489331846,1790295182183436085,152080489348016,152080489451973,103.957,18.986,sent,1000,
1824,152080494329030,152080494331506,1790295182188435985,152080494350292,152080494456783,106.491,21.262,sent,1000,
1825,152080499329030,152080499331197,1790295182193435876,152080499349531,152080499455763,106.232,20.501,sent,1000,
1826,152080504329030,152080504335788,1790295182198439967,152080504354193,152080504406933,52.74,25.163,sent,1000,
1827,152080509329030,152080509331682,1790295182203436131,152080509349135,152080509454895,105.76,20.105,sent,1000,
1828,152080514329030,152080514331903,1790295182208436162,152080514349717,152080514455657,105.94,20.687,sent,1000,
1829,152080519329030,152080519331764,1790295182213436223,152080519349617,152080519453955,104.338,20.587,sent,1000,
1830,152080524329030,152080524331544,1790295182218436023,152080524350189,152080524457934,107.745,21.159,sent,1000,
1831,152080529329030,152080529331545,1790295182223435694,152080529348067,152080529451843,103.776,19.037,sent,1000,
1832,152080534329030,152080534331177,1790295182228436247,152080534350133,152080534454530,104.397,21.103,sent,1000,
1833,152080539329030,152080539331518,1790295182233435667,152080539348931,152080539453710,104.779,19.901,sent,1000,
1834,152080544329030,152080544332070,1790295182238436259,152080544350285,152080544452408,102.123,21.255,sent,1000,
1835,152080549329030,152080549331570,1790295182243436060,152080549349033,152080549452970,103.937,20.003,sent,1000,
1836,152080554329030,152080554331301,1790295182248435499,152080554349275,152080554452911,103.636,20.245,sent,1000,
1837,152080559329030,152080559332043,1790295182253436272,152080559349647,152080559455457,105.81,20.617,sent,1000,
1838,152080564329030,152080564330634,1790295182258435183,152080564341324,152080564399364,58.04,12.294,sent,1000,
1839,152080569329030,152080569331406,1790295182263435615,152080569348008,152080569451764,103.756,18.978,sent,1000,
1840,152080574329030,152080574332319,1790295182268436467,152080574349882,152080574453819,103.937,20.852,sent,1000,
1841,152080579329030,152080579332029,1790295182273436198,152080579348811,152080579453790,104.979,19.781,sent,1000,
1842,152080584329030,152080584331619,1790295182278436089,152080584349203,152080584453280,104.077,20.173,sent,1000,
1843,152080589329030,152080589331771,1790295182283435919,152080589348663,152080589452219,103.556,19.633,sent,1000,
1844,152080594329030,152080594332193,1790295182288436522,152080594349957,152080594453873,103.916,20.927,sent,1000,
1845,152080599329030,152080599331624,1790295182293436333,152080599350139,152080599454256,104.117,21.109,sent,1000,
1846,152080604329030,152080604331685,1790295182298435994,152080604350019,152080604452293,102.274,20.989,sent,1000,
1847,152080609329030,152080609331565,1790295182303436115,152080609348287,152080609446563,98.276,19.257,sent,1000,
1848,152080614329030,152080614331316,1790295182308436006,152080614349601,152080614452345,102.744,20.571,sent,1000,
1849,152080619329030,152080619331447,1790295182313435906,152080619348780,152080619454260,105.48,19.75,sent,1000,
1850,152080624329030,152080624331730,1790295182318436200,152080624349855,152080624452680,102.825,20.825,sent,1000,
1851,152080629329030,152080629331481,1790295182323435710,152080629349024,152080629448943,99.919,19.994,sent,1000,
1852,152080634329030,152080634332053,1790295182328436252,152080634349777,152080634453443,103.666,20.747,sent,1000,
1853,152080639329030,152080639330531,1790295182333434740,152080639347754,152080639450368,102.614,18.724,sent,1000,
1854,152080644329030,152080644331384,1790295182338436083,152080644349789,152080644448135,98.346,20.759,sent,1000,
1855,152080649329030,152080649331695,1790295182343435854,152080649348537,152080649449959,101.422,19.507,sent,1000,
1856,152080654329030,152080654331547,1790295182348436026,152080654349801,152080654452155,102.354,20.771,sent,1000,
1857,152080659329030,152080659332161,1790295182353436350,152080659349544,152080659453381,103.837,20.514,sent,1000,
1858,152080664329030,152080664331872,1790295182358436321,152080664349645,152080664455756,106.111,20.615,sent,1000,
1859,152080669329030,152080669332203,1790295182363436312,152080669348153,152080669451870,103.717,19.123,sent,1000,
1860,152080674329030,152080674332084,1790295182368436283,152080674349858,152080674455337,105.479,20.828,sent,1000,
1861,152080679329030,152080679332065,1790295182373436344,152080679350149,152080679453625,103.476,21.119,sent,1000,
1862,152080684329030,152080684331174,1790295182378436325,152080684349739,152080684452243,102.504,20.709,sent,1000,
1863,152080689329030,152080689332037,1790295182383436255,152080689349309,152080689453577,104.268,20.279,sent,1000,
1864,152080694329030,152080694331306,1790295182388436056,152080694349310,152080694452366,103.056,20.28,sent,1000,
1865,152080699329030,152080699331217,1790295182393436047,152080699349161,152080699453198,104.037,20.131,sent,1000,
1866,152080704329030,152080704332400,1790295182398436609,152080704349422,152080704452748,103.326,20.392,sent,1000,
1867,152080709329030,152080709331409,1790295182403435899,152080709348973,152080709455184,106.211,19.943,sent,1000,
1868,152080714329030,152080714331811,1790295182408436020,152080714349084,152080714453582,104.498,20.054,sent,1000,
1869,152080719329030,152080719331854,1790295182413436063,152080719348857,152080719452172,103.315,19.827,sent,1000,
1870,152080724329030,152080724331625,1790295182418435884,152080724349088,152080724452283,103.195,20.058,sent,1000,
1871,152080729329030,152080729331646,1790295182423435915,152080729349049,152080729452725,103.676,20.019,sent,1000,
1872,152080734329030,152080734330925,1790295182428435164,152080734348639,152080734450392,101.753,19.609,sent,1000,
1873,152080739329030,152080739331898,1790295182433436097,152080739348750,152080739453959,105.209,19.72,sent,1000,
1874,152080744329030,152080744331799,1790295182438436128,152080744349923,152080744454742,104.819,20.893,sent,1000,
1875,152080749329030,152080749331339,1790295182443434897,152080749341088,152080749399999,58.911,12.058,sent,1000,
1876,152080754329030,152080754330839,1790295182448435168,152080754342060,152080754401774,59.714,13.03,sent,1000,
1877,152080759329030,152080759330930,1790295182453435670,152080759340929,152080759398148,57.219,11.899,sent,1000,
1878,152080764329030,152080764329639,1790295182458432635,152080764333616,152080764359085,25.469,4.586,sent,1000,
1879,152080769329030,152080769329600,1790295182463432616,152080769332786,152080769356721,23.935,3.756,sent,1000,
1880,152080774329030,152080774329782,1790295182468432788,152080774332928,152080774357004,24.076,3.898,sent,1000,
1881,152080779329030,152080779329744,1790295182473432760,152080779332960,152080779356965,24.005,3.93,sent,1000,
1882,152080784329030,152080784329644,1790295182478432661,152080784332861,152080784357828,24.967,3.831,sent,1000,
1883,152080789329030,152080789331228,1790295182483434776,152080789340756,152080789399057,58.301,11.726,sent,1000,
1884,152080794329030,152080794330919,1790295182488434917,152080794341148,152080794401222,60.074,12.118,sent,1000,
1885,152080799329030,152080799331942,1790295182493436100,152080799348683,152080799451959,103.276,19.653,sent,1000,
1886,152080804329030,152080804331552,1790295182498435851,152080804349556,152080804452261,102.705,20.526,sent,1000,
1887,152080809329030,152080809330583,1790295182503434812,152080809346864,152080809443787,96.923,17.834,sent,1000,
1888,152080814329030,152080814332036,1790295182508436265,152080814349710,152080814452344,102.634,20.68,sent,1000,
1889,152080819329030,152080819331977,1790295182513436196,152080819348769,152080819452736,103.967,19.739,sent,1000,
1890,152080824329030,152080824331347,1790295182518436037,152080824349962,152080824451785,101.823,20.932,sent,1000,
1891,152080829329030,152080829331488,1790295182523435697,152080829348380,152080829445414,97.034,19.35,sent,1000,
1892,152080834329030,152080834330578,1790295182528434456,152080834340436,152080834400049,59.613,11.406,sent,1000,
1893,152080839329030,152080839331692,1790295182533435921,152080839349766,152080839452251,102.485,20.736,sent,1000,
1894,152080844329030,152080844331593,1790295182538436082,152080844349888,152080844451931,102.043,20.858,sent,1000,
1895,152080849329030,152080849331274,1790295182543435773,152080849348767,152080849451040,102.273,19.737,sent,1000,
1896,152080854329030,152080854332036,1790295182548436275,152080854349910,152080854454077,104.167,20.88,sent,1000,
1897,152080859329030,152080859330153,1790295182553434292,152080859346354,152080859449620,103.266,17.324,sent,1000,
1898,152080864329030,152080864330866,1790295182558434654,152080864339963,152080864397051,57.088,10.933,sent,1000,
1899,152080869329030,152080869329556,1790295182563432582,152080869332782,152080869357379,24.597,3.752,sent,1000,
1900,152080874329030,152080874329677,1790295182568432694,152080874333144,152080874357861,24.717,4.114,sent,1000,
1901,152080879329030,152080879329498,1790295182573432514,152080879332684,152080879357431,24.747,3.654,sent,1000,
1902,152080884329030,152080884329639,1790295182578432665,152080884332795,152080884356991,24.196,3.765,sent,1000,
1903,152080889329030,152080889329580,1790295182583432596,152080889332786,152080889355769,22.983,3.756,sent,1000,
1904,152080894329030,152080894330853,1790295182588434711,152080894340602,152080894400435,59.833,11.572,sent,1000,
1905,152080899329030,152080899331958,1790295182593436216,152080899371282,152080899475329,104.047,42.252,sent,1000,
1906,152080904329030,152080904331448,1790295182598435967,152080904349262,152080904454251,104.989,20.232,sent,1000,
1907,152080909329030,152080909331269,1790295182603435167,152080909341268,152080909401922,60.654,12.238,sent,1000,
1908,152080914329030,152080914331841,1790295182608435989,152080914349915,152080914454122,104.207,20.885,sent,1000,
1909,152080919329030,152080919331491,1790295182613435730,152080919348974,152080919453823,104.849,19.944,sent,1000,
1910,152080924329030,152080924330961,1790295182618436031,152080924349536,152080924452952,103.416,20.506,sent,1000,
1911,152080929329030,152080929330732,1790295182623434259,152080929340921,152080929402057,61.136,11.891,sent,1000,
1912,152080934329030,152080934331557,1790295182628435775,152080934350132,152080934449500,99.368,21.102,sent,1000,
1913,152080939329030,152080939330996,1790295182633435115,152080939347858,152080939451675,103.817,18.828,sent,1000,
1914,152080944329030,152080944332150,1790295182638436368,152080944349442,152080944453069,103.627,20.412,sent,1000,
1915,152080949329030,152080949330367,1790295182643434576,152080949339625,152080949392224,52.599,10.595,sent,1000,
1916,152080954329030,152080954330969,1790295182648434657,152080954340928,152080954402986,62.058,11.898,sent,1000,
1917,152080959329030,152080959331593,1790295182653435762,152080959348986,152080959453233,104.247,19.956,sent,1000,
1918,152080964329030,152080964330803,1790295182658434681,152080964340641,152080964396758,56.117,11.611,sent,1000,
1919,152080969329030,152080969329651,1790295182663432668,152080969332998,152080969356462,23.464,3.968,sent,1000,
1920,152080974329030,152080974331817,1790295182668436065,152080974349740,152080974455731,105.991,20.71,sent,1000,
1921,152080979329030,152080979331587,1790295182673436247,152080979349060,152080979451404,102.344,20.03,sent,1000,
1922,152080984329030,152080984331267,1790295182678436278,152080984349843,152080984455172,105.329,20.813,sent,1000,
1923,152080989329030,152080989330998,1790295182683434616,152080989340847,152080989403406,62.559,11.817,sent,1000,
1924,152080994329030,152080994332173,1790295182688436352,152080994350367,152080994456599,106.232,21.337,sent,1000,
1925,152080999329030,152080999331763,1790295182693436232,152080999350398,152080999459044,108.646,21.368,sent,1000,
1926,152081004329030,152081004330662,1790295182698434229,152081004341072,152081004402318,61.246,12.042,sent,1000,
1927,152081009329030,152081009330883,1790295182703435092,152081009347926,152081009445871,97.945,18.896,sent,1000,
1928,152081014329030,152081014332137,1790295182708436355,152081014350481,152081014457785,107.304,21.451,sent,1000,
1929,152081019329030,152081019330416,1790295182713434765,152081019339293,152081019372325,33.032,10.263,sent,1000,
1930,152081024329030,152081024329645,1790295182718432983,152081024334044,152081024358280,24.236,5.014,sent,1000,
1931,152081029329030,152081029329536,1790295182723432553,152081029332672,152081029356006,23.334,3.642,sent,1000,
1932,152081034329030,152081034329688,1790295182728432704,152081034333565,152081034356118,22.553,4.535,sent,1000,
1933,152081039329030,152081039329668,1790295182733432685,152081039332804,152081039356830,24.026,3.774,sent,1000,
1934,152081044329030,152081044329529,1790295182738432546,152081044332825,152081044356590,23.765,3.795,sent,1000,
1935,152081049329030,152081049329751,1790295182743432768,152081049332927,152081049356953,24.026,3.897,sent,1000,
1936,152081054329030,152081054331096,1790295182748435645,152081054348789,152081054451965,103.176,19.759,sent,1000,
1937,152081059329030,152081059331968,1790295182753436217,152081059349071,152081059454130,105.059,20.041,sent,1000,
1938,152081064329030,152081064331008,1790295182758434565,152081064340876,152081064400559,59.683,11.846,sent,1000,
1939,152081069329030,152081069332271,1790295182763436470,152081069350065,152081069457608,107.543,21.035,sent,1000,
1940,152081074329030,152081074330549,1790295182768434427,152081074340728,152081074417383,76.655,11.698,sent,1000,
1941,152081079329030,152081079331572,1790295182773435840,152081079348914,152081079453092,104.178,19.884,sent,1000,
1942,152081084329030,152081084332366,1790295182778436574,152081084349699,152081084454978,105.279,20.669,sent,1000,
1943,152081089329030,152081089331395,1790295182783436335,152081089349289,152081089455300,106.011,20.259,sent,1000,
1944,152081094329030,152081094332368,1790295182788436566,152081094349921,152081094455471,105.55,20.891,sent,1000,
1945,152081099329030,152081099331998,1790295182793436267,152081099349391,152081099454009,104.618,20.361,sent,1000,
1946,152081104329030,152081104331628,1790295182798435807,152081104349552,152081104452587,103.035,20.522,sent,1000,
1947,152081109329030,152081109332070,1790295182803436219,152081109349223,152081109454502,105.279,20.193,sent,1000,
1948,152081114329030,152081114331402,1790295182808435541,152081114372259,152081114476006,103.747,43.229,sent,1000,
1949,152081119329030,152081119331523,1790295182813435992,152081119348195,152081119456079,107.884,19.165,sent,1000,
1950,152081124329030,152081124332516,1790295182818436655,152081124349668,152081124455970,106.302,20.638,sent,1000,
1951,152081129329030,152081129331325,1790295182823435824,152081129349249,152081129453676,104.427,20.219,sent,1000,
1952,152081134329030,152081134331787,1790295182828436216,152081134349640,152081134452666,103.026,20.61,sent,1000,
1953,152081139329030,152081139331607,1790295182833435796,152081139349912,152081139453388,103.476,20.882,sent,1000,
1954,152081144329030,152081144332352,1790295182838436480,152081144350216,152081144412854,62.638,21.186,sent,1000,
1955,152081149329030,152081149331441,1790295182843435550,152081149347912,152081149444014,96.102,18.882,sent,1000,
1956,152081154329030,152081154329538,1790295182848432555,152081154332855,152081154356379,23.524,3.825,sent,1000,
1957,152081159329030,152081159330852,1790295182853434519,152081159340831,152081159399953,59.122,11.801,sent,1000,
1958,152081164329030,152081164330262,1790295182858433839,152081164340070,152081164393692,53.622,11.04,sent,1000,
1959,152081169329030,152081169331525,1790295182863435754,152081169348798,152081169453556,104.758,19.768,sent,1000,
1960,152081174329030,152081174331336,1790295182868436146,152081174350773,152081174456172,105.399,21.743,sent,1000,
1961,152081179329030,152081179331348,1790295182873435546,152081179349402,152081179452457,103.055,20.372,sent,1000,
1962,152081184329030,152081184331849,1790295182878435988,152081184350244,152081184452468,102.224,21.214,sent,1000,
1963,152081189329030,152081189332171,1790295182883436510,152081189349103,152081189452920,103.817,20.073,sent,1000,
1964,152081194329030,152081194331932,1790295182888436080,152081194349194,152081194453782,104.588,20.164,sent,1000,
1965,152081199329030,152081199331752,1790295182893435991,152081199349115,152081199454174,105.059,20.085,sent,1000,
1966,152081204329030,152081204331705,1790295182898435954,152081204349279,152081204456161,106.882,20.249,sent,1000,
1967,152081209329030,152081209331546,1790295182903436025,152081209348859,152081209445983,97.124,19.829,sent,1000,
1968,152081214329030,152081214331266,1790295182908435816,152081214349561,152081214453047,103.486,20.531,sent,1000,
1969,152081219329030,152081219331788,1790295182913436017,152081219349151,152081219455783,106.632,20.121,sent,1000,
1970,152081224329030,152081224331449,1790295182918435938,152081224348601,152081224453760,105.159,19.571,sent,1000,
1971,152081229329030,152081229331129,1790295182923435388,152081229348362,152081229451667,103.305,19.332,sent,1000,
1972,152081234329030,152081234329728,1790295182928432745,152081234333846,152081234358904,25.058,4.816,sent,1000,
1973,152081239329030,152081239332044,1790295182933436223,152081239350069,152081239455699,105.63,21.039,sent,1000,
1974,152081244329030,152081244331574,1790295182938436024,152081244349789,152081244453375,103.586,20.759,sent,1000,
1975,152081249329030,152081249331525,1790295182943436105,152081249349509,152081249453056,103.547,20.479,sent,1000,
1976,152081254329030,152081254331496,1790295182948435685,152081254348939,152081254455802,106.863,19.909,sent,1000,
1977,152081259329030,152081259332068,1790295182953436277,152081259348359,152081259452436,104.077,19.329,sent,1000,
1978,152081264329030,152081264331811,1790295182958435970,152081264350436,152081264452830,102.394,21.406,sent,1000,
1979,152081269329030,152081269331431,1790295182963435900,152081269348995,152081269452791,103.796,19.965,sent,1000,
1980,152081274329030,152081274331913,1790295182968436362,152081274350208,152081274455177,104.969,21.178,sent,1000,
1981,152081279329030,152081279331403,1790295182973435532,152081279348896,152081279453244,104.348,19.866,sent,1000,
1982,152081284329030,152081284332456,1790295182978436685,152081284350079,152081284455038,104.959,21.049,sent,1000,
1983,152081289329030,152081289331625,1790295182983435754,152081289349469,152081289452434,102.965,20.439,sent,1000,
1984,152081294329030,152081294331827,1790295182988435976,152081294349210,152081294454720,105.51,20.18,sent,1000,
1985,152081299329030,152081299331549,1790295182993435678,152081299348101,152081299452499,104.398,19.071,sent,1000,
1986,152081304329030,152081304331230,1790295182998435479,152081304350045,152081304455285,105.24,21.015,sent,1000,
1987,152081309329030,152081309332173,1790295183003436421,152081309349836,152081309455426,105.59,20.806,sent,1000,
1988,152081314329030,152081314331472,1790295183008435651,152081314348765,152081314450077,101.312,19.735,sent,1000,
1989,152081319329030,152081319331103,1790295183013435972,152081319349477,152081319455318,105.841,20.447,sent,1000,
1990,152081324329030,152081324332286,1790295183018436524,152081324372021,152081324474094,102.073,42.991,sent,1000,
1991,152081329329030,152081329331345,1790295183023435473,152081329348728,152081329455741,107.013,19.698,sent,1000,
1992,152081334329030,152081334331566,1790295183028436015,152081334349681,152081334454319,104.638,20.651,sent,1000,
1993,152081339329030,152081339331547,1790295183033435726,152081339348760,152081339453418,104.658,19.73,sent,1000,
1994,152081344329030,152081344332199,1790295183038436388,152081344350394,152081344456495,106.101,21.364,sent,1000,
1995,152081349329030,152081349331219,1790295183043434996,152081349339935,152081349393036,53.101,10.905,sent,1000,
1996,152081354329030,152081354329888,1790295183048433355,152081354338524,152081354391234,52.71,9.494,sent,1000,
1997,152081359329030,152081359331643,1790295183053435812,152081359348816,152081359454927,106.111,19.786,sent,1000,
1998,152081364329030,152081364330832,1790295183058435031,152081364348215,152081364447403,99.188,19.185,sent,1000,
1999,152081369329030,152081369330693,1790295183063434481,152081369339740,152081369394143,54.403,10.71,sent,1000,
2000,152081374329030,152081374331045,1790295183068434642,152081374340683,152081374400456,59.773,11.653,sent,1000,
2001,152081379329030,152081379330956,1790295183073435134,152081379347918,152081379453247,105.329,18.888,sent,1000,
2002,152081384329030,152081384332090,1790295183078436289,152081384350415,152081384451857,101.442,21.385,sent,1000,
2003,152081389329030,152081389330939,1790295183083434497,152081389339826,152081389394119,54.293,10.796,sent,1000,
2004,152081394329030,152081394330970,1790295183088434898,152081394340829,152081394400362,59.533,11.799,sent,1000,
2005,152081399329030,152081399331322,1790295183093435821,152081399348815,152081399453794,104.979,19.785,sent,1000,
2006,152081404329030,152081404331503,1790295183098435662,152081404348846,152081404452512,103.666,19.816,sent,1000,
2007,152081409329030,152081409330803,1790295183103435132,152081409341213,152081409400455,59.242,12.183,sent,1000,
2008,152081414329030,152081414331575,1790295183108435804,152081414349970,152081414454318,104.348,20.94,sent,1000,
2009,152081419329030,152081419331108,1790295183113436138,152081419349252,152081419453008,103.756,20.222,sent,1000,
2010,152081424329030,152081424331589,1790295183118436099,152081424350335,152081424454963,104.628,21.305,sent,1000,
2011,152081429329030,152081429331440,1790295183123435619,152081429348472,152081429453191,104.719,19.442,sent,1000,
2012,152081434329030,152081434331151,1790295183128434888,152081434341731,152081434400352,58.621,12.701,sent,1000,
2013,152081439329030,152081439331172,1790295183133434809,152081439340770,152081439400222,59.452,11.74,sent,1000,
2014,152081444329030,152081444331042,1790295183138434650,152081444340651,152081444400384,59.733,11.621,sent,1000,
2015,152081449329030,152081449330813,1790295183143435152,152081449341122,152081449399182,58.06,12.092,sent,1000,
2016,152081454329030,152081454330153,1790295183148433810,152081454339901,152081454398452,58.551,10.871,sent,1000,
2017,152081459329030,152081459331867,1790295183153436126,152081459349530,152081459455791,106.261,20.5,sent,1000,
2018,152081464329030,152081464331788,1790295183158435946,152081464350082,152081464450663,100.581,21.052,sent,1000,
2019,152081469329030,152081469330887,1790295183163434755,152081469340596,152081469401992,61.396,11.566,sent,1000,
2020,152081474329030,152081474332262,1790295183168436451,152081474350807,152081474457259,106.452,21.777,sent,1000,
2021,152081479329030,152081479331462,1790295183173435660,152081479349285,152081479453513,104.228,20.255,sent,1000,
2022,152081484329030,152081484330902,1790295183178435100,152081484347563,152081484448755,101.192,18.533,sent,1000,
2023,152081489329030,152081489332255,1790295183183436484,152081489349458,152081489453485,104.027,20.428,sent,1000,
2024,152081494329030,152081494332056,1790295183188436224,152081494350791,152081494456992,106.201,21.761,sent,1000,
2025,152081499329030,152081499331816,1790295183193436005,152081499348658,152081499455741,107.083,19.628,sent,1000,
2026,152081504329030,152081504332060,1790295183198436279,152081504350605,152081504456936,106.331,21.575,sent,1000,
2027,152081509329030,152081509331610,1790295183203436029,152081509347119,152081509439083,91.964,18.089,sent,1000,
2028,152081514329030,152081514331982,1790295183208436130,152081514349254,152081514457299,108.045,20.224,sent,1000,
2029,152081519329030,152081519332604,1790295183213436832,152081519350417,152081519459314,108.897,21.387,sent,1000,
2030,152081524329030,152081524332515,1790295183218436683,152081524351741,152081524459024,107.283,22.711,sent,1000,
2031,152081529329030,152081529331264,1790295183223435733,152081529349077,152081529403360,54.283,20.047,sent,1000,
2032,152081534329030,152081534330975,1790295183228434883,152081534341305,152081534401038,59.733,12.275,sent,1000,
2033,152081539329030,152081539331998,1790295183233436147,152081539348970,152081539455743,106.773,19.94,sent,1000,
2034,152081544329030,152081544332530,1790295183238436739,152081544350815,152081544456395,105.58,21.785,sent,1000,
2035,152081549329030,152081549331589,1790295183243436079,152081549350155,152081549445585,95.43,21.125,sent,1000,
2036,152081554329030,152081554331220,1790295183248435599,152081554350827,152081554465985,115.158,21.797,sent,1000,
2037,152081559329030,152081559354835,1790295183253459074,152081559372900,152081559479682,106.782,43.87,sent,1000,
2038,152081564329030,152081564331724,1790295183258435873,152081564349498,152081564452954,103.456,20.468,sent,1000,
2039,152081569329030,152081569331886,1790295183263436094,152081569348948,152081569450330,101.382,19.918,sent,1000,
2040,152081574329030,152081574331867,1790295183268436065,152081574350953,152081574458276,107.323,21.923,sent,1000,
2041,152081579329030,152081579331407,1790295183273435565,152081579348880,152081579453648,104.768,19.85,sent,1000,
2042,152081584329030,152081584331878,1790295183278436107,152081584349652,152081584455683,106.031,20.622,sent,1000,
2043,152081589329030,152081589331940,1790295183283436178,152081589349252,152081589454622,105.37,20.222,sent,1000,
2044,152081594329030,152081594332082,1790295183288436321,152081594350617,152081594455746,105.129,21.587,sent,1000,
2045,152081599329030,152081599331893,1790295183293436051,152081599348314,152081599453433,105.119,19.284,sent,1000,
2046,152081604329030,152081604331082,1790295183298435271,152081604348666,152081604453955,105.289,19.636,sent,1000,
2047,152081609329030,152081609330953,1790295183303435061,152081609348646,152081609450289,101.643,19.616,sent,1000,
2048,152081614329030,152081614331515,1790295183308435724,152081614349679,152081614453075,103.396,20.649,sent,1000,
2049,152081619329030,152081619331887,1790295183313436126,152081619350131,152081619452886,102.755,21.101,sent,1000,
2050,152081624329030,152081624331970,1790295183318436199,152081624350665,152081624456165,105.5,21.635,sent,1000,
2051,152081629329030,152081629331250,1790295183323435408,152081629348963,152081629454092,105.129,19.933,sent,1000,
2052,152081634329030,152081634331090,1790295183328435549,152081634349305,152081634452570,103.265,20.275,sent,1000,
2053,152081639329030,152081639332063,1790295183333436362,152081639350177,152081639456198,106.021,21.147,sent,1000,
2054,152081644329030,152081644332094,1790295183338436263,152081644348625,152081644452492,103.867,19.595,sent,1000,
2055,152081649329030,152081649331745,1790295183343435943,152081649348947,152081649450790,101.843,19.917,sent,1000,
2056,152081654329030,152081654332018,1790295183348436207,152081654349852,152081654453478,103.626,20.822,sent,1000,
2057,152081659329030,152081659331097,1790295183353436348,152081659349602,152081659456044,106.442,20.572,sent,1000,
2058,152081664329030,152081664331289,1790295183358435457,152081664348642,152081664449773,101.131,19.612,sent,1000,
2059,152081669329030,152081669331069,1790295183363435919,152081669349254,152081669452539,103.285,20.224,sent,1000,
2060,152081674329030,152081674332363,1790295183368436571,152081674350006,152081674454253,104.247,20.976,sent,1000,
2061,152081679329030,152081679331212,1790295183373435370,152081679348013,152081679453443,105.43,18.983,sent,1000,
2062,152081684329030,152081684331625,1790295183378435784,152081684349459,152081684454869,105.41,20.429,sent,1000,
2063,152081689329030,152081689331767,1790295183383435925,152081689349250,152081689450892,101.642,20.22,sent,1000,
2064,152081694329030,152081694331988,1790295183388436147,152081694349481,152081694454460,104.979,20.451,sent,1000,
2065,152081699329030,152081699331779,1790295183393435957,152081699349151,152081699453048,103.897,20.121,sent,1000,
2066,152081704329030,152081704330948,1790295183398435377,152081704348982,152081704452799,103.817,19.952,sent,1000,
2067,152081709329030,152081709331502,1790295183403435961,152081709349146,152081709455136,105.99,20.116,sent,1000,
2068,152081714329030,152081714331493,1790295183408435712,152081714350168,152081714453154,102.986,21.138,sent,1000,
2069,152081719329030,152081719331925,1790295183413436234,152081719349027,152081719453505,104.478,19.997,sent,1000,
2070,152081724329030,152081724331796,1790295183418435954,152081724349569,152081724453105,103.536,20.539,sent,1000,
2071,152081729329030,152081729331235,1790295183423435414,152081729348719,152081729452155,103.436,19.689,sent,1000,
2072,152081734329030,152081734331577,1790295183428435726,152081734349211,152081734453077,103.866,20.181,sent,1000,
2073,152081739329030,152081739329666,1790295183433433374,152081739335888,152081739366876,30.988,6.858,sent,1000,
2074,152081744329030,152081744332132,1790295183438436270,152081744350206,152081744454403,104.197,21.176,sent,1000,
2075,152081749329030,152081749329778,1790295183443432795,152081749342512,152081749367410,24.898,13.482,sent,1000,
2076,152081754329030,152081754332034,1790295183448436212,152081754349827,152081754454135,104.308,20.797,sent,1000,
2077,152081759329030,152081759329901,1790295183453433528,152081759340200,152081759398010,57.81,11.17,sent,1000,
2078,152081764329030,152081764331034,1790295183458435242,152081764347355,152081764446442,99.087,18.325,sent,1000,
2079,152081769329030,152081769329614,1790295183463432610,152081769333361,152081769356825,23.464,4.331,sent,1000,
2080,152081774329030,152081774329665,1790295183468432681,152081774332951,152081774358048,25.097,3.921,sent,1000,
2081,152081779329030,152081779329776,1790295183473432792,152081779333042,152081779357549,24.507,4.012,sent,1000,
2082,152081784329030,152081784329687,1790295183478432703,152081784332913,152081784357560,24.647,3.883,sent,1000,
2083,152081789329030,152081789329718,1790295183483432724,152081789332944,152081789356919,23.975,3.914,sent,1000,
2084,152081794329030,152081794330631,1790295183488434499,152081794340691,152081794400714,60.023,11.661,sent,1000,
2085,152081799329030,152081799331535,1790295183493435814,152081799349288,152081799453997,104.709,20.258,sent,1000,
2086,152081804329030,152081804331376,1790295183498435554,152081804349921,152081804452244,102.323,20.891,sent,1000,
2087,152081809329030,152081809331076,1790295183503435445,152081809349351,152081809452927,103.576,20.321,sent,1000,
2088,152081814329030,152081814330877,1790295183508435125,152081814348911,152081814451365,102.454,19.881,sent,1000,
2089,152081819329030,152081819331318,1790295183513436068,152081819349463,152081819454401,104.938,20.433,sent,1000,
2090,152081824329030,152081824331530,1790295183518435668,152081824349133,152081824452389,103.256,20.103,sent,1000,
2091,152081829329030,152081829331242,1790295183523435431,152081829348395,152081829452081,103.686,19.365,sent,1000,
2092,152081834329030,152081834330522,1790295183528435191,152081834348977,152081834453014,104.037,19.947,sent,1000,
2093,152081839329030,152081839330723,1790295183533434671,152081839341153,152081839399604,58.451,12.123,sent,1000,
2094,152081844329030,152081844331736,1790295183538435995,152081844350391,152081844454649,104.258,21.361,sent,1000,
2095,152081849329030,152081849329703,1790295183543432710,152081849333240,152081849357185,23.945,4.21,sent,1000,
2096,152081854329030,152081854330687,1790295183548434575,152081854340826,152081854399467,58.641,11.796,sent,1000,
2097,152081859329030,152081859330769,1790295183553435188,152081859351789,152081859466777,114.988,22.759,sent,1000,
2098,152081864329030,152081864331000,1790295183558435169,152081864346640,152081864440378,93.738,17.61,sent,1000,
2099,152081869329030,152081869329589,1790295183563432595,152081869332855,152081869356319,23.464,3.825,sent,1000,
2100,152081874329030,152081874329530,1790295183568432546,152081874332776,152081874357152,24.376,3.746,sent,1000,
2101,152081879329030,152081879329671,1790295183573432687,152081879332887,152081879358145,25.258,3.857,sent,1000,
2102,152081884329030,152081884329752,1790295183578432768,152081884333279,152081884357785,24.506,4.249,sent,1000,
2103,152081889329030,152081889329684,1790295183583432701,152081889332901,152081889356125,23.224,3.871,sent,1000,
2104,152081894329030,152081894331819,1790295183588436349,152081894349914,152081894452628,102.714,20.884,sent,1000,
2105,152081899329030,152081899331480,1790295183593435638,152081899348973,152081899453250,104.277,19.943,sent,1000,
2106,152081904329030,152081904331501,1790295183598435780,152081904350106,152081904455275,105.169,21.076,sent,1000,
2107,152081909329030,152081909330891,1790295183603434849,152081909340469,152081909394792,54.323,11.439,sent,1000,
2108,152081914329030,152081914330712,1790295183608434240,152081914340330,152081914399853,59.523,11.3,sent,1000,
2109,152081919329030,152081919331936,1790295183613436135,152081919350952,152081919454769,103.817,21.922,sent,1000,
2110,152081924329030,152081924331997,1790295183618436256,152081924349320,152081924452526,103.206,20.29,sent,1000,
2111,152081929329030,152081929330135,1790295183623433592,152081929338971,152081929392222,53.251,9.941,sent,1000,
2112,152081934329030,152081934331538,1790295183628435767,152081934348991,152081934453329,104.338,19.961,sent,1000,
2113,152081939329030,152081939332040,1790295183633436349,152081939350225,152081939454913,104.688,21.195,sent,1000,
2114,152081944329030,152081944331502,1790295183638436132,152081944350448,152081944451339,100.891,21.418,sent,1000,
2115,152081949329030,152081949330641,1790295183643434089,152081949339358,152081949393811,54.453,10.328,sent,1000,
2116,152081954329030,152081954330993,1790295183648434530,152081954340982,152081954399763,58.781,11.952,sent,1000,
2117,152081959329030,152081959330613,1790295183653434461,152081959341203,152081959402399,61.196,12.173,sent,1000,
2118,152081964329030,152081964331295,1790295183658435584,152081964373515,152081964481470,107.955,44.485,sent,1000,
2119,152081969329030,152081969331467,1790295183663435054,152081969341155,152081969400047,58.892,12.125,sent,1000,
2120,152081974329030,152081974332070,1790295183668436309,152081974350956,152081974457848,106.892,21.926,sent,1000,
2121,152081979329030,152081979331180,1790295183673435409,152081979349364,152081979455014,105.65,20.334,sent,1000,
2122,152081984329030,152081984331522,1790295183678435770,152081984349255,152081984453042,103.787,20.225,sent,1000,
2123,152081989329030,152081989331983,1790295183683436132,152081989348885,152081989451520,102.635,19.855,sent,1000,
2124,152081994329030,152081994332034,1790295183688436263,152081994349578,152081994454627,105.049,20.548,sent,1000,
2125,152081999329030,152081999331835,1790295183693436014,152081999349228,152081999455189,105.961,20.198,sent,1000,
2126,152082004329030,152082004331768,1790295183698435996,152082004350112,152082004453719,103.607,21.082,sent,1000,
2127,152082009329030,152082009331037,1790295183703434635,152082009340465,152082009395730,55.265,11.435,sent,1000,
2128,152082014329030,152082014330738,1790295183708434245,152082014340526,152082014399328,58.802,11.496,sent,1000,
2129,152082019329030,152082019331290,1790295183713434817,152082019339666,152082019373920,34.254,10.636,sent,1000,
2130,152082024329030,152082024329678,1790295183718432694,152082024333795,152082024358833,25.038,4.765,sent,1000,
2131,152082029329030,152082029329369,1790295183723432315,152082029331603,152082029349406,17.803,2.573,sent,1000,
2132,152082034329030,152082034329691,1790295183728432708,152082034332787,152082034357354,24.567,3.757,sent,1000,
2133,152082039329030,152082039331426,1790295183733435664,152082039348237,152082039452104,103.867,19.207,sent,1000,
2134,152082044329030,152082044332048,1790295183738436296,152082044350152,152082044456493,106.341,21.122,sent,1000,
2135,152082049329030,152082049330466,1790295183743434043,152082049340044,152082049398324,58.28,11.014,sent,1000,
2136,152082054329030,152082054331308,1790295183748435817,152082054349743,152082054456866,107.123,20.713,sent,1000,
2137,152082059329030,152082059331570,1790295183753436009,152082059349203,152082059456807,107.604,20.173,sent,1000,
2138,152082064329030,152082064359626,1790295183758463814,152082064377890,152082064483500,105.61,48.86,sent,1000,
2139,152082069329030,152082069332074,1790295183763436343,152082069352383,152082069457061,104.678,23.353,sent,1000,
2140,152082074329030,152082074330963,1790295183768435052,152082074341824,152082074436653,94.829,12.794,sent,1000,
2141,152082079329030,152082079331004,1790295183773435173,152082079348538,152082079453857,105.319,19.508,sent,1000,
2142,152082084329030,152082084331697,1790295183778435915,152082084349240,152082084455301,106.061,20.21,sent,1000,
2143,152082089329030,152082089331387,1790295183783435526,152082089348229,152082089451354,103.125,19.199,sent,1000,
2144,152082094329030,152082094332382,1790295183788436601,152082094351639,152082094456136,104.497,22.609,sent,1000,
2145,152082099329030,152082099331221,1790295183793435450,152082099347652,152082099452511,104.859,18.622,sent,1000,
2146,152082104329030,152082104331082,1790295183798435200,152082104349867,152082104459364,109.497,20.837,sent,1000,
2147,152082109329030,152082109332315,1790295183803436544,152082109349016,152082109450980,101.964,19.986,sent,1000,
2148,152082114329030,152082114331444,1790295183808435653,152082114349047,152082114453335,104.288,20.017,sent,1000,
2149,152082119329030,152082119331385,1790295183813435534,152082119349239,152082119451663,102.424,20.209,sent,1000,
2150,152082124329030,152082124332230,1790295183818436449,152082124350244,152082124452327,102.083,21.214,sent,1000,
2151,152082129329030,152082129331018,1790295183823435227,152082129349043,152082129452809,103.766,20.013,sent,1000,
2152,152082134329030,152082134331811,1790295183828435970,152082134350406,152082134453331,102.925,21.376,sent,1000,
2153,152082139329030,152082139331922,1790295183833436061,152082139349556,152082139455125,105.569,20.526,sent,1000,
2154,152082144329030,152082144332013,1790295183838436112,152082144349997,152082144452762,102.765,20.967,sent,1000,
2155,152082149329030,152082149331354,1790295183843435522,152082149349578,152082149453365,103.787,20.548,sent,1000,
2156,152082154329030,152082154331737,1790295183848435916,152082154349461,152082154451805,102.344,20.431,sent,1000,
2157,152082159329030,152082159332009,1790295183853436157,152082159349843,152082159456705,106.862,20.813,sent,1000,
2158,152082164329030,152082164330587,1790295183858434145,152082164340255,152082164399538,59.283,11.225,sent,1000,
2159,152082169329030,152082169330718,1790295183863435238,152082169348362,152082169451317,102.955,19.332,sent,1000,
2160,152082174329030,152082174329647,1790295183868432664,152082174344796,152082174368491,23.695,15.766,sent,1000,
2161,152082179329030,152082179330331,1790295183873433898,152082179339949,152082179400444,60.495,10.919,sent,1000,
2162,152082184329030,152082184331735,1790295183878435974,152082184350340,152082184455640,105.3,21.31,sent,1000,
2163,152082189329030,152082189331565,1790295183883435744,152082189348518,152082189450821,102.303,19.488,sent,1000,
2164,152082194329030,152082194331366,1790295183888436156,152082194350412,152082194453157,102.745,21.382,sent,1000,
2165,152082199329030,152082199331307,1790295183893435466,152082199349371,152082199456073,106.702,20.341,sent,1000,
2166,152082204329030,152082204331578,1790295183898435667,152082204349332,152082204453509,104.177,20.302,sent,1000,
2167,152082209329030,152082209331680,1790295183903435868,152082209348862,152082209455965,107.103,19.832,sent,1000,
2168,152082214329030,152082214331291,1790295183908435600,152082214348073,152082214455507,107.434,19.043,sent,1000,
2169,152082219329030,152082219330731,1790295183913435050,152082219348024,152082219451931,103.907,18.994,sent,1000,
2170,152082224329030,152082224331764,1790295183918435923,152082224349177,152082224452693,103.516,20.147,sent,1000,
2171,152082229329030,152082229330873,1790295183923435092,152082229348266,152082229453586,105.32,19.236,sent,1000,
2172,152082234329030,152082234331586,1790295183928435714,152082234349820,152082234451793,101.973,20.79,sent,1000,
2173,152082239329030,152082239331809,1790295183933436047,152082239349973,152082239456605,106.632,20.943,sent,1000,
2174,152082244329030,152082244331972,1790295183938436110,152082244349746,152082244453352,103.606,20.716,sent,1000,
2175,152082249329030,152082249331662,1790295183943435971,152082249348995,152082249446610,97.615,19.965,sent,1000,
2176,152082254329030,152082254331713,1790295183948435932,152082254349848,152082254455247,105.399,20.818,sent,1000,
2177,152082259329030,152082259332015,1790295183953436244,152082259349338,152082259455198,105.86,20.308,sent,1000,
2178,152082264329030,152082264331495,1790295183958435623,152082264349098,152082264451382,102.284,20.068,sent,1000,
2179,152082269329030,152082269331496,1790295183963435674,152082269349310,152082269455441,106.131,20.28,sent,1000,
2180,152082274329030,152082274331477,1790295183968435976,152082274349311,152082274453308,103.997,20.281,sent,1000,
2181,152082279329030,152082279331147,1790295183973435326,152082279348911,152082279454581,105.67,19.881,sent,1000,
2182,152082284329030,152082284331088,1790295183978435307,152082284348551,152082284453209,104.658,19.521,sent,1000,
2183,152082289329030,152082289331329,1790295183983435628,152082289349654,152082289451707,102.053,20.624,sent,1000,
2184,152082294329030,152082294332292,1790295183988436561,152082294350156,152082294454093,103.937,21.126,sent,1000,
2185,152082299329030,152082299331382,1790295183993435580,152082299348384,152082299452531,104.147,19.354,sent,1000,
2186,152082304329030,152082304331755,1790295183998436014,152082304349890,152082304453636,103.746,20.86,sent,1000,
2187,152082309329030,152082309331596,1790295184003435735,152082309349009,152082309450371,101.362,19.979,sent,1000,
2188,152082314329030,152082314331156,1790295184008435325,152082314349220,152082314454029,104.809,20.19,sent,1000,
2189,152082319329030,152082319331678,1790295184013435857,152082319349832,152082319453920,104.088,20.802,sent,1000,
2190,152082324329030,152082324331639,1790295184018435858,152082324349483,152082324452688,103.205,20.453,sent,1000,
2191,152082329329030,152082329330981,1790295184023435180,152082329348424,152082329453152,104.728,19.394,sent,1000,
2192,152082334329030,152082334331593,1790295184028435782,152082334350168,152082334454496,104.328,21.138,sent,1000,
2193,152082339329030,152082339331243,1790295184033435502,152082339349839,152082339456160,106.321,20.809,sent,1000,
2194,152082344329030,152082344331635,1790295184038436194,152082344350260,152082344452714,102.454,21.23,sent,1000,
2195,152082349329030,152082349330734,1790295184043434272,152082349340312,152082349398903,58.591,11.282,sent,1000,
2196,152082354329030,152082354330916,1790295184048434464,152082354339493,152082354391491,51.998,10.463,sent,1000,
2197,152082359329030,152082359329616,1790295184053432802,152082359333623,152082359358681,25.058,4.593,sent,1000,
2198,152082364329030,152082364329577,1790295184058432593,152082364332723,152082364355987,23.264,3.693,sent,1000,
2199,152082369329030,152082369329568,1790295184063432584,152082369332804,152082369356008,23.204,3.774,sent,1000,
2200,152082374329030,152082374330971,1790295184068434709,152082374340950,152082374400463,59.513,11.92,sent,1000,
2201,152082379329030,152082379331132,1790295184073435361,152082379348455,152082379454226,105.771,19.425,sent,1000,
2202,152082384329030,152082384331225,1790295184078435474,152082384349330,152082384452415,103.085,20.3,sent,1000,
2203,152082389329030,152082389330806,1790295184083434764,152082389341015,152082389401079,60.064,11.985,sent,1000,
2204,152082394329030,152082394331418,1790295184088435085,152082394340966,152082394399537,58.571,11.936,sent,1000,
2205,152082399329030,152082399331449,1790295184093435697,152082399349282,152082399455574,106.292,20.252,sent,1000,
2206,152082404329030,152082404331089,1790295184098435328,152082404348903,152082404451808,102.905,19.873,sent,1000,
2207,152082409329030,152082409332372,1790295184103436611,152082409349715,152082409453873,104.158,20.685,sent,1000,
2208,152082414329030,152082414330211,1790295184108433728,152082414340260,152082414401746,61.486,11.23,sent,1000,
2209,152082419329030,152082419331625,1790295184113435803,152082419348777,152082419455810,107.033,19.747,sent,1000,
2210,152082424329030,152082424330834,1790295184118436285,152082424349900,152082424451152,101.252,20.87,sent,1000,
2211,152082429329030,152082429331096,1790295184123435314,152082429348338,152082429452696,104.358,19.308,sent,1000,
2212,152082434329030,152082434331277,1790295184128435455,152082434350373,152082434453528,103.155,21.343,sent,1000,
2213,152082439329030,152082439331809,1790295184133436098,152082439349903,152082439455213,105.31,20.873,sent,1000,
2214,152082444329030,152082444332022,1790295184138436191,152082444349886,152082444454204,104.318,20.856,sent,1000,
2215,152082449329030,152082449330450,1790295184143433988,152082449339848,152082449399000,59.152,10.818,sent,1000,
2216,152082454329030,152082454330932,1790295184148434510,152082454340440,152082454399452,59.012,11.41,sent,1000,
2217,152082459329030,152082459331354,1790295184153436164,152082459349799,152082459453696,103.897,20.769,sent,1000,
2218,152082464329030,152082464330804,1790295184158434973,152082464348908,152082464453026,104.118,19.878,sent,1000,
2219,152082469329030,152082469330667,1790295184163434805,152082469347589,152082469448640,101.051,18.559,sent,1000,
2220,152082474329030,152082474332291,1790295184168436550,152082474350205,152082474454092,103.887,21.175,sent,1000,
2221,152082479329030,152082479330919,1790295184173435058,152082479347541,152082479452750,105.209,18.511,sent,1000,
2222,152082484329030,152082484331121,1790295184178435319,152082484348373,152082484451318,102.945,19.343,sent,1000,
2223,152082489329030,152082489331132,1790295184183435300,152082489348114,152082489446079,97.965,19.084,sent,1000,
2224,152082494329030,152082494330972,1790295184188434900,152082494341322,152082494399743,58.421,12.292,sent,1000,
2225,152082499329030,152082499329742,1790295184193432759,152082499333309,152082499358938,25.629,4.279,sent,1000,
2226,152082504329030,152082504331527,1790295184198435726,152082504349361,152082504453598,104.237,20.331,sent,1000,
2227,152082509329030,152082509332039,1790295184203436248,152082509349332,152082509451966,102.634,20.302,sent,1000,
2228,152082514329030,152082514330838,1790295184208434996,152082514348651,152082514452157,103.506,19.621,sent,1000,
2229,152082519329030,152082519331299,1790295184213435428,152082519349163,152082519454112,104.949,20.133,sent,1000,
2230,152082524329030,152082524331070,1790295184218436050,152082524349425,152082524451739,102.314,20.395,sent,1000,
2231,152082529329030,152082529330662,1790295184223434841,152082529348025,152082529451992,103.967,18.995,sent,1000,
2232,152082534329030,152082534331525,1790295184228435734,152082534348637,152082534452594,103.957,19.607,sent,1000,
2233,152082539329030,152082539331726,1790295184233435865,152082539349971,152082539456823,106.852,20.941,sent,1000,
2234,152082544329030,152082544331357,1790295184238436136,152082544349992,152082544455862,105.87,20.962,sent,1000,
2235,152082549329030,152082549331137,1790295184243435366,152082549348530,152082549454912,106.382,19.5,sent,1000,
2236,152082554329030,152082554330929,1790295184248434446,152082554340577,152082554398487,57.91,11.547,sent,1000,
2237,152082559329030,152082559331081,1790295184253435169,152082559348193,152082559445548,97.355,19.163,sent,1000,
2238,152082564329030,152082564329639,1790295184258432655,152082564333035,152082564357993,24.958,4.005,sent,1000,
2239,152082569329030,152082569329730,1790295184263432757,152082569333026,152082569359737,26.711,3.996,sent,1000,
2240,152082574329030,152082574347635,1790295184268451964,152082574366932,152082574474074,107.142,37.902,sent,1000,
2241,152082579329030,152082579330974,1790295184273435153,152082579349029,152082579458085,109.056,19.999,sent,1000,
2242,152082584329030,152082584331448,1790295184278435707,152082584349412,152082584450975,101.563,20.382,sent,1000,
2243,152082589329030,152082589331870,1790295184283436119,152082589350345,152082589452980,102.635,21.315,sent,1000,
2244,152082594329030,152082594330428,1790295184288435018,152082594340988,152082594398217,57.229,11.958,sent,1000,
2245,152082599329030,152082599331051,1790295184293435399,152082599371677,152082599478009,106.332,42.647,sent,1000,
2246,152082604329030,152082604331532,1790295184298435781,152082604348785,152082604451490,102.705,19.755,sent,1000,
2247,152082609329030,152082609331183,1790295184303435933,152082609349027,152082609436643,87.616,19.997,sent,1000,
2248,152082614329030,152082614329933,1790295184308433480,152082614339351,152082614399134,59.783,10.321,sent,1000,
2249,152082619329030,152082619330625,1790295184313434163,152082619340173,152082619415907,75.734,11.143,sent,1000,
2250,152082624329030,152082624332079,1790295184318436207,152082624350283,152082624452587,102.304,21.253,sent,1000,
2251,152082629329030,152082629331258,1790295184323435507,152082629348862,152082629450224,101.362,19.832,sent,1000,
2252,152082634329030,152082634330277,1790295184328434366,152082634346669,152082634448041,101.372,17.639,sent,1000,
2253,152082639329030,152082639331763,1790295184333436011,152082639348865,152082639452391,103.526,19.835,sent,1000,
2254,152082644329030,152082644331894,1790295184338436003,152082644349928,152082644453434,103.506,20.898,sent,1000,
2255,152082649329030,152082649331044,1790295184343435242,152082649348036,152082649451101,103.065,19.006,sent,1000,
2256,152082654329030,152082654331495,1790295184348435854,152082654349049,152082654449168,100.119,20.019,sent,1000,
2257,152082659329030,152082659331687,1790295184353436046,152082659350202,152082659453447,103.245,21.172,sent,1000,
2258,152082664329030,152082664331187,1790295184358435305,152082664348670,152082664452497,103.827,19.64,sent,1000,
2259,152082669329030,152082669331260,1790295184363435719,152082669349535,152082669450887,101.352,20.505,sent,1000,
2260,152082674329030,152082674331982,1790295184368436361,152082674349756,152082674454154,104.398,20.726,sent,1000,
2261,152082679329030,152082679331162,1790295184373435401,152082679349006,152082679452442,103.436,19.976,sent,1000,
2262,152082684329030,152082684331283,1790295184378435482,152082684348876,152082684451962,103.086,19.846,sent,1000,
2263,152082689329030,152082689331444,1790295184383435703,152082689349949,152082689455990,106.041,20.919,sent,1000,
2264,152082694329030,152082694332318,1790295184388436536,152082694350492,152082694455491,104.999,21.462,sent,1000,
2265,152082699329030,152082699331008,1790295184393435197,152082699348872,152082699452288,103.416,19.842,sent,1000,
2266,152082704329030,152082704331420,1790295184398435629,152082704349755,152082704453591,103.836,20.725,sent,1000,
2267,152082709329030,152082709331762,1790295184403436291,152082709350227,152082709453542,103.315,21.197,sent,1000,
2268,152082714329030,152082714330881,1790295184408435090,152082714348875,152082714452371,103.496,19.845,sent,1000,
2269,152082719329030,152082719331643,1790295184413435822,152082719349397,152082719455578,106.181,20.367,sent,1000,
2270,152082724329030,152082724331815,1790295184418435943,152082724349568,152082724453716,104.148,20.538,sent,1000,
2271,152082729329030,152082729331485,1790295184423435674,152082729348217,152082729452735,104.518,19.187,sent,1000,
2272,152082734329030,152082734331235,1790295184428435685,152082734349260,152082734452114,102.854,20.23,sent,1000,
2273,152082739329030,152082739331567,1790295184433435806,152082739349742,152082739453448,103.706,20.712,sent,1000,
2274,152082744329030,152082744331518,1790295184438436047,152082744349903,152082744452497,102.594,20.873,sent,1000,
2275,152082749329030,152082749331198,1790295184443435407,152082749349142,152082749452729,103.587,20.112,sent,1000,
2276,152082754329030,152082754330649,1790295184448434147,152082754339837,152082754397656,57.819,10.807,sent,1000,
2277,152082759329030,152082759331052,1790295184453435711,152082759351731,152082759462551,110.82,22.701,sent,1000,
2278,152082764329030,152082764329680,1790295184458433238,152082764338397,152082764390746,52.349,9.367,sent,1000,
2279,152082769329030,152082769329711,1790295184463432728,152082769333578,152082769358355,24.777,4.548,sent,1000,
2280,152082774329030,152082774329582,1790295184468432608,152082774332748,152082774356042,23.294,3.718,sent,1000,
2281,152082779329030,152082779329673,1790295184473432689,152082779332869,152082779358387,25.518,3.839,sent,1000,
2282,152082784329030,152082784329636,1790295184478432642,152082784332862,152082784356767,23.905,3.832,sent,1000,
2283,152082789329030,152082789329476,1790295184483432493,152082789332692,152082789356427,23.735,3.662,sent,1000,
2284,152082794329030,152082794331411,1790295184488435840,152082794350427,152082794456528,106.101,21.397,sent,1000,
2285,152082799329030,152082799331011,1790295184493435190,152082799348905,152082799452892,103.987,19.875,sent,1000,
2286,152082804329030,152082804331373,1790295184498435601,152082804349136,152082804455558,106.422,20.106,sent,1000,
2287,152082809329030,152082809331544,1790295184503435974,152082809349098,152082809446723,97.625,20.068,sent,1000,
2288,152082814329030,152082814331487,1790295184508436126,152082814373927,152082814480288,106.361,44.897,sent,1000,
2289,152082819329030,152082819331417,1790295184513435576,152082819349782,152082819454440,104.658,20.752,sent,1000,
2290,152082824329030,152082824331529,1790295184518436068,152082824350515,152082824456195,105.68,21.485,sent,1000,
2291,152082829329030,152082829331510,1790295184523435869,152082829349123,152082829448641,99.518,20.093,sent,1000,
2292,152082834329030,152082834331000,1790295184528435208,152082834349475,152082834454594,105.119,20.445,sent,1000,
2293,152082839329030,152082839331413,1790295184533435591,152082839349367,152082839453364,103.997,20.337,sent,1000,
2294,152082844329030,152082844331785,1790295184538435943,152082844349919,152082844453014,103.095,20.889,sent,1000,
2295,152082849329030,152082849330313,1790295184543434922,152082849348046,152082849448346,100.3,19.016,sent,1000,
2296,152082854329030,152082854331336,1790295184548435595,152082854349400,152082854454910,105.51,20.37,sent,1000,
2297,152082859329030,152082859331046,1790295184553435345,152082859349641,152082859474788,125.147,20.611,sent,1000,
2298,152082864329030,152082864329705,1790295184558433192,152082864338361,152082864389518,51.157,9.331,sent,1000,
2299,152082869329030,152082869329577,1790295184563432594,152082869332853,152082869356188,23.335,3.823,sent,1000,
2300,152082874329030,152082874330500,1790295184568435159,152082874341260,152082874399110,57.85,12.23,sent,1000,
2301,152082879329030,152082879331443,1790295184573435611,152082879348625,152082879452061,103.436,19.595,sent,1000,
2302,152082884329030,152082884331343,1790295184578435582,152082884348776,152082884453966,105.19,19.746,sent,1000,
2303,152082889329030,152082889331364,1790295184583435593,152082889347956,152082889448296,100.34,18.926,sent,1000,
2304,152082894329030,152082894330635,1790295184588434503,152082894340854,152082894398734,57.88,11.824,sent,1000,
2305,152082899329030,152082899330997,1790295184593435166,152082899349082,152082899454842,105.76,20.052,sent,1000,
2306,152082904329030,152082904330958,1790295184598435067,152082904349383,152082904405539,56.156,20.353,sent,1000,
2307,152082909329030,152082909330729,1790295184603434537,152082909339716,152082909393558,53.842,10.686,sent,1000,
2308,152082914329030,152082914330279,1790295184608433826,152082914339617,152082914398187,58.57,10.587,sent,1000,
2309,152082919329030,152082919331192,1790295184613435410,152082919348605,152082919452531,103.926,19.575,sent,1000,
2310,152082924329030,152082924331595,1790295184618436084,152082924349058,152082924452765,103.707,20.028,sent,1000,
2311,152082929329030,152082929330754,1790295184623434262,152082929339531,152082929393523,53.992,10.501,sent,1000,
2312,152082934329030,152082934331417,1790295184628435555,152082934349361,152082934454309,104.948,20.331,sent,1000,
2313,152082939329030,152082939331368,1790295184633435616,152082939349201,152082939454481,105.28,20.171,sent,1000,
2314,152082944329030,152082944331809,1790295184638436289,152082944350104,152082944455834,105.73,21.074,sent,1000,
2315,152082949329030,152082949329967,1790295184643433485,152082949338754,152082949393618,54.864,9.724,sent,1000,
2316,152082954329030,152082954330611,1790295184648434198,152082954340199,152082954398660,58.461,11.169,sent,1000,
2317,152082959329030,152082959331584,1790295184653435742,152082959349447,152082959462602,113.155,20.417,sent,1000,
2318,152082964329030,152082964330342,1790295184658434200,152082964339720,152082964398281,58.561,10.69,sent,1000,
2319,152082969329030,152082969330624,1790295184663434061,152082969339330,152082969393202,53.872,10.3,sent,1000,
2320,152082974329030,152082974332238,1790295184668436476,152082974350953,152082974455221,104.268,21.923,sent,1000,
2321,152082979329030,152082979331838,1790295184673436047,152082979350674,152082979456254,105.58,21.644,sent,1000,
2322,152082984329030,152082984331300,1790295184678435468,152082984349183,152082984452429,103.246,20.153,sent,1000,
2323,152082989329030,152082989330840,1790295184683434377,152082989340708,152082989400532,59.824,11.678,sent,1000,
2324,152082994329030,152082994331011,1790295184688434989,152082994341190,152082994399010,57.82,12.16,sent,1000,
2325,152082999329030,152082999329619,1790295184693432646,152082999334268,152082999362191,27.923,5.238,sent,1000,
2326,152083004329030,152083004329670,1790295184698432687,152083004332796,152083004357102,24.306,3.766,sent,1000,
2327,152083009329030,152083009329532,1790295184703432558,152083009332878,152083009356052,23.174,3.848,sent,1000,
2328,152083014329030,152083014329754,1790295184708432781,152083014332960,152083014357717,24.757,3.93,sent,1000,
2329,152083019329030,152083019330156,1790295184713434284,152083019346888,152083019407292,60.404,17.858,sent,1000,
2330,152083024329030,152083024329546,1790295184718432773,152083024343312,152083024366646,23.334,14.282,sent,1000,
2331,152083029329030,152083029329607,1790295184723432613,152083029332843,152083029351649,18.806,3.813,sent,1000,
2332,152083034329030,152083034329758,1790295184728432775,152083034332874,152083034356529,23.655,3.844,sent,1000,
2333,152083039329030,152083039331384,1790295184733435723,152083039349548,152083039454487,104.939,20.518,sent,1000,
2334,152083044329030,152083044332337,1790295184738436575,152083044350321,152083044456191,105.87,21.291,sent,1000,
2335,152083049329030,152083049329893,1790295184743433330,152083049338559,152083049393183,54.624,9.529,sent,1000,
2336,152083054329030,152083054331507,1790295184748435676,152083054348780,152083054455662,106.882,19.75,sent,1000,
2337,152083059329030,152083059331779,1790295184753436258,152083059349091,152083059455944,106.853,20.061,sent,1000,
2338,152083064329030,152083064330096,1790295184758433644,152083064339504,152083064399207,59.703,10.474,sent,1000,
2339,152083069329030,152083069330530,1790295184763433977,152083069339687,152083069394301,54.614,10.657,sent,1000,
2340,152083074329030,152083074331994,1790295184768436493,152083074350128,152083074458223,108.095,21.098,sent,1000,
2341,152083079329030,152083079331043,1790295184773435352,152083079349247,152083079457512,108.265,20.217,sent,1000,
2342,152083084329030,152083084331204,1790295184778435413,152083084349479,152083084454027,104.548,20.449,sent,1000,
2343,152083089329030,152083089331325,1790295184783435825,152083089349279,152083089420634,71.355,20.249,sent,1000,
2344,152083094329030,152083094331717,1790295184788435886,152083094349701,152083094456684,106.983,20.671,sent,1000,
2345,152083099329030,152083099330927,1790295184793435176,152083099349613,152083099455543,105.93,20.583,sent,1000,
2346,152083104329030,152083104331479,1790295184798435668,152083104349724,152083104459342,109.618,20.694,sent,1000,
2347,152083109329030,152083109331059,1790295184803435028,152083109340948,152083109398467,57.519,11.918,sent,1000,
2348,152083114329030,152083114359705,1790295184808464224,152083114377929,152083114486555,108.626,48.899,sent,1000,
2349,152083119329030,152083119331071,1790295184813435250,152083119348585,152083119450458,101.873,19.555,sent,1000,
2350,152083124329030,152083124331405,1790295184818435854,152083124349659,152083124457804,108.145,20.629,sent,1000,
2351,152083129329030,152083129330694,1790295184823434933,152083129348829,152083129445632,96.803,19.799,sent,1000,
2352,152083134329030,152083134331026,1790295184828435185,152083134349371,152083134451444,102.073,20.341,sent,1000,
2353,152083139329030,152083139331318,1790295184833435757,152083139349201,152083139452066,102.865,20.171,sent,1000,
2354,152083144329030,152083144331749,1790295184838436138,152083144349353,152083144453961,104.608,20.323,sent,1000,
2355,152083149329030,152083149330629,1790295184843434947,152083149348202,152083149453962,105.76,19.172,sent,1000,
2356,152083154329030,152083154330481,1790295184848433938,152083154339067,152083154392228,53.161,10.037,sent,1000,
2357,152083159329030,152083159329640,1790295184853432656,152083159333127,152083159358124,24.997,4.097,sent,1000,
2358,152083164329030,152083164330493,1790295184858434461,152083164340411,152083164398832,58.421,11.381,sent,1000,
2359,152083169329030,152083169331385,1790295184863435544,152083169348628,152083169452655,104.027,19.598,sent,1000,
2360,152083174329030,152083174331607,1790295184868435785,152083174349951,152083174455301,105.35,20.921,sent,1000,
2361,152083179329030,152083179331558,1790295184873436027,152083179349522,152083179454741,105.219,20.492,sent,1000,
2362,152083184329030,152083184331000,1790295184878435218,152083184348342,152083184451438,103.096,19.312,sent,1000,
2363,152083189329030,152083189331341,1790295184883435570,152083189349005,152083189456348,107.343,19.975,sent,1000,
2364,152083194329030,152083194331703,1790295184888436172,152083194350128,152083194453093,102.965,21.098,sent,1000,
2365,152083199329030,152083199330912,1790295184893435051,152083199348255,152083199452683,104.428,19.225,sent,1000,
2366,152083204329030,152083204331254,1790295184898435533,152083204348416,152083204452283,103.867,19.386,sent,1000,
2367,152083209329030,152083209331516,1790295184903435925,152083209349350,152083209449840,100.49,20.32,sent,1000,
2368,152083214329030,152083214331369,1790295184908435587,152083214349213,152083214452218,103.005,20.183,sent,1000,
2369,152083219329030,152083219330688,1790295184913434246,152083219340236,152083219397976,57.74,11.206,sent,1000,
2370,152083224329030,152083224331030,1790295184918435459,152083224349405,152083224413867,64.462,20.375,sent,1000,
2371,152083229329030,152083229331662,1790295184923435831,152083229349306,152083229453353,104.047,20.276,sent,1000,
2372,152083234329030,152083234330832,1790295184928435020,152083234348946,152083234451981,103.035,19.916,sent,1000,
2373,152083239329030,152083239331314,1790295184933435482,152083239348927,152083239452984,104.057,19.897,sent,1000,
2374,152083244329030,152083244331647,1790295184938436167,152083244348700,152083244456464,107.764,19.67,sent,1000,
2375,152083249329030,152083249330516,1790295184943434685,152083249347007,152083249454220,107.213,17.977,sent,1000,
2376,152083254329030,152083254330527,1790295184948434085,152083254340235,152083254399698,59.463,11.205,sent,1000,
2377,152083259329030,152083259331670,1790295184953435919,152083259349925,152083259455364,105.439,20.895,sent,1000,
2378,152083264329030,152083264331351,1790295184958435539,152083264348814,152083264452150,103.336,19.784,sent,1000,
2379,152083269329030,152083269330552,1790295184963434851,152083269348165,152083269445730,97.565,19.135,sent,1000,
2380,152083274329030,152083274331655,1790295184968436034,152083274349659,152083274454578,104.919,20.629,sent,1000,
2381,152083279329030,152083279331305,1790295184973435854,152083279349520,152083279450220,100.7,20.49,sent,1000,
2382,152083284329030,152083284330725,1790295184978434934,152083284348839,152083284452095,103.256,19.809,sent,1000,
2383,152083289329030,152083289331327,1790295184983435466,152083289349922,152083289453659,103.737,20.892,sent,1000,
2384,152083294329030,152083294331899,1790295184988436088,152083294349853,152083294455213,105.36,20.823,sent,1000,
2385,152083299329030,152083299330959,1790295184993435248,152083299349675,152083299455836,106.161,20.645,sent,1000,
2386,152083304329030,152083304331080,1790295184998435249,152083304349034,152083304452701,103.667,20.004,sent,1000,
2387,152083309329030,152083309331352,1790295185003436132,152083309350458,152083309454245,103.787,21.428,sent,1000,
2388,152083314329030,152083314331383,1790295185008435522,152083314348666,152083314447783,99.117,19.636,sent,1000,
2389,152083319329030,152083319331254,1790295185013435422,152083319348667,152083319455108,106.441,19.637,sent,1000,
2390,152083324329030,152083324331657,1790295185018435856,152083324349331,152083324453558,104.227,20.301,sent,1000,
2391,152083329329030,152083329332440,1790295185023436919,152083329350123,152083329453639,103.516,21.093,sent,1000,
2392,152083334329030,152083334331118,1790295185028435277,152083334349122,152083334453199,104.077,20.092,sent,1000,
2393,152083339329030,152083339331079,1790295185033435288,152083339348342,152083339453250,104.908,19.312,sent,1000,
2394,152083344329030,152083344331922,1790295185038436210,152083344349685,152083344454554,104.869,20.655,sent,1000,
2395,152083349329030,152083349330991,1790295185043435390,152083349348805,152083349451409,102.604,19.775,sent,1000,
2396,152083354329030,152083354329982,1790295185048433369,152083354338117,152083354390827,52.71,9.087,sent,1000,
2397,152083359329030,152083359329642,1790295185053432658,152083359333389,152083359358647,25.258,4.359,sent,1000,
2398,152083364329030,152083364331056,1790295185058434583,152083364341064,152083364400477,59.413,12.034,sent,1000,
2399,152083369329030,152083369330976,1790295185063435215,152083369349431,152083369453749,104.318,20.401,sent,1000,
2400,152083374329030,152083374330567,1790295185068434415,152083374340345,152083374398736,58.391,11.315,sent,1000,
2401,152083379329030,152083379331911,1790295185073436080,152083379349505,152083379452921,103.416,20.475,sent,1000,
2402,152083384329030,152083384330690,1790295185078434929,152083384348815,152083384455707,106.892,19.785,sent,1000,
2403,152083389329030,152083389331042,1790295185083435321,152083389348425,152083389454095,105.67,19.395,sent,1000,
2404,152083394329030,152083394330983,1790295185088434871,152083394340561,152083394399122,58.561,11.531,sent,1000,
2405,152083399329030,152083399331094,1790295185093435413,152083399348637,152083399453165,104.528,19.607,sent,1000,
2406,152083404329030,152083404330945,1790295185098435134,152083404349039,152083404453327,104.288,20.009,sent,1000,
2407,152083409329030,152083409330907,1790295185103434605,152083409340375,152083409399598,59.223,11.345,sent,1000,
2408,152083414329030,152083414331530,1790295185108435708,152083414349373,152083414452328,102.955,20.343,sent,1000,
2409,152083419329030,152083419330428,1790295185113433946,152083419339656,152083419399189,59.533,10.626,sent,1000,
2410,152083424329030,152083424331672,1790295185118435860,152083424349516,152083424452661,103.145,20.486,sent,1000,
2411,152083429329030,152083429331973,1790295185123436342,152083429350128,152083429455778,105.65,21.098,sent,1000,
2412,152083434329030,152083434329822,1790295185128433349,152083434339760,152083434398111,58.351,10.73,sent,1000,
2413,152083439329030,152083439331616,1790295185133435825,152083439349360,152083439451844,102.484,20.33,sent,1000,
2414,152083444329030,152083444332008,1790295185138436136,152083444350042,152083444455471,105.429,21.012,sent,1000,
2415,152083449329030,152083449330175,1790295185143433662,152083449350113,152083449402753,52.64,21.083,sent,1000,
2416,152083454329030,152083454330076,1790295185148433573,152083454339504,152083454397293,57.789,10.474,sent,1000,
2417,152083459329030,152083459331321,1790295185153435870,152083459349365,152083459457039,107.674,20.335,sent,1000,
2418,152083464329030,152083464331973,1790295185158436162,152083464350097,152083464452692,102.595,21.067,sent,1000,
2419,152083469329030,152083469329980,1790295185163433428,152083469338677,152083469392649,53.972,9.647,sent,1000,
2420,152083474329030,152083474330653,1790295185168434370,152083474340581,152083474398982,58.401,11.551,sent,1000,
2421,152083479329030,152083479331976,1790295185173436215,152083479349078,152083479452314,103.236,20.048,sent,1000,
2422,152083484329030,152083484330594,1790295185178434873,152083484348739,152083484451233,102.494,19.709,sent,1000,
2423,152083489329030,152083489331379,1790295185183435618,152083489349073,152083489453901,104.828,20.043,sent,1000,
2424,152083494329030,152083494331490,1790295185188435589,152083494348593,152083494451958,103.365,19.563,sent,1000,
2425,152083499329030,152083499329798,1790295185193433275,152083499338725,152083499395422,56.697,9.695,sent,1000,
2426,152083504329030,152083504330931,1790295185198435080,152083504348554,152083504454575,106.021,19.524,sent,1000,
2427,152083509329030,152083509332044,1790295185203436363,152083509350148,152083509453013,102.865,21.118,sent,1000,
2428,152083514329030,152083514330694,1790295185208434231,152083514340973,152083514398933,57.96,11.943,sent,1000,
2429,152083519329030,152083519331087,1790295185213435286,152083519349402,152083519453529,104.127,20.372,sent,1000,
2430,152083524329030,152083524331730,1790295185218435938,152083524349854,152083524453270,103.416,20.824,sent,1000,
2431,152083529329030,152083529331731,1790295185223436019,152083529349975,152083529451157,101.182,20.945,sent,1000,
2432,152083534329030,152083534357280,1790295185228460797,152083534366918,152083534426912,59.994,37.888,sent,1000,
2433,152083539329030,152083539331121,1790295185233435260,152083539348053,152083539450487,102.434,19.023,sent,1000,
2434,152083544329030,152083544331563,1790295185238436122,152083544349858,152083544453865,104.007,20.828,sent,1000,
2435,152083549329030,152083549331334,1790295185243435512,152083549349077,152083549452643,103.566,20.047,sent,1000,
2436,152083554329030,152083554330663,1790295185248434862,152083554347265,152083554444038,96.773,18.235,sent,1000,
2437,152083559329030,152083559331195,1790295185253435725,152083559348929,152083559455190,106.261,19.899,sent,1000,
2438,152083564329030,152083564331056,1790295185258435175,152083564347828,152083564447927,100.099,18.798,sent,1000,
2439,152083569329030,152083569331007,1790295185263435246,152083569348811,152083569452738,103.927,19.781,sent,1000,
2440,152083574329030,152083574330989,1790295185268434527,152083574340357,152083574399779,59.422,11.327,sent,1000,
2441,152083579329030,152083579331691,1790295185273435880,152083579350096,152083579454755,104.659,21.066,sent,1000,
2442,152083584329030,152083584330801,1790295185278434949,152083584348995,152083584455236,106.241,19.965,sent,1000,
2443,152083589329030,152083589330621,1790295185283434820,152083589348836,152083589453484,104.648,19.806,sent,1000,
2444,152083594329030,152083594331835,1790295185288436314,152083594350640,152083594459787,109.147,21.61,sent,1000,
2445,152083599329030,152083599331356,1790295185293435555,152083599349551,152083599455070,105.519,20.521,sent,1000,
2446,152083604329030,152083604331037,1790295185298435326,152083604349532,152083604457456,107.924,20.502,sent,1000,
2447,152083609329030,152083609331589,1790295185303435737,152083609349172,152083609445124,95.952,20.142,sent,1000,
2448,152083614329030,152083614331520,1790295185308436009,152083614349664,152083614455945,106.281,20.634,sent,1000,
2449,152083619329030,152083619330228,1790295185313433765,152083619339616,152083619398978,59.362,10.586,sent,1000,
2450,152083624329030,152083624331491,1790295185318435690,152083624349556,152083624456518,106.962,20.526,sent,1000,
2451,152083629329030,152083629332006,1790295185323436124,152083629349859,152083629454568,104.709,20.829,sent,1000,
2452,152083634329030,152083634331035,1790295185328435233,152083634348598,152083634452805,104.207,19.568,sent,1000,
2453,152083639329030,152083639331246,1790295185333435395,152083639349370,152083639457124,107.754,20.34,sent,1000,
2454,152083644329030,152083644332169,1790295185338436307,152083644349612,152083644453278,103.666,20.582,sent,1000,
2455,152083649329030,152083649331328,1790295185343435507,152083649349422,152083649453650,104.228,20.392,sent,1000,
2456,152083654329030,152083654330428,1790295185348434857,152083654348633,152083654459883,111.25,19.603,sent,1000,
2457,152083659329030,152083659331553,1790295185353435662,152083659349107,152083659450539,101.432,20.077,sent,1000,
2458,152083664329030,152083664331464,1790295185358435883,152083664372592,152083664474074,101.482,43.562,sent,1000,
2459,152083669329030,152083669330483,1790295185363434692,152083669347385,152083669452033,104.648,18.355,sent,1000,
2460,152083674329030,152083674331747,1790295185368435985,152083674349681,152083674454750,105.069,20.651,sent,1000,
2461,152083679329030,152083679331327,1790295185373435175,152083679341356,152083679399616,58.26,12.326,sent,1000,
2462,152083684329030,152083684331067,1790295185378435226,152083684349071,152083684453299,104.228,20.041,sent,1000,
2463,152083689329030,152083689331319,1790295185383435477,152083689349593,152083689453570,103.977,20.563,sent,1000,
2464,152083694329030,152083694331620,1790295185388436089,152083694349464,152083694452930,103.466,20.434,sent,1000,
2465,152083699329030,152083699331992,1790295185393436341,152083699350407,152083699458962,108.555,21.377,sent,1000,
2466,152083704329030,152083704331181,1790295185398435360,152083704348464,152083704452972,104.508,19.434,sent,1000,
2467,152083709329030,152083709332046,1790295185403436315,152083709349799,152083709452865,103.066,20.769,sent,1000,
2468,152083714329030,152083714331506,1790295185408435955,152083714349660,152083714453487,103.827,20.63,sent,1000,
2469,152083719329030,152083719331296,1790295185413435445,152083719348639,152083719453418,104.779,19.609,sent,1000,
2470,152083724329030,152083724331007,1790295185418435225,152083724346897,152083724441516,94.619,17.867,sent,1000,
2471,152083729329030,152083729332240,1790295185423436409,152083729350284,152083729453560,103.276,21.254,sent,1000,
2472,152083734329030,152083734330818,1790295185428434997,152083734348362,152083734453431,105.069,19.332,sent,1000,
2473,152083739329030,152083739330730,1790295185433435309,152083739349375,152083739453522,104.147,20.345,sent,1000,
2474,152083744329030,152083744329679,1790295185438432705,152083744333476,152083744357772,24.296,4.446,sent,1000,
2475,152083749329030,152083749329680,1790295185443432696,152083749333116,152083749357482,24.366,4.086,sent,1000,
2476,152083754329030,152083754329500,1790295185448432527,152083754332767,152083754357353,24.586,3.737,sent,1000,
2477,152083759329030,152083759329752,1790295185453432778,152083759333629,152083759358366,24.737,4.599,sent,1000,
2478,152083764329030,152083764330877,1790295185458434615,152083764340014,152083764393125,53.111,10.984,sent,1000,
2479,152083769329030,152083769329675,1790295185463432692,152083769333132,152083769358801,25.669,4.102,sent,1000,
2480,152083774329030,152083774329606,1790295185468432623,152083774332742,152083774356056,23.314,3.712,sent,1000,
2481,152083779329030,152083779331441,1790295185473434968,152083779341169,152083779399690,58.521,12.139,sent,1000,
2482,152083784329030,152083784330921,1790295185478435109,152083784349015,152083784455627,106.612,19.985,sent,1000,
2483,152083789329030,152083789330782,1790295185483435011,152083789348125,152083789445389,97.264,19.095,sent,1000,
2484,152083794329030,152083794331455,1790295185488435764,152083794349009,152083794454098,105.089,19.979,sent,1000,
2485,152083799329030,152083799330935,1790295185493435224,152083799348949,152083799451524,102.575,19.919,sent,1000,
2486,152083804329030,152083804331197,1790295185498435446,152083804348179,152083804452436,104.257,19.149,sent,1000,
2487,152083809329030,152083809331979,1790295185503436168,152083809349593,152083809447368,97.775,20.563,sent,1000,
2488,152083814329030,152083814331409,1790295185508436530,152083814350245,152083814454663,104.418,21.215,sent,1000,
2489,152083819329030,152083819330710,1790295185513434999,152083819348534,152083819453703,105.169,19.504,sent,1000,
2490,152083824329030,152083824331483,1790295185518435672,152083824349156,152083824453123,103.967,20.126,sent,1000,
2491,152083829329030,152083829331414,1790295185523435933,152083829349438,152083829448626,99.188,20.408,sent,1000,
2492,152083834329030,152083834331184,1790295185528435543,152083834349649,152083834452705,103.056,20.619,sent,1000,
2493,152083839329030,152083839331125,1790295185533435314,152083839349029,152083839453788,104.759,19.999,sent,1000,
2494,152083844329030,152083844331697,1790295185538435916,152083844349201,152083844453408,104.207,20.171,sent,1000,
2495,152083849329030,152083849331500,1790295185543435639,152083849349544,152083849455795,106.251,20.514,sent,1000,
2496,152083854329030,152083854330509,1790295185548434708,152083854347171,152083854443754,96.583,18.141,sent,1000,
2497,152083859329030,152083859330680,1790295185553435380,152083859349636,152083859463652,114.016,20.606,sent,1000,
2498,152083864329030,152083864330932,1790295185558434379,152083864339268,152083864392268,53.0,10.238,sent,1000,
2499,152083869329030,152083869329721,1790295185563432747,152083869333137,152083869357854,24.717,4.107,sent,1000,
2500,152083874329030,152083874330785,1790295185568434322,152083874352926,152083874411327,58.401,23.896,sent,1000,
2501,152083879329030,152083879331117,1790295185573435626,152083879348199,152083879451154,102.955,19.169,sent,1000,
2502,152083884329030,152083884331258,1790295185578435417,152083884348591,152083884453299,104.708,19.561,sent,1000,
2503,152083889329030,152083889330979,1790295185583435187,152083889348752,152083889450345,101.593,19.722,sent,1000,
2504,152083894329030,152083894331470,1790295185588435639,152083894349495,152083894453642,104.147,20.465,sent,1000,
2505,152083899329030,152083899331902,1790295185593436161,152083899350147,152083899454204,104.057,21.117,sent,1000,
2506,152083904329030,152083904330923,1790295185598435212,152083904349027,152083904454307,105.28,19.997,sent,1000,
2507,152083909329030,152083909331595,1790295185603436495,152083909349630,152083909449529,99.899,20.6,sent,1000,
2508,152083914329030,152083914332438,1790295185608436667,152083914349881,152083914452886,103.005,20.851,sent,1000,
2509,152083919329030,152083919330475,1790295185613434604,152083919347778,152083919450092,102.314,18.748,sent,1000,
2510,152083924329030,152083924331378,1790295185618435657,152083924349663,152083924453419,103.756,20.633,sent,1000,
2511,152083929329030,152083929331581,1790295185623435750,152083929348824,152083929407876,59.052,19.794,sent,1000,
2512,152083934329030,152083934331592,1790295185628435751,152083934349927,152083934457010,107.083,20.897,sent,1000,
2513,152083939329030,152083939330872,1790295185633435130,152083939348856,152083939457852,108.996,19.826,sent,1000,
2514,152083944329030,152083944330592,1790295185638434570,152083944340320,152083944399002,58.682,11.29,sent,1000,
2515,152083949329030,152083949331194,1790295185643435653,152083949347856,152083949445811,97.955,18.826,sent,1000,
2516,152083954329030,152083954330385,1790295185648434022,152083954340474,152083954399956,59.482,11.444,sent,1000,
2517,152083959329030,152083959331568,1790295185653435777,152083959349472,152083959451856,102.384,20.442,sent,1000,
2518,152083964329030,152083964330467,1790295185658434676,152083964340566,152083964398887,58.321,11.536,sent,1000,
2519,152083969329030,152083969330058,1790295185663433595,152083969339405,152083969397195,57.79,10.375,sent,1000,
2520,152083974329030,152083974330670,1790295185668434227,152083974339937,152083974398188,58.251,10.907,sent,1000,
2521,152083979329030,152083979332073,1790295185673436242,152083979349336,152083979456098,106.762,20.306,sent,1000,
2522,152083984329030,152083984331505,1790295185678435724,152083984349309,152083984453216,103.907,20.279,sent,1000,
2523,152083989329030,152083989331095,1790295185683435304,152083989350191,152083989453798,103.607,21.161,sent,1000,
2524,152083994329030,152083994330856,1790295185688434704,152083994340945,152083994398243,57.298,11.915,sent,1000,
2525,152083999329030,152083999331738,1790295185693435877,152083999349492,152083999452687,103.195,20.462,sent,1000,
2526,152084004329030,152084004330918,1790295185698435116,152084004349323,152084004451045,101.722,20.293,sent,1000,
2527,152084009329030,152084009330589,1790295185703434156,152084009340958,152084009400982,60.024,11.928,sent,1000,
2528,152084014329030,152084014330911,1790295185708435300,152084014341562,152084014400323,58.761,12.532,sent,1000,
2529,152084019329030,152084019330221,1790295185713434730,152084019349287,152084019456630,107.343,20.257,sent,1000,
2530,152084024329030,152084024329751,1790295185718432918,152084024335021,152084024364547,29.526,5.991,sent,1000,
2531,152084029329030,152084029329522,1790295185723432548,152084029333058,152084029356232,23.174,4.028,sent,1000,
2532,152084034329030,152084034331066,1790295185728435294,152084034349591,152084034455732,106.141,20.561,sent,1000,
2533,152084039329030,152084039331008,1790295185733435186,152084039349292,152084039454652,105.36,20.262,sent,1000,
2534,152084044329030,152084044331440,1790295185738435558,152084044349083,152084044451167,102.084,20.053,sent,1000,
2535,152084049329030,152084049330940,1790295185743434507,152084049340478,152084049401213,60.735,11.448,sent,1000,
2536,152084054329030,152084054330250,1790295185748433767,152084054339407,152084054396996,57.589,10.377,sent,1000,
2537,152084059329030,152084059331273,1790295185753435511,152084059349166,152084059455067,105.901,20.136,sent,1000,
2538,152084064329030,152084064331815,1790295185758436264,152084064350099,152084064452664,102.565,21.069,sent,1000,
2539,152084069329030,152084069330114,1790295185763433571,152084069338911,152084069393344,54.433,9.881,sent,1000,
2540,152084074329030,152084074330516,1790295185768434063,152084074340435,152084074399807,59.372,11.405,sent,1000,
2541,152084079329030,152084079332040,1790295185773436308,152084079349944,152084079454101,104.157,20.914,sent,1000,
2542,152084084329030,152084084331279,1790295185778435508,152084084349474,152084084453861,104.387,20.444,sent,1000,
2543,152084089329030,152084089330058,1790295185783433565,152084089338864,152084089393037,54.173,9.834,sent,1000,
2544,152084094329030,152084094331793,1790295185788435932,152084094349977,152084094454976,104.999,20.947,sent,1000,
2545,152084099329030,152084099330873,1790295185793435172,152084099349198,152084099456671,107.473,20.168,sent,1000,
2546,152084104329030,152084104330974,1790295185798435283,152084104349309,152084104456642,107.333,20.279,sent,1000,
2547,152084109329030,152084109331236,1790295185803435404,152084109349470,152084109453096,103.626,20.44,sent,1000,
2548,152084114329030,152084114332108,1790295185808436267,152084114350393,152084114458688,108.295,21.363,sent,1000,
2549,152084119329030,152084119331027,1790295185813435296,152084119349041,152084119454541,105.5,20.011,sent,1000,
2550,152084124329030,152084124350076,1790295185818454405,152084124368642,152084124475083,106.441,39.612,sent,1000,
2551,152084129329030,152084129331492,1790295185823436623,152084129351500,152084129447041,95.541,22.47,sent,1000,
2552,152084134329030,152084134331213,1790295185828435331,152084134348876,152084134455127,106.251,19.846,sent,1000,
2553,152084139329030,152084139331254,1790295185833435512,152084139349508,152084139454267,104.759,20.478,sent,1000,
2554,152084144329030,152084144331816,1790295185838436165,152084144349800,152084144453015,103.215,20.77,sent,1000,
2555,152084149329030,152084149330705,1790295185843434823,152084149348258,152084149447105,98.847,19.228,sent,1000,
2556,152084154329030,152084154331099,1790295185848435327,152084154349093,152084154453130,104.037,20.063,sent,1000,
2557,152084159329030,152084159331971,1790295185853436200,152084159349775,152084159452730,102.955,20.745,sent,1000,
2558,152084164329030,152084164330399,1790295185858434798,152084164339867,152084164402175,62.308,10.837,sent,1000,
2559,152084169329030,152084169331071,1790295185863435240,152084169348274,152084169447622,99.348,19.244,sent,1000,
2560,152084174329030,152084174331353,1790295185868435562,152084174349177,152084174452282,103.105,20.147,sent,1000,
2561,152084179329030,152084179332107,1790295185873436306,152084179349430,152084179458426,108.996,20.4,sent,1000,
2562,152084184329030,152084184331547,1790295185878435756,152084184349441,152084184451083,101.642,20.411,sent,1000,
2563,152084189329030,152084189330867,1790295185883435065,152084189348921,152084189450894,101.973,19.891,sent,1000,
2564,152084194329030,152084194331799,1790295185888435948,152084194349984,152084194453730,103.746,20.954,sent,1000,
2565,152084199329030,152084199331199,1790295185893434717,152084199340587,152084199399008,58.421,11.557,sent,1000,
2566,152084204329030,152084204330601,1790295185898434819,152084204348655,152084204454225,105.57,19.625,sent,1000,
2567,152084209329030,152084209331343,1790295185903435532,152084209348906,152084209450369,101.463,19.876,sent,1000,
2568,152084214329030,152084214332045,1790295185908436294,152084214349408,152084214453505,104.097,20.378,sent,1000,
2569,152084219329030,152084219330313,1790295185913433810,152084219339561,152084219397330,57.769,10.531,sent,1000,
2570,152084224329030,152084224330284,1790295185918433691,152084224339181,152084224393013,53.832,10.151,sent,1000,
2571,152084229329030,152084229331317,1790295185923435787,152084229349352,152084229452687,103.335,20.322,sent,1000,
2572,152084234329030,152084234330799,1790295185928434356,152084234340257,152084234398617,58.36,11.227,sent,1000,
2573,152084239329030,152084239331090,1790295185933435319,152084239348363,152084239453602,105.239,19.333,sent,1000,
2574,152084244329030,152084244331622,1790295185938435851,152084244349716,152084244451960,102.244,20.686,sent,1000,
2575,152084249329030,152084249331964,1790295185943436172,152084249349106,152084249405082,55.976,20.076,sent,1000,
2576,152084254329030,152084254330522,1790295185948435151,152084254347975,152084254450169,102.194,18.945,sent,1000,
2577,152084259329030,152084259331286,1790295185953435615,152084259348859,152084259451103,102.244,19.829,sent,1000,
2578,152084264329030,152084264331858,1790295185958436327,152084264350223,152084264457516,107.293,21.193,sent,1000,
2579,152084269329030,152084269331168,1790295185963435457,152084269348982,152084269451726,102.744,19.952,sent,1000,
2580,152084274329030,152084274331439,1790295185968435628,152084274349814,152084274455304,105.49,20.784,sent,1000,
2581,152084279329030,152084279331250,1790295185973436230,152084279348823,152084279451458,102.635,19.793,sent,1000,
2582,152084284329030,152084284331572,1790295185978435780,152084284349285,152084284453583,104.298,20.255,sent,1000,
2583,152084289329030,152084289330683,1790295185983434821,152084289347334,152084289446923,99.589,18.304,sent,1000,
2584,152084294329030,152084294331615,1790295185988435904,152084294349379,152084294455159,105.78,20.349,sent,1000,
2585,152084299329030,152084299331977,1790295185993436216,152084299371161,152084299473886,102.725,42.131,sent,1000,
2586,152084304329030,152084304330926,1790295185998435095,152084304348980,152084304453147,104.167,19.95,sent,1000,
2587,152084309329030,152084309330937,1790295186003435827,152084309348731,152084309450163,101.432,19.701,sent,1000,
2588,152084314329030,152084314331639,1790295186008435828,152084314348942,152084314452629,103.687,19.912,sent,1000,
2589,152084319329030,152084319331362,1790295186013435500,152084319350147,152084319454605,104.458,21.117,sent,1000,
2590,152084324329030,152084324331192,1790295186018435421,152084324348976,152084324452993,104.017,19.946,sent,1000,
2591,152084329329030,152084329332055,1790295186023436284,152084329350219,152084329454878,104.659,21.189,sent,1000,
2592,152084334329030,152084334331535,1790295186028435984,152084334349309,152084334452314,103.005,20.279,sent,1000,
2593,152084339329030,152084339330795,1790295186033434953,152084339348077,152084339453217,105.14,19.047,sent,1000,
2594,152084344329030,152084344331787,1790295186038435956,152084344348920,152084344453468,104.548,19.89,sent,1000,
2595,152084349329030,152084349331177,1790295186043435717,152084349348560,152084349444813,96.253,19.53,sent,1000,
2596,152084354329030,152084354330166,1790295186048433704,152084354339464,152084354390771,51.307,10.434,sent,1000,
2597,152084359329030,152084359329366,1790295186053432242,152084359331450,152084359346528,15.078,2.42,sent,1000,
2598,152084364329030,152084364329708,1790295186058432944,152084364333505,152084364358723,25.218,4.475,sent,1000,
2599,152084369329030,152084369331293,1790295186063435492,152084369349317,152084369453705,104.388,20.287,sent,1000,
2600,152084374329030,152084374330483,1790295186068434030,152084374340041,152084374399483,59.442,11.011,sent,1000,
2601,152084379329030,152084379331095,1790295186073435724,152084379348808,152084379449840,101.032,19.778,sent,1000,
2602,152084384329030,152084384331717,1790295186078435855,152084384349040,152084384452776,103.736,20.01,sent,1000,
2603,152084389329030,152084389331167,1790295186083435325,152084389349041,152084389452416,103.375,20.011,sent,1000,
2604,152084394329030,152084394331730,1790295186088435898,152084394349103,152084394456135,107.032,20.073,sent,1000,
2605,152084399329030,152084399331532,1790295186093436062,152084399349667,152084399454535,104.868,20.637,sent,1000,
2606,152084404329030,152084404330752,1790295186098434941,152084404349037,152084404453184,104.147,20.007,sent,1000,
2607,152084409329030,152084409331124,1790295186103435463,152084409349358,152084409451482,102.124,20.328,sent,1000,
2608,152084414329030,152084414331646,1790295186108435814,152084414349339,152084414452795,103.456,20.309,sent,1000,
2609,152084419329030,152084419331306,1790295186113435464,152084419349440,152084419453397,103.957,20.41,sent,1000,
2610,152084424329030,152084424330305,1790295186118433802,152084424339953,152084424398384,58.431,10.923,sent,1000,
2611,152084429329030,152084429331859,1790295186123436057,152084429349442,152084429454521,105.079,20.412,sent,1000,
2612,152084434329030,152084434332160,1790295186128436319,152084434350255,152084434455133,104.878,21.225,sent,1000,
2613,152084439329030,152084439331019,1790295186133435178,152084439348242,152084439451147,102.905,19.212,sent,1000,
2614,152084444329030,152084444331341,1790295186138435550,152084444349094,152084444452841,103.747,20.064,sent,1000,
2615,152084449329030,152084449332105,1790295186143436284,152084449350119,152084449453224,103.105,21.089,sent,1000,
2616,152084454329030,152084454330102,1790295186148433579,152084454338809,152084454391518,52.709,9.779,sent,1000,
2617,152084459329030,152084459331015,1790295186153435253,152084459349319,152084459454068,104.749,20.289,sent,1000,
2618,152084464329030,152084464332178,1790295186158436387,152084464349340,152084464454710,105.37,20.31,sent,1000,
2619,152084469329030,152084469331367,1790295186163435556,152084469349442,152084469454250,104.808,20.412,sent,1000,
2620,152084474329030,152084474331358,1790295186168435547,152084474349312,152084474453209,103.897,20.282,sent,1000,
2621,152084479329030,152084479331502,1790295186173435720,152084479348794,152084479452681,103.887,19.764,sent,1000,
2622,152084484329030,152084484332014,1790295186178436182,152084484350058,152084484453053,102.995,21.028,sent,1000,
2623,152084489329030,152084489330772,1790295186183434911,152084489349428,152084489453605,104.177,20.398,sent,1000,
2624,152084494329030,152084494331665,1790295186188435874,152084494349418,152084494452894,103.476,20.388,sent,1000,
2625,152084499329030,152084499331986,1790295186193436125,152084499349950,152084499456292,106.342,20.92,sent,1000,
2626,152084504329030,152084504331016,1790295186198435234,152084504349190,152084504408913,59.723,20.16,sent,1000,
2627,152084509329030,152084509331287,1790295186203435466,152084509348339,152084509452637,104.298,19.309,sent,1000,
2628,152084514329030,152084514330567,1790295186208434805,152084514353590,152084514411640,58.05,24.56,sent,1000,
2629,152084519329030,152084519331620,1790295186213435768,152084519349844,152084519453691,103.847,20.814,sent,1000,
2630,152084524329030,152084524330799,1790295186218435218,152084524349044,152084524452369,103.325,20.014,sent,1000,
2631,152084529329030,152084529331323,1790295186223436123,152084529349898,152084529455078,105.18,20.868,sent,1000,
2632,152084534329030,152084534331114,1790295186228436324,152084534350200,152084534454387,104.187,21.17,sent,1000,
2633,152084539329030,152084539330734,1790295186233435063,152084539348628,152084539452996,104.368,19.598,sent,1000,
2634,152084544329030,152084544331697,1790295186238435905,152084544349641,152084544453497,103.856,20.611,sent,1000,
2635,152084549329030,152084549331477,1790295186243436007,152084549350263,152084549452567,102.304,21.233,sent,1000,
2636,152084554329030,152084554331418,1790295186248435958,152084554349713,152084554456255,106.542,20.683,sent,1000,
2637,152084559329030,152084559330559,1790295186253434086,152084559340187,152084559399529,59.342,11.157,sent,1000,
2638,152084564329030,152084564330840,1790295186258434939,152084564341060,152084564400152,59.092,12.03,sent,1000,
2639,152084569329030,152084569331553,1790295186263435771,152084569349567,152084569454415,104.848,20.537,sent,1000,
2640,152084574329030,152084574331053,1790295186268435271,152084574348355,152084574450499,102.144,19.325,sent,1000,
2641,152084579329030,152084579330423,1790295186273434571,152084579347826,152084579449097,101.271,18.796,sent,1000,
2642,152084584329030,152084584331468,1790295186278436217,152084584349171,152084584455022,105.851,20.141,sent,1000,
2643,152084589329030,152084589331098,1790295186283435347,152084589349182,152084589452047,102.865,20.152,sent,1000,
2644,152084594329030,152084594331369,1790295186288435588,152084594349384,152084594453621,104.237,20.354,sent,1000,
2645,152084599329030,152084599331771,1790295186293435950,152084599349495,152084599452881,103.386,20.465,sent,1000,
2646,152084604329030,152084604330881,1790295186298435029,152084604348794,152084604453302,104.508,19.764,sent,1000,
2647,152084609329030,152084609331324,1790295186303435523,152084609349679,152084609455560,105.881,20.649,sent,1000,
2648,152084614329030,152084614331386,1790295186308436135,152084614350151,152084614457354,107.203,21.121,sent,1000,
2649,152084619329030,152084619331537,1790295186313435715,152084619349381,152084619453388,104.007,20.351,sent,1000,
2650,152084624329030,152084624330255,1790295186318433833,152084624339613,152084624398655,59.042,10.583,sent,1000,
2651,152084629329030,152084629331719,1790295186323436008,152084629349473,152084629453991,104.518,20.443,sent,1000,
2652,152084634329030,152084634331521,1790295186328435699,152084634349765,152084634456367,106.602,20.735,sent,1000,
2653,152084639329030,152084639330842,1790295186333435111,152084639348626,152084639456220,107.594,19.596,sent,1000,
2654,152084644329030,152084644331104,1790295186338435303,152084644349419,152084644456171,106.752,20.389,sent,1000,
2655,152084649329030,152084649331676,1790295186343436115,152084649348959,152084649446463,97.504,19.929,sent,1000,
2656,152084654329030,152084654347667,1790295186348452066,152084654365230,152084654463977,98.747,36.2,sent,1000,
2657,152084659329030,152084659331277,1790295186353435436,152084659349512,152084659453489,103.977,20.482,sent,1000,
2658,152084664329030,152084664331869,1790295186358436218,152084664350244,152084664457187,106.943,21.214,sent,1000,
2659,152084669329030,152084669331129,1790295186363435388,152084669348892,152084669457398,108.506,19.862,sent,1000,
2660,152084674329030,152084674330959,1790295186368435148,152084674348002,152084674452560,104.558,18.972,sent,1000,
2661,152084679329030,152084679331571,1790295186373436071,152084679350167,152084679456087,105.92,21.137,sent,1000,
2662,152084684329030,152084684331783,1790295186378436292,152084684350398,152084684454826,104.428,21.368,sent,1000,
2663,152084689329030,152084689331065,1790295186383435173,152084689349129,152084689452445,103.316,20.099,sent,1000,
2664,152084694329030,152084694331146,1790295186388435575,152084694349150,152084694453578,104.428,20.12,sent,1000,
2665,152084699329030,152084699331578,1790295186393436047,152084699349231,152084699453428,104.197,20.201,sent,1000,
2666,152084704329030,152084704331238,1790295186398435477,152084704349322,152084704454000,104.678,20.292,sent,1000,
2667,152084709329030,152084709331419,1790295186403435588,152084709349373,152084709453340,103.967,20.343,sent,1000,
2668,152084714329030,152084714331561,1790295186408436140,152084714349585,152084714452991,103.406,20.555,sent,1000,
2669,152084719329030,152084719331243,1790295186413435762,152084719349578,152084719453765,104.187,20.548,sent,1000,
2670,152084724329030,152084724330653,1790295186418434892,152084724370969,152084724475187,104.218,41.939,sent,1000,
2671,152084729329030,152084729331626,1790295186423436095,152084729349700,152084729455651,105.951,20.67,sent,1000,
2672,152084734329030,152084734331767,1790295186428436236,152084734349981,152084734453558,103.577,20.951,sent,1000,
2673,152084739329030,152084739330636,1790295186433435005,152084739347999,152084739445674,97.675,18.969,sent,1000,
2674,152084744329030,152084744329474,1790295186438432491,152084744333292,152084744358449,25.157,4.262,sent,1000,
2675,152084749329030,152084749329656,1790295186443432672,152084749333343,152084749357619,24.276,4.313,sent,1000,
2676,152084754329030,152084754330599,1790295186448434276,152084754340006,152084754399499,59.493,10.976,sent,1000,
2677,152084759329030,152084759331120,1790295186453435309,152084759348724,152084759452210,103.486,19.694,sent,1000,
2678,152084764329030,152084764330871,1790295186458435461,152084764349807,152084764456289,106.482,20.777,sent,1000,
2679,152084769329030,152084769331425,1790295186463436044,152084769348758,152084769448146,99.388,19.728,sent,1000,
2680,152084774329030,152084774330284,1790295186468433821,152084774340092,152084774399455,59.363,11.062,sent,1000,
2681,152084779329030,152084779330765,1790295186473434894,152084779347657,152084779447406,99.749,18.627,sent,1000,
2682,152084784329030,152084784330616,1790295186478434745,152084784346907,152084784441466,94.559,17.877,sent,1000,
2683,152084789329030,152084789330898,1790295186483435126,152084789348962,152084789451436,102.474,19.932,sent,1000,
2684,152084794329030,152084794331270,1790295186488435489,152084794349485,152084794452881,103.396,20.455,sent,1000,
2685,152084799329030,152084799331142,1790295186493435020,152084799340870,152084799400012,59.142,11.84,sent,1000,
2686,152084804329030,152084804331213,1790295186498435442,152084804348766,152084804451912,103.146,19.736,sent,1000,
2687,152084809329030,152084809330853,1790295186503435102,152084809346583,152084809438507,91.924,17.553,sent,1000,
2688,152084814329030,152084814330944,1790295186508434672,152084814340983,152084814399725,58.742,11.953,sent,1000,
2689,152084819329030,152084819331707,1790295186513435915,152084819348218,152084819451694,103.476,19.188,sent,1000,
2690,152084824329030,152084824330738,1790295186518434886,152084824348541,152084824452268,103.727,19.511,sent,1000,
2691,152084829329030,152084829331350,1790295186523436130,152084829349925,152084829454573,104.648,20.895,sent,1000,
2692,152084834329030,152084834331942,1790295186528436181,152084834349695,152084834453332,103.637,20.665,sent,1000,
2693,152084839329030,152084839330821,1790295186533434989,152084839348785,152084839452291,103.506,19.755,sent,1000,
2694,152084844329030,152084844331473,1790295186538435732,152084844348636,152084844452683,104.047,19.606,sent,1000,
2695,152084849329030,152084849331606,1790295186543436065,152084849349099,152084849454008,104.909,20.069,sent,1000,
2696,152084854329030,152084854331517,1790295186548435616,152084854349551,152084854452727,103.176,20.521,sent,1000,
2697,152084859329030,152084859331398,1790295186553435546,152084859349382,152084859452758,103.376,20.352,sent,1000,
2698,152084864329030,152084864330267,1790295186558433664,152084864338953,152084864393717,54.764,9.923,sent,1000,
2699,152084869329030,152084869329747,1790295186563432753,152084869333424,152084869358621,25.197,4.394,sent,1000,
2700,152084874329030,152084874329568,1790295186568432595,152084874332895,152084874355968,23.073,3.865,sent,1000,
2701,152084879329030,152084879329670,1790295186573432697,152084879332886,152084879359286,26.4,3.856,sent,1000,
2702,152084884329030,152084884329751,1790295186578432768,152084884332887,152084884358295,25.408,3.857,sent,1000,
2703,152084889329030,152084889329632,1790295186583432659,152084889332928,152084889356693,23.765,3.898,sent,1000,
2704,152084894329030,152084894331386,1790295186588435675,152084894349270,152084894454730,105.46,20.24,sent,1000,
2705,152084899329030,152084899331798,1790295186593436267,152084899350494,152084899454410,103.916,21.464,sent,1000,
2706,152084904329030,152084904331059,1790295186598435198,152084904348082,152084904446458,98.376,19.052,sent,1000,
2707,152084909329030,152084909331481,1790295186603435780,152084909349315,152084909452510,103.195,20.285,sent,1000,
2708,152084914329030,152084914330791,1790295186608434819,152084914340800,152084914399391,58.591,11.77,sent,1000,
2709,152084919329030,152084919332215,1790295186613436433,152084919349648,152084919456700,107.052,20.618,sent,1000,
2710,152084924329030,152084924330522,1790295186618434691,152084924347965,152084924450670,102.705,18.935,sent,1000,
2711,152084929329030,152084929331447,1790295186623435636,152084929348900,152084929454199,105.299,19.87,sent,1000,
2712,152084934329030,152084934331879,1790295186628436077,152084934350163,152084934454301,104.138,21.133,sent,1000,
2713,152084939329030,152084939330968,1790295186633435217,152084939349553,152084939453350,103.797,20.523,sent,1000,
2714,152084944329030,152084944330688,1790295186638434196,152084944340106,152084944399048,58.942,11.076,sent,1000,
2715,152084949329030,152084949331561,1790295186643435970,152084949348743,152084949449955,101.212,19.713,sent,1000,
2716,152084954329030,152084954330751,1790295186648434279,152084954339869,152084954399852,59.983,10.839,sent,1000,
2717,152084959329030,152084959448196,1790295186653552695,152084959466831,152084959571589,104.758,137.801,sent,1000,
2718,152084964329030,152084964331055,1790295186658434572,152084964339751,152084964391559,51.808,10.721,sent,1000,
2719,152084969329030,152084969331386,1790295186663436136,152084969349781,152084969454479,104.698,20.751,sent,1000,
2720,152084974329030,152084974329924,1790295186668433452,152084974339402,152084974398504,59.102,10.372,sent,1000,
2721,152084979329030,152084979331619,1790295186673435797,152084979349623,152084979453199,103.576,20.593,sent,1000,
2722,152084984329030,152084984330559,1790295186678435099,152084984341240,152084984400061,58.821,12.21,sent,1000,
2723,152084989329030,152084989330660,1790295186683434789,152084989347693,152084989445668,97.975,18.663,sent,1000,
2724,152084994329030,152084994330561,1790295186688434449,152084994340340,152084994398400,58.06,11.31,sent,1000,
2725,152084999329030,152084999331524,1790295186693435713,152084999349518,152084999455729,106.211,20.488,sent,1000,
2726,152085004329030,152085004330463,1790295186698434011,152085004339891,152085004398071,58.18,10.861,sent,1000,
2727,152085009329030,152085009331077,1790295186703435236,152085009348941,152085009451055,102.114,19.911,sent,1000,
2728,152085014329030,152085014330517,1790295186708435037,152085014341067,152085014399698,58.631,12.037,sent,1000,
2729,152085019329030,152085019332051,1790295186713436290,152085019349685,152085019454443,104.758,20.655,sent,1000,
2730,152085024329030,152085024329738,1790295186718432904,152085024333605,152085024358572,24.967,4.575,sent,1000,
2731,152085029329030,152085029329338,1790295186723432525,152085029332354,152085029350217,17.863,3.324,sent,1000,
2732,152085034329030,152085034529309,1790295186728633958,152085034547984,152085034655508,107.524,218.954,sent,1000,
2733,152085039329030,152085039331385,1790295186733435654,152085039349640,152085039454539,104.899,20.61,sent,1000,
2734,152085044329030,152085044331206,1790295186738435355,152085044348539,152085044451734,103.195,19.509,sent,1000,
2735,152085049329030,152085049330145,1790295186743434694,152085049341186,152085049399106,57.92,12.156,sent,1000,
2736,152085054329030,152085054330717,1790295186748434635,152085054340896,152085054399537,58.641,11.866,sent,1000,
2737,152085059329030,152085059330027,1790295186753433554,152085059338884,152085059391423,52.539,9.854,sent,1000,
2738,152085064329030,152085064331061,1790295186758435300,152085064341070,152085064398720,57.65,12.04,sent,1000,
2739,152085069329030,152085069329670,1790295186763432696,152085069333096,152085069356461,23.365,4.066,sent,1000,
2740,152085074329030,152085074329951,1790295186768433489,152085074339710,152085074401036,61.326,10.68,sent,1000,
2741,152085079329030,152085079331225,1790295186773435804,152085079349620,152085079452625,103.005,20.59,sent,1000,
2742,152085084329030,152085084510104,1790295186778614383,152085084529261,152085084631244,101.983,200.231,sent,1000,
2743,152085089329030,152085089331208,1790295186783435337,152085089347509,152085089445134,97.625,18.479,sent,1000,
2744,152085094329030,152085094331169,1790295186788435348,152085094348472,152085094453110,104.638,19.442,sent,1000,
2745,152085099329030,152085099332252,1790295186793436431,152085099350206,152085099456247,106.041,21.176,sent,1000,
2746,152085104329030,152085104331502,1790295186798435670,152085104348163,152085104448634,100.471,19.133,sent,1000,
2747,152085109329030,152085109330421,1790295186803433948,152085109339899,152085109399451,59.552,10.869,sent,1000,
2748,152085114329030,152085114331574,1790295186808435682,152085114349257,152085114453495,104.238,20.227,sent,1000,
2749,152085119329030,152085119329983,1790295186813433511,152085119339201,152085119390859,51.658,10.171,sent,1000,
2750,152085124329030,152085124330475,1790295186818434724,152085124348730,152085124453719,104.989,19.7,sent,1000,
2751,152085129329030,152085129331017,1790295186823434725,152085129340786,152085129390871,50.085,11.756,sent,1000,
2752,152085134329030,152085134330758,1790295186828434936,152085134341168,152085134401933,60.765,12.138,sent,1000,
2753,152085139329030,152085139330669,1790295186833434246,152085139340197,152085139399820,59.623,11.167,sent,1000,
2754,152085144329030,152085144331172,1790295186838435391,152085144349257,152085144456490,107.233,20.227,sent,1000,
2755,152085149329030,152085149330602,1790295186843434120,152085149352694,152085149412828,60.134,23.664,sent,1000,
2756,152085154329030,152085154329992,1790295186848433540,152085154339390,152085154391529,52.139,10.36,sent,1000,
2757,152085159329030,152085159330714,1790295186853434823,152085159348418,152085159449940,101.522,19.388,sent,1000,
2758,152085164329030,152085164331216,1790295186858436066,152085164348810,152085164444842,96.032,19.78,sent,1000,
2759,152085169329030,152085169330939,1790295186863434486,152085169339735,152085169393758,54.023,10.705,sent,1000,
2760,152085174329030,152085174339536,1790295186868443765,152085174357169,152085174465294,108.125,28.139,sent,1000,
2761,152085179329030,152085179332013,1790295186873436191,152085179349486,152085179454675,105.189,20.456,sent,1000,
2762,152085184329030,152085184331442,1790295186878435992,152085184348815,152085184432404,83.589,19.785,sent,1000,
2763,152085189329030,152085189331373,1790295186883435572,152085189349568,152085189455118,105.55,20.538,sent,1000,
2764,152085194329030,152085194331394,1790295186888435593,152085194349308,152085194459217,109.909,20.278,sent,1000,
2765,152085199329030,152085199332077,1790295186893436396,152085199350102,152085199452806,102.704,21.072,sent,1000,
2766,152085204329030,152085204331618,1790295186898435866,152085204349421,152085204452987,103.566,20.391,sent,1000,
2767,152085209329030,152085209330747,1790295186903434966,152085209348050,152085209452868,104.818,19.02,sent,1000,
2768,152085214329030,152085214332211,1790295186908436419,152085214350375,152085214454803,104.428,21.345,sent,1000,
2769,152085219329030,152085219331991,1790295186913436450,152085219350146,152085219456347,106.201,21.116,sent,1000,
2770,152085224329030,152085224330331,1790295186918433849,152085224339549,152085224402127,62.578,10.519,sent,1000,
2771,152085229329030,152085229331013,1790295186923434571,152085229340802,152085229400275,59.473,11.772,sent,1000,
2772,152085234329030,152085234331686,1790295186928435784,152085234349890,152085234454138,104.248,20.86,sent,1000,
2773,152085239329030,152085239330665,1790295186933434172,152085239340353,152085239398663,58.31,11.323,sent,1000,
2774,152085244329030,152085244331147,1790295186938435345,152085244349101,152085244452256,103.155,20.071,sent,1000,
2775,152085249329030,152085249330729,1790295186943434908,152085249348493,152085249452379,103.886,19.463,sent,1000,
2776,152085254329030,152085254331521,1790295186948436221,152085254349195,152085254454043,104.848,20.165,sent,1000,
2777,152085259329030,152085259330240,1790295186953434549,152085259348254,152085259452972,104.718,19.224,sent,1000,
2778,152085264329030,152085264331313,1790295186958436283,152085264348586,152085264450619,102.033,19.556,sent,1000,
2779,152085269329030,152085269331945,1790295186963436134,152085269349929,152085269453365,103.436,20.899,sent,1000,
2780,152085274329030,152085274331296,1790295186968435615,152085274349160,152085274452505,103.345,20.13,sent,1000,
2781,152085279329030,152085279330646,1790295186973435226,152085279341006,152085279399136,58.13,11.976,sent,1000,
2782,152085284329030,152085284331529,1790295186978435688,152085284349814,152085284452819,103.005,20.784,sent,1000,
2783,152085289329030,152085289331370,1790295186983435518,152085289349374,152085289454072,104.698,20.344,sent,1000,
2784,152085294329030,152085294331481,1790295186988435720,152085294349595,152085294455526,105.931,20.565,sent,1000,
2785,152085299329030,152085299331332,1790295186993436111,152085299348785,152085299453743,104.958,19.755,sent,1000,
2786,152085304329030,152085304330243,1790295186998434431,152085304348487,152085304446934,98.447,19.457,sent,1000,
2787,152085309329030,152085309330955,1790295187003435184,152085309349360,152085309452655,103.295,20.33,sent,1000,
2788,152085314329030,152085314331807,1790295187008435916,152085314349471,152085314455331,105.86,20.441,sent,1000,
2789,152085319329030,152085319332019,1790295187013436177,152085319350223,152085319457907,107.684,21.193,sent,1000,
2790,152085324329030,152085324330818,1790295187018434966,152085324348030,152085324452097,104.067,19.0,sent,1000,
2791,152085329329030,152085329332153,1790295187023436332,152085329350217,152085329455657,105.44,21.187,sent,1000,
2792,152085334329030,152085334332244,1790295187028436403,152085334350268,152085334453374,103.106,21.238,sent,1000,
2793,152085339329030,152085339331314,1790295187033435502,152085339349047,152085339453535,104.488,20.017,sent,1000,
2794,152085344329030,152085344331074,1790295187038435373,152085344348808,152085344452965,104.157,19.778,sent,1000,
2795,152085349329030,152085349331496,1790295187043435925,152085349348929,152085349447786,98.857,19.899,sent,1000,
2796,152085354329030,152085354330406,1790295187048434624,152085354346987,152085354440845,93.858,17.957,sent,1000,
2797,152085359329030,152085359329956,1790295187053434346,152085359340927,152085359384119,43.192,11.897,sent,1000,
2798,152085364329030,152085364331460,1790295187058435829,152085364389610,152085364489660,100.05,60.58,sent,1000,
2799,152085369329030,152085369329678,1790295187063432694,152085369333435,152085369358773,25.338,4.405,sent,1000,
2800,152085374329030,152085374330310,1790295187068433797,152085374339477,152085374398629,59.152,10.447,sent,1000,
2801,152085379329030,152085379331415,1790295187073435974,152085379348878,152085379451282,102.404,19.848,sent,1000,
2802,152085384329030,152085384330224,1790295187078434713,152085384349149,152085384454880,105.731,20.119,sent,1000,
2803,152085389329030,152085389331777,1790295187083435966,152085389349100,152085389452887,103.787,20.07,sent,1000,
2804,152085394329030,152085394330867,1790295187088435055,152085394347789,152085394453479,105.69,18.759,sent,1000,
2805,152085399329030,152085399331639,1790295187093435878,152085399349423,152085399454582,105.159,20.393,sent,1000,
2806,152085404329030,152085404331580,1790295187098435809,152085404348693,152085404452289,103.596,19.663,sent,1000,
2807,152085409329030,152085409330902,1790295187103435141,152085409348495,152085409450298,101.803,19.465,sent,1000,
2808,152085414329030,152085414332326,1790295187108436494,152085414349708,152085414452924,103.216,20.678,sent,1000,
2809,152085419329030,152085419331866,1790295187113436074,152085419348868,152085419456171,107.303,19.838,sent,1000,
2810,152085424329030,152085424330684,1790295187118434843,152085424348258,152085424451593,103.335,19.228,sent,1000,
2811,152085429329030,152085429332359,1790295187123436578,152085429350313,152085429452397,102.084,21.283,sent,1000,
2812,152085434329030,152085434331851,1790295187128436280,152085434349805,152085434454563,104.758,20.775,sent,1000,
2813,152085439329030,152085439330600,1790295187133435089,152085439349235,152085439454114,104.879,20.205,sent,1000,
2814,152085444329030,152085444330891,1790295187138435110,152085444349376,152085444453002,103.626,20.346,sent,1000,
2815,152085449329030,152085449330521,1790295187143434670,152085449346321,152085449443245,96.924,17.291,sent,1000,
2816,152085454329030,152085454330873,1790295187148434521,152085454340621,152085454398722,58.101,11.591,sent,1000,
2817,152085459329030,152085459330595,1790295187153434774,152085459347948,152085459447486,99.538,18.918,sent,1000,
2818,152085464329030,152085464332019,1790295187158436228,152085464350163,152085464453178,103.015,21.133,sent,1000,
2819,152085469329030,152085469331529,1790295187163436048,152085469349413,152085469454853,105.44,20.383,sent,1000,
2820,152085474329030,152085474331350,1790295187168435498,152085474348923,152085474451437,102.514,19.893,sent,1000,
2821,152085479329030,152085479331812,1790295187173436281,152085479349936,152085479452370,102.434,20.906,sent,1000,
2822,152085484329030,152085484331855,1790295187178436314,152085484348967,152085484453505,104.538,19.937,sent,1000,
2823,152085489329030,152085489331795,1790295187183435994,152085489349138,152085489454167,105.029,20.108,sent,1000,
2824,152085494329030,152085494330795,1790295187188435003,152085494348668,152085494452575,103.907,19.638,sent,1000,
2825,152085499329030,152085499332038,1790295187193436207,152085499349050,152085499452165,103.115,20.02,sent,1000,
2826,152085504329030,152085504330857,1790295187198434955,152085504348841,152085504446225,97.384,19.811,sent,1000,
2827,152085509329030,152085509330577,1790295187203434716,152085509346898,152085509451156,104.258,17.868,sent,1000,
2828,152085514329030,152085514331572,1790295187208436071,152085514349817,152085514453363,103.546,20.787,sent,1000,
2829,152085519329030,152085519332074,1790295187213436243,152085519350799,152085519454346,103.547,21.769,sent,1000,
2830,152085524329030,152085524331183,1790295187218435382,152085524349448,152085524455068,105.62,20.418,sent,1000,
2831,152085529329030,152085529331134,1790295187223435543,152085529347706,152085529404694,56.988,18.676,sent,1000,
2832,152085534329030,152085534331406,1790295187228435735,152085534349190,152085534454319,105.129,20.16,sent,1000,
2833,152085539329030,152085539329604,1790295187233432631,152085539333461,152085539358248,24.787,4.431,sent,1000,
2834,152085544329030,152085544330878,1790295187238435026,152085544348791,152085544452247,103.456,19.761,sent,1000,
2835,152085549329030,152085549331590,1790295187243436099,152085549349133,152085549452930,103.797,20.103,sent,1000,
2836,152085554329030,152085554330699,1790295187248434878,152085554347932,152085554450336,102.404,18.902,sent,1000,
2837,152085559329030,152085559329899,1790295187253433436,152085559339046,152085559398438,59.392,10.016,sent,1000,
2838,152085564329030,152085564331314,1790295187258435322,152085564349849,152085564454257,104.408,20.819,sent,1000,
2839,152085569329030,152085569329822,1790295187263433360,152085569338629,152085569388844,50.215,9.599,sent,1000,
2840,152085574329030,152085574331146,1790295187268435274,152085574370981,152085574474667,103.686,41.951,sent,1000,
2841,152085579329030,152085579331688,1790295187273436137,152085579349521,152085579452837,103.316,20.491,sent,1000,
2842,152085584329030,152085584331689,1790295187278436198,152085584349262,152085584456495,107.233,20.232,sent,1000,
2843,152085589329030,152085589330930,1790295187283434788,152085589340738,152085589399079,58.341,11.708,sent,1000,
2844,152085594329030,152085594330360,1790295187288433887,152085594339908,152085594398970,59.062,10.878,sent,1000,
2845,152085599329030,152085599331723,1790295187293436193,152085599349317,152085599453103,103.786,20.287,sent,1000,
2846,152085604329030,152085604332005,1790295187298436254,152085604349498,152085604453715,104.217,20.468,sent,1000,
2847,152085609329030,152085609331014,1790295187303435193,152085609348988,152085609451222,102.234,19.958,sent,1000,
2848,152085614329030,152085614331386,1790295187308436196,152085614349440,152085614452946,103.506,20.41,sent,1000,
2849,152085619329030,152085619331990,1790295187313436169,152085619348952,152085619453039,104.087,19.922,sent,1000,
2850,152085624329030,152085624331259,1790295187318435448,152085624349133,152085624410900,61.767,20.103,sent,1000,
2851,152085629329030,152085629330890,1790295187323435780,152085629348784,152085629448022,99.238,19.754,sent,1000,
2852,152085634329030,152085634332213,1790295187328436402,152085634349987,152085634454906,104.919,20.957,sent,1000,
2853,152085639329030,152085639331954,1790295187333436413,152085639349517,152085639452632,103.115,20.487,sent,1000,
2854,152085644329030,152085644330893,1790295187338435061,152085644349057,152085644454898,105.841,20.027,sent,1000,
2855,152085649329030,152085649331775,1790295187343436254,152085649351012,152085649459998,108.986,21.982,sent,1000,
2856,152085654329030,152085654331846,1790295187348436316,152085654350732,152085654459608,108.876,21.702,sent,1000,
2857,152085659329030,152085659330495,1790295187353435255,152085659349721,152085659448278,98.557,20.691,sent,1000,
2858,152085664329030,152085664331449,1790295187358436239,152085664350145,152085664457117,106.972,21.115,sent,1000,
2859,152085669329030,152085669331250,1790295187363435409,152085669349645,152085669454183,104.538,20.615,sent,1000,
2860,152085674329030,152085674331451,1790295187368435590,152085674349055,152085674456588,107.533,20.025,sent,1000,
2861,152085679329030,152085679331202,1790295187373435982,152085679350188,152085679456108,105.92,21.158,sent,1000,
2862,152085684329030,152085684331553,1790295187378436093,152085684350259,152085684457141,106.882,21.229,sent,1000,
2863,152085689329030,152085689332336,1790295187383436485,152085689348467,152085689446312,97.845,19.437,sent,1000,
2864,152085694329030,152085694331027,1790295187388435196,152085694348791,152085694451185,102.394,19.761,sent,1000,
2865,152085699329030,152085699331579,1790295187393436048,152085699350525,152085699454702,104.177,21.495,sent,1000,
2866,152085704329030,152085704332381,1790295187398436851,152085704350686,152085704452599,101.913,21.656,sent,1000,
2867,152085709329030,152085709330860,1790295187403435008,152085709348653,152085709450256,101.603,19.623,sent,1000,
2868,152085714329030,152085714332003,1790295187408436091,152085714349366,152085714453844,104.478,20.336,sent,1000,
2869,152085719329030,152085719332076,1790295187413436345,152085719349850,152085719452544,102.694,20.82,sent,1000,
2870,152085724329030,152085724331326,1790295187418435775,152085724348939,152085724452926,103.987,19.909,sent,1000,
2871,152085729329030,152085729331817,1790295187423436397,152085729350343,152085729453087,102.744,21.313,sent,1000,
2872,152085734329030,152085734332289,1790295187428436488,152085734349432,152085734453118,103.686,20.402,sent,1000,
2873,152085739329030,152085739330477,1790295187433434876,152085739339684,152085739393045,53.361,10.654,sent,1000,
2874,152085744329030,152085744329516,1790295187438432532,152085744333213,152085744358942,25.729,4.183,sent,1000,
2875,152085749329030,152085749329637,1790295187443432654,152085749333304,152085749357149,23.845,4.274,sent,1000,
2876,152085754329030,152085754329718,1790295187448432735,152085754333355,152085754357220,23.865,4.325,sent,1000,
2877,152085759329030,152085759329449,1790295187453432465,152085759332685,152085759356710,24.025,3.655,sent,1000,
2878,152085764329030,152085764329510,1790295187458432546,152085764332726,152085764356982,24.256,3.696,sent,1000,
2879,152085769329030,152085769329743,1790295187463432759,152085769332929,152085769359379,26.45,3.899,sent,1000,
2880,152085774329030,152085774331818,1790295187468436097,152085774349752,152085774454911,105.159,20.722,sent,1000,
2881,152085779329030,152085779331107,1790295187473435797,152085779348731,152085779451596,102.865,19.701,sent,1000,
2882,152085784329030,152085784330487,1790295187478434596,152085784347770,152085784446858,99.088,18.74,sent,1000,
2883,152085789329030,152085789331801,1790295187483436070,152085789349404,152085789453571,104.167,20.374,sent,1000,
2884,152085794329030,152085794330901,1790295187488435100,152085794348594,152085794452812,104.218,19.564,sent,1000,
2885,152085799329030,152085799331635,1790295187493436044,152085799349269,152085799453536,104.267,20.239,sent,1000,
2886,152085804329030,152085804331206,1790295187498435915,152085804350222,152085804454669,104.447,21.192,sent,1000,
2887,152085809329030,152085809330926,1790295187503435185,152085809348910,152085809452917,104.007,19.88,sent,1000,
2888,152085814329030,152085814331879,1790295187508436388,152085814350003,152085814450093,100.09,20.973,sent,1000,
2889,152085819329030,152085819329435,1790295187513432391,152085819332451,152085819351697,19.246,3.421,sent,1000,
2890,152085824329030,152085824330739,1790295187518434617,152085824340778,152085824399038,58.26,11.748,sent,1000,
2891,152085829329030,152085829331882,1790295187523436140,152085829349816,152085829453061,103.245,20.786,sent,1000,
2892,152085834329030,152085834331622,1790295187528436111,152085834350308,152085834452932,102.624,21.278,sent,1000,
2893,152085839329030,152085839330651,1790295187533434760,152085839347273,152085839442323,95.05,18.243,sent,1000,
2894,152085844329030,152085844330873,1790295187538434991,152085844347444,152085844444909,97.465,18.414,sent,1000,
2895,152085849329030,152085849331627,1790295187543435705,152085849348038,152085849447236,99.198,19.008,sent,1000,
2896,152085854329030,152085854331568,1790295187548435736,152085854348229,152085854452497,104.268,19.199,sent,1000,
2897,152085859329030,152085859330657,1790295187553434936,152085859347920,152085859450354,102.434,18.89,sent,1000,
2898,152085864329030,152085864330037,1790295187558433564,152085864340547,152085864385692,45.145,11.517,sent,1000,
2899,152085869329030,152085869329728,1790295187563432754,152085869333946,152085869358723,24.777,4.916,sent,1000,
2900,152085874329030,152085874329550,1790295187568432566,152085874332906,152085874356280,23.374,3.876,sent,1000,
2901,152085879329030,152085879329681,1790295187573432687,152085879333247,152085879357323,24.076,4.217,sent,1000,
2902,152085884329030,152085884329531,1790295187578432548,152085884333058,152085884357705,24.647,4.028,sent,1000,
2903,152085889329030,152085889329733,1790295187583432749,152085889332919,152085889357145,24.226,3.889,sent,1000,
2904,152085894329030,152085894330635,1790295187588434804,152085894348229,152085894452045,103.816,19.199,sent,1000,
2905,152085899329030,152085899331790,1790295187593436289,152085899350365,152085899455244,104.879,21.335,sent,1000,
2906,152085904329030,152085904331290,1790295187598435729,152085904348363,152085904451738,103.375,19.333,sent,1000,
2907,152085909329030,152085909331021,1790295187603435450,152085909348634,152085909446960,98.326,19.604,sent,1000,
2908,152085914329030,152085914331392,1790295187608435080,152085914341131,152085914400093,58.962,12.101,sent,1000,
2909,152085919329030,152085919331443,1790295187613435913,152085919349217,152085919451711,102.494,20.187,sent,1000,
2910,152085924329030,152085924330855,1790295187618435925,152085924349651,152085924455892,106.241,20.621,sent,1000,
2911,152085929329030,152085929331036,1790295187623435506,152085929348399,152085929447437,99.038,19.369,sent,1000,
2912,152085934329030,152085934331568,1790295187628435687,152085934349763,152085934455072,105.309,20.733,sent,1000,
2913,152085939329030,152085939331439,1790295187633435918,152085939349533,152085939451256,101.723,20.503,sent,1000,
2914,152085944329030,152085944330789,1790295187638434978,152085944347971,152085944447239,99.268,18.941,sent,1000,
2915,152085949329030,152085949331762,1790295187643435940,152085949349145,152085949453001,103.856,20.115,sent,1000,
2916,152085954329030,152085954332085,1790295187648436264,152085954350340,152085954453576,103.236,21.31,sent,1000,
2917,152085959329030,152085959330794,1790295187653434862,152085959347295,152085959446814,99.519,18.265,sent,1000,
2918,152085964329030,152085964331857,1790295187658436116,152085964350122,152085964452566,102.444,21.092,sent,1000,
2919,152085969329030,152085969331888,1790295187663436377,152085969349341,152085969454220,104.879,20.311,sent,1000,
2920,152085974329030,152085974331509,1790295187668435598,152085974348311,152085974448090,99.779,19.281,sent,1000,
2921,152085979329030,152085979332012,1790295187673436221,152085979349826,152085979455295,105.469,20.796,sent,1000,
2922,152085984329030,152085984379813,1790295187678484072,152085984398819,152085984504800,105.981,69.789,sent,1000,
2923,152085989329030,152085989331523,1790295187683436022,152085989350008,152085989454436,104.428,20.978,sent,1000,
2924,152085994329030,152085994330973,1790295187688435161,152085994348726,152085994452323,103.597,19.696,sent,1000,
2925,152085999329030,152085999332176,1790295187693436365,152085999372873,152085999479034,106.161,43.843,sent,1000,
2926,152086004329030,152086004331608,1790295187698435786,152086004349532,152086004455813,106.281,20.502,sent,1000,
2927,152086009329030,152086009331559,1790295187703435717,152086009349342,152086009453039,103.697,20.312,sent,1000,
2928,152086014329030,152086014331509,1790295187708435979,152086014349493,152086014454693,105.2,20.463,sent,1000,
2929,152086019329030,152086019332292,1790295187713436501,152086019350366,152086019455014,104.648,21.336,sent,1000,
2930,152086024329030,152086024330029,1790295187718435099,152086024340198,152086024373992,33.794,11.168,sent,1000,
2931,152086029329030,152086029329661,1790295187723432677,152086029333458,152086029357153,23.695,4.428,sent,1000,
2932,152086034329030,152086034329672,1790295187728432678,152086034332777,152086034356072,23.295,3.747,sent,1000,
2933,152086039329030,152086039329723,1790295187733432739,152086039332909,152086039357125,24.216,3.879,sent,1000,
2934,152086044329030,152086044329724,1790295187738432740,152086044332860,152086044358508,25.648,3.83,sent,1000,
2935,152086049329030,152086049329644,1790295187743432661,152086049332830,152086049355754,22.924,3.8,sent,1000,
2936,152086054329030,152086054330889,1790295187748434957,152086054340808,152086054399709,58.901,11.778,sent,1000,
2937,152086059329030,152086059331712,1790295187753435961,152086059349596,152086059450337,100.741,20.566,sent,1000,
2938,152086064329030,152086064330871,1790295187758434780,152086064339939,152086064391927,51.988,10.909,sent,1000,
2939,152086069329030,152086069330933,1790295187763434530,152086069340421,152086069399903,59.482,11.391,sent,1000,
2940,152086074329030,152086074330823,1790295187768434761,152086074341213,152086074401828,60.615,12.183,sent,1000,
2941,152086079329030,152086079331476,1790295187773435704,152086079348979,152086079453857,104.878,19.949,sent,1000,
2942,152086084329030,152086084331789,1790295187778436208,152086084350234,152086084457347,107.113,21.204,sent,1000,
2943,152086089329030,152086089331460,1790295187783435989,152086089348452,152086089453401,104.949,19.422,sent,1000,
2944,152086094329030,152086094330679,1790295187788434888,152086094348373,152086094451598,103.225,19.343,sent,1000,
2945,152086099329030,152086099331812,1790295187793436331,152086099349586,152086099455597,106.011,20.556,sent,1000,
2946,152086104329030,152086104331635,1790295187798435853,152086104349238,152086104452353,103.115,20.208,sent,1000,
2947,152086109329030,152086109331255,1790295187803434822,152086109340863,152086109401558,60.695,11.833,sent,1000,
2948,152086114329030,152086114331596,1790295187808435725,152086114348609,152086114452385,103.776,19.579,sent,1000,
2949,152086119329030,152086119331738,1790295187813436217,152086119349501,152086119452877,103.376,20.471,sent,1000,
2950,152086124329030,152086124330607,1790295187818434805,152086124346737,152086124441988,95.251,17.707,sent,1000,
2951,152086129329030,152086129331509,1790295187823435728,152086129349283,152086129452218,102.935,20.253,sent,1000,
2952,152086134329030,152086134329628,1790295187828432644,152086134333315,152086134358523,25.208,4.285,sent,1000,
2953,152086139329030,152086139331803,1790295187833436252,152086139349887,152086139457201,107.314,20.857,sent,1000,
2954,152086144329030,152086144331063,1790295187838435221,152086144348916,152086144452603,103.687,19.886,sent,1000,
2955,152086149329030,152086149331344,1790295187843436164,152086149349328,152086149453115,103.787,20.298,sent,1000,
2956,152086154329030,152086154332257,1790295187848436405,152086154350451,152086154453446,102.995,21.421,sent,1000,
2957,152086159329030,152086159331629,1790295187853435787,152086159349463,152086159458168,108.705,20.433,sent,1000,
2958,152086164329030,152086164330467,1790295187858434416,152086164340677,152086164401823,61.146,11.647,sent,1000,
2959,152086169329030,152086169331681,1790295187863435899,152086169348843,152086169452339,103.496,19.813,sent,1000,
2960,152086174329030,152086174330700,1790295187868434558,152086174340749,152086174399380,58.631,11.719,sent,1000,
2961,152086179329030,152086179331893,1790295187873436072,152086179349737,152086179455217,105.48,20.707,sent,1000,
2962,152086184329030,152086184331604,1790295187878436093,152086184350199,152086184456049,105.85,21.169,sent,1000,
2963,152086189329030,152086189331364,1790295187883436414,152086189350661,152086189454567,103.906,21.631,sent,1000,
2964,152086194329030,152086194331084,1790295187888435283,152086194349389,152086194456712,107.323,20.359,sent,1000,
2965,152086199329030,152086199332027,1790295187893436276,152086199350312,152086199456984,106.672,21.282,sent,1000,
2966,152086204329030,152086204331998,1790295187898436207,152086204349451,152086204457245,107.794,20.421,sent,1000,
2967,152086209329030,152086209331310,1790295187903435388,152086209347821,152086209447279,99.458,18.791,sent,1000,
2968,152086214329030,152086214332212,1790295187908436411,152086214373851,152086214481385,107.534,44.821,sent,1000,
2969,152086219329030,152086219331372,1790295187913435971,152086219347953,152086219450297,102.344,18.923,sent,1000,
2970,152086224329030,152086224331002,1790295187918436012,152086224349958,152086224448985,99.027,20.928,sent,1000,
2971,152086229329030,152086229332275,1790295187923436504,152086229349949,152086229455398,105.449,20.919,sent,1000,
2972,152086234329030,152086234331916,1790295187928436105,152086234350572,152086234455009,104.437,21.542,sent,1000,
2973,152086239329030,152086239331318,1790295187933435757,152086239349062,152086239451245,102.183,20.032,sent,1000,
2974,152086244329030,152086244331409,1790295187938435648,152086244349564,152086244454152,104.588,20.534,sent,1000,
2975,152086249329030,152086249332092,1790295187943436380,152086249348803,152086249451428,102.625,19.773,sent,1000,
2976,152086254329030,152086254331521,1790295187948435700,152086254348985,152086254453222,104.237,19.955,sent,1000,
2977,152086259329030,152086259331613,1790295187953435841,152086259349456,152086259454445,104.989,20.426,sent,1000,
2978,152086264329030,152086264331523,1790295187958435692,152086264349437,152086264408309,58.872,20.407,sent,1000,
2979,152086269329030,152086269330783,1790295187963434912,152086269348216,152086269451582,103.366,19.186,sent,1000,
2980,152086274329030,152086274330774,1790295187968434652,152086274340502,152086274398993,58.491,11.472,sent,1000,
2981,152086279329030,152086279330965,1790295187973434613,152086279340473,152086279399555,59.082,11.443,sent,1000,
2982,152086284329030,152086284331447,1790295187978435666,152086284349371,152086284454530,105.159,20.341,sent,1000,
2983,152086289329030,152086289331831,1790295187983436030,152086289349154,152086289452880,103.726,20.124,sent,1000,
2984,152086294329030,152086294331461,1790295187988435640,152086294349455,152086294453873,104.418,20.425,sent,1000,
2985,152086299329030,152086299331102,1790295187993434739,152086299340640,152086299399702,59.062,11.61,sent,1000,
2986,152086304329030,152086304331293,1790295187998435802,152086304349377,152086304454196,104.819,20.347,sent,1000,
2987,152086309329030,152086309331705,1790295188003435944,152086309348878,152086309454708,105.83,19.848,sent,1000,
2988,152086314329030,152086314332069,1790295188008436438,152086314349692,152086314453589,103.897,20.662,sent,1000,
2989,152086319329030,152086319332410,1790295188013436619,152086319351096,152086319454662,103.566,22.066,sent,1000,
2990,152086324329030,152086324331349,1790295188018436109,152086324349624,152086324453901,104.277,20.594,sent,1000,
2991,152086329329030,152086329331350,1790295188023434908,152086329340898,152086329399379,58.481,11.868,sent,1000,
2992,152086334329030,152086334331461,1790295188028435580,152086334349526,152086334454955,105.429,20.496,sent,1000,
2993,152086339329030,152086339332105,1790295188033436343,152086339350600,152086339457252,106.652,21.57,sent,1000,
2994,152086344329030,152086344330994,1790295188038435102,152086344348838,152086344452775,103.937,19.808,sent,1000,
2995,152086349329030,152086349331295,1790295188043435785,152086349349009,152086349449159,100.15,19.979,sent,1000,
2996,152086354329030,152086354330304,1790295188048434814,152086354346906,152086354438590,91.684,17.876,sent,1000,
2997,152086359329030,152086359329674,1790295188053434314,152086359340044,152086359383115,43.071,11.014,sent,1000,
2998,152086364329030,152086364330839,1790295188058435058,152086364341429,152086364399249,57.82,12.399,sent,1000,
2999,152086369329030,152086369331662,1790295188063435810,152086369350177,152086369455196,105.019,21.147,sent,1000,
3000,152086374329030,152086374330621,1790295188068434499,152086374340229,152086374398529,58.3,11.199,sent,1000,
3001,152086379329030,152086379331814,1790295188073435962,152086379349517,152086379452603,103.086,20.487,sent,1000,
3002,152086384329030,152086384332376,1790295188078436545,152086384350550,152086384455289,104.739,21.52,sent,1000,
3003,152086389329030,152086389330936,1790295188083435275,152086389349051,152086389446706,97.655,20.021,sent,1000,
3004,152086394329030,152086394331599,1790295188088435917,152086394348941,152086394452267,103.326,19.911,sent,1000,
3005,152086399329030,152086399331870,1790295188093436019,152086399349183,152086399454472,105.289,20.153,sent,1000,
3006,152086404329030,152086404331751,1790295188098436020,152086404350015,152086404454493,104.478,20.985,sent,1000,
3007,152086409329030,152086409332273,1790295188103436471,152086409349966,152086409454444,104.478,20.936,sent,1000,
3008,152086414329030,152086414331343,1790295188108436173,152086414349899,152086414453715,103.816,20.869,sent,1000,
3009,152086419329030,152086419331575,1790295188113435703,152086419349829,152086419455630,105.801,20.799,sent,1000,
3010,152086424329030,152086424332147,1790295188118436486,152086424372022,152086424476170,104.148,42.992,sent,1000,
3011,152086429329030,152086429332068,1790295188123436226,152086429350322,152086429456383,106.061,21.292,sent,1000,
3012,152086434329030,152086434331538,1790295188128435686,152086434348059,152086434448189,100.13,19.029,sent,1000,
3013,152086439329030,152086439331951,1790295188133436210,152086439349093,152086439451998,102.905,20.063,sent,1000,
3014,152086444329030,152086444332092,1790295188138436291,152086444349415,152086444455095,105.68,20.385,sent,1000,
3015,152086449329030,152086449330871,1790295188143435350,152086449348174,152086449447702,99.528,19.144,sent,1000,
3016,152086454329030,152086454331042,1790295188148435251,152086454349517,152086454451881,102.364,20.487,sent,1000,
3017,152086459329030,152086459331755,1790295188153435883,152086459349709,152086459452814,103.105,20.679,sent,1000,
3018,152086464329030,152086464330776,1790295188158434945,152086464348419,152086464447948,99.529,19.389,sent,1000,
3019,152086469329030,152086469332450,1790295188163436649,152086469349763,152086469454942,105.179,20.733,sent,1000,
3020,152086474329030,152086474331369,1790295188168435888,152086474349734,152086474452438,102.704,20.704,sent,1000,
3021,152086479329030,152086479332302,1790295188173436460,152086479350386,152086479455124,104.738,21.356,sent,1000,
3022,152086484329030,152086484331862,1790295188178436391,152086484350587,152086484453873,103.286,21.557,sent,1000,
3023,152086489329030,152086489330983,1790295188183435112,152086489347725,152086489450490,102.765,18.695,sent,1000,
3024,152086494329030,152086494332046,1790295188188436265,152086494349910,152086494455210,105.3,20.88,sent,1000,
3025,152086499329030,152086499331616,1790295188193435745,152086499349140,152086499452726,103.586,20.11,sent,1000,
3026,152086504329030,152086504330986,1790295188198434534,152086504340124,152086504400027,59.903,11.094,sent,1000,
3027,152086509329030,152086509330556,1790295188203434755,152086509347729,152086509445875,98.146,18.699,sent,1000,
3028,152086514329030,152086514329546,1790295188208432563,152086514333133,152086514356698,23.565,4.103,sent,1000,
3029,152086519329030,152086519332033,1790295188213436372,152086519349436,152086519453593,104.157,20.406,sent,1000,
3030,152086524329030,152086524332084,1790295188218436323,152086524349527,152086524452943,103.416,20.497,sent,1000,
3031,152086529329030,152086529331364,1790295188223436113,152086529350580,152086529456120,105.54,21.55,sent,1000,
3032,152086534329030,152086534330643,1790295188228434772,152086534347886,152086534449168,101.282,18.856,sent,1000,
3033,152086539329030,152086539330876,1790295188233435626,152086539349982,152086539456564,106.582,20.952,sent,1000,
3034,152086544329030,152086544331398,1790295188238435607,152086544349022,152086544452818,103.796,19.992,sent,1000,
3035,152086549329030,152086549331620,1790295188243436109,152086549350125,152086549453671,103.546,21.095,sent,1000,
3036,152086554329030,152086554331450,1790295188248435659,152086554349565,152086554454503,104.938,20.535,sent,1000,
3037,152086559329030,152086559332052,1790295188253436291,152086559350026,152086559451418,101.392,20.996,sent,1000,
3038,152086564329030,152086564330993,1790295188258434581,152086564340491,152086564398531,58.04,11.461,sent,1000,
3039,152086569329030,152086569331425,1790295188263435523,152086569348587,152086569450380,101.793,19.557,sent,1000,
3040,152086574329030,152086574330905,1790295188268435033,152086574347176,152086574448658,101.482,18.146,sent,1000,
3041,152086579329030,152086579332008,1790295188273436166,152086579349631,152086579453378,103.747,20.601,sent,1000,
3042,152086584329030,152086584331117,1790295188278436017,152086584349793,152086584456565,106.772,20.763,sent,1000,
3043,152086589329030,152086589330599,1790295188283435018,152086589347571,152086589446529,98.958,18.541,sent,1000,
3044,152086594329030,152086594331692,1790295188288435901,152086594348825,152086594453243,104.418,19.795,sent,1000,
3045,152086599329030,152086599331844,1790295188293436333,152086599349437,152086599453193,103.756,20.407,sent,1000,
3046,152086604329030,152086604331895,1790295188298436163,152086604350280,152086604457763,107.483,21.25,sent,1000,
3047,152086609329030,152086609331595,1790295188303435994,152086609348267,152086609447986,99.719,19.237,sent,1000,
3048,152086614329030,152086614331506,1790295188308435985,152086614349410,152086614452565,103.155,20.38,sent,1000,
3049,152086619329030,152086619332049,1790295188313436548,152086619349762,152086619454100,104.338,20.732,sent,1000,
3050,152086624329030,152086624331328,1790295188318436108,152086624350685,152086624455734,105.049,21.655,sent,1000,
3051,152086629329030,152086629331500,1790295188323435959,152086629349774,152086629453501,103.727,20.744,sent,1000,
3052,152086634329030,152086634331180,1790295188328435840,152086634349815,152086634461126,111.311,20.785,sent,1000,
3053,152086639329030,152086639329740,1790295188333432876,152086639334499,152086639362612,28.113,5.469,sent,1000,
3054,152086644329030,152086644329811,1790295188338432898,152086644335241,152086644381870,46.629,6.211,sent,1000,
3055,152086649329030,152086649330784,1790295188343434522,152086649339420,152086649374096,34.676,10.39,sent,1000,
3056,152086654329030,152086654330905,1790295188348434643,152086654340784,152086654400447,59.663,11.754,sent,1000,
3057,152086659329030,152086659331577,1790295188353436097,152086659349311,152086659451995,102.684,20.281,sent,1000,
3058,152086664329030,152086664330759,1790295188358435007,152086664348282,152086664448512,100.23,19.252,sent,1000,
3059,152086669329030,152086669330800,1790295188363434608,152086669339907,152086669394661,54.754,10.877,sent,1000,
3060,152086674329030,152086674330941,1790295188368434568,152086674340629,152086674400142,59.513,11.599,sent,1000,
3061,152086679329030,152086679331683,1790295188373435862,152086679348655,152086679455277,106.622,19.625,sent,1000,
3062,152086684329030,152086684331183,1790295188378436414,152086684350610,152086684460889,110.279,21.58,sent,1000,
3063,152086689329030,152086689330996,1790295188383434573,152086689339862,152086689395187,55.325,10.832,sent,1000,
3064,152086694329030,152086694331958,1790295188388436127,152086694348911,152086694455322,106.411,19.881,sent,1000,
3065,152086699329030,152086699332010,1790295188393436148,152086699350044,152086699456425,106.381,21.014,sent,1000,
3066,152086704329030,152086704331880,1790295188398436119,152086704350145,152086704459312,109.167,21.115,sent,1000,
3067,152086709329030,152086709330479,1790295188403434697,152086709347631,152086709447320,99.689,18.601,sent,1000,
3068,152086714329030,152086714331762,1790295188408436231,152086714350548,152086714454515,103.967,21.518,sent,1000,
3069,152086719329030,152086719331755,1790295188413436224,152086719349889,152086719458856,108.967,20.859,sent,1000,
3070,152086724329030,152086724332497,1790295188418436736,152086724350572,152086724454348,103.776,21.542,sent,1000,
3071,152086729329030,152086729331507,1790295188423436036,152086729349060,152086729453167,104.107,20.03,sent,1000,
3072,152086734329030,152086734331768,1790295188428435937,152086734350423,152086734453529,103.106,21.393,sent,1000,
3073,152086739329030,152086739329755,1790295188433433253,152086739338963,152086739393496,54.533,9.933,sent,1000,
3074,152086744329030,152086744330267,1790295188438434786,152086744340987,152086744383778,42.791,11.957,sent,1000,
3075,152086749329030,152086749329727,1790295188443432744,152086749333474,152086749357670,24.196,4.444,sent,1000,
3076,152086754329030,152086754329728,1790295188448432744,152086754333064,152086754358833,25.769,4.034,sent,1000,
3077,152086759329030,152086759329639,1790295188453432655,152086759332825,152086759356981,24.156,3.795,sent,1000,
3078,152086764329030,152086764329652,1790295188458432798,152086764333238,152086764357074,23.836,4.208,sent,1000,
3079,152086769329030,152086769329763,1790295188463432779,152086769332929,152086769357595,24.666,3.899,sent,1000,
3080,152086774329030,152086774330655,1790295188468434844,152086774347517,152086774456514,108.997,18.487,sent,1000,
3081,152086779329030,152086779330927,1790295188473435837,152086779350013,152086779453780,103.767,20.983,sent,1000,
3082,152086784329030,152086784331629,1790295188478435838,152086784349192,152086784452468,103.276,20.162,sent,1000,
3083,152086789329030,152086789331821,1790295188483436230,152086789349143,152086789452940,103.797,20.113,sent,1000,
3084,152086794329030,152086794331572,1790295188488436132,152086794350027,152086794454365,104.338,20.997,sent,1000,
3085,152086799329030,152086799331934,1790295188493436093,152086799350078,152086799453835,103.757,21.048,sent,1000,
3086,152086804329030,152086804331584,1790295188498436364,152086804350731,152086804457112,106.381,21.701,sent,1000,
3087,152086809329030,152086809332066,1790295188503436225,152086809349259,152086809452835,103.576,20.229,sent,1000,
3088,152086814329030,152086814332037,1790295188508436156,152086814349310,152086814454910,105.6,20.28,sent,1000,
3089,152086819329030,152086819330356,1790295188513434475,152086819339874,152086819393967,54.093,10.844,sent,1000,
3090,152086824329030,152086824331589,1790295188518435708,152086824350385,152086824454592,104.207,21.355,sent,1000,
3091,152086829329030,152086829331821,1790295188523436330,152086829349164,152086829452620,103.456,20.134,sent,1000,
3092,152086834329030,152086834330800,1790295188528435139,152086834348794,152086834460285,111.491,19.764,sent,1000,
3093,152086839329030,152086839331813,1790295188533435991,152086839349687,152086839453624,103.937,20.657,sent,1000,
3094,152086844329030,152086844331245,1790295188538435995,152086844349359,152086844454458,105.099,20.329,sent,1000,
3095,152086849329030,152086849331376,1790295188543434893,152086849361784,152086849420685,58.901,32.754,sent,1000,
3096,152086854329030,152086854331698,1790295188548435816,152086854349501,152086854454861,105.36,20.471,sent,1000,
3097,152086859329030,152086859331518,1790295188553435977,152086859348951,152086859454671,105.72,19.921,sent,1000,
3098,152086864329030,152086864329798,1790295188558433265,152086864337863,152086864388860,50.997,8.833,sent,1000,
3099,152086869329030,152086869329568,1790295188563432585,152086869333055,152086869356950,23.895,4.025,sent,1000,
3100,152086874329030,152086874329569,1790295188568432586,152086874332745,152086874356270,23.525,3.715,sent,1000,
3101,152086879329030,152086879329740,1790295188573432757,152086879333357,152086879357333,23.976,4.327,sent,1000,
3102,152086884329030,152086884329661,1790295188578432678,152086884332767,152086884357013,24.246,3.737,sent,1000,
3103,152086889329030,152086889329673,1790295188583432689,152086889332829,152086889356584,23.755,3.799,sent,1000,
3104,152086894329030,152086894330857,1790295188588434896,152086894340766,152086894399988,59.222,11.736,sent,1000,
3105,152086899329030,152086899332010,1790295188593436249,152086899349874,152086899454392,104.518,20.844,sent,1000,
3106,152086904329030,152086904331130,1790295188598435238,152086904349384,152086904446238,96.854,20.354,sent,1000,
3107,152086909329030,152086909331722,1790295188603436211,152086909349075,152086909447311,98.236,20.045,sent,1000,
3108,152086914329030,152086914330562,1790295188608434470,152086914340390,152086914398971,58.581,11.36,sent,1000,
3109,152086919329030,152086919331625,1790295188613435854,152086919349960,152086919454859,104.899,20.93,sent,1000,
3110,152086924329030,152086924331857,1790295188618436326,152086924348899,152086924453627,104.728,19.869,sent,1000,
3111,152086929329030,152086929331527,1790295188623436016,152086929347547,152086929442197,94.65,18.517,sent,1000,
3112,152086934329030,152086934330737,1790295188628434905,152086934348190,152086934450884,102.694,19.16,sent,1000,
3113,152086939329030,152086939330869,1790295188633434417,152086939340567,152086939399940,59.373,11.537,sent,1000,
3114,152086944329030,152086944330920,1790295188638434929,152086944341010,152086944399671,58.661,11.98,sent,1000,
3115,152086949329030,152086949332054,1790295188643436453,152086949349487,152086949455588,106.101,20.457,sent,1000,
3116,152086954329030,152086954331554,1790295188648435782,152086954349618,152086954453825,104.207,20.588,sent,1000,
3117,152086959329030,152086959331915,1790295188653436064,152086959349579,152086959453546,103.967,20.549,sent,1000,
3118,152086964329030,152086964330454,1790295188658434402,152086964339571,152086964393683,54.112,10.541,sent,1000,
3119,152086969329030,152086969331879,1790295188663436148,152086969349773,152086969453710,103.937,20.743,sent,1000,
3120,152086974329030,152086974331950,1790295188668436109,152086974350415,152086974454612,104.197,21.385,sent,1000,
3121,152086979329030,152086979330979,1790295188673434527,152086979340698,152086979400471,59.773,11.668,sent,1000,
3122,152086984329030,152086984331581,1790295188678435680,152086984349295,152086984453612,104.317,20.265,sent,1000,
3123,152086989329030,152086989331473,1790295188683435641,152086989347302,152086989442333,95.031,18.272,sent,1000,
3124,152086994329030,152086994332106,1790295188688436285,152086994350340,152086994454798,104.458,21.31,sent,1000,
3125,152086999329030,152086999331456,1790295188693436205,152086999350291,152086999456613,106.322,21.261,sent,1000,
3126,152087004329030,152087004330805,1790295188698434323,152087004340233,152087004396840,56.607,11.203,sent,1000,
3127,152087009329030,152087009331608,1790295188703435776,152087009349762,152087009453058,103.296,20.732,sent,1000,
3128,152087014329030,152087014331499,1790295188708435737,152087014349693,152087014458229,108.536,20.663,sent,1000,
3129,152087019329030,152087019331611,1790295188713436090,152087019349815,152087019456277,106.462,20.785,sent,1000,
3130,152087024329030,152087024330179,1790295188718434568,152087024346520,152087024402416,55.896,17.49,sent,1000,
3131,152087029329030,152087029329709,1790295188723433086,152087029335480,152087029360557,25.077,6.45,sent,1000,
3132,152087034329030,152087034329620,1790295188728432646,152087034333006,152087034352694,19.688,3.976,sent,1000,
3133,152087039329030,152087039329712,1790295188733432739,152087039333239,152087039358317,25.078,4.209,sent,1000,
3134,152087044329030,152087044330956,1790295188738434534,152087044340835,152087044400708,59.873,11.805,sent,1000,
3135,152087049329030,152087049332059,1790295188743436338,152087049350865,152087049456024,105.159,21.835,sent,1000,
3136,152087054329030,152087054331800,1790295188748436079,152087054349704,152087054450495,100.791,20.674,sent,1000,
3137,152087059329030,152087059331480,1790295188753436080,152087059349845,152087059454413,104.568,20.815,sent,1000,
3138,152087064329030,152087064331441,1790295188758436351,152087064371878,152087064469773,97.895,42.848,sent,1000,
3139,152087069329030,152087069330853,1790295188763434821,152087069341212,152087069402278,61.066,12.182,sent,1000,
3140,152087074329030,152087074332086,1790295188768436265,152087074349258,152087074455189,105.931,20.228,sent,1000,
3141,152087079329030,152087079332297,1790295188773436536,152087079349620,152087079454599,104.979,20.59,sent,1000,
3142,152087084329030,152087084331086,1790295188778435866,152087084349461,152087084453528,104.067,20.431,sent,1000,
3143,152087089329030,152087089331999,1790295188783436147,152087089349482,152087089456034,106.552,20.452,sent,1000,
3144,152087094329030,152087094331421,1790295188788436221,152087094350166,152087094454063,103.897,21.136,sent,1000,
3145,152087099329030,152087099331642,1790295188793436101,152087099349426,152087099453864,104.438,20.396,sent,1000,
3146,152087104329030,152087104331663,1790295188798435912,152087104349256,152087104453714,104.458,20.226,sent,1000,
3147,152087109329030,152087109331093,1790295188803435522,152087109348155,152087109451371,103.216,19.125,sent,1000,
3148,152087114329030,152087114331385,1790295188808435864,152087114349299,152087114451422,102.123,20.269,sent,1000,
3149,152087119329030,152087119331368,1790295188813436167,152087119349532,152087119453800,104.268,20.502,sent,1000,
3150,152087124329030,152087124331479,1790295188818435688,152087124349543,152087124453620,104.077,20.513,sent,1000,
3151,152087129329030,152087129332061,1790295188823436189,152087129349694,152087129453781,104.087,20.664,sent,1000,
3152,152087134329030,152087134331411,1790295188828436210,152087134350236,152087134454544,104.308,21.206,sent,1000,
3153,152087139329030,152087139331632,1790295188833436091,152087139349005,152087139461177,112.172,19.975,sent,1000,
3154,152087144329030,152087144331573,1790295188838435822,152087144349427,152087144457271,107.844,20.397,sent,1000,
3155,152087149329030,152087149331824,1790295188843435963,152087149348997,152087149453024,104.027,19.967,sent,1000,
3156,152087154329030,152087154330573,1790295188848434431,152087154340291,152087154399003,58.712,11.261,sent,1000,
3157,152087159329030,152087159331906,1790295188853436366,152087159349470,152087159457795,108.325,20.44,sent,1000,
3158,152087164329030,152087164330906,1790295188858435385,152087164348158,152087164443279,95.121,19.128,sent,1000,
3159,152087169329030,152087169331500,1790295188863435789,152087169348993,152087169453280,104.287,19.963,sent,1000,
3160,152087174329030,152087174534335,1790295188868637792,152087174543633,152087174598246,54.613,214.603,sent,1000,
3161,152087179329030,152087179330921,1790295188873434829,152087179340920,152087179400763,59.843,11.89,sent,1000,
3162,152087184329030,152087184331533,1790295188878435691,152087184349837,152087184455137,105.3,20.807,sent,1000,
3163,152087189329030,152087189331013,1790295188883436113,152087189350019,152087189453264,103.245,20.989,sent,1000,
3164,152087194329030,152087194331085,1790295188888434603,152087194340473,152087194400407,59.934,11.443,sent,1000,
3165,152087199329030,152087199331738,1790295188893435936,152087199349772,152087199457676,107.904,20.742,sent,1000,
3166,152087204329030,152087204332029,1790295188898436188,152087204350133,152087204456485,106.352,21.103,sent,1000,
3167,152087209329030,152087209330888,1790295188903435998,152087209349143,152087209452077,102.934,20.113,sent,1000,
3168,152087214329030,152087214331881,1790295188908436070,152087214349925,152087214457529,107.604,20.895,sent,1000,
3169,152087219329030,152087219332024,1790295188913436263,152087219350459,152087219458814,108.355,21.429,sent,1000,
3170,152087224329030,152087224332336,1790295188918436615,152087224350420,152087224456892,106.472,21.39,sent,1000,
3171,152087229329030,152087229331976,1790295188923436115,152087229349549,152087229455530,105.981,20.519,sent,1000,
3172,152087234329030,152087234331216,1790295188928435444,152087234349190,152087234449760,100.57,20.16,sent,1000,
3173,152087239329030,152087239331898,1790295188933436087,152087239349882,152087239455262,105.38,20.852,sent,1000,
3174,152087244329030,152087244331428,1790295188938435977,152087244350103,152087244458669,108.566,21.073,sent,1000,
3175,152087249329030,152087249331409,1790295188943435888,152087249349834,152087249454472,104.638,20.804,sent,1000,
3176,152087254329030,152087254330678,1790295188948435629,152087254348372,152087254452760,104.388,19.342,sent,1000,
3177,152087259329030,152087259331521,1790295188953436241,152087259350507,152087259453592,103.085,21.477,sent,1000,
3178,152087264329030,152087264330871,1790295188958435681,152087264349125,152087264450437,101.312,20.095,sent,1000,
3179,152087269329030,152087269330493,1790295188963435112,152087269339921,152087269393813,53.892,10.891,sent,1000,
3180,152087274329030,152087274331776,1790295188968435945,152087274371582,152087274475919,104.337,42.552,sent,1000,
3181,152087279329030,152087279331366,1790295188973435765,152087279350232,152087279454329,104.097,21.202,sent,1000,
3182,152087284329030,152087284331187,1790295188978435987,152087284348900,152087284454240,105.34,19.87,sent,1000,
3183,152087289329030,152087289331599,1790295188983436018,152087289349453,152087289409978,60.525,20.423,sent,1000,
3184,152087294329030,152087294331402,1790295188988436162,152087294349646,152087294453333,103.687,20.616,sent,1000,
3185,152087299329030,152087299332014,1790295188993436193,152087299349267,152087299453033,103.766,20.237,sent,1000,
3186,152087304329030,152087304331163,1790295188998435492,152087304348777,152087304453224,104.447,19.747,sent,1000,
3187,152087309329030,152087309331695,1790295189003436164,152087309348878,152087309451993,103.115,19.848,sent,1000,
3188,152087314329030,152087314330945,1790295189008434452,152087314340723,152087314399966,59.243,11.693,sent,1000,
3189,152087319329030,152087319330876,1790295189013435445,152087319348660,152087319452366,103.706,19.63,sent,1000,
3190,152087324329030,152087324329635,1790295189018432661,152087324333262,152087324358389,25.127,4.232,sent,1000,
3191,152087329329030,152087329331539,1790295189023435708,152087329349824,152087329454252,104.428,20.794,sent,1000,
3192,152087334329030,152087334331951,1790295189028436490,152087334350456,152087334453612,103.156,21.426,sent,1000,
3193,152087339329030,152087339331411,1790295189033434928,152087339340879,152087339399861,58.982,11.849,sent,1000,
3194,152087344329030,152087344331542,1790295189038435721,152087344349416,152087344451590,102.174,20.386,sent,1000,
3195,152087349329030,152087349331345,1790295189043435864,152087349349549,152087349447124,97.575,20.519,sent,1000,
3196,152087354329030,152087354330554,1790295189048434833,152087354350362,152087354453888,103.526,21.332,sent,1000,
3197,152087359329030,152087359330084,1790295189053434143,152087359339502,152087359374318,34.816,10.472,sent,1000,
3198,152087364329030,152087364329645,1790295189058432671,152087364333552,152087364358189,24.637,4.522,sent,1000,
3199,152087369329030,152087369329938,1790295189063433155,152087369335007,152087369369463,34.456,5.977,sent,1000,
3200,152087374329030,152087374330059,1790295189068433246,152087374336752,152087374379453,42.701,7.722,sent,1000,
3201,152087379329030,152087379330010,1790295189073433187,152087379336312,152087379382279,45.967,7.282,sent,1000,
3202,152087384329030,152087384330913,1790295189078434490,152087384340340,152087384398511,58.171,11.31,sent,1000,
3203,152087389329030,152087389331445,1790295189083435984,152087389349369,152087389453506,104.137,20.339,sent,1000,
3204,152087394329030,152087394331057,1790295189088435566,152087394348780,152087394453138,104.358,19.75,sent,1000,
3205,152087399329030,152087399331148,1790295189093435637,152087399349012,152087399451315,102.303,19.982,sent,1000,
3206,152087404329030,152087404332461,1790295189098436640,152087404349443,152087404450785,101.342,20.413,sent,1000,
3207,152087409329030,152087409331550,1790295189103436020,152087409349344,152087409452720,103.376,20.314,sent,1000,
3208,152087414329030,152087414331401,1790295189108435630,152087414349225,152087414453613,104.388,20.195,sent,1000,
3209,152087419329030,152087419331765,1790295189113435904,152087419349378,152087419454518,105.14,20.348,sent,1000,
3210,152087424329030,152087424331245,1790295189118435754,152087424349229,152087424452765,103.536,20.199,sent,1000,
3211,152087429329030,152087429331587,1790295189123436066,152087429349511,152087429452556,103.045,20.481,sent,1000,
3212,152087434329030,152087434330886,1790295189128435185,152087434348840,152087434447978,99.138,19.81,sent,1000,
3213,152087439329030,152087439332120,1790295189133436278,152087439350454,152087439453159,102.705,21.424,sent,1000,
3214,152087444329030,152087444332040,1790295189138436229,152087444349904,152087444451276,101.372,20.874,sent,1000,
3215,152087449329030,152087449331621,1790295189143435709,152087449349214,152087449448572,99.358,20.184,sent,1000,
3216,152087454329030,152087454330389,1790295189148434608,152087454348964,152087454448623,99.659,19.934,sent,1000,
3217,152087459329030,152087459329739,1790295189153432765,152087459333967,152087459358574,24.607,4.937,sent,1000,
3218,152087464329030,152087464331365,1790295189158435543,152087464348297,152087464451502,103.205,19.267,sent,1000,
3219,152087469329030,152087469331777,1790295189163436276,152087469350061,152087469455120,105.059,21.031,sent,1000,
3220,152087474329030,152087474332208,1790295189168436327,152087474349451,152087474453067,103.616,20.421,sent,1000,
3221,152087479329030,152087479332109,1790295189173436218,152087479349552,152087479451666,102.114,20.522,sent,1000,
3222,152087484329030,152087484331820,1790295189178436028,152087484348391,152087484453330,104.939,19.361,sent,1000,
3223,152087489329030,152087489331151,1790295189183435641,152087489348935,152087489453183,104.248,19.905,sent,1000,
3224,152087494329030,152087494331904,1790295189188436173,152087494349718,152087494452162,102.444,20.688,sent,1000,
3225,152087499329030,152087499331544,1790295189193435763,152087499349188,152087499454497,105.309,20.158,sent,1000,
3226,152087504329030,152087504331415,1790295189198434912,152087504340522,152087504399424,58.902,11.492,sent,1000,
3227,152087509329030,152087509331216,1790295189203435855,152087509349160,152087509454429,105.269,20.13,sent,1000,
3228,152087514329030,152087514331789,1790295189208436028,152087514349803,152087514457196,107.393,20.773,sent,1000,
3229,152087519329030,152087519332201,1790295189213436389,152087519350455,152087519454532,104.077,21.425,sent,1000,
3230,152087524329030,152087524332111,1790295189218436490,152087524349785,152087524452980,103.195,20.755,sent,1000,
3231,152087529329030,152087529331742,1790295189223436231,152087529349515,152087529452981,103.466,20.485,sent,1000,
3232,152087534329030,152087534331853,1790295189228436012,152087534349376,152087534452662,103.286,20.346,sent,1000,
3233,152087539329030,152087539331976,1790295189233436175,152087539349419,152087539455079,105.66,20.389,sent,1000,
3234,152087544329030,152087544331556,1790295189238436046,152087544350372,152087544453537,103.165,21.342,sent,1000,
3235,152087549329030,152087549332078,1790295189243436257,152087549349692,152087549454340,104.648,20.662,sent,1000,
3236,152087554329030,152087554331298,1790295189248435497,152087554349252,152087554452648,103.396,20.222,sent,1000,
3237,152087559329030,152087559332231,1790295189253436439,152087559349563,152087559456075,106.512,20.533,sent,1000,
3238,152087564329030,152087564330979,1790295189258435158,152087564348663,152087564452199,103.536,19.633,sent,1000,
3239,152087569329030,152087569332032,1790295189263436241,152087569349535,152087569454574,105.039,20.505,sent,1000,
3240,152087574329030,152087574331502,1790295189268435991,152087574349256,152087574450047,100.791,20.226,sent,1000,
3241,152087579329030,152087579330682,1790295189273434600,152087579340680,152087579401065,60.385,11.65,sent,1000,
3242,152087584329030,152087584331003,1790295189278435072,152087584340662,152087584398541,57.879,11.632,sent,1000,
3243,152087589329030,152087589331978,1790295189283436147,152087589349431,152087589455202,105.771,20.401,sent,1000,
3244,152087594329030,152087594331598,1790295189288436098,152087594349372,152087594448830,99.458,20.342,sent,1000,
3245,152087599329030,152087599329686,1790295189293432702,152087599333974,152087599358731,24.757,4.944,sent,1000,
3246,152087604329030,152087604331550,1790295189298435699,152087604349634,152087604453201,103.567,20.604,sent,1000,
3247,152087609329030,152087609331391,1790295189303435851,152087609348243,152087609445167,96.924,19.213,sent,1000,
3248,152087614329030,152087614331695,1790295189308436004,152087614349559,152087614453335,103.776,20.529,sent,1000,
3249,152087619329030,152087619331345,1790295189313435865,152087619349510,152087619450721,101.211,20.48,sent,1000,
3250,152087624329030,152087624331036,1790295189318436306,152087624349170,152087624454089,104.919,20.14,sent,1000,
3251,152087629329030,152087629332289,1790295189323436508,152087629350023,152087629454070,104.047,20.993,sent,1000,
3252,152087634329030,152087634331970,1790295189328436198,152087634349433,152087634453159,103.726,20.403,sent,1000,
3253,152087639329030,152087639332041,1790295189333436350,152087639350506,152087639453311,102.805,21.476,sent,1000,
3254,152087644329030,152087644332243,1790295189338436662,152087644350828,152087644456298,105.47,21.798,sent,1000,
3255,152087649329030,152087649330911,1790295189343435400,152087649348424,152087649452912,104.488,19.394,sent,1000,
3256,152087654329030,152087654332064,1790295189348436323,152087654350199,152087654453043,102.844,21.169,sent,1000,
3257,152087659329030,152087659332047,1790295189353436225,152087659350562,152087659455140,104.578,21.532,sent,1000,
3258,152087664329030,152087664331447,1790295189358435605,152087664349080,152087664453748,104.668,20.05,sent,1000,
3259,152087669329030,152087669331508,1790295189363435987,152087669348340,152087669447888,99.548,19.31,sent,1000,
3260,152087674329030,152087674331048,1790295189368434565,152087674340877,152087674400009,59.132,11.847,sent,1000,
3261,152087679329030,152087679332111,1790295189373437011,152087679349935,152087679453280,103.345,20.905,sent,1000,
3262,152087684329030,152087684331893,1790295189378436062,152087684348906,152087684452502,103.596,19.876,sent,1000,
3263,152087689329030,152087689331163,1790295189383435412,152087689349007,152087689453214,104.207,19.977,sent,1000,
3264,152087694329030,152087694331585,1790295189388435853,152087694349448,152087694454748,105.3,20.418,sent,1000,
3265,152087699329030,152087699331385,1790295189393435564,152087699371812,152087699476159,104.347,42.782,sent,1000,
3266,152087704329030,152087704331036,1790295189398435224,152087704348920,152087704455952,107.032,19.89,sent,1000,
3267,152087709329030,152087709331770,1790295189403436259,152087709349554,152087709455635,106.081,20.524,sent,1000,
3268,152087714329030,152087714332042,1790295189408436260,152087714350126,152087714454073,103.947,21.096,sent,1000,
3269,152087719329030,152087719331502,1790295189413436001,152087719349776,152087719455216,105.44,20.746,sent,1000,
3270,152087724329030,152087724332384,1790295189418436603,152087724351210,152087724456770,105.56,22.18,sent,1000,
3271,152087729329030,152087729332505,1790295189423436784,152087729350469,152087729457212,106.743,21.439,sent,1000,
3272,152087734329030,152087734331998,1790295189428436236,152087734350082,152087734456924,106.842,21.052,sent,1000,
3273,152087739329030,152087739329714,1790295189433433192,152087739338711,152087739393946,55.235,9.681,sent,1000,
3274,152087744329030,152087744329795,1790295189438433182,152087744338492,152087744379249,40.757,9.462,sent,1000,
3275,152087749329030,152087749329556,1790295189443432582,152087749332792,152087749356457,23.665,3.762,sent,1000,
3276,152087754329030,152087754329698,1790295189448432714,152087754332814,152087754356879,24.065,3.784,sent,1000,
3277,152087759329030,152087759329690,1790295189453432706,152087759332946,152087759357222,24.276,3.916,sent,1000,
3278,152087764329030,152087764329751,1790295189458432767,152087764333107,152087764358335,25.228,4.077,sent,1000,
3279,152087769329030,152087769329481,1790295189463432508,152087769332938,152087769356973,24.035,3.908,sent,1000,
3280,152087774329030,152087774329672,1790295189468432689,152087774332788,152087774356012,23.224,3.758,sent,1000,
3281,152087779329030,152087779329645,1790295189473432661,152087779332831,152087779355864,23.033,3.801,sent,1000,
3282,152087784329030,152087784329566,1790295189478432592,152087784332722,152087784357208,24.486,3.692,sent,1000,
3283,152087789329030,152087789329767,1790295189483432784,152087789332943,152087789357360,24.417,3.913,sent,1000,
3284,152087794329030,152087794329588,1790295189488432614,152087794333135,152087794356930,23.795,4.105,sent,1000,
3285,152087799329030,152087799331272,1790295189493434819,152087799340640,152087799437052,96.412,11.61,sent,1000,
3286,152087804329030,152087804331624,1790295189498435953,152087804349728,152087804453545,103.817,20.698,sent,1000,
3287,152087809329030,152087809331446,1790295189503435986,152087809349360,152087809453448,104.088,20.33,sent,1000,
3288,152087814329030,152087814331357,1790295189508435666,152087814348880,152087814452567,103.687,19.85,sent,1000,
3289,152087819329030,152087819330827,1790295189513434986,152087819347489,152087819457347,109.858,18.459,sent,1000,
3290,152087824329030,152087824331870,1790295189518436059,152087824349433,152087824454923,105.49,20.403,sent,1000,
3291,152087829329030,152087829332382,1790295189523436651,152087829350406,152087829455085,104.679,21.376,sent,1000,
3292,152087834329030,152087834330511,1790295189528434519,152087834340450,152087834399792,59.342,11.42,sent,1000,
3293,152087839329030,152087839332085,1790295189533436324,152087839350309,152087839454657,104.348,21.279,sent,1000,
3294,152087844329030,152087844332016,1790295189538436235,152087844349479,152087844455239,105.76,20.449,sent,1000,
3295,152087849329030,152087849331736,1790295189543435935,152087849350191,152087849452715,102.524,21.161,sent,1000,
3296,152087854329030,152087854331387,1790295189548435625,152087854349150,152087854452897,103.747,20.12,sent,1000,
3297,152087859329030,152087859330697,1790295189553434575,152087859340816,152087859400149,59.333,11.786,sent,1000,
3298,152087864329030,152087864331089,1790295189558434686,152087864339425,152087864383628,44.203,10.395,sent,1000,
3299,152087869329030,152087869329737,1790295189563432754,152087869334096,152087869360716,26.62,5.066,sent,1000,
3300,152087874329030,152087874330700,1790295189568434688,152087874340669,152087874400051,59.382,11.639,sent,1000,
3301,152087879329030,152087879331704,1790295189573435863,152087879349408,152087879454537,105.129,20.378,sent,1000,
3302,152087884329030,152087884331275,1790295189578435784,152087884349319,152087884453326,104.007,20.289,sent,1000,
3303,152087889329030,152087889332057,1790295189583436226,152087889349150,152087889453177,104.027,20.12,sent,1000,
3304,152087894329030,152087894332098,1790295189588436628,152087894350213,152087894457406,107.193,21.183,sent,1000,
3305,152087899329030,152087899331829,1790295189593436098,152087899349502,152087899453349,103.847,20.472,sent,1000,
3306,152087904329030,152087904331872,1790295189598436060,152087904348844,152087904452660,103.816,19.814,sent,1000,
3307,152087909329030,152087909331642,1790295189603435761,152087909348574,152087909448353,99.779,19.544,sent,1000,
3308,152087914329030,152087914330551,1790295189608434068,152087914353414,152087914411604,58.19,24.384,sent,1000,
3309,152087919329030,152087919332085,1790295189613436284,152087919348867,152087919452102,103.235,19.837,sent,1000,
3310,152087924329030,152087924332386,1790295189618436625,152087924350210,152087924453506,103.296,21.18,sent,1000,
3311,152087929329030,152087929330866,1790295189623435937,152087929348981,152087929447958,98.977,19.951,sent,1000,
3312,152087934329030,152087934331679,1790295189628436028,152087934349983,152087934455634,105.651,20.953,sent,1000,
3313,152087939329030,152087939330908,1790295189633434806,152087939340747,152087939401873,61.126,11.717,sent,1000,
3314,152087944329030,152087944331921,1790295189638436110,152087944350136,152087944454884,104.748,21.106,sent,1000,
3315,152087949329030,152087949331512,1790295189643435670,152087949348484,152087949447592,99.108,19.454,sent,1000,
3316,152087954329030,152087954330642,1790295189648434591,152087954340802,152087954398802,58.0,11.772,sent,1000,
3317,152087959329030,152087959331134,1790295189653434692,152087959340863,152087959400225,59.362,11.833,sent,1000,
3318,152087964329030,152087964331336,1790295189658435544,152087964348288,152087964450181,101.893,19.258,sent,1000,
3319,152087969329030,152087969331447,1790295189663435575,152087969349140,152087969449490,100.35,20.11,sent,1000,
3320,152087974329030,152087974332010,1790295189668436569,152087974350294,152087974455363,105.069,21.264,sent,1000,
3321,152087979329030,152087979330969,1790295189673434637,152087979340317,152087979400421,60.104,11.287,sent,1000,
3322,152087984329030,152087984329728,1790295189678432745,152087984333635,152087984358182,24.547,4.605,sent,1000,
3323,152087989329030,152087989331943,1790295189683436202,152087989349987,152087989456359,106.372,20.957,sent,1000,
3324,152087994329030,152087994331563,1790295189688436063,152087994349788,152087994452853,103.065,20.758,sent,1000,
3325,152087999329030,152087999331706,1790295189693435965,152087999349019,152087999453206,104.187,19.989,sent,1000,
3326,152088004329030,152088004330465,1790295189698433982,152088004339913,152088004397452,57.539,10.883,sent,1000,
3327,152088009329030,152088009332159,1790295189703436368,152088009350594,152088009457967,107.373,21.564,sent,1000,
3328,152088014329030,152088014330497,1790295189708434014,152088014340015,152088014398616,58.601,10.985,sent,1000,
3329,152088019329030,152088019332121,1790295189713436350,152088019349193,152088019451587,102.394,20.163,sent,1000,
3330,152088024329030,152088024330619,1790295189718434788,152088024346750,152088024402335,55.585,17.72,sent,1000,
3331,152088029329030,152088029329760,1790295189723432776,152088029333758,152088029358585,24.827,4.728,sent,1000,
3332,152088034329030,152088034329601,1790295189728432617,152088034333087,152088034356381,23.294,4.057,sent,1000,
3333,152088039329030,152088039329632,1790295189733432648,152088039333148,152088039356342,23.194,4.118,sent,1000,
3334,152088044329030,152088044329683,1790295189738432699,152088044332799,152088044356584,23.785,3.769,sent,1000,
3335,152088049329030,152088049329554,1790295189743432571,152088049332710,152088049356746,24.036,3.68,sent,1000,
3336,152088054329030,152088054329526,1790295189748432543,152088054332622,152088054356347,23.725,3.592,sent,1000,
3337,152088059329030,152088059329537,1790295189753432544,152088059332733,152088059357330,24.597,3.703,sent,1000,
3338,152088064329030,152088064330179,1790295189758433737,152088064339277,152088064393589,54.312,10.247,sent,1000,
3339,152088069329030,152088069331874,1790295189763436072,152088069349297,152088069452332,103.035,20.267,sent,1000,
3340,152088074329030,152088074331554,1790295189768435713,152088074348676,152088074454637,105.961,19.646,sent,1000,
3341,152088079329030,152088079331786,1790295189773436135,152088079348798,152088079455551,106.753,19.768,sent,1000,
3342,152088084329030,152088084331988,1790295189778436126,152088084349280,152088084454159,104.879,20.25,sent,1000,
3343,152088089329030,152088089331407,1790295189783435506,152088089348640,152088089448139,99.499,19.61,sent,1000,
3344,152088094329030,152088094331879,1790295189788436058,152088094349252,152088094452909,103.657,20.222,sent,1000,
3345,152088099329030,152088099331720,1790295189793435879,152088099348833,152088099452629,103.796,19.803,sent,1000,
3346,152088104329030,152088104331222,1790295189798435381,152088104349357,152088104452993,103.636,20.327,sent,1000,
3347,152088109329030,152088109331694,1790295189803436243,152088109348977,152088109450649,101.672,19.947,sent,1000,
3348,152088114329030,152088114331334,1790295189808435493,152088114348657,152088114453315,104.658,19.627,sent,1000,
3349,152088119329030,152088119332097,1790295189813436285,152088119350442,152088119455000,104.558,21.412,sent,1000,
3350,152088124329030,152088124332039,1790295189818436218,152088124372857,152088124475882,103.025,43.827,sent,1000,
3351,152088129329030,152088129331760,1790295189823435999,152088129350175,152088129452699,102.524,21.145,sent,1000,
3352,152088134329030,152088134331661,1790295189828435909,152088134349414,152088134454513,105.099,20.384,sent,1000,
3353,152088139329030,152088139331962,1790295189833436181,152088139350738,152088139457149,106.411,21.708,sent,1000,
3354,152088144329030,152088144331532,1790295189838436132,152088144349446,152088144456269,106.823,20.416,sent,1000,
3355,152088149329030,152088149330944,1790295189843435113,152088149348227,152088149451453,103.226,19.197,sent,1000,
3356,152088154329030,152088154331506,1790295189848435715,152088154349330,152088154452896,103.566,20.3,sent,1000,
3357,152088159329030,152088159331978,1790295189853436127,152088159349031,152088159452186,103.155,20.001,sent,1000,
3358,152088164329030,152088164330977,1790295189858435166,152088164348601,152088164453379,104.778,19.571,sent,1000,
3359,152088169329030,152088169330948,1790295189863434556,152088169340527,152088169398757,58.23,11.497,sent,1000,
3360,152088174329030,152088174329738,1790295189868432755,152088174333495,152088174358873,25.378,4.465,sent,1000,
3361,152088179329030,152088179330601,1790295189873434559,152088179340470,152088179401174,60.704,11.44,sent,1000,
3362,152088184329030,152088184331694,1790295189878435872,152088184349317,152088184452693,103.376,20.287,sent,1000,
3363,152088189329030,152088189331625,1790295189883436124,152088189349338,152088189454067,104.729,20.308,sent,1000,
3364,152088194329030,152088194331756,1790295189888436466,152088194350612,152088194454278,103.666,21.582,sent,1000,
3365,152088199329030,152088199331237,1790295189893435476,152088199349522,152088199454421,104.899,20.492,sent,1000,
3366,152088204329030,152088204331128,1790295189898435327,152088204349252,152088204452738,103.486,20.222,sent,1000,
3367,152088209329030,152088209330999,1790295189903435238,152088209348121,152088209450585,102.464,19.091,sent,1000,
3368,152088214329030,152088214331310,1790295189908435459,152088214348894,152088214453612,104.718,19.864,sent,1000,
3369,152088219329030,152088219331623,1790295189913435812,152088219348946,152088219455658,106.712,19.916,sent,1000,
3370,152088224329030,152088224331274,1790295189918435623,152088224349037,152088224452043,103.006,20.007,sent,1000,
3371,152088229329030,152088229331515,1790295189923435033,152088229340663,152088229400967,60.304,11.633,sent,1000,
3372,152088234329030,152088234331186,1790295189928434713,152088234340563,152088234398643,58.08,11.533,sent,1000,
3373,152088239329030,152088239330916,1790295189933434443,152088239340424,152088239398664,58.24,11.394,sent,1000,
3374,152088244329030,152088244331971,1790295189938436340,152088244350276,152088244455014,104.738,21.246,sent,1000,
3375,152088249329030,152088249331301,1790295189943435539,152088249348082,152088249412023,63.941,19.052,sent,1000,
3376,152088254329030,152088254330520,1790295189948434047,152088254340168,152088254399290,59.122,11.138,sent,1000,
3377,152088259329030,152088259331102,1790295189953435301,152088259348585,152088259457702,109.117,19.555,sent,1000,
3378,152088264329030,152088264331384,1790295189958435652,152088264349798,152088264454988,105.19,20.768,sent,1000,
3379,152088269329030,152088269331595,1790295189963436305,152088269349990,152088269445551,95.561,20.96,sent,1000,
3380,152088274329030,152088274330687,1790295189968434615,152088274340255,152088274428161,87.906,11.225,sent,1000,
3381,152088279329030,152088279329776,1790295189973432792,152088279333403,152088279357959,24.556,4.373,sent,1000,
3382,152088284329030,152088284331230,1790295189978435679,152088284349234,152088284451978,102.744,20.204,sent,1000,
3383,152088289329030,152088289331511,1790295189983435680,152088289348914,152088289451589,102.675,19.884,sent,1000,
3384,152088294329030,152088294332454,1790295189988436683,152088294350609,152088294455828,105.219,21.579,sent,1000,
3385,152088299329030,152088299331305,1790295189993435454,152088299347436,152088299451873,104.437,18.406,sent,1000,
3386,152088304329030,152088304331286,1790295189998435605,152088304348659,152088304449630,100.971,19.629,sent,1000,
3387,152088309329030,152088309332068,1790295190003436437,152088309349932,152088309454931,104.999,20.902,sent,1000,
3388,152088314329030,152088314331017,1790295190008435216,152088314349422,152088314458910,109.488,20.392,sent,1000,
3389,152088319329030,152088319331720,1790295190013435958,152088319349073,152088319451957,102.884,20.043,sent,1000,
3390,152088324329030,152088324331480,1790295190018435939,152088324349274,152088324455124,105.85,20.244,sent,1000,
3391,152088329329030,152088329331882,1790295190023436341,152088329349295,152088329453683,104.388,20.265,sent,1000,
3392,152088334329030,152088334331592,1790295190028435851,152088334349596,152088334453363,103.767,20.566,sent,1000,
3393,152088339329030,152088339331032,1790295190033435281,152088339348816,152088339454045,105.229,19.786,sent,1000,
3394,152088344329030,152088344332418,1790295190038436567,152088344349911,152088344453678,103.767,20.881,sent,1000,
3395,152088349329030,152088349331127,1790295190043435315,152088349349842,152088349452627,102.785,20.812,sent,1000,
3396,152088354329030,152088354331057,1790295190048435416,152088354350925,152088354411109,60.184,21.895,sent,1000,
3397,152088359329030,152088359331088,1790295190053434946,152088359341588,152088359400420,58.832,12.558,sent,1000,
3398,152088364329030,152088364331079,1790295190058435258,152088364348062,152088364452820,104.758,19.032,sent,1000,
3399,152088369329030,152088369331703,1790295190063435962,152088369349236,152088369449607,100.371,20.206,sent,1000,
3400,152088374329030,152088374330682,1790295190068434651,152088374341252,152088374399342,58.09,12.222,sent,1000,
3401,152088379329030,152088379332056,1790295190073436305,152088379350000,152088379456482,106.482,20.97,sent,1000,
3402,152088384329030,152088384331576,1790295190078435855,152088384349831,152088384453026,103.195,20.801,sent,1000,
3403,152088389329030,152088389331557,1790295190083435736,152088389349140,152088389453047,103.907,20.11,sent,1000,
3404,152088394329030,152088394332251,1790295190088436420,152088394349714,152088394455114,105.4,20.684,sent,1000,
3405,152088399329030,152088399331120,1790295190093435259,152088399348172,152088399446779,98.607,19.142,sent,1000,
3406,152088404329030,152088404331241,1790295190098435711,152088404349125,152088404451830,102.705,20.095,sent,1000,
3407,152088409329030,152088409331523,1790295190103435822,152088409349297,152088409454346,105.049,20.267,sent,1000,
3408,152088414329030,152088414331225,1790295190108435464,152088414349099,152088414455521,106.422,20.069,sent,1000,
3409,152088419329030,152088419331387,1790295190113435485,152088419348409,152088419452807,104.398,19.379,sent,1000,
3410,152088424329030,152088424330927,1790295190118436017,152088424348801,152088424453900,105.099,19.771,sent,1000,
3411,152088429329030,152088429331689,1790295190123435878,152088429348551,152088429451166,102.615,19.521,sent,1000,
3412,152088434329030,152088434331220,1790295190128435419,152088434349515,152088434453021,103.506,20.485,sent,1000,
3413,152088439329030,152088439330581,1790295190133434699,152088439348394,152088439450207,101.813,19.364,sent,1000,
3414,152088444329030,152088444332125,1790295190138436393,152088444349618,152088444452613,102.995,20.588,sent,1000,
3415,152088449329030,152088449330593,1790295190143434751,152088449349028,152088449449057,100.029,19.998,sent,1000,
3416,152088454329030,152088454331575,1790295190148435724,152088454349109,152088454450421,101.312,20.079,sent,1000,
3417,152088459329030,152088459332149,1790295190153436318,152088459349502,152088459452136,102.634,20.472,sent,1000,
3418,152088464329030,152088464330828,1790295190158434976,152088464348822,152088464451386,102.564,19.792,sent,1000,
3419,152088469329030,152088469331129,1790295190163435268,152088469349213,152088469454363,105.15,20.183,sent,1000,
3420,152088474329030,152088474330639,1790295190168434497,152088474341139,152088474400291,59.152,12.109,sent,1000,
3421,152088479329030,152088479331622,1790295190173435811,152088479349496,152088479454144,104.648,20.466,sent,1000,
3422,152088484329030,152088484331364,1790295190178435713,152088484349469,152088484451672,102.203,20.439,sent,1000,
3423,152088489329030,152088489331886,1790295190183436055,152088489349510,152088489453437,103.927,20.48,sent,1000,
3424,152088494329030,152088494332408,1790295190188436627,152088494350072,152088494453468,103.396,21.042,sent,1000,
3425,152088499329030,152088499331137,1790295190193435616,152088499349492,152088499452276,102.784,20.462,sent,1000,
3426,152088504329030,152088504331479,1790295190198435838,152088504349723,152088504453440,103.717,20.693,sent,1000,
3427,152088509329030,152088509332033,1790295190203436241,152088509349907,152088509452932,103.025,20.877,sent,1000,
3428,152088514329030,152088514331312,1790295190208435621,152088514348835,152088514451249,102.414,19.805,sent,1000,
3429,152088519329030,152088519331804,1790295190213436093,152088519350019,152088519453404,103.385,20.989,sent,1000,
3430,152088524329030,152088524331214,1790295190218435944,152088524349469,152088524452985,103.516,20.439,sent,1000,
3431,152088529329030,152088529331837,1790295190223436336,152088529350352,152088529454379,104.027,21.322,sent,1000,
3432,152088534329030,152088534330586,1790295190228434134,152088534340355,152088534398365,58.01,11.325,sent,1000,
3433,152088539329030,152088539331589,1790295190233435798,152088539349313,152088539453991,104.678,20.283,sent,1000,
3434,152088544329030,152088544330979,1790295190238435799,152088544349444,152088544452048,102.604,20.414,sent,1000,
3435,152088549329030,152088549331030,1790295190243435219,152088549370625,152088549471356,100.731,41.595,sent,1000,
3436,152088554329030,152088554331823,1790295190248435991,152088554349106,152088554453874,104.768,20.076,sent,1000,
3437,152088559329030,152088559331424,1790295190253435903,152088559349027,152088559453024,103.997,19.997,sent,1000,
3438,152088564329030,152088564331024,1790295190258435163,152088564348457,152088564451532,103.075,19.427,sent,1000,
3439,152088569329030,152088569331556,1790295190263435705,152088569348027,152088569441033,93.006,18.997,sent,1000,
3440,152088574329030,152088574332028,1790295190268436196,152088574349140,152088574452887,103.747,20.11,sent,1000,
3441,152088579329030,152088579332000,1790295190273436259,152088579349153,152088579454943,105.79,20.123,sent,1000,
3442,152088584329030,152088584331380,1790295190278435649,152088584348493,152088584451908,103.415,19.463,sent,1000,
3443,152088589329030,152088589331712,1790295190283435860,152088589348784,152088589453392,104.608,19.754,sent,1000,
3444,152088594329030,152088594332254,1790295190288436493,152088594349997,152088594455207,105.21,20.967,sent,1000,
3445,152088599329030,152088599330872,1790295190293435061,152088599347223,152088599451951,104.728,18.193,sent,1000,
3446,152088604329030,152088604331226,1790295190298435434,152088604348739,152088604450241,101.502,19.709,sent,1000,
3447,152088609329030,152088609332058,1790295190303436537,152088609349852,152088609454039,104.187,20.822,sent,1000,
3448,152088614329030,152088614330917,1790295190308435075,152088614348831,152088614452177,103.346,19.801,sent,1000,
3449,152088619329030,152088619331639,1790295190313435818,152088619348481,152088619452188,103.707,19.451,sent,1000,
3450,152088624329030,152088624332031,1790295190318436260,152088624349845,152088624455956,106.111,20.815,sent,1000,
3451,152088629329030,152088629332425,1790295190323436684,152088629350088,152088629453845,103.757,21.058,sent,1000,
3452,152088634329030,152088634331684,1790295190328436003,152088634349638,152088634456110,106.472,20.608,sent,1000,
3453,152088639329030,152088639331265,1790295190333435433,152088639348086,152088639448717,100.631,19.056,sent,1000,
3454,152088644329030,152088644332077,1790295190338436266,152088644349791,152088644451553,101.762,20.761,sent,1000,
3455,152088649329030,152088649331217,1790295190343435345,152088649348389,152088649446856,98.467,19.359,sent,1000,
3456,152088654329030,152088654331721,1790295190348435960,152088654349124,152088654454133,105.009,20.094,sent,1000,
3457,152088659329030,152088659331291,1790295190353436081,152088659349586,152088659455707,106.121,20.556,sent,1000,
3458,152088664329030,152088664330941,1790295190358435080,152088664348264,152088664455227,106.963,19.234,sent,1000,
3459,152088669329030,152088669331674,1790295190363435902,152088669349848,152088669455128,105.28,20.818,sent,1000,
3460,152088674329030,152088674330714,1790295190368434562,152088674340793,152088674399534,58.741,11.763,sent,1000,
3461,152088679329030,152088679331829,1790295190373435988,152088679349823,152088679452898,103.075,20.793,sent,1000,
3462,152088684329030,152088684331018,1790295190378435217,152088684348802,152088684453170,104.368,19.772,sent,1000,
3463,152088689329030,152088689331330,1790295190383435569,152088689349745,152088689454213,104.468,20.715,sent,1000,
3464,152088694329030,152088694332153,1790295190388436341,152088694349485,152088694453392,103.907,20.455,sent,1000,
3465,152088699329030,152088699331613,1790295190393435841,152088699350148,152088699456379,106.231,21.118,sent,1000,
3466,152088704329030,152088704501315,1790295190398605504,152088704519590,152088704622234,102.644,190.56,sent,1000,
3467,152088709329030,152088709331685,1790295190403436174,152088709349669,152088709452103,102.434,20.639,sent,1000,
3468,152088714329030,152088714331064,1790295190408435313,152088714348798,152088714453346,104.548,19.768,sent,1000,
3469,152088719329030,152088719331035,1790295190413434603,152088719340814,152088719400066,59.252,11.784,sent,1000,
3470,152088724329030,152088724331499,1790295190418435878,152088724349363,152088724452749,103.386,20.333,sent,1000,
3471,152088729329030,152088729331911,1790295190423436370,152088729350085,152088729453220,103.135,21.055,sent,1000,
3472,152088734329030,152088734331481,1790295190428435669,152088734349024,152088734453031,104.007,19.994,sent,1000,
3473,152088739329030,152088739329789,1790295190433433657,152088739339006,152088739392197,53.191,9.976,sent,1000,
3474,152088744329030,152088744329840,1790295190438435361,152088744343596,152088744398881,55.285,14.566,sent,1000,
3475,152088749329030,152088749329602,1790295190443432618,152088749333129,152088749356413,23.284,4.099,sent,1000,
3476,152088754329030,152088754329693,1790295190448432720,152088754332809,152088754357496,24.687,3.779,sent,1000,
3477,152088759329030,152088759329634,1790295190453432650,152088759332910,152088759356084,23.174,3.88,sent,1000,
3478,152088764329030,152088764329765,1790295190458432792,152088764353661,152088764378007,24.346,24.631,sent,1000,
3479,152088769329030,152088769329658,1790295190463432684,152088769332844,152088769363352,30.508,3.814,sent,1000,
3480,152088774329030,152088774330180,1790295190468433737,152088774339497,152088774399812,60.315,10.467,sent,1000,
3481,152088779329030,152088779331383,1790295190473435531,152088779349718,152088779455939,106.221,20.688,sent,1000,
3482,152088784329030,152088784372582,1790295190478476871,152088784391508,152088784496276,104.768,62.478,sent,1000,
3483,152088789329030,152088789342406,1790295190483445994,152088789352335,152088789413150,60.815,23.305,sent,1000,
3484,152088794329030,152088794331649,1790295190488435888,152088794349132,152088794455664,106.532,20.102,sent,1000,
3485,152088799329030,152088799331279,1790295190493435488,152088799349394,152088799452188,102.794,20.364,sent,1000,
3486,152088804329030,152088804331531,1790295190498435729,152088804349274,152088804452590,103.316,20.244,sent,1000,
3487,152088809329030,152088809331482,1790295190503435971,152088809348784,152088809454394,105.61,19.754,sent,1000,
3488,152088814329030,152088814330091,1790295190508433618,152088814339970,152088814398090,58.12,10.94,sent,1000,
3489,152088819329030,152088819330624,1790295190513434161,152088819340032,152088819398923,58.891,11.002,sent,1000,
3490,152088824329030,152088824332067,1790295190518436376,152088824350172,152088824451574,101.402,21.142,sent,1000,
3491,152088829329030,152088829331958,1790295190523436087,152088829349772,152088829454150,104.378,20.742,sent,1000,
3492,152088834329030,152088834331498,1790295190528435677,152088834349362,152088834454050,104.688,20.332,sent,1000,
3493,152088839329030,152088839331770,1790295190533435928,152088839350054,152088839452849,102.795,21.024,sent,1000,
3494,152088844329030,152088844331422,1790295190538435661,152088844349346,152088844452882,103.536,20.316,sent,1000,
3495,152088849329030,152088849331293,1790295190543435482,152088849348536,152088849453024,104.488,19.506,sent,1000,
3496,152088854329030,152088854331675,1790295190548435893,152088854349078,152088854452864,103.786,20.048,sent,1000,
3497,152088859329030,152088859332036,1790295190553436175,152088859349820,152088859456141,106.321,20.79,sent,1000,
3498,152088864329030,152088864330165,1790295190558433693,152088864338682,152088864387765,49.083,9.652,sent,1000,
3499,152088869329030,152088869329635,1790295190563432672,152088869333813,152088869362858,29.045,4.783,sent,1000,
3500,152088874329030,152088874329616,1790295190568432643,152088874333083,152088874357189,24.106,4.053,sent,1000,
3501,152088879329030,152088879329477,1790295190573432504,152088879332673,152088879357149,24.476,3.643,sent,1000,
3502,152088884329030,152088884329729,1790295190578432755,152088884332895,152088884356980,24.085,3.865,sent,1000,
3503,152088889329030,152088889329631,1790295190583432647,152088889332807,152088889356582,23.775,3.777,sent,1000,
3504,152088894329030,152088894331045,1790295190588436145,152088894349870,152088894452825,102.955,20.84,sent,1000,
3505,152088899329030,152088899331026,1790295190593435335,152088899350673,152088899458267,107.594,21.643,sent,1000,
3506,152088904329030,152088904331187,1790295190598435366,152088904348780,152088904453378,104.598,19.75,sent,1000,
3507,152088909329030,152088909331579,1790295190603435728,152088909348792,152088909451837,103.045,19.762,sent,1000,
3508,152088914329030,152088914330279,1790295190608433806,152088914339757,152088914399991,60.234,10.727,sent,1000,
3509,152088919329030,152088919330751,1790295190613434879,152088919347432,152088919448995,101.563,18.402,sent,1000,
3510,152088924329030,152088924330912,1790295190618434600,152088924340600,152088924398981,58.381,11.57,sent,1000,
3511,152088929329030,152088929331835,1790295190623436013,152088929349849,152088929455309,105.46,20.819,sent,1000,
3512,152088934329030,152088934331395,1790295190628435554,152088934348968,152088934452344,103.376,19.938,sent,1000,
3513,152088939329030,152088939331467,1790295190633435616,152088939348199,152088939453278,105.079,19.169,sent,1000,
3514,152088944329030,152088944331148,1790295190638436018,152088944349893,152088944454121,104.228,20.863,sent,1000,
3515,152088949329030,152088949331038,1790295190643435257,152088949348091,152088949452969,104.878,19.061,sent,1000,
3516,152088954329030,152088954331380,1790295190648435519,152088954349063,152088954451487,102.424,20.033,sent,1000,
3517,152088959329030,152088959331461,1790295190653435931,152088959349275,152088959449866,100.591,20.245,sent,1000,
3518,152088964329030,152088964330942,1790295190658435191,152088964348745,152088964451400,102.655,19.715,sent,1000,
3519,152088969329030,152088969329660,1790295190663432687,152088969333377,152088969358004,24.627,4.347,sent,1000,
3520,152088974329030,152088974330813,1790295190668434681,152088974352835,152088974409613,56.778,23.805,sent,1000,
3521,152088979329030,152088979331846,1790295190673436055,152088979349630,152088979452765,103.135,20.6,sent,1000,
3522,152088984329030,152088984329805,1790295190678433723,152088984339243,152088984393215,53.972,10.213,sent,1000,
3523,152088989329030,152088989331570,1790295190683435748,152088989349584,152088989452358,102.774,20.554,sent,1000,
3524,152088994329030,152088994331901,1790295190688436070,152088994349154,152088994455114,105.96,20.124,sent,1000,
3525,152088999329030,152088999331091,1790295190693435249,152088999348684,152088999452400,103.716,19.654,sent,1000,
3526,152089004329030,152089004330591,1790295190698434188,152089004340129,152089004398339,58.21,11.099,sent,1000,
3527,152089009329030,152089009332016,1790295190703436185,152089009349570,152089009455320,105.75,20.54,sent,1000,
3528,152089014329030,152089014330965,1790295190708435144,152089014348799,152089014448177,99.378,19.769,sent,1000,
3529,152089019329030,152089019331347,1790295190713435536,152089019349171,152089019455232,106.061,20.141,sent,1000,
3530,152089024329030,152089024330927,1790295190718435056,152089024349262,152089024447718,98.456,20.232,sent,1000,
3531,152089029329030,152089029329376,1790295190723432693,152089029333003,152089029351378,18.375,3.973,sent,1000,
3532,152089034329030,152089034329649,1790295190728432675,152089034333015,152089034356279,23.264,3.985,sent,1000,
3533,152089039329030,152089039330691,1790295190733434249,152089039340159,152089039398239,58.08,11.129,sent,1000,
3534,152089044329030,152089044331193,1790295190738436484,152089044349218,152089044446933,97.715,20.188,sent,1000,
3535,152089049329030,152089049330844,1790295190743435293,152089049349549,152089049410314,60.765,20.519,sent,1000,
3536,152089054329030,152089054330595,1790295190748434103,152089054340133,152089054397191,57.058,11.103,sent,1000,
3537,152089059329030,152089059331098,1790295190753435607,152089059349372,152089059453540,104.168,20.342,sent,1000,
3538,152089064329030,152089064330989,1790295190758435127,152089064347961,152089064450705,102.744,18.931,sent,1000,
3539,152089069329030,152089069331270,1790295190763435479,152089069348904,152089069450476,101.572,19.874,sent,1000,
3540,152089074329030,152089074330680,1790295190768434979,152089074341000,152089074401184,60.184,11.97,sent,1000,
3541,152089079329030,152089079332045,1790295190773436224,152089079350239,152089079454677,104.438,21.209,sent,1000,
3542,152089084329030,152089084331475,1790295190778435684,152089084349469,152089084453156,103.687,20.439,sent,1000,
3543,152089089329030,152089089331166,1790295190783435274,152089089347096,152089089447626,100.53,18.066,sent,1000,
3544,152089094329030,152089094331908,1790295190788436097,152089094349581,152089094454801,105.22,20.551,sent,1000,
3545,152089099329030,152089099330967,1790295190793435126,152089099348791,152089099453149,104.358,19.761,sent,1000,
3546,152089104329030,152089104331301,1790295190798435510,152089104348694,152089104450246,101.552,19.664,sent,1000,
3547,152089109329030,152089109330751,1790295190803434859,152089109348865,152089109448674,99.809,19.835,sent,1000,
3548,152089114329030,152089114331112,1790295190808435301,152089114348546,152089114452252,103.706,19.516,sent,1000,
3549,152089119329030,152089119331414,1790295190813435573,152089119348456,152089119449428,100.972,19.426,sent,1000,
3550,152089124329030,152089124331365,1790295190818435534,152089124347746,152089124441223,93.477,18.716,sent,1000,
3551,152089129329030,152089129332390,1790295190823436569,152089129349312,152089129453359,104.047,20.282,sent,1000,
3552,152089134329030,152089134331078,1790295190828435247,152089134348532,152089134452188,103.656,19.502,sent,1000,
3553,152089139329030,152089139331610,1790295190833435849,152089139349795,152089139455355,105.56,20.765,sent,1000,
3554,152089144329030,152089144332193,1790295190838436431,152089144350026,152089144453232,103.206,20.996,sent,1000,
3555,152089149329030,152089149330262,1790295190843434601,152089149344849,152089149438136,93.287,15.819,sent,1000,
3556,152089154329030,152089154330603,1790295190848434241,152089154340652,152089154397360,56.708,11.622,sent,1000,
3557,152089159329030,152089159331997,1790295190853436286,152089159350241,152089159454549,104.308,21.211,sent,1000,
3558,152089164329030,152089164330655,1790295190858434844,152089164348519,152089164452316,103.797,19.489,sent,1000,
3559,152089169329030,152089169331388,1790295190863435596,152089169348891,152089169451936,103.045,19.861,sent,1000,
3560,152089174329030,152089174332021,1790295190868436290,152089174349865,152089174453932,104.067,20.835,sent,1000,
3561,152089179329030,152089179332223,1790295190873436371,152089179349806,152089179453502,103.696,20.776,sent,1000,
3562,152089184329030,152089184330691,1790295190878434268,152089184340219,152089184398599,58.38,11.189,sent,1000,
3563,152089189329030,152089189331423,1790295190883435652,152089189349657,152089189451921,102.264,20.627,sent,1000,
3564,152089194329030,152089194331985,1790295190888436084,152089194349859,152089194456581,106.722,20.829,sent,1000,
3565,152089199329030,152089199331026,1790295190893435155,152089199349030,152089199453278,104.248,20.0,sent,1000,
3566,152089204329030,152089204330707,1790295190898434254,152089204340285,152089204399006,58.721,11.255,sent,1000,
3567,152089209329030,152089209330688,1790295190903434806,152089209348151,152089209452118,103.967,19.121,sent,1000,
3568,152089214329030,152089214331099,1790295190908435248,152089214348823,152089214452640,103.817,19.793,sent,1000,
3569,152089219329030,152089219331020,1790295190913435219,152089219348634,152089219451188,102.554,19.604,sent,1000,
3570,152089224329030,152089224331412,1790295190918435711,152089224349476,152089224452652,103.176,20.446,sent,1000,
3571,152089229329030,152089229330501,1790295190923434519,152089229340650,152089229401025,60.375,11.62,sent,1000,
3572,152089234329030,152089234331123,1790295190928435242,152089234348566,152089234456020,107.454,19.536,sent,1000,
3573,152089239329030,152089239331435,1790295190933435533,152089239349579,152089239452895,103.316,20.549,sent,1000,
3574,152089244329030,152089244330977,1790295190938434625,152089244340455,152089244400048,59.593,11.425,sent,1000,
3575,152089249329030,152089249330908,1790295190943435037,152089249349022,152089249454602,105.58,19.992,sent,1000,
3576,152089254329030,152089254330578,1790295190948434116,152089254339956,152089254398427,58.471,10.926,sent,1000,
3577,152089259329030,152089259331802,1790295190953436010,152089259349846,152089259455907,106.061,20.816,sent,1000,
3578,152089264329030,152089264331382,1790295190958435581,152089264349787,152089264458503,108.716,20.757,sent,1000,
3579,152089269329030,152089269331565,1790295190963436165,152089269350351,152089269456402,106.051,21.321,sent,1000,
3580,152089274329030,152089274331827,1790295190968435955,152089274350642,152089274458557,107.915,21.612,sent,1000,
3581,152089279329030,152089279331818,1790295190973436257,152089279350193,152089279457386,107.193,21.163,sent,1000,
3582,152089284329030,152089284330636,1790295190978434915,152089284349172,152089284454942,105.77,20.142,sent,1000,
3583,152089289329030,152089289331108,1790295190983435307,152089289348722,152089289455143,106.421,19.692,sent,1000,
3584,152089294329030,152089294331923,1790295190988436372,152089294349907,152089294454465,104.558,20.877,sent,1000,
3585,152089299329030,152089299330902,1790295190993435101,152089299349377,152089299455648,106.271,20.347,sent,1000,
3586,152089304329030,152089304333167,1790295190998437336,152089304352093,152089304456761,104.668,23.063,sent,1000,
3587,152089309329030,152089309332036,1790295191003436185,152089309350010,152089309454969,104.959,20.98,sent,1000,
3588,152089314329030,152089314330875,1790295191008435094,152089314349220,152089314456713,107.493,20.19,sent,1000,
3589,152089319329030,152089319331449,1790295191013435648,152089319348892,152089319451637,102.745,19.862,sent,1000,
3590,152089324329030,152089324330608,1790295191018434527,152089324340547,152089324443593,103.046,11.517,sent,1000,
3591,152089329329030,152089329331301,1790295191023435810,152089329348253,152089329448423,100.17,19.223,sent,1000,
3592,152089334329030,152089334329999,1790295191028433547,152089334339357,152089334398028,58.671,10.327,sent,1000,
3593,152089339329030,152089339330611,1790295191033434159,152089339340119,152089339411625,71.506,11.089,sent,1000,
3594,152089344329030,152089344331815,1790295191038436284,152089344350159,152089344453435,103.276,21.129,sent,1000,
3595,152089349329030,152089349330864,1790295191043435012,152089349348838,152089349450921,102.083,19.808,sent,1000,
3596,152089354329030,152089354329662,1790295191048432819,152089354336806,152089354378265,41.459,7.776,sent,1000,
3597,152089359329030,152089359330425,1790295191053434413,152089359337438,152089359374528,37.09,8.408,sent,1000,
3598,152089364329030,152089364331359,1790295191058435588,152089364349173,152089364453851,104.678,20.143,sent,1000,
3599,152089369329030,152089369331350,1790295191063435599,152089369349154,152089369411412,62.258,20.124,sent,1000,
3600,152089374329030,152089374331341,1790295191068435570,152089374348694,152089374453924,105.23,19.664,sent,1000,
3601,152089379329030,152089379329659,1790295191073432676,152089379333617,152089379359215,25.598,4.587,sent,1000,
3602,152089384329030,152089384330223,1790295191078433740,152089384339851,152089384398673,58.822,10.821,sent,1000,
3603,152089389329030,152089389331727,1790295191083435965,152089389349821,152089389456082,106.261,20.791,sent,1000,
3604,152089394329030,152089394332259,1790295191088436477,152089394349992,152089394455282,105.29,20.962,sent,1000,
3605,152089399329030,152089399331007,1790295191093435176,152089399370753,152089399474098,103.345,41.723,sent,1000,
3606,152089404329030,152089404330447,1790295191098434616,152089404347690,152089404451447,103.757,18.66,sent,1000,
3607,152089409329030,152089409331352,1790295191103435861,152089409348374,152089409451620,103.246,19.344,sent,1000,
3608,152089414329030,152089414331483,1790295191108435772,152089414349107,152089414452713,103.606,20.077,sent,1000,
3609,152089419329030,152089419330292,1790295191113434140,152089419340020,152089419398451,58.431,10.99,sent,1000,
3610,152089424329030,152089424331756,1790295191118435964,152089424349319,152089424452975,103.656,20.289,sent,1000,
3611,152089429329030,152089429331346,1790295191123435805,152089429348118,152089429450061,101.943,19.088,sent,1000,
3612,152089434329030,152089434330948,1790295191128435107,152089434347910,152089434453791,105.881,18.88,sent,1000,
3613,152089439329030,152089439331440,1790295191133435649,152089439349444,152089439453011,103.567,20.414,sent,1000,
3614,152089444329030,152089444331922,1790295191138436271,152089444349786,152089444450547,100.761,20.756,sent,1000,
3615,152089449329030,152089449330230,1790295191143433727,152089449339888,152089449397427,57.539,10.858,sent,1000,
3616,152089454329030,152089454330192,1790295191148433739,152089454340201,152089454398150,57.949,11.171,sent,1000,
3617,152089459329030,152089459331967,1790295191153436196,152089459350402,152089459456152,105.75,21.372,sent,1000,
3618,152089464329030,152089464331306,1790295191158435455,152089464349661,152089464452686,103.025,20.631,sent,1000,
3619,152089469329030,152089469331438,1790295191163435666,152089469348700,152089469452277,103.577,19.67,sent,1000,
3620,152089474329030,152089474331900,1790295191168436088,152089474349894,152089474454873,104.979,20.864,sent,1000,
3621,152089479329030,152089479331741,1790295191173436200,152089479350206,152089479455966,105.76,21.176,sent,1000,
3622,152089484329030,152089484330650,1790295191178434839,152089484348885,152089484453332,104.447,19.855,sent,1000,
3623,152089489329030,152089489331322,1790295191183435491,152089489348455,152089489451059,102.604,19.425,sent,1000,
3624,152089494329030,152089494332045,1790295191188436223,152089494349838,152089494453324,103.486,20.808,sent,1000,
3625,152089499329030,152089499330954,1790295191193435172,152089499348166,152089499451181,103.015,19.136,sent,1000,
3626,152089504329030,152089504331037,1790295191198435245,152089504348770,152089504453118,104.348,19.74,sent,1000,
3627,152089509329030,152089509331539,1790295191203435737,152089509348330,152089509455994,107.664,19.3,sent,1000,
3628,152089514329030,152089514330999,1790295191208435438,152089514348662,152089514451757,103.095,19.632,sent,1000,
3629,152089519329030,152089519331340,1790295191213435569,152089519349084,152089519451107,102.023,20.054,sent,1000,
3630,152089524329030,152089524332025,1790295191218436253,152089524349768,152089524452643,102.875,20.738,sent,1000,
3631,152089529329030,152089529332096,1790295191223436315,152089529350040,152089529455960,105.92,21.01,sent,1000,
3632,152089534329030,152089534330955,1790295191228435143,152089534348358,152089534452455,104.097,19.328,sent,1000,
3633,152089539329030,152089539331507,1790295191233435705,152089539349811,152089539452666,102.855,20.781,sent,1000,
3634,152089544329030,152089544331387,1790295191238435907,152089544349231,152089544452397,103.166,20.201,sent,1000,
3635,152089549329030,152089549330739,1790295191243434878,152089549347521,152089549451668,104.147,18.491,sent,1000,
3636,152089554329030,152089554330670,1790295191248434889,152089554348324,152089554452511,104.187,19.294,sent,1000,
3637,152089559329030,152089559331793,1790295191253435982,152089559350318,152089559454405,104.087,21.288,sent,1000,
3638,152089564329030,152089564331454,1790295191258435662,152089564349498,152089564452773,103.275,20.468,sent,1000,
3639,152089569329030,152089569331324,1790295191263435503,152089569348858,152089569452825,103.967,19.828,sent,1000,
3640,152089574329030,152089574331408,1790295191268435586,152089574349241,152089574454972,105.731,20.211,sent,1000,
3641,152089579329030,152089579331869,1790295191273435998,152089579348661,152089579452718,104.057,19.631,sent,1000,
3642,152089584329030,152089584329967,1790295191278433604,152089584339936,152089584398597,58.661,10.906,sent,1000,
3643,152089589329030,152089589331330,1790295191283435479,152089589348824,152089589451007,102.183,19.794,sent,1000,
3644,152089594329030,152089594332194,1790295191288436583,152089594350689,152089594455378,104.689,21.659,sent,1000,
3645,152089599329030,152089599330131,1790295191293433649,152089599340010,152089599399623,59.613,10.98,sent,1000,
3646,152089604329030,152089604330493,1790295191298434702,152089604348056,152089604446352,98.296,19.026,sent,1000,
3647,152089609329030,152089609331346,1790295191303435795,152089609349550,152089609455080,105.53,20.52,sent,1000,
3648,152089614329030,152089614331176,1790295191308435555,152089614371433,152089614475380,103.947,42.403,sent,1000,
3649,152089619329030,152089619330518,1790295191313434707,152089619347691,152089619451788,104.097,18.661,sent,1000,
3650,152089624329030,152089624331671,1790295191318436080,152089624350537,152089624408837,58.3,21.507,sent,1000,
3651,152089629329030,152089629332053,1790295191323436182,152089629349967,152089629457661,107.694,20.937,sent,1000,
3652,152089634329030,152089634330631,1790295191328434820,152089634348445,152089634450639,102.194,19.415,sent,1000,
3653,152089639329030,152089639331023,1790295191333435232,152089639348717,152089639451732,103.015,19.687,sent,1000,
3654,152089644329030,152089644331675,1790295191338435844,152089644347465,152089644444950,97.485,18.435,sent,1000,
3655,152089649329030,152089649331526,1790295191343435815,152089649348969,152089649451934,102.965,19.939,sent,1000,
3656,152089654329030,152089654329884,1790295191348433732,152089654339582,152089654397462,57.88,10.552,sent,1000,
3657,152089659329030,152089659331868,1790295191353436177,152089659349973,152089659454240,104.267,20.943,sent,1000,
3658,152089664329030,152089664332001,1790295191358436100,152089664349084,152089664452420,103.336,20.054,sent,1000,
3659,152089669329030,152089669330810,1790295191363434939,152089669347883,152089669445187,97.304,18.853,sent,1000,
3660,152089674329030,152089674331032,1790295191368434619,152089674340730,152089674399772,59.042,11.7,sent,1000,
3661,152089679329030,152089679332024,1790295191373436243,152089679350309,152089679455839,105.53,21.279,sent,1000,
3662,152089684329030,152089684330805,1790295191378434953,152089684347947,152089684451393,103.446,18.917,sent,1000,
3663,152089689329030,152089689331036,1790295191383435215,152089689348059,152089689447858,99.799,19.029,sent,1000,
3664,152089694329030,152089694331949,1790295191388436188,152089694349933,152089694453399,103.466,20.903,sent,1000,
3665,152089699329030,152089699331469,1790295191393435738,152089699348962,152089699451627,102.665,19.932,sent,1000,
3666,152089704329030,152089704330929,1790295191398435178,152089704348943,152089704455525,106.582,19.913,sent,1000,
3667,152089709329030,152089709331864,1790295191403436093,152089709350159,152089709453274,103.115,21.129,sent,1000,
3668,152089714329030,152089714331624,1790295191408436114,152089714349679,152089714453605,103.926,20.649,sent,1000,
3669,152089719329030,152089719331265,1790295191413435433,152089719348988,152089719453937,104.949,19.958,sent,1000,
3670,152089724329030,152089724331346,1790295191418435534,152089724349610,152089724458897,109.287,20.58,sent,1000,
3671,152089729329030,152089729331588,1790295191423436047,152089729348570,152089729453940,105.37,19.54,sent,1000,
3672,152089734329030,152089734331260,1790295191428435459,152089734349735,152089734453852,104.117,20.705,sent,1000,
3673,152089739329030,152089739329688,1790295191433433246,152089739338725,152089739392858,54.133,9.695,sent,1000,
3674,152089744329030,152089744329819,1790295191438434790,152089744343906,152089744399712,55.806,14.876,sent,1000,
3675,152089749329030,152089749329540,1790295191443432556,152089749332826,152089749356070,23.244,3.796,sent,1000,
3676,152089754329030,152089754329662,1790295191448432689,152089754332848,152089754356002,23.154,3.818,sent,1000,
3677,152089759329030,152089759329654,1790295191453432670,152089759332840,152089759357256,24.416,3.81,sent,1000,
3678,152089764329030,152089764329464,1790295191458432481,152089764332580,152089764357157,24.577,3.55,sent,1000,
3679,152089769329030,152089769329586,1790295191463432602,152089769332762,152089769355835,23.073,3.732,sent,1000,
3680,152089774329030,152089774329747,1790295191468432763,152089774332853,152089774357770,24.917,3.823,sent,1000,
3681,152089779329030,152089779331833,1790295191473436312,152089779349286,152089779457301,108.015,20.256,sent,1000,
3682,152089784329030,152089784330702,1790295191478434931,152089784348857,152089784457633,108.776,19.827,sent,1000,
3683,152089789329030,152089789330984,1790295191483435223,152089789349178,152089789456381,107.203,20.148,sent,1000,
3684,152089794329030,152089794330955,1790295191488434462,152089794340753,152089794401078,60.325,11.723,sent,1000,
3685,152089799329030,152089799338571,1790295191493442800,152089799356035,152089799464580,108.545,27.005,sent,1000,
3686,152089804329030,152089804330848,1790295191498435047,152089804348712,152089804453561,104.849,19.682,sent,1000,
3687,152089809329030,152089809331911,1790295191503436130,152089809350406,152089809456257,105.851,21.376,sent,1000,
3688,152089814329030,152089814331742,1790295191508436211,152089814350397,152089814457861,107.464,21.367,sent,1000,
3689,152089819329030,152089819330049,1790295191513433938,152089819339648,152089819398740,59.092,10.618,sent,1000,
3690,152089824329030,152089824330954,1790295191518434491,152089824353236,152089824411547,58.311,24.206,sent,1000,
3691,152089829329030,152089829332007,1790295191523436276,152089829349911,152089829453587,103.676,20.881,sent,1000,
3692,152089834329030,152089834330856,1790295191528435014,152089834348499,152089834451835,103.336,19.469,sent,1000,
3693,152089839329030,152089839331468,1790295191533435667,152089839349352,152089839452217,102.865,20.322,sent,1000,
3694,152089844329030,152089844330177,1790295191538434365,152089844347339,152089844450985,103.646,18.309,sent,1000,
3695,152089849329030,152089849331752,1790295191543435961,152089849349356,152089849454765,105.409,20.326,sent,1000,
3696,152089854329030,152089854330220,1790295191548433728,152089854339969,152089854394232,54.263,10.939,sent,1000,
3697,152089859329030,152089859331113,1790295191553434620,152089859340952,152089859399502,58.55,11.922,sent,1000,
3698,152089864329030,152089864330563,1790295191558434581,152089864339710,152089864388432,48.722,10.68,sent,1000,
3699,152089869329030,152089869329653,1790295191563432669,152089869333530,152089869359770,26.24,4.5,sent,1000,
3700,152089874329030,152089874331238,1790295191568435437,152089874349052,152089874453439,104.387,20.022,sent,1000,
3701,152089879329030,152089879331339,1790295191573434866,152089879340747,152089879399658,58.911,11.717,sent,1000,
3702,152089884329030,152089884330709,1790295191578434917,152089884348853,152089884452049,103.196,19.823,sent,1000,
3703,152089889329030,152089889330981,1790295191583435209,152089889348865,152089889452902,104.037,19.835,sent,1000,
3704,152089894329030,152089894332055,1790295191588436594,152089894349829,152089894453675,103.846,20.799,sent,1000,
3705,152089899329030,152089899332056,1790295191593436225,152089899350310,152089899455520,105.21,21.28,sent,1000,
3706,152089904329030,152089904331035,1790295191598435354,152089904348137,152089904452134,103.997,19.107,sent,1000,
3707,152089909329030,152089909331417,1790295191603435685,152089909349711,152089909455442,105.731,20.681,sent,1000,
3708,152089914329030,152089914331639,1790295191608436108,152089914349753,152089914453981,104.228,20.723,sent,1000,
3709,152089919329030,152089919330468,1790295191613435018,152089919348653,152089919452460,103.807,19.623,sent,1000,
3710,152089924329030,152089924331291,1790295191618435420,152089924348744,152089924452230,103.486,19.714,sent,1000,
3711,152089929329030,152089929332093,1790295191623436382,152089929349957,152089929453634,103.677,20.927,sent,1000,
3712,152089934329030,152089934330932,1790295191628435071,152089934347884,152089934451420,103.536,18.854,sent,1000,
3713,152089939329030,152089939330724,1790295191633434822,152089939347626,152089939444249,96.623,18.596,sent,1000,
3714,152089944329030,152089944331797,1790295191638435915,152089944349040,152089944452836,103.796,20.01,sent,1000,
3715,152089949329030,152089949331648,1790295191643435876,152089949349431,152089949452647,103.216,20.401,sent,1000,
3716,152089954329030,152089954331358,1790295191648435767,152089954349332,152089954453880,104.548,20.302,sent,1000,
3717,152089959329030,152089959331740,1790295191653435948,152089959349854,152089959454091,104.237,20.824,sent,1000,
3718,152089964329030,152089964331742,1790295191658436202,152089964349747,152089964450758,101.011,20.717,sent,1000,
3719,152089969329030,152089969331072,1790295191663435341,152089969348355,152089969451270,102.915,19.325,sent,1000,
3720,152089974329030,152089974330532,1790295191668434069,152089974340050,152089974399643,59.593,11.02,sent,1000,
3721,152089979329030,152089979331455,1790295191673435684,152089979348798,152089979453416,104.618,19.768,sent,1000,
3722,152089984329030,152089984330065,1790295191678433603,152089984340034,152089984398705,58.671,11.004,sent,1000,
3723,152089989329030,152089989330617,1790295191683434846,152089989347640,152089989447689,100.049,18.61,sent,1000,
3724,152089994329030,152089994330578,1790295191688434426,152089994340577,152089994399639,59.062,11.547,sent,1000,
3725,152089999329030,152089999330850,1790295191693434838,152089999340718,152089999399199,58.481,11.688,sent,1000,
3726,152090004329030,152090004331061,1790295191698435310,152090004348985,152090004452621,103.636,19.955,sent,1000,
3727,152090009329030,152090009331765,1790295191703435934,152090009349118,152090009455229,106.111,20.088,sent,1000,
3728,152090014329030,152090014331786,1790295191708435905,152090014348608,152090014447175,98.567,19.578,sent,1000,
3729,152090019329030,152090019331156,1790295191713435365,152090019348940,152090019450221,101.281,19.91,sent,1000,
3730,152090024329030,152090024331568,1790295191718435796,152090024349381,152090024450503,101.122,20.351,sent,1000,
3731,152090029329030,152090029330888,1790295191723434686,152090029339695,152090029373038,33.343,10.665,sent,1000,
3732,152090034329030,152090034329648,1790295191728432664,152090034332984,152090034357611,24.627,3.954,sent,1000,
3733,152090039329030,152090039329568,1790295191733432585,152090039332855,152090039357071,24.216,3.825,sent,1000,
3734,152090044329030,152090044331914,1790295191738436273,152090044350269,152090044454386,104.117,21.239,sent,1000,
3735,152090049329030,152090049331133,1790295191743434621,152090049339980,152090049393622,53.642,10.95,sent,1000,
3736,152090054329030,152090054330254,1790295191748433761,152090054340042,152090054399314,59.272,11.012,sent,1000,
3737,152090059329030,152090059331638,1790295191753435907,152090059349852,152090059455703,105.851,20.822,sent,1000,
3738,152090064329030,152090064331649,1790295191758436048,152090064349242,152090064446366,97.124,20.212,sent,1000,
3739,152090069329030,152090069331089,1790295191763435247,152090069349263,152090069452529,103.266,20.233,sent,1000,
3740,152090074329030,152090074330639,1790295191768434186,152090074340297,152090074399329,59.032,11.267,sent,1000,
3741,152090079329030,152090079330621,1790295191773434509,152090079340500,152090079397248,56.748,11.47,sent,1000,
3742,152090084329030,152090084331254,1790295191778435503,152090084349378,152090084456772,107.394,20.348,sent,1000,
3743,152090089329030,152090089331355,1790295191783435674,152090089349129,152090089453035,103.906,20.099,sent,1000,
3744,152090094329030,152090094331616,1790295191788435755,152090094349110,152090094452305,103.195,20.08,sent,1000,
3745,152090099329030,152090099331267,1790295191793435726,152090099348640,152090099453148,104.508,19.61,sent,1000,
3746,152090104329030,152090104331100,1790295191798435248,152090104349144,152090104453171,104.027,20.114,sent,1000,
3747,152090109329030,152090109331772,1790295191803435950,152090109349606,152090109454053,104.447,20.576,sent,1000,
3748,152090114329030,152090114332003,1790295191808436162,152090114349747,152090114453764,104.017,20.717,sent,1000,
3749,152090119329030,152090119331163,1790295191813435321,152090119349087,152090119454025,104.938,20.057,sent,1000,
3750,152090124329030,152090124331186,1790295191818435404,152090124348448,152090124453217,104.769,19.418,sent,1000,
3751,152090129329030,152090129332369,1790295191823436608,152090129349682,152090129453679,103.997,20.652,sent,1000,
3752,152090134329030,152090134331308,1790295191828435517,152090134348851,152090134451085,102.234,19.821,sent,1000,
3753,152090139329030,152090139331038,1790295191833435247,152090139348101,152090139452358,104.257,19.071,sent,1000,
3754,152090144329030,152090144331791,1790295191838435980,152090144349845,152090144455084,105.239,20.815,sent,1000,
3755,152090149329030,152090149331223,1790295191843435963,152090149348987,152090149454126,105.139,19.957,sent,1000,
3756,152090154329030,152090154329881,1790295191848433389,152090154339910,152090154398191,58.281,10.88,sent,1000,
3757,152090159329030,152090159331626,1790295191853435794,152090159348878,152090159451713,102.835,19.848,sent,1000,
3758,152090164329030,152090164330524,1790295191858434683,152090164348128,152090164448017,99.889,19.098,sent,1000,
3759,152090169329030,152090169330917,1790295191863435075,152090169347698,152090169453309,105.611,18.668,sent,1000,
3760,152090174329030,152090174330498,1790295191868434086,152090174340227,152090174400641,60.414,11.197,sent,1000,
3761,152090179329030,152090179332012,1790295191873436241,152090179350106,152090179453342,103.236,21.076,sent,1000,
3762,152090184329030,152090184330881,1790295191878435039,152090184346971,152090184441701,94.73,17.941,sent,1000,
3763,152090189329030,152090189330982,1790295191883435191,152090189348385,152090189453655,105.27,19.355,sent,1000,
3764,152090194329030,152090194332047,1790295191888436235,152090194350111,152090194450842,100.731,21.081,sent,1000,
3765,152090199329030,152090199332068,1790295191893436286,152090199349711,152090199453237,103.526,20.681,sent,1000,
3766,152090204329030,152090204331077,1790295191898435376,152090204348249,152090204452146,103.897,19.219,sent,1000,
3767,152090209329030,152090209330617,1790295191903434745,152090209348180,152090209449712,101.532,19.15,sent,1000,
3768,152090214329030,152090214332052,1790295191908436240,152090214350136,152090214453381,103.245,21.106,sent,1000,
3769,152090219329030,152090219331243,1790295191913435402,152090219349087,152090219452893,103.806,20.057,sent,1000,
3770,152090224329030,152090224330823,1790295191918435122,152090224348376,152090224450550,102.174,19.346,sent,1000,
3771,152090229329030,152090229331606,1790295191923436075,152090229349359,152090229452585,103.226,20.329,sent,1000,
3772,152090234329030,152090234331867,1790295191928436096,152090234349791,152090234453217,103.426,20.761,sent,1000,
3773,152090239329030,152090239330846,1790295191933434985,152090239349702,152090239453398,103.696,20.672,sent,1000,
3774,152090244329030,152090244332049,1790295191938436208,152090244348861,152090244449201,100.34,19.831,sent,1000,
3775,152090249329030,152090249331630,1790295191943436159,152090249371746,152090249475733,103.987,42.716,sent,1000,
3776,152090254329030,152090254329957,1790295191948433495,152090254339345,152090254398357,59.012,10.315,sent,1000,
3777,152090259329030,152090259330600,1790295191953434768,152090259348283,152090259454214,105.931,19.253,sent,1000,
3778,152090264329030,152090264330763,1790295191958435743,152090264349047,152090264452974,103.927,20.017,sent,1000,
3779,152090269329030,152090269330493,1790295191963434612,152090269347515,152090269444208,96.693,18.485,sent,1000,
3780,152090274329030,152090274330604,1790295191968434172,152090274340433,152090274400306,59.873,11.403,sent,1000,
3781,152090279329030,152090279329904,1790295191973433511,152090279339512,152090279393885,54.373,10.482,sent,1000,
3782,152090284329030,152090284331308,1790295191978435546,152090284348751,152090284453459,104.708,19.721,sent,1000,
3783,152090289329030,152090289330308,1790295191983433786,152090289339065,152090289392296,53.231,10.035,sent,1000,
3784,152090294329030,152090294332073,1790295191988436352,152090294350197,152090294457931,107.734,21.167,sent,1000,
3785,152090299329030,152090299331633,1790295191993435771,152090299349787,152090299452221,102.434,20.757,sent,1000,
3786,152090304329030,152090304330913,1790295191998435141,152090304349167,152090304455769,106.602,20.137,sent,1000,
3787,152090309329030,152090309331136,1790295192003434643,152090309340423,152090309399665,59.242,11.393,sent,1000,
3788,152090314329030,152090314331237,1790295192008435716,152090314349682,152090314456735,107.053,20.652,sent,1000,
3789,152090319329030,152090319330336,1790295192013434545,152090319347759,152090319455904,108.145,18.729,sent,1000,
3790,152090324329030,152090324331098,1790295192018435227,152090324348321,152090324447429,99.108,19.291,sent,1000,
3791,152090329329030,152090329331891,1790295192023436070,152090329349925,152090329455345,105.42,20.895,sent,1000,
3792,152090334329030,152090334332125,1790295192028436343,152090334349507,152090334452483,102.976,20.477,sent,1000,
3793,152090339329030,152090339331084,1790295192033435302,152090339349368,152090339454347,104.979,20.338,sent,1000,
3794,152090344329030,152090344331605,1790295192038435824,152090344349630,152090344453196,103.566,20.6,sent,1000,
3795,152090349329030,152090349331987,1790295192043436206,152090349349951,152090349454169,104.218,20.921,sent,1000,
3796,152090354329030,152090354458168,1790295192048562227,152090354469109,152090354525325,56.216,140.079,sent,1000,
3797,152090359329030,152090359331219,1790295192053435749,152090359349704,152090359452128,102.424,20.674,sent,1000,
3798,152090364329030,152090364331531,1790295192058436000,152090364349806,152090364454334,104.528,20.776,sent,1000,
3799,152090369329030,152090369330841,1790295192063435049,152090369348334,152090369425300,76.966,19.304,sent,1000,
3800,152090374329030,152090374331363,1790295192068435592,152090374349698,152090374449668,99.97,20.668,sent,1000,
3801,152090379329030,152090379330614,1790295192073434822,152090379347746,152090379447746,100.0,18.716,sent,1000,
3802,152090384329030,152090384331456,1790295192078435745,152090384350162,152090384453127,102.965,21.132,sent,1000,
3803,152090389329030,152090389330275,1790295192083433843,152090389340064,152090389398264,58.2,11.034,sent,1000,
3804,152090394329030,152090394331719,1790295192088435897,152090394350013,152090394460262,110.249,20.983,sent,1000,
3805,152090399329030,152090399330629,1790295192093434527,152090399340808,152090399399870,59.062,11.778,sent,1000,
3806,152090404329030,152090404330380,1790295192098433957,152090404340168,152090404399801,59.633,11.138,sent,1000,
3807,152090409329030,152090409331553,1790295192103435832,152090409349958,152090409452893,102.935,20.928,sent,1000,
3808,152090414329030,152090414331784,1790295192108436344,152090414350430,152090414456961,106.531,21.4,sent,1000,
3809,152090419329030,152090419331725,1790295192113435924,152090419350411,152090419453877,103.466,21.381,sent,1000,
3810,152090424329030,152090424331257,1790295192118435416,152090424348991,152090424452437,103.446,19.961,sent,1000,
3811,152090429329030,152090429331849,1790295192123436288,152090429349984,152090429454972,104.988,20.954,sent,1000,
3812,152090434329030,152090434331660,1790295192128435868,152090434349333,152090434453481,104.148,20.303,sent,1000,
3813,152090439329030,152090439330298,1790295192133433916,152090439340818,152090439399259,58.441,11.788,sent,1000,
3814,152090444329030,152090444331854,1790295192138436113,152090444349567,152090444452152,102.585,20.537,sent,1000,
3815,152090449329030,152090449331244,1790295192143435683,152090449350009,152090449453696,103.687,20.979,sent,1000,
3816,152090454329030,152090454330082,1790295192148433650,152090454340582,152090454399103,58.521,11.552,sent,1000,
3817,152090459329030,152090459331907,1790295192153436136,152090459349500,152090459451433,101.933,20.47,sent,1000,
3818,152090464329030,152090464331497,1790295192158435966,152090464372335,152090464476021,103.686,43.305,sent,1000,
3819,152090469329030,152090469331450,1790295192163435658,152090469349584,152090469452188,102.604,20.554,sent,1000,
3820,152090474329030,152090474330709,1790295192168434287,152090474340608,152090474400782,60.174,11.578,sent,1000,
3821,152090479329030,152090479330760,1790295192173434909,152090479348043,152090479449405,101.362,19.013,sent,1000,
3822,152090484329030,152090484330842,1790295192178435681,152090484349777,152090484453895,104.118,20.747,sent,1000,
3823,152090489329030,152090489330785,1790295192183434983,152090489348368,152090489452605,104.237,19.338,sent,1000,
3824,152090494329030,152090494331707,1790295192188435896,152090494349581,152090494455231,105.65,20.551,sent,1000,
3825,152090499329030,152090499332079,1790295192193436298,152090499349792,152090499453178,103.386,20.762,sent,1000,
3826,152090504329030,152090504330948,1790295192198435187,152090504349122,152090504450945,101.823,20.092,sent,1000,
3827,152090509329030,152090509331079,1790295192203435278,152090509348943,152090509452890,103.947,19.913,sent,1000,
3828,152090514329030,152090514332455,1790295192208436603,152090514350589,152090514455848,105.259,21.559,sent,1000,
3829,152090519329030,152090519331424,1790295192213435622,152090519349829,152090519452092,102.263,20.799,sent,1000,
3830,152090524329030,152090524331034,1790295192218435293,152090524349148,152090524449488,100.34,20.118,sent,1000,
3831,152090529329030,152090529331806,1790295192223435955,152090529349570,152090529452355,102.785,20.54,sent,1000,
3832,152090534329030,152090534331767,1790295192228435906,152090534349531,152090534454470,104.939,20.501,sent,1000,
3833,152090539329030,152090539331038,1790295192233435236,152090539349222,152090539453059,103.837,20.192,sent,1000,
3834,152090544329030,152090544331409,1790295192238435598,152090544349444,152090544452910,103.466,20.414,sent,1000,
3835,152090549329030,152090549331450,1790295192243436020,152090549350146,152090549453131,102.985,21.116,sent,1000,
3836,152090554329030,152090554330931,1790295192248435189,152090554348834,152090554453713,104.879,19.804,sent,1000,
3837,152090559329030,152090559330481,1790295192253433989,152090559339989,152090559400073,60.084,10.959,sent,1000,
3838,152090564329030,152090564331995,1790295192258436154,152090564350029,152090564452894,102.865,20.999,sent,1000,
3839,152090569329030,152090569331115,1790295192263435323,152090569348638,152090569452545,103.907,19.608,sent,1000,
3840,152090574329030,152090574330785,1790295192268435224,152090574347897,152090574443368,95.471,18.867,sent,1000,
3841,152090579329030,152090579331517,1790295192273435676,152090579349381,152090579452316,102.935,20.351,sent,1000,
3842,152090584329030,152090584331571,1790295192278435779,152090584349474,152090584456637,107.163,20.444,sent,1000,
3843,152090589329030,152090589330349,1790295192283433907,152090589340148,152090589398067,57.919,11.118,sent,1000,
3844,152090594329030,152090594331603,1790295192288436032,152090594350078,152090594455157,105.079,21.048,sent,1000,
3845,152090599329030,152090599331483,1790295192293435111,152090599341412,152090599400855,59.443,12.382,sent,1000,
3846,152090604329030,152090604329683,1790295192298432719,152090604333239,152090604357816,24.577,4.209,sent,1000,
3847,152090609329030,152090609331437,1790295192303435776,152090609348870,152090609450983,102.113,19.84,sent,1000,
3848,152090614329030,152090614330927,1790295192308435336,152090614341497,152090614399166,57.669,12.467,sent,1000,
3849,152090619329030,152090619331629,1790295192313435908,152090619349142,152090619453580,104.438,20.112,sent,1000,
3850,152090624329030,152090624331402,1790295192318435831,152090624349786,152090624452962,103.176,20.756,sent,1000,
3851,152090629329030,152090629331703,1790295192323436202,152090629350569,152090629454736,104.167,21.539,sent,1000,
3852,152090634329030,152090634332285,1790295192328436514,152090634350910,152090634455899,104.989,21.88,sent,1000,
3853,152090639329030,152090639330984,1790295192333435282,152090639349168,152090639454648,105.48,20.138,sent,1000,
3854,152090644329030,152090644331315,1790295192338435544,152090644349961,152090644453357,103.396,20.931,sent,1000,
3855,152090649329030,152090649331498,1790295192343435597,152090649348030,152090649404917,56.887,19.0,sent,1000,
3856,152090654329030,152090654330547,1790295192348434766,152090654347540,152090654449322,101.782,18.51,sent,1000,
3857,152090659329030,152090659330588,1790295192353434126,152090659340567,152090659399399,58.832,11.537,sent,1000,
3858,152090664329030,152090664331231,1790295192358435730,152090664349235,152090664453502,104.267,20.205,sent,1000,
3859,152090669329030,152090669331915,1790295192363436084,152090669349038,152090669453165,104.127,20.008,sent,1000,
3860,152090674329030,152090674331485,1790295192368435694,152090674372212,152090674474747,102.535,43.182,sent,1000,
3861,152090679329030,152090679331757,1790295192373435915,152090679349821,152090679452105,102.284,20.791,sent,1000,
3862,152090684329030,152090684331678,1790295192378436457,152090684350293,152090684453067,102.774,21.263,sent,1000,
3863,152090689329030,152090689331037,1790295192383435186,152090689348851,152090689452678,103.827,19.821,sent,1000,
3864,152090694329030,152090694331772,1790295192388435961,152090694349115,152090694452591,103.476,20.085,sent,1000,
3865,152090699329030,152090699332013,1790295192393436172,152090699349446,152090699452752,103.306,20.416,sent,1000,
3866,152090704329030,152090704330872,1790295192398435011,152090704348025,152090704448906,100.881,18.995,sent,1000,
3867,152090709329030,152090709331344,1790295192403435483,152090709349118,152090709455489,106.371,20.088,sent,1000,
3868,152090714329030,152090714331616,1790295192408436145,152090714350071,152090714455350,105.279,21.041,sent,1000,
3869,152090719329030,152090719331609,1790295192413435767,152090719349212,152090719451426,102.214,20.182,sent,1000,
3870,152090724329030,152090724330628,1790295192418434756,152090724347920,152090724447559,99.639,18.89,sent,1000,
3871,152090729329030,152090729332282,1790295192423436450,152090729349474,152090729453211,103.737,20.444,sent,1000,
3872,152090734329030,152090734332052,1790295192428436441,152090734350507,152090734454244,103.737,21.477,sent,1000,
3873,152090739329030,152090739330611,1790295192433434809,152090739347483,152090739446149,98.666,18.453,sent,1000,
3874,152090744329030,152090744331393,1790295192438435582,152090744349988,152090744408579,58.591,20.958,sent,1000,
3875,152090749329030,152090749330963,1790295192443436134,152090749349067,152090749446352,97.285,20.037,sent,1000,
3876,152090754329030,152090754330123,1790295192448433640,152090754339450,152090754397881,58.431,10.42,sent,1000,
3877,152090759329030,152090759329714,1790295192453433221,152090759338952,152090759393715,54.763,9.922,sent,1000,
3878,152090764329030,152090764329745,1790295192458432772,152090764333823,152090764358800,24.977,4.793,sent,1000,
3879,152090769329030,152090769329576,1790295192463432593,152090769332932,152090769357329,24.397,3.902,sent,1000,
3880,152090774329030,152090774329667,1790295192468432694,152090774332923,152090774357690,24.767,3.893,sent,1000,
3881,152090779329030,152090779332494,1790295192473436692,152090779350999,152090779456498,105.499,21.969,sent,1000,
3882,152090784329030,152090784331484,1790295192478435944,152090784349188,152090784453936,104.748,20.158,sent,1000,
3883,152090789329030,152090789331055,1790295192483435263,152090789347997,152090789448918,100.921,18.967,sent,1000,
3884,152090794329030,152090794331316,1790295192488435505,152090794348539,152090794452415,103.876,19.509,sent,1000,
3885,152090799329030,152090799332099,1790295192493436247,152090799349502,152090799455372,105.87,20.472,sent,1000,
3886,152090804329030,152090804331120,1790295192498435609,152090804349184,152090804451878,102.694,20.154,sent,1000,
3887,152090809329030,152090809331261,1790295192503435420,152090809349786,152090809452681,102.895,20.756,sent,1000,
3888,152090814329030,152090814331462,1790295192508436232,152090814350689,152090814456700,106.011,21.659,sent,1000,
3889,152090819329030,152090819331183,1790295192513435592,152090819349407,152090819456340,106.933,20.377,sent,1000,
3890,152090824329030,152090824330963,1790295192518435533,152090824349739,152090824453295,103.556,20.709,sent,1000,
3891,152090829329030,152090829331588,1790295192523436197,152090829350453,152090829458408,107.955,21.423,sent,1000,
3892,152090834329030,152090834332150,1790295192528436348,152090834350695,152090834457858,107.163,21.665,sent,1000,
3893,152090839329030,152090839330648,1790295192533434837,152090839349393,152090839457668,108.275,20.363,sent,1000,
3894,152090844329030,152090844331330,1790295192538435559,152090844350386,152090844456347,105.961,21.356,sent,1000,
3895,152090849329030,152090849331293,1790295192543436103,152090849349447,152090849449056,99.609,20.417,sent,1000,
3896,152090854329030,152090854331023,1790295192548435252,152090854350260,152090854459447,109.187,21.23,sent,1000,
3897,152090859329030,152090859330804,1790295192553434953,152090859347105,152090859449779,102.674,18.075,sent,1000,
3898,152090864329030,152090864329713,1790295192558433290,152090864338359,152090864387532,49.173,9.329,sent,1000,
3899,152090869329030,152090869329564,1790295192563432591,152090869333572,152090869357046,23.474,4.542,sent,1000,
3900,152090874329030,152090874329587,1790295192568432603,152090874332743,152090874356908,24.165,3.713,sent,1000,
3901,152090879329030,152090879331090,1790295192573434798,152090879341129,152090879440638,99.509,12.099,sent,1000,
3902,152090884329030,152090884331512,1790295192578435711,152090884349396,152090884451349,101.953,20.366,sent,1000,
3903,152090889329030,152090889331092,1790295192583435311,152090889349617,152090889449847,100.23,20.587,sent,1000,
3904,152090894329030,152090894331104,1790295192588435253,152090894350140,152090894456131,105.991,21.11,sent,1000,
3905,152090899329030,152090899330926,1790295192593434904,152090899341095,152090899399806,58.711,12.065,sent,1000,
3906,152090904329030,152090904331347,1790295192598435526,152090904349492,152090904450172,100.68,20.462,sent,1000,
3907,152090909329030,152090909330006,1790295192603433533,152090909340065,152090909398526,58.461,11.035,sent,1000,
3908,152090914329030,152090914329617,1790295192608432633,152090914332883,152090914356368,23.485,3.853,sent,1000,
3909,152090919329030,152090919331552,1790295192613435921,152090919348495,152090919450748,102.253,19.465,sent,1000,
3910,152090924329030,152090924331163,1790295192618435361,152090924348846,152090924453114,104.268,19.816,sent,1000,
3911,152090929329030,152090929331154,1790295192623434771,152090929340952,152090929399273,58.321,11.922,sent,1000,
3912,152090934329030,152090934331575,1790295192628435804,152090934349670,152090934451963,102.293,20.64,sent,1000,
3913,152090939329030,152090939329854,1790295192633433692,152090939340094,152090939398524,58.43,11.064,sent,1000,
3914,152090944329030,152090944331529,1790295192638435788,152090944350385,152090944455464,105.079,21.355,sent,1000,
3915,152090949329030,152090949332081,1790295192643436370,152090949349724,152090949454002,104.278,20.694,sent,1000,
3916,152090954329030,152090954330619,1790295192648434417,152090954340728,152090954398618,57.89,11.698,sent,1000,
3917,152090959329030,152090959330911,1790295192653435179,152090959348003,152090959449124,101.121,18.973,sent,1000,
3918,152090964329030,152090964331524,1790295192658435793,152090964349158,152090964449869,100.711,20.128,sent,1000,
3919,152090969329030,152090969331485,1790295192663435694,152090969349670,152090969449108,99.438,20.64,sent,1000,
3920,152090974329030,152090974330274,1790295192668433862,152090974340173,152090974398914,58.741,11.143,sent,1000,
3921,152090979329030,152090979332048,1790295192673436217,152090979349612,152090979455582,105.97,20.582,sent,1000,
3922,152090984329030,152090984332031,1790295192678436220,152090984350135,152090984452449,102.314,21.105,sent,1000,
3923,152090989329030,152090989331170,1790295192683435289,152090989348123,152090989451619,103.496,19.093,sent,1000,
3924,152090994329030,152090994330640,1790295192688434158,152090994340549,152090994399401,58.852,11.519,sent,1000,
3925,152090999329030,152090999331613,1790295192693435842,152090999348625,152090999453364,104.739,19.595,sent,1000,
3926,152091004329030,152091004331404,1790295192698435552,152091004349448,152091004452563,103.115,20.418,sent,1000,
3927,152091009329030,152091009331086,1790295192703435365,152091009349130,152091009452265,103.135,20.1,sent,1000,
3928,152091014329030,152091014332510,1790295192708436678,152091014350433,152091014455172,104.739,21.403,sent,1000,
3929,152091019329030,152091019330988,1790295192713436248,152091019349723,152091019453379,103.656,20.693,sent,1000,
3930,152091024329030,152091024330398,1790295192718434867,152091024348983,152091024451858,102.875,19.953,sent,1000,
3931,152091029329030,152091029330771,1790295192723434519,152091029339588,152091029369414,29.826,10.558,sent,1000,
3932,152091034329030,152091034330020,1790295192728433307,152091034333978,152091034357282,23.304,4.948,sent,1000,
3933,152091039329030,152091039329530,1790295192733432547,152091039333047,152091039357453,24.406,4.017,sent,1000,
3934,152091044329030,152091044329722,1790295192738432738,152091044332828,152091044356052,23.224,3.798,sent,1000,
3935,152091049329030,152091049329783,1790295192743432800,152091049333060,152091049357025,23.965,4.03,sent,1000,
3936,152091054329030,152091054329595,1790295192748432612,152091054332761,152091054355725,22.964,3.731,sent,1000,
3937,152091059329030,152091059330939,1790295192753435107,152091059348873,152091059451738,102.865,19.843,sent,1000,
3938,152091064329030,152091064331441,1790295192758435910,152091064349936,152091064452320,102.384,20.906,sent,1000,
3939,152091069329030,152091069331572,1790295192763435781,152091069349426,152091069451639,102.213,20.396,sent,1000,
3940,152091074329030,152091074330011,1790295192768433588,152091074340110,152091074398240,58.13,11.08,sent,1000,
3941,152091079329030,152091079331555,1790295192773435764,152091079349419,152091079455300,105.881,20.389,sent,1000,
3942,152091084329030,152091084330705,1790295192778435134,152091084348639,152091084449470,100.831,19.609,sent,1000,
3943,152091089329030,152091089330576,1790295192783435035,152091089348790,152091089451134,102.344,19.76,sent,1000,
3944,152091094329030,152091094331359,1790295192788435528,152091094349874,152091094456246,106.372,20.844,sent,1000,
3945,152091099329030,152091099331762,1790295192793436261,152091099371547,152091099469512,97.965,42.517,sent,1000,
3946,152091104329030,152091104331532,1790295192798435711,152091104349747,152091104452511,102.764,20.717,sent,1000,
3947,152091109329030,152091109331122,1790295192803435652,152091109349687,152091109452111,102.424,20.657,sent,1000,
3948,152091114329030,152091114332005,1790295192808436504,152091114349959,152091114454347,104.388,20.929,sent,1000,
3949,152091119329030,152091119331846,1790295192813436135,152091119349479,152091119452194,102.715,20.449,sent,1000,
3950,152091124329030,152091124331107,1790295192818435236,152091124348781,152091124449722,100.941,19.751,sent,1000,
3951,152091129329030,152091129331349,1790295192823434896,152091129341087,152091129400209,59.122,12.057,sent,1000,
3952,152091134329030,152091134332071,1790295192828436310,152091134350055,152091134452690,102.635,21.025,sent,1000,
3953,152091139329030,152091139330940,1790295192833435119,152091139348393,152091139450967,102.574,19.363,sent,1000,
3954,152091144329030,152091144331103,1790295192838435282,152091144348236,152091144452794,104.558,19.206,sent,1000,
3955,152091149329030,152091149330633,1790295192843434822,152091149349018,152091149449799,100.781,19.988,sent,1000,
3956,152091154329030,152091154331586,1790295192848435755,152091154350232,152091154455761,105.529,21.202,sent,1000,
3957,152091159329030,152091159331006,1790295192853435175,152091159348840,152091159453678,104.838,19.81,sent,1000,
3958,152091164329030,152091164331901,1790295192858436420,152091164350426,152091164453120,102.694,21.396,sent,1000,
3959,152091169329030,152091169332242,1790295192863436571,152091169350296,152091169451688,101.392,21.266,sent,1000,
3960,152091174329030,152091174330019,1790295192868433917,152091174339998,152091174397998,58.0,10.968,sent,1000,
3961,152091179329030,152091179331473,1790295192873435651,152091179348305,152091179452712,104.407,19.275,sent,1000,
3962,152091184329030,152091184331824,1790295192878436003,152091184349608,152091184452703,103.095,20.578,sent,1000,
3963,152091189329030,152091189331106,1790295192883435285,152091189348990,152091189452847,103.857,19.96,sent,1000,
3964,152091194329030,152091194330746,1790295192888434274,152091194340906,152091194399847,58.941,11.876,sent,1000,
3965,152091199329030,152091199331358,1790295192893435888,152091199350875,152091199453189,102.314,21.845,sent,1000,
3966,152091204329030,152091204331830,1790295192898435979,152091204349965,152091204452529,102.564,20.935,sent,1000,
3967,152091209329030,152091209330912,1790295192903435140,152091209348355,152091209450117,101.762,19.325,sent,1000,
3968,152091214329030,152091214332045,1790295192908436223,152091214350850,152091214456380,105.53,21.82,sent,1000,
3969,152091219329030,152091219331535,1790295192913436064,152091219349799,152091219454708,104.909,20.769,sent,1000,
3970,152091224329030,152091224331055,1790295192918435203,152091224349259,152091224451733,102.474,20.229,sent,1000,
3971,152091229329030,152091229331777,1790295192923436266,152091229349661,152091229456053,106.392,20.631,sent,1000,
3972,152091234329030,152091234332311,1790295192928436480,152091234350265,152091234455134,104.869,21.235,sent,1000,
3973,152091239329030,152091239331320,1790295192933435459,152091239349154,152091239455075,105.921,20.124,sent,1000,
3974,152091244329030,152091244330971,1790295192938435149,152091244348584,152091244441069,92.485,19.554,sent,1000,
3975,152091249329030,152091249330551,1790295192943434770,152091249348465,152091249449707,101.242,19.435,sent,1000,
3976,152091254329030,152091254332175,1790295192948436314,152091254349689,152091254454537,104.848,20.659,sent,1000,
3977,152091259329030,152091259331127,1790295192953435295,152091259348930,152091259453258,104.328,19.9,sent,1000,
3978,152091264329030,152091264332360,1790295192958436629,152091264350053,152091264452006,101.953,21.023,sent,1000,
3979,152091269329030,152091269331639,1790295192963435738,152091269347349,152091269439694,92.345,18.319,sent,1000,
3980,152091274329030,152091274331380,1790295192968435539,152091274349865,152091274454253,104.388,20.835,sent,1000,
3981,152091279329030,152091279331591,1790295192973436321,152091279349525,152091279455937,106.412,20.495,sent,1000,
3982,152091284329030,152091284330821,1790295192978434979,152091284348645,152091284447141,98.496,19.615,sent,1000,
3983,152091289329030,152091289331032,1790295192983435311,152091289348896,152091289454035,105.139,19.866,sent,1000,
3984,152091294329030,152091294331344,1790295192988435512,152091294349839,152091294453315,103.476,20.809,sent,1000,
3985,152091299329030,152091299332096,1790295192993436335,152091299350150,152091299452384,102.234,21.12,sent,1000,
3986,152091304329030,152091304331137,1790295192998435426,152091304349753,152091304453900,104.147,20.723,sent,1000,
3987,152091309329030,152091309330968,1790295193003435127,152091309348602,152091309451687,103.085,19.572,sent,1000,
3988,152091314329030,152091314332011,1790295193008436150,152091314372087,152091314475212,103.125,43.057,sent,1000,
3989,152091319329030,152091319331752,1790295193013436090,152091319349665,152091319451949,102.284,20.635,sent,1000,
3990,152091324329030,152091324330632,1790295193018434771,152091324348055,152091324449467,101.412,19.025,sent,1000,
3991,152091329329030,152091329331314,1790295193023435162,152091329341233,152091329401708,60.475,12.203,sent,1000,
3992,152091334329030,152091334332087,1790295193028436205,152091334350111,152091334460400,110.289,21.081,sent,1000,
3993,152091339329030,152091339331527,1790295193033435766,152091339350012,152091339454239,104.227,20.982,sent,1000,
3994,152091344329030,152091344331079,1790295193038435498,152091344349454,152091344455655,106.201,20.424,sent,1000,
3995,152091349329030,152091349331841,1790295193043436020,152091349350767,152091349456868,106.101,21.737,sent,1000,
3996,152091354329030,152091354329959,1790295193048433847,152091354340178,152091354399210,59.032,11.148,sent,1000,
3997,152091359329030,152091359330922,1790295193053435130,152091359345810,152091359441822,96.012,16.78,sent,1000,
3998,152091364329030,152091364329732,1790295193058432749,152091364333379,152091364357926,24.547,4.349,sent,1000,
3999,152091369329030,152091369329593,1790295193063432619,152091369333130,152091369356714,23.584,4.1,sent,1000,
